<?xml version="1.0" encoding="UTF-8"?>
<gpx xmlns="http://www.topografix.com/GPX/1/1" xmlns:gpxtpx="http://www.garmin.com/xmlschemas/TrackPointExtension/v1" xmlns:xsi="http://www.w3.org/2001/XMLSchema-instance" xsi:schemaLocation="http://www.topografix.com/GPX/1/1 http://www.topografix.com/GPX/1/1/gpx.xsd" version="1.1" creator="gpx.py -- https://github.com/tkrajina/gpxpy">
  <trk>
    <name>gpx from joyrun</name>
    <trkseg>
      <trkpt lat="23.075948" lon="113.272707">
        <time>2026-05-22T22:16:09Z</time>
      </trkpt>
      <trkpt lat="23.075928" lon="113.272689">
        <time>2026-05-22T22:16:14Z</time>
      </trkpt>
      <trkpt lat="23.075859" lon="113.272647">
        <time>2026-05-22T22:16:19Z</time>
      </trkpt>
      <trkpt lat="23.075732" lon="113.272558">
        <time>2026-05-22T22:16:24Z</time>
      </trkpt>
      <trkpt lat="23.07565" lon="113.272484">
        <time>2026-05-22T22:16:29Z</time>
      </trkpt>
      <trkpt lat="23.075516" lon="113.272393">
        <time>2026-05-22T22:16:34Z</time>
      </trkpt>
      <trkpt lat="23.075408" lon="113.272367">
        <time>2026-05-22T22:16:39Z</time>
      </trkpt>
      <trkpt lat="23.075249" lon="113.272328">
        <time>2026-05-22T22:16:44Z</time>
      </trkpt>
      <trkpt lat="23.075155" lon="113.272281">
        <time>2026-05-22T22:16:49Z</time>
      </trkpt>
      <trkpt lat="23.07503" lon="113.272183">
        <time>2026-05-22T22:16:54Z</time>
      </trkpt>
      <trkpt lat="23.074946" lon="113.272153">
        <time>2026-05-22T22:16:59Z</time>
      </trkpt>
      <trkpt lat="23.074812" lon="113.27209">
        <time>2026-05-22T22:17:04Z</time>
      </trkpt>
      <trkpt lat="23.074711" lon="113.272051">
        <time>2026-05-22T22:17:09Z</time>
      </trkpt>
      <trkpt lat="23.074554" lon="113.271985">
        <time>2026-05-22T22:17:14Z</time>
      </trkpt>
      <trkpt lat="23.074469" lon="113.271922">
        <time>2026-05-22T22:17:19Z</time>
      </trkpt>
      <trkpt lat="23.074375" lon="113.271918">
        <time>2026-05-22T22:17:24Z</time>
      </trkpt>
      <trkpt lat="23.074332" lon="113.27201">
        <time>2026-05-22T22:17:29Z</time>
      </trkpt>
      <trkpt lat="23.074253" lon="113.272193">
        <time>2026-05-22T22:17:34Z</time>
      </trkpt>
      <trkpt lat="23.074213" lon="113.272305">
        <time>2026-05-22T22:17:39Z</time>
      </trkpt>
      <trkpt lat="23.074151" lon="113.272468">
        <time>2026-05-22T22:17:44Z</time>
      </trkpt>
      <trkpt lat="23.074104" lon="113.272587">
        <time>2026-05-22T22:17:49Z</time>
      </trkpt>
      <trkpt lat="23.074049" lon="113.272753">
        <time>2026-05-22T22:17:54Z</time>
      </trkpt>
      <trkpt lat="23.073995" lon="113.272841">
        <time>2026-05-22T22:17:59Z</time>
      </trkpt>
      <trkpt lat="23.073865" lon="113.272877">
        <time>2026-05-22T22:18:04Z</time>
      </trkpt>
      <trkpt lat="23.073769" lon="113.272846">
        <time>2026-05-22T22:18:09Z</time>
      </trkpt>
      <trkpt lat="23.073702" lon="113.27271">
        <time>2026-05-22T22:18:14Z</time>
      </trkpt>
      <trkpt lat="23.073737" lon="113.27261">
        <time>2026-05-22T22:18:19Z</time>
      </trkpt>
      <trkpt lat="23.073801" lon="113.272474">
        <time>2026-05-22T22:18:24Z</time>
      </trkpt>
      <trkpt lat="23.073839" lon="113.272388">
        <time>2026-05-22T22:18:29Z</time>
      </trkpt>
      <trkpt lat="23.073902" lon="113.272252">
        <time>2026-05-22T22:18:34Z</time>
      </trkpt>
      <trkpt lat="23.073943" lon="113.272163">
        <time>2026-05-22T22:18:39Z</time>
      </trkpt>
      <trkpt lat="23.073991" lon="113.272027">
        <time>2026-05-22T22:18:44Z</time>
      </trkpt>
      <trkpt lat="23.07403" lon="113.271948">
        <time>2026-05-22T22:18:49Z</time>
      </trkpt>
      <trkpt lat="23.074116" lon="113.271815">
        <time>2026-05-22T22:18:54Z</time>
      </trkpt>
      <trkpt lat="23.074151" lon="113.271728">
        <time>2026-05-22T22:18:59Z</time>
      </trkpt>
      <trkpt lat="23.07405" lon="113.271662">
        <time>2026-05-22T22:19:04Z</time>
      </trkpt>
      <trkpt lat="23.07396" lon="113.271627">
        <time>2026-05-22T22:19:09Z</time>
      </trkpt>
      <trkpt lat="23.073833" lon="113.271562">
        <time>2026-05-22T22:19:14Z</time>
      </trkpt>
      <trkpt lat="23.073772" lon="113.271514">
        <time>2026-05-22T22:19:19Z</time>
      </trkpt>
      <trkpt lat="23.073662" lon="113.271435">
        <time>2026-05-22T22:19:24Z</time>
      </trkpt>
      <trkpt lat="23.073573" lon="113.271394">
        <time>2026-05-22T22:19:29Z</time>
      </trkpt>
      <trkpt lat="23.073422" lon="113.271322">
        <time>2026-05-22T22:19:34Z</time>
      </trkpt>
      <trkpt lat="23.073344" lon="113.271248">
        <time>2026-05-22T22:19:39Z</time>
      </trkpt>
      <trkpt lat="23.073215" lon="113.271168">
        <time>2026-05-22T22:19:44Z</time>
      </trkpt>
      <trkpt lat="23.073098" lon="113.271107">
        <time>2026-05-22T22:19:49Z</time>
      </trkpt>
      <trkpt lat="23.072948" lon="113.271022">
        <time>2026-05-22T22:19:54Z</time>
      </trkpt>
      <trkpt lat="23.072853" lon="113.270975">
        <time>2026-05-22T22:19:59Z</time>
      </trkpt>
      <trkpt lat="23.072699" lon="113.270898">
        <time>2026-05-22T22:20:04Z</time>
      </trkpt>
      <trkpt lat="23.072592" lon="113.27085">
        <time>2026-05-22T22:20:09Z</time>
      </trkpt>
      <trkpt lat="23.072454" lon="113.270775">
        <time>2026-05-22T22:20:14Z</time>
      </trkpt>
      <trkpt lat="23.072355" lon="113.270724">
        <time>2026-05-22T22:20:19Z</time>
      </trkpt>
      <trkpt lat="23.072203" lon="113.270639">
        <time>2026-05-22T22:20:24Z</time>
      </trkpt>
      <trkpt lat="23.072101" lon="113.270571">
        <time>2026-05-22T22:20:29Z</time>
      </trkpt>
      <trkpt lat="23.071957" lon="113.270476">
        <time>2026-05-22T22:20:34Z</time>
      </trkpt>
      <trkpt lat="23.071854" lon="113.270425">
        <time>2026-05-22T22:20:39Z</time>
      </trkpt>
      <trkpt lat="23.071684" lon="113.270365">
        <time>2026-05-22T22:20:44Z</time>
      </trkpt>
      <trkpt lat="23.071573" lon="113.270312">
        <time>2026-05-22T22:20:49Z</time>
      </trkpt>
      <trkpt lat="23.071425" lon="113.270249">
        <time>2026-05-22T22:20:54Z</time>
      </trkpt>
      <trkpt lat="23.071327" lon="113.270236">
        <time>2026-05-22T22:20:59Z</time>
      </trkpt>
      <trkpt lat="23.07118" lon="113.270149">
        <time>2026-05-22T22:21:04Z</time>
      </trkpt>
      <trkpt lat="23.071085" lon="113.270088">
        <time>2026-05-22T22:21:09Z</time>
      </trkpt>
      <trkpt lat="23.070947" lon="113.270016">
        <time>2026-05-22T22:21:14Z</time>
      </trkpt>
      <trkpt lat="23.07086" lon="113.269973">
        <time>2026-05-22T22:21:19Z</time>
      </trkpt>
      <trkpt lat="23.070714" lon="113.269903">
        <time>2026-05-22T22:21:24Z</time>
      </trkpt>
      <trkpt lat="23.070609" lon="113.269852">
        <time>2026-05-22T22:21:29Z</time>
      </trkpt>
      <trkpt lat="23.070445" lon="113.269805">
        <time>2026-05-22T22:21:34Z</time>
      </trkpt>
      <trkpt lat="23.070332" lon="113.269782">
        <time>2026-05-22T22:21:39Z</time>
      </trkpt>
      <trkpt lat="23.070169" lon="113.269722">
        <time>2026-05-22T22:21:44Z</time>
      </trkpt>
      <trkpt lat="23.070075" lon="113.269671">
        <time>2026-05-22T22:21:49Z</time>
      </trkpt>
      <trkpt lat="23.069947" lon="113.269591">
        <time>2026-05-22T22:21:54Z</time>
      </trkpt>
      <trkpt lat="23.069856" lon="113.269536">
        <time>2026-05-22T22:21:59Z</time>
      </trkpt>
      <trkpt lat="23.069718" lon="113.269466">
        <time>2026-05-22T22:22:04Z</time>
      </trkpt>
      <trkpt lat="23.069627" lon="113.269433">
        <time>2026-05-22T22:22:09Z</time>
      </trkpt>
      <trkpt lat="23.06949" lon="113.26938">
        <time>2026-05-22T22:22:14Z</time>
      </trkpt>
      <trkpt lat="23.069396" lon="113.269344">
        <time>2026-05-22T22:22:19Z</time>
      </trkpt>
      <trkpt lat="23.069263" lon="113.269259">
        <time>2026-05-22T22:22:24Z</time>
      </trkpt>
      <trkpt lat="23.069174" lon="113.269206">
        <time>2026-05-22T22:22:29Z</time>
      </trkpt>
      <trkpt lat="23.069038" lon="113.269176">
        <time>2026-05-22T22:22:34Z</time>
      </trkpt>
      <trkpt lat="23.068949" lon="113.269152">
        <time>2026-05-22T22:22:39Z</time>
      </trkpt>
      <trkpt lat="23.068812" lon="113.269085">
        <time>2026-05-22T22:22:44Z</time>
      </trkpt>
      <trkpt lat="23.068722" lon="113.269024">
        <time>2026-05-22T22:22:49Z</time>
      </trkpt>
      <trkpt lat="23.068574" lon="113.268993">
        <time>2026-05-22T22:22:54Z</time>
      </trkpt>
      <trkpt lat="23.068481" lon="113.268976">
        <time>2026-05-22T22:22:59Z</time>
      </trkpt>
      <trkpt lat="23.06835" lon="113.268973">
        <time>2026-05-22T22:23:04Z</time>
      </trkpt>
      <trkpt lat="23.068251" lon="113.268956">
        <time>2026-05-22T22:23:09Z</time>
      </trkpt>
      <trkpt lat="23.068109" lon="113.268863">
        <time>2026-05-22T22:23:14Z</time>
      </trkpt>
      <trkpt lat="23.068005" lon="113.268772">
        <time>2026-05-22T22:23:19Z</time>
      </trkpt>
      <trkpt lat="23.067856" lon="113.268652">
        <time>2026-05-22T22:23:24Z</time>
      </trkpt>
      <trkpt lat="23.067768" lon="113.268576">
        <time>2026-05-22T22:23:29Z</time>
      </trkpt>
      <trkpt lat="23.067623" lon="113.268475">
        <time>2026-05-22T22:23:34Z</time>
      </trkpt>
      <trkpt lat="23.067526" lon="113.26841">
        <time>2026-05-22T22:23:39Z</time>
      </trkpt>
      <trkpt lat="23.067379" lon="113.268343">
        <time>2026-05-22T22:23:44Z</time>
      </trkpt>
      <trkpt lat="23.06728" lon="113.268296">
        <time>2026-05-22T22:23:49Z</time>
      </trkpt>
      <trkpt lat="23.067129" lon="113.268213">
        <time>2026-05-22T22:23:54Z</time>
      </trkpt>
      <trkpt lat="23.06704" lon="113.268154">
        <time>2026-05-22T22:23:59Z</time>
      </trkpt>
      <trkpt lat="23.066917" lon="113.26806">
        <time>2026-05-22T22:24:04Z</time>
      </trkpt>
      <trkpt lat="23.066828" lon="113.268016">
        <time>2026-05-22T22:24:09Z</time>
      </trkpt>
      <trkpt lat="23.066682" lon="113.267994">
        <time>2026-05-22T22:24:14Z</time>
      </trkpt>
      <trkpt lat="23.066583" lon="113.26796">
        <time>2026-05-22T22:24:19Z</time>
      </trkpt>
      <trkpt lat="23.066426" lon="113.267921">
        <time>2026-05-22T22:24:24Z</time>
      </trkpt>
      <trkpt lat="23.066319" lon="113.26793">
        <time>2026-05-22T22:24:29Z</time>
      </trkpt>
      <trkpt lat="23.066185" lon="113.268008">
        <time>2026-05-22T22:24:34Z</time>
      </trkpt>
      <trkpt lat="23.066116" lon="113.268087">
        <time>2026-05-22T22:24:39Z</time>
      </trkpt>
      <trkpt lat="23.066018" lon="113.268209">
        <time>2026-05-22T22:24:44Z</time>
      </trkpt>
      <trkpt lat="23.065951" lon="113.268288">
        <time>2026-05-22T22:24:49Z</time>
      </trkpt>
      <trkpt lat="23.065865" lon="113.26844">
        <time>2026-05-22T22:24:54Z</time>
      </trkpt>
      <trkpt lat="23.065816" lon="113.268542">
        <time>2026-05-22T22:24:59Z</time>
      </trkpt>
      <trkpt lat="23.065749" lon="113.268689">
        <time>2026-05-22T22:25:04Z</time>
      </trkpt>
      <trkpt lat="23.065701" lon="113.268791">
        <time>2026-05-22T22:25:09Z</time>
      </trkpt>
      <trkpt lat="23.065637" lon="113.268942">
        <time>2026-05-22T22:25:14Z</time>
      </trkpt>
      <trkpt lat="23.065603" lon="113.269042">
        <time>2026-05-22T22:25:19Z</time>
      </trkpt>
      <trkpt lat="23.065565" lon="113.269199">
        <time>2026-05-22T22:25:24Z</time>
      </trkpt>
      <trkpt lat="23.065538" lon="113.269305">
        <time>2026-05-22T22:25:29Z</time>
      </trkpt>
      <trkpt lat="23.065503" lon="113.269464">
        <time>2026-05-22T22:25:34Z</time>
      </trkpt>
      <trkpt lat="23.065478" lon="113.269575">
        <time>2026-05-22T22:25:39Z</time>
      </trkpt>
      <trkpt lat="23.065433" lon="113.269746">
        <time>2026-05-22T22:25:44Z</time>
      </trkpt>
      <trkpt lat="23.065399" lon="113.269852">
        <time>2026-05-22T22:25:49Z</time>
      </trkpt>
      <trkpt lat="23.065333" lon="113.269998">
        <time>2026-05-22T22:25:54Z</time>
      </trkpt>
      <trkpt lat="23.065288" lon="113.270104">
        <time>2026-05-22T22:25:59Z</time>
      </trkpt>
      <trkpt lat="23.065221" lon="113.270264">
        <time>2026-05-22T22:26:04Z</time>
      </trkpt>
      <trkpt lat="23.065177" lon="113.270366">
        <time>2026-05-22T22:26:09Z</time>
      </trkpt>
      <trkpt lat="23.065111" lon="113.270521">
        <time>2026-05-22T22:26:14Z</time>
      </trkpt>
      <trkpt lat="23.065064" lon="113.270618">
        <time>2026-05-22T22:26:19Z</time>
      </trkpt>
      <trkpt lat="23.064995" lon="113.270772">
        <time>2026-05-22T22:26:24Z</time>
      </trkpt>
      <trkpt lat="23.064948" lon="113.270873">
        <time>2026-05-22T22:26:29Z</time>
      </trkpt>
      <trkpt lat="23.064883" lon="113.271022">
        <time>2026-05-22T22:26:34Z</time>
      </trkpt>
      <trkpt lat="23.064838" lon="113.271124">
        <time>2026-05-22T22:26:39Z</time>
      </trkpt>
      <trkpt lat="23.064773" lon="113.271271">
        <time>2026-05-22T22:26:44Z</time>
      </trkpt>
      <trkpt lat="23.064726" lon="113.271365">
        <time>2026-05-22T22:26:49Z</time>
      </trkpt>
      <trkpt lat="23.064657" lon="113.271506">
        <time>2026-05-22T22:26:54Z</time>
      </trkpt>
      <trkpt lat="23.064609" lon="113.271609">
        <time>2026-05-22T22:26:59Z</time>
      </trkpt>
      <trkpt lat="23.064537" lon="113.271767">
        <time>2026-05-22T22:27:04Z</time>
      </trkpt>
      <trkpt lat="23.06449" lon="113.271868">
        <time>2026-05-22T22:27:09Z</time>
      </trkpt>
      <trkpt lat="23.064425" lon="113.27202">
        <time>2026-05-22T22:27:14Z</time>
      </trkpt>
      <trkpt lat="23.064389" lon="113.272121">
        <time>2026-05-22T22:27:19Z</time>
      </trkpt>
      <trkpt lat="23.064356" lon="113.272275">
        <time>2026-05-22T22:27:24Z</time>
      </trkpt>
      <trkpt lat="23.064335" lon="113.272383">
        <time>2026-05-22T22:27:29Z</time>
      </trkpt>
      <trkpt lat="23.064326" lon="113.272548">
        <time>2026-05-22T22:27:34Z</time>
      </trkpt>
      <trkpt lat="23.064338" lon="113.272656">
        <time>2026-05-22T22:27:39Z</time>
      </trkpt>
      <trkpt lat="23.064379" lon="113.272809">
        <time>2026-05-22T22:27:44Z</time>
      </trkpt>
      <trkpt lat="23.064411" lon="113.272908">
        <time>2026-05-22T22:27:49Z</time>
      </trkpt>
      <trkpt lat="23.064443" lon="113.273063">
        <time>2026-05-22T22:27:54Z</time>
      </trkpt>
      <trkpt lat="23.064437" lon="113.273172">
        <time>2026-05-22T22:27:59Z</time>
      </trkpt>
      <trkpt lat="23.06437" lon="113.273307">
        <time>2026-05-22T22:28:04Z</time>
      </trkpt>
      <trkpt lat="23.064285" lon="113.273372">
        <time>2026-05-22T22:28:09Z</time>
      </trkpt>
      <trkpt lat="23.064163" lon="113.273464">
        <time>2026-05-22T22:28:14Z</time>
      </trkpt>
      <trkpt lat="23.064082" lon="113.273522">
        <time>2026-05-22T22:28:19Z</time>
      </trkpt>
      <trkpt lat="23.063959" lon="113.273635">
        <time>2026-05-22T22:28:24Z</time>
      </trkpt>
      <trkpt lat="23.063894" lon="113.273721">
        <time>2026-05-22T22:28:29Z</time>
      </trkpt>
      <trkpt lat="23.063815" lon="113.273862">
        <time>2026-05-22T22:28:34Z</time>
      </trkpt>
      <trkpt lat="23.063762" lon="113.273955">
        <time>2026-05-22T22:28:39Z</time>
      </trkpt>
      <trkpt lat="23.063665" lon="113.274078">
        <time>2026-05-22T22:28:44Z</time>
      </trkpt>
      <trkpt lat="23.063589" lon="113.274111">
        <time>2026-05-22T22:28:49Z</time>
      </trkpt>
      <trkpt lat="23.06346" lon="113.27408">
        <time>2026-05-22T22:28:54Z</time>
      </trkpt>
      <trkpt lat="23.063389" lon="113.274145">
        <time>2026-05-22T22:28:59Z</time>
      </trkpt>
      <trkpt lat="23.063316" lon="113.274305">
        <time>2026-05-22T22:29:04Z</time>
      </trkpt>
      <trkpt lat="23.063274" lon="113.274416">
        <time>2026-05-22T22:29:09Z</time>
      </trkpt>
      <trkpt lat="23.063217" lon="113.274583">
        <time>2026-05-22T22:29:14Z</time>
      </trkpt>
      <trkpt lat="23.063187" lon="113.274692">
        <time>2026-05-22T22:29:19Z</time>
      </trkpt>
      <trkpt lat="23.063129" lon="113.274835">
        <time>2026-05-22T22:29:24Z</time>
      </trkpt>
      <trkpt lat="23.063103" lon="113.274921">
        <time>2026-05-22T22:29:29Z</time>
      </trkpt>
      <trkpt lat="23.063057" lon="113.275066">
        <time>2026-05-22T22:29:34Z</time>
      </trkpt>
      <trkpt lat="23.062987" lon="113.275148">
        <time>2026-05-22T22:29:39Z</time>
      </trkpt>
      <trkpt lat="23.062916" lon="113.275281">
        <time>2026-05-22T22:29:44Z</time>
      </trkpt>
      <trkpt lat="23.062928" lon="113.2754">
        <time>2026-05-22T22:29:49Z</time>
      </trkpt>
      <trkpt lat="23.062865" lon="113.275569">
        <time>2026-05-22T22:29:54Z</time>
      </trkpt>
      <trkpt lat="23.062785" lon="113.275655">
        <time>2026-05-22T22:29:59Z</time>
      </trkpt>
      <trkpt lat="23.062671" lon="113.275778">
        <time>2026-05-22T22:30:04Z</time>
      </trkpt>
      <trkpt lat="23.062603" lon="113.275867">
        <time>2026-05-22T22:30:09Z</time>
      </trkpt>
      <trkpt lat="23.062509" lon="113.27601">
        <time>2026-05-22T22:30:14Z</time>
      </trkpt>
      <trkpt lat="23.062455" lon="113.276105">
        <time>2026-05-22T22:30:19Z</time>
      </trkpt>
      <trkpt lat="23.062393" lon="113.276254">
        <time>2026-05-22T22:30:24Z</time>
      </trkpt>
      <trkpt lat="23.062355" lon="113.276352">
        <time>2026-05-22T22:30:29Z</time>
      </trkpt>
      <trkpt lat="23.062302" lon="113.276504">
        <time>2026-05-22T22:30:34Z</time>
      </trkpt>
      <trkpt lat="23.062265" lon="113.276606">
        <time>2026-05-22T22:30:39Z</time>
      </trkpt>
      <trkpt lat="23.062208" lon="113.276755">
        <time>2026-05-22T22:30:44Z</time>
      </trkpt>
      <trkpt lat="23.062168" lon="113.276853">
        <time>2026-05-22T22:30:49Z</time>
      </trkpt>
      <trkpt lat="23.062111" lon="113.277011">
        <time>2026-05-22T22:30:54Z</time>
      </trkpt>
      <trkpt lat="23.06207" lon="113.277117">
        <time>2026-05-22T22:30:59Z</time>
      </trkpt>
      <trkpt lat="23.062007" lon="113.277283">
        <time>2026-05-22T22:31:04Z</time>
      </trkpt>
      <trkpt lat="23.061966" lon="113.27739">
        <time>2026-05-22T22:31:09Z</time>
      </trkpt>
      <trkpt lat="23.061905" lon="113.277549">
        <time>2026-05-22T22:31:14Z</time>
      </trkpt>
      <trkpt lat="23.06187" lon="113.277656">
        <time>2026-05-22T22:31:19Z</time>
      </trkpt>
      <trkpt lat="23.061837" lon="113.277812">
        <time>2026-05-22T22:31:24Z</time>
      </trkpt>
      <trkpt lat="23.061833" lon="113.27792">
        <time>2026-05-22T22:31:29Z</time>
      </trkpt>
      <trkpt lat="23.061838" lon="113.278074">
        <time>2026-05-22T22:31:34Z</time>
      </trkpt>
      <trkpt lat="23.061846" lon="113.278175">
        <time>2026-05-22T22:31:39Z</time>
      </trkpt>
      <trkpt lat="23.061851" lon="113.278334">
        <time>2026-05-22T22:31:44Z</time>
      </trkpt>
      <trkpt lat="23.061858" lon="113.278441">
        <time>2026-05-22T22:31:49Z</time>
      </trkpt>
      <trkpt lat="23.061859" lon="113.278599">
        <time>2026-05-22T22:31:54Z</time>
      </trkpt>
      <trkpt lat="23.061841" lon="113.278699">
        <time>2026-05-22T22:31:59Z</time>
      </trkpt>
      <trkpt lat="23.061747" lon="113.278768">
        <time>2026-05-22T22:32:04Z</time>
      </trkpt>
      <trkpt lat="23.061706" lon="113.278863">
        <time>2026-05-22T22:32:09Z</time>
      </trkpt>
      <trkpt lat="23.061646" lon="113.279025">
        <time>2026-05-22T22:32:14Z</time>
      </trkpt>
      <trkpt lat="23.061601" lon="113.279128">
        <time>2026-05-22T22:32:19Z</time>
      </trkpt>
      <trkpt lat="23.06154" lon="113.279283">
        <time>2026-05-22T22:32:24Z</time>
      </trkpt>
      <trkpt lat="23.061499" lon="113.27939">
        <time>2026-05-22T22:32:29Z</time>
      </trkpt>
      <trkpt lat="23.061432" lon="113.279556">
        <time>2026-05-22T22:32:34Z</time>
      </trkpt>
      <trkpt lat="23.061384" lon="113.279665">
        <time>2026-05-22T22:32:39Z</time>
      </trkpt>
      <trkpt lat="23.061317" lon="113.279828">
        <time>2026-05-22T22:32:44Z</time>
      </trkpt>
      <trkpt lat="23.061272" lon="113.279937">
        <time>2026-05-22T22:32:49Z</time>
      </trkpt>
      <trkpt lat="23.061197" lon="113.280094">
        <time>2026-05-22T22:32:54Z</time>
      </trkpt>
      <trkpt lat="23.061154" lon="113.280207">
        <time>2026-05-22T22:32:59Z</time>
      </trkpt>
      <trkpt lat="23.061084" lon="113.28037">
        <time>2026-05-22T22:33:04Z</time>
      </trkpt>
      <trkpt lat="23.061038" lon="113.280476">
        <time>2026-05-22T22:33:09Z</time>
      </trkpt>
      <trkpt lat="23.060964" lon="113.280633">
        <time>2026-05-22T22:33:14Z</time>
      </trkpt>
      <trkpt lat="23.060915" lon="113.28074">
        <time>2026-05-22T22:33:19Z</time>
      </trkpt>
      <trkpt lat="23.060848" lon="113.280902">
        <time>2026-05-22T22:33:24Z</time>
      </trkpt>
      <trkpt lat="23.060803" lon="113.281009">
        <time>2026-05-22T22:33:29Z</time>
      </trkpt>
      <trkpt lat="23.060732" lon="113.28117">
        <time>2026-05-22T22:33:34Z</time>
      </trkpt>
      <trkpt lat="23.060687" lon="113.281281">
        <time>2026-05-22T22:33:39Z</time>
      </trkpt>
      <trkpt lat="23.06062" lon="113.281437">
        <time>2026-05-22T22:33:44Z</time>
      </trkpt>
      <trkpt lat="23.060573" lon="113.281539">
        <time>2026-05-22T22:33:49Z</time>
      </trkpt>
      <trkpt lat="23.060506" lon="113.281696">
        <time>2026-05-22T22:33:54Z</time>
      </trkpt>
      <trkpt lat="23.060461" lon="113.281802">
        <time>2026-05-22T22:33:59Z</time>
      </trkpt>
      <trkpt lat="23.060398" lon="113.281965">
        <time>2026-05-22T22:34:04Z</time>
      </trkpt>
      <trkpt lat="23.060355" lon="113.282063">
        <time>2026-05-22T22:34:09Z</time>
      </trkpt>
      <trkpt lat="23.060292" lon="113.282208">
        <time>2026-05-22T22:34:14Z</time>
      </trkpt>
      <trkpt lat="23.060253" lon="113.282311">
        <time>2026-05-22T22:34:19Z</time>
      </trkpt>
      <trkpt lat="23.060194" lon="113.282462">
        <time>2026-05-22T22:34:24Z</time>
      </trkpt>
      <trkpt lat="23.060147" lon="113.282557">
        <time>2026-05-22T22:34:29Z</time>
      </trkpt>
      <trkpt lat="23.060078" lon="113.282705">
        <time>2026-05-22T22:34:34Z</time>
      </trkpt>
      <trkpt lat="23.06003" lon="113.282806">
        <time>2026-05-22T22:34:39Z</time>
      </trkpt>
      <trkpt lat="23.059961" lon="113.282961">
        <time>2026-05-22T22:34:44Z</time>
      </trkpt>
      <trkpt lat="23.059916" lon="113.283063">
        <time>2026-05-22T22:34:49Z</time>
      </trkpt>
      <trkpt lat="23.059845" lon="113.283221">
        <time>2026-05-22T22:34:54Z</time>
      </trkpt>
      <trkpt lat="23.059797" lon="113.283329">
        <time>2026-05-22T22:34:59Z</time>
      </trkpt>
      <trkpt lat="23.059737" lon="113.283494">
        <time>2026-05-22T22:35:04Z</time>
      </trkpt>
      <trkpt lat="23.059701" lon="113.283601">
        <time>2026-05-22T22:35:09Z</time>
      </trkpt>
      <trkpt lat="23.05964" lon="113.283758">
        <time>2026-05-22T22:35:14Z</time>
      </trkpt>
      <trkpt lat="23.059585" lon="113.283862">
        <time>2026-05-22T22:35:19Z</time>
      </trkpt>
      <trkpt lat="23.059518" lon="113.284022">
        <time>2026-05-22T22:35:24Z</time>
      </trkpt>
      <trkpt lat="23.059471" lon="113.284117">
        <time>2026-05-22T22:35:29Z</time>
      </trkpt>
      <trkpt lat="23.059405" lon="113.284266">
        <time>2026-05-22T22:35:34Z</time>
      </trkpt>
      <trkpt lat="23.059376" lon="113.284378">
        <time>2026-05-22T22:35:39Z</time>
      </trkpt>
      <trkpt lat="23.059333" lon="113.284541">
        <time>2026-05-22T22:35:44Z</time>
      </trkpt>
      <trkpt lat="23.059298" lon="113.284639">
        <time>2026-05-22T22:35:49Z</time>
      </trkpt>
      <trkpt lat="23.059232" lon="113.284779">
        <time>2026-05-22T22:35:54Z</time>
      </trkpt>
      <trkpt lat="23.059187" lon="113.284871">
        <time>2026-05-22T22:35:59Z</time>
      </trkpt>
      <trkpt lat="23.059128" lon="113.285015">
        <time>2026-05-22T22:36:04Z</time>
      </trkpt>
      <trkpt lat="23.059085" lon="113.285112">
        <time>2026-05-22T22:36:09Z</time>
      </trkpt>
      <trkpt lat="23.05902" lon="113.285263">
        <time>2026-05-22T22:36:14Z</time>
      </trkpt>
      <trkpt lat="23.058975" lon="113.285372">
        <time>2026-05-22T22:36:19Z</time>
      </trkpt>
      <trkpt lat="23.058907" lon="113.28553">
        <time>2026-05-22T22:36:24Z</time>
      </trkpt>
      <trkpt lat="23.058864" lon="113.285634">
        <time>2026-05-22T22:36:29Z</time>
      </trkpt>
      <trkpt lat="23.058799" lon="113.285796">
        <time>2026-05-22T22:36:34Z</time>
      </trkpt>
      <trkpt lat="23.058757" lon="113.2859">
        <time>2026-05-22T22:36:39Z</time>
      </trkpt>
      <trkpt lat="23.058695" lon="113.28605">
        <time>2026-05-22T22:36:44Z</time>
      </trkpt>
      <trkpt lat="23.058738" lon="113.286072">
        <time>2026-05-22T22:36:49Z</time>
      </trkpt>
      <trkpt lat="23.058848" lon="113.285934">
        <time>2026-05-22T22:36:54Z</time>
      </trkpt>
      <trkpt lat="23.058899" lon="113.285815">
        <time>2026-05-22T22:36:59Z</time>
      </trkpt>
      <trkpt lat="23.058966" lon="113.285649">
        <time>2026-05-22T22:37:04Z</time>
      </trkpt>
      <trkpt lat="23.059014" lon="113.285548">
        <time>2026-05-22T22:37:09Z</time>
      </trkpt>
      <trkpt lat="23.059082" lon="113.285395">
        <time>2026-05-22T22:37:14Z</time>
      </trkpt>
      <trkpt lat="23.059126" lon="113.285295">
        <time>2026-05-22T22:37:19Z</time>
      </trkpt>
      <trkpt lat="23.059182" lon="113.285136">
        <time>2026-05-22T22:37:24Z</time>
      </trkpt>
      <trkpt lat="23.05923" lon="113.285026">
        <time>2026-05-22T22:37:29Z</time>
      </trkpt>
      <trkpt lat="23.059309" lon="113.284867">
        <time>2026-05-22T22:37:34Z</time>
      </trkpt>
      <trkpt lat="23.05935" lon="113.284756">
        <time>2026-05-22T22:37:39Z</time>
      </trkpt>
      <trkpt lat="23.059421" lon="113.284604">
        <time>2026-05-22T22:37:44Z</time>
      </trkpt>
      <trkpt lat="23.059467" lon="113.2845">
        <time>2026-05-22T22:37:49Z</time>
      </trkpt>
      <trkpt lat="23.059533" lon="113.284342">
        <time>2026-05-22T22:37:54Z</time>
      </trkpt>
      <trkpt lat="23.059579" lon="113.28424">
        <time>2026-05-22T22:37:59Z</time>
      </trkpt>
      <trkpt lat="23.059657" lon="113.284082">
        <time>2026-05-22T22:38:04Z</time>
      </trkpt>
      <trkpt lat="23.059705" lon="113.283973">
        <time>2026-05-22T22:38:09Z</time>
      </trkpt>
      <trkpt lat="23.059777" lon="113.283806">
        <time>2026-05-22T22:38:14Z</time>
      </trkpt>
      <trkpt lat="23.059823" lon="113.283699">
        <time>2026-05-22T22:38:19Z</time>
      </trkpt>
      <trkpt lat="23.0599" lon="113.283541">
        <time>2026-05-22T22:38:24Z</time>
      </trkpt>
      <trkpt lat="23.05995" lon="113.283432">
        <time>2026-05-22T22:38:29Z</time>
      </trkpt>
      <trkpt lat="23.060012" lon="113.283271">
        <time>2026-05-22T22:38:34Z</time>
      </trkpt>
      <trkpt lat="23.060057" lon="113.28317">
        <time>2026-05-22T22:38:39Z</time>
      </trkpt>
      <trkpt lat="23.060134" lon="113.283024">
        <time>2026-05-22T22:38:44Z</time>
      </trkpt>
      <trkpt lat="23.060182" lon="113.282921">
        <time>2026-05-22T22:38:49Z</time>
      </trkpt>
      <trkpt lat="23.060252" lon="113.282766">
        <time>2026-05-22T22:38:54Z</time>
      </trkpt>
      <trkpt lat="23.060306" lon="113.282669">
        <time>2026-05-22T22:38:59Z</time>
      </trkpt>
      <trkpt lat="23.060364" lon="113.282501">
        <time>2026-05-22T22:39:04Z</time>
      </trkpt>
      <trkpt lat="23.060395" lon="113.282383">
        <time>2026-05-22T22:39:09Z</time>
      </trkpt>
      <trkpt lat="23.060457" lon="113.282217">
        <time>2026-05-22T22:39:14Z</time>
      </trkpt>
      <trkpt lat="23.060499" lon="113.282109">
        <time>2026-05-22T22:39:19Z</time>
      </trkpt>
      <trkpt lat="23.060565" lon="113.281948">
        <time>2026-05-22T22:39:24Z</time>
      </trkpt>
      <trkpt lat="23.060606" lon="113.281846">
        <time>2026-05-22T22:39:29Z</time>
      </trkpt>
      <trkpt lat="23.060669" lon="113.281691">
        <time>2026-05-22T22:39:34Z</time>
      </trkpt>
      <trkpt lat="23.060716" lon="113.281588">
        <time>2026-05-22T22:39:39Z</time>
      </trkpt>
      <trkpt lat="23.060777" lon="113.281428">
        <time>2026-05-22T22:39:44Z</time>
      </trkpt>
      <trkpt lat="23.060818" lon="113.28132">
        <time>2026-05-22T22:39:49Z</time>
      </trkpt>
      <trkpt lat="23.060892" lon="113.281157">
        <time>2026-05-22T22:39:54Z</time>
      </trkpt>
      <trkpt lat="23.060941" lon="113.28105">
        <time>2026-05-22T22:39:59Z</time>
      </trkpt>
      <trkpt lat="23.061013" lon="113.280892">
        <time>2026-05-22T22:40:04Z</time>
      </trkpt>
      <trkpt lat="23.06106" lon="113.280792">
        <time>2026-05-22T22:40:09Z</time>
      </trkpt>
      <trkpt lat="23.06114" lon="113.280626">
        <time>2026-05-22T22:40:14Z</time>
      </trkpt>
      <trkpt lat="23.061191" lon="113.280515">
        <time>2026-05-22T22:40:19Z</time>
      </trkpt>
      <trkpt lat="23.061262" lon="113.280356">
        <time>2026-05-22T22:40:24Z</time>
      </trkpt>
      <trkpt lat="23.061304" lon="113.28025">
        <time>2026-05-22T22:40:29Z</time>
      </trkpt>
      <trkpt lat="23.061378" lon="113.280101">
        <time>2026-05-22T22:40:34Z</time>
      </trkpt>
      <trkpt lat="23.061422" lon="113.280003">
        <time>2026-05-22T22:40:39Z</time>
      </trkpt>
      <trkpt lat="23.06148" lon="113.279858">
        <time>2026-05-22T22:40:44Z</time>
      </trkpt>
      <trkpt lat="23.061519" lon="113.279759">
        <time>2026-05-22T22:40:49Z</time>
      </trkpt>
      <trkpt lat="23.061575" lon="113.279602">
        <time>2026-05-22T22:40:54Z</time>
      </trkpt>
      <trkpt lat="23.061607" lon="113.279489">
        <time>2026-05-22T22:40:59Z</time>
      </trkpt>
      <trkpt lat="23.06167" lon="113.279321">
        <time>2026-05-22T22:41:04Z</time>
      </trkpt>
      <trkpt lat="23.06172" lon="113.279203">
        <time>2026-05-22T22:41:09Z</time>
      </trkpt>
      <trkpt lat="23.061803" lon="113.279036">
        <time>2026-05-22T22:41:14Z</time>
      </trkpt>
      <trkpt lat="23.061868" lon="113.278941">
        <time>2026-05-22T22:41:19Z</time>
      </trkpt>
      <trkpt lat="23.061952" lon="113.278792">
        <time>2026-05-22T22:41:24Z</time>
      </trkpt>
      <trkpt lat="23.061979" lon="113.278677">
        <time>2026-05-22T22:41:29Z</time>
      </trkpt>
      <trkpt lat="23.061975" lon="113.278494">
        <time>2026-05-22T22:41:34Z</time>
      </trkpt>
      <trkpt lat="23.061965" lon="113.278375">
        <time>2026-05-22T22:41:39Z</time>
      </trkpt>
      <trkpt lat="23.061956" lon="113.278201">
        <time>2026-05-22T22:41:44Z</time>
      </trkpt>
      <trkpt lat="23.061955" lon="113.278084">
        <time>2026-05-22T22:41:49Z</time>
      </trkpt>
      <trkpt lat="23.061952" lon="113.277903">
        <time>2026-05-22T22:41:54Z</time>
      </trkpt>
      <trkpt lat="23.061955" lon="113.277786">
        <time>2026-05-22T22:41:59Z</time>
      </trkpt>
      <trkpt lat="23.06199" lon="113.277615">
        <time>2026-05-22T22:42:04Z</time>
      </trkpt>
      <trkpt lat="23.062033" lon="113.277504">
        <time>2026-05-22T22:42:09Z</time>
      </trkpt>
      <trkpt lat="23.062104" lon="113.277342">
        <time>2026-05-22T22:42:14Z</time>
      </trkpt>
      <trkpt lat="23.062145" lon="113.277234">
        <time>2026-05-22T22:42:19Z</time>
      </trkpt>
      <trkpt lat="23.062212" lon="113.277085">
        <time>2026-05-22T22:42:24Z</time>
      </trkpt>
      <trkpt lat="23.062245" lon="113.276974">
        <time>2026-05-22T22:42:29Z</time>
      </trkpt>
      <trkpt lat="23.062309" lon="113.276804">
        <time>2026-05-22T22:42:34Z</time>
      </trkpt>
      <trkpt lat="23.062352" lon="113.276696">
        <time>2026-05-22T22:42:39Z</time>
      </trkpt>
      <trkpt lat="23.062414" lon="113.276535">
        <time>2026-05-22T22:42:44Z</time>
      </trkpt>
      <trkpt lat="23.062455" lon="113.276427">
        <time>2026-05-22T22:42:49Z</time>
      </trkpt>
      <trkpt lat="23.062512" lon="113.27627">
        <time>2026-05-22T22:42:54Z</time>
      </trkpt>
      <trkpt lat="23.062558" lon="113.276165">
        <time>2026-05-22T22:42:59Z</time>
      </trkpt>
      <trkpt lat="23.062637" lon="113.276017">
        <time>2026-05-22T22:43:04Z</time>
      </trkpt>
      <trkpt lat="23.062697" lon="113.275928">
        <time>2026-05-22T22:43:09Z</time>
      </trkpt>
      <trkpt lat="23.062803" lon="113.275802">
        <time>2026-05-22T22:43:14Z</time>
      </trkpt>
      <trkpt lat="23.062881" lon="113.275725">
        <time>2026-05-22T22:43:19Z</time>
      </trkpt>
      <trkpt lat="23.062994" lon="113.275607">
        <time>2026-05-22T22:43:24Z</time>
      </trkpt>
      <trkpt lat="23.063061" lon="113.275521">
        <time>2026-05-22T22:43:29Z</time>
      </trkpt>
      <trkpt lat="23.063144" lon="113.275384">
        <time>2026-05-22T22:43:34Z</time>
      </trkpt>
      <trkpt lat="23.063201" lon="113.275284">
        <time>2026-05-22T22:43:39Z</time>
      </trkpt>
      <trkpt lat="23.063287" lon="113.275139">
        <time>2026-05-22T22:43:44Z</time>
      </trkpt>
      <trkpt lat="23.063341" lon="113.275033">
        <time>2026-05-22T22:43:49Z</time>
      </trkpt>
      <trkpt lat="23.063403" lon="113.274866">
        <time>2026-05-22T22:43:54Z</time>
      </trkpt>
      <trkpt lat="23.063444" lon="113.274761">
        <time>2026-05-22T22:43:59Z</time>
      </trkpt>
      <trkpt lat="23.063505" lon="113.274602">
        <time>2026-05-22T22:44:04Z</time>
      </trkpt>
      <trkpt lat="23.063538" lon="113.274494">
        <time>2026-05-22T22:44:09Z</time>
      </trkpt>
      <trkpt lat="23.063588" lon="113.274354">
        <time>2026-05-22T22:44:14Z</time>
      </trkpt>
      <trkpt lat="23.063648" lon="113.274283">
        <time>2026-05-22T22:44:19Z</time>
      </trkpt>
      <trkpt lat="23.063754" lon="113.274164">
        <time>2026-05-22T22:44:24Z</time>
      </trkpt>
      <trkpt lat="23.063821" lon="113.274072">
        <time>2026-05-22T22:44:29Z</time>
      </trkpt>
      <trkpt lat="23.063908" lon="113.273916">
        <time>2026-05-22T22:44:34Z</time>
      </trkpt>
      <trkpt lat="23.063969" lon="113.273811">
        <time>2026-05-22T22:44:39Z</time>
      </trkpt>
      <trkpt lat="23.064085" lon="113.273677">
        <time>2026-05-22T22:44:44Z</time>
      </trkpt>
      <trkpt lat="23.064176" lon="113.27361">
        <time>2026-05-22T22:44:49Z</time>
      </trkpt>
      <trkpt lat="23.064309" lon="113.273513">
        <time>2026-05-22T22:44:54Z</time>
      </trkpt>
      <trkpt lat="23.064392" lon="113.273448">
        <time>2026-05-22T22:44:59Z</time>
      </trkpt>
      <trkpt lat="23.064512" lon="113.273338">
        <time>2026-05-22T22:45:04Z</time>
      </trkpt>
      <trkpt lat="23.064575" lon="113.273239">
        <time>2026-05-22T22:45:09Z</time>
      </trkpt>
      <trkpt lat="23.064602" lon="113.273061">
        <time>2026-05-22T22:45:14Z</time>
      </trkpt>
      <trkpt lat="23.064563" lon="113.272942">
        <time>2026-05-22T22:45:19Z</time>
      </trkpt>
      <trkpt lat="23.064488" lon="113.272767">
        <time>2026-05-22T22:45:24Z</time>
      </trkpt>
      <trkpt lat="23.064452" lon="113.272652">
        <time>2026-05-22T22:45:29Z</time>
      </trkpt>
      <trkpt lat="23.064471" lon="113.27247">
        <time>2026-05-22T22:45:34Z</time>
      </trkpt>
      <trkpt lat="23.064523" lon="113.272355">
        <time>2026-05-22T22:45:39Z</time>
      </trkpt>
      <trkpt lat="23.06459" lon="113.272193">
        <time>2026-05-22T22:45:44Z</time>
      </trkpt>
      <trkpt lat="23.064621" lon="113.272084">
        <time>2026-05-22T22:45:49Z</time>
      </trkpt>
      <trkpt lat="23.064675" lon="113.271924">
        <time>2026-05-22T22:45:54Z</time>
      </trkpt>
      <trkpt lat="23.06472" lon="113.27182">
        <time>2026-05-22T22:45:59Z</time>
      </trkpt>
      <trkpt lat="23.064794" lon="113.27166">
        <time>2026-05-22T22:46:04Z</time>
      </trkpt>
      <trkpt lat="23.06484" lon="113.271554">
        <time>2026-05-22T22:46:09Z</time>
      </trkpt>
      <trkpt lat="23.064919" lon="113.2714">
        <time>2026-05-22T22:46:14Z</time>
      </trkpt>
      <trkpt lat="23.064964" lon="113.271297">
        <time>2026-05-22T22:46:19Z</time>
      </trkpt>
      <trkpt lat="23.065046" lon="113.271153">
        <time>2026-05-22T22:46:24Z</time>
      </trkpt>
      <trkpt lat="23.065115" lon="113.271054">
        <time>2026-05-22T22:46:29Z</time>
      </trkpt>
      <trkpt lat="23.065186" lon="113.270893">
        <time>2026-05-22T22:46:34Z</time>
      </trkpt>
      <trkpt lat="23.065222" lon="113.270775">
        <time>2026-05-22T22:46:39Z</time>
      </trkpt>
      <trkpt lat="23.065296" lon="113.270607">
        <time>2026-05-22T22:46:44Z</time>
      </trkpt>
      <trkpt lat="23.065344" lon="113.270503">
        <time>2026-05-22T22:46:49Z</time>
      </trkpt>
      <trkpt lat="23.065417" lon="113.270347">
        <time>2026-05-22T22:46:54Z</time>
      </trkpt>
      <trkpt lat="23.065467" lon="113.270243">
        <time>2026-05-22T22:46:59Z</time>
      </trkpt>
      <trkpt lat="23.065534" lon="113.270081">
        <time>2026-05-22T22:47:04Z</time>
      </trkpt>
      <trkpt lat="23.065576" lon="113.269972">
        <time>2026-05-22T22:47:09Z</time>
      </trkpt>
      <trkpt lat="23.06563" lon="113.269805">
        <time>2026-05-22T22:47:14Z</time>
      </trkpt>
      <trkpt lat="23.065667" lon="113.269694">
        <time>2026-05-22T22:47:19Z</time>
      </trkpt>
      <trkpt lat="23.065731" lon="113.269532">
        <time>2026-05-22T22:47:24Z</time>
      </trkpt>
      <trkpt lat="23.065759" lon="113.26942">
        <time>2026-05-22T22:47:29Z</time>
      </trkpt>
      <trkpt lat="23.065789" lon="113.269254">
        <time>2026-05-22T22:47:34Z</time>
      </trkpt>
      <trkpt lat="23.065819" lon="113.269144">
        <time>2026-05-22T22:47:39Z</time>
      </trkpt>
      <trkpt lat="23.065873" lon="113.268977">
        <time>2026-05-22T22:47:44Z</time>
      </trkpt>
      <trkpt lat="23.065911" lon="113.268872">
        <time>2026-05-22T22:47:49Z</time>
      </trkpt>
      <trkpt lat="23.065967" lon="113.268723">
        <time>2026-05-22T22:47:54Z</time>
      </trkpt>
      <trkpt lat="23.066019" lon="113.268628">
        <time>2026-05-22T22:47:59Z</time>
      </trkpt>
      <trkpt lat="23.066108" lon="113.268495">
        <time>2026-05-22T22:48:04Z</time>
      </trkpt>
      <trkpt lat="23.066173" lon="113.268399">
        <time>2026-05-22T22:48:09Z</time>
      </trkpt>
      <trkpt lat="23.066281" lon="113.268257">
        <time>2026-05-22T22:48:14Z</time>
      </trkpt>
      <trkpt lat="23.06637" lon="113.268175">
        <time>2026-05-22T22:48:19Z</time>
      </trkpt>
      <trkpt lat="23.066533" lon="113.268114">
        <time>2026-05-22T22:48:24Z</time>
      </trkpt>
      <trkpt lat="23.066644" lon="113.268122">
        <time>2026-05-22T22:48:29Z</time>
      </trkpt>
      <trkpt lat="23.066817" lon="113.268109">
        <time>2026-05-22T22:48:34Z</time>
      </trkpt>
      <trkpt lat="23.066928" lon="113.26809">
        <time>2026-05-22T22:48:39Z</time>
      </trkpt>
      <trkpt lat="23.067074" lon="113.268109">
        <time>2026-05-22T22:48:44Z</time>
      </trkpt>
      <trkpt lat="23.067166" lon="113.268152">
        <time>2026-05-22T22:48:49Z</time>
      </trkpt>
      <trkpt lat="23.067296" lon="113.268234">
        <time>2026-05-22T22:48:54Z</time>
      </trkpt>
      <trkpt lat="23.067382" lon="113.268299">
        <time>2026-05-22T22:48:59Z</time>
      </trkpt>
      <trkpt lat="23.067517" lon="113.268374">
        <time>2026-05-22T22:49:04Z</time>
      </trkpt>
      <trkpt lat="23.067608" lon="113.268419">
        <time>2026-05-22T22:49:09Z</time>
      </trkpt>
      <trkpt lat="23.067743" lon="113.268483">
        <time>2026-05-22T22:49:14Z</time>
      </trkpt>
      <trkpt lat="23.06784" lon="113.268524">
        <time>2026-05-22T22:49:19Z</time>
      </trkpt>
      <trkpt lat="23.06799" lon="113.268593">
        <time>2026-05-22T22:49:24Z</time>
      </trkpt>
      <trkpt lat="23.068087" lon="113.268639">
        <time>2026-05-22T22:49:29Z</time>
      </trkpt>
      <trkpt lat="23.068232" lon="113.2687">
        <time>2026-05-22T22:49:34Z</time>
      </trkpt>
      <trkpt lat="23.068319" lon="113.268742">
        <time>2026-05-22T22:49:39Z</time>
      </trkpt>
      <trkpt lat="23.068448" lon="113.268815">
        <time>2026-05-22T22:49:44Z</time>
      </trkpt>
      <trkpt lat="23.068533" lon="113.268864">
        <time>2026-05-22T22:49:49Z</time>
      </trkpt>
      <trkpt lat="23.068672" lon="113.268944">
        <time>2026-05-22T22:49:54Z</time>
      </trkpt>
      <trkpt lat="23.06876" lon="113.269001">
        <time>2026-05-22T22:49:59Z</time>
      </trkpt>
      <trkpt lat="23.068913" lon="113.269086">
        <time>2026-05-22T22:50:04Z</time>
      </trkpt>
      <trkpt lat="23.069019" lon="113.269138">
        <time>2026-05-22T22:50:09Z</time>
      </trkpt>
      <trkpt lat="23.069199" lon="113.269144">
        <time>2026-05-22T22:50:14Z</time>
      </trkpt>
      <trkpt lat="23.069296" lon="113.26906">
        <time>2026-05-22T22:50:19Z</time>
      </trkpt>
      <trkpt lat="23.069353" lon="113.268869">
        <time>2026-05-22T22:50:24Z</time>
      </trkpt>
      <trkpt lat="23.069382" lon="113.268729">
        <time>2026-05-22T22:50:29Z</time>
      </trkpt>
      <trkpt lat="23.069404" lon="113.268539">
        <time>2026-05-22T22:50:34Z</time>
      </trkpt>
      <trkpt lat="23.069431" lon="113.268426">
        <time>2026-05-22T22:50:39Z</time>
      </trkpt>
      <trkpt lat="23.069523" lon="113.268281">
        <time>2026-05-22T22:50:44Z</time>
      </trkpt>
      <trkpt lat="23.069575" lon="113.268187">
        <time>2026-05-22T22:50:49Z</time>
      </trkpt>
      <trkpt lat="23.069649" lon="113.268042">
        <time>2026-05-22T22:50:54Z</time>
      </trkpt>
      <trkpt lat="23.069701" lon="113.267938">
        <time>2026-05-22T22:50:59Z</time>
      </trkpt>
      <trkpt lat="23.069812" lon="113.267835">
        <time>2026-05-22T22:51:04Z</time>
      </trkpt>
      <trkpt lat="23.069906" lon="113.267831">
        <time>2026-05-22T22:51:09Z</time>
      </trkpt>
      <trkpt lat="23.07006" lon="113.267877">
        <time>2026-05-22T22:51:14Z</time>
      </trkpt>
      <trkpt lat="23.070165" lon="113.267916">
        <time>2026-05-22T22:51:19Z</time>
      </trkpt>
      <trkpt lat="23.070305" lon="113.267969">
        <time>2026-05-22T22:51:24Z</time>
      </trkpt>
      <trkpt lat="23.070402" lon="113.267985">
        <time>2026-05-22T22:51:29Z</time>
      </trkpt>
      <trkpt lat="23.070556" lon="113.267967">
        <time>2026-05-22T22:51:34Z</time>
      </trkpt>
      <trkpt lat="23.070658" lon="113.267966">
        <time>2026-05-22T22:51:39Z</time>
      </trkpt>
      <trkpt lat="23.070814" lon="113.267975">
        <time>2026-05-22T22:51:44Z</time>
      </trkpt>
      <trkpt lat="23.070917" lon="113.267982">
        <time>2026-05-22T22:51:49Z</time>
      </trkpt>
      <trkpt lat="23.071083" lon="113.267985">
        <time>2026-05-22T22:51:54Z</time>
      </trkpt>
      <trkpt lat="23.071191" lon="113.267987">
        <time>2026-05-22T22:51:59Z</time>
      </trkpt>
      <trkpt lat="23.071349" lon="113.267984">
        <time>2026-05-22T22:52:04Z</time>
      </trkpt>
      <trkpt lat="23.071454" lon="113.267992">
        <time>2026-05-22T22:52:09Z</time>
      </trkpt>
      <trkpt lat="23.071613" lon="113.268008">
        <time>2026-05-22T22:52:14Z</time>
      </trkpt>
      <trkpt lat="23.071725" lon="113.268008">
        <time>2026-05-22T22:52:19Z</time>
      </trkpt>
      <trkpt lat="23.071905" lon="113.267965">
        <time>2026-05-22T22:52:24Z</time>
      </trkpt>
      <trkpt lat="23.072001" lon="113.267899">
        <time>2026-05-22T22:52:29Z</time>
      </trkpt>
      <trkpt lat="23.072094" lon="113.267766">
        <time>2026-05-22T22:52:34Z</time>
      </trkpt>
      <trkpt lat="23.072117" lon="113.267653">
        <time>2026-05-22T22:52:39Z</time>
      </trkpt>
      <trkpt lat="23.072137" lon="113.267468">
        <time>2026-05-22T22:52:44Z</time>
      </trkpt>
      <trkpt lat="23.072141" lon="113.267351">
        <time>2026-05-22T22:52:49Z</time>
      </trkpt>
      <trkpt lat="23.07215" lon="113.267174">
        <time>2026-05-22T22:52:54Z</time>
      </trkpt>
      <trkpt lat="23.072154" lon="113.267053">
        <time>2026-05-22T22:52:59Z</time>
      </trkpt>
      <trkpt lat="23.07216" lon="113.266871">
        <time>2026-05-22T22:53:04Z</time>
      </trkpt>
      <trkpt lat="23.07216" lon="113.266754">
        <time>2026-05-22T22:53:09Z</time>
      </trkpt>
      <trkpt lat="23.072162" lon="113.266581">
        <time>2026-05-22T22:53:14Z</time>
      </trkpt>
      <trkpt lat="23.072168" lon="113.266465">
        <time>2026-05-22T22:53:19Z</time>
      </trkpt>
      <trkpt lat="23.072188" lon="113.266297">
        <time>2026-05-22T22:53:24Z</time>
      </trkpt>
      <trkpt lat="23.072204" lon="113.266187">
        <time>2026-05-22T22:53:29Z</time>
      </trkpt>
      <trkpt lat="23.072259" lon="113.266027">
        <time>2026-05-22T22:53:34Z</time>
      </trkpt>
      <trkpt lat="23.072279" lon="113.265913">
        <time>2026-05-22T22:53:39Z</time>
      </trkpt>
      <trkpt lat="23.072288" lon="113.265745">
        <time>2026-05-22T22:53:44Z</time>
      </trkpt>
      <trkpt lat="23.072295" lon="113.265633">
        <time>2026-05-22T22:53:49Z</time>
      </trkpt>
      <trkpt lat="23.072333" lon="113.265462">
        <time>2026-05-22T22:53:54Z</time>
      </trkpt>
      <trkpt lat="23.072356" lon="113.265344">
        <time>2026-05-22T22:53:59Z</time>
      </trkpt>
      <trkpt lat="23.072371" lon="113.265175">
        <time>2026-05-22T22:54:04Z</time>
      </trkpt>
      <trkpt lat="23.072376" lon="113.265071">
        <time>2026-05-22T22:54:09Z</time>
      </trkpt>
      <trkpt lat="23.072376" lon="113.264903">
        <time>2026-05-22T22:54:14Z</time>
      </trkpt>
      <trkpt lat="23.07239" lon="113.264792">
        <time>2026-05-22T22:54:19Z</time>
      </trkpt>
      <trkpt lat="23.072402" lon="113.264622">
        <time>2026-05-22T22:54:24Z</time>
      </trkpt>
      <trkpt lat="23.072392" lon="113.264508">
        <time>2026-05-22T22:54:29Z</time>
      </trkpt>
      <trkpt lat="23.072395" lon="113.264332">
        <time>2026-05-22T22:54:34Z</time>
      </trkpt>
      <trkpt lat="23.072439" lon="113.264232">
        <time>2026-05-22T22:54:39Z</time>
      </trkpt>
      <trkpt lat="23.07258" lon="113.264163">
        <time>2026-05-22T22:54:44Z</time>
      </trkpt>
      <trkpt lat="23.072686" lon="113.264114">
        <time>2026-05-22T22:54:49Z</time>
      </trkpt>
      <trkpt lat="23.072823" lon="113.264027">
        <time>2026-05-22T22:54:54Z</time>
      </trkpt>
      <trkpt lat="23.072887" lon="113.263974">
        <time>2026-05-22T22:54:59Z</time>
      </trkpt>
      <trkpt lat="23.072871" lon="113.263898">
        <time>2026-05-22T22:55:04Z</time>
      </trkpt>
      <trkpt lat="23.072783" lon="113.263819">
        <time>2026-05-22T22:55:09Z</time>
      </trkpt>
      <trkpt lat="23.072675" lon="113.26366">
        <time>2026-05-22T22:55:14Z</time>
      </trkpt>
      <trkpt lat="23.072632" lon="113.263547">
        <time>2026-05-22T22:55:19Z</time>
      </trkpt>
      <trkpt lat="23.072612" lon="113.263372">
        <time>2026-05-22T22:55:24Z</time>
      </trkpt>
      <trkpt lat="23.072585" lon="113.263272">
        <time>2026-05-22T22:55:29Z</time>
      </trkpt>
      <trkpt lat="23.072454" lon="113.263167">
        <time>2026-05-22T22:55:34Z</time>
      </trkpt>
      <trkpt lat="23.072375" lon="113.26309">
        <time>2026-05-22T22:55:39Z</time>
      </trkpt>
      <trkpt lat="23.072261" lon="113.262977">
        <time>2026-05-22T22:55:44Z</time>
      </trkpt>
      <trkpt lat="23.072177" lon="113.262911">
        <time>2026-05-22T22:55:49Z</time>
      </trkpt>
      <trkpt lat="23.072043" lon="113.262815">
        <time>2026-05-22T22:55:54Z</time>
      </trkpt>
      <trkpt lat="23.071966" lon="113.26274">
        <time>2026-05-22T22:55:59Z</time>
      </trkpt>
      <trkpt lat="23.071859" lon="113.262619">
        <time>2026-05-22T22:56:04Z</time>
      </trkpt>
      <trkpt lat="23.071785" lon="113.262543">
        <time>2026-05-22T22:56:09Z</time>
      </trkpt>
      <trkpt lat="23.07167" lon="113.26243">
        <time>2026-05-22T22:56:14Z</time>
      </trkpt>
      <trkpt lat="23.071595" lon="113.262352">
        <time>2026-05-22T22:56:19Z</time>
      </trkpt>
      <trkpt lat="23.071487" lon="113.262225">
        <time>2026-05-22T22:56:24Z</time>
      </trkpt>
      <trkpt lat="23.07142" lon="113.262135">
        <time>2026-05-22T22:56:29Z</time>
      </trkpt>
      <trkpt lat="23.071302" lon="113.262014">
        <time>2026-05-22T22:56:34Z</time>
      </trkpt>
      <trkpt lat="23.071224" lon="113.261935">
        <time>2026-05-22T22:56:39Z</time>
      </trkpt>
      <trkpt lat="23.07111" lon="113.261819">
        <time>2026-05-22T22:56:44Z</time>
      </trkpt>
      <trkpt lat="23.071042" lon="113.261732">
        <time>2026-05-22T22:56:49Z</time>
      </trkpt>
      <trkpt lat="23.070934" lon="113.261604">
        <time>2026-05-22T22:56:54Z</time>
      </trkpt>
      <trkpt lat="23.070858" lon="113.261521">
        <time>2026-05-22T22:56:59Z</time>
      </trkpt>
      <trkpt lat="23.07074" lon="113.261403">
        <time>2026-05-22T22:57:04Z</time>
      </trkpt>
      <trkpt lat="23.070675" lon="113.261318">
        <time>2026-05-22T22:57:09Z</time>
      </trkpt>
      <trkpt lat="23.070697" lon="113.261185">
        <time>2026-05-22T22:57:14Z</time>
      </trkpt>
      <trkpt lat="23.070776" lon="113.261116">
        <time>2026-05-22T22:57:19Z</time>
      </trkpt>
      <trkpt lat="23.070904" lon="113.261003">
        <time>2026-05-22T22:57:24Z</time>
      </trkpt>
      <trkpt lat="23.070993" lon="113.260941">
        <time>2026-05-22T22:57:29Z</time>
      </trkpt>
      <trkpt lat="23.071097" lon="113.260886">
        <time>2026-05-22T22:57:34Z</time>
      </trkpt>
      <trkpt lat="23.071064" lon="113.260842">
        <time>2026-05-22T22:57:39Z</time>
      </trkpt>
      <trkpt lat="23.070878" lon="113.260821">
        <time>2026-05-22T22:57:44Z</time>
      </trkpt>
      <trkpt lat="23.070755" lon="113.260842">
        <time>2026-05-22T22:57:49Z</time>
      </trkpt>
      <trkpt lat="23.070578" lon="113.260822">
        <time>2026-05-22T22:57:54Z</time>
      </trkpt>
      <trkpt lat="23.070468" lon="113.260814">
        <time>2026-05-22T22:57:59Z</time>
      </trkpt>
      <trkpt lat="23.070313" lon="113.260786">
        <time>2026-05-22T22:58:04Z</time>
      </trkpt>
      <trkpt lat="23.070221" lon="113.260734">
        <time>2026-05-22T22:58:09Z</time>
      </trkpt>
      <trkpt lat="23.070079" lon="113.260631">
        <time>2026-05-22T22:58:14Z</time>
      </trkpt>
      <trkpt lat="23.069987" lon="113.260567">
        <time>2026-05-22T22:58:19Z</time>
      </trkpt>
      <trkpt lat="23.06987" lon="113.260442">
        <time>2026-05-22T22:58:24Z</time>
      </trkpt>
      <trkpt lat="23.06979" lon="113.260369">
        <time>2026-05-22T22:58:29Z</time>
      </trkpt>
      <trkpt lat="23.069661" lon="113.260417">
        <time>2026-05-22T22:58:34Z</time>
      </trkpt>
      <trkpt lat="23.06959" lon="113.260513">
        <time>2026-05-22T22:58:39Z</time>
      </trkpt>
      <trkpt lat="23.069486" lon="113.260654">
        <time>2026-05-22T22:58:44Z</time>
      </trkpt>
      <trkpt lat="23.069414" lon="113.260746">
        <time>2026-05-22T22:58:49Z</time>
      </trkpt>
      <trkpt lat="23.069314" lon="113.260888">
        <time>2026-05-22T22:58:54Z</time>
      </trkpt>
      <trkpt lat="23.069238" lon="113.260979">
        <time>2026-05-22T22:58:59Z</time>
      </trkpt>
      <trkpt lat="23.069117" lon="113.261108">
        <time>2026-05-22T22:59:04Z</time>
      </trkpt>
      <trkpt lat="23.069036" lon="113.26119">
        <time>2026-05-22T22:59:09Z</time>
      </trkpt>
      <trkpt lat="23.068924" lon="113.26132">
        <time>2026-05-22T22:59:14Z</time>
      </trkpt>
      <trkpt lat="23.068855" lon="113.261415">
        <time>2026-05-22T22:59:19Z</time>
      </trkpt>
      <trkpt lat="23.068747" lon="113.261546">
        <time>2026-05-22T22:59:24Z</time>
      </trkpt>
      <trkpt lat="23.06867" lon="113.261632">
        <time>2026-05-22T22:59:29Z</time>
      </trkpt>
      <trkpt lat="23.06857" lon="113.261766">
        <time>2026-05-22T22:59:34Z</time>
      </trkpt>
      <trkpt lat="23.068551" lon="113.261829">
        <time>2026-05-22T22:59:39Z</time>
      </trkpt>
      <trkpt lat="23.068665" lon="113.261705">
        <time>2026-05-22T22:59:44Z</time>
      </trkpt>
      <trkpt lat="23.068739" lon="113.261599">
        <time>2026-05-22T22:59:49Z</time>
      </trkpt>
      <trkpt lat="23.068837" lon="113.261461">
        <time>2026-05-22T22:59:54Z</time>
      </trkpt>
      <trkpt lat="23.068901" lon="113.261366">
        <time>2026-05-22T22:59:59Z</time>
      </trkpt>
      <trkpt lat="23.069008" lon="113.261227">
        <time>2026-05-22T23:00:04Z</time>
      </trkpt>
      <trkpt lat="23.069075" lon="113.26114">
        <time>2026-05-22T23:00:09Z</time>
      </trkpt>
      <trkpt lat="23.069172" lon="113.261019">
        <time>2026-05-22T23:00:14Z</time>
      </trkpt>
      <trkpt lat="23.06924" lon="113.260935">
        <time>2026-05-22T23:00:19Z</time>
      </trkpt>
      <trkpt lat="23.06934" lon="113.260802">
        <time>2026-05-22T23:00:24Z</time>
      </trkpt>
      <trkpt lat="23.069409" lon="113.260711">
        <time>2026-05-22T23:00:29Z</time>
      </trkpt>
      <trkpt lat="23.069506" lon="113.260575">
        <time>2026-05-22T23:00:34Z</time>
      </trkpt>
      <trkpt lat="23.069576" lon="113.260493">
        <time>2026-05-22T23:00:39Z</time>
      </trkpt>
      <trkpt lat="23.069676" lon="113.260364">
        <time>2026-05-22T23:00:44Z</time>
      </trkpt>
      <trkpt lat="23.069739" lon="113.260273">
        <time>2026-05-22T23:00:49Z</time>
      </trkpt>
      <trkpt lat="23.06985" lon="113.260148">
        <time>2026-05-22T23:00:54Z</time>
      </trkpt>
      <trkpt lat="23.069925" lon="113.260065">
        <time>2026-05-22T23:00:59Z</time>
      </trkpt>
      <trkpt lat="23.070028" lon="113.259941">
        <time>2026-05-22T23:01:04Z</time>
      </trkpt>
      <trkpt lat="23.070062" lon="113.25995">
        <time>2026-05-22T23:01:09Z</time>
      </trkpt>
      <trkpt lat="23.06994" lon="113.260098">
        <time>2026-05-22T23:01:14Z</time>
      </trkpt>
      <trkpt lat="23.069861" lon="113.260206">
        <time>2026-05-22T23:01:19Z</time>
      </trkpt>
      <trkpt lat="23.069842" lon="113.260364">
        <time>2026-05-22T23:01:24Z</time>
      </trkpt>
      <trkpt lat="23.069911" lon="113.260456">
        <time>2026-05-22T23:01:29Z</time>
      </trkpt>
      <trkpt lat="23.070031" lon="113.260564">
        <time>2026-05-22T23:01:34Z</time>
      </trkpt>
      <trkpt lat="23.070116" lon="113.260631">
        <time>2026-05-22T23:01:39Z</time>
      </trkpt>
      <trkpt lat="23.070241" lon="113.260738">
        <time>2026-05-22T23:01:44Z</time>
      </trkpt>
      <trkpt lat="23.070322" lon="113.260804">
        <time>2026-05-22T23:01:49Z</time>
      </trkpt>
      <trkpt lat="23.070481" lon="113.260812">
        <time>2026-05-22T23:01:54Z</time>
      </trkpt>
      <trkpt lat="23.070597" lon="113.260802">
        <time>2026-05-22T23:01:59Z</time>
      </trkpt>
      <trkpt lat="23.070762" lon="113.260799">
        <time>2026-05-22T23:02:04Z</time>
      </trkpt>
      <trkpt lat="23.070865" lon="113.260805">
        <time>2026-05-22T23:02:09Z</time>
      </trkpt>
      <trkpt lat="23.071003" lon="113.260839">
        <time>2026-05-22T23:02:14Z</time>
      </trkpt>
      <trkpt lat="23.07111" lon="113.260852">
        <time>2026-05-22T23:02:19Z</time>
      </trkpt>
      <trkpt lat="23.07129" lon="113.260867">
        <time>2026-05-22T23:02:24Z</time>
      </trkpt>
      <trkpt lat="23.071417" lon="113.260865">
        <time>2026-05-22T23:02:29Z</time>
      </trkpt>
      <trkpt lat="23.071589" lon="113.260852">
        <time>2026-05-22T23:02:34Z</time>
      </trkpt>
      <trkpt lat="23.071705" lon="113.260843">
        <time>2026-05-22T23:02:39Z</time>
      </trkpt>
      <trkpt lat="23.071887" lon="113.260826">
        <time>2026-05-22T23:02:44Z</time>
      </trkpt>
      <trkpt lat="23.072008" lon="113.260749">
        <time>2026-05-22T23:02:49Z</time>
      </trkpt>
      <trkpt lat="23.072171" lon="113.260711">
        <time>2026-05-22T23:02:54Z</time>
      </trkpt>
      <trkpt lat="23.072272" lon="113.260704">
        <time>2026-05-22T23:02:59Z</time>
      </trkpt>
      <trkpt lat="23.072434" lon="113.260699">
        <time>2026-05-22T23:03:04Z</time>
      </trkpt>
      <trkpt lat="23.072557" lon="113.260699">
        <time>2026-05-22T23:03:09Z</time>
      </trkpt>
      <trkpt lat="23.072717" lon="113.260689">
        <time>2026-05-22T23:03:14Z</time>
      </trkpt>
      <trkpt lat="23.07281" lon="113.260675">
        <time>2026-05-22T23:03:19Z</time>
      </trkpt>
      <trkpt lat="23.072948" lon="113.260666">
        <time>2026-05-22T23:03:24Z</time>
      </trkpt>
      <trkpt lat="23.073045" lon="113.260648">
        <time>2026-05-22T23:03:29Z</time>
      </trkpt>
      <trkpt lat="23.073205" lon="113.260622">
        <time>2026-05-22T23:03:34Z</time>
      </trkpt>
      <trkpt lat="23.073311" lon="113.260614">
        <time>2026-05-22T23:03:39Z</time>
      </trkpt>
      <trkpt lat="23.073464" lon="113.260609">
        <time>2026-05-22T23:03:44Z</time>
      </trkpt>
      <trkpt lat="23.073563" lon="113.260608">
        <time>2026-05-22T23:03:49Z</time>
      </trkpt>
      <trkpt lat="23.073718" lon="113.260621">
        <time>2026-05-22T23:03:54Z</time>
      </trkpt>
      <trkpt lat="23.073835" lon="113.26065">
        <time>2026-05-22T23:03:59Z</time>
      </trkpt>
      <trkpt lat="23.074015" lon="113.260681">
        <time>2026-05-22T23:04:04Z</time>
      </trkpt>
      <trkpt lat="23.074128" lon="113.260705">
        <time>2026-05-22T23:04:09Z</time>
      </trkpt>
      <trkpt lat="23.074288" lon="113.260701">
        <time>2026-05-22T23:04:14Z</time>
      </trkpt>
      <trkpt lat="23.074382" lon="113.260688">
        <time>2026-05-22T23:04:19Z</time>
      </trkpt>
      <trkpt lat="23.074533" lon="113.260649">
        <time>2026-05-22T23:04:24Z</time>
      </trkpt>
      <trkpt lat="23.074626" lon="113.260548">
        <time>2026-05-22T23:04:29Z</time>
      </trkpt>
      <trkpt lat="23.074609" lon="113.26034">
        <time>2026-05-22T23:04:34Z</time>
      </trkpt>
      <trkpt lat="23.074548" lon="113.260207">
        <time>2026-05-22T23:04:39Z</time>
      </trkpt>
      <trkpt lat="23.074435" lon="113.260042">
        <time>2026-05-22T23:04:44Z</time>
      </trkpt>
      <trkpt lat="23.074376" lon="113.259942">
        <time>2026-05-22T23:04:49Z</time>
      </trkpt>
      <trkpt lat="23.0743" lon="113.259792">
        <time>2026-05-22T23:04:54Z</time>
      </trkpt>
      <trkpt lat="23.074242" lon="113.259684">
        <time>2026-05-22T23:04:59Z</time>
      </trkpt>
      <trkpt lat="23.074187" lon="113.259511">
        <time>2026-05-22T23:05:04Z</time>
      </trkpt>
      <trkpt lat="23.074191" lon="113.259397">
        <time>2026-05-22T23:05:09Z</time>
      </trkpt>
      <trkpt lat="23.074252" lon="113.259269">
        <time>2026-05-22T23:05:14Z</time>
      </trkpt>
      <trkpt lat="23.074334" lon="113.259204">
        <time>2026-05-22T23:05:19Z</time>
      </trkpt>
      <trkpt lat="23.074477" lon="113.259132">
        <time>2026-05-22T23:05:24Z</time>
      </trkpt>
      <trkpt lat="23.074577" lon="113.259097">
        <time>2026-05-22T23:05:29Z</time>
      </trkpt>
      <trkpt lat="23.074717" lon="113.259045">
        <time>2026-05-22T23:05:34Z</time>
      </trkpt>
      <trkpt lat="23.074811" lon="113.259001">
        <time>2026-05-22T23:05:39Z</time>
      </trkpt>
      <trkpt lat="23.074969" lon="113.258942">
        <time>2026-05-22T23:05:44Z</time>
      </trkpt>
      <trkpt lat="23.07507" lon="113.258894">
        <time>2026-05-22T23:05:49Z</time>
      </trkpt>
      <trkpt lat="23.075207" lon="113.258829">
        <time>2026-05-22T23:05:54Z</time>
      </trkpt>
      <trkpt lat="23.075292" lon="113.258787">
        <time>2026-05-22T23:05:59Z</time>
      </trkpt>
      <trkpt lat="23.075388" lon="113.25867">
        <time>2026-05-22T23:06:04Z</time>
      </trkpt>
      <trkpt lat="23.075391" lon="113.258561">
        <time>2026-05-22T23:06:09Z</time>
      </trkpt>
      <trkpt lat="23.075315" lon="113.258389">
        <time>2026-05-22T23:06:14Z</time>
      </trkpt>
      <trkpt lat="23.075272" lon="113.258281">
        <time>2026-05-22T23:06:19Z</time>
      </trkpt>
      <trkpt lat="23.075217" lon="113.258117">
        <time>2026-05-22T23:06:24Z</time>
      </trkpt>
      <trkpt lat="23.075166" lon="113.258012">
        <time>2026-05-22T23:06:29Z</time>
      </trkpt>
      <trkpt lat="23.075227" lon="113.257881">
        <time>2026-05-22T23:06:34Z</time>
      </trkpt>
      <trkpt lat="23.075313" lon="113.257807">
        <time>2026-05-22T23:06:39Z</time>
      </trkpt>
      <trkpt lat="23.075428" lon="113.257693">
        <time>2026-05-22T23:06:44Z</time>
      </trkpt>
      <trkpt lat="23.07549" lon="113.257596">
        <time>2026-05-22T23:06:49Z</time>
      </trkpt>
      <trkpt lat="23.075602" lon="113.25747">
        <time>2026-05-22T23:06:54Z</time>
      </trkpt>
      <trkpt lat="23.075679" lon="113.257401">
        <time>2026-05-22T23:06:59Z</time>
      </trkpt>
      <trkpt lat="23.075791" lon="113.257312">
        <time>2026-05-22T23:07:04Z</time>
      </trkpt>
      <trkpt lat="23.075863" lon="113.257253">
        <time>2026-05-22T23:07:09Z</time>
      </trkpt>
      <trkpt lat="23.075987" lon="113.257136">
        <time>2026-05-22T23:07:14Z</time>
      </trkpt>
      <trkpt lat="23.076071" lon="113.257059">
        <time>2026-05-22T23:07:19Z</time>
      </trkpt>
      <trkpt lat="23.076208" lon="113.256945">
        <time>2026-05-22T23:07:24Z</time>
      </trkpt>
      <trkpt lat="23.076292" lon="113.256869">
        <time>2026-05-22T23:07:29Z</time>
      </trkpt>
      <trkpt lat="23.076414" lon="113.256756">
        <time>2026-05-22T23:07:34Z</time>
      </trkpt>
      <trkpt lat="23.076505" lon="113.256684">
        <time>2026-05-22T23:07:39Z</time>
      </trkpt>
      <trkpt lat="23.076657" lon="113.256589">
        <time>2026-05-22T23:07:44Z</time>
      </trkpt>
      <trkpt lat="23.076761" lon="113.25653">
        <time>2026-05-22T23:07:49Z</time>
      </trkpt>
      <trkpt lat="23.076903" lon="113.256433">
        <time>2026-05-22T23:07:54Z</time>
      </trkpt>
      <trkpt lat="23.076995" lon="113.256375">
        <time>2026-05-22T23:07:59Z</time>
      </trkpt>
      <trkpt lat="23.077128" lon="113.256282">
        <time>2026-05-22T23:08:04Z</time>
      </trkpt>
      <trkpt lat="23.077219" lon="113.256225">
        <time>2026-05-22T23:08:09Z</time>
      </trkpt>
      <trkpt lat="23.077356" lon="113.256142">
        <time>2026-05-22T23:08:14Z</time>
      </trkpt>
      <trkpt lat="23.077446" lon="113.256081">
        <time>2026-05-22T23:08:19Z</time>
      </trkpt>
      <trkpt lat="23.077579" lon="113.255995">
        <time>2026-05-22T23:08:24Z</time>
      </trkpt>
      <trkpt lat="23.077667" lon="113.255942">
        <time>2026-05-22T23:08:29Z</time>
      </trkpt>
      <trkpt lat="23.077802" lon="113.255854">
        <time>2026-05-22T23:08:34Z</time>
      </trkpt>
      <trkpt lat="23.077894" lon="113.2558">
        <time>2026-05-22T23:08:39Z</time>
      </trkpt>
      <trkpt lat="23.078032" lon="113.255711">
        <time>2026-05-22T23:08:44Z</time>
      </trkpt>
      <trkpt lat="23.078125" lon="113.255648">
        <time>2026-05-22T23:08:49Z</time>
      </trkpt>
      <trkpt lat="23.078263" lon="113.255561">
        <time>2026-05-22T23:08:54Z</time>
      </trkpt>
      <trkpt lat="23.078353" lon="113.255506">
        <time>2026-05-22T23:08:59Z</time>
      </trkpt>
      <trkpt lat="23.0785" lon="113.255419">
        <time>2026-05-22T23:09:04Z</time>
      </trkpt>
      <trkpt lat="23.078598" lon="113.255358">
        <time>2026-05-22T23:09:09Z</time>
      </trkpt>
      <trkpt lat="23.078714" lon="113.255276">
        <time>2026-05-22T23:09:14Z</time>
      </trkpt>
      <trkpt lat="23.078791" lon="113.255214">
        <time>2026-05-22T23:09:19Z</time>
      </trkpt>
      <trkpt lat="23.078924" lon="113.255142">
        <time>2026-05-22T23:09:24Z</time>
      </trkpt>
      <trkpt lat="23.079013" lon="113.255132">
        <time>2026-05-22T23:09:29Z</time>
      </trkpt>
      <trkpt lat="23.079152" lon="113.255157">
        <time>2026-05-22T23:09:34Z</time>
      </trkpt>
      <trkpt lat="23.079237" lon="113.255221">
        <time>2026-05-22T23:09:39Z</time>
      </trkpt>
      <trkpt lat="23.079307" lon="113.255368">
        <time>2026-05-22T23:09:44Z</time>
      </trkpt>
      <trkpt lat="23.079329" lon="113.255474">
        <time>2026-05-22T23:09:49Z</time>
      </trkpt>
      <trkpt lat="23.079381" lon="113.255638">
        <time>2026-05-22T23:09:54Z</time>
      </trkpt>
      <trkpt lat="23.079425" lon="113.25575">
        <time>2026-05-22T23:09:59Z</time>
      </trkpt>
      <trkpt lat="23.079486" lon="113.255905">
        <time>2026-05-22T23:10:04Z</time>
      </trkpt>
      <trkpt lat="23.079523" lon="113.256013">
        <time>2026-05-22T23:10:09Z</time>
      </trkpt>
      <trkpt lat="23.079579" lon="113.256168">
        <time>2026-05-22T23:10:14Z</time>
      </trkpt>
      <trkpt lat="23.079624" lon="113.256267">
        <time>2026-05-22T23:10:19Z</time>
      </trkpt>
      <trkpt lat="23.079694" lon="113.256426">
        <time>2026-05-22T23:10:24Z</time>
      </trkpt>
      <trkpt lat="23.079738" lon="113.256532">
        <time>2026-05-22T23:10:29Z</time>
      </trkpt>
      <trkpt lat="23.079778" lon="113.256713">
        <time>2026-05-22T23:10:34Z</time>
      </trkpt>
      <trkpt lat="23.079807" lon="113.256817">
        <time>2026-05-22T23:10:39Z</time>
      </trkpt>
      <trkpt lat="23.079854" lon="113.256968">
        <time>2026-05-22T23:10:44Z</time>
      </trkpt>
      <trkpt lat="23.079881" lon="113.257076">
        <time>2026-05-22T23:10:49Z</time>
      </trkpt>
      <trkpt lat="23.079923" lon="113.257248">
        <time>2026-05-22T23:10:54Z</time>
      </trkpt>
      <trkpt lat="23.07995" lon="113.25735">
        <time>2026-05-22T23:10:59Z</time>
      </trkpt>
      <trkpt lat="23.079996" lon="113.25751">
        <time>2026-05-22T23:11:04Z</time>
      </trkpt>
      <trkpt lat="23.08004" lon="113.257614">
        <time>2026-05-22T23:11:09Z</time>
      </trkpt>
      <trkpt lat="23.080113" lon="113.25778">
        <time>2026-05-22T23:11:14Z</time>
      </trkpt>
      <trkpt lat="23.080149" lon="113.257886">
        <time>2026-05-22T23:11:19Z</time>
      </trkpt>
      <trkpt lat="23.080231" lon="113.258052">
        <time>2026-05-22T23:11:24Z</time>
      </trkpt>
      <trkpt lat="23.080326" lon="113.258103">
        <time>2026-05-22T23:11:29Z</time>
      </trkpt>
      <trkpt lat="23.080508" lon="113.258012">
        <time>2026-05-22T23:11:34Z</time>
      </trkpt>
      <trkpt lat="23.08063" lon="113.257927">
        <time>2026-05-22T23:11:39Z</time>
      </trkpt>
      <trkpt lat="23.080772" lon="113.25781">
        <time>2026-05-22T23:11:44Z</time>
      </trkpt>
      <trkpt lat="23.08086" lon="113.25774">
        <time>2026-05-22T23:11:49Z</time>
      </trkpt>
      <trkpt lat="23.081001" lon="113.257655">
        <time>2026-05-22T23:11:54Z</time>
      </trkpt>
      <trkpt lat="23.081093" lon="113.2576">
        <time>2026-05-22T23:11:59Z</time>
      </trkpt>
      <trkpt lat="23.081214" lon="113.257505">
        <time>2026-05-22T23:12:04Z</time>
      </trkpt>
      <trkpt lat="23.081304" lon="113.257455">
        <time>2026-05-22T23:12:09Z</time>
      </trkpt>
      <trkpt lat="23.081428" lon="113.257365">
        <time>2026-05-22T23:12:14Z</time>
      </trkpt>
      <trkpt lat="23.081521" lon="113.257321">
        <time>2026-05-22T23:12:19Z</time>
      </trkpt>
      <trkpt lat="23.081659" lon="113.257256">
        <time>2026-05-22T23:12:24Z</time>
      </trkpt>
      <trkpt lat="23.081755" lon="113.257216">
        <time>2026-05-22T23:12:29Z</time>
      </trkpt>
      <trkpt lat="23.0819" lon="113.257148">
        <time>2026-05-22T23:12:34Z</time>
      </trkpt>
      <trkpt lat="23.081989" lon="113.257115">
        <time>2026-05-22T23:12:39Z</time>
      </trkpt>
      <trkpt lat="23.082111" lon="113.257062">
        <time>2026-05-22T23:12:44Z</time>
      </trkpt>
      <trkpt lat="23.082193" lon="113.257032">
        <time>2026-05-22T23:12:49Z</time>
      </trkpt>
      <trkpt lat="23.082333" lon="113.256959">
        <time>2026-05-22T23:12:54Z</time>
      </trkpt>
      <trkpt lat="23.082411" lon="113.256903">
        <time>2026-05-22T23:12:59Z</time>
      </trkpt>
      <trkpt lat="23.082535" lon="113.256839">
        <time>2026-05-22T23:13:04Z</time>
      </trkpt>
      <trkpt lat="23.082619" lon="113.256801">
        <time>2026-05-22T23:13:09Z</time>
      </trkpt>
      <trkpt lat="23.082744" lon="113.256724">
        <time>2026-05-22T23:13:14Z</time>
      </trkpt>
      <trkpt lat="23.082826" lon="113.256668">
        <time>2026-05-22T23:13:19Z</time>
      </trkpt>
      <trkpt lat="23.082948" lon="113.256579">
        <time>2026-05-22T23:13:24Z</time>
      </trkpt>
      <trkpt lat="23.083038" lon="113.25652">
        <time>2026-05-22T23:13:29Z</time>
      </trkpt>
      <trkpt lat="23.08317" lon="113.256442">
        <time>2026-05-22T23:13:34Z</time>
      </trkpt>
      <trkpt lat="23.083254" lon="113.256406">
        <time>2026-05-22T23:13:39Z</time>
      </trkpt>
      <trkpt lat="23.083369" lon="113.256347">
        <time>2026-05-22T23:13:44Z</time>
      </trkpt>
      <trkpt lat="23.083445" lon="113.256286">
        <time>2026-05-22T23:13:49Z</time>
      </trkpt>
      <trkpt lat="23.08358" lon="113.256225">
        <time>2026-05-22T23:13:54Z</time>
      </trkpt>
      <trkpt lat="23.083672" lon="113.256191">
        <time>2026-05-22T23:13:59Z</time>
      </trkpt>
      <trkpt lat="23.083803" lon="113.256112">
        <time>2026-05-22T23:14:04Z</time>
      </trkpt>
      <trkpt lat="23.083892" lon="113.256064">
        <time>2026-05-22T23:14:09Z</time>
      </trkpt>
      <trkpt lat="23.084014" lon="113.255974">
        <time>2026-05-22T23:14:14Z</time>
      </trkpt>
      <trkpt lat="23.084097" lon="113.255925">
        <time>2026-05-22T23:14:19Z</time>
      </trkpt>
      <trkpt lat="23.084221" lon="113.255859">
        <time>2026-05-22T23:14:24Z</time>
      </trkpt>
      <trkpt lat="23.084311" lon="113.255819">
        <time>2026-05-22T23:14:29Z</time>
      </trkpt>
      <trkpt lat="23.084454" lon="113.255759">
        <time>2026-05-22T23:14:34Z</time>
      </trkpt>
      <trkpt lat="23.084537" lon="113.255715">
        <time>2026-05-22T23:14:39Z</time>
      </trkpt>
      <trkpt lat="23.084659" lon="113.255663">
        <time>2026-05-22T23:14:44Z</time>
      </trkpt>
      <trkpt lat="23.084703" lon="113.255615">
        <time>2026-05-22T23:14:49Z</time>
      </trkpt>
      <trkpt lat="23.084657" lon="113.255541">
        <time>2026-05-22T23:14:54Z</time>
      </trkpt>
      <trkpt lat="23.084634" lon="113.255485">
        <time>2026-05-22T23:14:59Z</time>
      </trkpt>
      <trkpt lat="23.084674" lon="113.255315">
        <time>2026-05-22T23:15:04Z</time>
      </trkpt>
      <trkpt lat="23.084655" lon="113.25517">
        <time>2026-05-22T23:15:09Z</time>
      </trkpt>
      <trkpt lat="23.084572" lon="113.25495">
        <time>2026-05-22T23:15:14Z</time>
      </trkpt>
      <trkpt lat="23.084535" lon="113.254866">
        <time>2026-05-22T23:15:19Z</time>
      </trkpt>
      <trkpt lat="23.08448" lon="113.254837">
        <time>2026-05-22T23:15:24Z</time>
      </trkpt>
      <trkpt lat="23.084419" lon="113.254788">
        <time>2026-05-22T23:15:29Z</time>
      </trkpt>
      <trkpt lat="23.084312" lon="113.254551">
        <time>2026-05-22T23:15:34Z</time>
      </trkpt>
      <trkpt lat="23.084266" lon="113.25442">
        <time>2026-05-22T23:15:39Z</time>
      </trkpt>
      <trkpt lat="23.084317" lon="113.25447">
        <time>2026-05-22T23:15:44Z</time>
      </trkpt>
      <trkpt lat="23.084371" lon="113.254482">
        <time>2026-05-22T23:15:49Z</time>
      </trkpt>
      <trkpt lat="23.084344" lon="113.254334">
        <time>2026-05-22T23:15:54Z</time>
      </trkpt>
      <trkpt lat="23.084311" lon="113.254209">
        <time>2026-05-22T23:15:59Z</time>
      </trkpt>
      <trkpt lat="23.084322" lon="113.254028">
        <time>2026-05-22T23:16:04Z</time>
      </trkpt>
      <trkpt lat="23.084403" lon="113.25398">
        <time>2026-05-22T23:16:09Z</time>
      </trkpt>
      <trkpt lat="23.084598" lon="113.253952">
        <time>2026-05-22T23:16:14Z</time>
      </trkpt>
      <trkpt lat="23.084708" lon="113.253915">
        <time>2026-05-22T23:16:19Z</time>
      </trkpt>
      <trkpt lat="23.084846" lon="113.253857">
        <time>2026-05-22T23:16:24Z</time>
      </trkpt>
      <trkpt lat="23.084939" lon="113.25382">
        <time>2026-05-22T23:16:29Z</time>
      </trkpt>
      <trkpt lat="23.085086" lon="113.253776">
        <time>2026-05-22T23:16:34Z</time>
      </trkpt>
      <trkpt lat="23.085182" lon="113.253743">
        <time>2026-05-22T23:16:39Z</time>
      </trkpt>
      <trkpt lat="23.085319" lon="113.253694">
        <time>2026-05-22T23:16:44Z</time>
      </trkpt>
      <trkpt lat="23.08541" lon="113.253656">
        <time>2026-05-22T23:16:49Z</time>
      </trkpt>
      <trkpt lat="23.085544" lon="113.253604">
        <time>2026-05-22T23:16:54Z</time>
      </trkpt>
      <trkpt lat="23.08563" lon="113.253571">
        <time>2026-05-22T23:16:59Z</time>
      </trkpt>
      <trkpt lat="23.085696" lon="113.253459">
        <time>2026-05-22T23:17:04Z</time>
      </trkpt>
      <trkpt lat="23.08567" lon="113.253355">
        <time>2026-05-22T23:17:09Z</time>
      </trkpt>
      <trkpt lat="23.085624" lon="113.253187">
        <time>2026-05-22T23:17:14Z</time>
      </trkpt>
      <trkpt lat="23.085597" lon="113.253081">
        <time>2026-05-22T23:17:19Z</time>
      </trkpt>
      <trkpt lat="23.085523" lon="113.252925">
        <time>2026-05-22T23:17:24Z</time>
      </trkpt>
      <trkpt lat="23.085471" lon="113.252814">
        <time>2026-05-22T23:17:29Z</time>
      </trkpt>
      <trkpt lat="23.085398" lon="113.252664">
        <time>2026-05-22T23:17:34Z</time>
      </trkpt>
      <trkpt lat="23.085352" lon="113.252571">
        <time>2026-05-22T23:17:39Z</time>
      </trkpt>
      <trkpt lat="23.085312" lon="113.252407">
        <time>2026-05-22T23:17:44Z</time>
      </trkpt>
      <trkpt lat="23.085295" lon="113.252298">
        <time>2026-05-22T23:17:49Z</time>
      </trkpt>
      <trkpt lat="23.085263" lon="113.252142">
        <time>2026-05-22T23:17:54Z</time>
      </trkpt>
      <trkpt lat="23.085237" lon="113.25204">
        <time>2026-05-22T23:17:59Z</time>
      </trkpt>
      <trkpt lat="23.085199" lon="113.25188">
        <time>2026-05-22T23:18:04Z</time>
      </trkpt>
      <trkpt lat="23.085172" lon="113.25177">
        <time>2026-05-22T23:18:09Z</time>
      </trkpt>
      <trkpt lat="23.085129" lon="113.251612">
        <time>2026-05-22T23:18:14Z</time>
      </trkpt>
      <trkpt lat="23.085105" lon="113.251505">
        <time>2026-05-22T23:18:19Z</time>
      </trkpt>
      <trkpt lat="23.085066" lon="113.25134">
        <time>2026-05-22T23:18:24Z</time>
      </trkpt>
      <trkpt lat="23.085044" lon="113.25123">
        <time>2026-05-22T23:18:29Z</time>
      </trkpt>
      <trkpt lat="23.08501" lon="113.251066">
        <time>2026-05-22T23:18:34Z</time>
      </trkpt>
      <trkpt lat="23.084984" lon="113.250956">
        <time>2026-05-22T23:18:39Z</time>
      </trkpt>
      <trkpt lat="23.084948" lon="113.250785">
        <time>2026-05-22T23:18:44Z</time>
      </trkpt>
      <trkpt lat="23.084921" lon="113.250676">
        <time>2026-05-22T23:18:49Z</time>
      </trkpt>
      <trkpt lat="23.08488" lon="113.250515">
        <time>2026-05-22T23:18:54Z</time>
      </trkpt>
      <trkpt lat="23.08486" lon="113.250408">
        <time>2026-05-22T23:18:59Z</time>
      </trkpt>
      <trkpt lat="23.084839" lon="113.250246">
        <time>2026-05-22T23:19:04Z</time>
      </trkpt>
      <trkpt lat="23.084827" lon="113.250133">
        <time>2026-05-22T23:19:09Z</time>
      </trkpt>
      <trkpt lat="23.084796" lon="113.249979">
        <time>2026-05-22T23:19:14Z</time>
      </trkpt>
      <trkpt lat="23.084785" lon="113.249865">
        <time>2026-05-22T23:19:19Z</time>
      </trkpt>
      <trkpt lat="23.084774" lon="113.249697">
        <time>2026-05-22T23:19:24Z</time>
      </trkpt>
      <trkpt lat="23.084765" lon="113.249589">
        <time>2026-05-22T23:19:29Z</time>
      </trkpt>
      <trkpt lat="23.084752" lon="113.249434">
        <time>2026-05-22T23:19:34Z</time>
      </trkpt>
      <trkpt lat="23.084728" lon="113.249334">
        <time>2026-05-22T23:19:39Z</time>
      </trkpt>
      <trkpt lat="23.084764" lon="113.249176">
        <time>2026-05-22T23:19:44Z</time>
      </trkpt>
      <trkpt lat="23.084796" lon="113.249074">
        <time>2026-05-22T23:19:49Z</time>
      </trkpt>
      <trkpt lat="23.084836" lon="113.248918">
        <time>2026-05-22T23:19:54Z</time>
      </trkpt>
      <trkpt lat="23.084837" lon="113.248828">
        <time>2026-05-22T23:19:59Z</time>
      </trkpt>
      <trkpt lat="23.084916" lon="113.248749">
        <time>2026-05-22T23:20:04Z</time>
      </trkpt>
      <trkpt lat="23.085004" lon="113.248727">
        <time>2026-05-22T23:20:09Z</time>
      </trkpt>
      <trkpt lat="23.085169" lon="113.248729">
        <time>2026-05-22T23:20:14Z</time>
      </trkpt>
      <trkpt lat="23.085279" lon="113.248726">
        <time>2026-05-22T23:20:19Z</time>
      </trkpt>
      <trkpt lat="23.085431" lon="113.248712">
        <time>2026-05-22T23:20:24Z</time>
      </trkpt>
      <trkpt lat="23.085537" lon="113.248698">
        <time>2026-05-22T23:20:29Z</time>
      </trkpt>
      <trkpt lat="23.085714" lon="113.248669">
        <time>2026-05-22T23:20:34Z</time>
      </trkpt>
      <trkpt lat="23.085814" lon="113.248632">
        <time>2026-05-22T23:20:39Z</time>
      </trkpt>
      <trkpt lat="23.085878" lon="113.248455">
        <time>2026-05-22T23:20:44Z</time>
      </trkpt>
      <trkpt lat="23.085884" lon="113.248328">
        <time>2026-05-22T23:20:49Z</time>
      </trkpt>
      <trkpt lat="23.085924" lon="113.248168">
        <time>2026-05-22T23:20:54Z</time>
      </trkpt>
      <trkpt lat="23.086021" lon="113.248125">
        <time>2026-05-22T23:20:59Z</time>
      </trkpt>
      <trkpt lat="23.08618" lon="113.248067">
        <time>2026-05-22T23:21:04Z</time>
      </trkpt>
      <trkpt lat="23.086284" lon="113.248042">
        <time>2026-05-22T23:21:09Z</time>
      </trkpt>
      <trkpt lat="23.086438" lon="113.248032">
        <time>2026-05-22T23:21:14Z</time>
      </trkpt>
      <trkpt lat="23.086535" lon="113.248006">
        <time>2026-05-22T23:21:19Z</time>
      </trkpt>
      <trkpt lat="23.086682" lon="113.247966">
        <time>2026-05-22T23:21:24Z</time>
      </trkpt>
      <trkpt lat="23.086781" lon="113.24794">
        <time>2026-05-22T23:21:29Z</time>
      </trkpt>
      <trkpt lat="23.086932" lon="113.247895">
        <time>2026-05-22T23:21:34Z</time>
      </trkpt>
      <trkpt lat="23.087033" lon="113.247855">
        <time>2026-05-22T23:21:39Z</time>
      </trkpt>
      <trkpt lat="23.087185" lon="113.24779">
        <time>2026-05-22T23:21:44Z</time>
      </trkpt>
      <trkpt lat="23.087287" lon="113.247757">
        <time>2026-05-22T23:21:49Z</time>
      </trkpt>
      <trkpt lat="23.087441" lon="113.247741">
        <time>2026-05-22T23:21:54Z</time>
      </trkpt>
      <trkpt lat="23.087538" lon="113.247711">
        <time>2026-05-22T23:21:59Z</time>
      </trkpt>
      <trkpt lat="23.087686" lon="113.247668">
        <time>2026-05-22T23:22:04Z</time>
      </trkpt>
      <trkpt lat="23.087791" lon="113.247647">
        <time>2026-05-22T23:22:09Z</time>
      </trkpt>
      <trkpt lat="23.087946" lon="113.247606">
        <time>2026-05-22T23:22:14Z</time>
      </trkpt>
      <trkpt lat="23.088047" lon="113.247583">
        <time>2026-05-22T23:22:19Z</time>
      </trkpt>
      <trkpt lat="23.088195" lon="113.247552">
        <time>2026-05-22T23:22:24Z</time>
      </trkpt>
      <trkpt lat="23.088292" lon="113.247527">
        <time>2026-05-22T23:22:29Z</time>
      </trkpt>
      <trkpt lat="23.08844" lon="113.247482">
        <time>2026-05-22T23:22:34Z</time>
      </trkpt>
      <trkpt lat="23.088538" lon="113.247461">
        <time>2026-05-22T23:22:39Z</time>
      </trkpt>
      <trkpt lat="23.08868" lon="113.247432">
        <time>2026-05-22T23:22:44Z</time>
      </trkpt>
      <trkpt lat="23.088777" lon="113.247417">
        <time>2026-05-22T23:22:49Z</time>
      </trkpt>
      <trkpt lat="23.088922" lon="113.247445">
        <time>2026-05-22T23:22:54Z</time>
      </trkpt>
      <trkpt lat="23.089032" lon="113.247438">
        <time>2026-05-22T23:22:59Z</time>
      </trkpt>
      <trkpt lat="23.089199" lon="113.247415">
        <time>2026-05-22T23:23:04Z</time>
      </trkpt>
      <trkpt lat="23.08931" lon="113.247411">
        <time>2026-05-22T23:23:09Z</time>
      </trkpt>
      <trkpt lat="23.089471" lon="113.247378">
        <time>2026-05-22T23:23:14Z</time>
      </trkpt>
      <trkpt lat="23.089573" lon="113.247369">
        <time>2026-05-22T23:23:19Z</time>
      </trkpt>
      <trkpt lat="23.089705" lon="113.247358">
        <time>2026-05-22T23:23:24Z</time>
      </trkpt>
      <trkpt lat="23.089756" lon="113.247364">
        <time>2026-05-22T23:23:29Z</time>
      </trkpt>
      <trkpt lat="23.089906" lon="113.247356">
        <time>2026-05-22T23:23:34Z</time>
      </trkpt>
      <trkpt lat="23.090034" lon="113.247327">
        <time>2026-05-22T23:23:39Z</time>
      </trkpt>
      <trkpt lat="23.090231" lon="113.247281">
        <time>2026-05-22T23:23:44Z</time>
      </trkpt>
      <trkpt lat="23.09035" lon="113.24725">
        <time>2026-05-22T23:23:49Z</time>
      </trkpt>
      <trkpt lat="23.090516" lon="113.247226">
        <time>2026-05-22T23:23:54Z</time>
      </trkpt>
      <trkpt lat="23.090624" lon="113.24721">
        <time>2026-05-22T23:23:59Z</time>
      </trkpt>
      <trkpt lat="23.090775" lon="113.247178">
        <time>2026-05-22T23:24:04Z</time>
      </trkpt>
      <trkpt lat="23.090881" lon="113.24716">
        <time>2026-05-22T23:24:09Z</time>
      </trkpt>
      <trkpt lat="23.091041" lon="113.247122">
        <time>2026-05-22T23:24:14Z</time>
      </trkpt>
      <trkpt lat="23.091145" lon="113.247096">
        <time>2026-05-22T23:24:19Z</time>
      </trkpt>
      <trkpt lat="23.091299" lon="113.247052">
        <time>2026-05-22T23:24:24Z</time>
      </trkpt>
      <trkpt lat="23.091405" lon="113.247025">
        <time>2026-05-22T23:24:29Z</time>
      </trkpt>
      <trkpt lat="23.091564" lon="113.246977">
        <time>2026-05-22T23:24:34Z</time>
      </trkpt>
      <trkpt lat="23.091669" lon="113.246925">
        <time>2026-05-22T23:24:39Z</time>
      </trkpt>
      <trkpt lat="23.091826" lon="113.246886">
        <time>2026-05-22T23:24:44Z</time>
      </trkpt>
      <trkpt lat="23.091936" lon="113.246863">
        <time>2026-05-22T23:24:49Z</time>
      </trkpt>
      <trkpt lat="23.092096" lon="113.246812">
        <time>2026-05-22T23:24:54Z</time>
      </trkpt>
      <trkpt lat="23.092195" lon="113.246775">
        <time>2026-05-22T23:24:59Z</time>
      </trkpt>
      <trkpt lat="23.092338" lon="113.246742">
        <time>2026-05-22T23:25:04Z</time>
      </trkpt>
      <trkpt lat="23.092429" lon="113.24673">
        <time>2026-05-22T23:25:09Z</time>
      </trkpt>
      <trkpt lat="23.092535" lon="113.246699">
        <time>2026-05-22T23:25:14Z</time>
      </trkpt>
      <trkpt lat="23.09263" lon="113.246659">
        <time>2026-05-22T23:25:19Z</time>
      </trkpt>
      <trkpt lat="23.092786" lon="113.246611">
        <time>2026-05-22T23:25:24Z</time>
      </trkpt>
      <trkpt lat="23.092888" lon="113.246567">
        <time>2026-05-22T23:25:29Z</time>
      </trkpt>
      <trkpt lat="23.093038" lon="113.246504">
        <time>2026-05-22T23:25:34Z</time>
      </trkpt>
      <trkpt lat="23.093137" lon="113.246478">
        <time>2026-05-22T23:25:39Z</time>
      </trkpt>
      <trkpt lat="23.093272" lon="113.246422">
        <time>2026-05-22T23:25:44Z</time>
      </trkpt>
      <trkpt lat="23.093355" lon="113.24636">
        <time>2026-05-22T23:25:49Z</time>
      </trkpt>
      <trkpt lat="23.093351" lon="113.24619">
        <time>2026-05-22T23:25:54Z</time>
      </trkpt>
      <trkpt lat="23.09339" lon="113.246105">
        <time>2026-05-22T23:25:59Z</time>
      </trkpt>
      <trkpt lat="23.093549" lon="113.24606">
        <time>2026-05-22T23:26:04Z</time>
      </trkpt>
      <trkpt lat="23.093652" lon="113.246026">
        <time>2026-05-22T23:26:09Z</time>
      </trkpt>
      <trkpt lat="23.093802" lon="113.245975">
        <time>2026-05-22T23:26:14Z</time>
      </trkpt>
      <trkpt lat="23.093906" lon="113.245958">
        <time>2026-05-22T23:26:19Z</time>
      </trkpt>
      <trkpt lat="23.094055" lon="113.245915">
        <time>2026-05-22T23:26:24Z</time>
      </trkpt>
      <trkpt lat="23.094145" lon="113.245884">
        <time>2026-05-22T23:26:29Z</time>
      </trkpt>
      <trkpt lat="23.094274" lon="113.245841">
        <time>2026-05-22T23:26:34Z</time>
      </trkpt>
      <trkpt lat="23.094374" lon="113.245809">
        <time>2026-05-22T23:26:39Z</time>
      </trkpt>
      <trkpt lat="23.09453" lon="113.24575">
        <time>2026-05-22T23:26:44Z</time>
      </trkpt>
      <trkpt lat="23.094633" lon="113.245718">
        <time>2026-05-22T23:26:49Z</time>
      </trkpt>
      <trkpt lat="23.094789" lon="113.245667">
        <time>2026-05-22T23:26:54Z</time>
      </trkpt>
      <trkpt lat="23.094893" lon="113.245628">
        <time>2026-05-22T23:26:59Z</time>
      </trkpt>
      <trkpt lat="23.095038" lon="113.245569">
        <time>2026-05-22T23:27:04Z</time>
      </trkpt>
      <trkpt lat="23.095142" lon="113.245546">
        <time>2026-05-22T23:27:09Z</time>
      </trkpt>
      <trkpt lat="23.095296" lon="113.245517">
        <time>2026-05-22T23:27:14Z</time>
      </trkpt>
      <trkpt lat="23.095392" lon="113.245495">
        <time>2026-05-22T23:27:19Z</time>
      </trkpt>
      <trkpt lat="23.09555" lon="113.245451">
        <time>2026-05-22T23:27:24Z</time>
      </trkpt>
      <trkpt lat="23.09565" lon="113.245419">
        <time>2026-05-22T23:27:29Z</time>
      </trkpt>
      <trkpt lat="23.095793" lon="113.24536">
        <time>2026-05-22T23:27:34Z</time>
      </trkpt>
      <trkpt lat="23.095895" lon="113.245328">
        <time>2026-05-22T23:27:39Z</time>
      </trkpt>
      <trkpt lat="23.096039" lon="113.245294">
        <time>2026-05-22T23:27:44Z</time>
      </trkpt>
      <trkpt lat="23.096132" lon="113.245271">
        <time>2026-05-22T23:27:49Z</time>
      </trkpt>
      <trkpt lat="23.096279" lon="113.245241">
        <time>2026-05-22T23:27:54Z</time>
      </trkpt>
      <trkpt lat="23.096376" lon="113.245212">
        <time>2026-05-22T23:27:59Z</time>
      </trkpt>
      <trkpt lat="23.096512" lon="113.245152">
        <time>2026-05-22T23:28:04Z</time>
      </trkpt>
      <trkpt lat="23.096602" lon="113.245112">
        <time>2026-05-22T23:28:09Z</time>
      </trkpt>
      <trkpt lat="23.096741" lon="113.245063">
        <time>2026-05-22T23:28:14Z</time>
      </trkpt>
      <trkpt lat="23.096838" lon="113.245033">
        <time>2026-05-22T23:28:19Z</time>
      </trkpt>
      <trkpt lat="23.096982" lon="113.244996">
        <time>2026-05-22T23:28:24Z</time>
      </trkpt>
      <trkpt lat="23.097073" lon="113.244969">
        <time>2026-05-22T23:28:29Z</time>
      </trkpt>
      <trkpt lat="23.09721" lon="113.244926">
        <time>2026-05-22T23:28:34Z</time>
      </trkpt>
      <trkpt lat="23.097303" lon="113.244901">
        <time>2026-05-22T23:28:39Z</time>
      </trkpt>
      <trkpt lat="23.097442" lon="113.24486">
        <time>2026-05-22T23:28:44Z</time>
      </trkpt>
      <trkpt lat="23.097537" lon="113.244832">
        <time>2026-05-22T23:28:49Z</time>
      </trkpt>
      <trkpt lat="23.09768" lon="113.244799">
        <time>2026-05-22T23:28:54Z</time>
      </trkpt>
      <trkpt lat="23.097775" lon="113.244771">
        <time>2026-05-22T23:28:59Z</time>
      </trkpt>
      <trkpt lat="23.097931" lon="113.244743">
        <time>2026-05-22T23:29:04Z</time>
      </trkpt>
      <trkpt lat="23.098026" lon="113.244711">
        <time>2026-05-22T23:29:09Z</time>
      </trkpt>
      <trkpt lat="23.098154" lon="113.244656">
        <time>2026-05-22T23:29:14Z</time>
      </trkpt>
      <trkpt lat="23.098246" lon="113.24462">
        <time>2026-05-22T23:29:19Z</time>
      </trkpt>
      <trkpt lat="23.098381" lon="113.244557">
        <time>2026-05-22T23:29:24Z</time>
      </trkpt>
      <trkpt lat="23.098476" lon="113.24452">
        <time>2026-05-22T23:29:29Z</time>
      </trkpt>
      <trkpt lat="23.098618" lon="113.244492">
        <time>2026-05-22T23:29:34Z</time>
      </trkpt>
      <trkpt lat="23.098709" lon="113.244492">
        <time>2026-05-22T23:29:39Z</time>
      </trkpt>
      <trkpt lat="23.098857" lon="113.244541">
        <time>2026-05-22T23:29:44Z</time>
      </trkpt>
      <trkpt lat="23.098918" lon="113.244611">
        <time>2026-05-22T23:29:49Z</time>
      </trkpt>
      <trkpt lat="23.099007" lon="113.244681">
        <time>2026-05-22T23:29:54Z</time>
      </trkpt>
      <trkpt lat="23.099081" lon="113.24473">
        <time>2026-05-22T23:29:59Z</time>
      </trkpt>
      <trkpt lat="23.0992" lon="113.244833">
        <time>2026-05-22T23:30:04Z</time>
      </trkpt>
      <trkpt lat="23.099265" lon="113.244911">
        <time>2026-05-22T23:30:09Z</time>
      </trkpt>
      <trkpt lat="23.099354" lon="113.245037">
        <time>2026-05-22T23:30:14Z</time>
      </trkpt>
      <trkpt lat="23.099413" lon="113.245116">
        <time>2026-05-22T23:30:19Z</time>
      </trkpt>
      <trkpt lat="23.099511" lon="113.245228">
        <time>2026-05-22T23:30:24Z</time>
      </trkpt>
      <trkpt lat="23.099567" lon="113.245304">
        <time>2026-05-22T23:30:29Z</time>
      </trkpt>
      <trkpt lat="23.099629" lon="113.245411">
        <time>2026-05-22T23:30:34Z</time>
      </trkpt>
      <trkpt lat="23.099689" lon="113.245496">
        <time>2026-05-22T23:30:39Z</time>
      </trkpt>
      <trkpt lat="23.099776" lon="113.245612">
        <time>2026-05-22T23:30:44Z</time>
      </trkpt>
      <trkpt lat="23.099821" lon="113.245695">
        <time>2026-05-22T23:30:49Z</time>
      </trkpt>
      <trkpt lat="23.099877" lon="113.245819">
        <time>2026-05-22T23:30:54Z</time>
      </trkpt>
      <trkpt lat="23.099942" lon="113.24592">
        <time>2026-05-22T23:30:59Z</time>
      </trkpt>
      <trkpt lat="23.100029" lon="113.246064">
        <time>2026-05-22T23:31:04Z</time>
      </trkpt>
      <trkpt lat="23.100074" lon="113.246163">
        <time>2026-05-22T23:31:09Z</time>
      </trkpt>
      <trkpt lat="23.100173" lon="113.246346">
        <time>2026-05-22T23:31:14Z</time>
      </trkpt>
      <trkpt lat="23.100235" lon="113.246464">
        <time>2026-05-22T23:31:19Z</time>
      </trkpt>
      <trkpt lat="23.100311" lon="113.24659">
        <time>2026-05-22T23:31:24Z</time>
      </trkpt>
      <trkpt lat="23.100361" lon="113.246648">
        <time>2026-05-22T23:31:29Z</time>
      </trkpt>
      <trkpt lat="23.100448" lon="113.246748">
        <time>2026-05-22T23:31:34Z</time>
      </trkpt>
      <trkpt lat="23.100498" lon="113.246824">
        <time>2026-05-22T23:31:39Z</time>
      </trkpt>
      <trkpt lat="23.100587" lon="113.246945">
        <time>2026-05-22T23:31:44Z</time>
      </trkpt>
      <trkpt lat="23.100734" lon="113.247046">
        <time>2026-05-22T23:31:49Z</time>
      </trkpt>
      <trkpt lat="23.100849" lon="113.247187">
        <time>2026-05-22T23:31:54Z</time>
      </trkpt>
      <trkpt lat="23.100946" lon="113.247253">
        <time>2026-05-22T23:31:59Z</time>
      </trkpt>
      <trkpt lat="23.101076" lon="113.247398">
        <time>2026-05-22T23:32:04Z</time>
      </trkpt>
      <trkpt lat="23.101152" lon="113.247477">
        <time>2026-05-22T23:32:09Z</time>
      </trkpt>
      <trkpt lat="23.101286" lon="113.247412">
        <time>2026-05-22T23:32:14Z</time>
      </trkpt>
      <trkpt lat="23.101388" lon="113.247344">
        <time>2026-05-22T23:32:19Z</time>
      </trkpt>
      <trkpt lat="23.101493" lon="113.247286">
        <time>2026-05-22T23:32:24Z</time>
      </trkpt>
      <trkpt lat="23.101546" lon="113.247253">
        <time>2026-05-22T23:32:29Z</time>
      </trkpt>
      <trkpt lat="23.101545" lon="113.247099">
        <time>2026-05-22T23:32:34Z</time>
      </trkpt>
      <trkpt lat="23.101474" lon="113.246995">
        <time>2026-05-22T23:32:39Z</time>
      </trkpt>
      <trkpt lat="23.101353" lon="113.246901">
        <time>2026-05-22T23:32:44Z</time>
      </trkpt>
      <trkpt lat="23.10127" lon="113.246826">
        <time>2026-05-22T23:32:49Z</time>
      </trkpt>
      <trkpt lat="23.101166" lon="113.246668">
        <time>2026-05-22T23:32:54Z</time>
      </trkpt>
      <trkpt lat="23.101092" lon="113.246561">
        <time>2026-05-22T23:32:59Z</time>
      </trkpt>
      <trkpt lat="23.101009" lon="113.246386">
        <time>2026-05-22T23:33:04Z</time>
      </trkpt>
      <trkpt lat="23.10096" lon="113.246293">
        <time>2026-05-22T23:33:09Z</time>
      </trkpt>
      <trkpt lat="23.100858" lon="113.246162">
        <time>2026-05-22T23:33:14Z</time>
      </trkpt>
      <trkpt lat="23.100769" lon="113.246076">
        <time>2026-05-22T23:33:19Z</time>
      </trkpt>
      <trkpt lat="23.10066" lon="113.245938">
        <time>2026-05-22T23:33:24Z</time>
      </trkpt>
      <trkpt lat="23.100605" lon="113.245835">
        <time>2026-05-22T23:33:29Z</time>
      </trkpt>
      <trkpt lat="23.100504" lon="113.245728">
        <time>2026-05-22T23:33:34Z</time>
      </trkpt>
      <trkpt lat="23.100437" lon="113.245655">
        <time>2026-05-22T23:33:39Z</time>
      </trkpt>
      <trkpt lat="23.10035" lon="113.245535">
        <time>2026-05-22T23:33:44Z</time>
      </trkpt>
      <trkpt lat="23.100295" lon="113.245445">
        <time>2026-05-22T23:33:49Z</time>
      </trkpt>
      <trkpt lat="23.100201" lon="113.245305">
        <time>2026-05-22T23:33:54Z</time>
      </trkpt>
      <trkpt lat="23.100142" lon="113.245223">
        <time>2026-05-22T23:33:59Z</time>
      </trkpt>
      <trkpt lat="23.100086" lon="113.245093">
        <time>2026-05-22T23:34:04Z</time>
      </trkpt>
      <trkpt lat="23.100033" lon="113.245029">
        <time>2026-05-22T23:34:09Z</time>
      </trkpt>
      <trkpt lat="23.099964" lon="113.244892">
        <time>2026-05-22T23:34:14Z</time>
      </trkpt>
      <trkpt lat="23.099923" lon="113.24477">
        <time>2026-05-22T23:34:19Z</time>
      </trkpt>
      <trkpt lat="23.099883" lon="113.244645">
        <time>2026-05-22T23:34:24Z</time>
      </trkpt>
      <trkpt lat="23.099868" lon="113.24463">
        <time>2026-05-22T23:34:29Z</time>
      </trkpt>
      <trkpt lat="23.099852" lon="113.244685">
        <time>2026-05-22T23:34:34Z</time>
      </trkpt>
      <trkpt lat="23.09997" lon="113.244849">
        <time>2026-05-22T23:34:39Z</time>
      </trkpt>
      <trkpt lat="23.10006" lon="113.244939">
        <time>2026-05-22T23:34:44Z</time>
      </trkpt>
      <trkpt lat="23.100113" lon="113.245071">
        <time>2026-05-22T23:34:49Z</time>
      </trkpt>
      <trkpt lat="23.100158" lon="113.245188">
        <time>2026-05-22T23:34:54Z</time>
      </trkpt>
      <trkpt lat="23.100245" lon="113.245367">
        <time>2026-05-22T23:34:59Z</time>
      </trkpt>
      <trkpt lat="23.100303" lon="113.245458">
        <time>2026-05-22T23:35:04Z</time>
      </trkpt>
      <trkpt lat="23.100379" lon="113.245585">
        <time>2026-05-22T23:35:09Z</time>
      </trkpt>
      <trkpt lat="23.10042" lon="113.245664">
        <time>2026-05-22T23:35:14Z</time>
      </trkpt>
      <trkpt lat="23.100476" lon="113.24578">
        <time>2026-05-22T23:35:19Z</time>
      </trkpt>
      <trkpt lat="23.100536" lon="113.245874">
        <time>2026-05-22T23:35:24Z</time>
      </trkpt>
      <trkpt lat="23.100639" lon="113.246008">
        <time>2026-05-22T23:35:29Z</time>
      </trkpt>
      <trkpt lat="23.100721" lon="113.246079">
        <time>2026-05-22T23:35:34Z</time>
      </trkpt>
      <trkpt lat="23.100799" lon="113.246204">
        <time>2026-05-22T23:35:39Z</time>
      </trkpt>
      <trkpt lat="23.100843" lon="113.246285">
        <time>2026-05-22T23:35:44Z</time>
      </trkpt>
      <trkpt lat="23.100913" lon="113.246429">
        <time>2026-05-22T23:35:49Z</time>
      </trkpt>
      <trkpt lat="23.100942" lon="113.246511">
        <time>2026-05-22T23:35:54Z</time>
      </trkpt>
      <trkpt lat="23.101023" lon="113.246654">
        <time>2026-05-22T23:35:59Z</time>
      </trkpt>
      <trkpt lat="23.101085" lon="113.246744">
        <time>2026-05-22T23:36:04Z</time>
      </trkpt>
      <trkpt lat="23.101211" lon="113.246853">
        <time>2026-05-22T23:36:09Z</time>
      </trkpt>
      <trkpt lat="23.101306" lon="113.246902">
        <time>2026-05-22T23:36:14Z</time>
      </trkpt>
      <trkpt lat="23.101432" lon="113.247043">
        <time>2026-05-22T23:36:19Z</time>
      </trkpt>
      <trkpt lat="23.10147" lon="113.247133">
        <time>2026-05-22T23:36:24Z</time>
      </trkpt>
      <trkpt lat="23.101448" lon="113.247232">
        <time>2026-05-22T23:36:29Z</time>
      </trkpt>
      <trkpt lat="23.101386" lon="113.247289">
        <time>2026-05-22T23:36:34Z</time>
      </trkpt>
      <trkpt lat="23.101276" lon="113.247392">
        <time>2026-05-22T23:36:39Z</time>
      </trkpt>
      <trkpt lat="23.101213" lon="113.247431">
        <time>2026-05-22T23:36:44Z</time>
      </trkpt>
      <trkpt lat="23.101171" lon="113.247376">
        <time>2026-05-22T23:36:49Z</time>
      </trkpt>
      <trkpt lat="23.101123" lon="113.247311">
        <time>2026-05-22T23:36:54Z</time>
      </trkpt>
      <trkpt lat="23.101" lon="113.247219">
        <time>2026-05-22T23:36:59Z</time>
      </trkpt>
      <trkpt lat="23.10093" lon="113.247151">
        <time>2026-05-22T23:37:04Z</time>
      </trkpt>
      <trkpt lat="23.100814" lon="113.247021">
        <time>2026-05-22T23:37:09Z</time>
      </trkpt>
      <trkpt lat="23.100736" lon="113.24694">
        <time>2026-05-22T23:37:14Z</time>
      </trkpt>
      <trkpt lat="23.100617" lon="113.246855">
        <time>2026-05-22T23:37:19Z</time>
      </trkpt>
      <trkpt lat="23.100553" lon="113.246805">
        <time>2026-05-22T23:37:24Z</time>
      </trkpt>
      <trkpt lat="23.100486" lon="113.246674">
        <time>2026-05-22T23:37:29Z</time>
      </trkpt>
      <trkpt lat="23.100459" lon="113.24656">
        <time>2026-05-22T23:37:34Z</time>
      </trkpt>
      <trkpt lat="23.100372" lon="113.246385">
        <time>2026-05-22T23:37:39Z</time>
      </trkpt>
      <trkpt lat="23.100319" lon="113.24629">
        <time>2026-05-22T23:37:44Z</time>
      </trkpt>
      <trkpt lat="23.10024" lon="113.246164">
        <time>2026-05-22T23:37:49Z</time>
      </trkpt>
      <trkpt lat="23.100177" lon="113.246087">
        <time>2026-05-22T23:37:54Z</time>
      </trkpt>
      <trkpt lat="23.100088" lon="113.245992">
        <time>2026-05-22T23:37:59Z</time>
      </trkpt>
      <trkpt lat="23.10004" lon="113.245922">
        <time>2026-05-22T23:38:04Z</time>
      </trkpt>
      <trkpt lat="23.09995" lon="113.245834">
        <time>2026-05-22T23:38:09Z</time>
      </trkpt>
      <trkpt lat="23.099877" lon="113.245762">
        <time>2026-05-22T23:38:14Z</time>
      </trkpt>
      <trkpt lat="23.099765" lon="113.245636">
        <time>2026-05-22T23:38:19Z</time>
      </trkpt>
      <trkpt lat="23.09971" lon="113.245556">
        <time>2026-05-22T23:38:24Z</time>
      </trkpt>
      <trkpt lat="23.099649" lon="113.245433">
        <time>2026-05-22T23:38:29Z</time>
      </trkpt>
      <trkpt lat="23.099606" lon="113.245337">
        <time>2026-05-22T23:38:34Z</time>
      </trkpt>
      <trkpt lat="23.099506" lon="113.2452">
        <time>2026-05-22T23:38:39Z</time>
      </trkpt>
      <trkpt lat="23.099443" lon="113.245112">
        <time>2026-05-22T23:38:44Z</time>
      </trkpt>
      <trkpt lat="23.099347" lon="113.244979">
        <time>2026-05-22T23:38:49Z</time>
      </trkpt>
      <trkpt lat="23.099279" lon="113.24489">
        <time>2026-05-22T23:38:54Z</time>
      </trkpt>
      <trkpt lat="23.099169" lon="113.244774">
        <time>2026-05-22T23:38:59Z</time>
      </trkpt>
      <trkpt lat="23.099084" lon="113.244719">
        <time>2026-05-22T23:39:04Z</time>
      </trkpt>
      <trkpt lat="23.098971" lon="113.24466">
        <time>2026-05-22T23:39:09Z</time>
      </trkpt>
      <trkpt lat="23.098903" lon="113.244609">
        <time>2026-05-22T23:39:14Z</time>
      </trkpt>
      <trkpt lat="23.09879" lon="113.244552">
        <time>2026-05-22T23:39:19Z</time>
      </trkpt>
      <trkpt lat="23.098706" lon="113.244536">
        <time>2026-05-22T23:39:24Z</time>
      </trkpt>
      <trkpt lat="23.098569" lon="113.244541">
        <time>2026-05-22T23:39:29Z</time>
      </trkpt>
      <trkpt lat="23.098471" lon="113.244563">
        <time>2026-05-22T23:39:34Z</time>
      </trkpt>
      <trkpt lat="23.098327" lon="113.244588">
        <time>2026-05-22T23:39:39Z</time>
      </trkpt>
      <trkpt lat="23.098231" lon="113.244598">
        <time>2026-05-22T23:39:44Z</time>
      </trkpt>
      <trkpt lat="23.098106" lon="113.244634">
        <time>2026-05-22T23:39:49Z</time>
      </trkpt>
      <trkpt lat="23.098026" lon="113.244653">
        <time>2026-05-22T23:39:54Z</time>
      </trkpt>
      <trkpt lat="23.09788" lon="113.244688">
        <time>2026-05-22T23:39:59Z</time>
      </trkpt>
      <trkpt lat="23.097785" lon="113.244715">
        <time>2026-05-22T23:40:04Z</time>
      </trkpt>
      <trkpt lat="23.097637" lon="113.244762">
        <time>2026-05-22T23:40:09Z</time>
      </trkpt>
      <trkpt lat="23.097539" lon="113.244798">
        <time>2026-05-22T23:40:14Z</time>
      </trkpt>
      <trkpt lat="23.097409" lon="113.244842">
        <time>2026-05-22T23:40:19Z</time>
      </trkpt>
      <trkpt lat="23.097318" lon="113.244866">
        <time>2026-05-22T23:40:24Z</time>
      </trkpt>
      <trkpt lat="23.097189" lon="113.244919">
        <time>2026-05-22T23:40:29Z</time>
      </trkpt>
      <trkpt lat="23.097097" lon="113.244948">
        <time>2026-05-22T23:40:34Z</time>
      </trkpt>
      <trkpt lat="23.096959" lon="113.244987">
        <time>2026-05-22T23:40:39Z</time>
      </trkpt>
      <trkpt lat="23.096869" lon="113.245015">
        <time>2026-05-22T23:40:44Z</time>
      </trkpt>
      <trkpt lat="23.096732" lon="113.245051">
        <time>2026-05-22T23:40:49Z</time>
      </trkpt>
      <trkpt lat="23.096641" lon="113.245076">
        <time>2026-05-22T23:40:54Z</time>
      </trkpt>
      <trkpt lat="23.096507" lon="113.245122">
        <time>2026-05-22T23:40:59Z</time>
      </trkpt>
      <trkpt lat="23.096416" lon="113.245146">
        <time>2026-05-22T23:41:04Z</time>
      </trkpt>
      <trkpt lat="23.096283" lon="113.245183">
        <time>2026-05-22T23:41:09Z</time>
      </trkpt>
      <trkpt lat="23.096195" lon="113.245214">
        <time>2026-05-22T23:41:14Z</time>
      </trkpt>
      <trkpt lat="23.096064" lon="113.245262">
        <time>2026-05-22T23:41:19Z</time>
      </trkpt>
      <trkpt lat="23.095978" lon="113.245291">
        <time>2026-05-22T23:41:24Z</time>
      </trkpt>
      <trkpt lat="23.095849" lon="113.245328">
        <time>2026-05-22T23:41:29Z</time>
      </trkpt>
      <trkpt lat="23.09576" lon="113.245356">
        <time>2026-05-22T23:41:34Z</time>
      </trkpt>
      <trkpt lat="23.09562" lon="113.2454">
        <time>2026-05-22T23:41:39Z</time>
      </trkpt>
      <trkpt lat="23.095524" lon="113.245427">
        <time>2026-05-22T23:41:44Z</time>
      </trkpt>
      <trkpt lat="23.095393" lon="113.245465">
        <time>2026-05-22T23:41:49Z</time>
      </trkpt>
      <trkpt lat="23.095306" lon="113.245493">
        <time>2026-05-22T23:41:54Z</time>
      </trkpt>
      <trkpt lat="23.095181" lon="113.245533">
        <time>2026-05-22T23:41:59Z</time>
      </trkpt>
      <trkpt lat="23.095097" lon="113.245558">
        <time>2026-05-22T23:42:04Z</time>
      </trkpt>
      <trkpt lat="23.094967" lon="113.245593">
        <time>2026-05-22T23:42:09Z</time>
      </trkpt>
      <trkpt lat="23.094878" lon="113.245614">
        <time>2026-05-22T23:42:14Z</time>
      </trkpt>
      <trkpt lat="23.094738" lon="113.245656">
        <time>2026-05-22T23:42:19Z</time>
      </trkpt>
      <trkpt lat="23.094646" lon="113.245683">
        <time>2026-05-22T23:42:24Z</time>
      </trkpt>
      <trkpt lat="23.094509" lon="113.245726">
        <time>2026-05-22T23:42:29Z</time>
      </trkpt>
      <trkpt lat="23.094419" lon="113.245751">
        <time>2026-05-22T23:42:34Z</time>
      </trkpt>
      <trkpt lat="23.094283" lon="113.245784">
        <time>2026-05-22T23:42:39Z</time>
      </trkpt>
      <trkpt lat="23.094188" lon="113.245812">
        <time>2026-05-22T23:42:44Z</time>
      </trkpt>
      <trkpt lat="23.094051" lon="113.245855">
        <time>2026-05-22T23:42:49Z</time>
      </trkpt>
      <trkpt lat="23.093962" lon="113.245887">
        <time>2026-05-22T23:42:54Z</time>
      </trkpt>
      <trkpt lat="23.093825" lon="113.245942">
        <time>2026-05-22T23:42:59Z</time>
      </trkpt>
      <trkpt lat="23.09373" lon="113.245976">
        <time>2026-05-22T23:43:04Z</time>
      </trkpt>
      <trkpt lat="23.093589" lon="113.246024">
        <time>2026-05-22T23:43:09Z</time>
      </trkpt>
      <trkpt lat="23.093496" lon="113.246053">
        <time>2026-05-22T23:43:14Z</time>
      </trkpt>
      <trkpt lat="23.093352" lon="113.24609">
        <time>2026-05-22T23:43:19Z</time>
      </trkpt>
      <trkpt lat="23.093287" lon="113.246152">
        <time>2026-05-22T23:43:24Z</time>
      </trkpt>
      <trkpt lat="23.093303" lon="113.24631">
        <time>2026-05-22T23:43:29Z</time>
      </trkpt>
      <trkpt lat="23.093286" lon="113.246388">
        <time>2026-05-22T23:43:34Z</time>
      </trkpt>
      <trkpt lat="23.093149" lon="113.246433">
        <time>2026-05-22T23:43:39Z</time>
      </trkpt>
      <trkpt lat="23.093051" lon="113.246471">
        <time>2026-05-22T23:43:44Z</time>
      </trkpt>
      <trkpt lat="23.09291" lon="113.246527">
        <time>2026-05-22T23:43:49Z</time>
      </trkpt>
      <trkpt lat="23.092812" lon="113.246551">
        <time>2026-05-22T23:43:54Z</time>
      </trkpt>
      <trkpt lat="23.092665" lon="113.246585">
        <time>2026-05-22T23:43:59Z</time>
      </trkpt>
      <trkpt lat="23.09257" lon="113.246611">
        <time>2026-05-22T23:44:04Z</time>
      </trkpt>
      <trkpt lat="23.092452" lon="113.246677">
        <time>2026-05-22T23:44:09Z</time>
      </trkpt>
      <trkpt lat="23.092396" lon="113.246711">
        <time>2026-05-22T23:44:14Z</time>
      </trkpt>
      <trkpt lat="23.09226" lon="113.246758">
        <time>2026-05-22T23:44:19Z</time>
      </trkpt>
      <trkpt lat="23.092161" lon="113.246793">
        <time>2026-05-22T23:44:24Z</time>
      </trkpt>
      <trkpt lat="23.092007" lon="113.246832">
        <time>2026-05-22T23:44:29Z</time>
      </trkpt>
      <trkpt lat="23.091908" lon="113.246849">
        <time>2026-05-22T23:44:34Z</time>
      </trkpt>
      <trkpt lat="23.09176" lon="113.24686">
        <time>2026-05-22T23:44:39Z</time>
      </trkpt>
      <trkpt lat="23.091661" lon="113.246876">
        <time>2026-05-22T23:44:44Z</time>
      </trkpt>
      <trkpt lat="23.091511" lon="113.246908">
        <time>2026-05-22T23:44:49Z</time>
      </trkpt>
      <trkpt lat="23.091414" lon="113.246935">
        <time>2026-05-22T23:44:54Z</time>
      </trkpt>
      <trkpt lat="23.091268" lon="113.246975">
        <time>2026-05-22T23:44:59Z</time>
      </trkpt>
      <trkpt lat="23.091165" lon="113.247004">
        <time>2026-05-22T23:45:04Z</time>
      </trkpt>
      <trkpt lat="23.091011" lon="113.247037">
        <time>2026-05-22T23:45:09Z</time>
      </trkpt>
      <trkpt lat="23.090906" lon="113.247059">
        <time>2026-05-22T23:45:14Z</time>
      </trkpt>
      <trkpt lat="23.090752" lon="113.247106">
        <time>2026-05-22T23:45:19Z</time>
      </trkpt>
      <trkpt lat="23.090658" lon="113.247138">
        <time>2026-05-22T23:45:24Z</time>
      </trkpt>
      <trkpt lat="23.090513" lon="113.247169">
        <time>2026-05-22T23:45:29Z</time>
      </trkpt>
      <trkpt lat="23.090415" lon="113.2472">
        <time>2026-05-22T23:45:34Z</time>
      </trkpt>
      <trkpt lat="23.090265" lon="113.24725">
        <time>2026-05-22T23:45:39Z</time>
      </trkpt>
      <trkpt lat="23.090164" lon="113.247272">
        <time>2026-05-22T23:45:44Z</time>
      </trkpt>
      <trkpt lat="23.090014" lon="113.247299">
        <time>2026-05-22T23:45:49Z</time>
      </trkpt>
      <trkpt lat="23.089914" lon="113.24732">
        <time>2026-05-22T23:45:54Z</time>
      </trkpt>
      <trkpt lat="23.089777" lon="113.247363">
        <time>2026-05-22T23:45:59Z</time>
      </trkpt>
      <trkpt lat="23.08972" lon="113.247369">
        <time>2026-05-22T23:46:04Z</time>
      </trkpt>
      <trkpt lat="23.089603" lon="113.247358">
        <time>2026-05-22T23:46:09Z</time>
      </trkpt>
      <trkpt lat="23.089502" lon="113.247354">
        <time>2026-05-22T23:46:14Z</time>
      </trkpt>
      <trkpt lat="23.089346" lon="113.247312">
        <time>2026-05-22T23:46:19Z</time>
      </trkpt>
      <trkpt lat="23.089245" lon="113.247285">
        <time>2026-05-22T23:46:24Z</time>
      </trkpt>
      <trkpt lat="23.089091" lon="113.247277">
        <time>2026-05-22T23:46:29Z</time>
      </trkpt>
      <trkpt lat="23.088987" lon="113.247293">
        <time>2026-05-22T23:46:34Z</time>
      </trkpt>
      <trkpt lat="23.088835" lon="113.247334">
        <time>2026-05-22T23:46:39Z</time>
      </trkpt>
      <trkpt lat="23.088738" lon="113.247358">
        <time>2026-05-22T23:46:44Z</time>
      </trkpt>
      <trkpt lat="23.088594" lon="113.247393">
        <time>2026-05-22T23:46:49Z</time>
      </trkpt>
      <trkpt lat="23.088497" lon="113.24741">
        <time>2026-05-22T23:46:54Z</time>
      </trkpt>
      <trkpt lat="23.088355" lon="113.247448">
        <time>2026-05-22T23:46:59Z</time>
      </trkpt>
      <trkpt lat="23.088262" lon="113.247478">
        <time>2026-05-22T23:47:04Z</time>
      </trkpt>
      <trkpt lat="23.088121" lon="113.247525">
        <time>2026-05-22T23:47:09Z</time>
      </trkpt>
      <trkpt lat="23.088026" lon="113.247554">
        <time>2026-05-22T23:47:14Z</time>
      </trkpt>
      <trkpt lat="23.08788" lon="113.24758">
        <time>2026-05-22T23:47:19Z</time>
      </trkpt>
      <trkpt lat="23.08778" lon="113.247599">
        <time>2026-05-22T23:47:24Z</time>
      </trkpt>
      <trkpt lat="23.087635" lon="113.247635">
        <time>2026-05-22T23:47:29Z</time>
      </trkpt>
      <trkpt lat="23.087538" lon="113.247661">
        <time>2026-05-22T23:47:34Z</time>
      </trkpt>
      <trkpt lat="23.087396" lon="113.247709">
        <time>2026-05-22T23:47:39Z</time>
      </trkpt>
      <trkpt lat="23.087302" lon="113.247744">
        <time>2026-05-22T23:47:44Z</time>
      </trkpt>
      <trkpt lat="23.087157" lon="113.247781">
        <time>2026-05-22T23:47:49Z</time>
      </trkpt>
      <trkpt lat="23.087063" lon="113.247815">
        <time>2026-05-22T23:47:54Z</time>
      </trkpt>
      <trkpt lat="23.086924" lon="113.247867">
        <time>2026-05-22T23:47:59Z</time>
      </trkpt>
      <trkpt lat="23.086827" lon="113.247893">
        <time>2026-05-22T23:48:04Z</time>
      </trkpt>
      <trkpt lat="23.086678" lon="113.247926">
        <time>2026-05-22T23:48:09Z</time>
      </trkpt>
      <trkpt lat="23.086581" lon="113.247949">
        <time>2026-05-22T23:48:14Z</time>
      </trkpt>
      <trkpt lat="23.086442" lon="113.247998">
        <time>2026-05-22T23:48:19Z</time>
      </trkpt>
      <trkpt lat="23.086348" lon="113.248023">
        <time>2026-05-22T23:48:24Z</time>
      </trkpt>
      <trkpt lat="23.086206" lon="113.248053">
        <time>2026-05-22T23:48:29Z</time>
      </trkpt>
      <trkpt lat="23.086115" lon="113.248081">
        <time>2026-05-22T23:48:34Z</time>
      </trkpt>
      <trkpt lat="23.085976" lon="113.248114">
        <time>2026-05-22T23:48:39Z</time>
      </trkpt>
      <trkpt lat="23.085886" lon="113.248143">
        <time>2026-05-22T23:48:44Z</time>
      </trkpt>
      <trkpt lat="23.085823" lon="113.248264">
        <time>2026-05-22T23:48:49Z</time>
      </trkpt>
      <trkpt lat="23.085807" lon="113.248359">
        <time>2026-05-22T23:48:54Z</time>
      </trkpt>
      <trkpt lat="23.085795" lon="113.248486">
        <time>2026-05-22T23:48:59Z</time>
      </trkpt>
      <trkpt lat="23.08572" lon="113.248514">
        <time>2026-05-22T23:49:04Z</time>
      </trkpt>
      <trkpt lat="23.085589" lon="113.248537">
        <time>2026-05-22T23:49:09Z</time>
      </trkpt>
      <trkpt lat="23.0855" lon="113.248554">
        <time>2026-05-22T23:49:14Z</time>
      </trkpt>
      <trkpt lat="23.085361" lon="113.24856">
        <time>2026-05-22T23:49:19Z</time>
      </trkpt>
      <trkpt lat="23.085271" lon="113.248589">
        <time>2026-05-22T23:49:24Z</time>
      </trkpt>
      <trkpt lat="23.085148" lon="113.248653">
        <time>2026-05-22T23:49:29Z</time>
      </trkpt>
      <trkpt lat="23.085057" lon="113.248673">
        <time>2026-05-22T23:49:34Z</time>
      </trkpt>
      <trkpt lat="23.084921" lon="113.248705">
        <time>2026-05-22T23:49:39Z</time>
      </trkpt>
      <trkpt lat="23.08485" lon="113.248771">
        <time>2026-05-22T23:49:44Z</time>
      </trkpt>
      <trkpt lat="23.084822" lon="113.248933">
        <time>2026-05-22T23:49:49Z</time>
      </trkpt>
      <trkpt lat="23.084785" lon="113.249036">
        <time>2026-05-22T23:49:54Z</time>
      </trkpt>
      <trkpt lat="23.084723" lon="113.24919">
        <time>2026-05-22T23:49:59Z</time>
      </trkpt>
      <trkpt lat="23.084696" lon="113.249283">
        <time>2026-05-22T23:50:04Z</time>
      </trkpt>
      <trkpt lat="23.084682" lon="113.24942">
        <time>2026-05-22T23:50:09Z</time>
      </trkpt>
      <trkpt lat="23.084691" lon="113.249516">
        <time>2026-05-22T23:50:14Z</time>
      </trkpt>
      <trkpt lat="23.084732" lon="113.249693">
        <time>2026-05-22T23:50:19Z</time>
      </trkpt>
      <trkpt lat="23.084744" lon="113.24981">
        <time>2026-05-22T23:50:24Z</time>
      </trkpt>
      <trkpt lat="23.08477" lon="113.249995">
        <time>2026-05-22T23:50:29Z</time>
      </trkpt>
      <trkpt lat="23.084801" lon="113.250099">
        <time>2026-05-22T23:50:34Z</time>
      </trkpt>
      <trkpt lat="23.084848" lon="113.250254">
        <time>2026-05-22T23:50:39Z</time>
      </trkpt>
      <trkpt lat="23.084884" lon="113.250355">
        <time>2026-05-22T23:50:44Z</time>
      </trkpt>
      <trkpt lat="23.084895" lon="113.250511">
        <time>2026-05-22T23:50:49Z</time>
      </trkpt>
      <trkpt lat="23.0849" lon="113.250611">
        <time>2026-05-22T23:50:54Z</time>
      </trkpt>
      <trkpt lat="23.084917" lon="113.25077">
        <time>2026-05-22T23:50:59Z</time>
      </trkpt>
      <trkpt lat="23.084943" lon="113.250873">
        <time>2026-05-22T23:51:04Z</time>
      </trkpt>
      <trkpt lat="23.084979" lon="113.251026">
        <time>2026-05-22T23:51:09Z</time>
      </trkpt>
      <trkpt lat="23.084998" lon="113.251134">
        <time>2026-05-22T23:51:14Z</time>
      </trkpt>
      <trkpt lat="23.085026" lon="113.251292">
        <time>2026-05-22T23:51:19Z</time>
      </trkpt>
      <trkpt lat="23.085041" lon="113.251394">
        <time>2026-05-22T23:51:24Z</time>
      </trkpt>
      <trkpt lat="23.085074" lon="113.25155">
        <time>2026-05-22T23:51:29Z</time>
      </trkpt>
      <trkpt lat="23.085093" lon="113.251655">
        <time>2026-05-22T23:51:34Z</time>
      </trkpt>
      <trkpt lat="23.085121" lon="113.251815">
        <time>2026-05-22T23:51:39Z</time>
      </trkpt>
      <trkpt lat="23.085143" lon="113.251925">
        <time>2026-05-22T23:51:44Z</time>
      </trkpt>
      <trkpt lat="23.085183" lon="113.25208">
        <time>2026-05-22T23:51:49Z</time>
      </trkpt>
      <trkpt lat="23.085215" lon="113.252191">
        <time>2026-05-22T23:51:54Z</time>
      </trkpt>
      <trkpt lat="23.08525" lon="113.252372">
        <time>2026-05-22T23:51:59Z</time>
      </trkpt>
      <trkpt lat="23.085277" lon="113.252477">
        <time>2026-05-22T23:52:04Z</time>
      </trkpt>
      <trkpt lat="23.085334" lon="113.252625">
        <time>2026-05-22T23:52:09Z</time>
      </trkpt>
      <trkpt lat="23.085376" lon="113.252724">
        <time>2026-05-22T23:52:14Z</time>
      </trkpt>
      <trkpt lat="23.085442" lon="113.252864">
        <time>2026-05-22T23:52:19Z</time>
      </trkpt>
      <trkpt lat="23.085482" lon="113.252966">
        <time>2026-05-22T23:52:24Z</time>
      </trkpt>
      <trkpt lat="23.085536" lon="113.253111">
        <time>2026-05-22T23:52:29Z</time>
      </trkpt>
      <trkpt lat="23.085576" lon="113.2532">
        <time>2026-05-22T23:52:34Z</time>
      </trkpt>
      <trkpt lat="23.085646" lon="113.253351">
        <time>2026-05-22T23:52:39Z</time>
      </trkpt>
      <trkpt lat="23.085688" lon="113.253447">
        <time>2026-05-22T23:52:44Z</time>
      </trkpt>
      <trkpt lat="23.085677" lon="113.253553">
        <time>2026-05-22T23:52:49Z</time>
      </trkpt>
      <trkpt lat="23.085575" lon="113.2536">
        <time>2026-05-22T23:52:54Z</time>
      </trkpt>
      <trkpt lat="23.085417" lon="113.253652">
        <time>2026-05-22T23:52:59Z</time>
      </trkpt>
      <trkpt lat="23.08532" lon="113.253682">
        <time>2026-05-22T23:53:04Z</time>
      </trkpt>
      <trkpt lat="23.085181" lon="113.253726">
        <time>2026-05-22T23:53:09Z</time>
      </trkpt>
      <trkpt lat="23.085089" lon="113.253757">
        <time>2026-05-22T23:53:14Z</time>
      </trkpt>
      <trkpt lat="23.084947" lon="113.253809">
        <time>2026-05-22T23:53:19Z</time>
      </trkpt>
      <trkpt lat="23.084846" lon="113.253849">
        <time>2026-05-22T23:53:24Z</time>
      </trkpt>
      <trkpt lat="23.084699" lon="113.253894">
        <time>2026-05-22T23:53:29Z</time>
      </trkpt>
      <trkpt lat="23.084606" lon="113.253929">
        <time>2026-05-22T23:53:34Z</time>
      </trkpt>
      <trkpt lat="23.084485" lon="113.253989">
        <time>2026-05-22T23:53:39Z</time>
      </trkpt>
      <trkpt lat="23.084394" lon="113.254032">
        <time>2026-05-22T23:53:44Z</time>
      </trkpt>
      <trkpt lat="23.084292" lon="113.254124">
        <time>2026-05-22T23:53:49Z</time>
      </trkpt>
      <trkpt lat="23.08429" lon="113.254229">
        <time>2026-05-22T23:53:54Z</time>
      </trkpt>
      <trkpt lat="23.084315" lon="113.254401">
        <time>2026-05-22T23:53:59Z</time>
      </trkpt>
      <trkpt lat="23.084294" lon="113.254469">
        <time>2026-05-22T23:54:04Z</time>
      </trkpt>
      <trkpt lat="23.084224" lon="113.254533">
        <time>2026-05-22T23:54:09Z</time>
      </trkpt>
      <trkpt lat="23.084187" lon="113.254594">
        <time>2026-05-22T23:54:14Z</time>
      </trkpt>
      <trkpt lat="23.084117" lon="113.254718">
        <time>2026-05-22T23:54:19Z</time>
      </trkpt>
      <trkpt lat="23.084053" lon="113.25477">
        <time>2026-05-22T23:54:24Z</time>
      </trkpt>
      <trkpt lat="23.083944" lon="113.254857">
        <time>2026-05-22T23:54:29Z</time>
      </trkpt>
      <trkpt lat="23.083864" lon="113.254914">
        <time>2026-05-22T23:54:34Z</time>
      </trkpt>
      <trkpt lat="23.083733" lon="113.255003">
        <time>2026-05-22T23:54:39Z</time>
      </trkpt>
      <trkpt lat="23.083646" lon="113.255049">
        <time>2026-05-22T23:54:44Z</time>
      </trkpt>
      <trkpt lat="23.083506" lon="113.255104">
        <time>2026-05-22T23:54:49Z</time>
      </trkpt>
      <trkpt lat="23.083411" lon="113.255145">
        <time>2026-05-22T23:54:54Z</time>
      </trkpt>
      <trkpt lat="23.083272" lon="113.255224">
        <time>2026-05-22T23:54:59Z</time>
      </trkpt>
      <trkpt lat="23.083162" lon="113.255258">
        <time>2026-05-22T23:55:04Z</time>
      </trkpt>
      <trkpt lat="23.083055" lon="113.255333">
        <time>2026-05-22T23:55:09Z</time>
      </trkpt>
      <trkpt lat="23.083028" lon="113.255388">
        <time>2026-05-22T23:55:14Z</time>
      </trkpt>
      <trkpt lat="23.083075" lon="113.255549">
        <time>2026-05-22T23:55:19Z</time>
      </trkpt>
      <trkpt lat="23.083106" lon="113.255656">
        <time>2026-05-22T23:55:24Z</time>
      </trkpt>
      <trkpt lat="23.083134" lon="113.255797">
        <time>2026-05-22T23:55:29Z</time>
      </trkpt>
      <trkpt lat="23.083144" lon="113.255886">
        <time>2026-05-22T23:55:34Z</time>
      </trkpt>
      <trkpt lat="23.083189" lon="113.256064">
        <time>2026-05-22T23:55:39Z</time>
      </trkpt>
      <trkpt lat="23.083229" lon="113.256179">
        <time>2026-05-22T23:55:44Z</time>
      </trkpt>
      <trkpt lat="23.083301" lon="113.256287">
        <time>2026-05-22T23:55:49Z</time>
      </trkpt>
      <trkpt lat="23.08326" lon="113.256335">
        <time>2026-05-22T23:55:54Z</time>
      </trkpt>
      <trkpt lat="23.083128" lon="113.256402">
        <time>2026-05-22T23:55:59Z</time>
      </trkpt>
      <trkpt lat="23.083043" lon="113.256436">
        <time>2026-05-22T23:56:04Z</time>
      </trkpt>
      <trkpt lat="23.082919" lon="113.256505">
        <time>2026-05-22T23:56:09Z</time>
      </trkpt>
      <trkpt lat="23.08284" lon="113.25656">
        <time>2026-05-22T23:56:14Z</time>
      </trkpt>
      <trkpt lat="23.082734" lon="113.256659">
        <time>2026-05-22T23:56:19Z</time>
      </trkpt>
      <trkpt lat="23.082664" lon="113.256728">
        <time>2026-05-22T23:56:24Z</time>
      </trkpt>
      <trkpt lat="23.082526" lon="113.256794">
        <time>2026-05-22T23:56:29Z</time>
      </trkpt>
      <trkpt lat="23.082447" lon="113.256852">
        <time>2026-05-22T23:56:34Z</time>
      </trkpt>
      <trkpt lat="23.082326" lon="113.256917">
        <time>2026-05-22T23:56:39Z</time>
      </trkpt>
      <trkpt lat="23.082251" lon="113.25697">
        <time>2026-05-22T23:56:44Z</time>
      </trkpt>
      <trkpt lat="23.082134" lon="113.257055">
        <time>2026-05-22T23:56:49Z</time>
      </trkpt>
      <trkpt lat="23.082029" lon="113.25711">
        <time>2026-05-22T23:56:54Z</time>
      </trkpt>
      <trkpt lat="23.081872" lon="113.257184">
        <time>2026-05-22T23:56:59Z</time>
      </trkpt>
      <trkpt lat="23.081776" lon="113.257227">
        <time>2026-05-22T23:57:04Z</time>
      </trkpt>
      <trkpt lat="23.081636" lon="113.257293">
        <time>2026-05-22T23:57:09Z</time>
      </trkpt>
      <trkpt lat="23.081545" lon="113.257346">
        <time>2026-05-22T23:57:14Z</time>
      </trkpt>
      <trkpt lat="23.081396" lon="113.257424">
        <time>2026-05-22T23:57:19Z</time>
      </trkpt>
      <trkpt lat="23.081298" lon="113.257469">
        <time>2026-05-22T23:57:24Z</time>
      </trkpt>
      <trkpt lat="23.081166" lon="113.25754">
        <time>2026-05-22T23:57:29Z</time>
      </trkpt>
      <trkpt lat="23.081078" lon="113.257587">
        <time>2026-05-22T23:57:34Z</time>
      </trkpt>
      <trkpt lat="23.080949" lon="113.257671">
        <time>2026-05-22T23:57:39Z</time>
      </trkpt>
      <trkpt lat="23.08087" lon="113.257718">
        <time>2026-05-22T23:57:44Z</time>
      </trkpt>
      <trkpt lat="23.080725" lon="113.257781">
        <time>2026-05-22T23:57:49Z</time>
      </trkpt>
      <trkpt lat="23.080625" lon="113.257822">
        <time>2026-05-22T23:57:54Z</time>
      </trkpt>
      <trkpt lat="23.080483" lon="113.257896">
        <time>2026-05-22T23:57:59Z</time>
      </trkpt>
      <trkpt lat="23.080402" lon="113.257962">
        <time>2026-05-22T23:58:04Z</time>
      </trkpt>
      <trkpt lat="23.080299" lon="113.257967">
        <time>2026-05-22T23:58:09Z</time>
      </trkpt>
      <trkpt lat="23.080264" lon="113.257882">
        <time>2026-05-22T23:58:14Z</time>
      </trkpt>
      <trkpt lat="23.080194" lon="113.257725">
        <time>2026-05-22T23:58:19Z</time>
      </trkpt>
      <trkpt lat="23.080131" lon="113.257645">
        <time>2026-05-22T23:58:24Z</time>
      </trkpt>
      <trkpt lat="23.080067" lon="113.257511">
        <time>2026-05-22T23:58:29Z</time>
      </trkpt>
      <trkpt lat="23.080033" lon="113.257406">
        <time>2026-05-22T23:58:34Z</time>
      </trkpt>
      <trkpt lat="23.079985" lon="113.257244">
        <time>2026-05-22T23:58:39Z</time>
      </trkpt>
      <trkpt lat="23.079956" lon="113.257138">
        <time>2026-05-22T23:58:44Z</time>
      </trkpt>
      <trkpt lat="23.079906" lon="113.256985">
        <time>2026-05-22T23:58:49Z</time>
      </trkpt>
      <trkpt lat="23.079866" lon="113.256884">
        <time>2026-05-22T23:58:54Z</time>
      </trkpt>
      <trkpt lat="23.079803" lon="113.256738">
        <time>2026-05-22T23:58:59Z</time>
      </trkpt>
      <trkpt lat="23.079756" lon="113.256654">
        <time>2026-05-22T23:59:04Z</time>
      </trkpt>
      <trkpt lat="23.079706" lon="113.256516">
        <time>2026-05-22T23:59:09Z</time>
      </trkpt>
      <trkpt lat="23.079676" lon="113.256405">
        <time>2026-05-22T23:59:14Z</time>
      </trkpt>
      <trkpt lat="23.079627" lon="113.256241">
        <time>2026-05-22T23:59:19Z</time>
      </trkpt>
      <trkpt lat="23.079592" lon="113.256128">
        <time>2026-05-22T23:59:24Z</time>
      </trkpt>
      <trkpt lat="23.079491" lon="113.255997">
        <time>2026-05-22T23:59:29Z</time>
      </trkpt>
      <trkpt lat="23.079455" lon="113.255905">
        <time>2026-05-22T23:59:34Z</time>
      </trkpt>
      <trkpt lat="23.079403" lon="113.255762">
        <time>2026-05-22T23:59:39Z</time>
      </trkpt>
      <trkpt lat="23.079358" lon="113.255669">
        <time>2026-05-22T23:59:44Z</time>
      </trkpt>
      <trkpt lat="23.079295" lon="113.255526">
        <time>2026-05-22T23:59:49Z</time>
      </trkpt>
      <trkpt lat="23.079258" lon="113.255432">
        <time>2026-05-22T23:59:54Z</time>
      </trkpt>
      <trkpt lat="23.07918" lon="113.255307">
        <time>2026-05-22T23:59:59Z</time>
      </trkpt>
      <trkpt lat="23.079098" lon="113.255239">
        <time>2026-05-23T00:00:04Z</time>
      </trkpt>
      <trkpt lat="23.078965" lon="113.255187">
        <time>2026-05-23T00:00:09Z</time>
      </trkpt>
      <trkpt lat="23.078875" lon="113.255224">
        <time>2026-05-23T00:00:14Z</time>
      </trkpt>
      <trkpt lat="23.07874" lon="113.255288">
        <time>2026-05-23T00:00:19Z</time>
      </trkpt>
      <trkpt lat="23.078648" lon="113.255315">
        <time>2026-05-23T00:00:24Z</time>
      </trkpt>
      <trkpt lat="23.078517" lon="113.255401">
        <time>2026-05-23T00:00:29Z</time>
      </trkpt>
      <trkpt lat="23.078429" lon="113.255462">
        <time>2026-05-23T00:00:34Z</time>
      </trkpt>
      <trkpt lat="23.078298" lon="113.255545">
        <time>2026-05-23T00:00:39Z</time>
      </trkpt>
      <trkpt lat="23.078213" lon="113.255604">
        <time>2026-05-23T00:00:44Z</time>
      </trkpt>
      <trkpt lat="23.078091" lon="113.255686">
        <time>2026-05-23T00:00:49Z</time>
      </trkpt>
      <trkpt lat="23.078007" lon="113.255738">
        <time>2026-05-23T00:00:54Z</time>
      </trkpt>
      <trkpt lat="23.077879" lon="113.255815">
        <time>2026-05-23T00:00:59Z</time>
      </trkpt>
      <trkpt lat="23.077797" lon="113.255877">
        <time>2026-05-23T00:01:04Z</time>
      </trkpt>
      <trkpt lat="23.077675" lon="113.255958">
        <time>2026-05-23T00:01:09Z</time>
      </trkpt>
      <trkpt lat="23.077589" lon="113.256005">
        <time>2026-05-23T00:01:14Z</time>
      </trkpt>
      <trkpt lat="23.077455" lon="113.256071">
        <time>2026-05-23T00:01:19Z</time>
      </trkpt>
      <trkpt lat="23.077363" lon="113.256121">
        <time>2026-05-23T00:01:24Z</time>
      </trkpt>
      <trkpt lat="23.077228" lon="113.256197">
        <time>2026-05-23T00:01:29Z</time>
      </trkpt>
      <trkpt lat="23.077143" lon="113.25625">
        <time>2026-05-23T00:01:34Z</time>
      </trkpt>
      <trkpt lat="23.077016" lon="113.256334">
        <time>2026-05-23T00:01:39Z</time>
      </trkpt>
      <trkpt lat="23.076936" lon="113.256389">
        <time>2026-05-23T00:01:44Z</time>
      </trkpt>
      <trkpt lat="23.076805" lon="113.256474">
        <time>2026-05-23T00:01:49Z</time>
      </trkpt>
      <trkpt lat="23.076721" lon="113.256532">
        <time>2026-05-23T00:01:54Z</time>
      </trkpt>
      <trkpt lat="23.076607" lon="113.256625">
        <time>2026-05-23T00:01:59Z</time>
      </trkpt>
      <trkpt lat="23.076532" lon="113.256688">
        <time>2026-05-23T00:02:04Z</time>
      </trkpt>
      <trkpt lat="23.076423" lon="113.256786">
        <time>2026-05-23T00:02:09Z</time>
      </trkpt>
      <trkpt lat="23.076347" lon="113.256853">
        <time>2026-05-23T00:02:14Z</time>
      </trkpt>
      <trkpt lat="23.076239" lon="113.256959">
        <time>2026-05-23T00:02:19Z</time>
      </trkpt>
      <trkpt lat="23.076172" lon="113.257031">
        <time>2026-05-23T00:02:24Z</time>
      </trkpt>
      <trkpt lat="23.076066" lon="113.257137">
        <time>2026-05-23T00:02:29Z</time>
      </trkpt>
      <trkpt lat="23.075991" lon="113.257199">
        <time>2026-05-23T00:02:34Z</time>
      </trkpt>
      <trkpt lat="23.075885" lon="113.257284">
        <time>2026-05-23T00:02:39Z</time>
      </trkpt>
      <trkpt lat="23.075811" lon="113.257348">
        <time>2026-05-23T00:02:44Z</time>
      </trkpt>
      <trkpt lat="23.075698" lon="113.257464">
        <time>2026-05-23T00:02:49Z</time>
      </trkpt>
      <trkpt lat="23.075626" lon="113.257547">
        <time>2026-05-23T00:02:54Z</time>
      </trkpt>
      <trkpt lat="23.075514" lon="113.257663">
        <time>2026-05-23T00:02:59Z</time>
      </trkpt>
      <trkpt lat="23.075442" lon="113.257735">
        <time>2026-05-23T00:03:04Z</time>
      </trkpt>
      <trkpt lat="23.07534" lon="113.257833">
        <time>2026-05-23T00:03:09Z</time>
      </trkpt>
      <trkpt lat="23.075272" lon="113.257904">
        <time>2026-05-23T00:03:14Z</time>
      </trkpt>
      <trkpt lat="23.075167" lon="113.25799">
        <time>2026-05-23T00:03:19Z</time>
      </trkpt>
      <trkpt lat="23.075111" lon="113.25806">
        <time>2026-05-23T00:03:24Z</time>
      </trkpt>
      <trkpt lat="23.075155" lon="113.258154">
        <time>2026-05-23T00:03:29Z</time>
      </trkpt>
      <trkpt lat="23.07521" lon="113.258237">
        <time>2026-05-23T00:03:34Z</time>
      </trkpt>
      <trkpt lat="23.075277" lon="113.258397">
        <time>2026-05-23T00:03:39Z</time>
      </trkpt>
      <trkpt lat="23.075315" lon="113.258493">
        <time>2026-05-23T00:03:44Z</time>
      </trkpt>
      <trkpt lat="23.07526" lon="113.258612">
        <time>2026-05-23T00:03:49Z</time>
      </trkpt>
      <trkpt lat="23.075174" lon="113.258678">
        <time>2026-05-23T00:03:54Z</time>
      </trkpt>
      <trkpt lat="23.075054" lon="113.258776">
        <time>2026-05-23T00:03:59Z</time>
      </trkpt>
      <trkpt lat="23.074975" lon="113.258836">
        <time>2026-05-23T00:04:04Z</time>
      </trkpt>
      <trkpt lat="23.074843" lon="113.258914">
        <time>2026-05-23T00:04:09Z</time>
      </trkpt>
      <trkpt lat="23.074762" lon="113.25897">
        <time>2026-05-23T00:04:14Z</time>
      </trkpt>
      <trkpt lat="23.074637" lon="113.259057">
        <time>2026-05-23T00:04:19Z</time>
      </trkpt>
      <trkpt lat="23.074551" lon="113.259109">
        <time>2026-05-23T00:04:24Z</time>
      </trkpt>
      <trkpt lat="23.074418" lon="113.259173">
        <time>2026-05-23T00:04:29Z</time>
      </trkpt>
      <trkpt lat="23.074335" lon="113.259236">
        <time>2026-05-23T00:04:34Z</time>
      </trkpt>
      <trkpt lat="23.074242" lon="113.259367">
        <time>2026-05-23T00:04:39Z</time>
      </trkpt>
      <trkpt lat="23.074201" lon="113.25946">
        <time>2026-05-23T00:04:44Z</time>
      </trkpt>
      <trkpt lat="23.074173" lon="113.259609">
        <time>2026-05-23T00:04:49Z</time>
      </trkpt>
      <trkpt lat="23.074196" lon="113.259709">
        <time>2026-05-23T00:04:54Z</time>
      </trkpt>
      <trkpt lat="23.074266" lon="113.259845">
        <time>2026-05-23T00:04:59Z</time>
      </trkpt>
      <trkpt lat="23.074307" lon="113.259932">
        <time>2026-05-23T00:05:04Z</time>
      </trkpt>
      <trkpt lat="23.07437" lon="113.260059">
        <time>2026-05-23T00:05:09Z</time>
      </trkpt>
      <trkpt lat="23.074411" lon="113.26014">
        <time>2026-05-23T00:05:14Z</time>
      </trkpt>
      <trkpt lat="23.074476" lon="113.260278">
        <time>2026-05-23T00:05:19Z</time>
      </trkpt>
      <trkpt lat="23.074487" lon="113.260375">
        <time>2026-05-23T00:05:24Z</time>
      </trkpt>
      <trkpt lat="23.074413" lon="113.260479">
        <time>2026-05-23T00:05:29Z</time>
      </trkpt>
      <trkpt lat="23.074318" lon="113.260503">
        <time>2026-05-23T00:05:34Z</time>
      </trkpt>
      <trkpt lat="23.074179" lon="113.260559">
        <time>2026-05-23T00:05:39Z</time>
      </trkpt>
      <trkpt lat="23.07409" lon="113.260585">
        <time>2026-05-23T00:05:44Z</time>
      </trkpt>
      <trkpt lat="23.07395" lon="113.260618">
        <time>2026-05-23T00:05:49Z</time>
      </trkpt>
      <trkpt lat="23.073865" lon="113.260662">
        <time>2026-05-23T00:05:54Z</time>
      </trkpt>
      <trkpt lat="23.073713" lon="113.260648">
        <time>2026-05-23T00:05:59Z</time>
      </trkpt>
      <trkpt lat="23.073606" lon="113.260647">
        <time>2026-05-23T00:06:04Z</time>
      </trkpt>
      <trkpt lat="23.073447" lon="113.260656">
        <time>2026-05-23T00:06:09Z</time>
      </trkpt>
      <trkpt lat="23.073344" lon="113.260648">
        <time>2026-05-23T00:06:14Z</time>
      </trkpt>
      <trkpt lat="23.073198" lon="113.260648">
        <time>2026-05-23T00:06:19Z</time>
      </trkpt>
      <trkpt lat="23.0731" lon="113.260655">
        <time>2026-05-23T00:06:24Z</time>
      </trkpt>
      <trkpt lat="23.072962" lon="113.260656">
        <time>2026-05-23T00:06:29Z</time>
      </trkpt>
      <trkpt lat="23.072869" lon="113.260642">
        <time>2026-05-23T00:06:34Z</time>
      </trkpt>
      <trkpt lat="23.072721" lon="113.260656">
        <time>2026-05-23T00:06:39Z</time>
      </trkpt>
      <trkpt lat="23.07262" lon="113.260678">
        <time>2026-05-23T00:06:44Z</time>
      </trkpt>
      <trkpt lat="23.072473" lon="113.260693">
        <time>2026-05-23T00:06:49Z</time>
      </trkpt>
      <trkpt lat="23.072382" lon="113.260703">
        <time>2026-05-23T00:06:54Z</time>
      </trkpt>
      <trkpt lat="23.072235" lon="113.260714">
        <time>2026-05-23T00:06:59Z</time>
      </trkpt>
      <trkpt lat="23.072132" lon="113.260721">
        <time>2026-05-23T00:07:04Z</time>
      </trkpt>
      <trkpt lat="23.071986" lon="113.260762">
        <time>2026-05-23T00:07:09Z</time>
      </trkpt>
      <trkpt lat="23.071897" lon="113.260792">
        <time>2026-05-23T00:07:14Z</time>
      </trkpt>
      <trkpt lat="23.071773" lon="113.260812">
        <time>2026-05-23T00:07:19Z</time>
      </trkpt>
      <trkpt lat="23.071683" lon="113.260813">
        <time>2026-05-23T00:07:24Z</time>
      </trkpt>
      <trkpt lat="23.071543" lon="113.260822">
        <time>2026-05-23T00:07:29Z</time>
      </trkpt>
      <trkpt lat="23.071454" lon="113.260839">
        <time>2026-05-23T00:07:34Z</time>
      </trkpt>
      <trkpt lat="23.071306" lon="113.260835">
        <time>2026-05-23T00:07:39Z</time>
      </trkpt>
      <trkpt lat="23.07122" lon="113.260824">
        <time>2026-05-23T00:07:44Z</time>
      </trkpt>
      <trkpt lat="23.071088" lon="113.260825">
        <time>2026-05-23T00:07:49Z</time>
      </trkpt>
      <trkpt lat="23.070995" lon="113.260838">
        <time>2026-05-23T00:07:54Z</time>
      </trkpt>
      <trkpt lat="23.070885" lon="113.260941">
        <time>2026-05-23T00:07:59Z</time>
      </trkpt>
      <trkpt lat="23.070838" lon="113.261042">
        <time>2026-05-23T00:08:04Z</time>
      </trkpt>
      <trkpt lat="23.070783" lon="113.261193">
        <time>2026-05-23T00:08:09Z</time>
      </trkpt>
      <trkpt lat="23.070735" lon="113.261275">
        <time>2026-05-23T00:08:14Z</time>
      </trkpt>
      <trkpt lat="23.070662" lon="113.261408">
        <time>2026-05-23T00:08:19Z</time>
      </trkpt>
      <trkpt lat="23.070613" lon="113.261491">
        <time>2026-05-23T00:08:24Z</time>
      </trkpt>
      <trkpt lat="23.070656" lon="113.26159">
        <time>2026-05-23T00:08:29Z</time>
      </trkpt>
      <trkpt lat="23.070726" lon="113.261652">
        <time>2026-05-23T00:08:34Z</time>
      </trkpt>
      <trkpt lat="23.070824" lon="113.261744">
        <time>2026-05-23T00:08:39Z</time>
      </trkpt>
      <trkpt lat="23.07089" lon="113.261804">
        <time>2026-05-23T00:08:44Z</time>
      </trkpt>
      <trkpt lat="23.070994" lon="113.261885">
        <time>2026-05-23T00:08:49Z</time>
      </trkpt>
      <trkpt lat="23.071066" lon="113.261939">
        <time>2026-05-23T00:08:54Z</time>
      </trkpt>
      <trkpt lat="23.071161" lon="113.262034">
        <time>2026-05-23T00:08:59Z</time>
      </trkpt>
      <trkpt lat="23.071227" lon="113.262107">
        <time>2026-05-23T00:09:04Z</time>
      </trkpt>
      <trkpt lat="23.071306" lon="113.262228">
        <time>2026-05-23T00:09:09Z</time>
      </trkpt>
      <trkpt lat="23.071347" lon="113.262315">
        <time>2026-05-23T00:09:14Z</time>
      </trkpt>
      <trkpt lat="23.071455" lon="113.262416">
        <time>2026-05-23T00:09:19Z</time>
      </trkpt>
      <trkpt lat="23.071538" lon="113.262465">
        <time>2026-05-23T00:09:24Z</time>
      </trkpt>
      <trkpt lat="23.071637" lon="113.262572">
        <time>2026-05-23T00:09:29Z</time>
      </trkpt>
      <trkpt lat="23.071697" lon="113.262649">
        <time>2026-05-23T00:09:34Z</time>
      </trkpt>
      <trkpt lat="23.071784" lon="113.262766">
        <time>2026-05-23T00:09:39Z</time>
      </trkpt>
      <trkpt lat="23.071844" lon="113.262848">
        <time>2026-05-23T00:09:44Z</time>
      </trkpt>
      <trkpt lat="23.071939" lon="113.262959">
        <time>2026-05-23T00:09:49Z</time>
      </trkpt>
      <trkpt lat="23.072006" lon="113.263029">
        <time>2026-05-23T00:09:54Z</time>
      </trkpt>
      <trkpt lat="23.072093" lon="113.263153">
        <time>2026-05-23T00:09:59Z</time>
      </trkpt>
      <trkpt lat="23.072157" lon="113.263226">
        <time>2026-05-23T00:10:04Z</time>
      </trkpt>
      <trkpt lat="23.072259" lon="113.263323">
        <time>2026-05-23T00:10:09Z</time>
      </trkpt>
      <trkpt lat="23.072329" lon="113.263388">
        <time>2026-05-23T00:10:14Z</time>
      </trkpt>
      <trkpt lat="23.07243" lon="113.263487">
        <time>2026-05-23T00:10:19Z</time>
      </trkpt>
      <trkpt lat="23.072484" lon="113.263557">
        <time>2026-05-23T00:10:24Z</time>
      </trkpt>
      <trkpt lat="23.072579" lon="113.263656">
        <time>2026-05-23T00:10:29Z</time>
      </trkpt>
      <trkpt lat="23.072635" lon="113.263728">
        <time>2026-05-23T00:10:34Z</time>
      </trkpt>
      <trkpt lat="23.072726" lon="113.263833">
        <time>2026-05-23T00:10:39Z</time>
      </trkpt>
      <trkpt lat="23.07278" lon="113.263899">
        <time>2026-05-23T00:10:44Z</time>
      </trkpt>
      <trkpt lat="23.072729" lon="113.263984">
        <time>2026-05-23T00:10:49Z</time>
      </trkpt>
      <trkpt lat="23.072654" lon="113.264042">
        <time>2026-05-23T00:10:54Z</time>
      </trkpt>
      <trkpt lat="23.072547" lon="113.264143">
        <time>2026-05-23T00:10:59Z</time>
      </trkpt>
      <trkpt lat="23.072479" lon="113.264192">
        <time>2026-05-23T00:11:04Z</time>
      </trkpt>
      <trkpt lat="23.072375" lon="113.264264">
        <time>2026-05-23T00:11:09Z</time>
      </trkpt>
      <trkpt lat="23.072341" lon="113.264364">
        <time>2026-05-23T00:11:14Z</time>
      </trkpt>
      <trkpt lat="23.072317" lon="113.264531">
        <time>2026-05-23T00:11:19Z</time>
      </trkpt>
      <trkpt lat="23.072302" lon="113.264642">
        <time>2026-05-23T00:11:24Z</time>
      </trkpt>
      <trkpt lat="23.072301" lon="113.264798">
        <time>2026-05-23T00:11:29Z</time>
      </trkpt>
      <trkpt lat="23.072311" lon="113.264901">
        <time>2026-05-23T00:11:34Z</time>
      </trkpt>
      <trkpt lat="23.072308" lon="113.265064">
        <time>2026-05-23T00:11:39Z</time>
      </trkpt>
      <trkpt lat="23.072297" lon="113.265167">
        <time>2026-05-23T00:11:44Z</time>
      </trkpt>
      <trkpt lat="23.072296" lon="113.26532">
        <time>2026-05-23T00:11:49Z</time>
      </trkpt>
      <trkpt lat="23.072299" lon="113.265429">
        <time>2026-05-23T00:11:54Z</time>
      </trkpt>
      <trkpt lat="23.072285" lon="113.265592">
        <time>2026-05-23T00:11:59Z</time>
      </trkpt>
      <trkpt lat="23.072266" lon="113.265691">
        <time>2026-05-23T00:12:04Z</time>
      </trkpt>
      <trkpt lat="23.072255" lon="113.265853">
        <time>2026-05-23T00:12:09Z</time>
      </trkpt>
      <trkpt lat="23.072259" lon="113.265967">
        <time>2026-05-23T00:12:14Z</time>
      </trkpt>
      <trkpt lat="23.072233" lon="113.266131">
        <time>2026-05-23T00:12:19Z</time>
      </trkpt>
      <trkpt lat="23.072209" lon="113.266216">
        <time>2026-05-23T00:12:24Z</time>
      </trkpt>
      <trkpt lat="23.072174" lon="113.266357">
        <time>2026-05-23T00:12:29Z</time>
      </trkpt>
      <trkpt lat="23.072155" lon="113.266458">
        <time>2026-05-23T00:12:34Z</time>
      </trkpt>
      <trkpt lat="23.072153" lon="113.266618">
        <time>2026-05-23T00:12:39Z</time>
      </trkpt>
      <trkpt lat="23.072148" lon="113.26673">
        <time>2026-05-23T00:12:44Z</time>
      </trkpt>
      <trkpt lat="23.072124" lon="113.266905">
        <time>2026-05-23T00:12:49Z</time>
      </trkpt>
      <trkpt lat="23.072106" lon="113.267015">
        <time>2026-05-23T00:12:54Z</time>
      </trkpt>
      <trkpt lat="23.072088" lon="113.267183">
        <time>2026-05-23T00:12:59Z</time>
      </trkpt>
      <trkpt lat="23.072087" lon="113.267293">
        <time>2026-05-23T00:13:04Z</time>
      </trkpt>
      <trkpt lat="23.072098" lon="113.267447">
        <time>2026-05-23T00:13:09Z</time>
      </trkpt>
      <trkpt lat="23.072096" lon="113.267541">
        <time>2026-05-23T00:13:14Z</time>
      </trkpt>
      <trkpt lat="23.072049" lon="113.267676">
        <time>2026-05-23T00:13:19Z</time>
      </trkpt>
      <trkpt lat="23.072001" lon="113.267764">
        <time>2026-05-23T00:13:24Z</time>
      </trkpt>
      <trkpt lat="23.071926" lon="113.267886">
        <time>2026-05-23T00:13:29Z</time>
      </trkpt>
      <trkpt lat="23.071864" lon="113.26795">
        <time>2026-05-23T00:13:34Z</time>
      </trkpt>
      <trkpt lat="23.071737" lon="113.267997">
        <time>2026-05-23T00:13:39Z</time>
      </trkpt>
      <trkpt lat="23.071648" lon="113.267986">
        <time>2026-05-23T00:13:44Z</time>
      </trkpt>
      <trkpt lat="23.071513" lon="113.267975">
        <time>2026-05-23T00:13:49Z</time>
      </trkpt>
      <trkpt lat="23.071423" lon="113.26797">
        <time>2026-05-23T00:13:54Z</time>
      </trkpt>
      <trkpt lat="23.071281" lon="113.26797">
        <time>2026-05-23T00:13:59Z</time>
      </trkpt>
      <trkpt lat="23.071181" lon="113.267985">
        <time>2026-05-23T00:14:04Z</time>
      </trkpt>
      <trkpt lat="23.071027" lon="113.267987">
        <time>2026-05-23T00:14:09Z</time>
      </trkpt>
      <trkpt lat="23.070938" lon="113.267992">
        <time>2026-05-23T00:14:14Z</time>
      </trkpt>
      <trkpt lat="23.070814" lon="113.268011">
        <time>2026-05-23T00:14:19Z</time>
      </trkpt>
      <trkpt lat="23.07072" lon="113.268005">
        <time>2026-05-23T00:14:24Z</time>
      </trkpt>
      <trkpt lat="23.070566" lon="113.267974">
        <time>2026-05-23T00:14:29Z</time>
      </trkpt>
      <trkpt lat="23.070468" lon="113.267964">
        <time>2026-05-23T00:14:34Z</time>
      </trkpt>
      <trkpt lat="23.070344" lon="113.267951">
        <time>2026-05-23T00:14:39Z</time>
      </trkpt>
      <trkpt lat="23.070266" lon="113.267929">
        <time>2026-05-23T00:14:44Z</time>
      </trkpt>
      <trkpt lat="23.07014" lon="113.267875">
        <time>2026-05-23T00:14:49Z</time>
      </trkpt>
      <trkpt lat="23.07005" lon="113.267851">
        <time>2026-05-23T00:14:54Z</time>
      </trkpt>
      <trkpt lat="23.069907" lon="113.26784">
        <time>2026-05-23T00:14:59Z</time>
      </trkpt>
      <trkpt lat="23.069813" lon="113.267847">
        <time>2026-05-23T00:15:04Z</time>
      </trkpt>
      <trkpt lat="23.069695" lon="113.267914">
        <time>2026-05-23T00:15:09Z</time>
      </trkpt>
      <trkpt lat="23.069636" lon="113.267984">
        <time>2026-05-23T00:15:14Z</time>
      </trkpt>
      <trkpt lat="23.069549" lon="113.268109">
        <time>2026-05-23T00:15:19Z</time>
      </trkpt>
      <trkpt lat="23.069487" lon="113.268206">
        <time>2026-05-23T00:15:24Z</time>
      </trkpt>
      <trkpt lat="23.069415" lon="113.268353">
        <time>2026-05-23T00:15:29Z</time>
      </trkpt>
      <trkpt lat="23.069375" lon="113.268447">
        <time>2026-05-23T00:15:34Z</time>
      </trkpt>
      <trkpt lat="23.06935" lon="113.268593">
        <time>2026-05-23T00:15:39Z</time>
      </trkpt>
      <trkpt lat="23.069343" lon="113.268697">
        <time>2026-05-23T00:15:44Z</time>
      </trkpt>
      <trkpt lat="23.069315" lon="113.268848">
        <time>2026-05-23T00:15:49Z</time>
      </trkpt>
      <trkpt lat="23.069287" lon="113.268946">
        <time>2026-05-23T00:15:54Z</time>
      </trkpt>
      <trkpt lat="23.069278" lon="113.269099">
        <time>2026-05-23T00:15:59Z</time>
      </trkpt>
      <trkpt lat="23.069293" lon="113.269168">
        <time>2026-05-23T00:16:04Z</time>
      </trkpt>
      <trkpt lat="23.069299" lon="113.269254">
        <time>2026-05-23T00:16:09Z</time>
      </trkpt>
      <trkpt lat="23.069347" lon="113.269336">
        <time>2026-05-23T00:16:14Z</time>
      </trkpt>
      <trkpt lat="23.069472" lon="113.269419">
        <time>2026-05-23T00:16:19Z</time>
      </trkpt>
      <trkpt lat="23.069559" lon="113.269464">
        <time>2026-05-23T00:16:24Z</time>
      </trkpt>
      <trkpt lat="23.069695" lon="113.269531">
        <time>2026-05-23T00:16:29Z</time>
      </trkpt>
      <trkpt lat="23.069783" lon="113.26959">
        <time>2026-05-23T00:16:34Z</time>
      </trkpt>
      <trkpt lat="23.069912" lon="113.26968">
        <time>2026-05-23T00:16:39Z</time>
      </trkpt>
      <trkpt lat="23.070005" lon="113.269736">
        <time>2026-05-23T00:16:44Z</time>
      </trkpt>
      <trkpt lat="23.070138" lon="113.269826">
        <time>2026-05-23T00:16:49Z</time>
      </trkpt>
      <trkpt lat="23.070225" lon="113.269879">
        <time>2026-05-23T00:16:54Z</time>
      </trkpt>
      <trkpt lat="23.070354" lon="113.269936">
        <time>2026-05-23T00:16:59Z</time>
      </trkpt>
      <trkpt lat="23.070427" lon="113.269959">
        <time>2026-05-23T00:17:04Z</time>
      </trkpt>
      <trkpt lat="23.070518" lon="113.269964">
        <time>2026-05-23T00:17:09Z</time>
      </trkpt>
      <trkpt lat="23.070592" lon="113.270003">
        <time>2026-05-23T00:17:14Z</time>
      </trkpt>
      <trkpt lat="23.070707" lon="113.270074">
        <time>2026-05-23T00:17:19Z</time>
      </trkpt>
      <trkpt lat="23.070783" lon="113.270123">
        <time>2026-05-23T00:17:24Z</time>
      </trkpt>
      <trkpt lat="23.070903" lon="113.270194">
        <time>2026-05-23T00:17:29Z</time>
      </trkpt>
      <trkpt lat="23.07099" lon="113.270219">
        <time>2026-05-23T00:17:34Z</time>
      </trkpt>
      <trkpt lat="23.071096" lon="113.270271">
        <time>2026-05-23T00:17:39Z</time>
      </trkpt>
      <trkpt lat="23.07116" lon="113.270323">
        <time>2026-05-23T00:17:44Z</time>
      </trkpt>
      <trkpt lat="23.071279" lon="113.270396">
        <time>2026-05-23T00:17:49Z</time>
      </trkpt>
      <trkpt lat="23.071375" lon="113.270431">
        <time>2026-05-23T00:17:54Z</time>
      </trkpt>
      <trkpt lat="23.071505" lon="113.270489">
        <time>2026-05-23T00:17:59Z</time>
      </trkpt>
      <trkpt lat="23.071584" lon="113.270525">
        <time>2026-05-23T00:18:04Z</time>
      </trkpt>
      <trkpt lat="23.071705" lon="113.270582">
        <time>2026-05-23T00:18:09Z</time>
      </trkpt>
      <trkpt lat="23.071782" lon="113.270632">
        <time>2026-05-23T00:18:14Z</time>
      </trkpt>
      <trkpt lat="23.071903" lon="113.270741">
        <time>2026-05-23T00:18:19Z</time>
      </trkpt>
      <trkpt lat="23.071986" lon="113.270788">
        <time>2026-05-23T00:18:24Z</time>
      </trkpt>
      <trkpt lat="23.07212" lon="113.270824">
        <time>2026-05-23T00:18:29Z</time>
      </trkpt>
      <trkpt lat="23.072215" lon="113.270867">
        <time>2026-05-23T00:18:34Z</time>
      </trkpt>
      <trkpt lat="23.072359" lon="113.270908">
        <time>2026-05-23T00:18:39Z</time>
      </trkpt>
      <trkpt lat="23.072461" lon="113.270929">
        <time>2026-05-23T00:18:44Z</time>
      </trkpt>
      <trkpt lat="23.072604" lon="113.270993">
        <time>2026-05-23T00:18:49Z</time>
      </trkpt>
      <trkpt lat="23.072686" lon="113.271039">
        <time>2026-05-23T00:18:54Z</time>
      </trkpt>
      <trkpt lat="23.072802" lon="113.271087">
        <time>2026-05-23T00:18:59Z</time>
      </trkpt>
      <trkpt lat="23.072877" lon="113.271117">
        <time>2026-05-23T00:19:04Z</time>
      </trkpt>
      <trkpt lat="23.073001" lon="113.271167">
        <time>2026-05-23T00:19:09Z</time>
      </trkpt>
      <trkpt lat="23.073093" lon="113.271216">
        <time>2026-05-23T00:19:14Z</time>
      </trkpt>
      <trkpt lat="23.073191" lon="113.271305">
        <time>2026-05-23T00:19:19Z</time>
      </trkpt>
      <trkpt lat="23.073265" lon="113.271355">
        <time>2026-05-23T00:19:24Z</time>
      </trkpt>
      <trkpt lat="23.073393" lon="113.271437">
        <time>2026-05-23T00:19:29Z</time>
      </trkpt>
      <trkpt lat="23.073468" lon="113.271498">
        <time>2026-05-23T00:19:34Z</time>
      </trkpt>
      <trkpt lat="23.073567" lon="113.2716">
        <time>2026-05-23T00:19:39Z</time>
      </trkpt>
      <trkpt lat="23.073643" lon="113.271654">
        <time>2026-05-23T00:19:44Z</time>
      </trkpt>
      <trkpt lat="23.073761" lon="113.271721">
        <time>2026-05-23T00:19:49Z</time>
      </trkpt>
      <trkpt lat="23.073851" lon="113.271745">
        <time>2026-05-23T00:19:54Z</time>
      </trkpt>
      <trkpt lat="23.073978" lon="113.27179">
        <time>2026-05-23T00:19:59Z</time>
      </trkpt>
      <trkpt lat="23.074012" lon="113.271828">
        <time>2026-05-23T00:20:04Z</time>
      </trkpt>
      <trkpt lat="23.073978" lon="113.271938">
        <time>2026-05-23T00:20:09Z</time>
      </trkpt>
      <trkpt lat="23.073955" lon="113.272028">
        <time>2026-05-23T00:20:14Z</time>
      </trkpt>
      <trkpt lat="23.073925" lon="113.272173">
        <time>2026-05-23T00:20:19Z</time>
      </trkpt>
      <trkpt lat="23.073893" lon="113.272277">
        <time>2026-05-23T00:20:24Z</time>
      </trkpt>
      <trkpt lat="23.073829" lon="113.272422">
        <time>2026-05-23T00:20:29Z</time>
      </trkpt>
      <trkpt lat="23.073785" lon="113.272519">
        <time>2026-05-23T00:20:34Z</time>
      </trkpt>
      <trkpt lat="23.073719" lon="113.272653">
        <time>2026-05-23T00:20:39Z</time>
      </trkpt>
      <trkpt lat="23.073683" lon="113.272732">
        <time>2026-05-23T00:20:44Z</time>
      </trkpt>
      <trkpt lat="23.073648" lon="113.272849">
        <time>2026-05-23T00:20:49Z</time>
      </trkpt>
      <trkpt lat="23.073617" lon="113.272932">
        <time>2026-05-23T00:20:54Z</time>
      </trkpt>
      <trkpt lat="23.073558" lon="113.27306">
        <time>2026-05-23T00:20:59Z</time>
      </trkpt>
      <trkpt lat="23.073517" lon="113.273137">
        <time>2026-05-23T00:21:04Z</time>
      </trkpt>
      <trkpt lat="23.073499" lon="113.273251">
        <time>2026-05-23T00:21:09Z</time>
      </trkpt>
      <trkpt lat="23.073529" lon="113.273243">
        <time>2026-05-23T00:21:14Z</time>
      </trkpt>
      <trkpt lat="23.073601" lon="113.273134">
        <time>2026-05-23T00:21:19Z</time>
      </trkpt>
      <trkpt lat="23.073638" lon="113.273067">
        <time>2026-05-23T00:21:24Z</time>
      </trkpt>
      <trkpt lat="23.07369" lon="113.272955">
        <time>2026-05-23T00:21:29Z</time>
      </trkpt>
      <trkpt lat="23.073726" lon="113.272885">
        <time>2026-05-23T00:21:34Z</time>
      </trkpt>
      <trkpt lat="23.073732" lon="113.272872">
        <time>2026-05-23T00:21:39Z</time>
      </trkpt>
      <trkpt lat="23.073698" lon="113.27293">
        <time>2026-05-23T00:21:44Z</time>
      </trkpt>
      <trkpt lat="23.073704" lon="113.273017">
        <time>2026-05-23T00:21:49Z</time>
      </trkpt>
      <trkpt lat="23.073775" lon="113.273044">
        <time>2026-05-23T00:21:56Z</time>
      </trkpt>
    </trkseg>
  </trk>
</gpx>