<?xml version="1.0" encoding="UTF-8"?>
<gpx xmlns="http://www.topografix.com/GPX/1/1" xmlns:gpxtpx="http://www.garmin.com/xmlschemas/TrackPointExtension/v1" xmlns:xsi="http://www.w3.org/2001/XMLSchema-instance" xsi:schemaLocation="http://www.topografix.com/GPX/1/1 http://www.topografix.com/GPX/1/1/gpx.xsd" version="1.1" creator="gpx.py -- https://github.com/tkrajina/gpxpy">
  <trk>
    <name>gpx from joyrun</name>
    <trkseg>
      <trkpt lat="23.080696" lon="113.273417">
        <time>2026-06-05T23:13:15Z</time>
      </trkpt>
      <trkpt lat="23.080698" lon="113.27347">
        <time>2026-06-05T23:13:20Z</time>
      </trkpt>
      <trkpt lat="23.080721" lon="113.273571">
        <time>2026-06-05T23:13:25Z</time>
      </trkpt>
      <trkpt lat="23.080776" lon="113.273667">
        <time>2026-06-05T23:13:30Z</time>
      </trkpt>
      <trkpt lat="23.080854" lon="113.273739">
        <time>2026-06-05T23:13:35Z</time>
      </trkpt>
      <trkpt lat="23.080971" lon="113.273792">
        <time>2026-06-05T23:13:40Z</time>
      </trkpt>
      <trkpt lat="23.081105" lon="113.273842">
        <time>2026-06-05T23:13:45Z</time>
      </trkpt>
      <trkpt lat="23.081231" lon="113.273889">
        <time>2026-06-05T23:13:50Z</time>
      </trkpt>
      <trkpt lat="23.081351" lon="113.273934">
        <time>2026-06-05T23:13:55Z</time>
      </trkpt>
      <trkpt lat="23.081467" lon="113.273977">
        <time>2026-06-05T23:14:00Z</time>
      </trkpt>
      <trkpt lat="23.081584" lon="113.274021">
        <time>2026-06-05T23:14:05Z</time>
      </trkpt>
      <trkpt lat="23.081708" lon="113.274058">
        <time>2026-06-05T23:14:10Z</time>
      </trkpt>
      <trkpt lat="23.081846" lon="113.274042">
        <time>2026-06-05T23:14:15Z</time>
      </trkpt>
      <trkpt lat="23.081954" lon="113.273978">
        <time>2026-06-05T23:14:20Z</time>
      </trkpt>
      <trkpt lat="23.082031" lon="113.273879">
        <time>2026-06-05T23:14:25Z</time>
      </trkpt>
      <trkpt lat="23.08207" lon="113.273757">
        <time>2026-06-05T23:14:30Z</time>
      </trkpt>
      <trkpt lat="23.082066" lon="113.273622">
        <time>2026-06-05T23:14:35Z</time>
      </trkpt>
      <trkpt lat="23.082014" lon="113.273494">
        <time>2026-06-05T23:14:40Z</time>
      </trkpt>
      <trkpt lat="23.081931" lon="113.273405">
        <time>2026-06-05T23:14:45Z</time>
      </trkpt>
      <trkpt lat="23.081833" lon="113.273354">
        <time>2026-06-05T23:14:50Z</time>
      </trkpt>
      <trkpt lat="23.081725" lon="113.273314">
        <time>2026-06-05T23:14:55Z</time>
      </trkpt>
      <trkpt lat="23.081616" lon="113.273273">
        <time>2026-06-05T23:15:00Z</time>
      </trkpt>
      <trkpt lat="23.081505" lon="113.273232">
        <time>2026-06-05T23:15:05Z</time>
      </trkpt>
      <trkpt lat="23.081397" lon="113.273191">
        <time>2026-06-05T23:15:10Z</time>
      </trkpt>
      <trkpt lat="23.081288" lon="113.27315">
        <time>2026-06-05T23:15:15Z</time>
      </trkpt>
      <trkpt lat="23.081178" lon="113.273109">
        <time>2026-06-05T23:15:20Z</time>
      </trkpt>
      <trkpt lat="23.081072" lon="113.273077">
        <time>2026-06-05T23:15:25Z</time>
      </trkpt>
      <trkpt lat="23.080986" lon="113.273076">
        <time>2026-06-05T23:15:30Z</time>
      </trkpt>
      <trkpt lat="23.080912" lon="113.273095">
        <time>2026-06-05T23:15:35Z</time>
      </trkpt>
      <trkpt lat="23.080829" lon="113.273145">
        <time>2026-06-05T23:15:40Z</time>
      </trkpt>
      <trkpt lat="23.080725" lon="113.273287">
        <time>2026-06-05T23:15:45Z</time>
      </trkpt>
      <trkpt lat="23.080696" lon="113.27344">
        <time>2026-06-05T23:15:50Z</time>
      </trkpt>
      <trkpt lat="23.080715" lon="113.273551">
        <time>2026-06-05T23:15:55Z</time>
      </trkpt>
      <trkpt lat="23.08076" lon="113.273646">
        <time>2026-06-05T23:16:00Z</time>
      </trkpt>
      <trkpt lat="23.080832" lon="113.273724">
        <time>2026-06-05T23:16:05Z</time>
      </trkpt>
      <trkpt lat="23.08093" lon="113.273777">
        <time>2026-06-05T23:16:10Z</time>
      </trkpt>
      <trkpt lat="23.081049" lon="113.273822">
        <time>2026-06-05T23:16:15Z</time>
      </trkpt>
      <trkpt lat="23.08117" lon="113.273867">
        <time>2026-06-05T23:16:20Z</time>
      </trkpt>
      <trkpt lat="23.081282" lon="113.273909">
        <time>2026-06-05T23:16:25Z</time>
      </trkpt>
      <trkpt lat="23.081388" lon="113.273949">
        <time>2026-06-05T23:16:30Z</time>
      </trkpt>
      <trkpt lat="23.081507" lon="113.273993">
        <time>2026-06-05T23:16:35Z</time>
      </trkpt>
      <trkpt lat="23.081622" lon="113.274036">
        <time>2026-06-05T23:16:40Z</time>
      </trkpt>
      <trkpt lat="23.081725" lon="113.27406">
        <time>2026-06-05T23:16:45Z</time>
      </trkpt>
      <trkpt lat="23.081833" lon="113.274047">
        <time>2026-06-05T23:16:50Z</time>
      </trkpt>
      <trkpt lat="23.081932" lon="113.273997">
        <time>2026-06-05T23:16:55Z</time>
      </trkpt>
      <trkpt lat="23.082015" lon="113.273906">
        <time>2026-06-05T23:17:00Z</time>
      </trkpt>
      <trkpt lat="23.082066" lon="113.273784">
        <time>2026-06-05T23:17:05Z</time>
      </trkpt>
      <trkpt lat="23.08207" lon="113.273641">
        <time>2026-06-05T23:17:10Z</time>
      </trkpt>
      <trkpt lat="23.082024" lon="113.27351">
        <time>2026-06-05T23:17:15Z</time>
      </trkpt>
      <trkpt lat="23.081934" lon="113.273407">
        <time>2026-06-05T23:17:20Z</time>
      </trkpt>
      <trkpt lat="23.081818" lon="113.273349">
        <time>2026-06-05T23:17:25Z</time>
      </trkpt>
      <trkpt lat="23.081708" lon="113.273308">
        <time>2026-06-05T23:17:30Z</time>
      </trkpt>
      <trkpt lat="23.081597" lon="113.273266">
        <time>2026-06-05T23:17:35Z</time>
      </trkpt>
      <trkpt lat="23.081488" lon="113.273226">
        <time>2026-06-05T23:17:40Z</time>
      </trkpt>
      <trkpt lat="23.081379" lon="113.273185">
        <time>2026-06-05T23:17:45Z</time>
      </trkpt>
      <trkpt lat="23.081266" lon="113.273143">
        <time>2026-06-05T23:17:50Z</time>
      </trkpt>
      <trkpt lat="23.081146" lon="113.273098">
        <time>2026-06-05T23:17:55Z</time>
      </trkpt>
      <trkpt lat="23.081044" lon="113.273074">
        <time>2026-06-05T23:18:00Z</time>
      </trkpt>
      <trkpt lat="23.080958" lon="113.273082">
        <time>2026-06-05T23:18:05Z</time>
      </trkpt>
      <trkpt lat="23.080879" lon="113.273112">
        <time>2026-06-05T23:18:10Z</time>
      </trkpt>
      <trkpt lat="23.080798" lon="113.273174">
        <time>2026-06-05T23:18:15Z</time>
      </trkpt>
      <trkpt lat="23.080721" lon="113.273296">
        <time>2026-06-05T23:18:20Z</time>
      </trkpt>
      <trkpt lat="23.080697" lon="113.273449">
        <time>2026-06-05T23:18:25Z</time>
      </trkpt>
      <trkpt lat="23.080723" lon="113.273575">
        <time>2026-06-05T23:18:30Z</time>
      </trkpt>
      <trkpt lat="23.080783" lon="113.273676">
        <time>2026-06-05T23:18:35Z</time>
      </trkpt>
      <trkpt lat="23.080866" lon="113.273747">
        <time>2026-06-05T23:18:40Z</time>
      </trkpt>
      <trkpt lat="23.080973" lon="113.273793">
        <time>2026-06-05T23:18:45Z</time>
      </trkpt>
      <trkpt lat="23.081095" lon="113.273839">
        <time>2026-06-05T23:18:50Z</time>
      </trkpt>
      <trkpt lat="23.081212" lon="113.273883">
        <time>2026-06-05T23:18:55Z</time>
      </trkpt>
      <trkpt lat="23.081325" lon="113.273925">
        <time>2026-06-05T23:19:00Z</time>
      </trkpt>
      <trkpt lat="23.08144" lon="113.273968">
        <time>2026-06-05T23:19:05Z</time>
      </trkpt>
      <trkpt lat="23.081558" lon="113.274012">
        <time>2026-06-05T23:19:10Z</time>
      </trkpt>
      <trkpt lat="23.081673" lon="113.274052">
        <time>2026-06-05T23:19:15Z</time>
      </trkpt>
      <trkpt lat="23.081783" lon="113.274058">
        <time>2026-06-05T23:19:20Z</time>
      </trkpt>
      <trkpt lat="23.081884" lon="113.274027">
        <time>2026-06-05T23:19:25Z</time>
      </trkpt>
      <trkpt lat="23.081974" lon="113.273959">
        <time>2026-06-05T23:19:30Z</time>
      </trkpt>
      <trkpt lat="23.082046" lon="113.273847">
        <time>2026-06-05T23:19:35Z</time>
      </trkpt>
      <trkpt lat="23.082074" lon="113.273711">
        <time>2026-06-05T23:19:40Z</time>
      </trkpt>
      <trkpt lat="23.082055" lon="113.273579">
        <time>2026-06-05T23:19:45Z</time>
      </trkpt>
      <trkpt lat="23.081995" lon="113.273467">
        <time>2026-06-05T23:19:50Z</time>
      </trkpt>
      <trkpt lat="23.081892" lon="113.27338">
        <time>2026-06-05T23:19:55Z</time>
      </trkpt>
      <trkpt lat="23.081778" lon="113.273334">
        <time>2026-06-05T23:20:00Z</time>
      </trkpt>
      <trkpt lat="23.081669" lon="113.273294">
        <time>2026-06-05T23:20:05Z</time>
      </trkpt>
      <trkpt lat="23.081555" lon="113.273251">
        <time>2026-06-05T23:20:10Z</time>
      </trkpt>
      <trkpt lat="23.081441" lon="113.273208">
        <time>2026-06-05T23:20:15Z</time>
      </trkpt>
      <trkpt lat="23.081328" lon="113.273166">
        <time>2026-06-05T23:20:20Z</time>
      </trkpt>
      <trkpt lat="23.081216" lon="113.273124">
        <time>2026-06-05T23:20:25Z</time>
      </trkpt>
      <trkpt lat="23.08111" lon="113.273085">
        <time>2026-06-05T23:20:30Z</time>
      </trkpt>
      <trkpt lat="23.081023" lon="113.273074">
        <time>2026-06-05T23:20:35Z</time>
      </trkpt>
      <trkpt lat="23.080942" lon="113.273086">
        <time>2026-06-05T23:20:40Z</time>
      </trkpt>
      <trkpt lat="23.080845" lon="113.273133">
        <time>2026-06-05T23:20:45Z</time>
      </trkpt>
      <trkpt lat="23.080755" lon="113.273229">
        <time>2026-06-05T23:20:50Z</time>
      </trkpt>
      <trkpt lat="23.0807" lon="113.273377">
        <time>2026-06-05T23:20:55Z</time>
      </trkpt>
      <trkpt lat="23.080705" lon="113.273516">
        <time>2026-06-05T23:21:00Z</time>
      </trkpt>
      <trkpt lat="23.080748" lon="113.273627">
        <time>2026-06-05T23:21:05Z</time>
      </trkpt>
      <trkpt lat="23.080819" lon="113.273712">
        <time>2026-06-05T23:21:10Z</time>
      </trkpt>
      <trkpt lat="23.080907" lon="113.273768">
        <time>2026-06-05T23:21:15Z</time>
      </trkpt>
      <trkpt lat="23.081031" lon="113.273815">
        <time>2026-06-05T23:21:20Z</time>
      </trkpt>
      <trkpt lat="23.08116" lon="113.273863">
        <time>2026-06-05T23:21:25Z</time>
      </trkpt>
      <trkpt lat="23.081278" lon="113.273907">
        <time>2026-06-05T23:21:30Z</time>
      </trkpt>
      <trkpt lat="23.081397" lon="113.273952">
        <time>2026-06-05T23:21:35Z</time>
      </trkpt>
      <trkpt lat="23.081516" lon="113.273996">
        <time>2026-06-05T23:21:40Z</time>
      </trkpt>
      <trkpt lat="23.081635" lon="113.274041">
        <time>2026-06-05T23:21:45Z</time>
      </trkpt>
      <trkpt lat="23.081738" lon="113.274061">
        <time>2026-06-05T23:21:50Z</time>
      </trkpt>
      <trkpt lat="23.08184" lon="113.274045">
        <time>2026-06-05T23:21:55Z</time>
      </trkpt>
      <trkpt lat="23.081936" lon="113.273994">
        <time>2026-06-05T23:22:00Z</time>
      </trkpt>
      <trkpt lat="23.082016" lon="113.273906">
        <time>2026-06-05T23:22:05Z</time>
      </trkpt>
      <trkpt lat="23.08207" lon="113.273762">
        <time>2026-06-05T23:22:10Z</time>
      </trkpt>
      <trkpt lat="23.082067" lon="113.273625">
        <time>2026-06-05T23:22:15Z</time>
      </trkpt>
      <trkpt lat="23.082024" lon="113.27351">
        <time>2026-06-05T23:22:20Z</time>
      </trkpt>
      <trkpt lat="23.081955" lon="113.273425">
        <time>2026-06-05T23:22:25Z</time>
      </trkpt>
      <trkpt lat="23.08185" lon="113.273361">
        <time>2026-06-05T23:22:30Z</time>
      </trkpt>
      <trkpt lat="23.081733" lon="113.273317">
        <time>2026-06-05T23:22:35Z</time>
      </trkpt>
      <trkpt lat="23.081622" lon="113.273276">
        <time>2026-06-05T23:22:40Z</time>
      </trkpt>
      <trkpt lat="23.081515" lon="113.273236">
        <time>2026-06-05T23:22:45Z</time>
      </trkpt>
      <trkpt lat="23.081411" lon="113.273197">
        <time>2026-06-05T23:22:50Z</time>
      </trkpt>
      <trkpt lat="23.081309" lon="113.273159">
        <time>2026-06-05T23:22:55Z</time>
      </trkpt>
      <trkpt lat="23.081202" lon="113.273119">
        <time>2026-06-05T23:23:00Z</time>
      </trkpt>
      <trkpt lat="23.081095" lon="113.273082">
        <time>2026-06-05T23:23:05Z</time>
      </trkpt>
      <trkpt lat="23.080998" lon="113.273075">
        <time>2026-06-05T23:23:10Z</time>
      </trkpt>
      <trkpt lat="23.080909" lon="113.273098">
        <time>2026-06-05T23:23:15Z</time>
      </trkpt>
      <trkpt lat="23.080796" lon="113.273177">
        <time>2026-06-05T23:23:20Z</time>
      </trkpt>
      <trkpt lat="23.080723" lon="113.273292">
        <time>2026-06-05T23:23:25Z</time>
      </trkpt>
      <trkpt lat="23.080697" lon="113.273422">
        <time>2026-06-05T23:23:30Z</time>
      </trkpt>
      <trkpt lat="23.080711" lon="113.273538">
        <time>2026-06-05T23:23:35Z</time>
      </trkpt>
      <trkpt lat="23.08076" lon="113.273645">
        <time>2026-06-05T23:23:40Z</time>
      </trkpt>
      <trkpt lat="23.080834" lon="113.273725">
        <time>2026-06-05T23:23:45Z</time>
      </trkpt>
      <trkpt lat="23.08093" lon="113.273777">
        <time>2026-06-05T23:23:50Z</time>
      </trkpt>
      <trkpt lat="23.081061" lon="113.273826">
        <time>2026-06-05T23:23:55Z</time>
      </trkpt>
      <trkpt lat="23.081185" lon="113.273873">
        <time>2026-06-05T23:24:00Z</time>
      </trkpt>
      <trkpt lat="23.081295" lon="113.273914">
        <time>2026-06-05T23:24:05Z</time>
      </trkpt>
      <trkpt lat="23.081392" lon="113.27395">
        <time>2026-06-05T23:24:10Z</time>
      </trkpt>
      <trkpt lat="23.081501" lon="113.273991">
        <time>2026-06-05T23:24:15Z</time>
      </trkpt>
      <trkpt lat="23.081617" lon="113.274034">
        <time>2026-06-05T23:24:20Z</time>
      </trkpt>
      <trkpt lat="23.081722" lon="113.27406">
        <time>2026-06-05T23:24:25Z</time>
      </trkpt>
      <trkpt lat="23.081827" lon="113.274049">
        <time>2026-06-05T23:24:30Z</time>
      </trkpt>
      <trkpt lat="23.081923" lon="113.274003">
        <time>2026-06-05T23:24:35Z</time>
      </trkpt>
      <trkpt lat="23.082009" lon="113.273916">
        <time>2026-06-05T23:24:40Z</time>
      </trkpt>
      <trkpt lat="23.082063" lon="113.273794">
        <time>2026-06-05T23:24:45Z</time>
      </trkpt>
      <trkpt lat="23.082071" lon="113.27365">
        <time>2026-06-05T23:24:50Z</time>
      </trkpt>
      <trkpt lat="23.082025" lon="113.273513">
        <time>2026-06-05T23:24:55Z</time>
      </trkpt>
      <trkpt lat="23.081936" lon="113.273409">
        <time>2026-06-05T23:25:00Z</time>
      </trkpt>
      <trkpt lat="23.081815" lon="113.273348">
        <time>2026-06-05T23:25:05Z</time>
      </trkpt>
      <trkpt lat="23.081697" lon="113.273304">
        <time>2026-06-05T23:25:10Z</time>
      </trkpt>
      <trkpt lat="23.081583" lon="113.273261">
        <time>2026-06-05T23:25:15Z</time>
      </trkpt>
      <trkpt lat="23.081471" lon="113.273219">
        <time>2026-06-05T23:25:20Z</time>
      </trkpt>
      <trkpt lat="23.081361" lon="113.273178">
        <time>2026-06-05T23:25:25Z</time>
      </trkpt>
      <trkpt lat="23.081252" lon="113.273137">
        <time>2026-06-05T23:25:30Z</time>
      </trkpt>
      <trkpt lat="23.081144" lon="113.273097">
        <time>2026-06-05T23:25:35Z</time>
      </trkpt>
      <trkpt lat="23.081049" lon="113.273075">
        <time>2026-06-05T23:25:40Z</time>
      </trkpt>
      <trkpt lat="23.080956" lon="113.273082">
        <time>2026-06-05T23:25:45Z</time>
      </trkpt>
      <trkpt lat="23.080858" lon="113.273124">
        <time>2026-06-05T23:25:50Z</time>
      </trkpt>
      <trkpt lat="23.080759" lon="113.273222">
        <time>2026-06-05T23:25:55Z</time>
      </trkpt>
      <trkpt lat="23.0807" lon="113.273378">
        <time>2026-06-05T23:26:00Z</time>
      </trkpt>
      <trkpt lat="23.080703" lon="113.273506">
        <time>2026-06-05T23:26:05Z</time>
      </trkpt>
      <trkpt lat="23.080743" lon="113.273618">
        <time>2026-06-05T23:26:10Z</time>
      </trkpt>
      <trkpt lat="23.080815" lon="113.273709">
        <time>2026-06-05T23:26:15Z</time>
      </trkpt>
      <trkpt lat="23.080901" lon="113.273766">
        <time>2026-06-05T23:26:20Z</time>
      </trkpt>
      <trkpt lat="23.081011" lon="113.273807">
        <time>2026-06-05T23:26:25Z</time>
      </trkpt>
      <trkpt lat="23.081124" lon="113.27385">
        <time>2026-06-05T23:26:30Z</time>
      </trkpt>
      <trkpt lat="23.081235" lon="113.273891">
        <time>2026-06-05T23:26:35Z</time>
      </trkpt>
      <trkpt lat="23.081346" lon="113.273933">
        <time>2026-06-05T23:26:40Z</time>
      </trkpt>
      <trkpt lat="23.08146" lon="113.273975">
        <time>2026-06-05T23:26:45Z</time>
      </trkpt>
      <trkpt lat="23.081574" lon="113.274018">
        <time>2026-06-05T23:26:50Z</time>
      </trkpt>
      <trkpt lat="23.081677" lon="113.274053">
        <time>2026-06-05T23:26:55Z</time>
      </trkpt>
      <trkpt lat="23.081778" lon="113.274059">
        <time>2026-06-05T23:27:00Z</time>
      </trkpt>
      <trkpt lat="23.081877" lon="113.27403">
        <time>2026-06-05T23:27:05Z</time>
      </trkpt>
      <trkpt lat="23.081966" lon="113.273967">
        <time>2026-06-05T23:27:10Z</time>
      </trkpt>
      <trkpt lat="23.08204" lon="113.273862">
        <time>2026-06-05T23:27:15Z</time>
      </trkpt>
      <trkpt lat="23.082074" lon="113.273727">
        <time>2026-06-05T23:27:20Z</time>
      </trkpt>
      <trkpt lat="23.082057" lon="113.273585">
        <time>2026-06-05T23:27:25Z</time>
      </trkpt>
      <trkpt lat="23.081994" lon="113.273467">
        <time>2026-06-05T23:27:30Z</time>
      </trkpt>
      <trkpt lat="23.081882" lon="113.273375">
        <time>2026-06-05T23:27:35Z</time>
      </trkpt>
      <trkpt lat="23.081763" lon="113.273328">
        <time>2026-06-05T23:27:40Z</time>
      </trkpt>
      <trkpt lat="23.08165" lon="113.273286">
        <time>2026-06-05T23:27:45Z</time>
      </trkpt>
      <trkpt lat="23.081541" lon="113.273245">
        <time>2026-06-05T23:27:50Z</time>
      </trkpt>
      <trkpt lat="23.081432" lon="113.273205">
        <time>2026-06-05T23:27:55Z</time>
      </trkpt>
      <trkpt lat="23.08132" lon="113.273163">
        <time>2026-06-05T23:28:00Z</time>
      </trkpt>
      <trkpt lat="23.08121" lon="113.273122">
        <time>2026-06-05T23:28:05Z</time>
      </trkpt>
      <trkpt lat="23.081105" lon="113.273084">
        <time>2026-06-05T23:28:10Z</time>
      </trkpt>
      <trkpt lat="23.081011" lon="113.273074">
        <time>2026-06-05T23:28:15Z</time>
      </trkpt>
      <trkpt lat="23.080928" lon="113.27309">
        <time>2026-06-05T23:28:20Z</time>
      </trkpt>
      <trkpt lat="23.080835" lon="113.273141">
        <time>2026-06-05T23:28:25Z</time>
      </trkpt>
      <trkpt lat="23.080753" lon="113.273232">
        <time>2026-06-05T23:28:30Z</time>
      </trkpt>
      <trkpt lat="23.080703" lon="113.273364">
        <time>2026-06-05T23:28:35Z</time>
      </trkpt>
      <trkpt lat="23.080702" lon="113.273502">
        <time>2026-06-05T23:28:40Z</time>
      </trkpt>
      <trkpt lat="23.080745" lon="113.273621">
        <time>2026-06-05T23:28:45Z</time>
      </trkpt>
      <trkpt lat="23.080817" lon="113.273711">
        <time>2026-06-05T23:28:50Z</time>
      </trkpt>
      <trkpt lat="23.080899" lon="113.273765">
        <time>2026-06-05T23:28:55Z</time>
      </trkpt>
      <trkpt lat="23.081011" lon="113.273807">
        <time>2026-06-05T23:29:00Z</time>
      </trkpt>
      <trkpt lat="23.081129" lon="113.273852">
        <time>2026-06-05T23:29:05Z</time>
      </trkpt>
      <trkpt lat="23.081241" lon="113.273893">
        <time>2026-06-05T23:29:10Z</time>
      </trkpt>
      <trkpt lat="23.081353" lon="113.273935">
        <time>2026-06-05T23:29:15Z</time>
      </trkpt>
      <trkpt lat="23.081463" lon="113.273976">
        <time>2026-06-05T23:29:20Z</time>
      </trkpt>
      <trkpt lat="23.081575" lon="113.274018">
        <time>2026-06-05T23:29:25Z</time>
      </trkpt>
      <trkpt lat="23.081685" lon="113.274055">
        <time>2026-06-05T23:29:30Z</time>
      </trkpt>
      <trkpt lat="23.081795" lon="113.274056">
        <time>2026-06-05T23:29:35Z</time>
      </trkpt>
      <trkpt lat="23.081895" lon="113.274021">
        <time>2026-06-05T23:29:40Z</time>
      </trkpt>
      <trkpt lat="23.081983" lon="113.27395">
        <time>2026-06-05T23:29:45Z</time>
      </trkpt>
      <trkpt lat="23.082049" lon="113.273839">
        <time>2026-06-05T23:29:50Z</time>
      </trkpt>
      <trkpt lat="23.082074" lon="113.273703">
        <time>2026-06-05T23:29:55Z</time>
      </trkpt>
      <trkpt lat="23.082051" lon="113.273567">
        <time>2026-06-05T23:30:00Z</time>
      </trkpt>
      <trkpt lat="23.081985" lon="113.273456">
        <time>2026-06-05T23:30:05Z</time>
      </trkpt>
      <trkpt lat="23.081877" lon="113.273373">
        <time>2026-06-05T23:30:10Z</time>
      </trkpt>
      <trkpt lat="23.081757" lon="113.273326">
        <time>2026-06-05T23:30:15Z</time>
      </trkpt>
      <trkpt lat="23.081644" lon="113.273284">
        <time>2026-06-05T23:30:20Z</time>
      </trkpt>
      <trkpt lat="23.08153" lon="113.273241">
        <time>2026-06-05T23:30:25Z</time>
      </trkpt>
      <trkpt lat="23.081413" lon="113.273198">
        <time>2026-06-05T23:30:30Z</time>
      </trkpt>
      <trkpt lat="23.081297" lon="113.273154">
        <time>2026-06-05T23:30:35Z</time>
      </trkpt>
      <trkpt lat="23.081189" lon="113.273114">
        <time>2026-06-05T23:30:40Z</time>
      </trkpt>
      <trkpt lat="23.081091" lon="113.273081">
        <time>2026-06-05T23:30:45Z</time>
      </trkpt>
      <trkpt lat="23.080997" lon="113.273075">
        <time>2026-06-05T23:30:50Z</time>
      </trkpt>
      <trkpt lat="23.08091" lon="113.273097">
        <time>2026-06-05T23:30:55Z</time>
      </trkpt>
      <trkpt lat="23.080818" lon="113.273155">
        <time>2026-06-05T23:31:00Z</time>
      </trkpt>
      <trkpt lat="23.080741" lon="113.273254">
        <time>2026-06-05T23:31:05Z</time>
      </trkpt>
      <trkpt lat="23.080699" lon="113.273391">
        <time>2026-06-05T23:31:10Z</time>
      </trkpt>
      <trkpt lat="23.080708" lon="113.273529">
        <time>2026-06-05T23:31:15Z</time>
      </trkpt>
      <trkpt lat="23.08076" lon="113.273645">
        <time>2026-06-05T23:31:20Z</time>
      </trkpt>
      <trkpt lat="23.08084" lon="113.273729">
        <time>2026-06-05T23:31:25Z</time>
      </trkpt>
      <trkpt lat="23.080928" lon="113.273776">
        <time>2026-06-05T23:31:30Z</time>
      </trkpt>
      <trkpt lat="23.081047" lon="113.273821">
        <time>2026-06-05T23:31:35Z</time>
      </trkpt>
      <trkpt lat="23.08116" lon="113.273863">
        <time>2026-06-05T23:31:40Z</time>
      </trkpt>
      <trkpt lat="23.081271" lon="113.273905">
        <time>2026-06-05T23:31:45Z</time>
      </trkpt>
      <trkpt lat="23.081384" lon="113.273947">
        <time>2026-06-05T23:31:50Z</time>
      </trkpt>
      <trkpt lat="23.081496" lon="113.273989">
        <time>2026-06-05T23:31:55Z</time>
      </trkpt>
      <trkpt lat="23.081609" lon="113.274031">
        <time>2026-06-05T23:32:00Z</time>
      </trkpt>
      <trkpt lat="23.081715" lon="113.274059">
        <time>2026-06-05T23:32:05Z</time>
      </trkpt>
      <trkpt lat="23.08182" lon="113.274051">
        <time>2026-06-05T23:32:10Z</time>
      </trkpt>
      <trkpt lat="23.08192" lon="113.274006">
        <time>2026-06-05T23:32:15Z</time>
      </trkpt>
      <trkpt lat="23.082007" lon="113.273919">
        <time>2026-06-05T23:32:20Z</time>
      </trkpt>
      <trkpt lat="23.082062" lon="113.273798">
        <time>2026-06-05T23:32:25Z</time>
      </trkpt>
      <trkpt lat="23.082073" lon="113.273669">
        <time>2026-06-05T23:32:30Z</time>
      </trkpt>
      <trkpt lat="23.082036" lon="113.273533">
        <time>2026-06-05T23:32:35Z</time>
      </trkpt>
      <trkpt lat="23.081958" lon="113.273427">
        <time>2026-06-05T23:32:40Z</time>
      </trkpt>
      <trkpt lat="23.081836" lon="113.273356">
        <time>2026-06-05T23:32:45Z</time>
      </trkpt>
      <trkpt lat="23.081717" lon="113.273311">
        <time>2026-06-05T23:32:50Z</time>
      </trkpt>
      <trkpt lat="23.081605" lon="113.273269">
        <time>2026-06-05T23:32:55Z</time>
      </trkpt>
      <trkpt lat="23.081496" lon="113.273229">
        <time>2026-06-05T23:33:00Z</time>
      </trkpt>
      <trkpt lat="23.081379" lon="113.273185">
        <time>2026-06-05T23:33:05Z</time>
      </trkpt>
      <trkpt lat="23.081261" lon="113.273141">
        <time>2026-06-05T23:33:10Z</time>
      </trkpt>
      <trkpt lat="23.081151" lon="113.2731">
        <time>2026-06-05T23:33:15Z</time>
      </trkpt>
      <trkpt lat="23.08106" lon="113.273076">
        <time>2026-06-05T23:33:20Z</time>
      </trkpt>
      <trkpt lat="23.080975" lon="113.273078">
        <time>2026-06-05T23:33:25Z</time>
      </trkpt>
      <trkpt lat="23.080889" lon="113.273107">
        <time>2026-06-05T23:33:30Z</time>
      </trkpt>
      <trkpt lat="23.08079" lon="113.273183">
        <time>2026-06-05T23:33:35Z</time>
      </trkpt>
      <trkpt lat="23.08072" lon="113.273299">
        <time>2026-06-05T23:33:40Z</time>
      </trkpt>
      <trkpt lat="23.080697" lon="113.273448">
        <time>2026-06-05T23:33:45Z</time>
      </trkpt>
      <trkpt lat="23.080724" lon="113.273576">
        <time>2026-06-05T23:33:50Z</time>
      </trkpt>
      <trkpt lat="23.080784" lon="113.273677">
        <time>2026-06-05T23:33:55Z</time>
      </trkpt>
      <trkpt lat="23.080862" lon="113.273745">
        <time>2026-06-05T23:34:00Z</time>
      </trkpt>
      <trkpt lat="23.080956" lon="113.273787">
        <time>2026-06-05T23:34:05Z</time>
      </trkpt>
      <trkpt lat="23.081067" lon="113.273828">
        <time>2026-06-05T23:34:10Z</time>
      </trkpt>
      <trkpt lat="23.081177" lon="113.273869">
        <time>2026-06-05T23:34:15Z</time>
      </trkpt>
      <trkpt lat="23.081284" lon="113.273909">
        <time>2026-06-05T23:34:20Z</time>
      </trkpt>
      <trkpt lat="23.081399" lon="113.273953">
        <time>2026-06-05T23:34:25Z</time>
      </trkpt>
      <trkpt lat="23.081513" lon="113.273995">
        <time>2026-06-05T23:34:30Z</time>
      </trkpt>
      <trkpt lat="23.081626" lon="113.274038">
        <time>2026-06-05T23:34:35Z</time>
      </trkpt>
      <trkpt lat="23.081729" lon="113.27406">
        <time>2026-06-05T23:34:40Z</time>
      </trkpt>
      <trkpt lat="23.081836" lon="113.274046">
        <time>2026-06-05T23:34:45Z</time>
      </trkpt>
      <trkpt lat="23.081931" lon="113.273998">
        <time>2026-06-05T23:34:50Z</time>
      </trkpt>
      <trkpt lat="23.082012" lon="113.273912">
        <time>2026-06-05T23:34:55Z</time>
      </trkpt>
      <trkpt lat="23.082065" lon="113.273787">
        <time>2026-06-05T23:35:00Z</time>
      </trkpt>
      <trkpt lat="23.082071" lon="113.273647">
        <time>2026-06-05T23:35:05Z</time>
      </trkpt>
      <trkpt lat="23.082027" lon="113.273516">
        <time>2026-06-05T23:35:10Z</time>
      </trkpt>
      <trkpt lat="23.081947" lon="113.273418">
        <time>2026-06-05T23:35:15Z</time>
      </trkpt>
      <trkpt lat="23.081827" lon="113.273352">
        <time>2026-06-05T23:35:20Z</time>
      </trkpt>
      <trkpt lat="23.081707" lon="113.273307">
        <time>2026-06-05T23:35:25Z</time>
      </trkpt>
      <trkpt lat="23.081583" lon="113.273261">
        <time>2026-06-05T23:35:30Z</time>
      </trkpt>
      <trkpt lat="23.081462" lon="113.273216">
        <time>2026-06-05T23:35:35Z</time>
      </trkpt>
      <trkpt lat="23.08135" lon="113.273174">
        <time>2026-06-05T23:35:40Z</time>
      </trkpt>
      <trkpt lat="23.081235" lon="113.273131">
        <time>2026-06-05T23:35:45Z</time>
      </trkpt>
      <trkpt lat="23.081131" lon="113.273092">
        <time>2026-06-05T23:35:50Z</time>
      </trkpt>
      <trkpt lat="23.081037" lon="113.273074">
        <time>2026-06-05T23:35:55Z</time>
      </trkpt>
      <trkpt lat="23.080938" lon="113.273087">
        <time>2026-06-05T23:36:00Z</time>
      </trkpt>
      <trkpt lat="23.08084" lon="113.273137">
        <time>2026-06-05T23:36:05Z</time>
      </trkpt>
      <trkpt lat="23.080767" lon="113.273212">
        <time>2026-06-05T23:36:10Z</time>
      </trkpt>
      <trkpt lat="23.080711" lon="113.273327">
        <time>2026-06-05T23:36:15Z</time>
      </trkpt>
      <trkpt lat="23.080698" lon="113.273463">
        <time>2026-06-05T23:36:20Z</time>
      </trkpt>
      <trkpt lat="23.080727" lon="113.273584">
        <time>2026-06-05T23:36:25Z</time>
      </trkpt>
      <trkpt lat="23.080786" lon="113.273679">
        <time>2026-06-05T23:36:30Z</time>
      </trkpt>
      <trkpt lat="23.080865" lon="113.273747">
        <time>2026-06-05T23:36:35Z</time>
      </trkpt>
      <trkpt lat="23.080964" lon="113.27379">
        <time>2026-06-05T23:36:40Z</time>
      </trkpt>
      <trkpt lat="23.081079" lon="113.273833">
        <time>2026-06-05T23:36:45Z</time>
      </trkpt>
      <trkpt lat="23.081194" lon="113.273876">
        <time>2026-06-05T23:36:50Z</time>
      </trkpt>
      <trkpt lat="23.081307" lon="113.273918">
        <time>2026-06-05T23:36:55Z</time>
      </trkpt>
      <trkpt lat="23.081418" lon="113.27396">
        <time>2026-06-05T23:37:00Z</time>
      </trkpt>
      <trkpt lat="23.081528" lon="113.274001">
        <time>2026-06-05T23:37:05Z</time>
      </trkpt>
      <trkpt lat="23.081639" lon="113.274042">
        <time>2026-06-05T23:37:10Z</time>
      </trkpt>
      <trkpt lat="23.081743" lon="113.274061">
        <time>2026-06-05T23:37:15Z</time>
      </trkpt>
      <trkpt lat="23.081847" lon="113.274043">
        <time>2026-06-05T23:37:20Z</time>
      </trkpt>
      <trkpt lat="23.081939" lon="113.273991">
        <time>2026-06-05T23:37:25Z</time>
      </trkpt>
      <trkpt lat="23.082015" lon="113.273907">
        <time>2026-06-05T23:37:30Z</time>
      </trkpt>
      <trkpt lat="23.082064" lon="113.27379">
        <time>2026-06-05T23:37:35Z</time>
      </trkpt>
      <trkpt lat="23.082071" lon="113.273654">
        <time>2026-06-05T23:37:40Z</time>
      </trkpt>
      <trkpt lat="23.082027" lon="113.273516">
        <time>2026-06-05T23:37:45Z</time>
      </trkpt>
      <trkpt lat="23.081959" lon="113.273429">
        <time>2026-06-05T23:37:50Z</time>
      </trkpt>
      <trkpt lat="23.081839" lon="113.273357">
        <time>2026-06-05T23:37:55Z</time>
      </trkpt>
      <trkpt lat="23.081707" lon="113.273308">
        <time>2026-06-05T23:38:00Z</time>
      </trkpt>
      <trkpt lat="23.081579" lon="113.27326">
        <time>2026-06-05T23:38:05Z</time>
      </trkpt>
      <trkpt lat="23.081454" lon="113.273213">
        <time>2026-06-05T23:38:10Z</time>
      </trkpt>
      <trkpt lat="23.081337" lon="113.273169">
        <time>2026-06-05T23:38:15Z</time>
      </trkpt>
      <trkpt lat="23.081226" lon="113.273128">
        <time>2026-06-05T23:38:20Z</time>
      </trkpt>
      <trkpt lat="23.081119" lon="113.273088">
        <time>2026-06-05T23:38:25Z</time>
      </trkpt>
      <trkpt lat="23.081019" lon="113.273074">
        <time>2026-06-05T23:38:30Z</time>
      </trkpt>
      <trkpt lat="23.08092" lon="113.273093">
        <time>2026-06-05T23:38:35Z</time>
      </trkpt>
      <trkpt lat="23.080824" lon="113.27315">
        <time>2026-06-05T23:38:40Z</time>
      </trkpt>
      <trkpt lat="23.080749" lon="113.273239">
        <time>2026-06-05T23:38:45Z</time>
      </trkpt>
      <trkpt lat="23.080703" lon="113.273361">
        <time>2026-06-05T23:38:50Z</time>
      </trkpt>
      <trkpt lat="23.0807" lon="113.273489">
        <time>2026-06-05T23:38:55Z</time>
      </trkpt>
      <trkpt lat="23.080738" lon="113.273609">
        <time>2026-06-05T23:39:00Z</time>
      </trkpt>
      <trkpt lat="23.080809" lon="113.273703">
        <time>2026-06-05T23:39:05Z</time>
      </trkpt>
      <trkpt lat="23.080899" lon="113.273765">
        <time>2026-06-05T23:39:10Z</time>
      </trkpt>
      <trkpt lat="23.081018" lon="113.27381">
        <time>2026-06-05T23:39:15Z</time>
      </trkpt>
      <trkpt lat="23.081138" lon="113.273855">
        <time>2026-06-05T23:39:20Z</time>
      </trkpt>
      <trkpt lat="23.08126" lon="113.2739">
        <time>2026-06-05T23:39:25Z</time>
      </trkpt>
      <trkpt lat="23.081377" lon="113.273944">
        <time>2026-06-05T23:39:30Z</time>
      </trkpt>
      <trkpt lat="23.081495" lon="113.273989">
        <time>2026-06-05T23:39:35Z</time>
      </trkpt>
      <trkpt lat="23.081614" lon="113.274033">
        <time>2026-06-05T23:39:40Z</time>
      </trkpt>
      <trkpt lat="23.081717" lon="113.27406">
        <time>2026-06-05T23:39:45Z</time>
      </trkpt>
      <trkpt lat="23.081825" lon="113.27405">
        <time>2026-06-05T23:39:50Z</time>
      </trkpt>
      <trkpt lat="23.081926" lon="113.274001">
        <time>2026-06-05T23:39:55Z</time>
      </trkpt>
      <trkpt lat="23.082012" lon="113.273911">
        <time>2026-06-05T23:40:00Z</time>
      </trkpt>
      <trkpt lat="23.082068" lon="113.273772">
        <time>2026-06-05T23:40:05Z</time>
      </trkpt>
      <trkpt lat="23.082063" lon="113.273609">
        <time>2026-06-05T23:40:10Z</time>
      </trkpt>
      <trkpt lat="23.082001" lon="113.273476">
        <time>2026-06-05T23:40:15Z</time>
      </trkpt>
      <trkpt lat="23.081909" lon="113.27339">
        <time>2026-06-05T23:40:20Z</time>
      </trkpt>
      <trkpt lat="23.081785" lon="113.273337">
        <time>2026-06-05T23:40:25Z</time>
      </trkpt>
      <trkpt lat="23.081665" lon="113.273292">
        <time>2026-06-05T23:40:30Z</time>
      </trkpt>
      <trkpt lat="23.081541" lon="113.273246">
        <time>2026-06-05T23:40:35Z</time>
      </trkpt>
      <trkpt lat="23.08141" lon="113.273197">
        <time>2026-06-05T23:40:40Z</time>
      </trkpt>
      <trkpt lat="23.081288" lon="113.273151">
        <time>2026-06-05T23:40:45Z</time>
      </trkpt>
      <trkpt lat="23.081168" lon="113.273106">
        <time>2026-06-05T23:40:50Z</time>
      </trkpt>
      <trkpt lat="23.081058" lon="113.273076">
        <time>2026-06-05T23:40:55Z</time>
      </trkpt>
      <trkpt lat="23.080954" lon="113.273083">
        <time>2026-06-05T23:41:00Z</time>
      </trkpt>
      <trkpt lat="23.08086" lon="113.273123">
        <time>2026-06-05T23:41:05Z</time>
      </trkpt>
      <trkpt lat="23.080775" lon="113.273201">
        <time>2026-06-05T23:41:10Z</time>
      </trkpt>
      <trkpt lat="23.08071" lon="113.27333">
        <time>2026-06-05T23:41:15Z</time>
      </trkpt>
      <trkpt lat="23.0807" lon="113.273486">
        <time>2026-06-05T23:41:20Z</time>
      </trkpt>
      <trkpt lat="23.080743" lon="113.273618">
        <time>2026-06-05T23:41:25Z</time>
      </trkpt>
      <trkpt lat="23.080823" lon="113.273716">
        <time>2026-06-05T23:41:30Z</time>
      </trkpt>
      <trkpt lat="23.080922" lon="113.273774">
        <time>2026-06-05T23:41:35Z</time>
      </trkpt>
      <trkpt lat="23.081053" lon="113.273823">
        <time>2026-06-05T23:41:40Z</time>
      </trkpt>
      <trkpt lat="23.081182" lon="113.273871">
        <time>2026-06-05T23:41:45Z</time>
      </trkpt>
      <trkpt lat="23.081302" lon="113.273916">
        <time>2026-06-05T23:41:50Z</time>
      </trkpt>
      <trkpt lat="23.081422" lon="113.273961">
        <time>2026-06-05T23:41:55Z</time>
      </trkpt>
      <trkpt lat="23.081542" lon="113.274006">
        <time>2026-06-05T23:42:00Z</time>
      </trkpt>
      <trkpt lat="23.081659" lon="113.274049">
        <time>2026-06-05T23:42:05Z</time>
      </trkpt>
      <trkpt lat="23.081768" lon="113.27406">
        <time>2026-06-05T23:42:10Z</time>
      </trkpt>
      <trkpt lat="23.081877" lon="113.27403">
        <time>2026-06-05T23:42:15Z</time>
      </trkpt>
      <trkpt lat="23.081975" lon="113.273958">
        <time>2026-06-05T23:42:20Z</time>
      </trkpt>
      <trkpt lat="23.08205" lon="113.273838">
        <time>2026-06-05T23:42:25Z</time>
      </trkpt>
      <trkpt lat="23.082074" lon="113.273695">
        <time>2026-06-05T23:42:30Z</time>
      </trkpt>
      <trkpt lat="23.082042" lon="113.273546">
        <time>2026-06-05T23:42:35Z</time>
      </trkpt>
      <trkpt lat="23.081956" lon="113.273426">
        <time>2026-06-05T23:42:40Z</time>
      </trkpt>
      <trkpt lat="23.081831" lon="113.273354">
        <time>2026-06-05T23:42:45Z</time>
      </trkpt>
      <trkpt lat="23.081695" lon="113.273303">
        <time>2026-06-05T23:42:50Z</time>
      </trkpt>
      <trkpt lat="23.081572" lon="113.273257">
        <time>2026-06-05T23:42:55Z</time>
      </trkpt>
      <trkpt lat="23.081456" lon="113.273214">
        <time>2026-06-05T23:43:00Z</time>
      </trkpt>
      <trkpt lat="23.081337" lon="113.273169">
        <time>2026-06-05T23:43:05Z</time>
      </trkpt>
      <trkpt lat="23.08122" lon="113.273125">
        <time>2026-06-05T23:43:10Z</time>
      </trkpt>
      <trkpt lat="23.081105" lon="113.273084">
        <time>2026-06-05T23:43:15Z</time>
      </trkpt>
      <trkpt lat="23.080996" lon="113.273076">
        <time>2026-06-05T23:43:20Z</time>
      </trkpt>
      <trkpt lat="23.080895" lon="113.273104">
        <time>2026-06-05T23:43:25Z</time>
      </trkpt>
      <trkpt lat="23.080797" lon="113.273175">
        <time>2026-06-05T23:43:30Z</time>
      </trkpt>
      <trkpt lat="23.080726" lon="113.273285">
        <time>2026-06-05T23:43:35Z</time>
      </trkpt>
      <trkpt lat="23.080696" lon="113.27343">
        <time>2026-06-05T23:43:40Z</time>
      </trkpt>
      <trkpt lat="23.080719" lon="113.273564">
        <time>2026-06-05T23:43:45Z</time>
      </trkpt>
      <trkpt lat="23.080774" lon="113.273665">
        <time>2026-06-05T23:43:50Z</time>
      </trkpt>
      <trkpt lat="23.080852" lon="113.273738">
        <time>2026-06-05T23:43:55Z</time>
      </trkpt>
      <trkpt lat="23.080958" lon="113.273788">
        <time>2026-06-05T23:44:00Z</time>
      </trkpt>
      <trkpt lat="23.081097" lon="113.27384">
        <time>2026-06-05T23:44:05Z</time>
      </trkpt>
      <trkpt lat="23.081225" lon="113.273887">
        <time>2026-06-05T23:44:10Z</time>
      </trkpt>
      <trkpt lat="23.081348" lon="113.273933">
        <time>2026-06-05T23:44:15Z</time>
      </trkpt>
      <trkpt lat="23.08147" lon="113.273979">
        <time>2026-06-05T23:44:20Z</time>
      </trkpt>
      <trkpt lat="23.081594" lon="113.274025">
        <time>2026-06-05T23:44:25Z</time>
      </trkpt>
      <trkpt lat="23.0817" lon="113.274058">
        <time>2026-06-05T23:44:30Z</time>
      </trkpt>
      <trkpt lat="23.081808" lon="113.274054">
        <time>2026-06-05T23:44:35Z</time>
      </trkpt>
      <trkpt lat="23.081912" lon="113.274011">
        <time>2026-06-05T23:44:40Z</time>
      </trkpt>
      <trkpt lat="23.082001" lon="113.273927">
        <time>2026-06-05T23:44:45Z</time>
      </trkpt>
      <trkpt lat="23.082062" lon="113.2738">
        <time>2026-06-05T23:44:50Z</time>
      </trkpt>
      <trkpt lat="23.08207" lon="113.273644">
        <time>2026-06-05T23:44:55Z</time>
      </trkpt>
      <trkpt lat="23.082018" lon="113.273501">
        <time>2026-06-05T23:45:00Z</time>
      </trkpt>
      <trkpt lat="23.081923" lon="113.273399">
        <time>2026-06-05T23:45:05Z</time>
      </trkpt>
      <trkpt lat="23.081798" lon="113.273342">
        <time>2026-06-05T23:45:10Z</time>
      </trkpt>
      <trkpt lat="23.081664" lon="113.273292">
        <time>2026-06-05T23:45:15Z</time>
      </trkpt>
      <trkpt lat="23.081532" lon="113.273242">
        <time>2026-06-05T23:45:20Z</time>
      </trkpt>
      <trkpt lat="23.081406" lon="113.273195">
        <time>2026-06-05T23:45:25Z</time>
      </trkpt>
      <trkpt lat="23.081288" lon="113.273151">
        <time>2026-06-05T23:45:30Z</time>
      </trkpt>
      <trkpt lat="23.081169" lon="113.273107">
        <time>2026-06-05T23:45:35Z</time>
      </trkpt>
      <trkpt lat="23.081056" lon="113.273075">
        <time>2026-06-05T23:45:40Z</time>
      </trkpt>
      <trkpt lat="23.080952" lon="113.273083">
        <time>2026-06-05T23:45:45Z</time>
      </trkpt>
      <trkpt lat="23.080853" lon="113.273128">
        <time>2026-06-05T23:45:50Z</time>
      </trkpt>
      <trkpt lat="23.080771" lon="113.273207">
        <time>2026-06-05T23:45:55Z</time>
      </trkpt>
      <trkpt lat="23.08071" lon="113.273332">
        <time>2026-06-05T23:46:00Z</time>
      </trkpt>
      <trkpt lat="23.080699" lon="113.273477">
        <time>2026-06-05T23:46:05Z</time>
      </trkpt>
      <trkpt lat="23.080734" lon="113.2736">
        <time>2026-06-05T23:46:10Z</time>
      </trkpt>
      <trkpt lat="23.080805" lon="113.273699">
        <time>2026-06-05T23:46:15Z</time>
      </trkpt>
      <trkpt lat="23.0809" lon="113.273765">
        <time>2026-06-05T23:46:20Z</time>
      </trkpt>
      <trkpt lat="23.081024" lon="113.273812">
        <time>2026-06-05T23:46:25Z</time>
      </trkpt>
      <trkpt lat="23.081146" lon="113.273858">
        <time>2026-06-05T23:46:30Z</time>
      </trkpt>
      <trkpt lat="23.081271" lon="113.273905">
        <time>2026-06-05T23:46:35Z</time>
      </trkpt>
      <trkpt lat="23.081401" lon="113.273953">
        <time>2026-06-05T23:46:40Z</time>
      </trkpt>
      <trkpt lat="23.081524" lon="113.273999">
        <time>2026-06-05T23:46:45Z</time>
      </trkpt>
      <trkpt lat="23.081645" lon="113.274044">
        <time>2026-06-05T23:46:50Z</time>
      </trkpt>
      <trkpt lat="23.081751" lon="113.274061">
        <time>2026-06-05T23:46:55Z</time>
      </trkpt>
      <trkpt lat="23.081862" lon="113.274037">
        <time>2026-06-05T23:47:00Z</time>
      </trkpt>
      <trkpt lat="23.081966" lon="113.273967">
        <time>2026-06-05T23:47:05Z</time>
      </trkpt>
      <trkpt lat="23.082044" lon="113.273851">
        <time>2026-06-05T23:47:10Z</time>
      </trkpt>
      <trkpt lat="23.082074" lon="113.273711">
        <time>2026-06-05T23:47:15Z</time>
      </trkpt>
      <trkpt lat="23.082047" lon="113.273559">
        <time>2026-06-05T23:47:20Z</time>
      </trkpt>
      <trkpt lat="23.081976" lon="113.273445">
        <time>2026-06-05T23:47:25Z</time>
      </trkpt>
      <trkpt lat="23.081866" lon="113.273368">
        <time>2026-06-05T23:47:30Z</time>
      </trkpt>
      <trkpt lat="23.081729" lon="113.273316">
        <time>2026-06-05T23:47:35Z</time>
      </trkpt>
      <trkpt lat="23.081598" lon="113.273267">
        <time>2026-06-05T23:47:40Z</time>
      </trkpt>
      <trkpt lat="23.081477" lon="113.273221">
        <time>2026-06-05T23:47:45Z</time>
      </trkpt>
      <trkpt lat="23.08135" lon="113.273174">
        <time>2026-06-05T23:47:50Z</time>
      </trkpt>
      <trkpt lat="23.081217" lon="113.273125">
        <time>2026-06-05T23:47:55Z</time>
      </trkpt>
      <trkpt lat="23.081094" lon="113.273082">
        <time>2026-06-05T23:48:00Z</time>
      </trkpt>
      <trkpt lat="23.080984" lon="113.273077">
        <time>2026-06-05T23:48:05Z</time>
      </trkpt>
      <trkpt lat="23.080895" lon="113.273104">
        <time>2026-06-05T23:48:10Z</time>
      </trkpt>
      <trkpt lat="23.080827" lon="113.273147">
        <time>2026-06-05T23:48:15Z</time>
      </trkpt>
      <trkpt lat="23.080747" lon="113.273243">
        <time>2026-06-05T23:48:20Z</time>
      </trkpt>
      <trkpt lat="23.080699" lon="113.273391">
        <time>2026-06-05T23:48:25Z</time>
      </trkpt>
      <trkpt lat="23.08071" lon="113.273537">
        <time>2026-06-05T23:48:30Z</time>
      </trkpt>
      <trkpt lat="23.080769" lon="113.273658">
        <time>2026-06-05T23:48:35Z</time>
      </trkpt>
      <trkpt lat="23.080862" lon="113.273745">
        <time>2026-06-05T23:48:40Z</time>
      </trkpt>
      <trkpt lat="23.080972" lon="113.273793">
        <time>2026-06-05T23:48:45Z</time>
      </trkpt>
      <trkpt lat="23.081097" lon="113.27384">
        <time>2026-06-05T23:48:50Z</time>
      </trkpt>
      <trkpt lat="23.081222" lon="113.273886">
        <time>2026-06-05T23:48:55Z</time>
      </trkpt>
      <trkpt lat="23.081345" lon="113.273932">
        <time>2026-06-05T23:49:00Z</time>
      </trkpt>
      <trkpt lat="23.081469" lon="113.273979">
        <time>2026-06-05T23:49:05Z</time>
      </trkpt>
      <trkpt lat="23.081587" lon="113.274023">
        <time>2026-06-05T23:49:10Z</time>
      </trkpt>
      <trkpt lat="23.081699" lon="113.274057">
        <time>2026-06-05T23:49:15Z</time>
      </trkpt>
      <trkpt lat="23.081808" lon="113.274054">
        <time>2026-06-05T23:49:20Z</time>
      </trkpt>
      <trkpt lat="23.081917" lon="113.274007">
        <time>2026-06-05T23:49:25Z</time>
      </trkpt>
      <trkpt lat="23.082009" lon="113.273916">
        <time>2026-06-05T23:49:30Z</time>
      </trkpt>
      <trkpt lat="23.082066" lon="113.273781">
        <time>2026-06-05T23:49:35Z</time>
      </trkpt>
      <trkpt lat="23.082067" lon="113.273627">
        <time>2026-06-05T23:49:40Z</time>
      </trkpt>
      <trkpt lat="23.082008" lon="113.273486">
        <time>2026-06-05T23:49:45Z</time>
      </trkpt>
      <trkpt lat="23.081909" lon="113.27339">
        <time>2026-06-05T23:49:50Z</time>
      </trkpt>
      <trkpt lat="23.081774" lon="113.273333">
        <time>2026-06-05T23:49:55Z</time>
      </trkpt>
      <trkpt lat="23.081641" lon="113.273283">
        <time>2026-06-05T23:50:00Z</time>
      </trkpt>
      <trkpt lat="23.08151" lon="113.273234">
        <time>2026-06-05T23:50:05Z</time>
      </trkpt>
      <trkpt lat="23.081387" lon="113.273188">
        <time>2026-06-05T23:50:10Z</time>
      </trkpt>
      <trkpt lat="23.08127" lon="113.273144">
        <time>2026-06-05T23:50:15Z</time>
      </trkpt>
      <trkpt lat="23.081153" lon="113.2731">
        <time>2026-06-05T23:50:20Z</time>
      </trkpt>
      <trkpt lat="23.081041" lon="113.273074">
        <time>2026-06-05T23:50:25Z</time>
      </trkpt>
      <trkpt lat="23.080939" lon="113.273087">
        <time>2026-06-05T23:50:30Z</time>
      </trkpt>
      <trkpt lat="23.080843" lon="113.273135">
        <time>2026-06-05T23:50:35Z</time>
      </trkpt>
      <trkpt lat="23.080754" lon="113.273231">
        <time>2026-06-05T23:50:40Z</time>
      </trkpt>
      <trkpt lat="23.080703" lon="113.273362">
        <time>2026-06-05T23:50:45Z</time>
      </trkpt>
      <trkpt lat="23.080703" lon="113.273506">
        <time>2026-06-05T23:50:50Z</time>
      </trkpt>
      <trkpt lat="23.080748" lon="113.273626">
        <time>2026-06-05T23:50:55Z</time>
      </trkpt>
      <trkpt lat="23.080832" lon="113.273723">
        <time>2026-06-05T23:51:00Z</time>
      </trkpt>
      <trkpt lat="23.080937" lon="113.27378">
        <time>2026-06-05T23:51:05Z</time>
      </trkpt>
      <trkpt lat="23.081061" lon="113.273826">
        <time>2026-06-05T23:51:10Z</time>
      </trkpt>
      <trkpt lat="23.08118" lon="113.27387">
        <time>2026-06-05T23:51:15Z</time>
      </trkpt>
      <trkpt lat="23.081296" lon="113.273914">
        <time>2026-06-05T23:51:20Z</time>
      </trkpt>
      <trkpt lat="23.081418" lon="113.27396">
        <time>2026-06-05T23:51:25Z</time>
      </trkpt>
      <trkpt lat="23.081544" lon="113.274007">
        <time>2026-06-05T23:51:30Z</time>
      </trkpt>
      <trkpt lat="23.081664" lon="113.27405">
        <time>2026-06-05T23:51:35Z</time>
      </trkpt>
      <trkpt lat="23.081776" lon="113.274059">
        <time>2026-06-05T23:51:40Z</time>
      </trkpt>
      <trkpt lat="23.081885" lon="113.274027">
        <time>2026-06-05T23:51:45Z</time>
      </trkpt>
      <trkpt lat="23.08198" lon="113.273952">
        <time>2026-06-05T23:51:50Z</time>
      </trkpt>
      <trkpt lat="23.082051" lon="113.273834">
        <time>2026-06-05T23:51:55Z</time>
      </trkpt>
      <trkpt lat="23.082074" lon="113.27369">
        <time>2026-06-05T23:52:00Z</time>
      </trkpt>
      <trkpt lat="23.082041" lon="113.273544">
        <time>2026-06-05T23:52:05Z</time>
      </trkpt>
      <trkpt lat="23.081957" lon="113.273427">
        <time>2026-06-05T23:52:10Z</time>
      </trkpt>
      <trkpt lat="23.081845" lon="113.273359">
        <time>2026-06-05T23:52:15Z</time>
      </trkpt>
      <trkpt lat="23.081721" lon="113.273313">
        <time>2026-06-05T23:52:20Z</time>
      </trkpt>
      <trkpt lat="23.081592" lon="113.273265">
        <time>2026-06-05T23:52:25Z</time>
      </trkpt>
      <trkpt lat="23.081463" lon="113.273217">
        <time>2026-06-05T23:52:30Z</time>
      </trkpt>
      <trkpt lat="23.081338" lon="113.27317">
        <time>2026-06-05T23:52:35Z</time>
      </trkpt>
      <trkpt lat="23.08121" lon="113.273122">
        <time>2026-06-05T23:52:40Z</time>
      </trkpt>
      <trkpt lat="23.081092" lon="113.273081">
        <time>2026-06-05T23:52:45Z</time>
      </trkpt>
      <trkpt lat="23.080984" lon="113.273077">
        <time>2026-06-05T23:52:50Z</time>
      </trkpt>
      <trkpt lat="23.080887" lon="113.273108">
        <time>2026-06-05T23:52:55Z</time>
      </trkpt>
      <trkpt lat="23.080803" lon="113.273169">
        <time>2026-06-05T23:53:00Z</time>
      </trkpt>
      <trkpt lat="23.08073" lon="113.273275">
        <time>2026-06-05T23:53:05Z</time>
      </trkpt>
      <trkpt lat="23.080696" lon="113.273442">
        <time>2026-06-05T23:53:10Z</time>
      </trkpt>
      <trkpt lat="23.080733" lon="113.273598">
        <time>2026-06-05T23:53:15Z</time>
      </trkpt>
      <trkpt lat="23.080811" lon="113.273706">
        <time>2026-06-05T23:53:20Z</time>
      </trkpt>
      <trkpt lat="23.080908" lon="113.273769">
        <time>2026-06-05T23:53:25Z</time>
      </trkpt>
      <trkpt lat="23.081036" lon="113.273817">
        <time>2026-06-05T23:53:30Z</time>
      </trkpt>
      <trkpt lat="23.081162" lon="113.273864">
        <time>2026-06-05T23:53:35Z</time>
      </trkpt>
      <trkpt lat="23.081289" lon="113.273911">
        <time>2026-06-05T23:53:40Z</time>
      </trkpt>
      <trkpt lat="23.081415" lon="113.273959">
        <time>2026-06-05T23:53:45Z</time>
      </trkpt>
      <trkpt lat="23.081546" lon="113.274007">
        <time>2026-06-05T23:53:50Z</time>
      </trkpt>
      <trkpt lat="23.081668" lon="113.274051">
        <time>2026-06-05T23:53:55Z</time>
      </trkpt>
      <trkpt lat="23.081778" lon="113.274059">
        <time>2026-06-05T23:54:00Z</time>
      </trkpt>
      <trkpt lat="23.08188" lon="113.274029">
        <time>2026-06-05T23:54:05Z</time>
      </trkpt>
      <trkpt lat="23.081975" lon="113.273958">
        <time>2026-06-05T23:54:10Z</time>
      </trkpt>
      <trkpt lat="23.082047" lon="113.273846">
        <time>2026-06-05T23:54:15Z</time>
      </trkpt>
      <trkpt lat="23.082074" lon="113.273695">
        <time>2026-06-05T23:54:20Z</time>
      </trkpt>
      <trkpt lat="23.082039" lon="113.273539">
        <time>2026-06-05T23:54:25Z</time>
      </trkpt>
      <trkpt lat="23.081955" lon="113.273425">
        <time>2026-06-05T23:54:30Z</time>
      </trkpt>
      <trkpt lat="23.081843" lon="113.273358">
        <time>2026-06-05T23:54:35Z</time>
      </trkpt>
      <trkpt lat="23.081726" lon="113.273315">
        <time>2026-06-05T23:54:40Z</time>
      </trkpt>
      <trkpt lat="23.081604" lon="113.273269">
        <time>2026-06-05T23:54:45Z</time>
      </trkpt>
      <trkpt lat="23.081486" lon="113.273225">
        <time>2026-06-05T23:54:50Z</time>
      </trkpt>
      <trkpt lat="23.081364" lon="113.273179">
        <time>2026-06-05T23:54:55Z</time>
      </trkpt>
      <trkpt lat="23.081246" lon="113.273135">
        <time>2026-06-05T23:55:00Z</time>
      </trkpt>
      <trkpt lat="23.081121" lon="113.273089">
        <time>2026-06-05T23:55:05Z</time>
      </trkpt>
      <trkpt lat="23.080979" lon="113.273078">
        <time>2026-06-05T23:55:10Z</time>
      </trkpt>
      <trkpt lat="23.08087" lon="113.273117">
        <time>2026-06-05T23:55:15Z</time>
      </trkpt>
      <trkpt lat="23.08078" lon="113.273194">
        <time>2026-06-05T23:55:20Z</time>
      </trkpt>
      <trkpt lat="23.080715" lon="113.273315">
        <time>2026-06-05T23:55:25Z</time>
      </trkpt>
      <trkpt lat="23.080698" lon="113.273465">
        <time>2026-06-05T23:55:30Z</time>
      </trkpt>
      <trkpt lat="23.080732" lon="113.273596">
        <time>2026-06-05T23:55:35Z</time>
      </trkpt>
      <trkpt lat="23.080794" lon="113.273688">
        <time>2026-06-05T23:55:40Z</time>
      </trkpt>
      <trkpt lat="23.080886" lon="113.273758">
        <time>2026-06-05T23:55:45Z</time>
      </trkpt>
      <trkpt lat="23.081011" lon="113.273807">
        <time>2026-06-05T23:55:50Z</time>
      </trkpt>
      <trkpt lat="23.081137" lon="113.273854">
        <time>2026-06-05T23:55:55Z</time>
      </trkpt>
      <trkpt lat="23.081256" lon="113.273899">
        <time>2026-06-05T23:56:00Z</time>
      </trkpt>
      <trkpt lat="23.08138" lon="113.273946">
        <time>2026-06-05T23:56:05Z</time>
      </trkpt>
      <trkpt lat="23.081516" lon="113.273996">
        <time>2026-06-05T23:56:10Z</time>
      </trkpt>
      <trkpt lat="23.081651" lon="113.274046">
        <time>2026-06-05T23:56:15Z</time>
      </trkpt>
      <trkpt lat="23.081768" lon="113.27406">
        <time>2026-06-05T23:56:20Z</time>
      </trkpt>
      <trkpt lat="23.081881" lon="113.274028">
        <time>2026-06-05T23:56:25Z</time>
      </trkpt>
      <trkpt lat="23.081981" lon="113.273951">
        <time>2026-06-05T23:56:30Z</time>
      </trkpt>
      <trkpt lat="23.082054" lon="113.273827">
        <time>2026-06-05T23:56:35Z</time>
      </trkpt>
      <trkpt lat="23.082074" lon="113.27368">
        <time>2026-06-05T23:56:40Z</time>
      </trkpt>
      <trkpt lat="23.082039" lon="113.27354">
        <time>2026-06-05T23:56:45Z</time>
      </trkpt>
      <trkpt lat="23.081968" lon="113.273438">
        <time>2026-06-05T23:56:50Z</time>
      </trkpt>
      <trkpt lat="23.081849" lon="113.273361">
        <time>2026-06-05T23:56:55Z</time>
      </trkpt>
      <trkpt lat="23.081709" lon="113.273309">
        <time>2026-06-05T23:57:00Z</time>
      </trkpt>
      <trkpt lat="23.081583" lon="113.273261">
        <time>2026-06-05T23:57:05Z</time>
      </trkpt>
      <trkpt lat="23.081457" lon="113.273214">
        <time>2026-06-05T23:57:10Z</time>
      </trkpt>
      <trkpt lat="23.081328" lon="113.273166">
        <time>2026-06-05T23:57:15Z</time>
      </trkpt>
      <trkpt lat="23.081196" lon="113.273116">
        <time>2026-06-05T23:57:20Z</time>
      </trkpt>
      <trkpt lat="23.081079" lon="113.273078">
        <time>2026-06-05T23:57:25Z</time>
      </trkpt>
      <trkpt lat="23.080969" lon="113.273079">
        <time>2026-06-05T23:57:30Z</time>
      </trkpt>
      <trkpt lat="23.080882" lon="113.27311">
        <time>2026-06-05T23:57:35Z</time>
      </trkpt>
      <trkpt lat="23.080777" lon="113.273198">
        <time>2026-06-05T23:57:40Z</time>
      </trkpt>
      <trkpt lat="23.080708" lon="113.273339">
        <time>2026-06-05T23:57:45Z</time>
      </trkpt>
      <trkpt lat="23.0807" lon="113.273483">
        <time>2026-06-05T23:57:50Z</time>
      </trkpt>
      <trkpt lat="23.08074" lon="113.273612">
        <time>2026-06-05T23:57:55Z</time>
      </trkpt>
      <trkpt lat="23.080821" lon="113.273714">
        <time>2026-06-05T23:58:00Z</time>
      </trkpt>
      <trkpt lat="23.080923" lon="113.273774">
        <time>2026-06-05T23:58:05Z</time>
      </trkpt>
      <trkpt lat="23.08105" lon="113.273822">
        <time>2026-06-05T23:58:10Z</time>
      </trkpt>
      <trkpt lat="23.081175" lon="113.273869">
        <time>2026-06-05T23:58:15Z</time>
      </trkpt>
      <trkpt lat="23.081292" lon="113.273913">
        <time>2026-06-05T23:58:20Z</time>
      </trkpt>
      <trkpt lat="23.08141" lon="113.273956">
        <time>2026-06-05T23:58:25Z</time>
      </trkpt>
      <trkpt lat="23.081528" lon="113.274001">
        <time>2026-06-05T23:58:30Z</time>
      </trkpt>
      <trkpt lat="23.081647" lon="113.274045">
        <time>2026-06-05T23:58:35Z</time>
      </trkpt>
      <trkpt lat="23.081759" lon="113.27406">
        <time>2026-06-05T23:58:40Z</time>
      </trkpt>
      <trkpt lat="23.081867" lon="113.274035">
        <time>2026-06-05T23:58:45Z</time>
      </trkpt>
      <trkpt lat="23.081967" lon="113.273967">
        <time>2026-06-05T23:58:50Z</time>
      </trkpt>
      <trkpt lat="23.082044" lon="113.273853">
        <time>2026-06-05T23:58:55Z</time>
      </trkpt>
      <trkpt lat="23.082074" lon="113.273711">
        <time>2026-06-05T23:59:00Z</time>
      </trkpt>
      <trkpt lat="23.082051" lon="113.273567">
        <time>2026-06-05T23:59:05Z</time>
      </trkpt>
      <trkpt lat="23.081989" lon="113.273461">
        <time>2026-06-05T23:59:10Z</time>
      </trkpt>
      <trkpt lat="23.081894" lon="113.273381">
        <time>2026-06-05T23:59:15Z</time>
      </trkpt>
      <trkpt lat="23.081755" lon="113.273326">
        <time>2026-06-05T23:59:20Z</time>
      </trkpt>
      <trkpt lat="23.081613" lon="113.273272">
        <time>2026-06-05T23:59:25Z</time>
      </trkpt>
      <trkpt lat="23.081478" lon="113.273222">
        <time>2026-06-05T23:59:30Z</time>
      </trkpt>
      <trkpt lat="23.081351" lon="113.273175">
        <time>2026-06-05T23:59:35Z</time>
      </trkpt>
      <trkpt lat="23.081231" lon="113.27313">
        <time>2026-06-05T23:59:40Z</time>
      </trkpt>
      <trkpt lat="23.08111" lon="113.273085">
        <time>2026-06-05T23:59:45Z</time>
      </trkpt>
      <trkpt lat="23.080991" lon="113.273076">
        <time>2026-06-05T23:59:50Z</time>
      </trkpt>
      <trkpt lat="23.080894" lon="113.273105">
        <time>2026-06-05T23:59:55Z</time>
      </trkpt>
      <trkpt lat="23.080793" lon="113.27318">
        <time>2026-06-06T00:00:00Z</time>
      </trkpt>
      <trkpt lat="23.080722" lon="113.273295">
        <time>2026-06-06T00:00:05Z</time>
      </trkpt>
      <trkpt lat="23.080696" lon="113.273436">
        <time>2026-06-06T00:00:10Z</time>
      </trkpt>
      <trkpt lat="23.08072" lon="113.273568">
        <time>2026-06-06T00:00:15Z</time>
      </trkpt>
      <trkpt lat="23.080783" lon="113.273675">
        <time>2026-06-06T00:00:20Z</time>
      </trkpt>
      <trkpt lat="23.080878" lon="113.273754">
        <time>2026-06-06T00:00:25Z</time>
      </trkpt>
      <trkpt lat="23.081007" lon="113.273806">
        <time>2026-06-06T00:00:30Z</time>
      </trkpt>
      <trkpt lat="23.081141" lon="113.273856">
        <time>2026-06-06T00:00:35Z</time>
      </trkpt>
      <trkpt lat="23.081269" lon="113.273904">
        <time>2026-06-06T00:00:40Z</time>
      </trkpt>
      <trkpt lat="23.081396" lon="113.273951">
        <time>2026-06-06T00:00:45Z</time>
      </trkpt>
      <trkpt lat="23.081519" lon="113.273998">
        <time>2026-06-06T00:00:50Z</time>
      </trkpt>
      <trkpt lat="23.081641" lon="113.274043">
        <time>2026-06-06T00:00:55Z</time>
      </trkpt>
      <trkpt lat="23.081746" lon="113.274061">
        <time>2026-06-06T00:01:00Z</time>
      </trkpt>
      <trkpt lat="23.081851" lon="113.274041">
        <time>2026-06-06T00:01:05Z</time>
      </trkpt>
      <trkpt lat="23.081946" lon="113.273986">
        <time>2026-06-06T00:01:10Z</time>
      </trkpt>
      <trkpt lat="23.082028" lon="113.273886">
        <time>2026-06-06T00:01:15Z</time>
      </trkpt>
      <trkpt lat="23.082072" lon="113.273745">
        <time>2026-06-06T00:01:20Z</time>
      </trkpt>
      <trkpt lat="23.082059" lon="113.273594">
        <time>2026-06-06T00:01:25Z</time>
      </trkpt>
      <trkpt lat="23.08199" lon="113.273462">
        <time>2026-06-06T00:01:30Z</time>
      </trkpt>
      <trkpt lat="23.081876" lon="113.273372">
        <time>2026-06-06T00:01:35Z</time>
      </trkpt>
      <trkpt lat="23.081737" lon="113.273319">
        <time>2026-06-06T00:01:40Z</time>
      </trkpt>
      <trkpt lat="23.081599" lon="113.273267">
        <time>2026-06-06T00:01:45Z</time>
      </trkpt>
      <trkpt lat="23.081464" lon="113.273217">
        <time>2026-06-06T00:01:50Z</time>
      </trkpt>
      <trkpt lat="23.081332" lon="113.273167">
        <time>2026-06-06T00:01:55Z</time>
      </trkpt>
      <trkpt lat="23.081203" lon="113.273119">
        <time>2026-06-06T00:02:00Z</time>
      </trkpt>
      <trkpt lat="23.081086" lon="113.27308">
        <time>2026-06-06T00:02:05Z</time>
      </trkpt>
      <trkpt lat="23.080982" lon="113.273077">
        <time>2026-06-06T00:02:10Z</time>
      </trkpt>
      <trkpt lat="23.080909" lon="113.273098">
        <time>2026-06-06T00:02:15Z</time>
      </trkpt>
      <trkpt lat="23.080794" lon="113.273179">
        <time>2026-06-06T00:02:20Z</time>
      </trkpt>
      <trkpt lat="23.08071" lon="113.273332">
        <time>2026-06-06T00:02:25Z</time>
      </trkpt>
      <trkpt lat="23.0807" lon="113.273488">
        <time>2026-06-06T00:02:30Z</time>
      </trkpt>
      <trkpt lat="23.080746" lon="113.273623">
        <time>2026-06-06T00:02:35Z</time>
      </trkpt>
      <trkpt lat="23.080826" lon="113.273719">
        <time>2026-06-06T00:02:40Z</time>
      </trkpt>
      <trkpt lat="23.080935" lon="113.273779">
        <time>2026-06-06T00:02:45Z</time>
      </trkpt>
      <trkpt lat="23.081067" lon="113.273828">
        <time>2026-06-06T00:02:50Z</time>
      </trkpt>
      <trkpt lat="23.081195" lon="113.273876">
        <time>2026-06-06T00:02:55Z</time>
      </trkpt>
      <trkpt lat="23.08132" lon="113.273923">
        <time>2026-06-06T00:03:00Z</time>
      </trkpt>
      <trkpt lat="23.081444" lon="113.273969">
        <time>2026-06-06T00:03:05Z</time>
      </trkpt>
      <trkpt lat="23.081571" lon="113.274017">
        <time>2026-06-06T00:03:10Z</time>
      </trkpt>
      <trkpt lat="23.081692" lon="113.274056">
        <time>2026-06-06T00:03:15Z</time>
      </trkpt>
      <trkpt lat="23.081807" lon="113.274054">
        <time>2026-06-06T00:03:20Z</time>
      </trkpt>
      <trkpt lat="23.081912" lon="113.274011">
        <time>2026-06-06T00:03:25Z</time>
      </trkpt>
      <trkpt lat="23.082003" lon="113.273925">
        <time>2026-06-06T00:03:30Z</time>
      </trkpt>
      <trkpt lat="23.082061" lon="113.273802">
        <time>2026-06-06T00:03:35Z</time>
      </trkpt>
      <trkpt lat="23.082071" lon="113.273651">
        <time>2026-06-06T00:03:40Z</time>
      </trkpt>
      <trkpt lat="23.082025" lon="113.273512">
        <time>2026-06-06T00:03:45Z</time>
      </trkpt>
      <trkpt lat="23.081939" lon="113.273411">
        <time>2026-06-06T00:03:50Z</time>
      </trkpt>
      <trkpt lat="23.081804" lon="113.273344">
        <time>2026-06-06T00:03:55Z</time>
      </trkpt>
      <trkpt lat="23.081667" lon="113.273293">
        <time>2026-06-06T00:04:00Z</time>
      </trkpt>
      <trkpt lat="23.081524" lon="113.273239">
        <time>2026-06-06T00:04:05Z</time>
      </trkpt>
      <trkpt lat="23.081384" lon="113.273187">
        <time>2026-06-06T00:04:10Z</time>
      </trkpt>
      <trkpt lat="23.081251" lon="113.273137">
        <time>2026-06-06T00:04:15Z</time>
      </trkpt>
      <trkpt lat="23.081131" lon="113.273092">
        <time>2026-06-06T00:04:20Z</time>
      </trkpt>
      <trkpt lat="23.081027" lon="113.273074">
        <time>2026-06-06T00:04:25Z</time>
      </trkpt>
      <trkpt lat="23.080935" lon="113.273088">
        <time>2026-06-06T00:04:30Z</time>
      </trkpt>
      <trkpt lat="23.080865" lon="113.27312">
        <time>2026-06-06T00:04:35Z</time>
      </trkpt>
      <trkpt lat="23.080768" lon="113.27321">
        <time>2026-06-06T00:04:40Z</time>
      </trkpt>
      <trkpt lat="23.0807" lon="113.273379">
        <time>2026-06-06T00:04:45Z</time>
      </trkpt>
      <trkpt lat="23.080704" lon="113.273512">
        <time>2026-06-06T00:04:50Z</time>
      </trkpt>
      <trkpt lat="23.080743" lon="113.273618">
        <time>2026-06-06T00:04:55Z</time>
      </trkpt>
      <trkpt lat="23.080827" lon="113.27372">
        <time>2026-06-06T00:05:00Z</time>
      </trkpt>
      <trkpt lat="23.080945" lon="113.273783">
        <time>2026-06-06T00:05:05Z</time>
      </trkpt>
      <trkpt lat="23.081092" lon="113.273837">
        <time>2026-06-06T00:05:10Z</time>
      </trkpt>
      <trkpt lat="23.081227" lon="113.273888">
        <time>2026-06-06T00:05:15Z</time>
      </trkpt>
      <trkpt lat="23.081352" lon="113.273935">
        <time>2026-06-06T00:05:20Z</time>
      </trkpt>
      <trkpt lat="23.08148" lon="113.273983">
        <time>2026-06-06T00:05:25Z</time>
      </trkpt>
      <trkpt lat="23.081609" lon="113.274031">
        <time>2026-06-06T00:05:30Z</time>
      </trkpt>
      <trkpt lat="23.081728" lon="113.27406">
        <time>2026-06-06T00:05:35Z</time>
      </trkpt>
      <trkpt lat="23.081841" lon="113.274045">
        <time>2026-06-06T00:05:40Z</time>
      </trkpt>
      <trkpt lat="23.081942" lon="113.273989">
        <time>2026-06-06T00:05:45Z</time>
      </trkpt>
      <trkpt lat="23.082026" lon="113.273888">
        <time>2026-06-06T00:05:50Z</time>
      </trkpt>
      <trkpt lat="23.082072" lon="113.273747">
        <time>2026-06-06T00:05:55Z</time>
      </trkpt>
      <trkpt lat="23.082061" lon="113.273599">
        <time>2026-06-06T00:06:00Z</time>
      </trkpt>
      <trkpt lat="23.082002" lon="113.273477">
        <time>2026-06-06T00:06:05Z</time>
      </trkpt>
      <trkpt lat="23.081905" lon="113.273388">
        <time>2026-06-06T00:06:10Z</time>
      </trkpt>
      <trkpt lat="23.081756" lon="113.273326">
        <time>2026-06-06T00:06:15Z</time>
      </trkpt>
      <trkpt lat="23.08162" lon="113.273275">
        <time>2026-06-06T00:06:20Z</time>
      </trkpt>
      <trkpt lat="23.081487" lon="113.273225">
        <time>2026-06-06T00:06:25Z</time>
      </trkpt>
      <trkpt lat="23.081357" lon="113.273177">
        <time>2026-06-06T00:06:30Z</time>
      </trkpt>
      <trkpt lat="23.08123" lon="113.273129">
        <time>2026-06-06T00:06:35Z</time>
      </trkpt>
      <trkpt lat="23.081109" lon="113.273085">
        <time>2026-06-06T00:06:40Z</time>
      </trkpt>
      <trkpt lat="23.081005" lon="113.273075">
        <time>2026-06-06T00:06:45Z</time>
      </trkpt>
      <trkpt lat="23.080918" lon="113.273094">
        <time>2026-06-06T00:06:50Z</time>
      </trkpt>
      <trkpt lat="23.080865" lon="113.27312">
        <time>2026-06-06T00:06:55Z</time>
      </trkpt>
      <trkpt lat="23.080762" lon="113.273218">
        <time>2026-06-06T00:07:00Z</time>
      </trkpt>
      <trkpt lat="23.080697" lon="113.273414">
        <time>2026-06-06T00:07:05Z</time>
      </trkpt>
      <trkpt lat="23.080717" lon="113.273558">
        <time>2026-06-06T00:07:10Z</time>
      </trkpt>
      <trkpt lat="23.080776" lon="113.273668">
        <time>2026-06-06T00:07:15Z</time>
      </trkpt>
      <trkpt lat="23.080877" lon="113.273753">
        <time>2026-06-06T00:07:20Z</time>
      </trkpt>
      <trkpt lat="23.081006" lon="113.273805">
        <time>2026-06-06T00:07:25Z</time>
      </trkpt>
      <trkpt lat="23.081141" lon="113.273856">
        <time>2026-06-06T00:07:30Z</time>
      </trkpt>
      <trkpt lat="23.081274" lon="113.273906">
        <time>2026-06-06T00:07:35Z</time>
      </trkpt>
      <trkpt lat="23.081399" lon="113.273953">
        <time>2026-06-06T00:07:40Z</time>
      </trkpt>
      <trkpt lat="23.081523" lon="113.273999">
        <time>2026-06-06T00:07:45Z</time>
      </trkpt>
      <trkpt lat="23.081652" lon="113.274047">
        <time>2026-06-06T00:07:50Z</time>
      </trkpt>
      <trkpt lat="23.081771" lon="113.27406">
        <time>2026-06-06T00:07:55Z</time>
      </trkpt>
      <trkpt lat="23.081882" lon="113.274028">
        <time>2026-06-06T00:08:00Z</time>
      </trkpt>
      <trkpt lat="23.081975" lon="113.273958">
        <time>2026-06-06T00:08:05Z</time>
      </trkpt>
      <trkpt lat="23.082046" lon="113.273847">
        <time>2026-06-06T00:08:10Z</time>
      </trkpt>
      <trkpt lat="23.082074" lon="113.273706">
        <time>2026-06-06T00:08:15Z</time>
      </trkpt>
      <trkpt lat="23.08205" lon="113.273565">
        <time>2026-06-06T00:08:20Z</time>
      </trkpt>
      <trkpt lat="23.081983" lon="113.273453">
        <time>2026-06-06T00:08:25Z</time>
      </trkpt>
      <trkpt lat="23.081886" lon="113.273377">
        <time>2026-06-06T00:08:30Z</time>
      </trkpt>
      <trkpt lat="23.081746" lon="113.273322">
        <time>2026-06-06T00:08:35Z</time>
      </trkpt>
      <trkpt lat="23.081611" lon="113.273272">
        <time>2026-06-06T00:08:40Z</time>
      </trkpt>
      <trkpt lat="23.081481" lon="113.273223">
        <time>2026-06-06T00:08:45Z</time>
      </trkpt>
      <trkpt lat="23.081352" lon="113.273175">
        <time>2026-06-06T00:08:50Z</time>
      </trkpt>
      <trkpt lat="23.081223" lon="113.273127">
        <time>2026-06-06T00:08:55Z</time>
      </trkpt>
      <trkpt lat="23.081102" lon="113.273083">
        <time>2026-06-06T00:09:00Z</time>
      </trkpt>
      <trkpt lat="23.080982" lon="113.273077">
        <time>2026-06-06T00:09:05Z</time>
      </trkpt>
      <trkpt lat="23.080879" lon="113.273112">
        <time>2026-06-06T00:09:10Z</time>
      </trkpt>
      <trkpt lat="23.080779" lon="113.273196">
        <time>2026-06-06T00:09:15Z</time>
      </trkpt>
      <trkpt lat="23.08071" lon="113.273333">
        <time>2026-06-06T00:09:20Z</time>
      </trkpt>
      <trkpt lat="23.080698" lon="113.27347">
        <time>2026-06-06T00:09:25Z</time>
      </trkpt>
      <trkpt lat="23.080728" lon="113.273587">
        <time>2026-06-06T00:09:30Z</time>
      </trkpt>
      <trkpt lat="23.080796" lon="113.27369">
        <time>2026-06-06T00:09:35Z</time>
      </trkpt>
      <trkpt lat="23.080899" lon="113.273765">
        <time>2026-06-06T00:09:40Z</time>
      </trkpt>
      <trkpt lat="23.081037" lon="113.273817">
        <time>2026-06-06T00:09:45Z</time>
      </trkpt>
      <trkpt lat="23.081177" lon="113.27387">
        <time>2026-06-06T00:09:50Z</time>
      </trkpt>
      <trkpt lat="23.081314" lon="113.273921">
        <time>2026-06-06T00:09:55Z</time>
      </trkpt>
      <trkpt lat="23.081454" lon="113.273973">
        <time>2026-06-06T00:10:00Z</time>
      </trkpt>
      <trkpt lat="23.081592" lon="113.274025">
        <time>2026-06-06T00:10:05Z</time>
      </trkpt>
      <trkpt lat="23.081717" lon="113.27406">
        <time>2026-06-06T00:10:10Z</time>
      </trkpt>
      <trkpt lat="23.081839" lon="113.274046">
        <time>2026-06-06T00:10:15Z</time>
      </trkpt>
      <trkpt lat="23.081944" lon="113.273987">
        <time>2026-06-06T00:10:20Z</time>
      </trkpt>
      <trkpt lat="23.082028" lon="113.273885">
        <time>2026-06-06T00:10:25Z</time>
      </trkpt>
      <trkpt lat="23.082072" lon="113.273747">
        <time>2026-06-06T00:10:30Z</time>
      </trkpt>
      <trkpt lat="23.08206" lon="113.273595">
        <time>2026-06-06T00:10:35Z</time>
      </trkpt>
      <trkpt lat="23.082" lon="113.273475">
        <time>2026-06-06T00:10:40Z</time>
      </trkpt>
      <trkpt lat="23.081902" lon="113.273386">
        <time>2026-06-06T00:10:45Z</time>
      </trkpt>
      <trkpt lat="23.081758" lon="113.273327">
        <time>2026-06-06T00:10:50Z</time>
      </trkpt>
      <trkpt lat="23.081618" lon="113.273274">
        <time>2026-06-06T00:10:55Z</time>
      </trkpt>
      <trkpt lat="23.081484" lon="113.273224">
        <time>2026-06-06T00:11:00Z</time>
      </trkpt>
      <trkpt lat="23.081359" lon="113.273178">
        <time>2026-06-06T00:11:05Z</time>
      </trkpt>
      <trkpt lat="23.081242" lon="113.273134">
        <time>2026-06-06T00:11:10Z</time>
      </trkpt>
      <trkpt lat="23.08113" lon="113.273092">
        <time>2026-06-06T00:11:15Z</time>
      </trkpt>
      <trkpt lat="23.081027" lon="113.273074">
        <time>2026-06-06T00:11:20Z</time>
      </trkpt>
      <trkpt lat="23.08092" lon="113.273093">
        <time>2026-06-06T00:11:25Z</time>
      </trkpt>
      <trkpt lat="23.080824" lon="113.27315">
        <time>2026-06-06T00:11:30Z</time>
      </trkpt>
      <trkpt lat="23.080739" lon="113.273257">
        <time>2026-06-06T00:11:35Z</time>
      </trkpt>
      <trkpt lat="23.0807" lon="113.273381">
        <time>2026-06-06T00:11:40Z</time>
      </trkpt>
      <trkpt lat="23.080703" lon="113.273505">
        <time>2026-06-06T00:11:45Z</time>
      </trkpt>
      <trkpt lat="23.080744" lon="113.273619">
        <time>2026-06-06T00:11:50Z</time>
      </trkpt>
      <trkpt lat="23.080823" lon="113.273716">
        <time>2026-06-06T00:11:55Z</time>
      </trkpt>
      <trkpt lat="23.080923" lon="113.273774">
        <time>2026-06-06T00:12:00Z</time>
      </trkpt>
      <trkpt lat="23.081047" lon="113.273821">
        <time>2026-06-06T00:12:05Z</time>
      </trkpt>
      <trkpt lat="23.081175" lon="113.273869">
        <time>2026-06-06T00:12:10Z</time>
      </trkpt>
      <trkpt lat="23.081297" lon="113.273914">
        <time>2026-06-06T00:12:15Z</time>
      </trkpt>
      <trkpt lat="23.081421" lon="113.273961">
        <time>2026-06-06T00:12:20Z</time>
      </trkpt>
      <trkpt lat="23.081539" lon="113.274005">
        <time>2026-06-06T00:12:25Z</time>
      </trkpt>
      <trkpt lat="23.081651" lon="113.274046">
        <time>2026-06-06T00:12:30Z</time>
      </trkpt>
      <trkpt lat="23.08176" lon="113.27406">
        <time>2026-06-06T00:12:35Z</time>
      </trkpt>
      <trkpt lat="23.081868" lon="113.274034">
        <time>2026-06-06T00:12:40Z</time>
      </trkpt>
      <trkpt lat="23.081962" lon="113.273972">
        <time>2026-06-06T00:12:45Z</time>
      </trkpt>
      <trkpt lat="23.082036" lon="113.27387">
        <time>2026-06-06T00:12:50Z</time>
      </trkpt>
      <trkpt lat="23.082072" lon="113.27374">
        <time>2026-06-06T00:12:55Z</time>
      </trkpt>
      <trkpt lat="23.082061" lon="113.273602">
        <time>2026-06-06T00:13:00Z</time>
      </trkpt>
      <trkpt lat="23.082005" lon="113.273482">
        <time>2026-06-06T00:13:05Z</time>
      </trkpt>
      <trkpt lat="23.081921" lon="113.273398">
        <time>2026-06-06T00:13:10Z</time>
      </trkpt>
      <trkpt lat="23.081785" lon="113.273337">
        <time>2026-06-06T00:13:15Z</time>
      </trkpt>
      <trkpt lat="23.081647" lon="113.273285">
        <time>2026-06-06T00:13:20Z</time>
      </trkpt>
      <trkpt lat="23.081511" lon="113.273234">
        <time>2026-06-06T00:13:25Z</time>
      </trkpt>
      <trkpt lat="23.081373" lon="113.273183">
        <time>2026-06-06T00:13:30Z</time>
      </trkpt>
      <trkpt lat="23.08124" lon="113.273133">
        <time>2026-06-06T00:13:35Z</time>
      </trkpt>
      <trkpt lat="23.081111" lon="113.273086">
        <time>2026-06-06T00:13:40Z</time>
      </trkpt>
      <trkpt lat="23.080999" lon="113.273075">
        <time>2026-06-06T00:13:45Z</time>
      </trkpt>
      <trkpt lat="23.080894" lon="113.273104">
        <time>2026-06-06T00:13:50Z</time>
      </trkpt>
      <trkpt lat="23.080796" lon="113.273176">
        <time>2026-06-06T00:13:55Z</time>
      </trkpt>
      <trkpt lat="23.080723" lon="113.273293">
        <time>2026-06-06T00:14:00Z</time>
      </trkpt>
      <trkpt lat="23.080696" lon="113.273426">
        <time>2026-06-06T00:14:05Z</time>
      </trkpt>
      <trkpt lat="23.080718" lon="113.273561">
        <time>2026-06-06T00:14:10Z</time>
      </trkpt>
      <trkpt lat="23.080783" lon="113.273676">
        <time>2026-06-06T00:14:15Z</time>
      </trkpt>
      <trkpt lat="23.080884" lon="113.273757">
        <time>2026-06-06T00:14:20Z</time>
      </trkpt>
      <trkpt lat="23.081017" lon="113.273809">
        <time>2026-06-06T00:14:25Z</time>
      </trkpt>
      <trkpt lat="23.081152" lon="113.27386">
        <time>2026-06-06T00:14:30Z</time>
      </trkpt>
      <trkpt lat="23.081286" lon="113.27391">
        <time>2026-06-06T00:14:35Z</time>
      </trkpt>
      <trkpt lat="23.081414" lon="113.273958">
        <time>2026-06-06T00:14:40Z</time>
      </trkpt>
      <trkpt lat="23.08154" lon="113.274005">
        <time>2026-06-06T00:14:45Z</time>
      </trkpt>
      <trkpt lat="23.081663" lon="113.27405">
        <time>2026-06-06T00:14:50Z</time>
      </trkpt>
      <trkpt lat="23.081772" lon="113.274059">
        <time>2026-06-06T00:14:55Z</time>
      </trkpt>
      <trkpt lat="23.081883" lon="113.274028">
        <time>2026-06-06T00:15:00Z</time>
      </trkpt>
      <trkpt lat="23.081978" lon="113.273955">
        <time>2026-06-06T00:15:05Z</time>
      </trkpt>
      <trkpt lat="23.082051" lon="113.273833">
        <time>2026-06-06T00:15:10Z</time>
      </trkpt>
      <trkpt lat="23.082074" lon="113.273683">
        <time>2026-06-06T00:15:15Z</time>
      </trkpt>
      <trkpt lat="23.082043" lon="113.273549">
        <time>2026-06-06T00:15:20Z</time>
      </trkpt>
      <trkpt lat="23.081981" lon="113.273451">
        <time>2026-06-06T00:15:25Z</time>
      </trkpt>
      <trkpt lat="23.081874" lon="113.273371">
        <time>2026-06-06T00:15:30Z</time>
      </trkpt>
      <trkpt lat="23.081726" lon="113.273315">
        <time>2026-06-06T00:15:35Z</time>
      </trkpt>
      <trkpt lat="23.081582" lon="113.273261">
        <time>2026-06-06T00:15:40Z</time>
      </trkpt>
      <trkpt lat="23.081449" lon="113.273211">
        <time>2026-06-06T00:15:45Z</time>
      </trkpt>
      <trkpt lat="23.081321" lon="113.273163">
        <time>2026-06-06T00:15:50Z</time>
      </trkpt>
      <trkpt lat="23.081197" lon="113.273117">
        <time>2026-06-06T00:15:55Z</time>
      </trkpt>
      <trkpt lat="23.081082" lon="113.273079">
        <time>2026-06-06T00:16:00Z</time>
      </trkpt>
      <trkpt lat="23.08097" lon="113.273079">
        <time>2026-06-06T00:16:05Z</time>
      </trkpt>
      <trkpt lat="23.080874" lon="113.273115">
        <time>2026-06-06T00:16:10Z</time>
      </trkpt>
      <trkpt lat="23.080773" lon="113.273203">
        <time>2026-06-06T00:16:15Z</time>
      </trkpt>
      <trkpt lat="23.080709" lon="113.273336">
        <time>2026-06-06T00:16:20Z</time>
      </trkpt>
      <trkpt lat="23.080697" lon="113.273461">
        <time>2026-06-06T00:16:25Z</time>
      </trkpt>
      <trkpt lat="23.080727" lon="113.273584">
        <time>2026-06-06T00:16:30Z</time>
      </trkpt>
      <trkpt lat="23.080796" lon="113.27369">
        <time>2026-06-06T00:16:35Z</time>
      </trkpt>
      <trkpt lat="23.080898" lon="113.273764">
        <time>2026-06-06T00:16:40Z</time>
      </trkpt>
      <trkpt lat="23.081027" lon="113.273813">
        <time>2026-06-06T00:16:45Z</time>
      </trkpt>
      <trkpt lat="23.081155" lon="113.273861">
        <time>2026-06-06T00:16:50Z</time>
      </trkpt>
      <trkpt lat="23.081278" lon="113.273907">
        <time>2026-06-06T00:16:55Z</time>
      </trkpt>
      <trkpt lat="23.081398" lon="113.273952">
        <time>2026-06-06T00:17:00Z</time>
      </trkpt>
      <trkpt lat="23.081517" lon="113.273997">
        <time>2026-06-06T00:17:05Z</time>
      </trkpt>
      <trkpt lat="23.081638" lon="113.274042">
        <time>2026-06-06T00:17:10Z</time>
      </trkpt>
      <trkpt lat="23.081756" lon="113.274061">
        <time>2026-06-06T00:17:15Z</time>
      </trkpt>
      <trkpt lat="23.081872" lon="113.274032">
        <time>2026-06-06T00:17:20Z</time>
      </trkpt>
      <trkpt lat="23.081975" lon="113.273958">
        <time>2026-06-06T00:17:25Z</time>
      </trkpt>
      <trkpt lat="23.082049" lon="113.27384">
        <time>2026-06-06T00:17:30Z</time>
      </trkpt>
      <trkpt lat="23.082074" lon="113.273696">
        <time>2026-06-06T00:17:35Z</time>
      </trkpt>
      <trkpt lat="23.082044" lon="113.27355">
        <time>2026-06-06T00:17:40Z</time>
      </trkpt>
      <trkpt lat="23.081982" lon="113.273452">
        <time>2026-06-06T00:17:45Z</time>
      </trkpt>
      <trkpt lat="23.081884" lon="113.273376">
        <time>2026-06-06T00:17:50Z</time>
      </trkpt>
      <trkpt lat="23.081738" lon="113.273319">
        <time>2026-06-06T00:17:55Z</time>
      </trkpt>
      <trkpt lat="23.081596" lon="113.273266">
        <time>2026-06-06T00:18:00Z</time>
      </trkpt>
      <trkpt lat="23.081464" lon="113.273217">
        <time>2026-06-06T00:18:05Z</time>
      </trkpt>
      <trkpt lat="23.081336" lon="113.273169">
        <time>2026-06-06T00:18:10Z</time>
      </trkpt>
      <trkpt lat="23.081207" lon="113.273121">
        <time>2026-06-06T00:18:15Z</time>
      </trkpt>
      <trkpt lat="23.081077" lon="113.273078">
        <time>2026-06-06T00:18:20Z</time>
      </trkpt>
      <trkpt lat="23.080961" lon="113.273081">
        <time>2026-06-06T00:18:25Z</time>
      </trkpt>
      <trkpt lat="23.080877" lon="113.273113">
        <time>2026-06-06T00:18:30Z</time>
      </trkpt>
      <trkpt lat="23.080789" lon="113.273184">
        <time>2026-06-06T00:18:35Z</time>
      </trkpt>
      <trkpt lat="23.080717" lon="113.273309">
        <time>2026-06-06T00:18:40Z</time>
      </trkpt>
      <trkpt lat="23.080697" lon="113.273451">
        <time>2026-06-06T00:18:45Z</time>
      </trkpt>
      <trkpt lat="23.080727" lon="113.273583">
        <time>2026-06-06T00:18:50Z</time>
      </trkpt>
      <trkpt lat="23.080796" lon="113.273691">
        <time>2026-06-06T00:18:55Z</time>
      </trkpt>
      <trkpt lat="23.080896" lon="113.273763">
        <time>2026-06-06T00:19:00Z</time>
      </trkpt>
      <trkpt lat="23.081024" lon="113.273812">
        <time>2026-06-06T00:19:05Z</time>
      </trkpt>
      <trkpt lat="23.081149" lon="113.273859">
        <time>2026-06-06T00:19:10Z</time>
      </trkpt>
      <trkpt lat="23.081278" lon="113.273907">
        <time>2026-06-06T00:19:15Z</time>
      </trkpt>
      <trkpt lat="23.081406" lon="113.273955">
        <time>2026-06-06T00:19:20Z</time>
      </trkpt>
      <trkpt lat="23.081534" lon="113.274003">
        <time>2026-06-06T00:19:25Z</time>
      </trkpt>
      <trkpt lat="23.081655" lon="113.274048">
        <time>2026-06-06T00:19:30Z</time>
      </trkpt>
      <trkpt lat="23.081777" lon="113.274059">
        <time>2026-06-06T00:19:35Z</time>
      </trkpt>
      <trkpt lat="23.081892" lon="113.274023">
        <time>2026-06-06T00:19:40Z</time>
      </trkpt>
      <trkpt lat="23.081988" lon="113.273943">
        <time>2026-06-06T00:19:45Z</time>
      </trkpt>
      <trkpt lat="23.082056" lon="113.273818">
        <time>2026-06-06T00:19:50Z</time>
      </trkpt>
      <trkpt lat="23.082073" lon="113.273665">
        <time>2026-06-06T00:19:55Z</time>
      </trkpt>
      <trkpt lat="23.082034" lon="113.273529">
        <time>2026-06-06T00:20:00Z</time>
      </trkpt>
      <trkpt lat="23.081959" lon="113.273429">
        <time>2026-06-06T00:20:05Z</time>
      </trkpt>
      <trkpt lat="23.08184" lon="113.273357">
        <time>2026-06-06T00:20:10Z</time>
      </trkpt>
      <trkpt lat="23.081706" lon="113.273307">
        <time>2026-06-06T00:20:15Z</time>
      </trkpt>
      <trkpt lat="23.081575" lon="113.273258">
        <time>2026-06-06T00:20:20Z</time>
      </trkpt>
      <trkpt lat="23.081446" lon="113.27321">
        <time>2026-06-06T00:20:25Z</time>
      </trkpt>
      <trkpt lat="23.081316" lon="113.273162">
        <time>2026-06-06T00:20:30Z</time>
      </trkpt>
      <trkpt lat="23.08119" lon="113.273114">
        <time>2026-06-06T00:20:35Z</time>
      </trkpt>
      <trkpt lat="23.081065" lon="113.273076">
        <time>2026-06-06T00:20:40Z</time>
      </trkpt>
      <trkpt lat="23.080951" lon="113.273084">
        <time>2026-06-06T00:20:45Z</time>
      </trkpt>
      <trkpt lat="23.080865" lon="113.27312">
        <time>2026-06-06T00:20:50Z</time>
      </trkpt>
      <trkpt lat="23.080777" lon="113.273199">
        <time>2026-06-06T00:20:55Z</time>
      </trkpt>
      <trkpt lat="23.080711" lon="113.273327">
        <time>2026-06-06T00:21:00Z</time>
      </trkpt>
      <trkpt lat="23.080697" lon="113.273462">
        <time>2026-06-06T00:21:05Z</time>
      </trkpt>
      <trkpt lat="23.080728" lon="113.273586">
        <time>2026-06-06T00:21:10Z</time>
      </trkpt>
      <trkpt lat="23.080798" lon="113.273692">
        <time>2026-06-06T00:21:15Z</time>
      </trkpt>
      <trkpt lat="23.080909" lon="113.273769">
        <time>2026-06-06T00:21:20Z</time>
      </trkpt>
      <trkpt lat="23.081049" lon="113.273822">
        <time>2026-06-06T00:21:25Z</time>
      </trkpt>
      <trkpt lat="23.081185" lon="113.273872">
        <time>2026-06-06T00:21:30Z</time>
      </trkpt>
      <trkpt lat="23.081326" lon="113.273925">
        <time>2026-06-06T00:21:35Z</time>
      </trkpt>
      <trkpt lat="23.081468" lon="113.273978">
        <time>2026-06-06T00:21:40Z</time>
      </trkpt>
      <trkpt lat="23.081601" lon="113.274028">
        <time>2026-06-06T00:21:45Z</time>
      </trkpt>
      <trkpt lat="23.081728" lon="113.27406">
        <time>2026-06-06T00:21:50Z</time>
      </trkpt>
      <trkpt lat="23.08186" lon="113.274038">
        <time>2026-06-06T00:21:55Z</time>
      </trkpt>
      <trkpt lat="23.081972" lon="113.273961">
        <time>2026-06-06T00:22:00Z</time>
      </trkpt>
      <trkpt lat="23.082049" lon="113.273839">
        <time>2026-06-06T00:22:05Z</time>
      </trkpt>
      <trkpt lat="23.082074" lon="113.273692">
        <time>2026-06-06T00:22:10Z</time>
      </trkpt>
      <trkpt lat="23.082041" lon="113.273544">
        <time>2026-06-06T00:22:15Z</time>
      </trkpt>
      <trkpt lat="23.081966" lon="113.273435">
        <time>2026-06-06T00:22:20Z</time>
      </trkpt>
      <trkpt lat="23.081842" lon="113.273358">
        <time>2026-06-06T00:22:25Z</time>
      </trkpt>
      <trkpt lat="23.08169" lon="113.273301">
        <time>2026-06-06T00:22:30Z</time>
      </trkpt>
      <trkpt lat="23.081537" lon="113.273244">
        <time>2026-06-06T00:22:35Z</time>
      </trkpt>
      <trkpt lat="23.081386" lon="113.273188">
        <time>2026-06-06T00:22:40Z</time>
      </trkpt>
      <trkpt lat="23.081244" lon="113.273134">
        <time>2026-06-06T00:22:45Z</time>
      </trkpt>
      <trkpt lat="23.081107" lon="113.273085">
        <time>2026-06-06T00:22:50Z</time>
      </trkpt>
      <trkpt lat="23.080958" lon="113.273082">
        <time>2026-06-06T00:22:55Z</time>
      </trkpt>
      <trkpt lat="23.080847" lon="113.273132">
        <time>2026-06-06T00:23:00Z</time>
      </trkpt>
      <trkpt lat="23.080749" lon="113.273239">
        <time>2026-06-06T00:23:05Z</time>
      </trkpt>
      <trkpt lat="23.080699" lon="113.273392">
        <time>2026-06-06T00:23:10Z</time>
      </trkpt>
      <trkpt lat="23.080712" lon="113.273542">
        <time>2026-06-06T00:23:15Z</time>
      </trkpt>
      <trkpt lat="23.080777" lon="113.273669">
        <time>2026-06-06T00:23:20Z</time>
      </trkpt>
      <trkpt lat="23.08089" lon="113.27376">
        <time>2026-06-06T00:23:25Z</time>
      </trkpt>
      <trkpt lat="23.081041" lon="113.273818">
        <time>2026-06-06T00:23:30Z</time>
      </trkpt>
      <trkpt lat="23.081191" lon="113.273875">
        <time>2026-06-06T00:23:35Z</time>
      </trkpt>
      <trkpt lat="23.081337" lon="113.273929">
        <time>2026-06-06T00:23:40Z</time>
      </trkpt>
      <trkpt lat="23.08148" lon="113.273983">
        <time>2026-06-06T00:23:45Z</time>
      </trkpt>
      <trkpt lat="23.081624" lon="113.274037">
        <time>2026-06-06T00:23:50Z</time>
      </trkpt>
      <trkpt lat="23.081762" lon="113.27406">
        <time>2026-06-06T00:23:55Z</time>
      </trkpt>
      <trkpt lat="23.081894" lon="113.274022">
        <time>2026-06-06T00:24:00Z</time>
      </trkpt>
      <trkpt lat="23.082002" lon="113.273926">
        <time>2026-06-06T00:24:05Z</time>
      </trkpt>
      <trkpt lat="23.082066" lon="113.273781">
        <time>2026-06-06T00:24:10Z</time>
      </trkpt>
      <trkpt lat="23.082064" lon="113.273614">
        <time>2026-06-06T00:24:15Z</time>
      </trkpt>
      <trkpt lat="23.082001" lon="113.273475">
        <time>2026-06-06T00:24:20Z</time>
      </trkpt>
      <trkpt lat="23.081897" lon="113.273383">
        <time>2026-06-06T00:24:25Z</time>
      </trkpt>
      <trkpt lat="23.081742" lon="113.273321">
        <time>2026-06-06T00:24:30Z</time>
      </trkpt>
      <trkpt lat="23.081587" lon="113.273263">
        <time>2026-06-06T00:24:35Z</time>
      </trkpt>
      <trkpt lat="23.08144" lon="113.273208">
        <time>2026-06-06T00:24:40Z</time>
      </trkpt>
      <trkpt lat="23.0813" lon="113.273155">
        <time>2026-06-06T00:24:45Z</time>
      </trkpt>
      <trkpt lat="23.081162" lon="113.273104">
        <time>2026-06-06T00:24:50Z</time>
      </trkpt>
      <trkpt lat="23.081028" lon="113.273074">
        <time>2026-06-06T00:24:55Z</time>
      </trkpt>
      <trkpt lat="23.080906" lon="113.273099">
        <time>2026-06-06T00:25:00Z</time>
      </trkpt>
      <trkpt lat="23.08081" lon="113.273162">
        <time>2026-06-06T00:25:05Z</time>
      </trkpt>
      <trkpt lat="23.080733" lon="113.273268">
        <time>2026-06-06T00:25:10Z</time>
      </trkpt>
      <trkpt lat="23.080697" lon="113.273413">
        <time>2026-06-06T00:25:15Z</time>
      </trkpt>
      <trkpt lat="23.080719" lon="113.273563">
        <time>2026-06-06T00:25:20Z</time>
      </trkpt>
      <trkpt lat="23.080802" lon="113.273697">
        <time>2026-06-06T00:25:25Z</time>
      </trkpt>
      <trkpt lat="23.080938" lon="113.27378">
        <time>2026-06-06T00:25:30Z</time>
      </trkpt>
      <trkpt lat="23.081088" lon="113.273836">
        <time>2026-06-06T00:25:35Z</time>
      </trkpt>
      <trkpt lat="23.081232" lon="113.27389">
        <time>2026-06-06T00:25:40Z</time>
      </trkpt>
      <trkpt lat="23.081373" lon="113.273943">
        <time>2026-06-06T00:25:45Z</time>
      </trkpt>
      <trkpt lat="23.081517" lon="113.273996">
        <time>2026-06-06T00:25:50Z</time>
      </trkpt>
      <trkpt lat="23.081655" lon="113.274048">
        <time>2026-06-06T00:25:55Z</time>
      </trkpt>
      <trkpt lat="23.081789" lon="113.274057">
        <time>2026-06-06T00:26:00Z</time>
      </trkpt>
      <trkpt lat="23.081914" lon="113.274009">
        <time>2026-06-06T00:26:05Z</time>
      </trkpt>
      <trkpt lat="23.082015" lon="113.273907">
        <time>2026-06-06T00:26:10Z</time>
      </trkpt>
      <trkpt lat="23.082071" lon="113.273756">
        <time>2026-06-06T00:26:15Z</time>
      </trkpt>
      <trkpt lat="23.082057" lon="113.273586">
        <time>2026-06-06T00:26:20Z</time>
      </trkpt>
      <trkpt lat="23.081987" lon="113.273458">
        <time>2026-06-06T00:26:25Z</time>
      </trkpt>
      <trkpt lat="23.081877" lon="113.273373">
        <time>2026-06-06T00:26:30Z</time>
      </trkpt>
      <trkpt lat="23.081726" lon="113.273315">
        <time>2026-06-06T00:26:35Z</time>
      </trkpt>
      <trkpt lat="23.081576" lon="113.273259">
        <time>2026-06-06T00:26:40Z</time>
      </trkpt>
      <trkpt lat="23.081422" lon="113.273201">
        <time>2026-06-06T00:26:45Z</time>
      </trkpt>
      <trkpt lat="23.081266" lon="113.273143">
        <time>2026-06-06T00:26:50Z</time>
      </trkpt>
      <trkpt lat="23.081115" lon="113.273087">
        <time>2026-06-06T00:26:55Z</time>
      </trkpt>
      <trkpt lat="23.080978" lon="113.273078">
        <time>2026-06-06T00:27:00Z</time>
      </trkpt>
      <trkpt lat="23.080866" lon="113.273119">
        <time>2026-06-06T00:27:05Z</time>
      </trkpt>
      <trkpt lat="23.080767" lon="113.273211">
        <time>2026-06-06T00:27:10Z</time>
      </trkpt>
      <trkpt lat="23.080704" lon="113.273355">
        <time>2026-06-06T00:27:15Z</time>
      </trkpt>
      <trkpt lat="23.080705" lon="113.273515">
        <time>2026-06-06T00:27:20Z</time>
      </trkpt>
      <trkpt lat="23.08076" lon="113.273646">
        <time>2026-06-06T00:27:25Z</time>
      </trkpt>
      <trkpt lat="23.080863" lon="113.273745">
        <time>2026-06-06T00:27:30Z</time>
      </trkpt>
      <trkpt lat="23.081017" lon="113.27381">
        <time>2026-06-06T00:27:35Z</time>
      </trkpt>
      <trkpt lat="23.081171" lon="113.273867">
        <time>2026-06-06T00:27:40Z</time>
      </trkpt>
      <trkpt lat="23.081321" lon="113.273923">
        <time>2026-06-06T00:27:45Z</time>
      </trkpt>
      <trkpt lat="23.081469" lon="113.273979">
        <time>2026-06-06T00:27:50Z</time>
      </trkpt>
      <trkpt lat="23.081617" lon="113.274034">
        <time>2026-06-06T00:27:55Z</time>
      </trkpt>
      <trkpt lat="23.081761" lon="113.27406">
        <time>2026-06-06T00:28:00Z</time>
      </trkpt>
      <trkpt lat="23.081895" lon="113.274021">
        <time>2026-06-06T00:28:05Z</time>
      </trkpt>
      <trkpt lat="23.082008" lon="113.273917">
        <time>2026-06-06T00:28:10Z</time>
      </trkpt>
      <trkpt lat="23.082071" lon="113.273754">
        <time>2026-06-06T00:28:15Z</time>
      </trkpt>
      <trkpt lat="23.082058" lon="113.27359">
        <time>2026-06-06T00:28:20Z</time>
      </trkpt>
      <trkpt lat="23.081991" lon="113.273463">
        <time>2026-06-06T00:28:25Z</time>
      </trkpt>
      <trkpt lat="23.081864" lon="113.273367">
        <time>2026-06-06T00:28:30Z</time>
      </trkpt>
      <trkpt lat="23.081697" lon="113.273304">
        <time>2026-06-06T00:28:35Z</time>
      </trkpt>
      <trkpt lat="23.081538" lon="113.273244">
        <time>2026-06-06T00:28:40Z</time>
      </trkpt>
      <trkpt lat="23.081379" lon="113.273185">
        <time>2026-06-06T00:28:45Z</time>
      </trkpt>
      <trkpt lat="23.081217" lon="113.273125">
        <time>2026-06-06T00:28:50Z</time>
      </trkpt>
      <trkpt lat="23.081069" lon="113.273077">
        <time>2026-06-06T00:28:55Z</time>
      </trkpt>
      <trkpt lat="23.080938" lon="113.273087">
        <time>2026-06-06T00:29:00Z</time>
      </trkpt>
      <trkpt lat="23.080834" lon="113.273142">
        <time>2026-06-06T00:29:05Z</time>
      </trkpt>
      <trkpt lat="23.080729" lon="113.273278">
        <time>2026-06-06T00:29:10Z</time>
      </trkpt>
      <trkpt lat="23.080697" lon="113.273461">
        <time>2026-06-06T00:29:15Z</time>
      </trkpt>
      <trkpt lat="23.080744" lon="113.273619">
        <time>2026-06-06T00:29:20Z</time>
      </trkpt>
      <trkpt lat="23.080838" lon="113.273728">
        <time>2026-06-06T00:29:25Z</time>
      </trkpt>
      <trkpt lat="23.080978" lon="113.273795">
        <time>2026-06-06T00:29:30Z</time>
      </trkpt>
      <trkpt lat="23.081129" lon="113.273852">
        <time>2026-06-06T00:29:35Z</time>
      </trkpt>
      <trkpt lat="23.081272" lon="113.273905">
        <time>2026-06-06T00:29:40Z</time>
      </trkpt>
      <trkpt lat="23.081416" lon="113.273959">
        <time>2026-06-06T00:29:45Z</time>
      </trkpt>
      <trkpt lat="23.081558" lon="113.274012">
        <time>2026-06-06T00:29:50Z</time>
      </trkpt>
      <trkpt lat="23.081693" lon="113.274057">
        <time>2026-06-06T00:29:55Z</time>
      </trkpt>
      <trkpt lat="23.081829" lon="113.274049">
        <time>2026-06-06T00:30:00Z</time>
      </trkpt>
      <trkpt lat="23.081951" lon="113.273982">
        <time>2026-06-06T00:30:05Z</time>
      </trkpt>
      <trkpt lat="23.082043" lon="113.273854">
        <time>2026-06-06T00:30:10Z</time>
      </trkpt>
      <trkpt lat="23.082074" lon="113.27369">
        <time>2026-06-06T00:30:15Z</time>
      </trkpt>
      <trkpt lat="23.08204" lon="113.273542">
        <time>2026-06-06T00:30:20Z</time>
      </trkpt>
      <trkpt lat="23.081962" lon="113.273431">
        <time>2026-06-06T00:30:25Z</time>
      </trkpt>
      <trkpt lat="23.081833" lon="113.273355">
        <time>2026-06-06T00:30:30Z</time>
      </trkpt>
      <trkpt lat="23.081694" lon="113.273303">
        <time>2026-06-06T00:30:35Z</time>
      </trkpt>
      <trkpt lat="23.081545" lon="113.273247">
        <time>2026-06-06T00:30:40Z</time>
      </trkpt>
      <trkpt lat="23.081408" lon="113.273196">
        <time>2026-06-06T00:30:45Z</time>
      </trkpt>
      <trkpt lat="23.08127" lon="113.273144">
        <time>2026-06-06T00:30:50Z</time>
      </trkpt>
      <trkpt lat="23.081133" lon="113.273093">
        <time>2026-06-06T00:30:55Z</time>
      </trkpt>
      <trkpt lat="23.081012" lon="113.273074">
        <time>2026-06-06T00:31:00Z</time>
      </trkpt>
      <trkpt lat="23.08091" lon="113.273097">
        <time>2026-06-06T00:31:05Z</time>
      </trkpt>
      <trkpt lat="23.080814" lon="113.273158">
        <time>2026-06-06T00:31:10Z</time>
      </trkpt>
      <trkpt lat="23.080731" lon="113.273273">
        <time>2026-06-06T00:31:15Z</time>
      </trkpt>
      <trkpt lat="23.080696" lon="113.27343">
        <time>2026-06-06T00:31:20Z</time>
      </trkpt>
      <trkpt lat="23.080726" lon="113.273583">
        <time>2026-06-06T00:31:25Z</time>
      </trkpt>
      <trkpt lat="23.080816" lon="113.27371">
        <time>2026-06-06T00:31:30Z</time>
      </trkpt>
      <trkpt lat="23.080955" lon="113.273786">
        <time>2026-06-06T00:31:35Z</time>
      </trkpt>
      <trkpt lat="23.081099" lon="113.27384">
        <time>2026-06-06T00:31:40Z</time>
      </trkpt>
      <trkpt lat="23.081237" lon="113.273892">
        <time>2026-06-06T00:31:45Z</time>
      </trkpt>
      <trkpt lat="23.081375" lon="113.273944">
        <time>2026-06-06T00:31:50Z</time>
      </trkpt>
      <trkpt lat="23.081512" lon="113.273995">
        <time>2026-06-06T00:31:55Z</time>
      </trkpt>
      <trkpt lat="23.081646" lon="113.274045">
        <time>2026-06-06T00:32:00Z</time>
      </trkpt>
      <trkpt lat="23.081784" lon="113.274058">
        <time>2026-06-06T00:32:05Z</time>
      </trkpt>
      <trkpt lat="23.081914" lon="113.27401">
        <time>2026-06-06T00:32:10Z</time>
      </trkpt>
      <trkpt lat="23.082016" lon="113.273905">
        <time>2026-06-06T00:32:15Z</time>
      </trkpt>
      <trkpt lat="23.08207" lon="113.273761">
        <time>2026-06-06T00:32:20Z</time>
      </trkpt>
      <trkpt lat="23.082064" lon="113.273612">
        <time>2026-06-06T00:32:25Z</time>
      </trkpt>
      <trkpt lat="23.082009" lon="113.273487">
        <time>2026-06-06T00:32:30Z</time>
      </trkpt>
      <trkpt lat="23.081921" lon="113.273398">
        <time>2026-06-06T00:32:35Z</time>
      </trkpt>
      <trkpt lat="23.081764" lon="113.273329">
        <time>2026-06-06T00:32:40Z</time>
      </trkpt>
      <trkpt lat="23.081606" lon="113.27327">
        <time>2026-06-06T00:32:45Z</time>
      </trkpt>
      <trkpt lat="23.081451" lon="113.273212">
        <time>2026-06-06T00:32:50Z</time>
      </trkpt>
      <trkpt lat="23.081305" lon="113.273157">
        <time>2026-06-06T00:32:55Z</time>
      </trkpt>
      <trkpt lat="23.081166" lon="113.273105">
        <time>2026-06-06T00:33:00Z</time>
      </trkpt>
      <trkpt lat="23.081023" lon="113.273074">
        <time>2026-06-06T00:33:05Z</time>
      </trkpt>
      <trkpt lat="23.080903" lon="113.2731">
        <time>2026-06-06T00:33:10Z</time>
      </trkpt>
      <trkpt lat="23.080791" lon="113.273182">
        <time>2026-06-06T00:33:15Z</time>
      </trkpt>
      <trkpt lat="23.080717" lon="113.273308">
        <time>2026-06-06T00:33:20Z</time>
      </trkpt>
      <trkpt lat="23.080698" lon="113.273466">
        <time>2026-06-06T00:33:25Z</time>
      </trkpt>
      <trkpt lat="23.08074" lon="113.273611">
        <time>2026-06-06T00:33:30Z</time>
      </trkpt>
      <trkpt lat="23.080822" lon="113.273715">
        <time>2026-06-06T00:33:35Z</time>
      </trkpt>
      <trkpt lat="23.080943" lon="113.273782">
        <time>2026-06-06T00:33:40Z</time>
      </trkpt>
      <trkpt lat="23.081092" lon="113.273838">
        <time>2026-06-06T00:33:45Z</time>
      </trkpt>
      <trkpt lat="23.081231" lon="113.27389">
        <time>2026-06-06T00:33:50Z</time>
      </trkpt>
      <trkpt lat="23.081367" lon="113.273941">
        <time>2026-06-06T00:33:55Z</time>
      </trkpt>
      <trkpt lat="23.081506" lon="113.273992">
        <time>2026-06-06T00:34:00Z</time>
      </trkpt>
      <trkpt lat="23.081644" lon="113.274044">
        <time>2026-06-06T00:34:05Z</time>
      </trkpt>
      <trkpt lat="23.081779" lon="113.274059">
        <time>2026-06-06T00:34:10Z</time>
      </trkpt>
      <trkpt lat="23.081903" lon="113.274016">
        <time>2026-06-06T00:34:15Z</time>
      </trkpt>
      <trkpt lat="23.082005" lon="113.273922">
        <time>2026-06-06T00:34:20Z</time>
      </trkpt>
      <trkpt lat="23.082066" lon="113.27378">
        <time>2026-06-06T00:34:25Z</time>
      </trkpt>
      <trkpt lat="23.082065" lon="113.273615">
        <time>2026-06-06T00:34:30Z</time>
      </trkpt>
      <trkpt lat="23.082004" lon="113.273479">
        <time>2026-06-06T00:34:35Z</time>
      </trkpt>
      <trkpt lat="23.081899" lon="113.273384">
        <time>2026-06-06T00:34:40Z</time>
      </trkpt>
      <trkpt lat="23.081747" lon="113.273323">
        <time>2026-06-06T00:34:45Z</time>
      </trkpt>
      <trkpt lat="23.081588" lon="113.273263">
        <time>2026-06-06T00:34:50Z</time>
      </trkpt>
      <trkpt lat="23.081433" lon="113.273205">
        <time>2026-06-06T00:34:55Z</time>
      </trkpt>
      <trkpt lat="23.081291" lon="113.273152">
        <time>2026-06-06T00:35:00Z</time>
      </trkpt>
      <trkpt lat="23.081156" lon="113.273102">
        <time>2026-06-06T00:35:05Z</time>
      </trkpt>
      <trkpt lat="23.081008" lon="113.273075">
        <time>2026-06-06T00:35:10Z</time>
      </trkpt>
      <trkpt lat="23.080911" lon="113.273097">
        <time>2026-06-06T00:35:15Z</time>
      </trkpt>
      <trkpt lat="23.080822" lon="113.273152">
        <time>2026-06-06T00:35:20Z</time>
      </trkpt>
      <trkpt lat="23.080744" lon="113.273247">
        <time>2026-06-06T00:35:25Z</time>
      </trkpt>
      <trkpt lat="23.080697" lon="113.273411">
        <time>2026-06-06T00:35:30Z</time>
      </trkpt>
      <trkpt lat="23.080725" lon="113.27358">
        <time>2026-06-06T00:35:35Z</time>
      </trkpt>
      <trkpt lat="23.080822" lon="113.273715">
        <time>2026-06-06T00:35:40Z</time>
      </trkpt>
      <trkpt lat="23.08096" lon="113.273788">
        <time>2026-06-06T00:35:45Z</time>
      </trkpt>
      <trkpt lat="23.081103" lon="113.273842">
        <time>2026-06-06T00:35:50Z</time>
      </trkpt>
      <trkpt lat="23.081245" lon="113.273895">
        <time>2026-06-06T00:35:55Z</time>
      </trkpt>
      <trkpt lat="23.081388" lon="113.273948">
        <time>2026-06-06T00:36:00Z</time>
      </trkpt>
      <trkpt lat="23.081531" lon="113.274002">
        <time>2026-06-06T00:36:05Z</time>
      </trkpt>
      <trkpt lat="23.081669" lon="113.274051">
        <time>2026-06-06T00:36:10Z</time>
      </trkpt>
      <trkpt lat="23.081805" lon="113.274055">
        <time>2026-06-06T00:36:15Z</time>
      </trkpt>
      <trkpt lat="23.081923" lon="113.274003">
        <time>2026-06-06T00:36:20Z</time>
      </trkpt>
      <trkpt lat="23.082016" lon="113.273906">
        <time>2026-06-06T00:36:25Z</time>
      </trkpt>
      <trkpt lat="23.082068" lon="113.273773">
        <time>2026-06-06T00:36:30Z</time>
      </trkpt>
      <trkpt lat="23.082067" lon="113.273624">
        <time>2026-06-06T00:36:35Z</time>
      </trkpt>
      <trkpt lat="23.082013" lon="113.273493">
        <time>2026-06-06T00:36:40Z</time>
      </trkpt>
      <trkpt lat="23.081927" lon="113.273402">
        <time>2026-06-06T00:36:45Z</time>
      </trkpt>
      <trkpt lat="23.081777" lon="113.273334">
        <time>2026-06-06T00:36:50Z</time>
      </trkpt>
      <trkpt lat="23.081622" lon="113.273276">
        <time>2026-06-06T00:36:55Z</time>
      </trkpt>
      <trkpt lat="23.081472" lon="113.27322">
        <time>2026-06-06T00:37:00Z</time>
      </trkpt>
      <trkpt lat="23.081327" lon="113.273165">
        <time>2026-06-06T00:37:05Z</time>
      </trkpt>
      <trkpt lat="23.081176" lon="113.273109">
        <time>2026-06-06T00:37:10Z</time>
      </trkpt>
      <trkpt lat="23.081042" lon="113.273074">
        <time>2026-06-06T00:37:15Z</time>
      </trkpt>
      <trkpt lat="23.08094" lon="113.273087">
        <time>2026-06-06T00:37:20Z</time>
      </trkpt>
      <trkpt lat="23.080847" lon="113.273132">
        <time>2026-06-06T00:37:25Z</time>
      </trkpt>
      <trkpt lat="23.080753" lon="113.273232">
        <time>2026-06-06T00:37:30Z</time>
      </trkpt>
      <trkpt lat="23.080701" lon="113.273375">
        <time>2026-06-06T00:37:35Z</time>
      </trkpt>
      <trkpt lat="23.080711" lon="113.27354">
        <time>2026-06-06T00:37:40Z</time>
      </trkpt>
      <trkpt lat="23.080783" lon="113.273676">
        <time>2026-06-06T00:37:45Z</time>
      </trkpt>
      <trkpt lat="23.080911" lon="113.27377">
        <time>2026-06-06T00:37:50Z</time>
      </trkpt>
      <trkpt lat="23.08106" lon="113.273826">
        <time>2026-06-06T00:37:55Z</time>
      </trkpt>
      <trkpt lat="23.081201" lon="113.273879">
        <time>2026-06-06T00:38:00Z</time>
      </trkpt>
      <trkpt lat="23.081344" lon="113.273932">
        <time>2026-06-06T00:38:05Z</time>
      </trkpt>
      <trkpt lat="23.081483" lon="113.273984">
        <time>2026-06-06T00:38:10Z</time>
      </trkpt>
      <trkpt lat="23.081618" lon="113.274034">
        <time>2026-06-06T00:38:15Z</time>
      </trkpt>
      <trkpt lat="23.081755" lon="113.274061">
        <time>2026-06-06T00:38:20Z</time>
      </trkpt>
      <trkpt lat="23.081882" lon="113.274028">
        <time>2026-06-06T00:38:25Z</time>
      </trkpt>
      <trkpt lat="23.08199" lon="113.273941">
        <time>2026-06-06T00:38:30Z</time>
      </trkpt>
      <trkpt lat="23.082059" lon="113.27381">
        <time>2026-06-06T00:38:35Z</time>
      </trkpt>
      <trkpt lat="23.082072" lon="113.273663">
        <time>2026-06-06T00:38:40Z</time>
      </trkpt>
      <trkpt lat="23.082032" lon="113.273525">
        <time>2026-06-06T00:38:45Z</time>
      </trkpt>
      <trkpt lat="23.081948" lon="113.273419">
        <time>2026-06-06T00:38:50Z</time>
      </trkpt>
      <trkpt lat="23.081811" lon="113.273346">
        <time>2026-06-06T00:38:55Z</time>
      </trkpt>
      <trkpt lat="23.081658" lon="113.273289">
        <time>2026-06-06T00:39:00Z</time>
      </trkpt>
      <trkpt lat="23.081493" lon="113.273228">
        <time>2026-06-06T00:39:05Z</time>
      </trkpt>
      <trkpt lat="23.08134" lon="113.27317">
        <time>2026-06-06T00:39:10Z</time>
      </trkpt>
      <trkpt lat="23.0812" lon="113.273118">
        <time>2026-06-06T00:39:15Z</time>
      </trkpt>
      <trkpt lat="23.081057" lon="113.273075">
        <time>2026-06-06T00:39:20Z</time>
      </trkpt>
      <trkpt lat="23.080922" lon="113.273093">
        <time>2026-06-06T00:39:25Z</time>
      </trkpt>
      <trkpt lat="23.080813" lon="113.27316">
        <time>2026-06-06T00:39:30Z</time>
      </trkpt>
      <trkpt lat="23.080722" lon="113.273294">
        <time>2026-06-06T00:39:35Z</time>
      </trkpt>
      <trkpt lat="23.080699" lon="113.273479">
        <time>2026-06-06T00:39:40Z</time>
      </trkpt>
      <trkpt lat="23.080759" lon="113.273644">
        <time>2026-06-06T00:39:45Z</time>
      </trkpt>
      <trkpt lat="23.080883" lon="113.273757">
        <time>2026-06-06T00:39:50Z</time>
      </trkpt>
      <trkpt lat="23.081063" lon="113.273827">
        <time>2026-06-06T00:39:55Z</time>
      </trkpt>
      <trkpt lat="23.081242" lon="113.273894">
        <time>2026-06-06T00:40:00Z</time>
      </trkpt>
      <trkpt lat="23.081411" lon="113.273957">
        <time>2026-06-06T00:40:05Z</time>
      </trkpt>
      <trkpt lat="23.081583" lon="113.274021">
        <time>2026-06-06T00:40:10Z</time>
      </trkpt>
      <trkpt lat="23.081749" lon="113.274061">
        <time>2026-06-06T00:40:15Z</time>
      </trkpt>
      <trkpt lat="23.081903" lon="113.274016">
        <time>2026-06-06T00:40:20Z</time>
      </trkpt>
      <trkpt lat="23.082008" lon="113.273918">
        <time>2026-06-06T00:40:25Z</time>
      </trkpt>
      <trkpt lat="23.082067" lon="113.273775">
        <time>2026-06-06T00:40:36Z</time>
      </trkpt>
    </trkseg>
  </trk>
</gpx>