<?xml version="1.0" encoding="UTF-8"?>
<gpx xmlns="http://www.topografix.com/GPX/1/1" xmlns:gpxtpx="http://www.garmin.com/xmlschemas/TrackPointExtension/v1" xmlns:xsi="http://www.w3.org/2001/XMLSchema-instance" xsi:schemaLocation="http://www.topografix.com/GPX/1/1 http://www.topografix.com/GPX/1/1/gpx.xsd" version="1.1" creator="gpx.py -- https://github.com/tkrajina/gpxpy">
  <trk>
    <name>gpx from joyrun</name>
    <trkseg>
      <trkpt lat="23.075953" lon="113.272889">
        <time>2026-06-12T22:27:37Z</time>
      </trkpt>
      <trkpt lat="23.075936" lon="113.272813">
        <time>2026-06-12T22:27:42Z</time>
      </trkpt>
      <trkpt lat="23.075912" lon="113.272761">
        <time>2026-06-12T22:27:47Z</time>
      </trkpt>
      <trkpt lat="23.075824" lon="113.27268">
        <time>2026-06-12T22:27:52Z</time>
      </trkpt>
      <trkpt lat="23.075731" lon="113.272578">
        <time>2026-06-12T22:27:57Z</time>
      </trkpt>
      <trkpt lat="23.075616" lon="113.272481">
        <time>2026-06-12T22:28:02Z</time>
      </trkpt>
      <trkpt lat="23.075536" lon="113.272424">
        <time>2026-06-12T22:28:07Z</time>
      </trkpt>
      <trkpt lat="23.075396" lon="113.272358">
        <time>2026-06-12T22:28:12Z</time>
      </trkpt>
      <trkpt lat="23.0753" lon="113.272321">
        <time>2026-06-12T22:28:17Z</time>
      </trkpt>
      <trkpt lat="23.075173" lon="113.272249">
        <time>2026-06-12T22:28:22Z</time>
      </trkpt>
      <trkpt lat="23.075096" lon="113.272213">
        <time>2026-06-12T22:28:27Z</time>
      </trkpt>
      <trkpt lat="23.074964" lon="113.272152">
        <time>2026-06-12T22:28:32Z</time>
      </trkpt>
      <trkpt lat="23.074876" lon="113.272107">
        <time>2026-06-12T22:28:37Z</time>
      </trkpt>
      <trkpt lat="23.074747" lon="113.27204">
        <time>2026-06-12T22:28:42Z</time>
      </trkpt>
      <trkpt lat="23.074655" lon="113.27199">
        <time>2026-06-12T22:28:47Z</time>
      </trkpt>
      <trkpt lat="23.074514" lon="113.271934">
        <time>2026-06-12T22:28:52Z</time>
      </trkpt>
      <trkpt lat="23.074438" lon="113.271983">
        <time>2026-06-12T22:28:57Z</time>
      </trkpt>
      <trkpt lat="23.07435" lon="113.272088">
        <time>2026-06-12T22:29:02Z</time>
      </trkpt>
      <trkpt lat="23.074314" lon="113.272196">
        <time>2026-06-12T22:29:07Z</time>
      </trkpt>
      <trkpt lat="23.07427" lon="113.272369">
        <time>2026-06-12T22:29:12Z</time>
      </trkpt>
      <trkpt lat="23.074229" lon="113.272459">
        <time>2026-06-12T22:29:17Z</time>
      </trkpt>
      <trkpt lat="23.074166" lon="113.272593">
        <time>2026-06-12T22:29:22Z</time>
      </trkpt>
      <trkpt lat="23.074128" lon="113.272704">
        <time>2026-06-12T22:29:27Z</time>
      </trkpt>
      <trkpt lat="23.074043" lon="113.272865">
        <time>2026-06-12T22:29:32Z</time>
      </trkpt>
      <trkpt lat="23.073944" lon="113.272914">
        <time>2026-06-12T22:29:37Z</time>
      </trkpt>
      <trkpt lat="23.073743" lon="113.272875">
        <time>2026-06-12T22:29:42Z</time>
      </trkpt>
      <trkpt lat="23.073702" lon="113.272787">
        <time>2026-06-12T22:29:47Z</time>
      </trkpt>
      <trkpt lat="23.073765" lon="113.272658">
        <time>2026-06-12T22:29:52Z</time>
      </trkpt>
      <trkpt lat="23.073807" lon="113.272573">
        <time>2026-06-12T22:29:57Z</time>
      </trkpt>
      <trkpt lat="23.073856" lon="113.272425">
        <time>2026-06-12T22:30:02Z</time>
      </trkpt>
      <trkpt lat="23.073902" lon="113.272329">
        <time>2026-06-12T22:30:07Z</time>
      </trkpt>
      <trkpt lat="23.07397" lon="113.272193">
        <time>2026-06-12T22:30:12Z</time>
      </trkpt>
      <trkpt lat="23.074007" lon="113.272101">
        <time>2026-06-12T22:30:17Z</time>
      </trkpt>
      <trkpt lat="23.074045" lon="113.27197">
        <time>2026-06-12T22:30:22Z</time>
      </trkpt>
      <trkpt lat="23.074076" lon="113.271882">
        <time>2026-06-12T22:30:27Z</time>
      </trkpt>
      <trkpt lat="23.074092" lon="113.271746">
        <time>2026-06-12T22:30:32Z</time>
      </trkpt>
      <trkpt lat="23.074047" lon="113.271664">
        <time>2026-06-12T22:30:37Z</time>
      </trkpt>
      <trkpt lat="23.073922" lon="113.271576">
        <time>2026-06-12T22:30:42Z</time>
      </trkpt>
      <trkpt lat="23.073831" lon="113.271529">
        <time>2026-06-12T22:30:47Z</time>
      </trkpt>
      <trkpt lat="23.073695" lon="113.271446">
        <time>2026-06-12T22:30:52Z</time>
      </trkpt>
      <trkpt lat="23.073603" lon="113.271389">
        <time>2026-06-12T22:30:57Z</time>
      </trkpt>
      <trkpt lat="23.073468" lon="113.271305">
        <time>2026-06-12T22:31:02Z</time>
      </trkpt>
      <trkpt lat="23.073385" lon="113.27125">
        <time>2026-06-12T22:31:07Z</time>
      </trkpt>
      <trkpt lat="23.073251" lon="113.271173">
        <time>2026-06-12T22:31:12Z</time>
      </trkpt>
      <trkpt lat="23.073169" lon="113.271106">
        <time>2026-06-12T22:31:17Z</time>
      </trkpt>
      <trkpt lat="23.07304" lon="113.271044">
        <time>2026-06-12T22:31:22Z</time>
      </trkpt>
      <trkpt lat="23.072959" lon="113.271011">
        <time>2026-06-12T22:31:27Z</time>
      </trkpt>
      <trkpt lat="23.072839" lon="113.270936">
        <time>2026-06-12T22:31:32Z</time>
      </trkpt>
      <trkpt lat="23.072751" lon="113.270886">
        <time>2026-06-12T22:31:37Z</time>
      </trkpt>
      <trkpt lat="23.072603" lon="113.270822">
        <time>2026-06-12T22:31:42Z</time>
      </trkpt>
      <trkpt lat="23.072499" lon="113.270797">
        <time>2026-06-12T22:31:47Z</time>
      </trkpt>
      <trkpt lat="23.072354" lon="113.270759">
        <time>2026-06-12T22:31:52Z</time>
      </trkpt>
      <trkpt lat="23.072258" lon="113.270709">
        <time>2026-06-12T22:31:57Z</time>
      </trkpt>
      <trkpt lat="23.072115" lon="113.270634">
        <time>2026-06-12T22:32:02Z</time>
      </trkpt>
      <trkpt lat="23.072023" lon="113.270574">
        <time>2026-06-12T22:32:07Z</time>
      </trkpt>
      <trkpt lat="23.071873" lon="113.270508">
        <time>2026-06-12T22:32:12Z</time>
      </trkpt>
      <trkpt lat="23.071777" lon="113.270459">
        <time>2026-06-12T22:32:17Z</time>
      </trkpt>
      <trkpt lat="23.071639" lon="113.270399">
        <time>2026-06-12T22:32:22Z</time>
      </trkpt>
      <trkpt lat="23.071548" lon="113.270356">
        <time>2026-06-12T22:32:27Z</time>
      </trkpt>
      <trkpt lat="23.071397" lon="113.270307">
        <time>2026-06-12T22:32:32Z</time>
      </trkpt>
      <trkpt lat="23.071297" lon="113.270279">
        <time>2026-06-12T22:32:37Z</time>
      </trkpt>
      <trkpt lat="23.07116" lon="113.270214">
        <time>2026-06-12T22:32:42Z</time>
      </trkpt>
      <trkpt lat="23.071093" lon="113.270172">
        <time>2026-06-12T22:32:47Z</time>
      </trkpt>
      <trkpt lat="23.070956" lon="113.270097">
        <time>2026-06-12T22:32:52Z</time>
      </trkpt>
      <trkpt lat="23.070871" lon="113.270041">
        <time>2026-06-12T22:32:57Z</time>
      </trkpt>
      <trkpt lat="23.07073" lon="113.26996">
        <time>2026-06-12T22:33:02Z</time>
      </trkpt>
      <trkpt lat="23.07063" lon="113.269905">
        <time>2026-06-12T22:33:07Z</time>
      </trkpt>
      <trkpt lat="23.070473" lon="113.269839">
        <time>2026-06-12T22:33:12Z</time>
      </trkpt>
      <trkpt lat="23.07038" lon="113.269778">
        <time>2026-06-12T22:33:17Z</time>
      </trkpt>
      <trkpt lat="23.070242" lon="113.269691">
        <time>2026-06-12T22:33:22Z</time>
      </trkpt>
      <trkpt lat="23.070141" lon="113.269647">
        <time>2026-06-12T22:33:27Z</time>
      </trkpt>
      <trkpt lat="23.069996" lon="113.26957">
        <time>2026-06-12T22:33:32Z</time>
      </trkpt>
      <trkpt lat="23.069899" lon="113.269528">
        <time>2026-06-12T22:33:37Z</time>
      </trkpt>
      <trkpt lat="23.069755" lon="113.269462">
        <time>2026-06-12T22:33:42Z</time>
      </trkpt>
      <trkpt lat="23.069657" lon="113.269417">
        <time>2026-06-12T22:33:47Z</time>
      </trkpt>
      <trkpt lat="23.069511" lon="113.269339">
        <time>2026-06-12T22:33:52Z</time>
      </trkpt>
      <trkpt lat="23.069417" lon="113.269283">
        <time>2026-06-12T22:33:57Z</time>
      </trkpt>
      <trkpt lat="23.069272" lon="113.269204">
        <time>2026-06-12T22:34:02Z</time>
      </trkpt>
      <trkpt lat="23.069192" lon="113.26914">
        <time>2026-06-12T22:34:07Z</time>
      </trkpt>
      <trkpt lat="23.069087" lon="113.269015">
        <time>2026-06-12T22:34:12Z</time>
      </trkpt>
      <trkpt lat="23.068997" lon="113.268978">
        <time>2026-06-12T22:34:17Z</time>
      </trkpt>
      <trkpt lat="23.06886" lon="113.268941">
        <time>2026-06-12T22:34:22Z</time>
      </trkpt>
      <trkpt lat="23.068771" lon="113.268905">
        <time>2026-06-12T22:34:27Z</time>
      </trkpt>
      <trkpt lat="23.068638" lon="113.268849">
        <time>2026-06-12T22:34:32Z</time>
      </trkpt>
      <trkpt lat="23.068551" lon="113.268803">
        <time>2026-06-12T22:34:37Z</time>
      </trkpt>
      <trkpt lat="23.068422" lon="113.268742">
        <time>2026-06-12T22:34:42Z</time>
      </trkpt>
      <trkpt lat="23.068332" lon="113.26868">
        <time>2026-06-12T22:34:47Z</time>
      </trkpt>
      <trkpt lat="23.068176" lon="113.268608">
        <time>2026-06-12T22:34:52Z</time>
      </trkpt>
      <trkpt lat="23.068069" lon="113.268564">
        <time>2026-06-12T22:34:57Z</time>
      </trkpt>
      <trkpt lat="23.067904" lon="113.268498">
        <time>2026-06-12T22:35:02Z</time>
      </trkpt>
      <trkpt lat="23.067793" lon="113.26845">
        <time>2026-06-12T22:35:07Z</time>
      </trkpt>
      <trkpt lat="23.067631" lon="113.268358">
        <time>2026-06-12T22:35:12Z</time>
      </trkpt>
      <trkpt lat="23.067532" lon="113.268303">
        <time>2026-06-12T22:35:17Z</time>
      </trkpt>
      <trkpt lat="23.067386" lon="113.268228">
        <time>2026-06-12T22:35:22Z</time>
      </trkpt>
      <trkpt lat="23.067288" lon="113.268186">
        <time>2026-06-12T22:35:27Z</time>
      </trkpt>
      <trkpt lat="23.06715" lon="113.268131">
        <time>2026-06-12T22:35:32Z</time>
      </trkpt>
      <trkpt lat="23.067071" lon="113.268097">
        <time>2026-06-12T22:35:37Z</time>
      </trkpt>
      <trkpt lat="23.066935" lon="113.268038">
        <time>2026-06-12T22:35:42Z</time>
      </trkpt>
      <trkpt lat="23.066827" lon="113.268013">
        <time>2026-06-12T22:35:47Z</time>
      </trkpt>
      <trkpt lat="23.066659" lon="113.267997">
        <time>2026-06-12T22:35:52Z</time>
      </trkpt>
      <trkpt lat="23.066559" lon="113.267966">
        <time>2026-06-12T22:35:57Z</time>
      </trkpt>
      <trkpt lat="23.066405" lon="113.267937">
        <time>2026-06-12T22:36:02Z</time>
      </trkpt>
      <trkpt lat="23.066303" lon="113.267954">
        <time>2026-06-12T22:36:07Z</time>
      </trkpt>
      <trkpt lat="23.066173" lon="113.268042">
        <time>2026-06-12T22:36:12Z</time>
      </trkpt>
      <trkpt lat="23.066098" lon="113.268125">
        <time>2026-06-12T22:36:17Z</time>
      </trkpt>
      <trkpt lat="23.065997" lon="113.268255">
        <time>2026-06-12T22:36:22Z</time>
      </trkpt>
      <trkpt lat="23.065934" lon="113.268339">
        <time>2026-06-12T22:36:27Z</time>
      </trkpt>
      <trkpt lat="23.065846" lon="113.26848">
        <time>2026-06-12T22:36:32Z</time>
      </trkpt>
      <trkpt lat="23.065787" lon="113.268578">
        <time>2026-06-12T22:36:37Z</time>
      </trkpt>
      <trkpt lat="23.065707" lon="113.268729">
        <time>2026-06-12T22:36:42Z</time>
      </trkpt>
      <trkpt lat="23.065664" lon="113.26883">
        <time>2026-06-12T22:36:47Z</time>
      </trkpt>
      <trkpt lat="23.06561" lon="113.26898">
        <time>2026-06-12T22:36:52Z</time>
      </trkpt>
      <trkpt lat="23.065582" lon="113.269084">
        <time>2026-06-12T22:36:57Z</time>
      </trkpt>
      <trkpt lat="23.065544" lon="113.269243">
        <time>2026-06-12T22:37:02Z</time>
      </trkpt>
      <trkpt lat="23.065517" lon="113.269356">
        <time>2026-06-12T22:37:07Z</time>
      </trkpt>
      <trkpt lat="23.065478" lon="113.269523">
        <time>2026-06-12T22:37:12Z</time>
      </trkpt>
      <trkpt lat="23.065454" lon="113.269634">
        <time>2026-06-12T22:37:17Z</time>
      </trkpt>
      <trkpt lat="23.065411" lon="113.2698">
        <time>2026-06-12T22:37:22Z</time>
      </trkpt>
      <trkpt lat="23.065375" lon="113.269907">
        <time>2026-06-12T22:37:27Z</time>
      </trkpt>
      <trkpt lat="23.065319" lon="113.270069">
        <time>2026-06-12T22:37:32Z</time>
      </trkpt>
      <trkpt lat="23.065278" lon="113.270172">
        <time>2026-06-12T22:37:37Z</time>
      </trkpt>
      <trkpt lat="23.065208" lon="113.27032">
        <time>2026-06-12T22:37:42Z</time>
      </trkpt>
      <trkpt lat="23.06516" lon="113.270419">
        <time>2026-06-12T22:37:47Z</time>
      </trkpt>
      <trkpt lat="23.065088" lon="113.270571">
        <time>2026-06-12T22:37:52Z</time>
      </trkpt>
      <trkpt lat="23.065045" lon="113.270675">
        <time>2026-06-12T22:37:57Z</time>
      </trkpt>
      <trkpt lat="23.064977" lon="113.270824">
        <time>2026-06-12T22:38:02Z</time>
      </trkpt>
      <trkpt lat="23.064932" lon="113.27092">
        <time>2026-06-12T22:38:07Z</time>
      </trkpt>
      <trkpt lat="23.06487" lon="113.271067">
        <time>2026-06-12T22:38:12Z</time>
      </trkpt>
      <trkpt lat="23.064836" lon="113.271166">
        <time>2026-06-12T22:38:17Z</time>
      </trkpt>
      <trkpt lat="23.064767" lon="113.271305">
        <time>2026-06-12T22:38:22Z</time>
      </trkpt>
      <trkpt lat="23.064718" lon="113.271399">
        <time>2026-06-12T22:38:27Z</time>
      </trkpt>
      <trkpt lat="23.064647" lon="113.271531">
        <time>2026-06-12T22:38:32Z</time>
      </trkpt>
      <trkpt lat="23.064603" lon="113.271626">
        <time>2026-06-12T22:38:37Z</time>
      </trkpt>
      <trkpt lat="23.064538" lon="113.271773">
        <time>2026-06-12T22:38:42Z</time>
      </trkpt>
      <trkpt lat="23.064494" lon="113.271873">
        <time>2026-06-12T22:38:47Z</time>
      </trkpt>
      <trkpt lat="23.064425" lon="113.272024">
        <time>2026-06-12T22:38:52Z</time>
      </trkpt>
      <trkpt lat="23.064375" lon="113.272119">
        <time>2026-06-12T22:38:57Z</time>
      </trkpt>
      <trkpt lat="23.064308" lon="113.272264">
        <time>2026-06-12T22:39:02Z</time>
      </trkpt>
      <trkpt lat="23.064299" lon="113.272371">
        <time>2026-06-12T22:39:07Z</time>
      </trkpt>
      <trkpt lat="23.064293" lon="113.272532">
        <time>2026-06-12T22:39:12Z</time>
      </trkpt>
      <trkpt lat="23.064303" lon="113.272642">
        <time>2026-06-12T22:39:17Z</time>
      </trkpt>
      <trkpt lat="23.064344" lon="113.272797">
        <time>2026-06-12T22:39:22Z</time>
      </trkpt>
      <trkpt lat="23.064372" lon="113.272896">
        <time>2026-06-12T22:39:27Z</time>
      </trkpt>
      <trkpt lat="23.06442" lon="113.273049">
        <time>2026-06-12T22:39:32Z</time>
      </trkpt>
      <trkpt lat="23.064441" lon="113.273155">
        <time>2026-06-12T22:39:37Z</time>
      </trkpt>
      <trkpt lat="23.064396" lon="113.273298">
        <time>2026-06-12T22:39:42Z</time>
      </trkpt>
      <trkpt lat="23.064317" lon="113.273366">
        <time>2026-06-12T22:39:47Z</time>
      </trkpt>
      <trkpt lat="23.064182" lon="113.273461">
        <time>2026-06-12T22:39:52Z</time>
      </trkpt>
      <trkpt lat="23.0641" lon="113.273524">
        <time>2026-06-12T22:39:57Z</time>
      </trkpt>
      <trkpt lat="23.063976" lon="113.273628">
        <time>2026-06-12T22:40:02Z</time>
      </trkpt>
      <trkpt lat="23.063897" lon="113.273707">
        <time>2026-06-12T22:40:07Z</time>
      </trkpt>
      <trkpt lat="23.063832" lon="113.273804">
        <time>2026-06-12T22:40:12Z</time>
      </trkpt>
      <trkpt lat="23.063753" lon="113.273964">
        <time>2026-06-12T22:40:17Z</time>
      </trkpt>
      <trkpt lat="23.063704" lon="113.274055">
        <time>2026-06-12T22:40:22Z</time>
      </trkpt>
      <trkpt lat="23.063592" lon="113.274129">
        <time>2026-06-12T22:40:27Z</time>
      </trkpt>
      <trkpt lat="23.063514" lon="113.274102">
        <time>2026-06-12T22:40:32Z</time>
      </trkpt>
      <trkpt lat="23.063384" lon="113.274115">
        <time>2026-06-12T22:40:37Z</time>
      </trkpt>
      <trkpt lat="23.063332" lon="113.274232">
        <time>2026-06-12T22:40:42Z</time>
      </trkpt>
      <trkpt lat="23.063279" lon="113.274419">
        <time>2026-06-12T22:40:47Z</time>
      </trkpt>
      <trkpt lat="23.063245" lon="113.274525">
        <time>2026-06-12T22:40:52Z</time>
      </trkpt>
      <trkpt lat="23.063187" lon="113.274687">
        <time>2026-06-12T22:40:57Z</time>
      </trkpt>
      <trkpt lat="23.063154" lon="113.274798">
        <time>2026-06-12T22:41:02Z</time>
      </trkpt>
      <trkpt lat="23.063099" lon="113.274961">
        <time>2026-06-12T22:41:07Z</time>
      </trkpt>
      <trkpt lat="23.063065" lon="113.275069">
        <time>2026-06-12T22:41:12Z</time>
      </trkpt>
      <trkpt lat="23.062972" lon="113.275188">
        <time>2026-06-12T22:41:17Z</time>
      </trkpt>
      <trkpt lat="23.062897" lon="113.275257">
        <time>2026-06-12T22:41:22Z</time>
      </trkpt>
      <trkpt lat="23.062913" lon="113.275423">
        <time>2026-06-12T22:41:27Z</time>
      </trkpt>
      <trkpt lat="23.062909" lon="113.275528">
        <time>2026-06-12T22:41:32Z</time>
      </trkpt>
      <trkpt lat="23.062811" lon="113.275651">
        <time>2026-06-12T22:41:37Z</time>
      </trkpt>
      <trkpt lat="23.06273" lon="113.27572">
        <time>2026-06-12T22:41:42Z</time>
      </trkpt>
      <trkpt lat="23.062617" lon="113.275838">
        <time>2026-06-12T22:41:47Z</time>
      </trkpt>
      <trkpt lat="23.062549" lon="113.275922">
        <time>2026-06-12T22:41:52Z</time>
      </trkpt>
      <trkpt lat="23.062463" lon="113.276063">
        <time>2026-06-12T22:41:57Z</time>
      </trkpt>
      <trkpt lat="23.062415" lon="113.276161">
        <time>2026-06-12T22:42:02Z</time>
      </trkpt>
      <trkpt lat="23.062349" lon="113.276309">
        <time>2026-06-12T22:42:07Z</time>
      </trkpt>
      <trkpt lat="23.062309" lon="113.276403">
        <time>2026-06-12T22:42:12Z</time>
      </trkpt>
      <trkpt lat="23.062255" lon="113.276561">
        <time>2026-06-12T22:42:17Z</time>
      </trkpt>
      <trkpt lat="23.06222" lon="113.276663">
        <time>2026-06-12T22:42:22Z</time>
      </trkpt>
      <trkpt lat="23.062174" lon="113.276811">
        <time>2026-06-12T22:42:27Z</time>
      </trkpt>
      <trkpt lat="23.06214" lon="113.276908">
        <time>2026-06-12T22:42:32Z</time>
      </trkpt>
      <trkpt lat="23.062087" lon="113.277057">
        <time>2026-06-12T22:42:37Z</time>
      </trkpt>
      <trkpt lat="23.062045" lon="113.277163">
        <time>2026-06-12T22:42:42Z</time>
      </trkpt>
      <trkpt lat="23.061979" lon="113.277324">
        <time>2026-06-12T22:42:47Z</time>
      </trkpt>
      <trkpt lat="23.061938" lon="113.277427">
        <time>2026-06-12T22:42:52Z</time>
      </trkpt>
      <trkpt lat="23.061879" lon="113.277578">
        <time>2026-06-12T22:42:57Z</time>
      </trkpt>
      <trkpt lat="23.061845" lon="113.277681">
        <time>2026-06-12T22:43:02Z</time>
      </trkpt>
      <trkpt lat="23.061815" lon="113.277844">
        <time>2026-06-12T22:43:07Z</time>
      </trkpt>
      <trkpt lat="23.061808" lon="113.277953">
        <time>2026-06-12T22:43:12Z</time>
      </trkpt>
      <trkpt lat="23.061808" lon="113.278115">
        <time>2026-06-12T22:43:17Z</time>
      </trkpt>
      <trkpt lat="23.061813" lon="113.278222">
        <time>2026-06-12T22:43:22Z</time>
      </trkpt>
      <trkpt lat="23.061818" lon="113.278382">
        <time>2026-06-12T22:43:27Z</time>
      </trkpt>
      <trkpt lat="23.061826" lon="113.278488">
        <time>2026-06-12T22:43:32Z</time>
      </trkpt>
      <trkpt lat="23.061831" lon="113.278646">
        <time>2026-06-12T22:43:37Z</time>
      </trkpt>
      <trkpt lat="23.061806" lon="113.278737">
        <time>2026-06-12T22:43:42Z</time>
      </trkpt>
      <trkpt lat="23.061711" lon="113.278797">
        <time>2026-06-12T22:43:47Z</time>
      </trkpt>
      <trkpt lat="23.061679" lon="113.278893">
        <time>2026-06-12T22:43:52Z</time>
      </trkpt>
      <trkpt lat="23.061626" lon="113.279041">
        <time>2026-06-12T22:43:57Z</time>
      </trkpt>
      <trkpt lat="23.061587" lon="113.279135">
        <time>2026-06-12T22:44:02Z</time>
      </trkpt>
      <trkpt lat="23.061527" lon="113.279282">
        <time>2026-06-12T22:44:07Z</time>
      </trkpt>
      <trkpt lat="23.061483" lon="113.279384">
        <time>2026-06-12T22:44:12Z</time>
      </trkpt>
      <trkpt lat="23.061419" lon="113.279546">
        <time>2026-06-12T22:44:17Z</time>
      </trkpt>
      <trkpt lat="23.061378" lon="113.279652">
        <time>2026-06-12T22:44:22Z</time>
      </trkpt>
      <trkpt lat="23.061318" lon="113.279807">
        <time>2026-06-12T22:44:27Z</time>
      </trkpt>
      <trkpt lat="23.061277" lon="113.279911">
        <time>2026-06-12T22:44:32Z</time>
      </trkpt>
      <trkpt lat="23.06121" lon="113.280065">
        <time>2026-06-12T22:44:37Z</time>
      </trkpt>
      <trkpt lat="23.061166" lon="113.280173">
        <time>2026-06-12T22:44:42Z</time>
      </trkpt>
      <trkpt lat="23.061098" lon="113.280333">
        <time>2026-06-12T22:44:47Z</time>
      </trkpt>
      <trkpt lat="23.061054" lon="113.280437">
        <time>2026-06-12T22:44:52Z</time>
      </trkpt>
      <trkpt lat="23.060983" lon="113.280589">
        <time>2026-06-12T22:44:57Z</time>
      </trkpt>
      <trkpt lat="23.060937" lon="113.280688">
        <time>2026-06-12T22:45:02Z</time>
      </trkpt>
      <trkpt lat="23.060869" lon="113.28084">
        <time>2026-06-12T22:45:07Z</time>
      </trkpt>
      <trkpt lat="23.060829" lon="113.280944">
        <time>2026-06-12T22:45:12Z</time>
      </trkpt>
      <trkpt lat="23.060765" lon="113.281091">
        <time>2026-06-12T22:45:17Z</time>
      </trkpt>
      <trkpt lat="23.060723" lon="113.281188">
        <time>2026-06-12T22:45:22Z</time>
      </trkpt>
      <trkpt lat="23.060657" lon="113.281333">
        <time>2026-06-12T22:45:27Z</time>
      </trkpt>
      <trkpt lat="23.060614" lon="113.281429">
        <time>2026-06-12T22:45:32Z</time>
      </trkpt>
      <trkpt lat="23.060553" lon="113.28158">
        <time>2026-06-12T22:45:37Z</time>
      </trkpt>
      <trkpt lat="23.060514" lon="113.281682">
        <time>2026-06-12T22:45:42Z</time>
      </trkpt>
      <trkpt lat="23.060456" lon="113.281835">
        <time>2026-06-12T22:45:47Z</time>
      </trkpt>
      <trkpt lat="23.060416" lon="113.281934">
        <time>2026-06-12T22:45:52Z</time>
      </trkpt>
      <trkpt lat="23.060351" lon="113.282081">
        <time>2026-06-12T22:45:57Z</time>
      </trkpt>
      <trkpt lat="23.060311" lon="113.282178">
        <time>2026-06-12T22:46:02Z</time>
      </trkpt>
      <trkpt lat="23.06025" lon="113.282324">
        <time>2026-06-12T22:46:07Z</time>
      </trkpt>
      <trkpt lat="23.060208" lon="113.282422">
        <time>2026-06-12T22:46:12Z</time>
      </trkpt>
      <trkpt lat="23.060149" lon="113.282568">
        <time>2026-06-12T22:46:17Z</time>
      </trkpt>
      <trkpt lat="23.060106" lon="113.28267">
        <time>2026-06-12T22:46:22Z</time>
      </trkpt>
      <trkpt lat="23.060038" lon="113.282817">
        <time>2026-06-12T22:46:27Z</time>
      </trkpt>
      <trkpt lat="23.059992" lon="113.282917">
        <time>2026-06-12T22:46:32Z</time>
      </trkpt>
      <trkpt lat="23.059917" lon="113.283063">
        <time>2026-06-12T22:46:37Z</time>
      </trkpt>
      <trkpt lat="23.059869" lon="113.283166">
        <time>2026-06-12T22:46:42Z</time>
      </trkpt>
      <trkpt lat="23.059799" lon="113.283319">
        <time>2026-06-12T22:46:47Z</time>
      </trkpt>
      <trkpt lat="23.059752" lon="113.283422">
        <time>2026-06-12T22:46:52Z</time>
      </trkpt>
      <trkpt lat="23.059692" lon="113.283569">
        <time>2026-06-12T22:46:57Z</time>
      </trkpt>
      <trkpt lat="23.059656" lon="113.283665">
        <time>2026-06-12T22:47:02Z</time>
      </trkpt>
      <trkpt lat="23.05958" lon="113.283802">
        <time>2026-06-12T22:47:07Z</time>
      </trkpt>
      <trkpt lat="23.059535" lon="113.283905">
        <time>2026-06-12T22:47:12Z</time>
      </trkpt>
      <trkpt lat="23.059465" lon="113.28406">
        <time>2026-06-12T22:47:17Z</time>
      </trkpt>
      <trkpt lat="23.059407" lon="113.284152">
        <time>2026-06-12T22:47:22Z</time>
      </trkpt>
      <trkpt lat="23.059339" lon="113.284299">
        <time>2026-06-12T22:47:27Z</time>
      </trkpt>
      <trkpt lat="23.059303" lon="113.284398">
        <time>2026-06-12T22:47:32Z</time>
      </trkpt>
      <trkpt lat="23.059274" lon="113.284558">
        <time>2026-06-12T22:47:37Z</time>
      </trkpt>
      <trkpt lat="23.059254" lon="113.284663">
        <time>2026-06-12T22:47:42Z</time>
      </trkpt>
      <trkpt lat="23.059209" lon="113.284817">
        <time>2026-06-12T22:47:47Z</time>
      </trkpt>
      <trkpt lat="23.059168" lon="113.284913">
        <time>2026-06-12T22:47:52Z</time>
      </trkpt>
      <trkpt lat="23.059106" lon="113.285064">
        <time>2026-06-12T22:47:57Z</time>
      </trkpt>
      <trkpt lat="23.059061" lon="113.285166">
        <time>2026-06-12T22:48:02Z</time>
      </trkpt>
      <trkpt lat="23.058988" lon="113.285318">
        <time>2026-06-12T22:48:07Z</time>
      </trkpt>
      <trkpt lat="23.058939" lon="113.285417">
        <time>2026-06-12T22:48:12Z</time>
      </trkpt>
      <trkpt lat="23.05887" lon="113.285566">
        <time>2026-06-12T22:48:17Z</time>
      </trkpt>
      <trkpt lat="23.058826" lon="113.285666">
        <time>2026-06-12T22:48:22Z</time>
      </trkpt>
      <trkpt lat="23.058767" lon="113.285815">
        <time>2026-06-12T22:48:27Z</time>
      </trkpt>
      <trkpt lat="23.058731" lon="113.285912">
        <time>2026-06-12T22:48:32Z</time>
      </trkpt>
      <trkpt lat="23.058669" lon="113.286062">
        <time>2026-06-12T22:48:37Z</time>
      </trkpt>
      <trkpt lat="23.058649" lon="113.286173">
        <time>2026-06-12T22:48:42Z</time>
      </trkpt>
      <trkpt lat="23.0587" lon="113.286323">
        <time>2026-06-12T22:48:47Z</time>
      </trkpt>
      <trkpt lat="23.058794" lon="113.286368">
        <time>2026-06-12T22:48:52Z</time>
      </trkpt>
      <trkpt lat="23.058937" lon="113.286385">
        <time>2026-06-12T22:48:57Z</time>
      </trkpt>
      <trkpt lat="23.059028" lon="113.286397">
        <time>2026-06-12T22:49:02Z</time>
      </trkpt>
      <trkpt lat="23.059179" lon="113.286412">
        <time>2026-06-12T22:49:07Z</time>
      </trkpt>
      <trkpt lat="23.059281" lon="113.286422">
        <time>2026-06-12T22:49:12Z</time>
      </trkpt>
      <trkpt lat="23.059431" lon="113.286437">
        <time>2026-06-12T22:49:17Z</time>
      </trkpt>
      <trkpt lat="23.059529" lon="113.286449">
        <time>2026-06-12T22:49:22Z</time>
      </trkpt>
      <trkpt lat="23.059674" lon="113.286458">
        <time>2026-06-12T22:49:27Z</time>
      </trkpt>
      <trkpt lat="23.059768" lon="113.28646">
        <time>2026-06-12T22:49:32Z</time>
      </trkpt>
      <trkpt lat="23.059914" lon="113.286465">
        <time>2026-06-12T22:49:37Z</time>
      </trkpt>
      <trkpt lat="23.06001" lon="113.286485">
        <time>2026-06-12T22:49:42Z</time>
      </trkpt>
      <trkpt lat="23.060092" lon="113.286614">
        <time>2026-06-12T22:49:47Z</time>
      </trkpt>
      <trkpt lat="23.060102" lon="113.286746">
        <time>2026-06-12T22:49:52Z</time>
      </trkpt>
      <trkpt lat="23.060111" lon="113.286923">
        <time>2026-06-12T22:49:57Z</time>
      </trkpt>
      <trkpt lat="23.060141" lon="113.287031">
        <time>2026-06-12T22:50:02Z</time>
      </trkpt>
      <trkpt lat="23.06018" lon="113.287195">
        <time>2026-06-12T22:50:07Z</time>
      </trkpt>
      <trkpt lat="23.060214" lon="113.287308">
        <time>2026-06-12T22:50:12Z</time>
      </trkpt>
      <trkpt lat="23.060256" lon="113.287462">
        <time>2026-06-12T22:50:17Z</time>
      </trkpt>
      <trkpt lat="23.060253" lon="113.287578">
        <time>2026-06-12T22:50:22Z</time>
      </trkpt>
      <trkpt lat="23.06019" lon="113.287823">
        <time>2026-06-12T22:50:27Z</time>
      </trkpt>
      <trkpt lat="23.060176" lon="113.28791">
        <time>2026-06-12T22:50:32Z</time>
      </trkpt>
      <trkpt lat="23.060249" lon="113.287868">
        <time>2026-06-12T22:50:37Z</time>
      </trkpt>
      <trkpt lat="23.060265" lon="113.287736">
        <time>2026-06-12T22:50:42Z</time>
      </trkpt>
      <trkpt lat="23.060247" lon="113.287552">
        <time>2026-06-12T22:50:47Z</time>
      </trkpt>
      <trkpt lat="23.060235" lon="113.287448">
        <time>2026-06-12T22:50:52Z</time>
      </trkpt>
      <trkpt lat="23.060296" lon="113.287316">
        <time>2026-06-12T22:50:57Z</time>
      </trkpt>
      <trkpt lat="23.060294" lon="113.28721">
        <time>2026-06-12T22:51:02Z</time>
      </trkpt>
      <trkpt lat="23.06025" lon="113.287037">
        <time>2026-06-12T22:51:07Z</time>
      </trkpt>
      <trkpt lat="23.060238" lon="113.286926">
        <time>2026-06-12T22:51:12Z</time>
      </trkpt>
      <trkpt lat="23.060243" lon="113.286766">
        <time>2026-06-12T22:51:17Z</time>
      </trkpt>
      <trkpt lat="23.060217" lon="113.286681">
        <time>2026-06-12T22:51:22Z</time>
      </trkpt>
      <trkpt lat="23.060259" lon="113.286576">
        <time>2026-06-12T22:51:27Z</time>
      </trkpt>
      <trkpt lat="23.060338" lon="113.286511">
        <time>2026-06-12T22:51:32Z</time>
      </trkpt>
      <trkpt lat="23.060404" lon="113.286354">
        <time>2026-06-12T22:51:37Z</time>
      </trkpt>
      <trkpt lat="23.060419" lon="113.286244">
        <time>2026-06-12T22:51:42Z</time>
      </trkpt>
      <trkpt lat="23.060431" lon="113.286077">
        <time>2026-06-12T22:51:47Z</time>
      </trkpt>
      <trkpt lat="23.060458" lon="113.285979">
        <time>2026-06-12T22:51:52Z</time>
      </trkpt>
      <trkpt lat="23.060492" lon="113.285815">
        <time>2026-06-12T22:51:57Z</time>
      </trkpt>
      <trkpt lat="23.060467" lon="113.285693">
        <time>2026-06-12T22:52:02Z</time>
      </trkpt>
      <trkpt lat="23.060461" lon="113.285522">
        <time>2026-06-12T22:52:07Z</time>
      </trkpt>
      <trkpt lat="23.060476" lon="113.285415">
        <time>2026-06-12T22:52:12Z</time>
      </trkpt>
      <trkpt lat="23.060505" lon="113.285253">
        <time>2026-06-12T22:52:17Z</time>
      </trkpt>
      <trkpt lat="23.06052" lon="113.28514">
        <time>2026-06-12T22:52:22Z</time>
      </trkpt>
      <trkpt lat="23.060518" lon="113.284955">
        <time>2026-06-12T22:52:27Z</time>
      </trkpt>
      <trkpt lat="23.060499" lon="113.284838">
        <time>2026-06-12T22:52:32Z</time>
      </trkpt>
      <trkpt lat="23.060471" lon="113.284668">
        <time>2026-06-12T22:52:37Z</time>
      </trkpt>
      <trkpt lat="23.060461" lon="113.284561">
        <time>2026-06-12T22:52:42Z</time>
      </trkpt>
      <trkpt lat="23.060408" lon="113.28439">
        <time>2026-06-12T22:52:47Z</time>
      </trkpt>
      <trkpt lat="23.060353" lon="113.284274">
        <time>2026-06-12T22:52:52Z</time>
      </trkpt>
      <trkpt lat="23.060349" lon="113.284111">
        <time>2026-06-12T22:52:57Z</time>
      </trkpt>
      <trkpt lat="23.060416" lon="113.284014">
        <time>2026-06-12T22:53:02Z</time>
      </trkpt>
      <trkpt lat="23.060482" lon="113.283849">
        <time>2026-06-12T22:53:07Z</time>
      </trkpt>
      <trkpt lat="23.060547" lon="113.283739">
        <time>2026-06-12T22:53:12Z</time>
      </trkpt>
      <trkpt lat="23.060603" lon="113.283568">
        <time>2026-06-12T22:53:17Z</time>
      </trkpt>
      <trkpt lat="23.060638" lon="113.283437">
        <time>2026-06-12T22:53:22Z</time>
      </trkpt>
      <trkpt lat="23.060755" lon="113.283259">
        <time>2026-06-12T22:53:27Z</time>
      </trkpt>
      <trkpt lat="23.060846" lon="113.283168">
        <time>2026-06-12T22:53:32Z</time>
      </trkpt>
      <trkpt lat="23.060943" lon="113.283022">
        <time>2026-06-12T22:53:37Z</time>
      </trkpt>
      <trkpt lat="23.061" lon="113.282924">
        <time>2026-06-12T22:53:42Z</time>
      </trkpt>
      <trkpt lat="23.061099" lon="113.282787">
        <time>2026-06-12T22:53:47Z</time>
      </trkpt>
      <trkpt lat="23.06118" lon="113.282703">
        <time>2026-06-12T22:53:52Z</time>
      </trkpt>
      <trkpt lat="23.061217" lon="113.282551">
        <time>2026-06-12T22:53:57Z</time>
      </trkpt>
      <trkpt lat="23.061232" lon="113.282452">
        <time>2026-06-12T22:54:02Z</time>
      </trkpt>
      <trkpt lat="23.061052" lon="113.282301">
        <time>2026-06-12T22:54:07Z</time>
      </trkpt>
      <trkpt lat="23.060898" lon="113.282287">
        <time>2026-06-12T22:54:12Z</time>
      </trkpt>
      <trkpt lat="23.060713" lon="113.282291">
        <time>2026-06-12T22:54:17Z</time>
      </trkpt>
      <trkpt lat="23.060608" lon="113.28228">
        <time>2026-06-12T22:54:22Z</time>
      </trkpt>
      <trkpt lat="23.060489" lon="113.282345">
        <time>2026-06-12T22:54:27Z</time>
      </trkpt>
      <trkpt lat="23.06045" lon="113.282439">
        <time>2026-06-12T22:54:32Z</time>
      </trkpt>
      <trkpt lat="23.060391" lon="113.282584">
        <time>2026-06-12T22:54:37Z</time>
      </trkpt>
      <trkpt lat="23.060352" lon="113.282682">
        <time>2026-06-12T22:54:42Z</time>
      </trkpt>
      <trkpt lat="23.060286" lon="113.282829">
        <time>2026-06-12T22:54:47Z</time>
      </trkpt>
      <trkpt lat="23.060245" lon="113.282928">
        <time>2026-06-12T22:54:52Z</time>
      </trkpt>
      <trkpt lat="23.060192" lon="113.283075">
        <time>2026-06-12T22:54:57Z</time>
      </trkpt>
      <trkpt lat="23.060156" lon="113.283176">
        <time>2026-06-12T22:55:02Z</time>
      </trkpt>
      <trkpt lat="23.0601" lon="113.283329">
        <time>2026-06-12T22:55:07Z</time>
      </trkpt>
      <trkpt lat="23.060046" lon="113.283425">
        <time>2026-06-12T22:55:12Z</time>
      </trkpt>
      <trkpt lat="23.059928" lon="113.283474">
        <time>2026-06-12T22:55:17Z</time>
      </trkpt>
      <trkpt lat="23.05994" lon="113.28338">
        <time>2026-06-12T22:55:22Z</time>
      </trkpt>
      <trkpt lat="23.060035" lon="113.283218">
        <time>2026-06-12T22:55:27Z</time>
      </trkpt>
      <trkpt lat="23.060093" lon="113.283112">
        <time>2026-06-12T22:55:32Z</time>
      </trkpt>
      <trkpt lat="23.060181" lon="113.282959">
        <time>2026-06-12T22:55:37Z</time>
      </trkpt>
      <trkpt lat="23.060239" lon="113.282858">
        <time>2026-06-12T22:55:42Z</time>
      </trkpt>
      <trkpt lat="23.060301" lon="113.2827">
        <time>2026-06-12T22:55:47Z</time>
      </trkpt>
      <trkpt lat="23.060336" lon="113.282593">
        <time>2026-06-12T22:55:52Z</time>
      </trkpt>
      <trkpt lat="23.060393" lon="113.282432">
        <time>2026-06-12T22:55:57Z</time>
      </trkpt>
      <trkpt lat="23.060422" lon="113.282324">
        <time>2026-06-12T22:56:02Z</time>
      </trkpt>
      <trkpt lat="23.06047" lon="113.282168">
        <time>2026-06-12T22:56:07Z</time>
      </trkpt>
      <trkpt lat="23.060511" lon="113.282069">
        <time>2026-06-12T22:56:12Z</time>
      </trkpt>
      <trkpt lat="23.06058" lon="113.281912">
        <time>2026-06-12T22:56:17Z</time>
      </trkpt>
      <trkpt lat="23.060622" lon="113.281804">
        <time>2026-06-12T22:56:22Z</time>
      </trkpt>
      <trkpt lat="23.060675" lon="113.281647">
        <time>2026-06-12T22:56:27Z</time>
      </trkpt>
      <trkpt lat="23.060712" lon="113.281542">
        <time>2026-06-12T22:56:32Z</time>
      </trkpt>
      <trkpt lat="23.060781" lon="113.281382">
        <time>2026-06-12T22:56:37Z</time>
      </trkpt>
      <trkpt lat="23.060827" lon="113.281283">
        <time>2026-06-12T22:56:42Z</time>
      </trkpt>
      <trkpt lat="23.060886" lon="113.281137">
        <time>2026-06-12T22:56:47Z</time>
      </trkpt>
      <trkpt lat="23.060931" lon="113.281041">
        <time>2026-06-12T22:56:52Z</time>
      </trkpt>
      <trkpt lat="23.060996" lon="113.280892">
        <time>2026-06-12T22:56:57Z</time>
      </trkpt>
      <trkpt lat="23.061043" lon="113.280788">
        <time>2026-06-12T22:57:02Z</time>
      </trkpt>
      <trkpt lat="23.061122" lon="113.280636">
        <time>2026-06-12T22:57:07Z</time>
      </trkpt>
      <trkpt lat="23.061176" lon="113.280532">
        <time>2026-06-12T22:57:12Z</time>
      </trkpt>
      <trkpt lat="23.061246" lon="113.280376">
        <time>2026-06-12T22:57:17Z</time>
      </trkpt>
      <trkpt lat="23.061286" lon="113.280269">
        <time>2026-06-12T22:57:22Z</time>
      </trkpt>
      <trkpt lat="23.061366" lon="113.280125">
        <time>2026-06-12T22:57:27Z</time>
      </trkpt>
      <trkpt lat="23.061409" lon="113.280028">
        <time>2026-06-12T22:57:32Z</time>
      </trkpt>
      <trkpt lat="23.061477" lon="113.279868">
        <time>2026-06-12T22:57:37Z</time>
      </trkpt>
      <trkpt lat="23.061514" lon="113.279765">
        <time>2026-06-12T22:57:42Z</time>
      </trkpt>
      <trkpt lat="23.061566" lon="113.279621">
        <time>2026-06-12T22:57:47Z</time>
      </trkpt>
      <trkpt lat="23.061599" lon="113.279524">
        <time>2026-06-12T22:57:52Z</time>
      </trkpt>
      <trkpt lat="23.061656" lon="113.279371">
        <time>2026-06-12T22:57:57Z</time>
      </trkpt>
      <trkpt lat="23.061704" lon="113.279273">
        <time>2026-06-12T22:58:02Z</time>
      </trkpt>
      <trkpt lat="23.061781" lon="113.279129">
        <time>2026-06-12T22:58:07Z</time>
      </trkpt>
      <trkpt lat="23.06184" lon="113.279035">
        <time>2026-06-12T22:58:12Z</time>
      </trkpt>
      <trkpt lat="23.061934" lon="113.27889">
        <time>2026-06-12T22:58:17Z</time>
      </trkpt>
      <trkpt lat="23.061975" lon="113.278779">
        <time>2026-06-12T22:58:22Z</time>
      </trkpt>
      <trkpt lat="23.061982" lon="113.278596">
        <time>2026-06-12T22:58:27Z</time>
      </trkpt>
      <trkpt lat="23.061975" lon="113.278472">
        <time>2026-06-12T22:58:32Z</time>
      </trkpt>
      <trkpt lat="23.061962" lon="113.278293">
        <time>2026-06-12T22:58:37Z</time>
      </trkpt>
      <trkpt lat="23.061953" lon="113.278173">
        <time>2026-06-12T22:58:42Z</time>
      </trkpt>
      <trkpt lat="23.061944" lon="113.277991">
        <time>2026-06-12T22:58:47Z</time>
      </trkpt>
      <trkpt lat="23.061942" lon="113.277873">
        <time>2026-06-12T22:58:52Z</time>
      </trkpt>
      <trkpt lat="23.061962" lon="113.277703">
        <time>2026-06-12T22:58:57Z</time>
      </trkpt>
      <trkpt lat="23.061995" lon="113.277593">
        <time>2026-06-12T22:59:02Z</time>
      </trkpt>
      <trkpt lat="23.06206" lon="113.277428">
        <time>2026-06-12T22:59:07Z</time>
      </trkpt>
      <trkpt lat="23.062103" lon="113.277319">
        <time>2026-06-12T22:59:12Z</time>
      </trkpt>
      <trkpt lat="23.062172" lon="113.277163">
        <time>2026-06-12T22:59:17Z</time>
      </trkpt>
      <trkpt lat="23.062205" lon="113.277055">
        <time>2026-06-12T22:59:22Z</time>
      </trkpt>
      <trkpt lat="23.062256" lon="113.27689">
        <time>2026-06-12T22:59:27Z</time>
      </trkpt>
      <trkpt lat="23.062294" lon="113.276784">
        <time>2026-06-12T22:59:32Z</time>
      </trkpt>
      <trkpt lat="23.062355" lon="113.276623">
        <time>2026-06-12T22:59:37Z</time>
      </trkpt>
      <trkpt lat="23.062396" lon="113.276515">
        <time>2026-06-12T22:59:42Z</time>
      </trkpt>
      <trkpt lat="23.062458" lon="113.276358">
        <time>2026-06-12T22:59:47Z</time>
      </trkpt>
      <trkpt lat="23.062503" lon="113.276253">
        <time>2026-06-12T22:59:52Z</time>
      </trkpt>
      <trkpt lat="23.062574" lon="113.276104">
        <time>2026-06-12T22:59:57Z</time>
      </trkpt>
      <trkpt lat="23.062629" lon="113.27601">
        <time>2026-06-12T23:00:02Z</time>
      </trkpt>
      <trkpt lat="23.062726" lon="113.275875">
        <time>2026-06-12T23:00:07Z</time>
      </trkpt>
      <trkpt lat="23.062798" lon="113.275796">
        <time>2026-06-12T23:00:12Z</time>
      </trkpt>
      <trkpt lat="23.062907" lon="113.275685">
        <time>2026-06-12T23:00:17Z</time>
      </trkpt>
      <trkpt lat="23.062977" lon="113.275607">
        <time>2026-06-12T23:00:22Z</time>
      </trkpt>
      <trkpt lat="23.063067" lon="113.275472">
        <time>2026-06-12T23:00:27Z</time>
      </trkpt>
      <trkpt lat="23.06312" lon="113.275378">
        <time>2026-06-12T23:00:32Z</time>
      </trkpt>
      <trkpt lat="23.063207" lon="113.275238">
        <time>2026-06-12T23:00:37Z</time>
      </trkpt>
      <trkpt lat="23.06327" lon="113.27515">
        <time>2026-06-12T23:00:42Z</time>
      </trkpt>
      <trkpt lat="23.063345" lon="113.27501">
        <time>2026-06-12T23:00:47Z</time>
      </trkpt>
      <trkpt lat="23.063381" lon="113.274912">
        <time>2026-06-12T23:00:52Z</time>
      </trkpt>
      <trkpt lat="23.063427" lon="113.274762">
        <time>2026-06-12T23:00:57Z</time>
      </trkpt>
      <trkpt lat="23.063462" lon="113.274659">
        <time>2026-06-12T23:01:02Z</time>
      </trkpt>
      <trkpt lat="23.063512" lon="113.274503">
        <time>2026-06-12T23:01:07Z</time>
      </trkpt>
      <trkpt lat="23.063546" lon="113.274404">
        <time>2026-06-12T23:01:12Z</time>
      </trkpt>
      <trkpt lat="23.063615" lon="113.274262">
        <time>2026-06-12T23:01:17Z</time>
      </trkpt>
      <trkpt lat="23.063695" lon="113.274195">
        <time>2026-06-12T23:01:22Z</time>
      </trkpt>
      <trkpt lat="23.063822" lon="113.274092">
        <time>2026-06-12T23:01:27Z</time>
      </trkpt>
      <trkpt lat="23.063878" lon="113.274001">
        <time>2026-06-12T23:01:32Z</time>
      </trkpt>
      <trkpt lat="23.063955" lon="113.273858">
        <time>2026-06-12T23:01:37Z</time>
      </trkpt>
      <trkpt lat="23.064022" lon="113.273766">
        <time>2026-06-12T23:01:42Z</time>
      </trkpt>
      <trkpt lat="23.064141" lon="113.273653">
        <time>2026-06-12T23:01:47Z</time>
      </trkpt>
      <trkpt lat="23.064228" lon="113.273585">
        <time>2026-06-12T23:01:52Z</time>
      </trkpt>
      <trkpt lat="23.064356" lon="113.273486">
        <time>2026-06-12T23:01:57Z</time>
      </trkpt>
      <trkpt lat="23.064435" lon="113.273416">
        <time>2026-06-12T23:02:02Z</time>
      </trkpt>
      <trkpt lat="23.06454" lon="113.273285">
        <time>2026-06-12T23:02:07Z</time>
      </trkpt>
      <trkpt lat="23.06458" lon="113.273175">
        <time>2026-06-12T23:02:12Z</time>
      </trkpt>
      <trkpt lat="23.064551" lon="113.272993">
        <time>2026-06-12T23:02:17Z</time>
      </trkpt>
      <trkpt lat="23.064504" lon="113.272876">
        <time>2026-06-12T23:02:22Z</time>
      </trkpt>
      <trkpt lat="23.064442" lon="113.272711">
        <time>2026-06-12T23:02:27Z</time>
      </trkpt>
      <trkpt lat="23.064422" lon="113.2726">
        <time>2026-06-12T23:02:32Z</time>
      </trkpt>
      <trkpt lat="23.06448" lon="113.272438">
        <time>2026-06-12T23:02:37Z</time>
      </trkpt>
      <trkpt lat="23.064538" lon="113.272331">
        <time>2026-06-12T23:02:42Z</time>
      </trkpt>
      <trkpt lat="23.064582" lon="113.272164">
        <time>2026-06-12T23:02:47Z</time>
      </trkpt>
      <trkpt lat="23.064623" lon="113.272058">
        <time>2026-06-12T23:02:52Z</time>
      </trkpt>
      <trkpt lat="23.064687" lon="113.271908">
        <time>2026-06-12T23:02:57Z</time>
      </trkpt>
      <trkpt lat="23.064739" lon="113.271809">
        <time>2026-06-12T23:03:02Z</time>
      </trkpt>
      <trkpt lat="23.064824" lon="113.271657">
        <time>2026-06-12T23:03:07Z</time>
      </trkpt>
      <trkpt lat="23.064879" lon="113.271556">
        <time>2026-06-12T23:03:12Z</time>
      </trkpt>
      <trkpt lat="23.064951" lon="113.271399">
        <time>2026-06-12T23:03:17Z</time>
      </trkpt>
      <trkpt lat="23.064989" lon="113.271288">
        <time>2026-06-12T23:03:22Z</time>
      </trkpt>
      <trkpt lat="23.065054" lon="113.271137">
        <time>2026-06-12T23:03:27Z</time>
      </trkpt>
      <trkpt lat="23.065111" lon="113.271038">
        <time>2026-06-12T23:03:32Z</time>
      </trkpt>
      <trkpt lat="23.065191" lon="113.270882">
        <time>2026-06-12T23:03:37Z</time>
      </trkpt>
      <trkpt lat="23.065234" lon="113.270774">
        <time>2026-06-12T23:03:42Z</time>
      </trkpt>
      <trkpt lat="23.0653" lon="113.270613">
        <time>2026-06-12T23:03:47Z</time>
      </trkpt>
      <trkpt lat="23.065347" lon="113.270508">
        <time>2026-06-12T23:03:52Z</time>
      </trkpt>
      <trkpt lat="23.065419" lon="113.270351">
        <time>2026-06-12T23:03:57Z</time>
      </trkpt>
      <trkpt lat="23.065466" lon="113.270246">
        <time>2026-06-12T23:04:02Z</time>
      </trkpt>
      <trkpt lat="23.065525" lon="113.270085">
        <time>2026-06-12T23:04:07Z</time>
      </trkpt>
      <trkpt lat="23.065563" lon="113.269971">
        <time>2026-06-12T23:04:12Z</time>
      </trkpt>
      <trkpt lat="23.065612" lon="113.269795">
        <time>2026-06-12T23:04:17Z</time>
      </trkpt>
      <trkpt lat="23.065658" lon="113.269686">
        <time>2026-06-12T23:04:22Z</time>
      </trkpt>
      <trkpt lat="23.065712" lon="113.269526">
        <time>2026-06-12T23:04:27Z</time>
      </trkpt>
      <trkpt lat="23.065733" lon="113.269421">
        <time>2026-06-12T23:04:32Z</time>
      </trkpt>
      <trkpt lat="23.065771" lon="113.269257">
        <time>2026-06-12T23:04:37Z</time>
      </trkpt>
      <trkpt lat="23.065798" lon="113.269152">
        <time>2026-06-12T23:04:42Z</time>
      </trkpt>
      <trkpt lat="23.06585" lon="113.269007">
        <time>2026-06-12T23:04:47Z</time>
      </trkpt>
      <trkpt lat="23.065894" lon="113.268905">
        <time>2026-06-12T23:04:52Z</time>
      </trkpt>
      <trkpt lat="23.065955" lon="113.268753">
        <time>2026-06-12T23:04:57Z</time>
      </trkpt>
      <trkpt lat="23.066004" lon="113.268661">
        <time>2026-06-12T23:05:02Z</time>
      </trkpt>
      <trkpt lat="23.066086" lon="113.268517">
        <time>2026-06-12T23:05:07Z</time>
      </trkpt>
      <trkpt lat="23.066148" lon="113.268427">
        <time>2026-06-12T23:05:12Z</time>
      </trkpt>
      <trkpt lat="23.066242" lon="113.2683">
        <time>2026-06-12T23:05:17Z</time>
      </trkpt>
      <trkpt lat="23.066313" lon="113.268219">
        <time>2026-06-12T23:05:22Z</time>
      </trkpt>
      <trkpt lat="23.066454" lon="113.268141">
        <time>2026-06-12T23:05:27Z</time>
      </trkpt>
      <trkpt lat="23.066553" lon="113.26813">
        <time>2026-06-12T23:05:32Z</time>
      </trkpt>
      <trkpt lat="23.066697" lon="113.268166">
        <time>2026-06-12T23:05:37Z</time>
      </trkpt>
      <trkpt lat="23.066789" lon="113.26817">
        <time>2026-06-12T23:05:42Z</time>
      </trkpt>
      <trkpt lat="23.066789" lon="113.268072">
        <time>2026-06-12T23:05:47Z</time>
      </trkpt>
      <trkpt lat="23.066677" lon="113.268029">
        <time>2026-06-12T23:05:52Z</time>
      </trkpt>
      <trkpt lat="23.066515" lon="113.267979">
        <time>2026-06-12T23:05:57Z</time>
      </trkpt>
      <trkpt lat="23.066412" lon="113.267954">
        <time>2026-06-12T23:06:02Z</time>
      </trkpt>
      <trkpt lat="23.066261" lon="113.267986">
        <time>2026-06-12T23:06:07Z</time>
      </trkpt>
      <trkpt lat="23.066178" lon="113.268048">
        <time>2026-06-12T23:06:12Z</time>
      </trkpt>
      <trkpt lat="23.066075" lon="113.268165">
        <time>2026-06-12T23:06:17Z</time>
      </trkpt>
      <trkpt lat="23.066014" lon="113.268249">
        <time>2026-06-12T23:06:22Z</time>
      </trkpt>
      <trkpt lat="23.06592" lon="113.268373">
        <time>2026-06-12T23:06:27Z</time>
      </trkpt>
      <trkpt lat="23.06586" lon="113.268463">
        <time>2026-06-12T23:06:32Z</time>
      </trkpt>
      <trkpt lat="23.065778" lon="113.268601">
        <time>2026-06-12T23:06:37Z</time>
      </trkpt>
      <trkpt lat="23.06573" lon="113.268693">
        <time>2026-06-12T23:06:42Z</time>
      </trkpt>
      <trkpt lat="23.065666" lon="113.268838">
        <time>2026-06-12T23:06:47Z</time>
      </trkpt>
      <trkpt lat="23.065628" lon="113.26894">
        <time>2026-06-12T23:06:52Z</time>
      </trkpt>
      <trkpt lat="23.065581" lon="113.2691">
        <time>2026-06-12T23:06:57Z</time>
      </trkpt>
      <trkpt lat="23.065554" lon="113.269205">
        <time>2026-06-12T23:07:02Z</time>
      </trkpt>
      <trkpt lat="23.065522" lon="113.269359">
        <time>2026-06-12T23:07:07Z</time>
      </trkpt>
      <trkpt lat="23.065498" lon="113.269464">
        <time>2026-06-12T23:07:12Z</time>
      </trkpt>
      <trkpt lat="23.065464" lon="113.269625">
        <time>2026-06-12T23:07:17Z</time>
      </trkpt>
      <trkpt lat="23.065433" lon="113.269732">
        <time>2026-06-12T23:07:22Z</time>
      </trkpt>
      <trkpt lat="23.065384" lon="113.269889">
        <time>2026-06-12T23:07:27Z</time>
      </trkpt>
      <trkpt lat="23.065348" lon="113.269993">
        <time>2026-06-12T23:07:32Z</time>
      </trkpt>
      <trkpt lat="23.065288" lon="113.270146">
        <time>2026-06-12T23:07:37Z</time>
      </trkpt>
      <trkpt lat="23.065241" lon="113.270246">
        <time>2026-06-12T23:07:42Z</time>
      </trkpt>
      <trkpt lat="23.065173" lon="113.270393">
        <time>2026-06-12T23:07:47Z</time>
      </trkpt>
      <trkpt lat="23.06513" lon="113.270491">
        <time>2026-06-12T23:07:52Z</time>
      </trkpt>
      <trkpt lat="23.065062" lon="113.270638">
        <time>2026-06-12T23:07:57Z</time>
      </trkpt>
      <trkpt lat="23.065016" lon="113.270738">
        <time>2026-06-12T23:08:02Z</time>
      </trkpt>
      <trkpt lat="23.064946" lon="113.270884">
        <time>2026-06-12T23:08:07Z</time>
      </trkpt>
      <trkpt lat="23.064903" lon="113.270985">
        <time>2026-06-12T23:08:12Z</time>
      </trkpt>
      <trkpt lat="23.064839" lon="113.27113">
        <time>2026-06-12T23:08:17Z</time>
      </trkpt>
      <trkpt lat="23.064794" lon="113.271224">
        <time>2026-06-12T23:08:22Z</time>
      </trkpt>
      <trkpt lat="23.064724" lon="113.27137">
        <time>2026-06-12T23:08:27Z</time>
      </trkpt>
      <trkpt lat="23.064678" lon="113.271468">
        <time>2026-06-12T23:08:32Z</time>
      </trkpt>
      <trkpt lat="23.064609" lon="113.271615">
        <time>2026-06-12T23:08:37Z</time>
      </trkpt>
      <trkpt lat="23.064564" lon="113.271717">
        <time>2026-06-12T23:08:42Z</time>
      </trkpt>
      <trkpt lat="23.064497" lon="113.271863">
        <time>2026-06-12T23:08:47Z</time>
      </trkpt>
      <trkpt lat="23.064449" lon="113.271963">
        <time>2026-06-12T23:08:52Z</time>
      </trkpt>
      <trkpt lat="23.064381" lon="113.272118">
        <time>2026-06-12T23:08:57Z</time>
      </trkpt>
      <trkpt lat="23.064353" lon="113.272225">
        <time>2026-06-12T23:09:02Z</time>
      </trkpt>
      <trkpt lat="23.064339" lon="113.272393">
        <time>2026-06-12T23:09:07Z</time>
      </trkpt>
      <trkpt lat="23.064317" lon="113.272503">
        <time>2026-06-12T23:09:12Z</time>
      </trkpt>
      <trkpt lat="23.064328" lon="113.272669">
        <time>2026-06-12T23:09:17Z</time>
      </trkpt>
      <trkpt lat="23.064362" lon="113.272776">
        <time>2026-06-12T23:09:22Z</time>
      </trkpt>
      <trkpt lat="23.064417" lon="113.272933">
        <time>2026-06-12T23:09:27Z</time>
      </trkpt>
      <trkpt lat="23.064447" lon="113.273034">
        <time>2026-06-12T23:09:32Z</time>
      </trkpt>
      <trkpt lat="23.064467" lon="113.273187">
        <time>2026-06-12T23:09:37Z</time>
      </trkpt>
      <trkpt lat="23.064437" lon="113.273292">
        <time>2026-06-12T23:09:42Z</time>
      </trkpt>
      <trkpt lat="23.064319" lon="113.273403">
        <time>2026-06-12T23:09:47Z</time>
      </trkpt>
      <trkpt lat="23.064228" lon="113.273463">
        <time>2026-06-12T23:09:52Z</time>
      </trkpt>
      <trkpt lat="23.064101" lon="113.273557">
        <time>2026-06-12T23:09:57Z</time>
      </trkpt>
      <trkpt lat="23.064018" lon="113.273622">
        <time>2026-06-12T23:10:02Z</time>
      </trkpt>
      <trkpt lat="23.063904" lon="113.273735">
        <time>2026-06-12T23:10:07Z</time>
      </trkpt>
      <trkpt lat="23.063844" lon="113.273823">
        <time>2026-06-12T23:10:12Z</time>
      </trkpt>
      <trkpt lat="23.063763" lon="113.273962">
        <time>2026-06-12T23:10:17Z</time>
      </trkpt>
      <trkpt lat="23.063715" lon="113.274049">
        <time>2026-06-12T23:10:22Z</time>
      </trkpt>
      <trkpt lat="23.063611" lon="113.274144">
        <time>2026-06-12T23:10:27Z</time>
      </trkpt>
      <trkpt lat="23.063539" lon="113.274211">
        <time>2026-06-12T23:10:32Z</time>
      </trkpt>
      <trkpt lat="23.063466" lon="113.27436">
        <time>2026-06-12T23:10:37Z</time>
      </trkpt>
      <trkpt lat="23.063429" lon="113.274472">
        <time>2026-06-12T23:10:42Z</time>
      </trkpt>
      <trkpt lat="23.063372" lon="113.274632">
        <time>2026-06-12T23:10:47Z</time>
      </trkpt>
      <trkpt lat="23.063333" lon="113.274741">
        <time>2026-06-12T23:10:52Z</time>
      </trkpt>
      <trkpt lat="23.063279" lon="113.274905">
        <time>2026-06-12T23:10:57Z</time>
      </trkpt>
      <trkpt lat="23.063245" lon="113.275012">
        <time>2026-06-12T23:11:02Z</time>
      </trkpt>
      <trkpt lat="23.063171" lon="113.275156">
        <time>2026-06-12T23:11:07Z</time>
      </trkpt>
      <trkpt lat="23.063114" lon="113.275249">
        <time>2026-06-12T23:11:12Z</time>
      </trkpt>
      <trkpt lat="23.063028" lon="113.275385">
        <time>2026-06-12T23:11:17Z</time>
      </trkpt>
      <trkpt lat="23.062968" lon="113.275479">
        <time>2026-06-12T23:11:22Z</time>
      </trkpt>
      <trkpt lat="23.062865" lon="113.275612">
        <time>2026-06-12T23:11:27Z</time>
      </trkpt>
      <trkpt lat="23.06279" lon="113.275687">
        <time>2026-06-12T23:11:32Z</time>
      </trkpt>
      <trkpt lat="23.062673" lon="113.275801">
        <time>2026-06-12T23:11:37Z</time>
      </trkpt>
      <trkpt lat="23.0626" lon="113.275886">
        <time>2026-06-12T23:11:42Z</time>
      </trkpt>
      <trkpt lat="23.062509" lon="113.276022">
        <time>2026-06-12T23:11:47Z</time>
      </trkpt>
      <trkpt lat="23.062456" lon="113.276121">
        <time>2026-06-12T23:11:52Z</time>
      </trkpt>
      <trkpt lat="23.062389" lon="113.27628">
        <time>2026-06-12T23:11:57Z</time>
      </trkpt>
      <trkpt lat="23.062349" lon="113.276382">
        <time>2026-06-12T23:12:02Z</time>
      </trkpt>
      <trkpt lat="23.062292" lon="113.276535">
        <time>2026-06-12T23:12:07Z</time>
      </trkpt>
      <trkpt lat="23.062258" lon="113.276636">
        <time>2026-06-12T23:12:12Z</time>
      </trkpt>
      <trkpt lat="23.062206" lon="113.276778">
        <time>2026-06-12T23:12:17Z</time>
      </trkpt>
      <trkpt lat="23.062174" lon="113.276874">
        <time>2026-06-12T23:12:22Z</time>
      </trkpt>
      <trkpt lat="23.062124" lon="113.277019">
        <time>2026-06-12T23:12:27Z</time>
      </trkpt>
      <trkpt lat="23.062083" lon="113.277118">
        <time>2026-06-12T23:12:32Z</time>
      </trkpt>
      <trkpt lat="23.062027" lon="113.277267">
        <time>2026-06-12T23:12:37Z</time>
      </trkpt>
      <trkpt lat="23.061988" lon="113.277367">
        <time>2026-06-12T23:12:42Z</time>
      </trkpt>
      <trkpt lat="23.061931" lon="113.277512">
        <time>2026-06-12T23:12:47Z</time>
      </trkpt>
      <trkpt lat="23.061893" lon="113.277611">
        <time>2026-06-12T23:12:52Z</time>
      </trkpt>
      <trkpt lat="23.061851" lon="113.277764">
        <time>2026-06-12T23:12:57Z</time>
      </trkpt>
      <trkpt lat="23.061839" lon="113.27787">
        <time>2026-06-12T23:13:02Z</time>
      </trkpt>
      <trkpt lat="23.061842" lon="113.278024">
        <time>2026-06-12T23:13:07Z</time>
      </trkpt>
      <trkpt lat="23.061849" lon="113.278131">
        <time>2026-06-12T23:13:12Z</time>
      </trkpt>
      <trkpt lat="23.061858" lon="113.278293">
        <time>2026-06-12T23:13:17Z</time>
      </trkpt>
      <trkpt lat="23.061862" lon="113.278399">
        <time>2026-06-12T23:13:22Z</time>
      </trkpt>
      <trkpt lat="23.061865" lon="113.278559">
        <time>2026-06-12T23:13:27Z</time>
      </trkpt>
      <trkpt lat="23.061864" lon="113.278667">
        <time>2026-06-12T23:13:32Z</time>
      </trkpt>
      <trkpt lat="23.061818" lon="113.27882">
        <time>2026-06-12T23:13:37Z</time>
      </trkpt>
      <trkpt lat="23.061766" lon="113.278913">
        <time>2026-06-12T23:13:42Z</time>
      </trkpt>
      <trkpt lat="23.061682" lon="113.279051">
        <time>2026-06-12T23:13:47Z</time>
      </trkpt>
      <trkpt lat="23.061629" lon="113.279144">
        <time>2026-06-12T23:13:52Z</time>
      </trkpt>
      <trkpt lat="23.061568" lon="113.27929">
        <time>2026-06-12T23:13:57Z</time>
      </trkpt>
      <trkpt lat="23.061528" lon="113.279388">
        <time>2026-06-12T23:14:02Z</time>
      </trkpt>
      <trkpt lat="23.061468" lon="113.279532">
        <time>2026-06-12T23:14:07Z</time>
      </trkpt>
      <trkpt lat="23.061428" lon="113.279631">
        <time>2026-06-12T23:14:12Z</time>
      </trkpt>
      <trkpt lat="23.061366" lon="113.279785">
        <time>2026-06-12T23:14:17Z</time>
      </trkpt>
      <trkpt lat="23.061324" lon="113.279888">
        <time>2026-06-12T23:14:22Z</time>
      </trkpt>
      <trkpt lat="23.061259" lon="113.280046">
        <time>2026-06-12T23:14:27Z</time>
      </trkpt>
      <trkpt lat="23.061212" lon="113.28015">
        <time>2026-06-12T23:14:32Z</time>
      </trkpt>
      <trkpt lat="23.061144" lon="113.280308">
        <time>2026-06-12T23:14:37Z</time>
      </trkpt>
      <trkpt lat="23.061096" lon="113.28041">
        <time>2026-06-12T23:14:42Z</time>
      </trkpt>
      <trkpt lat="23.060998" lon="113.280546">
        <time>2026-06-12T23:14:47Z</time>
      </trkpt>
      <trkpt lat="23.06095" lon="113.280649">
        <time>2026-06-12T23:14:52Z</time>
      </trkpt>
      <trkpt lat="23.060897" lon="113.280805">
        <time>2026-06-12T23:14:57Z</time>
      </trkpt>
      <trkpt lat="23.060859" lon="113.280906">
        <time>2026-06-12T23:15:02Z</time>
      </trkpt>
      <trkpt lat="23.060797" lon="113.281053">
        <time>2026-06-12T23:15:07Z</time>
      </trkpt>
      <trkpt lat="23.060752" lon="113.281151">
        <time>2026-06-12T23:15:12Z</time>
      </trkpt>
      <trkpt lat="23.060688" lon="113.281298">
        <time>2026-06-12T23:15:17Z</time>
      </trkpt>
      <trkpt lat="23.06065" lon="113.281397">
        <time>2026-06-12T23:15:22Z</time>
      </trkpt>
      <trkpt lat="23.060592" lon="113.281544">
        <time>2026-06-12T23:15:27Z</time>
      </trkpt>
      <trkpt lat="23.060546" lon="113.281641">
        <time>2026-06-12T23:15:32Z</time>
      </trkpt>
      <trkpt lat="23.060477" lon="113.281791">
        <time>2026-06-12T23:15:37Z</time>
      </trkpt>
      <trkpt lat="23.060432" lon="113.281893">
        <time>2026-06-12T23:15:42Z</time>
      </trkpt>
      <trkpt lat="23.06036" lon="113.28204">
        <time>2026-06-12T23:15:47Z</time>
      </trkpt>
      <trkpt lat="23.060313" lon="113.282139">
        <time>2026-06-12T23:15:52Z</time>
      </trkpt>
      <trkpt lat="23.060251" lon="113.282282">
        <time>2026-06-12T23:15:57Z</time>
      </trkpt>
      <trkpt lat="23.060214" lon="113.282379">
        <time>2026-06-12T23:16:02Z</time>
      </trkpt>
      <trkpt lat="23.060155" lon="113.282521">
        <time>2026-06-12T23:16:07Z</time>
      </trkpt>
      <trkpt lat="23.060118" lon="113.282621">
        <time>2026-06-12T23:16:12Z</time>
      </trkpt>
      <trkpt lat="23.06006" lon="113.282764">
        <time>2026-06-12T23:16:17Z</time>
      </trkpt>
      <trkpt lat="23.060024" lon="113.282858">
        <time>2026-06-12T23:16:22Z</time>
      </trkpt>
      <trkpt lat="23.05997" lon="113.28301">
        <time>2026-06-12T23:16:27Z</time>
      </trkpt>
      <trkpt lat="23.059925" lon="113.283111">
        <time>2026-06-12T23:16:32Z</time>
      </trkpt>
      <trkpt lat="23.05985" lon="113.283256">
        <time>2026-06-12T23:16:37Z</time>
      </trkpt>
      <trkpt lat="23.059802" lon="113.283355">
        <time>2026-06-12T23:16:42Z</time>
      </trkpt>
      <trkpt lat="23.059732" lon="113.283504">
        <time>2026-06-12T23:16:47Z</time>
      </trkpt>
      <trkpt lat="23.059689" lon="113.283602">
        <time>2026-06-12T23:16:52Z</time>
      </trkpt>
      <trkpt lat="23.059621" lon="113.283745">
        <time>2026-06-12T23:16:57Z</time>
      </trkpt>
      <trkpt lat="23.059572" lon="113.283841">
        <time>2026-06-12T23:17:02Z</time>
      </trkpt>
      <trkpt lat="23.059518" lon="113.283995">
        <time>2026-06-12T23:17:07Z</time>
      </trkpt>
      <trkpt lat="23.05948" lon="113.284098">
        <time>2026-06-12T23:17:12Z</time>
      </trkpt>
      <trkpt lat="23.059425" lon="113.284264">
        <time>2026-06-12T23:17:17Z</time>
      </trkpt>
      <trkpt lat="23.059383" lon="113.284365">
        <time>2026-06-12T23:17:22Z</time>
      </trkpt>
      <trkpt lat="23.059316" lon="113.284515">
        <time>2026-06-12T23:17:27Z</time>
      </trkpt>
      <trkpt lat="23.059276" lon="113.28461">
        <time>2026-06-12T23:17:32Z</time>
      </trkpt>
      <trkpt lat="23.059222" lon="113.284759">
        <time>2026-06-12T23:17:37Z</time>
      </trkpt>
      <trkpt lat="23.059183" lon="113.284863">
        <time>2026-06-12T23:17:42Z</time>
      </trkpt>
      <trkpt lat="23.059127" lon="113.285014">
        <time>2026-06-12T23:17:47Z</time>
      </trkpt>
      <trkpt lat="23.059089" lon="113.285115">
        <time>2026-06-12T23:17:52Z</time>
      </trkpt>
      <trkpt lat="23.059021" lon="113.285264">
        <time>2026-06-12T23:17:57Z</time>
      </trkpt>
      <trkpt lat="23.058979" lon="113.285365">
        <time>2026-06-12T23:18:02Z</time>
      </trkpt>
      <trkpt lat="23.058911" lon="113.285513">
        <time>2026-06-12T23:18:07Z</time>
      </trkpt>
      <trkpt lat="23.058867" lon="113.285615">
        <time>2026-06-12T23:18:12Z</time>
      </trkpt>
      <trkpt lat="23.058796" lon="113.285763">
        <time>2026-06-12T23:18:17Z</time>
      </trkpt>
      <trkpt lat="23.058755" lon="113.285863">
        <time>2026-06-12T23:18:22Z</time>
      </trkpt>
      <trkpt lat="23.058693" lon="113.286013">
        <time>2026-06-12T23:18:27Z</time>
      </trkpt>
      <trkpt lat="23.058661" lon="113.286119">
        <time>2026-06-12T23:18:32Z</time>
      </trkpt>
      <trkpt lat="23.058667" lon="113.286285">
        <time>2026-06-12T23:18:37Z</time>
      </trkpt>
      <trkpt lat="23.058743" lon="113.286353">
        <time>2026-06-12T23:18:42Z</time>
      </trkpt>
      <trkpt lat="23.058894" lon="113.286378">
        <time>2026-06-12T23:18:47Z</time>
      </trkpt>
      <trkpt lat="23.058991" lon="113.286391">
        <time>2026-06-12T23:18:52Z</time>
      </trkpt>
      <trkpt lat="23.059144" lon="113.286412">
        <time>2026-06-12T23:18:57Z</time>
      </trkpt>
      <trkpt lat="23.059249" lon="113.286426">
        <time>2026-06-12T23:19:02Z</time>
      </trkpt>
      <trkpt lat="23.059401" lon="113.286444">
        <time>2026-06-12T23:19:07Z</time>
      </trkpt>
      <trkpt lat="23.0595" lon="113.286464">
        <time>2026-06-12T23:19:12Z</time>
      </trkpt>
      <trkpt lat="23.059645" lon="113.286484">
        <time>2026-06-12T23:19:17Z</time>
      </trkpt>
      <trkpt lat="23.05974" lon="113.286493">
        <time>2026-06-12T23:19:22Z</time>
      </trkpt>
      <trkpt lat="23.059881" lon="113.286499">
        <time>2026-06-12T23:19:27Z</time>
      </trkpt>
      <trkpt lat="23.059981" lon="113.286494">
        <time>2026-06-12T23:19:32Z</time>
      </trkpt>
      <trkpt lat="23.0601" lon="113.286569">
        <time>2026-06-12T23:19:37Z</time>
      </trkpt>
      <trkpt lat="23.060126" lon="113.286695">
        <time>2026-06-12T23:19:42Z</time>
      </trkpt>
      <trkpt lat="23.060139" lon="113.286894">
        <time>2026-06-12T23:19:47Z</time>
      </trkpt>
      <trkpt lat="23.06015" lon="113.287015">
        <time>2026-06-12T23:19:52Z</time>
      </trkpt>
      <trkpt lat="23.06018" lon="113.287188">
        <time>2026-06-12T23:19:57Z</time>
      </trkpt>
      <trkpt lat="23.060203" lon="113.287302">
        <time>2026-06-12T23:20:02Z</time>
      </trkpt>
      <trkpt lat="23.060231" lon="113.28748">
        <time>2026-06-12T23:20:07Z</time>
      </trkpt>
      <trkpt lat="23.060268" lon="113.287595">
        <time>2026-06-12T23:20:12Z</time>
      </trkpt>
      <trkpt lat="23.060275" lon="113.287766">
        <time>2026-06-12T23:20:17Z</time>
      </trkpt>
      <trkpt lat="23.060216" lon="113.28788">
        <time>2026-06-12T23:20:22Z</time>
      </trkpt>
      <trkpt lat="23.060283" lon="113.287895">
        <time>2026-06-12T23:20:27Z</time>
      </trkpt>
      <trkpt lat="23.060301" lon="113.287782">
        <time>2026-06-12T23:20:32Z</time>
      </trkpt>
      <trkpt lat="23.060296" lon="113.287613">
        <time>2026-06-12T23:20:37Z</time>
      </trkpt>
      <trkpt lat="23.060313" lon="113.287512">
        <time>2026-06-12T23:20:42Z</time>
      </trkpt>
      <trkpt lat="23.060283" lon="113.287326">
        <time>2026-06-12T23:20:47Z</time>
      </trkpt>
      <trkpt lat="23.060264" lon="113.287197">
        <time>2026-06-12T23:20:52Z</time>
      </trkpt>
      <trkpt lat="23.060235" lon="113.28702">
        <time>2026-06-12T23:20:57Z</time>
      </trkpt>
      <trkpt lat="23.060256" lon="113.286904">
        <time>2026-06-12T23:21:02Z</time>
      </trkpt>
      <trkpt lat="23.060254" lon="113.286736">
        <time>2026-06-12T23:21:07Z</time>
      </trkpt>
      <trkpt lat="23.060203" lon="113.286637">
        <time>2026-06-12T23:21:12Z</time>
      </trkpt>
      <trkpt lat="23.060249" lon="113.28651">
        <time>2026-06-12T23:21:17Z</time>
      </trkpt>
      <trkpt lat="23.060344" lon="113.286469">
        <time>2026-06-12T23:21:22Z</time>
      </trkpt>
      <trkpt lat="23.060505" lon="113.286502">
        <time>2026-06-12T23:21:27Z</time>
      </trkpt>
      <trkpt lat="23.060603" lon="113.28651">
        <time>2026-06-12T23:21:32Z</time>
      </trkpt>
      <trkpt lat="23.06073" lon="113.286542">
        <time>2026-06-12T23:21:37Z</time>
      </trkpt>
      <trkpt lat="23.060829" lon="113.286555">
        <time>2026-06-12T23:21:42Z</time>
      </trkpt>
      <trkpt lat="23.060988" lon="113.286552">
        <time>2026-06-12T23:21:47Z</time>
      </trkpt>
      <trkpt lat="23.061102" lon="113.286535">
        <time>2026-06-12T23:21:52Z</time>
      </trkpt>
      <trkpt lat="23.061259" lon="113.286528">
        <time>2026-06-12T23:21:57Z</time>
      </trkpt>
      <trkpt lat="23.061346" lon="113.286536">
        <time>2026-06-12T23:22:02Z</time>
      </trkpt>
      <trkpt lat="23.061483" lon="113.286546">
        <time>2026-06-12T23:22:07Z</time>
      </trkpt>
      <trkpt lat="23.061588" lon="113.286533">
        <time>2026-06-12T23:22:12Z</time>
      </trkpt>
      <trkpt lat="23.061747" lon="113.286513">
        <time>2026-06-12T23:22:17Z</time>
      </trkpt>
      <trkpt lat="23.061841" lon="113.286503">
        <time>2026-06-12T23:22:22Z</time>
      </trkpt>
      <trkpt lat="23.06196" lon="113.286499">
        <time>2026-06-12T23:22:27Z</time>
      </trkpt>
      <trkpt lat="23.061981" lon="113.286441">
        <time>2026-06-12T23:22:32Z</time>
      </trkpt>
      <trkpt lat="23.061998" lon="113.28627">
        <time>2026-06-12T23:22:37Z</time>
      </trkpt>
      <trkpt lat="23.061998" lon="113.286159">
        <time>2026-06-12T23:22:42Z</time>
      </trkpt>
      <trkpt lat="23.061988" lon="113.286005">
        <time>2026-06-12T23:22:47Z</time>
      </trkpt>
      <trkpt lat="23.06198" lon="113.285914">
        <time>2026-06-12T23:22:52Z</time>
      </trkpt>
      <trkpt lat="23.061957" lon="113.28578">
        <time>2026-06-12T23:22:57Z</time>
      </trkpt>
      <trkpt lat="23.061941" lon="113.285665">
        <time>2026-06-12T23:23:02Z</time>
      </trkpt>
      <trkpt lat="23.061933" lon="113.285492">
        <time>2026-06-12T23:23:07Z</time>
      </trkpt>
      <trkpt lat="23.061957" lon="113.285397">
        <time>2026-06-12T23:23:12Z</time>
      </trkpt>
      <trkpt lat="23.06202" lon="113.28525">
        <time>2026-06-12T23:23:17Z</time>
      </trkpt>
      <trkpt lat="23.062051" lon="113.285139">
        <time>2026-06-12T23:23:22Z</time>
      </trkpt>
      <trkpt lat="23.062052" lon="113.284971">
        <time>2026-06-12T23:23:27Z</time>
      </trkpt>
      <trkpt lat="23.062051" lon="113.284857">
        <time>2026-06-12T23:23:32Z</time>
      </trkpt>
      <trkpt lat="23.062049" lon="113.284678">
        <time>2026-06-12T23:23:37Z</time>
      </trkpt>
      <trkpt lat="23.062048" lon="113.284557">
        <time>2026-06-12T23:23:42Z</time>
      </trkpt>
      <trkpt lat="23.062057" lon="113.284383">
        <time>2026-06-12T23:23:47Z</time>
      </trkpt>
      <trkpt lat="23.062067" lon="113.284273">
        <time>2026-06-12T23:23:52Z</time>
      </trkpt>
      <trkpt lat="23.062074" lon="113.284111">
        <time>2026-06-12T23:23:57Z</time>
      </trkpt>
      <trkpt lat="23.062088" lon="113.283997">
        <time>2026-06-12T23:24:02Z</time>
      </trkpt>
      <trkpt lat="23.062153" lon="113.283829">
        <time>2026-06-12T23:24:07Z</time>
      </trkpt>
      <trkpt lat="23.062173" lon="113.283725">
        <time>2026-06-12T23:24:12Z</time>
      </trkpt>
      <trkpt lat="23.062151" lon="113.283582">
        <time>2026-06-12T23:24:17Z</time>
      </trkpt>
      <trkpt lat="23.062116" lon="113.283495">
        <time>2026-06-12T23:24:22Z</time>
      </trkpt>
      <trkpt lat="23.062068" lon="113.283361">
        <time>2026-06-12T23:24:27Z</time>
      </trkpt>
      <trkpt lat="23.062079" lon="113.283239">
        <time>2026-06-12T23:24:32Z</time>
      </trkpt>
      <trkpt lat="23.062131" lon="113.28304">
        <time>2026-06-12T23:24:37Z</time>
      </trkpt>
      <trkpt lat="23.062151" lon="113.282919">
        <time>2026-06-12T23:24:42Z</time>
      </trkpt>
      <trkpt lat="23.062174" lon="113.282748">
        <time>2026-06-12T23:24:47Z</time>
      </trkpt>
      <trkpt lat="23.062177" lon="113.282638">
        <time>2026-06-12T23:24:52Z</time>
      </trkpt>
      <trkpt lat="23.062175" lon="113.282476">
        <time>2026-06-12T23:24:57Z</time>
      </trkpt>
      <trkpt lat="23.062186" lon="113.282369">
        <time>2026-06-12T23:25:02Z</time>
      </trkpt>
      <trkpt lat="23.062175" lon="113.282202">
        <time>2026-06-12T23:25:07Z</time>
      </trkpt>
      <trkpt lat="23.062098" lon="113.282139">
        <time>2026-06-12T23:25:12Z</time>
      </trkpt>
      <trkpt lat="23.061944" lon="113.282136">
        <time>2026-06-12T23:25:17Z</time>
      </trkpt>
      <trkpt lat="23.06184" lon="113.282148">
        <time>2026-06-12T23:25:22Z</time>
      </trkpt>
      <trkpt lat="23.061689" lon="113.282174">
        <time>2026-06-12T23:25:27Z</time>
      </trkpt>
      <trkpt lat="23.061593" lon="113.282209">
        <time>2026-06-12T23:25:32Z</time>
      </trkpt>
      <trkpt lat="23.061457" lon="113.28226">
        <time>2026-06-12T23:25:37Z</time>
      </trkpt>
      <trkpt lat="23.061361" lon="113.282279">
        <time>2026-06-12T23:25:42Z</time>
      </trkpt>
      <trkpt lat="23.061219" lon="113.282305">
        <time>2026-06-12T23:25:47Z</time>
      </trkpt>
      <trkpt lat="23.061126" lon="113.282325">
        <time>2026-06-12T23:25:52Z</time>
      </trkpt>
      <trkpt lat="23.06098" lon="113.28234">
        <time>2026-06-12T23:25:57Z</time>
      </trkpt>
      <trkpt lat="23.060874" lon="113.282351">
        <time>2026-06-12T23:26:02Z</time>
      </trkpt>
      <trkpt lat="23.0607" lon="113.282328">
        <time>2026-06-12T23:26:07Z</time>
      </trkpt>
      <trkpt lat="23.06058" lon="113.282256">
        <time>2026-06-12T23:26:12Z</time>
      </trkpt>
      <trkpt lat="23.060467" lon="113.282321">
        <time>2026-06-12T23:26:17Z</time>
      </trkpt>
      <trkpt lat="23.060427" lon="113.282432">
        <time>2026-06-12T23:26:22Z</time>
      </trkpt>
      <trkpt lat="23.060372" lon="113.282594">
        <time>2026-06-12T23:26:27Z</time>
      </trkpt>
      <trkpt lat="23.060335" lon="113.282692">
        <time>2026-06-12T23:26:32Z</time>
      </trkpt>
      <trkpt lat="23.060275" lon="113.282835">
        <time>2026-06-12T23:26:37Z</time>
      </trkpt>
      <trkpt lat="23.060244" lon="113.282927">
        <time>2026-06-12T23:26:42Z</time>
      </trkpt>
      <trkpt lat="23.060203" lon="113.283072">
        <time>2026-06-12T23:26:47Z</time>
      </trkpt>
      <trkpt lat="23.060166" lon="113.283175">
        <time>2026-06-12T23:26:52Z</time>
      </trkpt>
      <trkpt lat="23.060103" lon="113.283329">
        <time>2026-06-12T23:26:57Z</time>
      </trkpt>
      <trkpt lat="23.060049" lon="113.283422">
        <time>2026-06-12T23:27:02Z</time>
      </trkpt>
      <trkpt lat="23.059931" lon="113.283473">
        <time>2026-06-12T23:27:07Z</time>
      </trkpt>
      <trkpt lat="23.059933" lon="113.283378">
        <time>2026-06-12T23:27:12Z</time>
      </trkpt>
      <trkpt lat="23.060012" lon="113.283223">
        <time>2026-06-12T23:27:17Z</time>
      </trkpt>
      <trkpt lat="23.060063" lon="113.283128">
        <time>2026-06-12T23:27:22Z</time>
      </trkpt>
      <trkpt lat="23.060133" lon="113.282981">
        <time>2026-06-12T23:27:27Z</time>
      </trkpt>
      <trkpt lat="23.060176" lon="113.282881">
        <time>2026-06-12T23:27:32Z</time>
      </trkpt>
      <trkpt lat="23.060233" lon="113.282732">
        <time>2026-06-12T23:27:37Z</time>
      </trkpt>
      <trkpt lat="23.060269" lon="113.282632">
        <time>2026-06-12T23:27:42Z</time>
      </trkpt>
      <trkpt lat="23.060332" lon="113.282488">
        <time>2026-06-12T23:27:47Z</time>
      </trkpt>
      <trkpt lat="23.060371" lon="113.282392">
        <time>2026-06-12T23:27:52Z</time>
      </trkpt>
      <trkpt lat="23.060432" lon="113.282249">
        <time>2026-06-12T23:27:57Z</time>
      </trkpt>
      <trkpt lat="23.060471" lon="113.282152">
        <time>2026-06-12T23:28:02Z</time>
      </trkpt>
      <trkpt lat="23.060531" lon="113.282008">
        <time>2026-06-12T23:28:07Z</time>
      </trkpt>
      <trkpt lat="23.060568" lon="113.28191">
        <time>2026-06-12T23:28:12Z</time>
      </trkpt>
      <trkpt lat="23.060623" lon="113.281768">
        <time>2026-06-12T23:28:17Z</time>
      </trkpt>
      <trkpt lat="23.060664" lon="113.281673">
        <time>2026-06-12T23:28:22Z</time>
      </trkpt>
      <trkpt lat="23.060732" lon="113.28153">
        <time>2026-06-12T23:28:27Z</time>
      </trkpt>
      <trkpt lat="23.060775" lon="113.281434">
        <time>2026-06-12T23:28:32Z</time>
      </trkpt>
      <trkpt lat="23.060845" lon="113.281293">
        <time>2026-06-12T23:28:37Z</time>
      </trkpt>
      <trkpt lat="23.060888" lon="113.281199">
        <time>2026-06-12T23:28:42Z</time>
      </trkpt>
      <trkpt lat="23.060943" lon="113.281051">
        <time>2026-06-12T23:28:47Z</time>
      </trkpt>
      <trkpt lat="23.060982" lon="113.280952">
        <time>2026-06-12T23:28:52Z</time>
      </trkpt>
      <trkpt lat="23.061042" lon="113.280811">
        <time>2026-06-12T23:28:57Z</time>
      </trkpt>
      <trkpt lat="23.06109" lon="113.280717">
        <time>2026-06-12T23:29:02Z</time>
      </trkpt>
      <trkpt lat="23.061165" lon="113.280565">
        <time>2026-06-12T23:29:07Z</time>
      </trkpt>
      <trkpt lat="23.061206" lon="113.280464">
        <time>2026-06-12T23:29:12Z</time>
      </trkpt>
      <trkpt lat="23.061267" lon="113.280317">
        <time>2026-06-12T23:29:17Z</time>
      </trkpt>
      <trkpt lat="23.061303" lon="113.28022">
        <time>2026-06-12T23:29:22Z</time>
      </trkpt>
      <trkpt lat="23.061364" lon="113.280083">
        <time>2026-06-12T23:29:27Z</time>
      </trkpt>
      <trkpt lat="23.061398" lon="113.279987">
        <time>2026-06-12T23:29:32Z</time>
      </trkpt>
      <trkpt lat="23.061458" lon="113.279841">
        <time>2026-06-12T23:29:37Z</time>
      </trkpt>
      <trkpt lat="23.061499" lon="113.279744">
        <time>2026-06-12T23:29:42Z</time>
      </trkpt>
      <trkpt lat="23.06156" lon="113.279596">
        <time>2026-06-12T23:29:47Z</time>
      </trkpt>
      <trkpt lat="23.061597" lon="113.279499">
        <time>2026-06-12T23:29:52Z</time>
      </trkpt>
      <trkpt lat="23.061652" lon="113.27936">
        <time>2026-06-12T23:29:57Z</time>
      </trkpt>
      <trkpt lat="23.061691" lon="113.27927">
        <time>2026-06-12T23:30:02Z</time>
      </trkpt>
      <trkpt lat="23.061756" lon="113.279134">
        <time>2026-06-12T23:30:07Z</time>
      </trkpt>
      <trkpt lat="23.06181" lon="113.27905">
        <time>2026-06-12T23:30:12Z</time>
      </trkpt>
      <trkpt lat="23.061898" lon="113.278928">
        <time>2026-06-12T23:30:17Z</time>
      </trkpt>
      <trkpt lat="23.06195" lon="113.278837">
        <time>2026-06-12T23:30:22Z</time>
      </trkpt>
      <trkpt lat="23.061976" lon="113.27868">
        <time>2026-06-12T23:30:27Z</time>
      </trkpt>
      <trkpt lat="23.061972" lon="113.278568">
        <time>2026-06-12T23:30:32Z</time>
      </trkpt>
      <trkpt lat="23.061958" lon="113.278406">
        <time>2026-06-12T23:30:37Z</time>
      </trkpt>
      <trkpt lat="23.061952" lon="113.278296">
        <time>2026-06-12T23:30:42Z</time>
      </trkpt>
      <trkpt lat="23.061946" lon="113.278133">
        <time>2026-06-12T23:30:47Z</time>
      </trkpt>
      <trkpt lat="23.061939" lon="113.278025">
        <time>2026-06-12T23:30:52Z</time>
      </trkpt>
      <trkpt lat="23.061933" lon="113.277866">
        <time>2026-06-12T23:30:57Z</time>
      </trkpt>
      <trkpt lat="23.061948" lon="113.277768">
        <time>2026-06-12T23:31:02Z</time>
      </trkpt>
      <trkpt lat="23.061997" lon="113.277624">
        <time>2026-06-12T23:31:07Z</time>
      </trkpt>
      <trkpt lat="23.062031" lon="113.277526">
        <time>2026-06-12T23:31:12Z</time>
      </trkpt>
      <trkpt lat="23.062082" lon="113.277378">
        <time>2026-06-12T23:31:17Z</time>
      </trkpt>
      <trkpt lat="23.062113" lon="113.277282">
        <time>2026-06-12T23:31:22Z</time>
      </trkpt>
      <trkpt lat="23.062161" lon="113.277137">
        <time>2026-06-12T23:31:27Z</time>
      </trkpt>
      <trkpt lat="23.062205" lon="113.277041">
        <time>2026-06-12T23:31:32Z</time>
      </trkpt>
      <trkpt lat="23.06226" lon="113.276895">
        <time>2026-06-12T23:31:37Z</time>
      </trkpt>
      <trkpt lat="23.062294" lon="113.276797">
        <time>2026-06-12T23:31:42Z</time>
      </trkpt>
      <trkpt lat="23.062344" lon="113.276652">
        <time>2026-06-12T23:31:47Z</time>
      </trkpt>
      <trkpt lat="23.06238" lon="113.276555">
        <time>2026-06-12T23:31:52Z</time>
      </trkpt>
      <trkpt lat="23.062436" lon="113.27641">
        <time>2026-06-12T23:31:57Z</time>
      </trkpt>
      <trkpt lat="23.062473" lon="113.276312">
        <time>2026-06-12T23:32:02Z</time>
      </trkpt>
      <trkpt lat="23.062538" lon="113.276164">
        <time>2026-06-12T23:32:07Z</time>
      </trkpt>
      <trkpt lat="23.062585" lon="113.276071">
        <time>2026-06-12T23:32:12Z</time>
      </trkpt>
      <trkpt lat="23.062676" lon="113.275943">
        <time>2026-06-12T23:32:17Z</time>
      </trkpt>
      <trkpt lat="23.06275" lon="113.275863">
        <time>2026-06-12T23:32:22Z</time>
      </trkpt>
      <trkpt lat="23.062865" lon="113.275753">
        <time>2026-06-12T23:32:27Z</time>
      </trkpt>
      <trkpt lat="23.062939" lon="113.275682">
        <time>2026-06-12T23:32:32Z</time>
      </trkpt>
      <trkpt lat="23.06304" lon="113.275566">
        <time>2026-06-12T23:32:37Z</time>
      </trkpt>
      <trkpt lat="23.063098" lon="113.27548">
        <time>2026-06-12T23:32:42Z</time>
      </trkpt>
      <trkpt lat="23.063175" lon="113.275341">
        <time>2026-06-12T23:32:47Z</time>
      </trkpt>
      <trkpt lat="23.063235" lon="113.27525">
        <time>2026-06-12T23:32:52Z</time>
      </trkpt>
      <trkpt lat="23.063339" lon="113.275124">
        <time>2026-06-12T23:32:57Z</time>
      </trkpt>
      <trkpt lat="23.06339" lon="113.27503">
        <time>2026-06-12T23:33:02Z</time>
      </trkpt>
      <trkpt lat="23.063434" lon="113.274877">
        <time>2026-06-12T23:33:07Z</time>
      </trkpt>
      <trkpt lat="23.063461" lon="113.274778">
        <time>2026-06-12T23:33:12Z</time>
      </trkpt>
      <trkpt lat="23.063507" lon="113.274633">
        <time>2026-06-12T23:33:17Z</time>
      </trkpt>
      <trkpt lat="23.063524" lon="113.274531">
        <time>2026-06-12T23:33:22Z</time>
      </trkpt>
      <trkpt lat="23.063577" lon="113.274385">
        <time>2026-06-12T23:33:27Z</time>
      </trkpt>
      <trkpt lat="23.063642" lon="113.274306">
        <time>2026-06-12T23:33:32Z</time>
      </trkpt>
      <trkpt lat="23.06375" lon="113.274196">
        <time>2026-06-12T23:33:37Z</time>
      </trkpt>
      <trkpt lat="23.063821" lon="113.274116">
        <time>2026-06-12T23:33:42Z</time>
      </trkpt>
      <trkpt lat="23.063898" lon="113.273985">
        <time>2026-06-12T23:33:47Z</time>
      </trkpt>
      <trkpt lat="23.063954" lon="113.273893">
        <time>2026-06-12T23:33:52Z</time>
      </trkpt>
      <trkpt lat="23.064046" lon="113.273762">
        <time>2026-06-12T23:33:57Z</time>
      </trkpt>
      <trkpt lat="23.064121" lon="113.273691">
        <time>2026-06-12T23:34:02Z</time>
      </trkpt>
      <trkpt lat="23.064241" lon="113.273603">
        <time>2026-06-12T23:34:07Z</time>
      </trkpt>
      <trkpt lat="23.064322" lon="113.273542">
        <time>2026-06-12T23:34:12Z</time>
      </trkpt>
      <trkpt lat="23.064439" lon="113.273442">
        <time>2026-06-12T23:34:17Z</time>
      </trkpt>
      <trkpt lat="23.064507" lon="113.273368">
        <time>2026-06-12T23:34:22Z</time>
      </trkpt>
      <trkpt lat="23.064582" lon="113.273223">
        <time>2026-06-12T23:34:27Z</time>
      </trkpt>
      <trkpt lat="23.064587" lon="113.27311">
        <time>2026-06-12T23:34:32Z</time>
      </trkpt>
      <trkpt lat="23.064541" lon="113.272941">
        <time>2026-06-12T23:34:37Z</time>
      </trkpt>
      <trkpt lat="23.064505" lon="113.272834">
        <time>2026-06-12T23:34:42Z</time>
      </trkpt>
      <trkpt lat="23.064459" lon="113.272674">
        <time>2026-06-12T23:34:47Z</time>
      </trkpt>
      <trkpt lat="23.064456" lon="113.272567">
        <time>2026-06-12T23:34:52Z</time>
      </trkpt>
      <trkpt lat="23.064544" lon="113.272452">
        <time>2026-06-12T23:34:57Z</time>
      </trkpt>
      <trkpt lat="23.064636" lon="113.27247">
        <time>2026-06-12T23:35:02Z</time>
      </trkpt>
      <trkpt lat="23.064785" lon="113.272533">
        <time>2026-06-12T23:35:07Z</time>
      </trkpt>
      <trkpt lat="23.064884" lon="113.272568">
        <time>2026-06-12T23:35:12Z</time>
      </trkpt>
      <trkpt lat="23.065027" lon="113.272621">
        <time>2026-06-12T23:35:17Z</time>
      </trkpt>
      <trkpt lat="23.065114" lon="113.27265">
        <time>2026-06-12T23:35:22Z</time>
      </trkpt>
      <trkpt lat="23.065255" lon="113.272696">
        <time>2026-06-12T23:35:27Z</time>
      </trkpt>
      <trkpt lat="23.065347" lon="113.272725">
        <time>2026-06-12T23:35:32Z</time>
      </trkpt>
      <trkpt lat="23.065487" lon="113.272759">
        <time>2026-06-12T23:35:37Z</time>
      </trkpt>
      <trkpt lat="23.065589" lon="113.272781">
        <time>2026-06-12T23:35:42Z</time>
      </trkpt>
      <trkpt lat="23.065751" lon="113.27283">
        <time>2026-06-12T23:35:47Z</time>
      </trkpt>
      <trkpt lat="23.06586" lon="113.272851">
        <time>2026-06-12T23:35:52Z</time>
      </trkpt>
      <trkpt lat="23.066016" lon="113.27285">
        <time>2026-06-12T23:35:57Z</time>
      </trkpt>
      <trkpt lat="23.066118" lon="113.272833">
        <time>2026-06-12T23:36:02Z</time>
      </trkpt>
      <trkpt lat="23.066259" lon="113.272794">
        <time>2026-06-12T23:36:07Z</time>
      </trkpt>
      <trkpt lat="23.06635" lon="113.272754">
        <time>2026-06-12T23:36:12Z</time>
      </trkpt>
      <trkpt lat="23.066483" lon="113.272707">
        <time>2026-06-12T23:36:17Z</time>
      </trkpt>
      <trkpt lat="23.066579" lon="113.27273">
        <time>2026-06-12T23:36:22Z</time>
      </trkpt>
      <trkpt lat="23.066718" lon="113.272711">
        <time>2026-06-12T23:36:27Z</time>
      </trkpt>
      <trkpt lat="23.066809" lon="113.272674">
        <time>2026-06-12T23:36:32Z</time>
      </trkpt>
      <trkpt lat="23.066948" lon="113.272626">
        <time>2026-06-12T23:36:37Z</time>
      </trkpt>
      <trkpt lat="23.067022" lon="113.272569">
        <time>2026-06-12T23:36:42Z</time>
      </trkpt>
      <trkpt lat="23.067127" lon="113.272482">
        <time>2026-06-12T23:36:47Z</time>
      </trkpt>
      <trkpt lat="23.067202" lon="113.272422">
        <time>2026-06-12T23:36:52Z</time>
      </trkpt>
      <trkpt lat="23.067316" lon="113.272318">
        <time>2026-06-12T23:36:57Z</time>
      </trkpt>
      <trkpt lat="23.067397" lon="113.27225">
        <time>2026-06-12T23:37:02Z</time>
      </trkpt>
      <trkpt lat="23.067518" lon="113.272148">
        <time>2026-06-12T23:37:07Z</time>
      </trkpt>
      <trkpt lat="23.067602" lon="113.272089">
        <time>2026-06-12T23:37:12Z</time>
      </trkpt>
      <trkpt lat="23.067719" lon="113.272">
        <time>2026-06-12T23:37:17Z</time>
      </trkpt>
      <trkpt lat="23.067794" lon="113.271942">
        <time>2026-06-12T23:37:22Z</time>
      </trkpt>
      <trkpt lat="23.0679" lon="113.271847">
        <time>2026-06-12T23:37:27Z</time>
      </trkpt>
      <trkpt lat="23.067908" lon="113.271755">
        <time>2026-06-12T23:37:32Z</time>
      </trkpt>
      <trkpt lat="23.067824" lon="113.271615">
        <time>2026-06-12T23:37:37Z</time>
      </trkpt>
      <trkpt lat="23.067767" lon="113.271519">
        <time>2026-06-12T23:37:42Z</time>
      </trkpt>
      <trkpt lat="23.067702" lon="113.271365">
        <time>2026-06-12T23:37:47Z</time>
      </trkpt>
      <trkpt lat="23.067663" lon="113.271268">
        <time>2026-06-12T23:37:52Z</time>
      </trkpt>
      <trkpt lat="23.067624" lon="113.271131">
        <time>2026-06-12T23:37:57Z</time>
      </trkpt>
      <trkpt lat="23.067605" lon="113.271032">
        <time>2026-06-12T23:38:02Z</time>
      </trkpt>
      <trkpt lat="23.067571" lon="113.270868">
        <time>2026-06-12T23:38:07Z</time>
      </trkpt>
      <trkpt lat="23.067541" lon="113.270774">
        <time>2026-06-12T23:38:12Z</time>
      </trkpt>
      <trkpt lat="23.067494" lon="113.270678">
        <time>2026-06-12T23:38:17Z</time>
      </trkpt>
      <trkpt lat="23.067504" lon="113.270743">
        <time>2026-06-12T23:38:22Z</time>
      </trkpt>
      <trkpt lat="23.067558" lon="113.270882">
        <time>2026-06-12T23:38:27Z</time>
      </trkpt>
      <trkpt lat="23.067593" lon="113.270981">
        <time>2026-06-12T23:38:32Z</time>
      </trkpt>
      <trkpt lat="23.067633" lon="113.271131">
        <time>2026-06-12T23:38:37Z</time>
      </trkpt>
      <trkpt lat="23.067644" lon="113.271243">
        <time>2026-06-12T23:38:42Z</time>
      </trkpt>
      <trkpt lat="23.067657" lon="113.271409">
        <time>2026-06-12T23:38:47Z</time>
      </trkpt>
      <trkpt lat="23.06768" lon="113.271507">
        <time>2026-06-12T23:38:52Z</time>
      </trkpt>
      <trkpt lat="23.067735" lon="113.271643">
        <time>2026-06-12T23:38:57Z</time>
      </trkpt>
      <trkpt lat="23.067771" lon="113.27173">
        <time>2026-06-12T23:39:02Z</time>
      </trkpt>
      <trkpt lat="23.067797" lon="113.271839">
        <time>2026-06-12T23:39:07Z</time>
      </trkpt>
      <trkpt lat="23.067737" lon="113.271901">
        <time>2026-06-12T23:39:12Z</time>
      </trkpt>
      <trkpt lat="23.067608" lon="113.271977">
        <time>2026-06-12T23:39:17Z</time>
      </trkpt>
      <trkpt lat="23.067521" lon="113.272026">
        <time>2026-06-12T23:39:22Z</time>
      </trkpt>
      <trkpt lat="23.0674" lon="113.272118">
        <time>2026-06-12T23:39:27Z</time>
      </trkpt>
      <trkpt lat="23.067317" lon="113.272175">
        <time>2026-06-12T23:39:32Z</time>
      </trkpt>
      <trkpt lat="23.067203" lon="113.272273">
        <time>2026-06-12T23:39:37Z</time>
      </trkpt>
      <trkpt lat="23.067115" lon="113.272326">
        <time>2026-06-12T23:39:42Z</time>
      </trkpt>
      <trkpt lat="23.066986" lon="113.272409">
        <time>2026-06-12T23:39:47Z</time>
      </trkpt>
      <trkpt lat="23.066895" lon="113.272466">
        <time>2026-06-12T23:39:52Z</time>
      </trkpt>
      <trkpt lat="23.066768" lon="113.272561">
        <time>2026-06-12T23:39:57Z</time>
      </trkpt>
      <trkpt lat="23.066689" lon="113.272615">
        <time>2026-06-12T23:40:02Z</time>
      </trkpt>
      <trkpt lat="23.066565" lon="113.272658">
        <time>2026-06-12T23:40:07Z</time>
      </trkpt>
      <trkpt lat="23.066489" lon="113.272631">
        <time>2026-06-12T23:40:12Z</time>
      </trkpt>
      <trkpt lat="23.066423" lon="113.272508">
        <time>2026-06-12T23:40:17Z</time>
      </trkpt>
      <trkpt lat="23.066414" lon="113.272407">
        <time>2026-06-12T23:40:22Z</time>
      </trkpt>
      <trkpt lat="23.06641" lon="113.272253">
        <time>2026-06-12T23:40:27Z</time>
      </trkpt>
      <trkpt lat="23.066404" lon="113.272145">
        <time>2026-06-12T23:40:32Z</time>
      </trkpt>
      <trkpt lat="23.066418" lon="113.271986">
        <time>2026-06-12T23:40:37Z</time>
      </trkpt>
      <trkpt lat="23.06643" lon="113.271877">
        <time>2026-06-12T23:40:42Z</time>
      </trkpt>
      <trkpt lat="23.066424" lon="113.271711">
        <time>2026-06-12T23:40:47Z</time>
      </trkpt>
      <trkpt lat="23.066413" lon="113.271606">
        <time>2026-06-12T23:40:52Z</time>
      </trkpt>
      <trkpt lat="23.066385" lon="113.271456">
        <time>2026-06-12T23:40:57Z</time>
      </trkpt>
      <trkpt lat="23.066296" lon="113.2714">
        <time>2026-06-12T23:41:02Z</time>
      </trkpt>
      <trkpt lat="23.066148" lon="113.271362">
        <time>2026-06-12T23:41:07Z</time>
      </trkpt>
      <trkpt lat="23.066051" lon="113.27134">
        <time>2026-06-12T23:41:12Z</time>
      </trkpt>
      <trkpt lat="23.065908" lon="113.271304">
        <time>2026-06-12T23:41:17Z</time>
      </trkpt>
      <trkpt lat="23.065816" lon="113.271262">
        <time>2026-06-12T23:41:22Z</time>
      </trkpt>
      <trkpt lat="23.065681" lon="113.27122">
        <time>2026-06-12T23:41:27Z</time>
      </trkpt>
      <trkpt lat="23.065592" lon="113.271201">
        <time>2026-06-12T23:41:32Z</time>
      </trkpt>
      <trkpt lat="23.065458" lon="113.271166">
        <time>2026-06-12T23:41:37Z</time>
      </trkpt>
      <trkpt lat="23.065367" lon="113.271136">
        <time>2026-06-12T23:41:42Z</time>
      </trkpt>
      <trkpt lat="23.065224" lon="113.271052">
        <time>2026-06-12T23:41:47Z</time>
      </trkpt>
      <trkpt lat="23.065163" lon="113.270956">
        <time>2026-06-12T23:41:52Z</time>
      </trkpt>
      <trkpt lat="23.065183" lon="113.270793">
        <time>2026-06-12T23:41:57Z</time>
      </trkpt>
      <trkpt lat="23.065234" lon="113.270695">
        <time>2026-06-12T23:42:02Z</time>
      </trkpt>
      <trkpt lat="23.065305" lon="113.270553">
        <time>2026-06-12T23:42:07Z</time>
      </trkpt>
      <trkpt lat="23.06535" lon="113.270459">
        <time>2026-06-12T23:42:12Z</time>
      </trkpt>
      <trkpt lat="23.065411" lon="113.270323">
        <time>2026-06-12T23:42:17Z</time>
      </trkpt>
      <trkpt lat="23.065455" lon="113.270233">
        <time>2026-06-12T23:42:22Z</time>
      </trkpt>
      <trkpt lat="23.065512" lon="113.270094">
        <time>2026-06-12T23:42:27Z</time>
      </trkpt>
      <trkpt lat="23.065545" lon="113.269991">
        <time>2026-06-12T23:42:32Z</time>
      </trkpt>
      <trkpt lat="23.065589" lon="113.26984">
        <time>2026-06-12T23:42:37Z</time>
      </trkpt>
      <trkpt lat="23.065621" lon="113.26974">
        <time>2026-06-12T23:42:42Z</time>
      </trkpt>
      <trkpt lat="23.065672" lon="113.269582">
        <time>2026-06-12T23:42:47Z</time>
      </trkpt>
      <trkpt lat="23.065703" lon="113.269477">
        <time>2026-06-12T23:42:52Z</time>
      </trkpt>
      <trkpt lat="23.065754" lon="113.269317">
        <time>2026-06-12T23:42:57Z</time>
      </trkpt>
      <trkpt lat="23.065784" lon="113.269211">
        <time>2026-06-12T23:43:02Z</time>
      </trkpt>
      <trkpt lat="23.065831" lon="113.269063">
        <time>2026-06-12T23:43:07Z</time>
      </trkpt>
      <trkpt lat="23.065869" lon="113.268963">
        <time>2026-06-12T23:43:12Z</time>
      </trkpt>
      <trkpt lat="23.065935" lon="113.268819">
        <time>2026-06-12T23:43:17Z</time>
      </trkpt>
      <trkpt lat="23.065981" lon="113.268729">
        <time>2026-06-12T23:43:22Z</time>
      </trkpt>
      <trkpt lat="23.066053" lon="113.268597">
        <time>2026-06-12T23:43:27Z</time>
      </trkpt>
      <trkpt lat="23.066104" lon="113.268507">
        <time>2026-06-12T23:43:32Z</time>
      </trkpt>
      <trkpt lat="23.066196" lon="113.268369">
        <time>2026-06-12T23:43:37Z</time>
      </trkpt>
      <trkpt lat="23.066263" lon="113.268279">
        <time>2026-06-12T23:43:42Z</time>
      </trkpt>
      <trkpt lat="23.066385" lon="113.268167">
        <time>2026-06-12T23:43:47Z</time>
      </trkpt>
      <trkpt lat="23.066485" lon="113.268134">
        <time>2026-06-12T23:43:52Z</time>
      </trkpt>
      <trkpt lat="23.066637" lon="113.268148">
        <time>2026-06-12T23:43:57Z</time>
      </trkpt>
      <trkpt lat="23.066744" lon="113.268167">
        <time>2026-06-12T23:44:02Z</time>
      </trkpt>
      <trkpt lat="23.066899" lon="113.268178">
        <time>2026-06-12T23:44:07Z</time>
      </trkpt>
      <trkpt lat="23.066996" lon="113.268183">
        <time>2026-06-12T23:44:12Z</time>
      </trkpt>
      <trkpt lat="23.067123" lon="113.268231">
        <time>2026-06-12T23:44:17Z</time>
      </trkpt>
      <trkpt lat="23.067184" lon="113.268253">
        <time>2026-06-12T23:44:22Z</time>
      </trkpt>
      <trkpt lat="23.067114" lon="113.268188">
        <time>2026-06-12T23:44:27Z</time>
      </trkpt>
      <trkpt lat="23.067015" lon="113.26814">
        <time>2026-06-12T23:44:32Z</time>
      </trkpt>
      <trkpt lat="23.066861" lon="113.268066">
        <time>2026-06-12T23:44:37Z</time>
      </trkpt>
      <trkpt lat="23.066756" lon="113.26804">
        <time>2026-06-12T23:44:42Z</time>
      </trkpt>
      <trkpt lat="23.066601" lon="113.268015">
        <time>2026-06-12T23:44:47Z</time>
      </trkpt>
      <trkpt lat="23.066509" lon="113.267983">
        <time>2026-06-12T23:44:52Z</time>
      </trkpt>
      <trkpt lat="23.066373" lon="113.267963">
        <time>2026-06-12T23:44:57Z</time>
      </trkpt>
      <trkpt lat="23.066277" lon="113.267976">
        <time>2026-06-12T23:45:02Z</time>
      </trkpt>
      <trkpt lat="23.066159" lon="113.26806">
        <time>2026-06-12T23:45:07Z</time>
      </trkpt>
      <trkpt lat="23.066088" lon="113.268135">
        <time>2026-06-12T23:45:12Z</time>
      </trkpt>
      <trkpt lat="23.065999" lon="113.268253">
        <time>2026-06-12T23:45:17Z</time>
      </trkpt>
      <trkpt lat="23.065938" lon="113.268326">
        <time>2026-06-12T23:45:22Z</time>
      </trkpt>
      <trkpt lat="23.065848" lon="113.268438">
        <time>2026-06-12T23:45:27Z</time>
      </trkpt>
      <trkpt lat="23.065798" lon="113.26852">
        <time>2026-06-12T23:45:32Z</time>
      </trkpt>
      <trkpt lat="23.065736" lon="113.268653">
        <time>2026-06-12T23:45:37Z</time>
      </trkpt>
      <trkpt lat="23.065697" lon="113.268748">
        <time>2026-06-12T23:45:42Z</time>
      </trkpt>
      <trkpt lat="23.065645" lon="113.268888">
        <time>2026-06-12T23:45:47Z</time>
      </trkpt>
      <trkpt lat="23.065613" lon="113.268984">
        <time>2026-06-12T23:45:52Z</time>
      </trkpt>
      <trkpt lat="23.065571" lon="113.269126">
        <time>2026-06-12T23:45:57Z</time>
      </trkpt>
      <trkpt lat="23.065552" lon="113.269222">
        <time>2026-06-12T23:46:02Z</time>
      </trkpt>
      <trkpt lat="23.065531" lon="113.269373">
        <time>2026-06-12T23:46:07Z</time>
      </trkpt>
      <trkpt lat="23.065509" lon="113.26947">
        <time>2026-06-12T23:46:12Z</time>
      </trkpt>
      <trkpt lat="23.065466" lon="113.26961">
        <time>2026-06-12T23:46:17Z</time>
      </trkpt>
      <trkpt lat="23.065431" lon="113.269706">
        <time>2026-06-12T23:46:22Z</time>
      </trkpt>
      <trkpt lat="23.065383" lon="113.269853">
        <time>2026-06-12T23:46:27Z</time>
      </trkpt>
      <trkpt lat="23.065352" lon="113.269947">
        <time>2026-06-12T23:46:32Z</time>
      </trkpt>
      <trkpt lat="23.065302" lon="113.270086">
        <time>2026-06-12T23:46:37Z</time>
      </trkpt>
      <trkpt lat="23.065262" lon="113.270178">
        <time>2026-06-12T23:46:42Z</time>
      </trkpt>
      <trkpt lat="23.065197" lon="113.270313">
        <time>2026-06-12T23:46:47Z</time>
      </trkpt>
      <trkpt lat="23.065159" lon="113.270406">
        <time>2026-06-12T23:46:52Z</time>
      </trkpt>
      <trkpt lat="23.065094" lon="113.270537">
        <time>2026-06-12T23:46:57Z</time>
      </trkpt>
      <trkpt lat="23.065057" lon="113.270627">
        <time>2026-06-12T23:47:02Z</time>
      </trkpt>
      <trkpt lat="23.064999" lon="113.270764">
        <time>2026-06-12T23:47:07Z</time>
      </trkpt>
      <trkpt lat="23.064956" lon="113.270857">
        <time>2026-06-12T23:47:12Z</time>
      </trkpt>
      <trkpt lat="23.06489" lon="113.270996">
        <time>2026-06-12T23:47:17Z</time>
      </trkpt>
      <trkpt lat="23.064856" lon="113.271091">
        <time>2026-06-12T23:47:22Z</time>
      </trkpt>
      <trkpt lat="23.064795" lon="113.271228">
        <time>2026-06-12T23:47:27Z</time>
      </trkpt>
      <trkpt lat="23.064754" lon="113.27132">
        <time>2026-06-12T23:47:32Z</time>
      </trkpt>
      <trkpt lat="23.064691" lon="113.271454">
        <time>2026-06-12T23:47:37Z</time>
      </trkpt>
      <trkpt lat="23.064648" lon="113.271543">
        <time>2026-06-12T23:47:42Z</time>
      </trkpt>
      <trkpt lat="23.064588" lon="113.271682">
        <time>2026-06-12T23:47:47Z</time>
      </trkpt>
      <trkpt lat="23.06455" lon="113.271781">
        <time>2026-06-12T23:47:52Z</time>
      </trkpt>
      <trkpt lat="23.064476" lon="113.271918">
        <time>2026-06-12T23:47:57Z</time>
      </trkpt>
      <trkpt lat="23.064433" lon="113.272013">
        <time>2026-06-12T23:48:02Z</time>
      </trkpt>
      <trkpt lat="23.064351" lon="113.272141">
        <time>2026-06-12T23:48:07Z</time>
      </trkpt>
      <trkpt lat="23.064312" lon="113.272231">
        <time>2026-06-12T23:48:12Z</time>
      </trkpt>
      <trkpt lat="23.064312" lon="113.272385">
        <time>2026-06-12T23:48:17Z</time>
      </trkpt>
      <trkpt lat="23.064306" lon="113.272489">
        <time>2026-06-12T23:48:22Z</time>
      </trkpt>
      <trkpt lat="23.064313" lon="113.272636">
        <time>2026-06-12T23:48:27Z</time>
      </trkpt>
      <trkpt lat="23.064335" lon="113.272734">
        <time>2026-06-12T23:48:32Z</time>
      </trkpt>
      <trkpt lat="23.064381" lon="113.272879">
        <time>2026-06-12T23:48:37Z</time>
      </trkpt>
      <trkpt lat="23.064416" lon="113.272975">
        <time>2026-06-12T23:48:42Z</time>
      </trkpt>
      <trkpt lat="23.064456" lon="113.273117">
        <time>2026-06-12T23:48:47Z</time>
      </trkpt>
      <trkpt lat="23.064445" lon="113.273211">
        <time>2026-06-12T23:48:52Z</time>
      </trkpt>
      <trkpt lat="23.064355" lon="113.273336">
        <time>2026-06-12T23:48:57Z</time>
      </trkpt>
      <trkpt lat="23.064271" lon="113.273405">
        <time>2026-06-12T23:49:02Z</time>
      </trkpt>
      <trkpt lat="23.064148" lon="113.273504">
        <time>2026-06-12T23:49:07Z</time>
      </trkpt>
      <trkpt lat="23.064065" lon="113.273563">
        <time>2026-06-12T23:49:12Z</time>
      </trkpt>
      <trkpt lat="23.063944" lon="113.273663">
        <time>2026-06-12T23:49:17Z</time>
      </trkpt>
      <trkpt lat="23.063876" lon="113.27374">
        <time>2026-06-12T23:49:22Z</time>
      </trkpt>
      <trkpt lat="23.063801" lon="113.273865">
        <time>2026-06-12T23:49:27Z</time>
      </trkpt>
      <trkpt lat="23.063753" lon="113.273947">
        <time>2026-06-12T23:49:32Z</time>
      </trkpt>
      <trkpt lat="23.063677" lon="113.274061">
        <time>2026-06-12T23:49:37Z</time>
      </trkpt>
      <trkpt lat="23.06361" lon="113.274115">
        <time>2026-06-12T23:49:42Z</time>
      </trkpt>
      <trkpt lat="23.0635" lon="113.274106">
        <time>2026-06-12T23:49:47Z</time>
      </trkpt>
      <trkpt lat="23.063416" lon="113.274099">
        <time>2026-06-12T23:49:52Z</time>
      </trkpt>
      <trkpt lat="23.063336" lon="113.274233">
        <time>2026-06-12T23:49:57Z</time>
      </trkpt>
      <trkpt lat="23.063296" lon="113.274332">
        <time>2026-06-12T23:50:02Z</time>
      </trkpt>
      <trkpt lat="23.063241" lon="113.27448">
        <time>2026-06-12T23:50:07Z</time>
      </trkpt>
      <trkpt lat="23.063205" lon="113.274578">
        <time>2026-06-12T23:50:12Z</time>
      </trkpt>
      <trkpt lat="23.063154" lon="113.274729">
        <time>2026-06-12T23:50:17Z</time>
      </trkpt>
      <trkpt lat="23.06312" lon="113.274829">
        <time>2026-06-12T23:50:22Z</time>
      </trkpt>
      <trkpt lat="23.06307" lon="113.274973">
        <time>2026-06-12T23:50:27Z</time>
      </trkpt>
      <trkpt lat="23.063039" lon="113.275071">
        <time>2026-06-12T23:50:32Z</time>
      </trkpt>
      <trkpt lat="23.06295" lon="113.275194">
        <time>2026-06-12T23:50:37Z</time>
      </trkpt>
      <trkpt lat="23.062889" lon="113.275273">
        <time>2026-06-12T23:50:42Z</time>
      </trkpt>
      <trkpt lat="23.062909" lon="113.275427">
        <time>2026-06-12T23:50:47Z</time>
      </trkpt>
      <trkpt lat="23.062895" lon="113.275524">
        <time>2026-06-12T23:50:52Z</time>
      </trkpt>
      <trkpt lat="23.062795" lon="113.275642">
        <time>2026-06-12T23:50:57Z</time>
      </trkpt>
      <trkpt lat="23.06272" lon="113.275718">
        <time>2026-06-12T23:51:02Z</time>
      </trkpt>
      <trkpt lat="23.062612" lon="113.27584">
        <time>2026-06-12T23:51:07Z</time>
      </trkpt>
      <trkpt lat="23.06255" lon="113.27592">
        <time>2026-06-12T23:51:12Z</time>
      </trkpt>
      <trkpt lat="23.062471" lon="113.276053">
        <time>2026-06-12T23:51:17Z</time>
      </trkpt>
      <trkpt lat="23.062426" lon="113.276148">
        <time>2026-06-12T23:51:22Z</time>
      </trkpt>
      <trkpt lat="23.062367" lon="113.276294">
        <time>2026-06-12T23:51:27Z</time>
      </trkpt>
      <trkpt lat="23.062334" lon="113.276383">
        <time>2026-06-12T23:51:32Z</time>
      </trkpt>
      <trkpt lat="23.062281" lon="113.276524">
        <time>2026-06-12T23:51:37Z</time>
      </trkpt>
      <trkpt lat="23.062247" lon="113.276623">
        <time>2026-06-12T23:51:42Z</time>
      </trkpt>
      <trkpt lat="23.062203" lon="113.276766">
        <time>2026-06-12T23:51:47Z</time>
      </trkpt>
      <trkpt lat="23.062167" lon="113.276863">
        <time>2026-06-12T23:51:52Z</time>
      </trkpt>
      <trkpt lat="23.062111" lon="113.277004">
        <time>2026-06-12T23:51:57Z</time>
      </trkpt>
      <trkpt lat="23.062069" lon="113.277101">
        <time>2026-06-12T23:52:02Z</time>
      </trkpt>
      <trkpt lat="23.06201" lon="113.277263">
        <time>2026-06-12T23:52:07Z</time>
      </trkpt>
      <trkpt lat="23.061968" lon="113.277371">
        <time>2026-06-12T23:52:12Z</time>
      </trkpt>
      <trkpt lat="23.061913" lon="113.277531">
        <time>2026-06-12T23:52:17Z</time>
      </trkpt>
      <trkpt lat="23.061882" lon="113.277637">
        <time>2026-06-12T23:52:22Z</time>
      </trkpt>
      <trkpt lat="23.061839" lon="113.277795">
        <time>2026-06-12T23:52:27Z</time>
      </trkpt>
      <trkpt lat="23.061831" lon="113.2779">
        <time>2026-06-12T23:52:32Z</time>
      </trkpt>
      <trkpt lat="23.06183" lon="113.278056">
        <time>2026-06-12T23:52:37Z</time>
      </trkpt>
      <trkpt lat="23.061838" lon="113.278157">
        <time>2026-06-12T23:52:42Z</time>
      </trkpt>
      <trkpt lat="23.06185" lon="113.278312">
        <time>2026-06-12T23:52:47Z</time>
      </trkpt>
      <trkpt lat="23.061853" lon="113.278418">
        <time>2026-06-12T23:52:52Z</time>
      </trkpt>
      <trkpt lat="23.061854" lon="113.278579">
        <time>2026-06-12T23:52:57Z</time>
      </trkpt>
      <trkpt lat="23.061843" lon="113.278684">
        <time>2026-06-12T23:53:02Z</time>
      </trkpt>
      <trkpt lat="23.061761" lon="113.278769">
        <time>2026-06-12T23:53:07Z</time>
      </trkpt>
      <trkpt lat="23.06171" lon="113.278839">
        <time>2026-06-12T23:53:12Z</time>
      </trkpt>
      <trkpt lat="23.061655" lon="113.278984">
        <time>2026-06-12T23:53:17Z</time>
      </trkpt>
      <trkpt lat="23.061616" lon="113.279079">
        <time>2026-06-12T23:53:22Z</time>
      </trkpt>
      <trkpt lat="23.061557" lon="113.279219">
        <time>2026-06-12T23:53:27Z</time>
      </trkpt>
      <trkpt lat="23.061516" lon="113.279313">
        <time>2026-06-12T23:53:32Z</time>
      </trkpt>
      <trkpt lat="23.061464" lon="113.279459">
        <time>2026-06-12T23:53:37Z</time>
      </trkpt>
      <trkpt lat="23.061423" lon="113.279557">
        <time>2026-06-12T23:53:42Z</time>
      </trkpt>
      <trkpt lat="23.061353" lon="113.279705">
        <time>2026-06-12T23:53:47Z</time>
      </trkpt>
      <trkpt lat="23.061306" lon="113.279801">
        <time>2026-06-12T23:53:52Z</time>
      </trkpt>
      <trkpt lat="23.061258" lon="113.279951">
        <time>2026-06-12T23:53:57Z</time>
      </trkpt>
      <trkpt lat="23.061222" lon="113.280049">
        <time>2026-06-12T23:54:02Z</time>
      </trkpt>
      <trkpt lat="23.061159" lon="113.280191">
        <time>2026-06-12T23:54:07Z</time>
      </trkpt>
      <trkpt lat="23.061115" lon="113.280287">
        <time>2026-06-12T23:54:12Z</time>
      </trkpt>
      <trkpt lat="23.06105" lon="113.280433">
        <time>2026-06-12T23:54:17Z</time>
      </trkpt>
      <trkpt lat="23.061003" lon="113.280528">
        <time>2026-06-12T23:54:22Z</time>
      </trkpt>
      <trkpt lat="23.060934" lon="113.280674">
        <time>2026-06-12T23:54:27Z</time>
      </trkpt>
      <trkpt lat="23.06089" lon="113.280768">
        <time>2026-06-12T23:54:32Z</time>
      </trkpt>
      <trkpt lat="23.060832" lon="113.280906">
        <time>2026-06-12T23:54:37Z</time>
      </trkpt>
      <trkpt lat="23.060797" lon="113.281001">
        <time>2026-06-12T23:54:42Z</time>
      </trkpt>
      <trkpt lat="23.060737" lon="113.281142">
        <time>2026-06-12T23:54:47Z</time>
      </trkpt>
      <trkpt lat="23.060695" lon="113.281235">
        <time>2026-06-12T23:54:52Z</time>
      </trkpt>
      <trkpt lat="23.060633" lon="113.281374">
        <time>2026-06-12T23:54:57Z</time>
      </trkpt>
      <trkpt lat="23.060589" lon="113.281468">
        <time>2026-06-12T23:55:02Z</time>
      </trkpt>
      <trkpt lat="23.060533" lon="113.281614">
        <time>2026-06-12T23:55:07Z</time>
      </trkpt>
      <trkpt lat="23.060496" lon="113.281712">
        <time>2026-06-12T23:55:12Z</time>
      </trkpt>
      <trkpt lat="23.060429" lon="113.281856">
        <time>2026-06-12T23:55:17Z</time>
      </trkpt>
      <trkpt lat="23.060388" lon="113.281954">
        <time>2026-06-12T23:55:22Z</time>
      </trkpt>
      <trkpt lat="23.060326" lon="113.282101">
        <time>2026-06-12T23:55:27Z</time>
      </trkpt>
      <trkpt lat="23.060284" lon="113.282194">
        <time>2026-06-12T23:55:32Z</time>
      </trkpt>
      <trkpt lat="23.060228" lon="113.282338">
        <time>2026-06-12T23:55:37Z</time>
      </trkpt>
      <trkpt lat="23.06019" lon="113.282432">
        <time>2026-06-12T23:55:42Z</time>
      </trkpt>
      <trkpt lat="23.060134" lon="113.282566">
        <time>2026-06-12T23:55:47Z</time>
      </trkpt>
      <trkpt lat="23.060096" lon="113.282655">
        <time>2026-06-12T23:55:52Z</time>
      </trkpt>
      <trkpt lat="23.06003" lon="113.28278">
        <time>2026-06-12T23:55:57Z</time>
      </trkpt>
      <trkpt lat="23.059995" lon="113.282877">
        <time>2026-06-12T23:56:02Z</time>
      </trkpt>
      <trkpt lat="23.059937" lon="113.283022">
        <time>2026-06-12T23:56:07Z</time>
      </trkpt>
      <trkpt lat="23.059892" lon="113.283119">
        <time>2026-06-12T23:56:12Z</time>
      </trkpt>
      <trkpt lat="23.059828" lon="113.283262">
        <time>2026-06-12T23:56:17Z</time>
      </trkpt>
      <trkpt lat="23.059785" lon="113.283359">
        <time>2026-06-12T23:56:22Z</time>
      </trkpt>
      <trkpt lat="23.059717" lon="113.283501">
        <time>2026-06-12T23:56:27Z</time>
      </trkpt>
      <trkpt lat="23.059666" lon="113.283596">
        <time>2026-06-12T23:56:32Z</time>
      </trkpt>
      <trkpt lat="23.059599" lon="113.283737">
        <time>2026-06-12T23:56:37Z</time>
      </trkpt>
      <trkpt lat="23.059557" lon="113.283835">
        <time>2026-06-12T23:56:42Z</time>
      </trkpt>
      <trkpt lat="23.0595" lon="113.283983">
        <time>2026-06-12T23:56:47Z</time>
      </trkpt>
      <trkpt lat="23.059458" lon="113.284076">
        <time>2026-06-12T23:56:52Z</time>
      </trkpt>
      <trkpt lat="23.059385" lon="113.284215">
        <time>2026-06-12T23:56:57Z</time>
      </trkpt>
      <trkpt lat="23.059343" lon="113.28431">
        <time>2026-06-12T23:57:02Z</time>
      </trkpt>
      <trkpt lat="23.059293" lon="113.284456">
        <time>2026-06-12T23:57:07Z</time>
      </trkpt>
      <trkpt lat="23.059268" lon="113.284558">
        <time>2026-06-12T23:57:12Z</time>
      </trkpt>
      <trkpt lat="23.059235" lon="113.284713">
        <time>2026-06-12T23:57:17Z</time>
      </trkpt>
      <trkpt lat="23.059201" lon="113.284812">
        <time>2026-06-12T23:57:22Z</time>
      </trkpt>
      <trkpt lat="23.059138" lon="113.284954">
        <time>2026-06-12T23:57:27Z</time>
      </trkpt>
      <trkpt lat="23.059098" lon="113.285049">
        <time>2026-06-12T23:57:32Z</time>
      </trkpt>
      <trkpt lat="23.059049" lon="113.285198">
        <time>2026-06-12T23:57:37Z</time>
      </trkpt>
      <trkpt lat="23.059012" lon="113.285298">
        <time>2026-06-12T23:57:42Z</time>
      </trkpt>
      <trkpt lat="23.058947" lon="113.285446">
        <time>2026-06-12T23:57:47Z</time>
      </trkpt>
      <trkpt lat="23.058902" lon="113.285541">
        <time>2026-06-12T23:57:52Z</time>
      </trkpt>
      <trkpt lat="23.058839" lon="113.285682">
        <time>2026-06-12T23:57:57Z</time>
      </trkpt>
      <trkpt lat="23.058798" lon="113.285779">
        <time>2026-06-12T23:58:02Z</time>
      </trkpt>
      <trkpt lat="23.058738" lon="113.285922">
        <time>2026-06-12T23:58:07Z</time>
      </trkpt>
      <trkpt lat="23.058693" lon="113.286019">
        <time>2026-06-12T23:58:12Z</time>
      </trkpt>
      <trkpt lat="23.05865" lon="113.286172">
        <time>2026-06-12T23:58:17Z</time>
      </trkpt>
      <trkpt lat="23.058668" lon="113.286271">
        <time>2026-06-12T23:58:22Z</time>
      </trkpt>
      <trkpt lat="23.058783" lon="113.286357">
        <time>2026-06-12T23:58:27Z</time>
      </trkpt>
      <trkpt lat="23.058875" lon="113.286372">
        <time>2026-06-12T23:58:32Z</time>
      </trkpt>
      <trkpt lat="23.059012" lon="113.286391">
        <time>2026-06-12T23:58:37Z</time>
      </trkpt>
      <trkpt lat="23.059102" lon="113.286401">
        <time>2026-06-12T23:58:42Z</time>
      </trkpt>
      <trkpt lat="23.059251" lon="113.286424">
        <time>2026-06-12T23:58:47Z</time>
      </trkpt>
      <trkpt lat="23.059346" lon="113.286433">
        <time>2026-06-12T23:58:52Z</time>
      </trkpt>
      <trkpt lat="23.059488" lon="113.28645">
        <time>2026-06-12T23:58:57Z</time>
      </trkpt>
      <trkpt lat="23.059584" lon="113.286459">
        <time>2026-06-12T23:59:02Z</time>
      </trkpt>
      <trkpt lat="23.059723" lon="113.286472">
        <time>2026-06-12T23:59:07Z</time>
      </trkpt>
      <trkpt lat="23.059811" lon="113.286474">
        <time>2026-06-12T23:59:12Z</time>
      </trkpt>
      <trkpt lat="23.059952" lon="113.28647">
        <time>2026-06-12T23:59:17Z</time>
      </trkpt>
      <trkpt lat="23.060036" lon="113.28648">
        <time>2026-06-12T23:59:22Z</time>
      </trkpt>
      <trkpt lat="23.06013" lon="113.286573">
        <time>2026-06-12T23:59:27Z</time>
      </trkpt>
      <trkpt lat="23.060167" lon="113.286665">
        <time>2026-06-12T23:59:32Z</time>
      </trkpt>
      <trkpt lat="23.060172" lon="113.286828">
        <time>2026-06-12T23:59:37Z</time>
      </trkpt>
      <trkpt lat="23.060177" lon="113.286926">
        <time>2026-06-12T23:59:42Z</time>
      </trkpt>
      <trkpt lat="23.060179" lon="113.287066">
        <time>2026-06-12T23:59:47Z</time>
      </trkpt>
      <trkpt lat="23.060177" lon="113.287159">
        <time>2026-06-12T23:59:52Z</time>
      </trkpt>
      <trkpt lat="23.060187" lon="113.287308">
        <time>2026-06-12T23:59:57Z</time>
      </trkpt>
      <trkpt lat="23.060239" lon="113.287431">
        <time>2026-06-13T00:00:02Z</time>
      </trkpt>
      <trkpt lat="23.060304" lon="113.287587">
        <time>2026-06-13T00:00:07Z</time>
      </trkpt>
      <trkpt lat="23.060288" lon="113.287696">
        <time>2026-06-13T00:00:12Z</time>
      </trkpt>
      <trkpt lat="23.060198" lon="113.287867">
        <time>2026-06-13T00:00:17Z</time>
      </trkpt>
      <trkpt lat="23.060225" lon="113.287907">
        <time>2026-06-13T00:00:22Z</time>
      </trkpt>
      <trkpt lat="23.060303" lon="113.28783">
        <time>2026-06-13T00:00:27Z</time>
      </trkpt>
      <trkpt lat="23.060313" lon="113.287722">
        <time>2026-06-13T00:00:32Z</time>
      </trkpt>
      <trkpt lat="23.060309" lon="113.287562">
        <time>2026-06-13T00:00:37Z</time>
      </trkpt>
      <trkpt lat="23.060288" lon="113.287464">
        <time>2026-06-13T00:00:42Z</time>
      </trkpt>
      <trkpt lat="23.060242" lon="113.287319">
        <time>2026-06-13T00:00:47Z</time>
      </trkpt>
      <trkpt lat="23.060203" lon="113.287222">
        <time>2026-06-13T00:00:52Z</time>
      </trkpt>
      <trkpt lat="23.060155" lon="113.287058">
        <time>2026-06-13T00:00:57Z</time>
      </trkpt>
      <trkpt lat="23.060139" lon="113.286955">
        <time>2026-06-13T00:01:02Z</time>
      </trkpt>
      <trkpt lat="23.060099" lon="113.286793">
        <time>2026-06-13T00:01:07Z</time>
      </trkpt>
      <trkpt lat="23.06008" lon="113.286693">
        <time>2026-06-13T00:01:12Z</time>
      </trkpt>
      <trkpt lat="23.060162" lon="113.286572">
        <time>2026-06-13T00:01:17Z</time>
      </trkpt>
      <trkpt lat="23.060239" lon="113.286509">
        <time>2026-06-13T00:01:22Z</time>
      </trkpt>
      <trkpt lat="23.060364" lon="113.286393">
        <time>2026-06-13T00:01:27Z</time>
      </trkpt>
      <trkpt lat="23.060412" lon="113.286308">
        <time>2026-06-13T00:01:32Z</time>
      </trkpt>
      <trkpt lat="23.060441" lon="113.286162">
        <time>2026-06-13T00:01:37Z</time>
      </trkpt>
      <trkpt lat="23.060451" lon="113.28606">
        <time>2026-06-13T00:01:42Z</time>
      </trkpt>
      <trkpt lat="23.06049" lon="113.285929">
        <time>2026-06-13T00:01:47Z</time>
      </trkpt>
      <trkpt lat="23.060506" lon="113.285831">
        <time>2026-06-13T00:01:52Z</time>
      </trkpt>
      <trkpt lat="23.060511" lon="113.28568">
        <time>2026-06-13T00:01:57Z</time>
      </trkpt>
      <trkpt lat="23.060519" lon="113.285574">
        <time>2026-06-13T00:02:02Z</time>
      </trkpt>
      <trkpt lat="23.060525" lon="113.285419">
        <time>2026-06-13T00:02:07Z</time>
      </trkpt>
      <trkpt lat="23.060534" lon="113.285325">
        <time>2026-06-13T00:02:12Z</time>
      </trkpt>
      <trkpt lat="23.060523" lon="113.285194">
        <time>2026-06-13T00:02:17Z</time>
      </trkpt>
      <trkpt lat="23.060446" lon="113.285139">
        <time>2026-06-13T00:02:22Z</time>
      </trkpt>
      <trkpt lat="23.060299" lon="113.285123">
        <time>2026-06-13T00:02:27Z</time>
      </trkpt>
      <trkpt lat="23.060198" lon="113.285106">
        <time>2026-06-13T00:02:32Z</time>
      </trkpt>
      <trkpt lat="23.060054" lon="113.285062">
        <time>2026-06-13T00:02:37Z</time>
      </trkpt>
      <trkpt lat="23.05996" lon="113.285041">
        <time>2026-06-13T00:02:42Z</time>
      </trkpt>
      <trkpt lat="23.059807" lon="113.285032">
        <time>2026-06-13T00:02:47Z</time>
      </trkpt>
      <trkpt lat="23.059706" lon="113.28502">
        <time>2026-06-13T00:02:52Z</time>
      </trkpt>
      <trkpt lat="23.059555" lon="113.285011">
        <time>2026-06-13T00:02:57Z</time>
      </trkpt>
      <trkpt lat="23.05946" lon="113.284991">
        <time>2026-06-13T00:03:02Z</time>
      </trkpt>
      <trkpt lat="23.059404" lon="113.284858">
        <time>2026-06-13T00:03:07Z</time>
      </trkpt>
      <trkpt lat="23.059435" lon="113.284756">
        <time>2026-06-13T00:03:12Z</time>
      </trkpt>
      <trkpt lat="23.059516" lon="113.284625">
        <time>2026-06-13T00:03:17Z</time>
      </trkpt>
      <trkpt lat="23.05956" lon="113.284543">
        <time>2026-06-13T00:03:22Z</time>
      </trkpt>
      <trkpt lat="23.059625" lon="113.284417">
        <time>2026-06-13T00:03:27Z</time>
      </trkpt>
      <trkpt lat="23.059673" lon="113.284333">
        <time>2026-06-13T00:03:32Z</time>
      </trkpt>
      <trkpt lat="23.05974" lon="113.284198">
        <time>2026-06-13T00:03:37Z</time>
      </trkpt>
      <trkpt lat="23.059773" lon="113.284094">
        <time>2026-06-13T00:03:42Z</time>
      </trkpt>
      <trkpt lat="23.059816" lon="113.283939">
        <time>2026-06-13T00:03:47Z</time>
      </trkpt>
      <trkpt lat="23.059826" lon="113.283833">
        <time>2026-06-13T00:03:52Z</time>
      </trkpt>
      <trkpt lat="23.05985" lon="113.283685">
        <time>2026-06-13T00:03:57Z</time>
      </trkpt>
      <trkpt lat="23.059867" lon="113.283593">
        <time>2026-06-13T00:04:02Z</time>
      </trkpt>
      <trkpt lat="23.059901" lon="113.283451">
        <time>2026-06-13T00:04:07Z</time>
      </trkpt>
      <trkpt lat="23.059938" lon="113.283355">
        <time>2026-06-13T00:04:12Z</time>
      </trkpt>
      <trkpt lat="23.060014" lon="113.283227">
        <time>2026-06-13T00:04:17Z</time>
      </trkpt>
      <trkpt lat="23.060058" lon="113.283134">
        <time>2026-06-13T00:04:22Z</time>
      </trkpt>
      <trkpt lat="23.060132" lon="113.282991">
        <time>2026-06-13T00:04:27Z</time>
      </trkpt>
      <trkpt lat="23.060176" lon="113.282901">
        <time>2026-06-13T00:04:32Z</time>
      </trkpt>
      <trkpt lat="23.060238" lon="113.282772">
        <time>2026-06-13T00:04:37Z</time>
      </trkpt>
      <trkpt lat="23.060272" lon="113.282685">
        <time>2026-06-13T00:04:42Z</time>
      </trkpt>
      <trkpt lat="23.060324" lon="113.282557">
        <time>2026-06-13T00:04:47Z</time>
      </trkpt>
      <trkpt lat="23.060362" lon="113.282464">
        <time>2026-06-13T00:04:52Z</time>
      </trkpt>
      <trkpt lat="23.060415" lon="113.282324">
        <time>2026-06-13T00:04:57Z</time>
      </trkpt>
      <trkpt lat="23.060453" lon="113.282226">
        <time>2026-06-13T00:05:02Z</time>
      </trkpt>
      <trkpt lat="23.060506" lon="113.282087">
        <time>2026-06-13T00:05:07Z</time>
      </trkpt>
      <trkpt lat="23.060541" lon="113.281997">
        <time>2026-06-13T00:05:12Z</time>
      </trkpt>
      <trkpt lat="23.060604" lon="113.281869">
        <time>2026-06-13T00:05:17Z</time>
      </trkpt>
      <trkpt lat="23.060642" lon="113.281781">
        <time>2026-06-13T00:05:22Z</time>
      </trkpt>
      <trkpt lat="23.060695" lon="113.281646">
        <time>2026-06-13T00:05:27Z</time>
      </trkpt>
      <trkpt lat="23.060731" lon="113.281557">
        <time>2026-06-13T00:05:32Z</time>
      </trkpt>
      <trkpt lat="23.060786" lon="113.281421">
        <time>2026-06-13T00:05:37Z</time>
      </trkpt>
      <trkpt lat="23.060824" lon="113.281336">
        <time>2026-06-13T00:05:42Z</time>
      </trkpt>
      <trkpt lat="23.060884" lon="113.281199">
        <time>2026-06-13T00:05:47Z</time>
      </trkpt>
      <trkpt lat="23.060925" lon="113.281107">
        <time>2026-06-13T00:05:52Z</time>
      </trkpt>
      <trkpt lat="23.060982" lon="113.280969">
        <time>2026-06-13T00:05:57Z</time>
      </trkpt>
      <trkpt lat="23.061018" lon="113.280873">
        <time>2026-06-13T00:06:02Z</time>
      </trkpt>
      <trkpt lat="23.061078" lon="113.280724">
        <time>2026-06-13T00:06:07Z</time>
      </trkpt>
      <trkpt lat="23.061124" lon="113.280627">
        <time>2026-06-13T00:06:12Z</time>
      </trkpt>
      <trkpt lat="23.061194" lon="113.280484">
        <time>2026-06-13T00:06:17Z</time>
      </trkpt>
      <trkpt lat="23.061238" lon="113.280389">
        <time>2026-06-13T00:06:22Z</time>
      </trkpt>
      <trkpt lat="23.061297" lon="113.280251">
        <time>2026-06-13T00:06:27Z</time>
      </trkpt>
      <trkpt lat="23.061348" lon="113.280168">
        <time>2026-06-13T00:06:32Z</time>
      </trkpt>
      <trkpt lat="23.061403" lon="113.280033">
        <time>2026-06-13T00:06:37Z</time>
      </trkpt>
      <trkpt lat="23.061435" lon="113.279941">
        <time>2026-06-13T00:06:42Z</time>
      </trkpt>
      <trkpt lat="23.061491" lon="113.2798">
        <time>2026-06-13T00:06:47Z</time>
      </trkpt>
      <trkpt lat="23.061527" lon="113.279704">
        <time>2026-06-13T00:06:52Z</time>
      </trkpt>
      <trkpt lat="23.061579" lon="113.279556">
        <time>2026-06-13T00:06:57Z</time>
      </trkpt>
      <trkpt lat="23.06162" lon="113.279457">
        <time>2026-06-13T00:07:02Z</time>
      </trkpt>
      <trkpt lat="23.061685" lon="113.279313">
        <time>2026-06-13T00:07:07Z</time>
      </trkpt>
      <trkpt lat="23.06173" lon="113.27922">
        <time>2026-06-13T00:07:12Z</time>
      </trkpt>
      <trkpt lat="23.061796" lon="113.279085">
        <time>2026-06-13T00:07:17Z</time>
      </trkpt>
      <trkpt lat="23.061848" lon="113.279001">
        <time>2026-06-13T00:07:22Z</time>
      </trkpt>
      <trkpt lat="23.061926" lon="113.27887">
        <time>2026-06-13T00:07:27Z</time>
      </trkpt>
      <trkpt lat="23.061964" lon="113.278768">
        <time>2026-06-13T00:07:32Z</time>
      </trkpt>
      <trkpt lat="23.061978" lon="113.278608">
        <time>2026-06-13T00:07:37Z</time>
      </trkpt>
      <trkpt lat="23.06197" lon="113.278507">
        <time>2026-06-13T00:07:42Z</time>
      </trkpt>
      <trkpt lat="23.061958" lon="113.278356">
        <time>2026-06-13T00:07:47Z</time>
      </trkpt>
      <trkpt lat="23.061953" lon="113.27825">
        <time>2026-06-13T00:07:52Z</time>
      </trkpt>
      <trkpt lat="23.061943" lon="113.278096">
        <time>2026-06-13T00:07:57Z</time>
      </trkpt>
      <trkpt lat="23.061938" lon="113.277992">
        <time>2026-06-13T00:08:02Z</time>
      </trkpt>
      <trkpt lat="23.06194" lon="113.277833">
        <time>2026-06-13T00:08:07Z</time>
      </trkpt>
      <trkpt lat="23.061956" lon="113.27773">
        <time>2026-06-13T00:08:12Z</time>
      </trkpt>
      <trkpt lat="23.062006" lon="113.277585">
        <time>2026-06-13T00:08:17Z</time>
      </trkpt>
      <trkpt lat="23.062042" lon="113.277488">
        <time>2026-06-13T00:08:22Z</time>
      </trkpt>
      <trkpt lat="23.062098" lon="113.277343">
        <time>2026-06-13T00:08:27Z</time>
      </trkpt>
      <trkpt lat="23.06213" lon="113.277247">
        <time>2026-06-13T00:08:32Z</time>
      </trkpt>
      <trkpt lat="23.06218" lon="113.277104">
        <time>2026-06-13T00:08:37Z</time>
      </trkpt>
      <trkpt lat="23.062222" lon="113.277009">
        <time>2026-06-13T00:08:42Z</time>
      </trkpt>
      <trkpt lat="23.062275" lon="113.276866">
        <time>2026-06-13T00:08:47Z</time>
      </trkpt>
      <trkpt lat="23.062314" lon="113.276773">
        <time>2026-06-13T00:08:52Z</time>
      </trkpt>
      <trkpt lat="23.062364" lon="113.276627">
        <time>2026-06-13T00:08:57Z</time>
      </trkpt>
      <trkpt lat="23.062402" lon="113.276532">
        <time>2026-06-13T00:09:02Z</time>
      </trkpt>
      <trkpt lat="23.062461" lon="113.276391">
        <time>2026-06-13T00:09:07Z</time>
      </trkpt>
      <trkpt lat="23.062499" lon="113.276296">
        <time>2026-06-13T00:09:12Z</time>
      </trkpt>
      <trkpt lat="23.062556" lon="113.276163">
        <time>2026-06-13T00:09:17Z</time>
      </trkpt>
      <trkpt lat="23.062608" lon="113.276081">
        <time>2026-06-13T00:09:22Z</time>
      </trkpt>
      <trkpt lat="23.06269" lon="113.275957">
        <time>2026-06-13T00:09:27Z</time>
      </trkpt>
      <trkpt lat="23.062752" lon="113.275883">
        <time>2026-06-13T00:09:32Z</time>
      </trkpt>
      <trkpt lat="23.062849" lon="113.275774">
        <time>2026-06-13T00:09:37Z</time>
      </trkpt>
      <trkpt lat="23.062923" lon="113.2757">
        <time>2026-06-13T00:09:42Z</time>
      </trkpt>
      <trkpt lat="23.063034" lon="113.275587">
        <time>2026-06-13T00:09:47Z</time>
      </trkpt>
      <trkpt lat="23.063092" lon="113.275504">
        <time>2026-06-13T00:09:52Z</time>
      </trkpt>
      <trkpt lat="23.063163" lon="113.275369">
        <time>2026-06-13T00:09:57Z</time>
      </trkpt>
      <trkpt lat="23.06321" lon="113.275283">
        <time>2026-06-13T00:10:02Z</time>
      </trkpt>
      <trkpt lat="23.063288" lon="113.275154">
        <time>2026-06-13T00:10:07Z</time>
      </trkpt>
      <trkpt lat="23.063342" lon="113.275067">
        <time>2026-06-13T00:10:12Z</time>
      </trkpt>
      <trkpt lat="23.063409" lon="113.274927">
        <time>2026-06-13T00:10:17Z</time>
      </trkpt>
      <trkpt lat="23.063446" lon="113.274836">
        <time>2026-06-13T00:10:22Z</time>
      </trkpt>
      <trkpt lat="23.06349" lon="113.274698">
        <time>2026-06-13T00:10:27Z</time>
      </trkpt>
      <trkpt lat="23.063519" lon="113.274605">
        <time>2026-06-13T00:10:32Z</time>
      </trkpt>
      <trkpt lat="23.06355" lon="113.274476">
        <time>2026-06-13T00:10:37Z</time>
      </trkpt>
      <trkpt lat="23.063598" lon="113.274391">
        <time>2026-06-13T00:10:42Z</time>
      </trkpt>
      <trkpt lat="23.063692" lon="113.274269">
        <time>2026-06-13T00:10:47Z</time>
      </trkpt>
      <trkpt lat="23.06376" lon="113.274199">
        <time>2026-06-13T00:10:52Z</time>
      </trkpt>
      <trkpt lat="23.063851" lon="113.274087">
        <time>2026-06-13T00:10:57Z</time>
      </trkpt>
      <trkpt lat="23.063894" lon="113.274">
        <time>2026-06-13T00:11:02Z</time>
      </trkpt>
      <trkpt lat="23.063965" lon="113.273868">
        <time>2026-06-13T00:11:07Z</time>
      </trkpt>
      <trkpt lat="23.064019" lon="113.273788">
        <time>2026-06-13T00:11:12Z</time>
      </trkpt>
      <trkpt lat="23.064117" lon="113.273684">
        <time>2026-06-13T00:11:17Z</time>
      </trkpt>
      <trkpt lat="23.064191" lon="113.273629">
        <time>2026-06-13T00:11:22Z</time>
      </trkpt>
      <trkpt lat="23.064307" lon="113.273545">
        <time>2026-06-13T00:11:27Z</time>
      </trkpt>
      <trkpt lat="23.064386" lon="113.273483">
        <time>2026-06-13T00:11:32Z</time>
      </trkpt>
      <trkpt lat="23.064494" lon="113.273384">
        <time>2026-06-13T00:11:37Z</time>
      </trkpt>
      <trkpt lat="23.064557" lon="113.273303">
        <time>2026-06-13T00:11:42Z</time>
      </trkpt>
      <trkpt lat="23.064602" lon="113.273144">
        <time>2026-06-13T00:11:47Z</time>
      </trkpt>
      <trkpt lat="23.064585" lon="113.273035">
        <time>2026-06-13T00:11:52Z</time>
      </trkpt>
      <trkpt lat="23.064529" lon="113.27288">
        <time>2026-06-13T00:11:57Z</time>
      </trkpt>
      <trkpt lat="23.064496" lon="113.272779">
        <time>2026-06-13T00:12:02Z</time>
      </trkpt>
      <trkpt lat="23.064464" lon="113.272623">
        <time>2026-06-13T00:12:07Z</time>
      </trkpt>
      <trkpt lat="23.064481" lon="113.272529">
        <time>2026-06-13T00:12:12Z</time>
      </trkpt>
      <trkpt lat="23.064562" lon="113.272404">
        <time>2026-06-13T00:12:17Z</time>
      </trkpt>
      <trkpt lat="23.064578" lon="113.272303">
        <time>2026-06-13T00:12:22Z</time>
      </trkpt>
      <trkpt lat="23.064599" lon="113.272154">
        <time>2026-06-13T00:12:27Z</time>
      </trkpt>
      <trkpt lat="23.06464" lon="113.272066">
        <time>2026-06-13T00:12:32Z</time>
      </trkpt>
      <trkpt lat="23.064698" lon="113.271938">
        <time>2026-06-13T00:12:37Z</time>
      </trkpt>
      <trkpt lat="23.064737" lon="113.271848">
        <time>2026-06-13T00:12:42Z</time>
      </trkpt>
      <trkpt lat="23.064804" lon="113.271716">
        <time>2026-06-13T00:12:47Z</time>
      </trkpt>
      <trkpt lat="23.064851" lon="113.271625">
        <time>2026-06-13T00:12:52Z</time>
      </trkpt>
      <trkpt lat="23.064918" lon="113.271485">
        <time>2026-06-13T00:12:57Z</time>
      </trkpt>
      <trkpt lat="23.064954" lon="113.271397">
        <time>2026-06-13T00:13:02Z</time>
      </trkpt>
      <trkpt lat="23.065004" lon="113.271258">
        <time>2026-06-13T00:13:07Z</time>
      </trkpt>
      <trkpt lat="23.065058" lon="113.271171">
        <time>2026-06-13T00:13:12Z</time>
      </trkpt>
      <trkpt lat="23.065134" lon="113.271034">
        <time>2026-06-13T00:13:17Z</time>
      </trkpt>
      <trkpt lat="23.065175" lon="113.270935">
        <time>2026-06-13T00:13:22Z</time>
      </trkpt>
      <trkpt lat="23.065232" lon="113.270791">
        <time>2026-06-13T00:13:27Z</time>
      </trkpt>
      <trkpt lat="23.065275" lon="113.2707">
        <time>2026-06-13T00:13:32Z</time>
      </trkpt>
      <trkpt lat="23.065338" lon="113.270569">
        <time>2026-06-13T00:13:37Z</time>
      </trkpt>
      <trkpt lat="23.065382" lon="113.270484">
        <time>2026-06-13T00:13:42Z</time>
      </trkpt>
      <trkpt lat="23.065443" lon="113.27035">
        <time>2026-06-13T00:13:47Z</time>
      </trkpt>
      <trkpt lat="23.065482" lon="113.270256">
        <time>2026-06-13T00:13:52Z</time>
      </trkpt>
      <trkpt lat="23.065532" lon="113.270108">
        <time>2026-06-13T00:13:57Z</time>
      </trkpt>
      <trkpt lat="23.065565" lon="113.270012">
        <time>2026-06-13T00:14:02Z</time>
      </trkpt>
      <trkpt lat="23.065612" lon="113.269871">
        <time>2026-06-13T00:14:07Z</time>
      </trkpt>
      <trkpt lat="23.065638" lon="113.269772">
        <time>2026-06-13T00:14:12Z</time>
      </trkpt>
      <trkpt lat="23.065678" lon="113.269621">
        <time>2026-06-13T00:14:17Z</time>
      </trkpt>
      <trkpt lat="23.065708" lon="113.269517">
        <time>2026-06-13T00:14:22Z</time>
      </trkpt>
      <trkpt lat="23.065751" lon="113.269368">
        <time>2026-06-13T00:14:27Z</time>
      </trkpt>
      <trkpt lat="23.065774" lon="113.269269">
        <time>2026-06-13T00:14:32Z</time>
      </trkpt>
      <trkpt lat="23.065819" lon="113.26912">
        <time>2026-06-13T00:14:37Z</time>
      </trkpt>
      <trkpt lat="23.065853" lon="113.269021">
        <time>2026-06-13T00:14:42Z</time>
      </trkpt>
      <trkpt lat="23.065913" lon="113.268873">
        <time>2026-06-13T00:14:47Z</time>
      </trkpt>
      <trkpt lat="23.065955" lon="113.26878">
        <time>2026-06-13T00:14:52Z</time>
      </trkpt>
      <trkpt lat="23.066021" lon="113.268643">
        <time>2026-06-13T00:14:57Z</time>
      </trkpt>
      <trkpt lat="23.066075" lon="113.26856">
        <time>2026-06-13T00:15:02Z</time>
      </trkpt>
      <trkpt lat="23.066156" lon="113.268436">
        <time>2026-06-13T00:15:07Z</time>
      </trkpt>
      <trkpt lat="23.066215" lon="113.268351">
        <time>2026-06-13T00:15:12Z</time>
      </trkpt>
      <trkpt lat="23.066313" lon="113.26823">
        <time>2026-06-13T00:15:17Z</time>
      </trkpt>
      <trkpt lat="23.066391" lon="113.26817">
        <time>2026-06-13T00:15:22Z</time>
      </trkpt>
      <trkpt lat="23.066528" lon="113.26814">
        <time>2026-06-13T00:15:27Z</time>
      </trkpt>
      <trkpt lat="23.066621" lon="113.268156">
        <time>2026-06-13T00:15:32Z</time>
      </trkpt>
      <trkpt lat="23.066749" lon="113.268172">
        <time>2026-06-13T00:15:37Z</time>
      </trkpt>
      <trkpt lat="23.066777" lon="113.268099">
        <time>2026-06-13T00:15:42Z</time>
      </trkpt>
      <trkpt lat="23.066646" lon="113.268004">
        <time>2026-06-13T00:15:47Z</time>
      </trkpt>
      <trkpt lat="23.066541" lon="113.267971">
        <time>2026-06-13T00:15:52Z</time>
      </trkpt>
      <trkpt lat="23.066394" lon="113.267936">
        <time>2026-06-13T00:15:57Z</time>
      </trkpt>
      <trkpt lat="23.066297" lon="113.267949">
        <time>2026-06-13T00:16:02Z</time>
      </trkpt>
      <trkpt lat="23.066179" lon="113.268028">
        <time>2026-06-13T00:16:07Z</time>
      </trkpt>
      <trkpt lat="23.066112" lon="113.2681">
        <time>2026-06-13T00:16:12Z</time>
      </trkpt>
      <trkpt lat="23.06602" lon="113.268222">
        <time>2026-06-13T00:16:17Z</time>
      </trkpt>
      <trkpt lat="23.065959" lon="113.268301">
        <time>2026-06-13T00:16:22Z</time>
      </trkpt>
      <trkpt lat="23.065871" lon="113.268419">
        <time>2026-06-13T00:16:27Z</time>
      </trkpt>
      <trkpt lat="23.065821" lon="113.268503">
        <time>2026-06-13T00:16:32Z</time>
      </trkpt>
      <trkpt lat="23.065753" lon="113.268632">
        <time>2026-06-13T00:16:37Z</time>
      </trkpt>
      <trkpt lat="23.065708" lon="113.26872">
        <time>2026-06-13T00:16:42Z</time>
      </trkpt>
      <trkpt lat="23.065649" lon="113.268853">
        <time>2026-06-13T00:16:47Z</time>
      </trkpt>
      <trkpt lat="23.065615" lon="113.268946">
        <time>2026-06-13T00:16:52Z</time>
      </trkpt>
      <trkpt lat="23.065571" lon="113.269087">
        <time>2026-06-13T00:16:57Z</time>
      </trkpt>
      <trkpt lat="23.065548" lon="113.269183">
        <time>2026-06-13T00:17:02Z</time>
      </trkpt>
      <trkpt lat="23.065517" lon="113.269334">
        <time>2026-06-13T00:17:07Z</time>
      </trkpt>
      <trkpt lat="23.065496" lon="113.269437">
        <time>2026-06-13T00:17:12Z</time>
      </trkpt>
      <trkpt lat="23.065466" lon="113.26959">
        <time>2026-06-13T00:17:17Z</time>
      </trkpt>
      <trkpt lat="23.065445" lon="113.26969">
        <time>2026-06-13T00:17:22Z</time>
      </trkpt>
      <trkpt lat="23.065396" lon="113.269827">
        <time>2026-06-13T00:17:27Z</time>
      </trkpt>
      <trkpt lat="23.065364" lon="113.269922">
        <time>2026-06-13T00:17:32Z</time>
      </trkpt>
      <trkpt lat="23.065311" lon="113.270067">
        <time>2026-06-13T00:17:37Z</time>
      </trkpt>
      <trkpt lat="23.06527" lon="113.270165">
        <time>2026-06-13T00:17:42Z</time>
      </trkpt>
      <trkpt lat="23.065202" lon="113.270306">
        <time>2026-06-13T00:17:47Z</time>
      </trkpt>
      <trkpt lat="23.065162" lon="113.2704">
        <time>2026-06-13T00:17:52Z</time>
      </trkpt>
      <trkpt lat="23.065097" lon="113.270531">
        <time>2026-06-13T00:17:57Z</time>
      </trkpt>
      <trkpt lat="23.065057" lon="113.270615">
        <time>2026-06-13T00:18:02Z</time>
      </trkpt>
      <trkpt lat="23.065" lon="113.270741">
        <time>2026-06-13T00:18:07Z</time>
      </trkpt>
      <trkpt lat="23.064962" lon="113.270819">
        <time>2026-06-13T00:18:12Z</time>
      </trkpt>
      <trkpt lat="23.064906" lon="113.27094">
        <time>2026-06-13T00:18:17Z</time>
      </trkpt>
      <trkpt lat="23.064873" lon="113.271026">
        <time>2026-06-13T00:18:22Z</time>
      </trkpt>
      <trkpt lat="23.064813" lon="113.271153">
        <time>2026-06-13T00:18:27Z</time>
      </trkpt>
      <trkpt lat="23.064776" lon="113.271236">
        <time>2026-06-13T00:18:32Z</time>
      </trkpt>
      <trkpt lat="23.064718" lon="113.27136">
        <time>2026-06-13T00:18:37Z</time>
      </trkpt>
      <trkpt lat="23.064678" lon="113.27144">
        <time>2026-06-13T00:18:42Z</time>
      </trkpt>
      <trkpt lat="23.064616" lon="113.271561">
        <time>2026-06-13T00:18:47Z</time>
      </trkpt>
      <trkpt lat="23.064579" lon="113.271646">
        <time>2026-06-13T00:18:52Z</time>
      </trkpt>
      <trkpt lat="23.064523" lon="113.271776">
        <time>2026-06-13T00:18:57Z</time>
      </trkpt>
      <trkpt lat="23.064484" lon="113.271862">
        <time>2026-06-13T00:19:02Z</time>
      </trkpt>
      <trkpt lat="23.064427" lon="113.271989">
        <time>2026-06-13T00:19:07Z</time>
      </trkpt>
      <trkpt lat="23.064389" lon="113.272066">
        <time>2026-06-13T00:19:12Z</time>
      </trkpt>
      <trkpt lat="23.064311" lon="113.272169">
        <time>2026-06-13T00:19:17Z</time>
      </trkpt>
      <trkpt lat="23.064296" lon="113.272259">
        <time>2026-06-13T00:19:22Z</time>
      </trkpt>
      <trkpt lat="23.064303" lon="113.272387">
        <time>2026-06-13T00:19:27Z</time>
      </trkpt>
      <trkpt lat="23.064298" lon="113.272471">
        <time>2026-06-13T00:19:32Z</time>
      </trkpt>
      <trkpt lat="23.0643" lon="113.272607">
        <time>2026-06-13T00:19:37Z</time>
      </trkpt>
      <trkpt lat="23.064316" lon="113.272695">
        <time>2026-06-13T00:19:42Z</time>
      </trkpt>
      <trkpt lat="23.064364" lon="113.272825">
        <time>2026-06-13T00:19:47Z</time>
      </trkpt>
      <trkpt lat="23.064391" lon="113.27291">
        <time>2026-06-13T00:19:52Z</time>
      </trkpt>
      <trkpt lat="23.064433" lon="113.273037">
        <time>2026-06-13T00:19:57Z</time>
      </trkpt>
      <trkpt lat="23.064456" lon="113.273123">
        <time>2026-06-13T00:20:02Z</time>
      </trkpt>
      <trkpt lat="23.064438" lon="113.273247">
        <time>2026-06-13T00:20:07Z</time>
      </trkpt>
      <trkpt lat="23.064385" lon="113.273317">
        <time>2026-06-13T00:20:12Z</time>
      </trkpt>
      <trkpt lat="23.064265" lon="113.273404">
        <time>2026-06-13T00:20:17Z</time>
      </trkpt>
      <trkpt lat="23.064185" lon="113.273456">
        <time>2026-06-13T00:20:22Z</time>
      </trkpt>
      <trkpt lat="23.064077" lon="113.27354">
        <time>2026-06-13T00:20:27Z</time>
      </trkpt>
      <trkpt lat="23.064008" lon="113.273599">
        <time>2026-06-13T00:20:32Z</time>
      </trkpt>
      <trkpt lat="23.06391" lon="113.273695">
        <time>2026-06-13T00:20:37Z</time>
      </trkpt>
      <trkpt lat="23.063856" lon="113.273772">
        <time>2026-06-13T00:20:42Z</time>
      </trkpt>
      <trkpt lat="23.063784" lon="113.273894">
        <time>2026-06-13T00:20:47Z</time>
      </trkpt>
      <trkpt lat="23.063743" lon="113.273971">
        <time>2026-06-13T00:20:52Z</time>
      </trkpt>
      <trkpt lat="23.06367" lon="113.274072">
        <time>2026-06-13T00:20:57Z</time>
      </trkpt>
      <trkpt lat="23.063599" lon="113.274108">
        <time>2026-06-13T00:21:02Z</time>
      </trkpt>
      <trkpt lat="23.063477" lon="113.274077">
        <time>2026-06-13T00:21:07Z</time>
      </trkpt>
      <trkpt lat="23.06339" lon="113.274093">
        <time>2026-06-13T00:21:12Z</time>
      </trkpt>
      <trkpt lat="23.063313" lon="113.274229">
        <time>2026-06-13T00:21:17Z</time>
      </trkpt>
      <trkpt lat="23.063283" lon="113.274328">
        <time>2026-06-13T00:21:22Z</time>
      </trkpt>
      <trkpt lat="23.063248" lon="113.274475">
        <time>2026-06-13T00:21:27Z</time>
      </trkpt>
      <trkpt lat="23.063222" lon="113.274569">
        <time>2026-06-13T00:21:32Z</time>
      </trkpt>
      <trkpt lat="23.063181" lon="113.274705">
        <time>2026-06-13T00:21:37Z</time>
      </trkpt>
      <trkpt lat="23.063151" lon="113.2748">
        <time>2026-06-13T00:21:42Z</time>
      </trkpt>
      <trkpt lat="23.06311" lon="113.274943">
        <time>2026-06-13T00:21:47Z</time>
      </trkpt>
      <trkpt lat="23.063086" lon="113.275035">
        <time>2026-06-13T00:21:52Z</time>
      </trkpt>
      <trkpt lat="23.06302" lon="113.275161">
        <time>2026-06-13T00:21:57Z</time>
      </trkpt>
      <trkpt lat="23.062942" lon="113.275218">
        <time>2026-06-13T00:22:02Z</time>
      </trkpt>
      <trkpt lat="23.062922" lon="113.275347">
        <time>2026-06-13T00:22:07Z</time>
      </trkpt>
      <trkpt lat="23.062977" lon="113.275424">
        <time>2026-06-13T00:22:12Z</time>
      </trkpt>
      <trkpt lat="23.063059" lon="113.275386">
        <time>2026-06-13T00:22:17Z</time>
      </trkpt>
      <trkpt lat="23.063107" lon="113.275297">
        <time>2026-06-13T00:22:22Z</time>
      </trkpt>
      <trkpt lat="23.063183" lon="113.275165">
        <time>2026-06-13T00:22:27Z</time>
      </trkpt>
      <trkpt lat="23.063233" lon="113.275079">
        <time>2026-06-13T00:22:32Z</time>
      </trkpt>
      <trkpt lat="23.063288" lon="113.274942">
        <time>2026-06-13T00:22:37Z</time>
      </trkpt>
      <trkpt lat="23.063316" lon="113.274848">
        <time>2026-06-13T00:22:42Z</time>
      </trkpt>
      <trkpt lat="23.06336" lon="113.274723">
        <time>2026-06-13T00:22:47Z</time>
      </trkpt>
      <trkpt lat="23.063392" lon="113.27465">
        <time>2026-06-13T00:22:52Z</time>
      </trkpt>
      <trkpt lat="23.063427" lon="113.274535">
        <time>2026-06-13T00:22:57Z</time>
      </trkpt>
      <trkpt lat="23.063451" lon="113.274457">
        <time>2026-06-13T00:23:02Z</time>
      </trkpt>
      <trkpt lat="23.063526" lon="113.274386">
        <time>2026-06-13T00:23:07Z</time>
      </trkpt>
      <trkpt lat="23.063599" lon="113.274333">
        <time>2026-06-13T00:23:12Z</time>
      </trkpt>
      <trkpt lat="23.063695" lon="113.274237">
        <time>2026-06-13T00:23:17Z</time>
      </trkpt>
      <trkpt lat="23.063763" lon="113.27418">
        <time>2026-06-13T00:23:22Z</time>
      </trkpt>
      <trkpt lat="23.063848" lon="113.274074">
        <time>2026-06-13T00:23:27Z</time>
      </trkpt>
      <trkpt lat="23.063894" lon="113.273992">
        <time>2026-06-13T00:23:32Z</time>
      </trkpt>
      <trkpt lat="23.063959" lon="113.273867">
        <time>2026-06-13T00:23:37Z</time>
      </trkpt>
      <trkpt lat="23.06401" lon="113.273789">
        <time>2026-06-13T00:23:42Z</time>
      </trkpt>
      <trkpt lat="23.064109" lon="113.273694">
        <time>2026-06-13T00:23:47Z</time>
      </trkpt>
      <trkpt lat="23.064183" lon="113.273645">
        <time>2026-06-13T00:23:52Z</time>
      </trkpt>
      <trkpt lat="23.064293" lon="113.273573">
        <time>2026-06-13T00:23:57Z</time>
      </trkpt>
      <trkpt lat="23.064359" lon="113.273521">
        <time>2026-06-13T00:24:02Z</time>
      </trkpt>
      <trkpt lat="23.064456" lon="113.273434">
        <time>2026-06-13T00:24:07Z</time>
      </trkpt>
      <trkpt lat="23.06452" lon="113.273366">
        <time>2026-06-13T00:24:12Z</time>
      </trkpt>
      <trkpt lat="23.064589" lon="113.273229">
        <time>2026-06-13T00:24:17Z</time>
      </trkpt>
      <trkpt lat="23.064594" lon="113.273129">
        <time>2026-06-13T00:24:22Z</time>
      </trkpt>
      <trkpt lat="23.064561" lon="113.27299">
        <time>2026-06-13T00:24:27Z</time>
      </trkpt>
      <trkpt lat="23.064529" lon="113.272898">
        <time>2026-06-13T00:24:32Z</time>
      </trkpt>
      <trkpt lat="23.06449" lon="113.272763">
        <time>2026-06-13T00:24:37Z</time>
      </trkpt>
      <trkpt lat="23.064468" lon="113.272675">
        <time>2026-06-13T00:24:42Z</time>
      </trkpt>
      <trkpt lat="23.064478" lon="113.272542">
        <time>2026-06-13T00:24:47Z</time>
      </trkpt>
      <trkpt lat="23.064531" lon="113.272465">
        <time>2026-06-13T00:24:52Z</time>
      </trkpt>
      <trkpt lat="23.064573" lon="113.272322">
        <time>2026-06-13T00:24:57Z</time>
      </trkpt>
      <trkpt lat="23.064576" lon="113.272224">
        <time>2026-06-13T00:25:02Z</time>
      </trkpt>
      <trkpt lat="23.064614" lon="113.272087">
        <time>2026-06-13T00:25:07Z</time>
      </trkpt>
      <trkpt lat="23.064655" lon="113.272005">
        <time>2026-06-13T00:25:12Z</time>
      </trkpt>
      <trkpt lat="23.064716" lon="113.271883">
        <time>2026-06-13T00:25:17Z</time>
      </trkpt>
      <trkpt lat="23.064753" lon="113.271794">
        <time>2026-06-13T00:25:22Z</time>
      </trkpt>
      <trkpt lat="23.064816" lon="113.271665">
        <time>2026-06-13T00:25:27Z</time>
      </trkpt>
      <trkpt lat="23.06486" lon="113.271584">
        <time>2026-06-13T00:25:32Z</time>
      </trkpt>
      <trkpt lat="23.064916" lon="113.271453">
        <time>2026-06-13T00:25:37Z</time>
      </trkpt>
      <trkpt lat="23.064955" lon="113.271366">
        <time>2026-06-13T00:25:42Z</time>
      </trkpt>
      <trkpt lat="23.065006" lon="113.271235">
        <time>2026-06-13T00:25:47Z</time>
      </trkpt>
      <trkpt lat="23.065057" lon="113.271156">
        <time>2026-06-13T00:25:52Z</time>
      </trkpt>
      <trkpt lat="23.065127" lon="113.271027">
        <time>2026-06-13T00:25:57Z</time>
      </trkpt>
      <trkpt lat="23.065162" lon="113.270933">
        <time>2026-06-13T00:26:02Z</time>
      </trkpt>
      <trkpt lat="23.065224" lon="113.270798">
        <time>2026-06-13T00:26:07Z</time>
      </trkpt>
      <trkpt lat="23.065265" lon="113.270712">
        <time>2026-06-13T00:26:12Z</time>
      </trkpt>
      <trkpt lat="23.065322" lon="113.270586">
        <time>2026-06-13T00:26:17Z</time>
      </trkpt>
      <trkpt lat="23.065365" lon="113.270509">
        <time>2026-06-13T00:26:22Z</time>
      </trkpt>
      <trkpt lat="23.065422" lon="113.270385">
        <time>2026-06-13T00:26:27Z</time>
      </trkpt>
      <trkpt lat="23.06546" lon="113.2703">
        <time>2026-06-13T00:26:32Z</time>
      </trkpt>
      <trkpt lat="23.065514" lon="113.270164">
        <time>2026-06-13T00:26:37Z</time>
      </trkpt>
      <trkpt lat="23.065545" lon="113.270073">
        <time>2026-06-13T00:26:42Z</time>
      </trkpt>
      <trkpt lat="23.065589" lon="113.269937">
        <time>2026-06-13T00:26:47Z</time>
      </trkpt>
      <trkpt lat="23.065612" lon="113.269842">
        <time>2026-06-13T00:26:52Z</time>
      </trkpt>
      <trkpt lat="23.065656" lon="113.2697">
        <time>2026-06-13T00:26:57Z</time>
      </trkpt>
      <trkpt lat="23.06569" lon="113.269611">
        <time>2026-06-13T00:27:02Z</time>
      </trkpt>
      <trkpt lat="23.065725" lon="113.26947">
        <time>2026-06-13T00:27:07Z</time>
      </trkpt>
      <trkpt lat="23.065743" lon="113.269374">
        <time>2026-06-13T00:27:12Z</time>
      </trkpt>
      <trkpt lat="23.065778" lon="113.269232">
        <time>2026-06-13T00:27:17Z</time>
      </trkpt>
      <trkpt lat="23.065805" lon="113.269138">
        <time>2026-06-13T00:27:22Z</time>
      </trkpt>
      <trkpt lat="23.065856" lon="113.269007">
        <time>2026-06-13T00:27:27Z</time>
      </trkpt>
      <trkpt lat="23.065899" lon="113.268921">
        <time>2026-06-13T00:27:32Z</time>
      </trkpt>
      <trkpt lat="23.065958" lon="113.268795">
        <time>2026-06-13T00:27:37Z</time>
      </trkpt>
      <trkpt lat="23.065999" lon="113.268712">
        <time>2026-06-13T00:27:42Z</time>
      </trkpt>
      <trkpt lat="23.066069" lon="113.268588">
        <time>2026-06-13T00:27:47Z</time>
      </trkpt>
      <trkpt lat="23.066124" lon="113.268505">
        <time>2026-06-13T00:27:52Z</time>
      </trkpt>
      <trkpt lat="23.066207" lon="113.268382">
        <time>2026-06-13T00:27:57Z</time>
      </trkpt>
      <trkpt lat="23.066268" lon="113.268307">
        <time>2026-06-13T00:28:02Z</time>
      </trkpt>
      <trkpt lat="23.066369" lon="113.268201">
        <time>2026-06-13T00:28:07Z</time>
      </trkpt>
      <trkpt lat="23.066452" lon="113.268155">
        <time>2026-06-13T00:28:12Z</time>
      </trkpt>
      <trkpt lat="23.066594" lon="113.268149">
        <time>2026-06-13T00:28:17Z</time>
      </trkpt>
      <trkpt lat="23.066691" lon="113.268153">
        <time>2026-06-13T00:28:22Z</time>
      </trkpt>
      <trkpt lat="23.066825" lon="113.268159">
        <time>2026-06-13T00:28:27Z</time>
      </trkpt>
      <trkpt lat="23.066911" lon="113.268179">
        <time>2026-06-13T00:28:32Z</time>
      </trkpt>
      <trkpt lat="23.067033" lon="113.268211">
        <time>2026-06-13T00:28:37Z</time>
      </trkpt>
      <trkpt lat="23.067111" lon="113.268237">
        <time>2026-06-13T00:28:42Z</time>
      </trkpt>
      <trkpt lat="23.067225" lon="113.268274">
        <time>2026-06-13T00:28:47Z</time>
      </trkpt>
      <trkpt lat="23.067288" lon="113.268311">
        <time>2026-06-13T00:28:52Z</time>
      </trkpt>
      <trkpt lat="23.067392" lon="113.268371">
        <time>2026-06-13T00:28:57Z</time>
      </trkpt>
      <trkpt lat="23.06747" lon="113.268415">
        <time>2026-06-13T00:29:02Z</time>
      </trkpt>
      <trkpt lat="23.067595" lon="113.268486">
        <time>2026-06-13T00:29:07Z</time>
      </trkpt>
      <trkpt lat="23.067687" lon="113.268536">
        <time>2026-06-13T00:29:12Z</time>
      </trkpt>
      <trkpt lat="23.067811" lon="113.268604">
        <time>2026-06-13T00:29:17Z</time>
      </trkpt>
      <trkpt lat="23.067882" lon="113.268656">
        <time>2026-06-13T00:29:22Z</time>
      </trkpt>
      <trkpt lat="23.06799" lon="113.268732">
        <time>2026-06-13T00:29:27Z</time>
      </trkpt>
      <trkpt lat="23.068059" lon="113.268763">
        <time>2026-06-13T00:29:32Z</time>
      </trkpt>
      <trkpt lat="23.068161" lon="113.268801">
        <time>2026-06-13T00:29:37Z</time>
      </trkpt>
      <trkpt lat="23.06823" lon="113.268818">
        <time>2026-06-13T00:29:42Z</time>
      </trkpt>
      <trkpt lat="23.068359" lon="113.268889">
        <time>2026-06-13T00:29:47Z</time>
      </trkpt>
      <trkpt lat="23.068449" lon="113.268944">
        <time>2026-06-13T00:29:52Z</time>
      </trkpt>
      <trkpt lat="23.068568" lon="113.269037">
        <time>2026-06-13T00:29:57Z</time>
      </trkpt>
      <trkpt lat="23.068644" lon="113.26909">
        <time>2026-06-13T00:30:02Z</time>
      </trkpt>
      <trkpt lat="23.068758" lon="113.269169">
        <time>2026-06-13T00:30:07Z</time>
      </trkpt>
      <trkpt lat="23.068854" lon="113.269207">
        <time>2026-06-13T00:30:12Z</time>
      </trkpt>
      <trkpt lat="23.069001" lon="113.269246">
        <time>2026-06-13T00:30:17Z</time>
      </trkpt>
      <trkpt lat="23.069081" lon="113.269272">
        <time>2026-06-13T00:30:22Z</time>
      </trkpt>
      <trkpt lat="23.069216" lon="113.269311">
        <time>2026-06-13T00:30:27Z</time>
      </trkpt>
      <trkpt lat="23.069306" lon="113.269358">
        <time>2026-06-13T00:30:32Z</time>
      </trkpt>
      <trkpt lat="23.069441" lon="113.269427">
        <time>2026-06-13T00:30:37Z</time>
      </trkpt>
      <trkpt lat="23.069526" lon="113.26947">
        <time>2026-06-13T00:30:42Z</time>
      </trkpt>
      <trkpt lat="23.069653" lon="113.269546">
        <time>2026-06-13T00:30:47Z</time>
      </trkpt>
      <trkpt lat="23.069735" lon="113.269597">
        <time>2026-06-13T00:30:52Z</time>
      </trkpt>
      <trkpt lat="23.069851" lon="113.269665">
        <time>2026-06-13T00:30:57Z</time>
      </trkpt>
      <trkpt lat="23.069928" lon="113.269711">
        <time>2026-06-13T00:31:02Z</time>
      </trkpt>
      <trkpt lat="23.070056" lon="113.269789">
        <time>2026-06-13T00:31:07Z</time>
      </trkpt>
      <trkpt lat="23.070141" lon="113.269838">
        <time>2026-06-13T00:31:12Z</time>
      </trkpt>
      <trkpt lat="23.070262" lon="113.269897">
        <time>2026-06-13T00:31:17Z</time>
      </trkpt>
      <trkpt lat="23.07034" lon="113.269931">
        <time>2026-06-13T00:31:22Z</time>
      </trkpt>
      <trkpt lat="23.070456" lon="113.26998">
        <time>2026-06-13T00:31:27Z</time>
      </trkpt>
      <trkpt lat="23.070555" lon="113.269984">
        <time>2026-06-13T00:31:32Z</time>
      </trkpt>
      <trkpt lat="23.070694" lon="113.270018">
        <time>2026-06-13T00:31:37Z</time>
      </trkpt>
      <trkpt lat="23.070777" lon="113.270055">
        <time>2026-06-13T00:31:42Z</time>
      </trkpt>
      <trkpt lat="23.070887" lon="113.270109">
        <time>2026-06-13T00:31:47Z</time>
      </trkpt>
      <trkpt lat="23.070959" lon="113.270162">
        <time>2026-06-13T00:31:52Z</time>
      </trkpt>
      <trkpt lat="23.071078" lon="113.270226">
        <time>2026-06-13T00:31:57Z</time>
      </trkpt>
      <trkpt lat="23.071157" lon="113.270262">
        <time>2026-06-13T00:32:02Z</time>
      </trkpt>
      <trkpt lat="23.071263" lon="113.270319">
        <time>2026-06-13T00:32:07Z</time>
      </trkpt>
      <trkpt lat="23.071334" lon="113.270359">
        <time>2026-06-13T00:32:12Z</time>
      </trkpt>
      <trkpt lat="23.071434" lon="113.270419">
        <time>2026-06-13T00:32:17Z</time>
      </trkpt>
      <trkpt lat="23.071505" lon="113.270464">
        <time>2026-06-13T00:32:22Z</time>
      </trkpt>
      <trkpt lat="23.071621" lon="113.270525">
        <time>2026-06-13T00:32:27Z</time>
      </trkpt>
      <trkpt lat="23.071696" lon="113.270569">
        <time>2026-06-13T00:32:32Z</time>
      </trkpt>
      <trkpt lat="23.07182" lon="113.270641">
        <time>2026-06-13T00:32:37Z</time>
      </trkpt>
      <trkpt lat="23.071897" lon="113.270695">
        <time>2026-06-13T00:32:42Z</time>
      </trkpt>
      <trkpt lat="23.072029" lon="113.270717">
        <time>2026-06-13T00:32:47Z</time>
      </trkpt>
      <trkpt lat="23.072108" lon="113.270746">
        <time>2026-06-13T00:32:52Z</time>
      </trkpt>
      <trkpt lat="23.072214" lon="113.270811">
        <time>2026-06-13T00:32:57Z</time>
      </trkpt>
      <trkpt lat="23.072283" lon="113.270852">
        <time>2026-06-13T00:33:02Z</time>
      </trkpt>
      <trkpt lat="23.072415" lon="113.270898">
        <time>2026-06-13T00:33:07Z</time>
      </trkpt>
      <trkpt lat="23.072501" lon="113.27095">
        <time>2026-06-13T00:33:12Z</time>
      </trkpt>
      <trkpt lat="23.072609" lon="113.271028">
        <time>2026-06-13T00:33:17Z</time>
      </trkpt>
      <trkpt lat="23.07268" lon="113.271069">
        <time>2026-06-13T00:33:22Z</time>
      </trkpt>
      <trkpt lat="23.072795" lon="113.271116">
        <time>2026-06-13T00:33:27Z</time>
      </trkpt>
      <trkpt lat="23.072872" lon="113.27115">
        <time>2026-06-13T00:33:32Z</time>
      </trkpt>
      <trkpt lat="23.072991" lon="113.271216">
        <time>2026-06-13T00:33:37Z</time>
      </trkpt>
      <trkpt lat="23.07308" lon="113.271248">
        <time>2026-06-13T00:33:42Z</time>
      </trkpt>
      <trkpt lat="23.073248" lon="113.271265">
        <time>2026-06-13T00:33:47Z</time>
      </trkpt>
      <trkpt lat="23.073335" lon="113.271291">
        <time>2026-06-13T00:33:52Z</time>
      </trkpt>
      <trkpt lat="23.073446" lon="113.271351">
        <time>2026-06-13T00:33:57Z</time>
      </trkpt>
      <trkpt lat="23.073508" lon="113.271408">
        <time>2026-06-13T00:34:02Z</time>
      </trkpt>
      <trkpt lat="23.073621" lon="113.271486">
        <time>2026-06-13T00:34:07Z</time>
      </trkpt>
      <trkpt lat="23.07371" lon="113.271539">
        <time>2026-06-13T00:34:12Z</time>
      </trkpt>
      <trkpt lat="23.07383" lon="113.271582">
        <time>2026-06-13T00:34:17Z</time>
      </trkpt>
      <trkpt lat="23.073902" lon="113.271609">
        <time>2026-06-13T00:34:22Z</time>
      </trkpt>
      <trkpt lat="23.074011" lon="113.271646">
        <time>2026-06-13T00:34:27Z</time>
      </trkpt>
      <trkpt lat="23.074076" lon="113.271695">
        <time>2026-06-13T00:34:32Z</time>
      </trkpt>
      <trkpt lat="23.074112" lon="113.271801">
        <time>2026-06-13T00:34:37Z</time>
      </trkpt>
      <trkpt lat="23.074082" lon="113.271877">
        <time>2026-06-13T00:34:42Z</time>
      </trkpt>
      <trkpt lat="23.074035" lon="113.271982">
        <time>2026-06-13T00:34:47Z</time>
      </trkpt>
      <trkpt lat="23.074008" lon="113.272044">
        <time>2026-06-13T00:34:52Z</time>
      </trkpt>
      <trkpt lat="23.073967" lon="113.272141">
        <time>2026-06-13T00:34:57Z</time>
      </trkpt>
      <trkpt lat="23.073927" lon="113.272222">
        <time>2026-06-13T00:35:02Z</time>
      </trkpt>
      <trkpt lat="23.073859" lon="113.27234">
        <time>2026-06-13T00:35:07Z</time>
      </trkpt>
      <trkpt lat="23.073827" lon="113.272426">
        <time>2026-06-13T00:35:12Z</time>
      </trkpt>
      <trkpt lat="23.073777" lon="113.272555">
        <time>2026-06-13T00:35:17Z</time>
      </trkpt>
      <trkpt lat="23.073739" lon="113.272638">
        <time>2026-06-13T00:35:22Z</time>
      </trkpt>
      <trkpt lat="23.073684" lon="113.272757">
        <time>2026-06-13T00:35:27Z</time>
      </trkpt>
      <trkpt lat="23.073651" lon="113.272833">
        <time>2026-06-13T00:35:32Z</time>
      </trkpt>
      <trkpt lat="23.073607" lon="113.27295">
        <time>2026-06-13T00:35:37Z</time>
      </trkpt>
      <trkpt lat="23.07358" lon="113.273012">
        <time>2026-06-13T00:35:42Z</time>
      </trkpt>
      <trkpt lat="23.07361" lon="113.272999">
        <time>2026-06-13T00:35:47Z</time>
      </trkpt>
      <trkpt lat="23.073645" lon="113.272939">
        <time>2026-06-13T00:35:52Z</time>
      </trkpt>
      <trkpt lat="23.073699" lon="113.272856">
        <time>2026-06-13T00:35:57Z</time>
      </trkpt>
      <trkpt lat="23.073741" lon="113.272842">
        <time>2026-06-13T00:36:02Z</time>
      </trkpt>
      <trkpt lat="23.073763" lon="113.272871">
        <time>2026-06-13T00:36:07Z</time>
      </trkpt>
      <trkpt lat="23.073848" lon="113.272954">
        <time>2026-06-13T00:36:12Z</time>
      </trkpt>
      <trkpt lat="23.07392" lon="113.273006">
        <time>2026-06-13T00:36:17Z</time>
      </trkpt>
      <trkpt lat="23.074029" lon="113.273006">
        <time>2026-06-13T00:36:22Z</time>
      </trkpt>
      <trkpt lat="23.074046" lon="113.272911">
        <time>2026-06-13T00:36:27Z</time>
      </trkpt>
      <trkpt lat="23.074074" lon="113.272778">
        <time>2026-06-13T00:36:32Z</time>
      </trkpt>
      <trkpt lat="23.074101" lon="113.272703">
        <time>2026-06-13T00:36:37Z</time>
      </trkpt>
      <trkpt lat="23.074132" lon="113.272593">
        <time>2026-06-13T00:36:42Z</time>
      </trkpt>
      <trkpt lat="23.074161" lon="113.272529">
        <time>2026-06-13T00:36:47Z</time>
      </trkpt>
      <trkpt lat="23.074228" lon="113.272406">
        <time>2026-06-13T00:36:52Z</time>
      </trkpt>
      <trkpt lat="23.074266" lon="113.272319">
        <time>2026-06-13T00:36:57Z</time>
      </trkpt>
      <trkpt lat="23.0743" lon="113.272198">
        <time>2026-06-13T00:37:02Z</time>
      </trkpt>
      <trkpt lat="23.074336" lon="113.27213">
        <time>2026-06-13T00:37:07Z</time>
      </trkpt>
      <trkpt lat="23.074441" lon="113.272047">
        <time>2026-06-13T00:37:12Z</time>
      </trkpt>
      <trkpt lat="23.074511" lon="113.272024">
        <time>2026-06-13T00:37:19Z</time>
      </trkpt>
    </trkseg>
  </trk>
</gpx>