<?xml version="1.0" encoding="UTF-8"?>
<gpx xmlns="http://www.topografix.com/GPX/1/1" xmlns:gpxtpx="http://www.garmin.com/xmlschemas/TrackPointExtension/v1" xmlns:xsi="http://www.w3.org/2001/XMLSchema-instance" xsi:schemaLocation="http://www.topografix.com/GPX/1/1 http://www.topografix.com/GPX/1/1/gpx.xsd" version="1.1" creator="gpx.py -- https://github.com/tkrajina/gpxpy">
  <trk>
    <name>gpx from joyrun</name>
    <trkseg>
      <trkpt lat="23.067265" lon="113.268379">
        <time>2026-06-19T22:03:08Z</time>
      </trkpt>
      <trkpt lat="23.067257" lon="113.26837">
        <time>2026-06-19T22:03:13Z</time>
      </trkpt>
      <trkpt lat="23.067143" lon="113.268285">
        <time>2026-06-19T22:03:18Z</time>
      </trkpt>
      <trkpt lat="23.067143" lon="113.268285">
        <time>2026-06-19T22:03:23Z</time>
      </trkpt>
      <trkpt lat="23.067143" lon="113.268285">
        <time>2026-06-19T22:03:28Z</time>
      </trkpt>
      <trkpt lat="23.067125" lon="113.268268">
        <time>2026-06-19T22:03:33Z</time>
      </trkpt>
      <trkpt lat="23.06709" lon="113.26822">
        <time>2026-06-19T22:03:38Z</time>
      </trkpt>
      <trkpt lat="23.066961" lon="113.268169">
        <time>2026-06-19T22:03:43Z</time>
      </trkpt>
      <trkpt lat="23.066849" lon="113.268169">
        <time>2026-06-19T22:03:48Z</time>
      </trkpt>
      <trkpt lat="23.066688" lon="113.268153">
        <time>2026-06-19T22:03:53Z</time>
      </trkpt>
      <trkpt lat="23.06658" lon="113.268122">
        <time>2026-06-19T22:03:58Z</time>
      </trkpt>
      <trkpt lat="23.066413" lon="113.26806">
        <time>2026-06-19T22:04:03Z</time>
      </trkpt>
      <trkpt lat="23.066299" lon="113.268045">
        <time>2026-06-19T22:04:08Z</time>
      </trkpt>
      <trkpt lat="23.066156" lon="113.268083">
        <time>2026-06-19T22:04:13Z</time>
      </trkpt>
      <trkpt lat="23.066084" lon="113.268151">
        <time>2026-06-19T22:04:18Z</time>
      </trkpt>
      <trkpt lat="23.065976" lon="113.268272">
        <time>2026-06-19T22:04:23Z</time>
      </trkpt>
      <trkpt lat="23.065917" lon="113.268366">
        <time>2026-06-19T22:04:28Z</time>
      </trkpt>
      <trkpt lat="23.065824" lon="113.268504">
        <time>2026-06-19T22:04:33Z</time>
      </trkpt>
      <trkpt lat="23.065766" lon="113.268589">
        <time>2026-06-19T22:04:38Z</time>
      </trkpt>
      <trkpt lat="23.065701" lon="113.268729">
        <time>2026-06-19T22:04:43Z</time>
      </trkpt>
      <trkpt lat="23.06566" lon="113.268824">
        <time>2026-06-19T22:04:48Z</time>
      </trkpt>
      <trkpt lat="23.065608" lon="113.268964">
        <time>2026-06-19T22:04:53Z</time>
      </trkpt>
      <trkpt lat="23.065581" lon="113.269048">
        <time>2026-06-19T22:04:58Z</time>
      </trkpt>
      <trkpt lat="23.065536" lon="113.269193">
        <time>2026-06-19T22:05:03Z</time>
      </trkpt>
      <trkpt lat="23.065506" lon="113.269296">
        <time>2026-06-19T22:05:08Z</time>
      </trkpt>
      <trkpt lat="23.06547" lon="113.269456">
        <time>2026-06-19T22:05:13Z</time>
      </trkpt>
      <trkpt lat="23.065446" lon="113.269561">
        <time>2026-06-19T22:05:18Z</time>
      </trkpt>
      <trkpt lat="23.065407" lon="113.269715">
        <time>2026-06-19T22:05:23Z</time>
      </trkpt>
      <trkpt lat="23.065376" lon="113.269818">
        <time>2026-06-19T22:05:28Z</time>
      </trkpt>
      <trkpt lat="23.065321" lon="113.269972">
        <time>2026-06-19T22:05:33Z</time>
      </trkpt>
      <trkpt lat="23.065287" lon="113.270075">
        <time>2026-06-19T22:05:38Z</time>
      </trkpt>
      <trkpt lat="23.065229" lon="113.270225">
        <time>2026-06-19T22:05:43Z</time>
      </trkpt>
      <trkpt lat="23.065186" lon="113.270319">
        <time>2026-06-19T22:05:48Z</time>
      </trkpt>
      <trkpt lat="23.065116" lon="113.270469">
        <time>2026-06-19T22:05:53Z</time>
      </trkpt>
      <trkpt lat="23.065069" lon="113.270572">
        <time>2026-06-19T22:05:58Z</time>
      </trkpt>
      <trkpt lat="23.065001" lon="113.270723">
        <time>2026-06-19T22:06:03Z</time>
      </trkpt>
      <trkpt lat="23.064951" lon="113.270817">
        <time>2026-06-19T22:06:08Z</time>
      </trkpt>
      <trkpt lat="23.06489" lon="113.270961">
        <time>2026-06-19T22:06:13Z</time>
      </trkpt>
      <trkpt lat="23.064851" lon="113.271052">
        <time>2026-06-19T22:06:18Z</time>
      </trkpt>
      <trkpt lat="23.064785" lon="113.271188">
        <time>2026-06-19T22:06:23Z</time>
      </trkpt>
      <trkpt lat="23.064745" lon="113.271278">
        <time>2026-06-19T22:06:28Z</time>
      </trkpt>
      <trkpt lat="23.064682" lon="113.271417">
        <time>2026-06-19T22:06:33Z</time>
      </trkpt>
      <trkpt lat="23.06464" lon="113.271514">
        <time>2026-06-19T22:06:38Z</time>
      </trkpt>
      <trkpt lat="23.064581" lon="113.271663">
        <time>2026-06-19T22:06:43Z</time>
      </trkpt>
      <trkpt lat="23.064541" lon="113.271759">
        <time>2026-06-19T22:06:48Z</time>
      </trkpt>
      <trkpt lat="23.064482" lon="113.271906">
        <time>2026-06-19T22:06:53Z</time>
      </trkpt>
      <trkpt lat="23.064438" lon="113.272008">
        <time>2026-06-19T22:06:58Z</time>
      </trkpt>
      <trkpt lat="23.064366" lon="113.272155">
        <time>2026-06-19T22:07:03Z</time>
      </trkpt>
      <trkpt lat="23.064333" lon="113.272255">
        <time>2026-06-19T22:07:08Z</time>
      </trkpt>
      <trkpt lat="23.064321" lon="113.272415">
        <time>2026-06-19T22:07:13Z</time>
      </trkpt>
      <trkpt lat="23.064315" lon="113.272521">
        <time>2026-06-19T22:07:18Z</time>
      </trkpt>
      <trkpt lat="23.064328" lon="113.272677">
        <time>2026-06-19T22:07:23Z</time>
      </trkpt>
      <trkpt lat="23.064354" lon="113.272777">
        <time>2026-06-19T22:07:28Z</time>
      </trkpt>
      <trkpt lat="23.0644" lon="113.272917">
        <time>2026-06-19T22:07:33Z</time>
      </trkpt>
      <trkpt lat="23.064429" lon="113.273013">
        <time>2026-06-19T22:07:38Z</time>
      </trkpt>
      <trkpt lat="23.064449" lon="113.273166">
        <time>2026-06-19T22:07:43Z</time>
      </trkpt>
      <trkpt lat="23.064421" lon="113.273264">
        <time>2026-06-19T22:07:48Z</time>
      </trkpt>
      <trkpt lat="23.06432" lon="113.273378">
        <time>2026-06-19T22:07:53Z</time>
      </trkpt>
      <trkpt lat="23.064233" lon="113.273444">
        <time>2026-06-19T22:07:58Z</time>
      </trkpt>
      <trkpt lat="23.06411" lon="113.273544">
        <time>2026-06-19T22:08:03Z</time>
      </trkpt>
      <trkpt lat="23.064023" lon="113.273609">
        <time>2026-06-19T22:08:08Z</time>
      </trkpt>
      <trkpt lat="23.063909" lon="113.273716">
        <time>2026-06-19T22:08:13Z</time>
      </trkpt>
      <trkpt lat="23.063846" lon="113.273804">
        <time>2026-06-19T22:08:18Z</time>
      </trkpt>
      <trkpt lat="23.063759" lon="113.273948">
        <time>2026-06-19T22:08:23Z</time>
      </trkpt>
      <trkpt lat="23.063701" lon="113.274043">
        <time>2026-06-19T22:08:28Z</time>
      </trkpt>
      <trkpt lat="23.063583" lon="113.274152">
        <time>2026-06-19T22:08:33Z</time>
      </trkpt>
      <trkpt lat="23.063516" lon="113.274223">
        <time>2026-06-19T22:08:38Z</time>
      </trkpt>
      <trkpt lat="23.06345" lon="113.274363">
        <time>2026-06-19T22:08:43Z</time>
      </trkpt>
      <trkpt lat="23.063408" lon="113.274474">
        <time>2026-06-19T22:08:48Z</time>
      </trkpt>
      <trkpt lat="23.063344" lon="113.274642">
        <time>2026-06-19T22:08:53Z</time>
      </trkpt>
      <trkpt lat="23.063302" lon="113.274755">
        <time>2026-06-19T22:08:58Z</time>
      </trkpt>
      <trkpt lat="23.063251" lon="113.274922">
        <time>2026-06-19T22:09:03Z</time>
      </trkpt>
      <trkpt lat="23.063211" lon="113.275029">
        <time>2026-06-19T22:09:08Z</time>
      </trkpt>
      <trkpt lat="23.063132" lon="113.275176">
        <time>2026-06-19T22:09:13Z</time>
      </trkpt>
      <trkpt lat="23.063078" lon="113.275275">
        <time>2026-06-19T22:09:18Z</time>
      </trkpt>
      <trkpt lat="23.063002" lon="113.275419">
        <time>2026-06-19T22:09:23Z</time>
      </trkpt>
      <trkpt lat="23.062939" lon="113.275511">
        <time>2026-06-19T22:09:28Z</time>
      </trkpt>
      <trkpt lat="23.062824" lon="113.275643">
        <time>2026-06-19T22:09:33Z</time>
      </trkpt>
      <trkpt lat="23.062745" lon="113.275723">
        <time>2026-06-19T22:09:38Z</time>
      </trkpt>
      <trkpt lat="23.062627" lon="113.275835">
        <time>2026-06-19T22:09:43Z</time>
      </trkpt>
      <trkpt lat="23.062556" lon="113.275918">
        <time>2026-06-19T22:09:48Z</time>
      </trkpt>
      <trkpt lat="23.062466" lon="113.276054">
        <time>2026-06-19T22:09:53Z</time>
      </trkpt>
      <trkpt lat="23.062421" lon="113.27615">
        <time>2026-06-19T22:09:58Z</time>
      </trkpt>
      <trkpt lat="23.062361" lon="113.276299">
        <time>2026-06-19T22:10:03Z</time>
      </trkpt>
      <trkpt lat="23.062327" lon="113.276401">
        <time>2026-06-19T22:10:08Z</time>
      </trkpt>
      <trkpt lat="23.062273" lon="113.276555">
        <time>2026-06-19T22:10:13Z</time>
      </trkpt>
      <trkpt lat="23.062241" lon="113.276659">
        <time>2026-06-19T22:10:18Z</time>
      </trkpt>
      <trkpt lat="23.062186" lon="113.276812">
        <time>2026-06-19T22:10:23Z</time>
      </trkpt>
      <trkpt lat="23.062149" lon="113.276915">
        <time>2026-06-19T22:10:28Z</time>
      </trkpt>
      <trkpt lat="23.062092" lon="113.277065">
        <time>2026-06-19T22:10:33Z</time>
      </trkpt>
      <trkpt lat="23.062055" lon="113.277173">
        <time>2026-06-19T22:10:38Z</time>
      </trkpt>
      <trkpt lat="23.061992" lon="113.277334">
        <time>2026-06-19T22:10:43Z</time>
      </trkpt>
      <trkpt lat="23.061944" lon="113.27744">
        <time>2026-06-19T22:10:48Z</time>
      </trkpt>
      <trkpt lat="23.061887" lon="113.277594">
        <time>2026-06-19T22:10:53Z</time>
      </trkpt>
      <trkpt lat="23.061854" lon="113.2777">
        <time>2026-06-19T22:10:58Z</time>
      </trkpt>
      <trkpt lat="23.061826" lon="113.27786">
        <time>2026-06-19T22:11:03Z</time>
      </trkpt>
      <trkpt lat="23.061825" lon="113.277966">
        <time>2026-06-19T22:11:08Z</time>
      </trkpt>
      <trkpt lat="23.061832" lon="113.278118">
        <time>2026-06-19T22:11:13Z</time>
      </trkpt>
      <trkpt lat="23.061829" lon="113.278225">
        <time>2026-06-19T22:11:18Z</time>
      </trkpt>
      <trkpt lat="23.061838" lon="113.278384">
        <time>2026-06-19T22:11:23Z</time>
      </trkpt>
      <trkpt lat="23.06185" lon="113.278494">
        <time>2026-06-19T22:11:28Z</time>
      </trkpt>
      <trkpt lat="23.061853" lon="113.278653">
        <time>2026-06-19T22:11:33Z</time>
      </trkpt>
      <trkpt lat="23.061814" lon="113.278732">
        <time>2026-06-19T22:11:38Z</time>
      </trkpt>
      <trkpt lat="23.061716" lon="113.278816">
        <time>2026-06-19T22:11:43Z</time>
      </trkpt>
      <trkpt lat="23.06168" lon="113.278921">
        <time>2026-06-19T22:11:48Z</time>
      </trkpt>
      <trkpt lat="23.061617" lon="113.279073">
        <time>2026-06-19T22:11:53Z</time>
      </trkpt>
      <trkpt lat="23.061572" lon="113.279172">
        <time>2026-06-19T22:11:58Z</time>
      </trkpt>
      <trkpt lat="23.06151" lon="113.279326">
        <time>2026-06-19T22:12:03Z</time>
      </trkpt>
      <trkpt lat="23.061476" lon="113.279434">
        <time>2026-06-19T22:12:08Z</time>
      </trkpt>
      <trkpt lat="23.061416" lon="113.27959">
        <time>2026-06-19T22:12:13Z</time>
      </trkpt>
      <trkpt lat="23.061372" lon="113.279692">
        <time>2026-06-19T22:12:18Z</time>
      </trkpt>
      <trkpt lat="23.061304" lon="113.279846">
        <time>2026-06-19T22:12:23Z</time>
      </trkpt>
      <trkpt lat="23.061256" lon="113.279953">
        <time>2026-06-19T22:12:28Z</time>
      </trkpt>
      <trkpt lat="23.061185" lon="113.280115">
        <time>2026-06-19T22:12:33Z</time>
      </trkpt>
      <trkpt lat="23.061142" lon="113.280224">
        <time>2026-06-19T22:12:38Z</time>
      </trkpt>
      <trkpt lat="23.061077" lon="113.28039">
        <time>2026-06-19T22:12:43Z</time>
      </trkpt>
      <trkpt lat="23.061029" lon="113.280499">
        <time>2026-06-19T22:12:48Z</time>
      </trkpt>
      <trkpt lat="23.060956" lon="113.280663">
        <time>2026-06-19T22:12:53Z</time>
      </trkpt>
      <trkpt lat="23.060909" lon="113.280768">
        <time>2026-06-19T22:12:58Z</time>
      </trkpt>
      <trkpt lat="23.06085" lon="113.280926">
        <time>2026-06-19T22:13:03Z</time>
      </trkpt>
      <trkpt lat="23.0608" lon="113.28103">
        <time>2026-06-19T22:13:08Z</time>
      </trkpt>
      <trkpt lat="23.060732" lon="113.281186">
        <time>2026-06-19T22:13:13Z</time>
      </trkpt>
      <trkpt lat="23.060689" lon="113.281287">
        <time>2026-06-19T22:13:18Z</time>
      </trkpt>
      <trkpt lat="23.060621" lon="113.281444">
        <time>2026-06-19T22:13:23Z</time>
      </trkpt>
      <trkpt lat="23.060576" lon="113.28155">
        <time>2026-06-19T22:13:28Z</time>
      </trkpt>
      <trkpt lat="23.060501" lon="113.281706">
        <time>2026-06-19T22:13:33Z</time>
      </trkpt>
      <trkpt lat="23.060452" lon="113.281812">
        <time>2026-06-19T22:13:38Z</time>
      </trkpt>
      <trkpt lat="23.060389" lon="113.28197">
        <time>2026-06-19T22:13:43Z</time>
      </trkpt>
      <trkpt lat="23.060348" lon="113.282067">
        <time>2026-06-19T22:13:48Z</time>
      </trkpt>
      <trkpt lat="23.060285" lon="113.282217">
        <time>2026-06-19T22:13:53Z</time>
      </trkpt>
      <trkpt lat="23.060243" lon="113.282317">
        <time>2026-06-19T22:13:58Z</time>
      </trkpt>
      <trkpt lat="23.060188" lon="113.282453">
        <time>2026-06-19T22:14:03Z</time>
      </trkpt>
      <trkpt lat="23.060147" lon="113.282546">
        <time>2026-06-19T22:14:08Z</time>
      </trkpt>
      <trkpt lat="23.060085" lon="113.282696">
        <time>2026-06-19T22:14:13Z</time>
      </trkpt>
      <trkpt lat="23.060042" lon="113.282791">
        <time>2026-06-19T22:14:18Z</time>
      </trkpt>
      <trkpt lat="23.059977" lon="113.282934">
        <time>2026-06-19T22:14:23Z</time>
      </trkpt>
      <trkpt lat="23.059935" lon="113.283032">
        <time>2026-06-19T22:14:28Z</time>
      </trkpt>
      <trkpt lat="23.059863" lon="113.283176">
        <time>2026-06-19T22:14:33Z</time>
      </trkpt>
      <trkpt lat="23.059818" lon="113.283271">
        <time>2026-06-19T22:14:38Z</time>
      </trkpt>
      <trkpt lat="23.059752" lon="113.283419">
        <time>2026-06-19T22:14:43Z</time>
      </trkpt>
      <trkpt lat="23.059711" lon="113.283523">
        <time>2026-06-19T22:14:48Z</time>
      </trkpt>
      <trkpt lat="23.059655" lon="113.283685">
        <time>2026-06-19T22:14:53Z</time>
      </trkpt>
      <trkpt lat="23.059601" lon="113.283783">
        <time>2026-06-19T22:14:58Z</time>
      </trkpt>
      <trkpt lat="23.059526" lon="113.283942">
        <time>2026-06-19T22:15:03Z</time>
      </trkpt>
      <trkpt lat="23.059481" lon="113.284042">
        <time>2026-06-19T22:15:08Z</time>
      </trkpt>
      <trkpt lat="23.059398" lon="113.284178">
        <time>2026-06-19T22:15:13Z</time>
      </trkpt>
      <trkpt lat="23.059347" lon="113.284273">
        <time>2026-06-19T22:15:18Z</time>
      </trkpt>
      <trkpt lat="23.059289" lon="113.284422">
        <time>2026-06-19T22:15:23Z</time>
      </trkpt>
      <trkpt lat="23.059277" lon="113.284529">
        <time>2026-06-19T22:15:28Z</time>
      </trkpt>
      <trkpt lat="23.059248" lon="113.284684">
        <time>2026-06-19T22:15:33Z</time>
      </trkpt>
      <trkpt lat="23.059216" lon="113.284782">
        <time>2026-06-19T22:15:38Z</time>
      </trkpt>
      <trkpt lat="23.059159" lon="113.284921">
        <time>2026-06-19T22:15:43Z</time>
      </trkpt>
      <trkpt lat="23.059123" lon="113.285016">
        <time>2026-06-19T22:15:48Z</time>
      </trkpt>
      <trkpt lat="23.059064" lon="113.285158">
        <time>2026-06-19T22:15:53Z</time>
      </trkpt>
      <trkpt lat="23.059023" lon="113.285254">
        <time>2026-06-19T22:15:58Z</time>
      </trkpt>
      <trkpt lat="23.05896" lon="113.285399">
        <time>2026-06-19T22:16:03Z</time>
      </trkpt>
      <trkpt lat="23.058914" lon="113.285493">
        <time>2026-06-19T22:16:08Z</time>
      </trkpt>
      <trkpt lat="23.058851" lon="113.285637">
        <time>2026-06-19T22:16:13Z</time>
      </trkpt>
      <trkpt lat="23.058802" lon="113.285739">
        <time>2026-06-19T22:16:18Z</time>
      </trkpt>
      <trkpt lat="23.058739" lon="113.285892">
        <time>2026-06-19T22:16:23Z</time>
      </trkpt>
      <trkpt lat="23.058695" lon="113.285993">
        <time>2026-06-19T22:16:28Z</time>
      </trkpt>
      <trkpt lat="23.058696" lon="113.286116">
        <time>2026-06-19T22:16:33Z</time>
      </trkpt>
      <trkpt lat="23.058767" lon="113.286067">
        <time>2026-06-19T22:16:38Z</time>
      </trkpt>
      <trkpt lat="23.058842" lon="113.285903">
        <time>2026-06-19T22:16:43Z</time>
      </trkpt>
      <trkpt lat="23.058888" lon="113.285797">
        <time>2026-06-19T22:16:48Z</time>
      </trkpt>
      <trkpt lat="23.058957" lon="113.285645">
        <time>2026-06-19T22:16:53Z</time>
      </trkpt>
      <trkpt lat="23.059002" lon="113.285544">
        <time>2026-06-19T22:16:58Z</time>
      </trkpt>
      <trkpt lat="23.059071" lon="113.285386">
        <time>2026-06-19T22:17:03Z</time>
      </trkpt>
      <trkpt lat="23.059117" lon="113.285279">
        <time>2026-06-19T22:17:08Z</time>
      </trkpt>
      <trkpt lat="23.05921" lon="113.285142">
        <time>2026-06-19T22:17:13Z</time>
      </trkpt>
      <trkpt lat="23.059276" lon="113.285055">
        <time>2026-06-19T22:17:18Z</time>
      </trkpt>
      <trkpt lat="23.059345" lon="113.284899">
        <time>2026-06-19T22:17:23Z</time>
      </trkpt>
      <trkpt lat="23.05939" lon="113.284787">
        <time>2026-06-19T22:17:28Z</time>
      </trkpt>
      <trkpt lat="23.059467" lon="113.284618">
        <time>2026-06-19T22:17:33Z</time>
      </trkpt>
      <trkpt lat="23.059517" lon="113.284514">
        <time>2026-06-19T22:17:38Z</time>
      </trkpt>
      <trkpt lat="23.05959" lon="113.284359">
        <time>2026-06-19T22:17:43Z</time>
      </trkpt>
      <trkpt lat="23.059638" lon="113.284256">
        <time>2026-06-19T22:17:48Z</time>
      </trkpt>
      <trkpt lat="23.059697" lon="113.284097">
        <time>2026-06-19T22:17:53Z</time>
      </trkpt>
      <trkpt lat="23.059742" lon="113.283995">
        <time>2026-06-19T22:17:58Z</time>
      </trkpt>
      <trkpt lat="23.059819" lon="113.283845">
        <time>2026-06-19T22:18:03Z</time>
      </trkpt>
      <trkpt lat="23.059867" lon="113.283742">
        <time>2026-06-19T22:18:08Z</time>
      </trkpt>
      <trkpt lat="23.05991" lon="113.283575">
        <time>2026-06-19T22:18:13Z</time>
      </trkpt>
      <trkpt lat="23.059922" lon="113.283457">
        <time>2026-06-19T22:18:18Z</time>
      </trkpt>
      <trkpt lat="23.059988" lon="113.283306">
        <time>2026-06-19T22:18:23Z</time>
      </trkpt>
      <trkpt lat="23.060048" lon="113.283221">
        <time>2026-06-19T22:18:28Z</time>
      </trkpt>
      <trkpt lat="23.060131" lon="113.283083">
        <time>2026-06-19T22:18:33Z</time>
      </trkpt>
      <trkpt lat="23.060185" lon="113.282977">
        <time>2026-06-19T22:18:38Z</time>
      </trkpt>
      <trkpt lat="23.060255" lon="113.28281">
        <time>2026-06-19T22:18:43Z</time>
      </trkpt>
      <trkpt lat="23.060291" lon="113.282702">
        <time>2026-06-19T22:18:48Z</time>
      </trkpt>
      <trkpt lat="23.060337" lon="113.282537">
        <time>2026-06-19T22:18:53Z</time>
      </trkpt>
      <trkpt lat="23.060373" lon="113.282428">
        <time>2026-06-19T22:18:58Z</time>
      </trkpt>
      <trkpt lat="23.06043" lon="113.282273">
        <time>2026-06-19T22:19:03Z</time>
      </trkpt>
      <trkpt lat="23.060469" lon="113.282167">
        <time>2026-06-19T22:19:08Z</time>
      </trkpt>
      <trkpt lat="23.060526" lon="113.282011">
        <time>2026-06-19T22:19:13Z</time>
      </trkpt>
      <trkpt lat="23.060562" lon="113.281909">
        <time>2026-06-19T22:19:18Z</time>
      </trkpt>
      <trkpt lat="23.060632" lon="113.281762">
        <time>2026-06-19T22:19:23Z</time>
      </trkpt>
      <trkpt lat="23.060679" lon="113.281663">
        <time>2026-06-19T22:19:28Z</time>
      </trkpt>
      <trkpt lat="23.060745" lon="113.281511">
        <time>2026-06-19T22:19:33Z</time>
      </trkpt>
      <trkpt lat="23.060781" lon="113.281403">
        <time>2026-06-19T22:19:38Z</time>
      </trkpt>
      <trkpt lat="23.060845" lon="113.281244">
        <time>2026-06-19T22:19:43Z</time>
      </trkpt>
      <trkpt lat="23.060888" lon="113.281142">
        <time>2026-06-19T22:19:48Z</time>
      </trkpt>
      <trkpt lat="23.060952" lon="113.280989">
        <time>2026-06-19T22:19:53Z</time>
      </trkpt>
      <trkpt lat="23.060994" lon="113.280885">
        <time>2026-06-19T22:19:58Z</time>
      </trkpt>
      <trkpt lat="23.061064" lon="113.280731">
        <time>2026-06-19T22:20:03Z</time>
      </trkpt>
      <trkpt lat="23.061117" lon="113.280622">
        <time>2026-06-19T22:20:08Z</time>
      </trkpt>
      <trkpt lat="23.061187" lon="113.280461">
        <time>2026-06-19T22:20:13Z</time>
      </trkpt>
      <trkpt lat="23.061235" lon="113.280354">
        <time>2026-06-19T22:20:18Z</time>
      </trkpt>
      <trkpt lat="23.061322" lon="113.280209">
        <time>2026-06-19T22:20:23Z</time>
      </trkpt>
      <trkpt lat="23.061372" lon="113.280116">
        <time>2026-06-19T22:20:28Z</time>
      </trkpt>
      <trkpt lat="23.061427" lon="113.279962">
        <time>2026-06-19T22:20:33Z</time>
      </trkpt>
      <trkpt lat="23.061468" lon="113.279853">
        <time>2026-06-19T22:20:38Z</time>
      </trkpt>
      <trkpt lat="23.061532" lon="113.279678">
        <time>2026-06-19T22:20:43Z</time>
      </trkpt>
      <trkpt lat="23.061571" lon="113.279576">
        <time>2026-06-19T22:20:48Z</time>
      </trkpt>
      <trkpt lat="23.061636" lon="113.279424">
        <time>2026-06-19T22:20:53Z</time>
      </trkpt>
      <trkpt lat="23.06168" lon="113.279313">
        <time>2026-06-19T22:20:58Z</time>
      </trkpt>
      <trkpt lat="23.061744" lon="113.279151">
        <time>2026-06-19T22:21:03Z</time>
      </trkpt>
      <trkpt lat="23.061799" lon="113.279057">
        <time>2026-06-19T22:21:08Z</time>
      </trkpt>
      <trkpt lat="23.061887" lon="113.278917">
        <time>2026-06-19T22:21:13Z</time>
      </trkpt>
      <trkpt lat="23.061931" lon="113.278818">
        <time>2026-06-19T22:21:18Z</time>
      </trkpt>
      <trkpt lat="23.061961" lon="113.278643">
        <time>2026-06-19T22:21:23Z</time>
      </trkpt>
      <trkpt lat="23.061958" lon="113.278524">
        <time>2026-06-19T22:21:28Z</time>
      </trkpt>
      <trkpt lat="23.061941" lon="113.278346">
        <time>2026-06-19T22:21:33Z</time>
      </trkpt>
      <trkpt lat="23.061931" lon="113.278228">
        <time>2026-06-19T22:21:38Z</time>
      </trkpt>
      <trkpt lat="23.061919" lon="113.278055">
        <time>2026-06-19T22:21:43Z</time>
      </trkpt>
      <trkpt lat="23.061916" lon="113.277937">
        <time>2026-06-19T22:21:48Z</time>
      </trkpt>
      <trkpt lat="23.061926" lon="113.277764">
        <time>2026-06-19T22:21:53Z</time>
      </trkpt>
      <trkpt lat="23.061958" lon="113.277651">
        <time>2026-06-19T22:21:58Z</time>
      </trkpt>
      <trkpt lat="23.062024" lon="113.277487">
        <time>2026-06-19T22:22:03Z</time>
      </trkpt>
      <trkpt lat="23.062067" lon="113.277381">
        <time>2026-06-19T22:22:08Z</time>
      </trkpt>
      <trkpt lat="23.062125" lon="113.277217">
        <time>2026-06-19T22:22:13Z</time>
      </trkpt>
      <trkpt lat="23.062161" lon="113.277107">
        <time>2026-06-19T22:22:18Z</time>
      </trkpt>
      <trkpt lat="23.062234" lon="113.276951">
        <time>2026-06-19T22:22:23Z</time>
      </trkpt>
      <trkpt lat="23.062275" lon="113.276843">
        <time>2026-06-19T22:22:28Z</time>
      </trkpt>
      <trkpt lat="23.062341" lon="113.276681">
        <time>2026-06-19T22:22:33Z</time>
      </trkpt>
      <trkpt lat="23.062387" lon="113.276571">
        <time>2026-06-19T22:22:38Z</time>
      </trkpt>
      <trkpt lat="23.062446" lon="113.276401">
        <time>2026-06-19T22:22:43Z</time>
      </trkpt>
      <trkpt lat="23.062482" lon="113.276293">
        <time>2026-06-19T22:22:48Z</time>
      </trkpt>
      <trkpt lat="23.062547" lon="113.276138">
        <time>2026-06-19T22:22:53Z</time>
      </trkpt>
      <trkpt lat="23.0626" lon="113.276041">
        <time>2026-06-19T22:22:58Z</time>
      </trkpt>
      <trkpt lat="23.062694" lon="113.275907">
        <time>2026-06-19T22:23:03Z</time>
      </trkpt>
      <trkpt lat="23.062762" lon="113.275829">
        <time>2026-06-19T22:23:08Z</time>
      </trkpt>
      <trkpt lat="23.062873" lon="113.275718">
        <time>2026-06-19T22:23:13Z</time>
      </trkpt>
      <trkpt lat="23.062945" lon="113.275638">
        <time>2026-06-19T22:23:18Z</time>
      </trkpt>
      <trkpt lat="23.063042" lon="113.27551">
        <time>2026-06-19T22:23:23Z</time>
      </trkpt>
      <trkpt lat="23.063098" lon="113.275419">
        <time>2026-06-19T22:23:28Z</time>
      </trkpt>
      <trkpt lat="23.063189" lon="113.275275">
        <time>2026-06-19T22:23:33Z</time>
      </trkpt>
      <trkpt lat="23.063253" lon="113.275179">
        <time>2026-06-19T22:23:38Z</time>
      </trkpt>
      <trkpt lat="23.063336" lon="113.275029">
        <time>2026-06-19T22:23:43Z</time>
      </trkpt>
      <trkpt lat="23.063375" lon="113.274928">
        <time>2026-06-19T22:23:48Z</time>
      </trkpt>
      <trkpt lat="23.063422" lon="113.274778">
        <time>2026-06-19T22:23:53Z</time>
      </trkpt>
      <trkpt lat="23.063458" lon="113.274675">
        <time>2026-06-19T22:23:58Z</time>
      </trkpt>
      <trkpt lat="23.063504" lon="113.274518">
        <time>2026-06-19T22:24:03Z</time>
      </trkpt>
      <trkpt lat="23.063532" lon="113.274416">
        <time>2026-06-19T22:24:08Z</time>
      </trkpt>
      <trkpt lat="23.063599" lon="113.27428">
        <time>2026-06-19T22:24:13Z</time>
      </trkpt>
      <trkpt lat="23.063679" lon="113.274214">
        <time>2026-06-19T22:24:18Z</time>
      </trkpt>
      <trkpt lat="23.063811" lon="113.274099">
        <time>2026-06-19T22:24:23Z</time>
      </trkpt>
      <trkpt lat="23.063875" lon="113.274004">
        <time>2026-06-19T22:24:28Z</time>
      </trkpt>
      <trkpt lat="23.063956" lon="113.27386">
        <time>2026-06-19T22:24:33Z</time>
      </trkpt>
      <trkpt lat="23.06402" lon="113.273765">
        <time>2026-06-19T22:24:38Z</time>
      </trkpt>
      <trkpt lat="23.064133" lon="113.273657">
        <time>2026-06-19T22:24:43Z</time>
      </trkpt>
      <trkpt lat="23.064211" lon="113.27359">
        <time>2026-06-19T22:24:48Z</time>
      </trkpt>
      <trkpt lat="23.064331" lon="113.273491">
        <time>2026-06-19T22:24:53Z</time>
      </trkpt>
      <trkpt lat="23.064408" lon="113.273428">
        <time>2026-06-19T22:24:58Z</time>
      </trkpt>
      <trkpt lat="23.064511" lon="113.273318">
        <time>2026-06-19T22:25:03Z</time>
      </trkpt>
      <trkpt lat="23.064559" lon="113.273232">
        <time>2026-06-19T22:25:08Z</time>
      </trkpt>
      <trkpt lat="23.064556" lon="113.273071">
        <time>2026-06-19T22:25:13Z</time>
      </trkpt>
      <trkpt lat="23.06452" lon="113.272957">
        <time>2026-06-19T22:25:18Z</time>
      </trkpt>
      <trkpt lat="23.06446" lon="113.27279">
        <time>2026-06-19T22:25:23Z</time>
      </trkpt>
      <trkpt lat="23.064429" lon="113.272676">
        <time>2026-06-19T22:25:28Z</time>
      </trkpt>
      <trkpt lat="23.064439" lon="113.27251">
        <time>2026-06-19T22:25:33Z</time>
      </trkpt>
      <trkpt lat="23.064482" lon="113.272403">
        <time>2026-06-19T22:25:38Z</time>
      </trkpt>
      <trkpt lat="23.064546" lon="113.272245">
        <time>2026-06-19T22:25:43Z</time>
      </trkpt>
      <trkpt lat="23.06459" lon="113.272139">
        <time>2026-06-19T22:25:48Z</time>
      </trkpt>
      <trkpt lat="23.064649" lon="113.271989">
        <time>2026-06-19T22:25:53Z</time>
      </trkpt>
      <trkpt lat="23.064687" lon="113.271889">
        <time>2026-06-19T22:25:58Z</time>
      </trkpt>
      <trkpt lat="23.06477" lon="113.27175">
        <time>2026-06-19T22:26:03Z</time>
      </trkpt>
      <trkpt lat="23.064835" lon="113.271655">
        <time>2026-06-19T22:26:08Z</time>
      </trkpt>
      <trkpt lat="23.064911" lon="113.271498">
        <time>2026-06-19T22:26:13Z</time>
      </trkpt>
      <trkpt lat="23.064963" lon="113.271403">
        <time>2026-06-19T22:26:18Z</time>
      </trkpt>
      <trkpt lat="23.06503" lon="113.27125">
        <time>2026-06-19T22:26:23Z</time>
      </trkpt>
      <trkpt lat="23.065079" lon="113.271152">
        <time>2026-06-19T22:26:28Z</time>
      </trkpt>
      <trkpt lat="23.065147" lon="113.270993">
        <time>2026-06-19T22:26:33Z</time>
      </trkpt>
      <trkpt lat="23.065175" lon="113.270879">
        <time>2026-06-19T22:26:38Z</time>
      </trkpt>
      <trkpt lat="23.065235" lon="113.270711">
        <time>2026-06-19T22:26:43Z</time>
      </trkpt>
      <trkpt lat="23.065284" lon="113.27061">
        <time>2026-06-19T22:26:48Z</time>
      </trkpt>
      <trkpt lat="23.065354" lon="113.270453">
        <time>2026-06-19T22:26:53Z</time>
      </trkpt>
      <trkpt lat="23.065403" lon="113.270349">
        <time>2026-06-19T22:26:58Z</time>
      </trkpt>
      <trkpt lat="23.065471" lon="113.270199">
        <time>2026-06-19T22:27:03Z</time>
      </trkpt>
      <trkpt lat="23.06551" lon="113.270095">
        <time>2026-06-19T22:27:08Z</time>
      </trkpt>
      <trkpt lat="23.065567" lon="113.269947">
        <time>2026-06-19T22:27:13Z</time>
      </trkpt>
      <trkpt lat="23.0656" lon="113.269849">
        <time>2026-06-19T22:27:18Z</time>
      </trkpt>
      <trkpt lat="23.065651" lon="113.26969">
        <time>2026-06-19T22:27:23Z</time>
      </trkpt>
      <trkpt lat="23.065688" lon="113.269585">
        <time>2026-06-19T22:27:28Z</time>
      </trkpt>
      <trkpt lat="23.065722" lon="113.269421">
        <time>2026-06-19T22:27:33Z</time>
      </trkpt>
      <trkpt lat="23.065751" lon="113.269311">
        <time>2026-06-19T22:27:38Z</time>
      </trkpt>
      <trkpt lat="23.0658" lon="113.269151">
        <time>2026-06-19T22:27:43Z</time>
      </trkpt>
      <trkpt lat="23.065833" lon="113.269047">
        <time>2026-06-19T22:27:48Z</time>
      </trkpt>
      <trkpt lat="23.065898" lon="113.268902">
        <time>2026-06-19T22:27:53Z</time>
      </trkpt>
      <trkpt lat="23.065948" lon="113.268806">
        <time>2026-06-19T22:27:58Z</time>
      </trkpt>
      <trkpt lat="23.066026" lon="113.26867">
        <time>2026-06-19T22:28:03Z</time>
      </trkpt>
      <trkpt lat="23.066084" lon="113.26858">
        <time>2026-06-19T22:28:08Z</time>
      </trkpt>
      <trkpt lat="23.066169" lon="113.268445">
        <time>2026-06-19T22:28:13Z</time>
      </trkpt>
      <trkpt lat="23.066228" lon="113.26836">
        <time>2026-06-19T22:28:18Z</time>
      </trkpt>
      <trkpt lat="23.066327" lon="113.268238">
        <time>2026-06-19T22:28:23Z</time>
      </trkpt>
      <trkpt lat="23.066407" lon="113.268172">
        <time>2026-06-19T22:28:28Z</time>
      </trkpt>
      <trkpt lat="23.066546" lon="113.268139">
        <time>2026-06-19T22:28:33Z</time>
      </trkpt>
      <trkpt lat="23.06664" lon="113.26815">
        <time>2026-06-19T22:28:38Z</time>
      </trkpt>
      <trkpt lat="23.066653" lon="113.26806">
        <time>2026-06-19T22:28:43Z</time>
      </trkpt>
      <trkpt lat="23.066543" lon="113.268013">
        <time>2026-06-19T22:28:48Z</time>
      </trkpt>
      <trkpt lat="23.066371" lon="113.268037">
        <time>2026-06-19T22:28:53Z</time>
      </trkpt>
      <trkpt lat="23.066268" lon="113.268074">
        <time>2026-06-19T22:28:58Z</time>
      </trkpt>
      <trkpt lat="23.066138" lon="113.268171">
        <time>2026-06-19T22:29:03Z</time>
      </trkpt>
      <trkpt lat="23.066071" lon="113.268259">
        <time>2026-06-19T22:29:08Z</time>
      </trkpt>
      <trkpt lat="23.065978" lon="113.268383">
        <time>2026-06-19T22:29:13Z</time>
      </trkpt>
      <trkpt lat="23.065915" lon="113.26847">
        <time>2026-06-19T22:29:18Z</time>
      </trkpt>
      <trkpt lat="23.065829" lon="113.26861">
        <time>2026-06-19T22:29:23Z</time>
      </trkpt>
      <trkpt lat="23.065775" lon="113.268707">
        <time>2026-06-19T22:29:28Z</time>
      </trkpt>
      <trkpt lat="23.06571" lon="113.268859">
        <time>2026-06-19T22:29:33Z</time>
      </trkpt>
      <trkpt lat="23.065674" lon="113.268958">
        <time>2026-06-19T22:29:38Z</time>
      </trkpt>
      <trkpt lat="23.065628" lon="113.269118">
        <time>2026-06-19T22:29:43Z</time>
      </trkpt>
      <trkpt lat="23.065597" lon="113.269226">
        <time>2026-06-19T22:29:48Z</time>
      </trkpt>
      <trkpt lat="23.065562" lon="113.269393">
        <time>2026-06-19T22:29:53Z</time>
      </trkpt>
      <trkpt lat="23.065542" lon="113.269502">
        <time>2026-06-19T22:29:58Z</time>
      </trkpt>
      <trkpt lat="23.065474" lon="113.269643">
        <time>2026-06-19T22:30:03Z</time>
      </trkpt>
      <trkpt lat="23.065418" lon="113.269736">
        <time>2026-06-19T22:30:08Z</time>
      </trkpt>
      <trkpt lat="23.065364" lon="113.269888">
        <time>2026-06-19T22:30:13Z</time>
      </trkpt>
      <trkpt lat="23.065328" lon="113.269992">
        <time>2026-06-19T22:30:18Z</time>
      </trkpt>
      <trkpt lat="23.065273" lon="113.270146">
        <time>2026-06-19T22:30:23Z</time>
      </trkpt>
      <trkpt lat="23.065229" lon="113.270247">
        <time>2026-06-19T22:30:28Z</time>
      </trkpt>
      <trkpt lat="23.06516" lon="113.270392">
        <time>2026-06-19T22:30:33Z</time>
      </trkpt>
      <trkpt lat="23.065115" lon="113.270493">
        <time>2026-06-19T22:30:38Z</time>
      </trkpt>
      <trkpt lat="23.065047" lon="113.270643">
        <time>2026-06-19T22:30:43Z</time>
      </trkpt>
      <trkpt lat="23.065005" lon="113.270743">
        <time>2026-06-19T22:30:48Z</time>
      </trkpt>
      <trkpt lat="23.064936" lon="113.270888">
        <time>2026-06-19T22:30:53Z</time>
      </trkpt>
      <trkpt lat="23.064891" lon="113.270985">
        <time>2026-06-19T22:30:58Z</time>
      </trkpt>
      <trkpt lat="23.064823" lon="113.271131">
        <time>2026-06-19T22:31:03Z</time>
      </trkpt>
      <trkpt lat="23.064778" lon="113.271234">
        <time>2026-06-19T22:31:08Z</time>
      </trkpt>
      <trkpt lat="23.064708" lon="113.27138">
        <time>2026-06-19T22:31:13Z</time>
      </trkpt>
      <trkpt lat="23.064662" lon="113.271478">
        <time>2026-06-19T22:31:18Z</time>
      </trkpt>
      <trkpt lat="23.064593" lon="113.271627">
        <time>2026-06-19T22:31:23Z</time>
      </trkpt>
      <trkpt lat="23.064549" lon="113.271725">
        <time>2026-06-19T22:31:28Z</time>
      </trkpt>
      <trkpt lat="23.064483" lon="113.271878">
        <time>2026-06-19T22:31:33Z</time>
      </trkpt>
      <trkpt lat="23.064432" lon="113.271984">
        <time>2026-06-19T22:31:38Z</time>
      </trkpt>
      <trkpt lat="23.064365" lon="113.272143">
        <time>2026-06-19T22:31:43Z</time>
      </trkpt>
      <trkpt lat="23.064332" lon="113.272253">
        <time>2026-06-19T22:31:48Z</time>
      </trkpt>
      <trkpt lat="23.064315" lon="113.272422">
        <time>2026-06-19T22:31:53Z</time>
      </trkpt>
      <trkpt lat="23.064309" lon="113.272529">
        <time>2026-06-19T22:31:58Z</time>
      </trkpt>
      <trkpt lat="23.064318" lon="113.272682">
        <time>2026-06-19T22:32:03Z</time>
      </trkpt>
      <trkpt lat="23.064342" lon="113.272782">
        <time>2026-06-19T22:32:08Z</time>
      </trkpt>
      <trkpt lat="23.064389" lon="113.272931">
        <time>2026-06-19T22:32:13Z</time>
      </trkpt>
      <trkpt lat="23.064421" lon="113.27303">
        <time>2026-06-19T22:32:18Z</time>
      </trkpt>
      <trkpt lat="23.064454" lon="113.273174">
        <time>2026-06-19T22:32:23Z</time>
      </trkpt>
      <trkpt lat="23.064426" lon="113.273268">
        <time>2026-06-19T22:32:28Z</time>
      </trkpt>
      <trkpt lat="23.064318" lon="113.273379">
        <time>2026-06-19T22:32:33Z</time>
      </trkpt>
      <trkpt lat="23.064228" lon="113.273441">
        <time>2026-06-19T22:32:38Z</time>
      </trkpt>
      <trkpt lat="23.064102" lon="113.273533">
        <time>2026-06-19T22:32:43Z</time>
      </trkpt>
      <trkpt lat="23.064015" lon="113.273592">
        <time>2026-06-19T22:32:48Z</time>
      </trkpt>
      <trkpt lat="23.063903" lon="113.273701">
        <time>2026-06-19T22:32:53Z</time>
      </trkpt>
      <trkpt lat="23.063843" lon="113.27379">
        <time>2026-06-19T22:32:58Z</time>
      </trkpt>
      <trkpt lat="23.063765" lon="113.273929">
        <time>2026-06-19T22:33:03Z</time>
      </trkpt>
      <trkpt lat="23.063715" lon="113.274015">
        <time>2026-06-19T22:33:08Z</time>
      </trkpt>
      <trkpt lat="23.063617" lon="113.274111">
        <time>2026-06-19T22:33:13Z</time>
      </trkpt>
      <trkpt lat="23.063544" lon="113.274168">
        <time>2026-06-19T22:33:18Z</time>
      </trkpt>
      <trkpt lat="23.06346" lon="113.274307">
        <time>2026-06-19T22:33:23Z</time>
      </trkpt>
      <trkpt lat="23.063426" lon="113.274421">
        <time>2026-06-19T22:33:28Z</time>
      </trkpt>
      <trkpt lat="23.063384" lon="113.274591">
        <time>2026-06-19T22:33:33Z</time>
      </trkpt>
      <trkpt lat="23.063352" lon="113.274697">
        <time>2026-06-19T22:33:38Z</time>
      </trkpt>
      <trkpt lat="23.0633" lon="113.274845">
        <time>2026-06-19T22:33:43Z</time>
      </trkpt>
      <trkpt lat="23.063262" lon="113.274951">
        <time>2026-06-19T22:33:48Z</time>
      </trkpt>
      <trkpt lat="23.063186" lon="113.275101">
        <time>2026-06-19T22:33:53Z</time>
      </trkpt>
      <trkpt lat="23.06313" lon="113.275197">
        <time>2026-06-19T22:33:58Z</time>
      </trkpt>
      <trkpt lat="23.063048" lon="113.275336">
        <time>2026-06-19T22:34:03Z</time>
      </trkpt>
      <trkpt lat="23.063002" lon="113.275426">
        <time>2026-06-19T22:34:08Z</time>
      </trkpt>
      <trkpt lat="23.062907" lon="113.275551">
        <time>2026-06-19T22:34:13Z</time>
      </trkpt>
      <trkpt lat="23.062835" lon="113.27563">
        <time>2026-06-19T22:34:18Z</time>
      </trkpt>
      <trkpt lat="23.062722" lon="113.275737">
        <time>2026-06-19T22:34:23Z</time>
      </trkpt>
      <trkpt lat="23.062653" lon="113.275816">
        <time>2026-06-19T22:34:28Z</time>
      </trkpt>
      <trkpt lat="23.062558" lon="113.275941">
        <time>2026-06-19T22:34:33Z</time>
      </trkpt>
      <trkpt lat="23.0625" lon="113.276032">
        <time>2026-06-19T22:34:38Z</time>
      </trkpt>
      <trkpt lat="23.06243" lon="113.276174">
        <time>2026-06-19T22:34:43Z</time>
      </trkpt>
      <trkpt lat="23.062389" lon="113.276268">
        <time>2026-06-19T22:34:48Z</time>
      </trkpt>
      <trkpt lat="23.062335" lon="113.276412">
        <time>2026-06-19T22:34:53Z</time>
      </trkpt>
      <trkpt lat="23.062295" lon="113.276513">
        <time>2026-06-19T22:34:58Z</time>
      </trkpt>
      <trkpt lat="23.062235" lon="113.276664">
        <time>2026-06-19T22:35:03Z</time>
      </trkpt>
      <trkpt lat="23.062196" lon="113.276761">
        <time>2026-06-19T22:35:08Z</time>
      </trkpt>
      <trkpt lat="23.062146" lon="113.276912">
        <time>2026-06-19T22:35:13Z</time>
      </trkpt>
      <trkpt lat="23.06212" lon="113.277018">
        <time>2026-06-19T22:35:18Z</time>
      </trkpt>
      <trkpt lat="23.062068" lon="113.277173">
        <time>2026-06-19T22:35:23Z</time>
      </trkpt>
      <trkpt lat="23.062023" lon="113.277279">
        <time>2026-06-19T22:35:28Z</time>
      </trkpt>
      <trkpt lat="23.061957" lon="113.277432">
        <time>2026-06-19T22:35:33Z</time>
      </trkpt>
      <trkpt lat="23.061916" lon="113.277528">
        <time>2026-06-19T22:35:38Z</time>
      </trkpt>
      <trkpt lat="23.061856" lon="113.277674">
        <time>2026-06-19T22:35:43Z</time>
      </trkpt>
      <trkpt lat="23.061831" lon="113.277778">
        <time>2026-06-19T22:35:48Z</time>
      </trkpt>
      <trkpt lat="23.061819" lon="113.277936">
        <time>2026-06-19T22:35:53Z</time>
      </trkpt>
      <trkpt lat="23.061824" lon="113.278038">
        <time>2026-06-19T22:35:58Z</time>
      </trkpt>
      <trkpt lat="23.061833" lon="113.278189">
        <time>2026-06-19T22:36:03Z</time>
      </trkpt>
      <trkpt lat="23.061838" lon="113.278289">
        <time>2026-06-19T22:36:08Z</time>
      </trkpt>
      <trkpt lat="23.061846" lon="113.278441">
        <time>2026-06-19T22:36:13Z</time>
      </trkpt>
      <trkpt lat="23.06185" lon="113.278544">
        <time>2026-06-19T22:36:18Z</time>
      </trkpt>
      <trkpt lat="23.061839" lon="113.278694">
        <time>2026-06-19T22:36:23Z</time>
      </trkpt>
      <trkpt lat="23.061804" lon="113.278789">
        <time>2026-06-19T22:36:28Z</time>
      </trkpt>
      <trkpt lat="23.061736" lon="113.278927">
        <time>2026-06-19T22:36:33Z</time>
      </trkpt>
      <trkpt lat="23.061684" lon="113.279015">
        <time>2026-06-19T22:36:38Z</time>
      </trkpt>
      <trkpt lat="23.06161" lon="113.279148">
        <time>2026-06-19T22:36:43Z</time>
      </trkpt>
      <trkpt lat="23.06157" lon="113.279243">
        <time>2026-06-19T22:36:48Z</time>
      </trkpt>
      <trkpt lat="23.061519" lon="113.279384">
        <time>2026-06-19T22:36:53Z</time>
      </trkpt>
      <trkpt lat="23.061484" lon="113.279477">
        <time>2026-06-19T22:36:58Z</time>
      </trkpt>
      <trkpt lat="23.061427" lon="113.27962">
        <time>2026-06-19T22:37:03Z</time>
      </trkpt>
      <trkpt lat="23.061388" lon="113.279717">
        <time>2026-06-19T22:37:08Z</time>
      </trkpt>
      <trkpt lat="23.061329" lon="113.279864">
        <time>2026-06-19T22:37:13Z</time>
      </trkpt>
      <trkpt lat="23.061288" lon="113.279963">
        <time>2026-06-19T22:37:18Z</time>
      </trkpt>
      <trkpt lat="23.061225" lon="113.280114">
        <time>2026-06-19T22:37:23Z</time>
      </trkpt>
      <trkpt lat="23.061182" lon="113.280213">
        <time>2026-06-19T22:37:28Z</time>
      </trkpt>
      <trkpt lat="23.061117" lon="113.280363">
        <time>2026-06-19T22:37:33Z</time>
      </trkpt>
      <trkpt lat="23.061072" lon="113.280462">
        <time>2026-06-19T22:37:38Z</time>
      </trkpt>
      <trkpt lat="23.061008" lon="113.280614">
        <time>2026-06-19T22:37:43Z</time>
      </trkpt>
      <trkpt lat="23.060952" lon="113.280706">
        <time>2026-06-19T22:37:48Z</time>
      </trkpt>
      <trkpt lat="23.060863" lon="113.280846">
        <time>2026-06-19T22:37:53Z</time>
      </trkpt>
      <trkpt lat="23.060813" lon="113.280945">
        <time>2026-06-19T22:37:58Z</time>
      </trkpt>
      <trkpt lat="23.06075" lon="113.281095">
        <time>2026-06-19T22:38:03Z</time>
      </trkpt>
      <trkpt lat="23.060711" lon="113.281194">
        <time>2026-06-19T22:38:08Z</time>
      </trkpt>
      <trkpt lat="23.060654" lon="113.281337">
        <time>2026-06-19T22:38:13Z</time>
      </trkpt>
      <trkpt lat="23.060614" lon="113.281437">
        <time>2026-06-19T22:38:18Z</time>
      </trkpt>
      <trkpt lat="23.060546" lon="113.281589">
        <time>2026-06-19T22:38:23Z</time>
      </trkpt>
      <trkpt lat="23.060496" lon="113.281686">
        <time>2026-06-19T22:38:28Z</time>
      </trkpt>
      <trkpt lat="23.060431" lon="113.281836">
        <time>2026-06-19T22:38:33Z</time>
      </trkpt>
      <trkpt lat="23.060385" lon="113.281937">
        <time>2026-06-19T22:38:38Z</time>
      </trkpt>
      <trkpt lat="23.060321" lon="113.282087">
        <time>2026-06-19T22:38:43Z</time>
      </trkpt>
      <trkpt lat="23.060288" lon="113.282187">
        <time>2026-06-19T22:38:48Z</time>
      </trkpt>
      <trkpt lat="23.06023" lon="113.282335">
        <time>2026-06-19T22:38:53Z</time>
      </trkpt>
      <trkpt lat="23.060188" lon="113.282429">
        <time>2026-06-19T22:38:58Z</time>
      </trkpt>
      <trkpt lat="23.060125" lon="113.282568">
        <time>2026-06-19T22:39:03Z</time>
      </trkpt>
      <trkpt lat="23.06008" lon="113.282669">
        <time>2026-06-19T22:39:08Z</time>
      </trkpt>
      <trkpt lat="23.060018" lon="113.282826">
        <time>2026-06-19T22:39:13Z</time>
      </trkpt>
      <trkpt lat="23.059983" lon="113.282924">
        <time>2026-06-19T22:39:18Z</time>
      </trkpt>
      <trkpt lat="23.059916" lon="113.283066">
        <time>2026-06-19T22:39:23Z</time>
      </trkpt>
      <trkpt lat="23.059868" lon="113.283162">
        <time>2026-06-19T22:39:28Z</time>
      </trkpt>
      <trkpt lat="23.059799" lon="113.283313">
        <time>2026-06-19T22:39:33Z</time>
      </trkpt>
      <trkpt lat="23.059755" lon="113.283411">
        <time>2026-06-19T22:39:38Z</time>
      </trkpt>
      <trkpt lat="23.059687" lon="113.283546">
        <time>2026-06-19T22:39:43Z</time>
      </trkpt>
      <trkpt lat="23.059639" lon="113.283637">
        <time>2026-06-19T22:39:48Z</time>
      </trkpt>
      <trkpt lat="23.059574" lon="113.283784">
        <time>2026-06-19T22:39:53Z</time>
      </trkpt>
      <trkpt lat="23.05954" lon="113.283884">
        <time>2026-06-19T22:39:58Z</time>
      </trkpt>
      <trkpt lat="23.05949" lon="113.284024">
        <time>2026-06-19T22:40:03Z</time>
      </trkpt>
      <trkpt lat="23.059444" lon="113.284114">
        <time>2026-06-19T22:40:08Z</time>
      </trkpt>
      <trkpt lat="23.059379" lon="113.284262">
        <time>2026-06-19T22:40:13Z</time>
      </trkpt>
      <trkpt lat="23.059339" lon="113.284361">
        <time>2026-06-19T22:40:18Z</time>
      </trkpt>
      <trkpt lat="23.059299" lon="113.284518">
        <time>2026-06-19T22:40:23Z</time>
      </trkpt>
      <trkpt lat="23.059266" lon="113.284618">
        <time>2026-06-19T22:40:28Z</time>
      </trkpt>
      <trkpt lat="23.059208" lon="113.284762">
        <time>2026-06-19T22:40:33Z</time>
      </trkpt>
      <trkpt lat="23.059167" lon="113.284858">
        <time>2026-06-19T22:40:38Z</time>
      </trkpt>
      <trkpt lat="23.059108" lon="113.285004">
        <time>2026-06-19T22:40:43Z</time>
      </trkpt>
      <trkpt lat="23.059068" lon="113.285103">
        <time>2026-06-19T22:40:48Z</time>
      </trkpt>
      <trkpt lat="23.059007" lon="113.285243">
        <time>2026-06-19T22:40:53Z</time>
      </trkpt>
      <trkpt lat="23.058966" lon="113.285339">
        <time>2026-06-19T22:40:58Z</time>
      </trkpt>
      <trkpt lat="23.058901" lon="113.285484">
        <time>2026-06-19T22:41:03Z</time>
      </trkpt>
      <trkpt lat="23.058861" lon="113.285579">
        <time>2026-06-19T22:41:08Z</time>
      </trkpt>
      <trkpt lat="23.058797" lon="113.285726">
        <time>2026-06-19T22:41:13Z</time>
      </trkpt>
      <trkpt lat="23.058752" lon="113.285825">
        <time>2026-06-19T22:41:18Z</time>
      </trkpt>
      <trkpt lat="23.058685" lon="113.285973">
        <time>2026-06-19T22:41:23Z</time>
      </trkpt>
      <trkpt lat="23.058681" lon="113.286065">
        <time>2026-06-19T22:41:28Z</time>
      </trkpt>
      <trkpt lat="23.058812" lon="113.286114">
        <time>2026-06-19T22:41:33Z</time>
      </trkpt>
      <trkpt lat="23.058901" lon="113.286046">
        <time>2026-06-19T22:41:38Z</time>
      </trkpt>
      <trkpt lat="23.059005" lon="113.285907">
        <time>2026-06-19T22:41:43Z</time>
      </trkpt>
      <trkpt lat="23.05906" lon="113.28581">
        <time>2026-06-19T22:41:48Z</time>
      </trkpt>
      <trkpt lat="23.05912" lon="113.285661">
        <time>2026-06-19T22:41:53Z</time>
      </trkpt>
      <trkpt lat="23.059155" lon="113.285557">
        <time>2026-06-19T22:41:58Z</time>
      </trkpt>
      <trkpt lat="23.059211" lon="113.285397">
        <time>2026-06-19T22:42:03Z</time>
      </trkpt>
      <trkpt lat="23.059248" lon="113.285292">
        <time>2026-06-19T22:42:08Z</time>
      </trkpt>
      <trkpt lat="23.059296" lon="113.285139">
        <time>2026-06-19T22:42:13Z</time>
      </trkpt>
      <trkpt lat="23.059323" lon="113.285037">
        <time>2026-06-19T22:42:18Z</time>
      </trkpt>
      <trkpt lat="23.059384" lon="113.284895">
        <time>2026-06-19T22:42:23Z</time>
      </trkpt>
      <trkpt lat="23.059427" lon="113.284799">
        <time>2026-06-19T22:42:28Z</time>
      </trkpt>
      <trkpt lat="23.059488" lon="113.284661">
        <time>2026-06-19T22:42:33Z</time>
      </trkpt>
      <trkpt lat="23.059527" lon="113.28457">
        <time>2026-06-19T22:42:38Z</time>
      </trkpt>
      <trkpt lat="23.059593" lon="113.284428">
        <time>2026-06-19T22:42:43Z</time>
      </trkpt>
      <trkpt lat="23.059642" lon="113.284337">
        <time>2026-06-19T22:42:48Z</time>
      </trkpt>
      <trkpt lat="23.059717" lon="113.284205">
        <time>2026-06-19T22:42:53Z</time>
      </trkpt>
      <trkpt lat="23.059761" lon="113.284109">
        <time>2026-06-19T22:42:58Z</time>
      </trkpt>
      <trkpt lat="23.059807" lon="113.283952">
        <time>2026-06-19T22:43:03Z</time>
      </trkpt>
      <trkpt lat="23.059833" lon="113.283846">
        <time>2026-06-19T22:43:08Z</time>
      </trkpt>
      <trkpt lat="23.059878" lon="113.283695">
        <time>2026-06-19T22:43:13Z</time>
      </trkpt>
      <trkpt lat="23.059905" lon="113.283586">
        <time>2026-06-19T22:43:18Z</time>
      </trkpt>
      <trkpt lat="23.059934" lon="113.283425">
        <time>2026-06-19T22:43:23Z</time>
      </trkpt>
      <trkpt lat="23.059969" lon="113.283332">
        <time>2026-06-19T22:43:28Z</time>
      </trkpt>
      <trkpt lat="23.060053" lon="113.283208">
        <time>2026-06-19T22:43:33Z</time>
      </trkpt>
      <trkpt lat="23.060108" lon="113.283119">
        <time>2026-06-19T22:43:38Z</time>
      </trkpt>
      <trkpt lat="23.06018" lon="113.282968">
        <time>2026-06-19T22:43:43Z</time>
      </trkpt>
      <trkpt lat="23.060219" lon="113.282865">
        <time>2026-06-19T22:43:48Z</time>
      </trkpt>
      <trkpt lat="23.060273" lon="113.282707">
        <time>2026-06-19T22:43:53Z</time>
      </trkpt>
      <trkpt lat="23.060314" lon="113.282611">
        <time>2026-06-19T22:43:58Z</time>
      </trkpt>
      <trkpt lat="23.060359" lon="113.282455">
        <time>2026-06-19T22:44:03Z</time>
      </trkpt>
      <trkpt lat="23.06039" lon="113.282348">
        <time>2026-06-19T22:44:08Z</time>
      </trkpt>
      <trkpt lat="23.060446" lon="113.28219">
        <time>2026-06-19T22:44:13Z</time>
      </trkpt>
      <trkpt lat="23.060484" lon="113.282087">
        <time>2026-06-19T22:44:18Z</time>
      </trkpt>
      <trkpt lat="23.06055" lon="113.281943">
        <time>2026-06-19T22:44:23Z</time>
      </trkpt>
      <trkpt lat="23.060594" lon="113.281839">
        <time>2026-06-19T22:44:28Z</time>
      </trkpt>
      <trkpt lat="23.060658" lon="113.281685">
        <time>2026-06-19T22:44:33Z</time>
      </trkpt>
      <trkpt lat="23.0607" lon="113.281587">
        <time>2026-06-19T22:44:38Z</time>
      </trkpt>
      <trkpt lat="23.060762" lon="113.281436">
        <time>2026-06-19T22:44:43Z</time>
      </trkpt>
      <trkpt lat="23.060803" lon="113.281331">
        <time>2026-06-19T22:44:48Z</time>
      </trkpt>
      <trkpt lat="23.060865" lon="113.281176">
        <time>2026-06-19T22:44:53Z</time>
      </trkpt>
      <trkpt lat="23.060905" lon="113.281077">
        <time>2026-06-19T22:44:58Z</time>
      </trkpt>
      <trkpt lat="23.06097" lon="113.280923">
        <time>2026-06-19T22:45:03Z</time>
      </trkpt>
      <trkpt lat="23.061018" lon="113.280817">
        <time>2026-06-19T22:45:08Z</time>
      </trkpt>
      <trkpt lat="23.061095" lon="113.280667">
        <time>2026-06-19T22:45:13Z</time>
      </trkpt>
      <trkpt lat="23.061146" lon="113.280566">
        <time>2026-06-19T22:45:18Z</time>
      </trkpt>
      <trkpt lat="23.061223" lon="113.280425">
        <time>2026-06-19T22:45:23Z</time>
      </trkpt>
      <trkpt lat="23.061262" lon="113.28033">
        <time>2026-06-19T22:45:28Z</time>
      </trkpt>
      <trkpt lat="23.061331" lon="113.280184">
        <time>2026-06-19T22:45:33Z</time>
      </trkpt>
      <trkpt lat="23.061374" lon="113.280086">
        <time>2026-06-19T22:45:38Z</time>
      </trkpt>
      <trkpt lat="23.061432" lon="113.27994">
        <time>2026-06-19T22:45:43Z</time>
      </trkpt>
      <trkpt lat="23.061465" lon="113.279845">
        <time>2026-06-19T22:45:48Z</time>
      </trkpt>
      <trkpt lat="23.061519" lon="113.279705">
        <time>2026-06-19T22:45:53Z</time>
      </trkpt>
      <trkpt lat="23.06156" lon="113.279612">
        <time>2026-06-19T22:45:58Z</time>
      </trkpt>
      <trkpt lat="23.061625" lon="113.279466">
        <time>2026-06-19T22:46:03Z</time>
      </trkpt>
      <trkpt lat="23.061662" lon="113.279362">
        <time>2026-06-19T22:46:08Z</time>
      </trkpt>
      <trkpt lat="23.061718" lon="113.279219">
        <time>2026-06-19T22:46:13Z</time>
      </trkpt>
      <trkpt lat="23.061762" lon="113.279126">
        <time>2026-06-19T22:46:18Z</time>
      </trkpt>
      <trkpt lat="23.061844" lon="113.278996">
        <time>2026-06-19T22:46:23Z</time>
      </trkpt>
      <trkpt lat="23.061901" lon="113.278903">
        <time>2026-06-19T22:46:28Z</time>
      </trkpt>
      <trkpt lat="23.061961" lon="113.278747">
        <time>2026-06-19T22:46:33Z</time>
      </trkpt>
      <trkpt lat="23.061971" lon="113.278636">
        <time>2026-06-19T22:46:38Z</time>
      </trkpt>
      <trkpt lat="23.061958" lon="113.278462">
        <time>2026-06-19T22:46:43Z</time>
      </trkpt>
      <trkpt lat="23.06195" lon="113.278346">
        <time>2026-06-19T22:46:48Z</time>
      </trkpt>
      <trkpt lat="23.061942" lon="113.278175">
        <time>2026-06-19T22:46:53Z</time>
      </trkpt>
      <trkpt lat="23.061936" lon="113.278059">
        <time>2026-06-19T22:46:58Z</time>
      </trkpt>
      <trkpt lat="23.06193" lon="113.277888">
        <time>2026-06-19T22:47:03Z</time>
      </trkpt>
      <trkpt lat="23.061937" lon="113.277784">
        <time>2026-06-19T22:47:08Z</time>
      </trkpt>
      <trkpt lat="23.061977" lon="113.277635">
        <time>2026-06-19T22:47:13Z</time>
      </trkpt>
      <trkpt lat="23.062012" lon="113.277539">
        <time>2026-06-19T22:47:18Z</time>
      </trkpt>
      <trkpt lat="23.062067" lon="113.277396">
        <time>2026-06-19T22:47:23Z</time>
      </trkpt>
      <trkpt lat="23.062101" lon="113.277301">
        <time>2026-06-19T22:47:28Z</time>
      </trkpt>
      <trkpt lat="23.062145" lon="113.277156">
        <time>2026-06-19T22:47:33Z</time>
      </trkpt>
      <trkpt lat="23.062178" lon="113.277061">
        <time>2026-06-19T22:47:38Z</time>
      </trkpt>
      <trkpt lat="23.062239" lon="113.276924">
        <time>2026-06-19T22:47:43Z</time>
      </trkpt>
      <trkpt lat="23.062274" lon="113.276832">
        <time>2026-06-19T22:47:48Z</time>
      </trkpt>
      <trkpt lat="23.062328" lon="113.27669">
        <time>2026-06-19T22:47:53Z</time>
      </trkpt>
      <trkpt lat="23.062365" lon="113.276593">
        <time>2026-06-19T22:47:58Z</time>
      </trkpt>
      <trkpt lat="23.062419" lon="113.276443">
        <time>2026-06-19T22:48:03Z</time>
      </trkpt>
      <trkpt lat="23.062455" lon="113.276345">
        <time>2026-06-19T22:48:08Z</time>
      </trkpt>
      <trkpt lat="23.062515" lon="113.276197">
        <time>2026-06-19T22:48:13Z</time>
      </trkpt>
      <trkpt lat="23.062563" lon="113.276106">
        <time>2026-06-19T22:48:18Z</time>
      </trkpt>
      <trkpt lat="23.062644" lon="113.275977">
        <time>2026-06-19T22:48:23Z</time>
      </trkpt>
      <trkpt lat="23.062707" lon="113.275895">
        <time>2026-06-19T22:48:28Z</time>
      </trkpt>
      <trkpt lat="23.062814" lon="113.275788">
        <time>2026-06-19T22:48:33Z</time>
      </trkpt>
      <trkpt lat="23.062894" lon="113.275718">
        <time>2026-06-19T22:48:38Z</time>
      </trkpt>
      <trkpt lat="23.063007" lon="113.275598">
        <time>2026-06-19T22:48:43Z</time>
      </trkpt>
      <trkpt lat="23.063067" lon="113.275508">
        <time>2026-06-19T22:48:48Z</time>
      </trkpt>
      <trkpt lat="23.063145" lon="113.27537">
        <time>2026-06-19T22:48:53Z</time>
      </trkpt>
      <trkpt lat="23.063197" lon="113.275279">
        <time>2026-06-19T22:48:58Z</time>
      </trkpt>
      <trkpt lat="23.063283" lon="113.27514">
        <time>2026-06-19T22:49:03Z</time>
      </trkpt>
      <trkpt lat="23.063332" lon="113.275042">
        <time>2026-06-19T22:49:08Z</time>
      </trkpt>
      <trkpt lat="23.063385" lon="113.274895">
        <time>2026-06-19T22:49:13Z</time>
      </trkpt>
      <trkpt lat="23.063416" lon="113.274808">
        <time>2026-06-19T22:49:18Z</time>
      </trkpt>
      <trkpt lat="23.06346" lon="113.274675">
        <time>2026-06-19T22:49:23Z</time>
      </trkpt>
      <trkpt lat="23.063484" lon="113.274576">
        <time>2026-06-19T22:49:28Z</time>
      </trkpt>
      <trkpt lat="23.063534" lon="113.274429">
        <time>2026-06-19T22:49:33Z</time>
      </trkpt>
      <trkpt lat="23.063581" lon="113.274346">
        <time>2026-06-19T22:49:38Z</time>
      </trkpt>
      <trkpt lat="23.063673" lon="113.274229">
        <time>2026-06-19T22:49:43Z</time>
      </trkpt>
      <trkpt lat="23.06375" lon="113.274156">
        <time>2026-06-19T22:49:48Z</time>
      </trkpt>
      <trkpt lat="23.063852" lon="113.274028">
        <time>2026-06-19T22:49:53Z</time>
      </trkpt>
      <trkpt lat="23.063906" lon="113.27393">
        <time>2026-06-19T22:49:58Z</time>
      </trkpt>
      <trkpt lat="23.063988" lon="113.273795">
        <time>2026-06-19T22:50:03Z</time>
      </trkpt>
      <trkpt lat="23.064055" lon="113.273714">
        <time>2026-06-19T22:50:08Z</time>
      </trkpt>
      <trkpt lat="23.06418" lon="113.273621">
        <time>2026-06-19T22:50:13Z</time>
      </trkpt>
      <trkpt lat="23.064266" lon="113.273561">
        <time>2026-06-19T22:50:18Z</time>
      </trkpt>
      <trkpt lat="23.064386" lon="113.273466">
        <time>2026-06-19T22:50:23Z</time>
      </trkpt>
      <trkpt lat="23.064462" lon="113.273399">
        <time>2026-06-19T22:50:28Z</time>
      </trkpt>
      <trkpt lat="23.064555" lon="113.273272">
        <time>2026-06-19T22:50:33Z</time>
      </trkpt>
      <trkpt lat="23.064577" lon="113.273161">
        <time>2026-06-19T22:50:38Z</time>
      </trkpt>
      <trkpt lat="23.064542" lon="113.27299">
        <time>2026-06-19T22:50:43Z</time>
      </trkpt>
      <trkpt lat="23.064499" lon="113.272885">
        <time>2026-06-19T22:50:48Z</time>
      </trkpt>
      <trkpt lat="23.064446" lon="113.27272">
        <time>2026-06-19T22:50:53Z</time>
      </trkpt>
      <trkpt lat="23.06443" lon="113.272607">
        <time>2026-06-19T22:50:58Z</time>
      </trkpt>
      <trkpt lat="23.064469" lon="113.272451">
        <time>2026-06-19T22:51:03Z</time>
      </trkpt>
      <trkpt lat="23.064516" lon="113.27235">
        <time>2026-06-19T22:51:08Z</time>
      </trkpt>
      <trkpt lat="23.064567" lon="113.272198">
        <time>2026-06-19T22:51:13Z</time>
      </trkpt>
      <trkpt lat="23.064607" lon="113.272104">
        <time>2026-06-19T22:51:18Z</time>
      </trkpt>
      <trkpt lat="23.064669" lon="113.271972">
        <time>2026-06-19T22:51:23Z</time>
      </trkpt>
      <trkpt lat="23.064713" lon="113.271883">
        <time>2026-06-19T22:51:28Z</time>
      </trkpt>
      <trkpt lat="23.064791" lon="113.271743">
        <time>2026-06-19T22:51:33Z</time>
      </trkpt>
      <trkpt lat="23.064842" lon="113.271645">
        <time>2026-06-19T22:51:38Z</time>
      </trkpt>
      <trkpt lat="23.064911" lon="113.271514">
        <time>2026-06-19T22:51:43Z</time>
      </trkpt>
      <trkpt lat="23.064957" lon="113.271431">
        <time>2026-06-19T22:51:48Z</time>
      </trkpt>
      <trkpt lat="23.065023" lon="113.271273">
        <time>2026-06-19T22:51:53Z</time>
      </trkpt>
      <trkpt lat="23.065071" lon="113.271167">
        <time>2026-06-19T22:51:58Z</time>
      </trkpt>
      <trkpt lat="23.06514" lon="113.271013">
        <time>2026-06-19T22:52:03Z</time>
      </trkpt>
      <trkpt lat="23.065175" lon="113.270907">
        <time>2026-06-19T22:52:08Z</time>
      </trkpt>
      <trkpt lat="23.065238" lon="113.270759">
        <time>2026-06-19T22:52:13Z</time>
      </trkpt>
      <trkpt lat="23.065287" lon="113.270665">
        <time>2026-06-19T22:52:18Z</time>
      </trkpt>
      <trkpt lat="23.065351" lon="113.270524">
        <time>2026-06-19T22:52:23Z</time>
      </trkpt>
      <trkpt lat="23.065394" lon="113.270428">
        <time>2026-06-19T22:52:28Z</time>
      </trkpt>
      <trkpt lat="23.065459" lon="113.270282">
        <time>2026-06-19T22:52:33Z</time>
      </trkpt>
      <trkpt lat="23.065495" lon="113.270186">
        <time>2026-06-19T22:52:38Z</time>
      </trkpt>
      <trkpt lat="23.065546" lon="113.270037">
        <time>2026-06-19T22:52:43Z</time>
      </trkpt>
      <trkpt lat="23.065577" lon="113.269935">
        <time>2026-06-19T22:52:48Z</time>
      </trkpt>
      <trkpt lat="23.065619" lon="113.269776">
        <time>2026-06-19T22:52:53Z</time>
      </trkpt>
      <trkpt lat="23.065652" lon="113.269674">
        <time>2026-06-19T22:52:58Z</time>
      </trkpt>
      <trkpt lat="23.065711" lon="113.269524">
        <time>2026-06-19T22:53:03Z</time>
      </trkpt>
      <trkpt lat="23.065734" lon="113.269415">
        <time>2026-06-19T22:53:08Z</time>
      </trkpt>
      <trkpt lat="23.065781" lon="113.26925">
        <time>2026-06-19T22:53:13Z</time>
      </trkpt>
      <trkpt lat="23.065815" lon="113.269148">
        <time>2026-06-19T22:53:18Z</time>
      </trkpt>
      <trkpt lat="23.065865" lon="113.268997">
        <time>2026-06-19T22:53:23Z</time>
      </trkpt>
      <trkpt lat="23.065905" lon="113.268905">
        <time>2026-06-19T22:53:28Z</time>
      </trkpt>
      <trkpt lat="23.065958" lon="113.268765">
        <time>2026-06-19T22:53:33Z</time>
      </trkpt>
      <trkpt lat="23.066003" lon="113.268672">
        <time>2026-06-19T22:53:38Z</time>
      </trkpt>
      <trkpt lat="23.066084" lon="113.268538">
        <time>2026-06-19T22:53:43Z</time>
      </trkpt>
      <trkpt lat="23.066141" lon="113.268446">
        <time>2026-06-19T22:53:48Z</time>
      </trkpt>
      <trkpt lat="23.066238" lon="113.26832">
        <time>2026-06-19T22:53:53Z</time>
      </trkpt>
      <trkpt lat="23.066309" lon="113.268246">
        <time>2026-06-19T22:53:58Z</time>
      </trkpt>
      <trkpt lat="23.066435" lon="113.268165">
        <time>2026-06-19T22:54:03Z</time>
      </trkpt>
      <trkpt lat="23.066535" lon="113.268155">
        <time>2026-06-19T22:54:08Z</time>
      </trkpt>
      <trkpt lat="23.066689" lon="113.268181">
        <time>2026-06-19T22:54:13Z</time>
      </trkpt>
      <trkpt lat="23.066791" lon="113.26818">
        <time>2026-06-19T22:54:18Z</time>
      </trkpt>
      <trkpt lat="23.066941" lon="113.268187">
        <time>2026-06-19T22:54:23Z</time>
      </trkpt>
      <trkpt lat="23.067033" lon="113.268215">
        <time>2026-06-19T22:54:28Z</time>
      </trkpt>
      <trkpt lat="23.067157" lon="113.268275">
        <time>2026-06-19T22:54:33Z</time>
      </trkpt>
      <trkpt lat="23.067238" lon="113.268316">
        <time>2026-06-19T22:54:38Z</time>
      </trkpt>
      <trkpt lat="23.067364" lon="113.268381">
        <time>2026-06-19T22:54:43Z</time>
      </trkpt>
      <trkpt lat="23.067451" lon="113.268419">
        <time>2026-06-19T22:54:48Z</time>
      </trkpt>
      <trkpt lat="23.067586" lon="113.268494">
        <time>2026-06-19T22:54:53Z</time>
      </trkpt>
      <trkpt lat="23.067688" lon="113.268544">
        <time>2026-06-19T22:54:58Z</time>
      </trkpt>
      <trkpt lat="23.067833" lon="113.268614">
        <time>2026-06-19T22:55:03Z</time>
      </trkpt>
      <trkpt lat="23.067917" lon="113.268667">
        <time>2026-06-19T22:55:08Z</time>
      </trkpt>
      <trkpt lat="23.067989" lon="113.268742">
        <time>2026-06-19T22:55:13Z</time>
      </trkpt>
      <trkpt lat="23.068009" lon="113.268761">
        <time>2026-06-19T22:55:18Z</time>
      </trkpt>
      <trkpt lat="23.068014" lon="113.268753">
        <time>2026-06-19T22:55:23Z</time>
      </trkpt>
      <trkpt lat="23.068007" lon="113.26873">
        <time>2026-06-19T22:55:28Z</time>
      </trkpt>
      <trkpt lat="23.068003" lon="113.26873">
        <time>2026-06-19T22:55:33Z</time>
      </trkpt>
      <trkpt lat="23.068009" lon="113.268742">
        <time>2026-06-19T22:55:38Z</time>
      </trkpt>
      <trkpt lat="23.068009" lon="113.268742">
        <time>2026-06-19T22:55:43Z</time>
      </trkpt>
      <trkpt lat="23.068006" lon="113.268706">
        <time>2026-06-19T22:55:48Z</time>
      </trkpt>
      <trkpt lat="23.067991" lon="113.268603">
        <time>2026-06-19T22:55:53Z</time>
      </trkpt>
      <trkpt lat="23.067895" lon="113.268505">
        <time>2026-06-19T22:55:58Z</time>
      </trkpt>
      <trkpt lat="23.067802" lon="113.268461">
        <time>2026-06-19T22:56:03Z</time>
      </trkpt>
      <trkpt lat="23.067666" lon="113.268381">
        <time>2026-06-19T22:56:08Z</time>
      </trkpt>
      <trkpt lat="23.06757" lon="113.26833">
        <time>2026-06-19T22:56:13Z</time>
      </trkpt>
      <trkpt lat="23.067418" lon="113.268274">
        <time>2026-06-19T22:56:18Z</time>
      </trkpt>
      <trkpt lat="23.067317" lon="113.268238">
        <time>2026-06-19T22:56:23Z</time>
      </trkpt>
      <trkpt lat="23.067186" lon="113.268188">
        <time>2026-06-19T22:56:28Z</time>
      </trkpt>
      <trkpt lat="23.067101" lon="113.268153">
        <time>2026-06-19T22:56:33Z</time>
      </trkpt>
      <trkpt lat="23.066959" lon="113.268093">
        <time>2026-06-19T22:56:38Z</time>
      </trkpt>
      <trkpt lat="23.066856" lon="113.268066">
        <time>2026-06-19T22:56:43Z</time>
      </trkpt>
      <trkpt lat="23.0667" lon="113.26803">
        <time>2026-06-19T22:56:48Z</time>
      </trkpt>
      <trkpt lat="23.066597" lon="113.268003">
        <time>2026-06-19T22:56:53Z</time>
      </trkpt>
      <trkpt lat="23.066447" lon="113.267946">
        <time>2026-06-19T22:56:58Z</time>
      </trkpt>
      <trkpt lat="23.066345" lon="113.267937">
        <time>2026-06-19T22:57:03Z</time>
      </trkpt>
      <trkpt lat="23.066206" lon="113.267997">
        <time>2026-06-19T22:57:08Z</time>
      </trkpt>
      <trkpt lat="23.066133" lon="113.26807">
        <time>2026-06-19T22:57:13Z</time>
      </trkpt>
      <trkpt lat="23.066033" lon="113.268189">
        <time>2026-06-19T22:57:18Z</time>
      </trkpt>
      <trkpt lat="23.06597" lon="113.268266">
        <time>2026-06-19T22:57:23Z</time>
      </trkpt>
      <trkpt lat="23.065878" lon="113.268385">
        <time>2026-06-19T22:57:28Z</time>
      </trkpt>
      <trkpt lat="23.065822" lon="113.268475">
        <time>2026-06-19T22:57:33Z</time>
      </trkpt>
      <trkpt lat="23.065752" lon="113.268616">
        <time>2026-06-19T22:57:38Z</time>
      </trkpt>
      <trkpt lat="23.06571" lon="113.268714">
        <time>2026-06-19T22:57:43Z</time>
      </trkpt>
      <trkpt lat="23.065647" lon="113.268853">
        <time>2026-06-19T22:57:48Z</time>
      </trkpt>
      <trkpt lat="23.065609" lon="113.268948">
        <time>2026-06-19T22:57:53Z</time>
      </trkpt>
      <trkpt lat="23.065563" lon="113.269098">
        <time>2026-06-19T22:57:58Z</time>
      </trkpt>
      <trkpt lat="23.065538" lon="113.269199">
        <time>2026-06-19T22:58:03Z</time>
      </trkpt>
      <trkpt lat="23.065502" lon="113.269353">
        <time>2026-06-19T22:58:08Z</time>
      </trkpt>
      <trkpt lat="23.065478" lon="113.269459">
        <time>2026-06-19T22:58:13Z</time>
      </trkpt>
      <trkpt lat="23.06544" lon="113.269619">
        <time>2026-06-19T22:58:18Z</time>
      </trkpt>
      <trkpt lat="23.065417" lon="113.269723">
        <time>2026-06-19T22:58:23Z</time>
      </trkpt>
      <trkpt lat="23.065376" lon="113.269872">
        <time>2026-06-19T22:58:28Z</time>
      </trkpt>
      <trkpt lat="23.065341" lon="113.26997">
        <time>2026-06-19T22:58:33Z</time>
      </trkpt>
      <trkpt lat="23.065289" lon="113.270115">
        <time>2026-06-19T22:58:38Z</time>
      </trkpt>
      <trkpt lat="23.065248" lon="113.270212">
        <time>2026-06-19T22:58:43Z</time>
      </trkpt>
      <trkpt lat="23.065181" lon="113.270355">
        <time>2026-06-19T22:58:48Z</time>
      </trkpt>
      <trkpt lat="23.065139" lon="113.270453">
        <time>2026-06-19T22:58:53Z</time>
      </trkpt>
      <trkpt lat="23.065074" lon="113.270594">
        <time>2026-06-19T22:58:58Z</time>
      </trkpt>
      <trkpt lat="23.065036" lon="113.270688">
        <time>2026-06-19T22:59:03Z</time>
      </trkpt>
      <trkpt lat="23.06497" lon="113.270827">
        <time>2026-06-19T22:59:08Z</time>
      </trkpt>
      <trkpt lat="23.064927" lon="113.27092">
        <time>2026-06-19T22:59:13Z</time>
      </trkpt>
      <trkpt lat="23.064861" lon="113.271062">
        <time>2026-06-19T22:59:18Z</time>
      </trkpt>
      <trkpt lat="23.06482" lon="113.271159">
        <time>2026-06-19T22:59:23Z</time>
      </trkpt>
      <trkpt lat="23.064758" lon="113.271306">
        <time>2026-06-19T22:59:28Z</time>
      </trkpt>
      <trkpt lat="23.064716" lon="113.271404">
        <time>2026-06-19T22:59:33Z</time>
      </trkpt>
      <trkpt lat="23.064648" lon="113.271544">
        <time>2026-06-19T22:59:38Z</time>
      </trkpt>
      <trkpt lat="23.0646" lon="113.271638">
        <time>2026-06-19T22:59:43Z</time>
      </trkpt>
      <trkpt lat="23.064531" lon="113.271781">
        <time>2026-06-19T22:59:48Z</time>
      </trkpt>
      <trkpt lat="23.064484" lon="113.271878">
        <time>2026-06-19T22:59:53Z</time>
      </trkpt>
      <trkpt lat="23.064413" lon="113.272022">
        <time>2026-06-19T22:59:58Z</time>
      </trkpt>
      <trkpt lat="23.064365" lon="113.272114">
        <time>2026-06-19T23:00:03Z</time>
      </trkpt>
      <trkpt lat="23.064323" lon="113.27227">
        <time>2026-06-19T23:00:08Z</time>
      </trkpt>
      <trkpt lat="23.064315" lon="113.27238">
        <time>2026-06-19T23:00:13Z</time>
      </trkpt>
      <trkpt lat="23.064302" lon="113.272542">
        <time>2026-06-19T23:00:18Z</time>
      </trkpt>
      <trkpt lat="23.064311" lon="113.272642">
        <time>2026-06-19T23:00:23Z</time>
      </trkpt>
      <trkpt lat="23.064358" lon="113.272796">
        <time>2026-06-19T23:00:28Z</time>
      </trkpt>
      <trkpt lat="23.064394" lon="113.272894">
        <time>2026-06-19T23:00:33Z</time>
      </trkpt>
      <trkpt lat="23.064443" lon="113.273035">
        <time>2026-06-19T23:00:38Z</time>
      </trkpt>
      <trkpt lat="23.06446" lon="113.273133">
        <time>2026-06-19T23:00:43Z</time>
      </trkpt>
      <trkpt lat="23.064416" lon="113.273281">
        <time>2026-06-19T23:00:48Z</time>
      </trkpt>
      <trkpt lat="23.064346" lon="113.273359">
        <time>2026-06-19T23:00:53Z</time>
      </trkpt>
      <trkpt lat="23.06422" lon="113.273455">
        <time>2026-06-19T23:00:58Z</time>
      </trkpt>
      <trkpt lat="23.064137" lon="113.273519">
        <time>2026-06-19T23:01:03Z</time>
      </trkpt>
      <trkpt lat="23.064015" lon="113.273613">
        <time>2026-06-19T23:01:08Z</time>
      </trkpt>
      <trkpt lat="23.06394" lon="113.273678">
        <time>2026-06-19T23:01:13Z</time>
      </trkpt>
      <trkpt lat="23.063853" lon="113.273794">
        <time>2026-06-19T23:01:18Z</time>
      </trkpt>
      <trkpt lat="23.063802" lon="113.27388">
        <time>2026-06-19T23:01:23Z</time>
      </trkpt>
      <trkpt lat="23.063727" lon="113.27401">
        <time>2026-06-19T23:01:28Z</time>
      </trkpt>
      <trkpt lat="23.06366" lon="113.274086">
        <time>2026-06-19T23:01:33Z</time>
      </trkpt>
      <trkpt lat="23.063549" lon="113.274179">
        <time>2026-06-19T23:01:38Z</time>
      </trkpt>
      <trkpt lat="23.063495" lon="113.274264">
        <time>2026-06-19T23:01:43Z</time>
      </trkpt>
      <trkpt lat="23.063444" lon="113.274418">
        <time>2026-06-19T23:01:48Z</time>
      </trkpt>
      <trkpt lat="23.063408" lon="113.274516">
        <time>2026-06-19T23:01:53Z</time>
      </trkpt>
      <trkpt lat="23.063352" lon="113.274671">
        <time>2026-06-19T23:01:58Z</time>
      </trkpt>
      <trkpt lat="23.063314" lon="113.27477">
        <time>2026-06-19T23:02:03Z</time>
      </trkpt>
      <trkpt lat="23.063266" lon="113.274918">
        <time>2026-06-19T23:02:08Z</time>
      </trkpt>
      <trkpt lat="23.06323" lon="113.275017">
        <time>2026-06-19T23:02:13Z</time>
      </trkpt>
      <trkpt lat="23.063159" lon="113.275159">
        <time>2026-06-19T23:02:18Z</time>
      </trkpt>
      <trkpt lat="23.063107" lon="113.275251">
        <time>2026-06-19T23:02:23Z</time>
      </trkpt>
      <trkpt lat="23.063033" lon="113.275382">
        <time>2026-06-19T23:02:28Z</time>
      </trkpt>
      <trkpt lat="23.062975" lon="113.275468">
        <time>2026-06-19T23:02:33Z</time>
      </trkpt>
      <trkpt lat="23.062874" lon="113.275593">
        <time>2026-06-19T23:02:38Z</time>
      </trkpt>
      <trkpt lat="23.062802" lon="113.275667">
        <time>2026-06-19T23:02:43Z</time>
      </trkpt>
      <trkpt lat="23.062689" lon="113.275769">
        <time>2026-06-19T23:02:48Z</time>
      </trkpt>
      <trkpt lat="23.062624" lon="113.275848">
        <time>2026-06-19T23:02:53Z</time>
      </trkpt>
      <trkpt lat="23.062531" lon="113.275978">
        <time>2026-06-19T23:02:58Z</time>
      </trkpt>
      <trkpt lat="23.062475" lon="113.276071">
        <time>2026-06-19T23:03:03Z</time>
      </trkpt>
      <trkpt lat="23.062407" lon="113.276218">
        <time>2026-06-19T23:03:08Z</time>
      </trkpt>
      <trkpt lat="23.062371" lon="113.276319">
        <time>2026-06-19T23:03:13Z</time>
      </trkpt>
      <trkpt lat="23.062322" lon="113.276467">
        <time>2026-06-19T23:03:18Z</time>
      </trkpt>
      <trkpt lat="23.062285" lon="113.276566">
        <time>2026-06-19T23:03:23Z</time>
      </trkpt>
      <trkpt lat="23.062231" lon="113.276713">
        <time>2026-06-19T23:03:28Z</time>
      </trkpt>
      <trkpt lat="23.062195" lon="113.276813">
        <time>2026-06-19T23:03:33Z</time>
      </trkpt>
      <trkpt lat="23.062145" lon="113.27696">
        <time>2026-06-19T23:03:38Z</time>
      </trkpt>
      <trkpt lat="23.062111" lon="113.277057">
        <time>2026-06-19T23:03:43Z</time>
      </trkpt>
      <trkpt lat="23.06206" lon="113.277207">
        <time>2026-06-19T23:03:48Z</time>
      </trkpt>
      <trkpt lat="23.062018" lon="113.277308">
        <time>2026-06-19T23:03:53Z</time>
      </trkpt>
      <trkpt lat="23.061956" lon="113.277462">
        <time>2026-06-19T23:03:58Z</time>
      </trkpt>
      <trkpt lat="23.061915" lon="113.277561">
        <time>2026-06-19T23:04:03Z</time>
      </trkpt>
      <trkpt lat="23.061861" lon="113.277712">
        <time>2026-06-19T23:04:08Z</time>
      </trkpt>
      <trkpt lat="23.06184" lon="113.277814">
        <time>2026-06-19T23:04:13Z</time>
      </trkpt>
      <trkpt lat="23.061831" lon="113.277964">
        <time>2026-06-19T23:04:18Z</time>
      </trkpt>
      <trkpt lat="23.061836" lon="113.278062">
        <time>2026-06-19T23:04:23Z</time>
      </trkpt>
      <trkpt lat="23.061845" lon="113.278218">
        <time>2026-06-19T23:04:28Z</time>
      </trkpt>
      <trkpt lat="23.061851" lon="113.278323">
        <time>2026-06-19T23:04:33Z</time>
      </trkpt>
      <trkpt lat="23.061861" lon="113.278489">
        <time>2026-06-19T23:04:38Z</time>
      </trkpt>
      <trkpt lat="23.061865" lon="113.278597">
        <time>2026-06-19T23:04:43Z</time>
      </trkpt>
      <trkpt lat="23.061833" lon="113.278749">
        <time>2026-06-19T23:04:48Z</time>
      </trkpt>
      <trkpt lat="23.061784" lon="113.278843">
        <time>2026-06-19T23:04:53Z</time>
      </trkpt>
      <trkpt lat="23.061703" lon="113.278979">
        <time>2026-06-19T23:04:58Z</time>
      </trkpt>
      <trkpt lat="23.06165" lon="113.279069">
        <time>2026-06-19T23:05:03Z</time>
      </trkpt>
      <trkpt lat="23.061589" lon="113.279215">
        <time>2026-06-19T23:05:08Z</time>
      </trkpt>
      <trkpt lat="23.061556" lon="113.279313">
        <time>2026-06-19T23:05:13Z</time>
      </trkpt>
      <trkpt lat="23.061498" lon="113.279456">
        <time>2026-06-19T23:05:18Z</time>
      </trkpt>
      <trkpt lat="23.061459" lon="113.27955">
        <time>2026-06-19T23:05:23Z</time>
      </trkpt>
      <trkpt lat="23.061403" lon="113.279694">
        <time>2026-06-19T23:05:28Z</time>
      </trkpt>
      <trkpt lat="23.061361" lon="113.279796">
        <time>2026-06-19T23:05:33Z</time>
      </trkpt>
      <trkpt lat="23.061298" lon="113.279947">
        <time>2026-06-19T23:05:38Z</time>
      </trkpt>
      <trkpt lat="23.061259" lon="113.280048">
        <time>2026-06-19T23:05:43Z</time>
      </trkpt>
      <trkpt lat="23.0612" lon="113.280196">
        <time>2026-06-19T23:05:48Z</time>
      </trkpt>
      <trkpt lat="23.061162" lon="113.280293">
        <time>2026-06-19T23:05:53Z</time>
      </trkpt>
      <trkpt lat="23.061093" lon="113.280434">
        <time>2026-06-19T23:05:58Z</time>
      </trkpt>
      <trkpt lat="23.061048" lon="113.280531">
        <time>2026-06-19T23:06:03Z</time>
      </trkpt>
      <trkpt lat="23.060986" lon="113.280668">
        <time>2026-06-19T23:06:08Z</time>
      </trkpt>
      <trkpt lat="23.060944" lon="113.280761">
        <time>2026-06-19T23:06:13Z</time>
      </trkpt>
      <trkpt lat="23.060884" lon="113.280901">
        <time>2026-06-19T23:06:18Z</time>
      </trkpt>
      <trkpt lat="23.060846" lon="113.280992">
        <time>2026-06-19T23:06:23Z</time>
      </trkpt>
      <trkpt lat="23.060782" lon="113.281133">
        <time>2026-06-19T23:06:28Z</time>
      </trkpt>
      <trkpt lat="23.060738" lon="113.281227">
        <time>2026-06-19T23:06:33Z</time>
      </trkpt>
      <trkpt lat="23.060673" lon="113.281363">
        <time>2026-06-19T23:06:38Z</time>
      </trkpt>
      <trkpt lat="23.060633" lon="113.281454">
        <time>2026-06-19T23:06:43Z</time>
      </trkpt>
      <trkpt lat="23.060574" lon="113.281597">
        <time>2026-06-19T23:06:48Z</time>
      </trkpt>
      <trkpt lat="23.060534" lon="113.281694">
        <time>2026-06-19T23:06:53Z</time>
      </trkpt>
      <trkpt lat="23.060478" lon="113.281837">
        <time>2026-06-19T23:06:58Z</time>
      </trkpt>
      <trkpt lat="23.060439" lon="113.281934">
        <time>2026-06-19T23:07:03Z</time>
      </trkpt>
      <trkpt lat="23.060376" lon="113.282081">
        <time>2026-06-19T23:07:08Z</time>
      </trkpt>
      <trkpt lat="23.060333" lon="113.282182">
        <time>2026-06-19T23:07:13Z</time>
      </trkpt>
      <trkpt lat="23.060273" lon="113.28233">
        <time>2026-06-19T23:07:18Z</time>
      </trkpt>
      <trkpt lat="23.06024" lon="113.282424">
        <time>2026-06-19T23:07:23Z</time>
      </trkpt>
      <trkpt lat="23.060186" lon="113.282564">
        <time>2026-06-19T23:07:28Z</time>
      </trkpt>
      <trkpt lat="23.060148" lon="113.282661">
        <time>2026-06-19T23:07:33Z</time>
      </trkpt>
      <trkpt lat="23.06009" lon="113.282807">
        <time>2026-06-19T23:07:38Z</time>
      </trkpt>
      <trkpt lat="23.060053" lon="113.282902">
        <time>2026-06-19T23:07:43Z</time>
      </trkpt>
      <trkpt lat="23.05999" lon="113.283043">
        <time>2026-06-19T23:07:48Z</time>
      </trkpt>
      <trkpt lat="23.059941" lon="113.283138">
        <time>2026-06-19T23:07:53Z</time>
      </trkpt>
      <trkpt lat="23.059868" lon="113.283281">
        <time>2026-06-19T23:07:58Z</time>
      </trkpt>
      <trkpt lat="23.059824" lon="113.283381">
        <time>2026-06-19T23:08:03Z</time>
      </trkpt>
      <trkpt lat="23.059763" lon="113.283533">
        <time>2026-06-19T23:08:08Z</time>
      </trkpt>
      <trkpt lat="23.059721" lon="113.283633">
        <time>2026-06-19T23:08:13Z</time>
      </trkpt>
      <trkpt lat="23.059654" lon="113.283778">
        <time>2026-06-19T23:08:18Z</time>
      </trkpt>
      <trkpt lat="23.05961" lon="113.283876">
        <time>2026-06-19T23:08:23Z</time>
      </trkpt>
      <trkpt lat="23.059547" lon="113.284021">
        <time>2026-06-19T23:08:28Z</time>
      </trkpt>
      <trkpt lat="23.059507" lon="113.284118">
        <time>2026-06-19T23:08:33Z</time>
      </trkpt>
      <trkpt lat="23.05945" lon="113.284262">
        <time>2026-06-19T23:08:38Z</time>
      </trkpt>
      <trkpt lat="23.059408" lon="113.284363">
        <time>2026-06-19T23:08:43Z</time>
      </trkpt>
      <trkpt lat="23.059338" lon="113.284508">
        <time>2026-06-19T23:08:48Z</time>
      </trkpt>
      <trkpt lat="23.059295" lon="113.2846">
        <time>2026-06-19T23:08:53Z</time>
      </trkpt>
      <trkpt lat="23.059239" lon="113.284742">
        <time>2026-06-19T23:08:58Z</time>
      </trkpt>
      <trkpt lat="23.059199" lon="113.284838">
        <time>2026-06-19T23:09:03Z</time>
      </trkpt>
      <trkpt lat="23.05913" lon="113.284981">
        <time>2026-06-19T23:09:08Z</time>
      </trkpt>
      <trkpt lat="23.059091" lon="113.285084">
        <time>2026-06-19T23:09:13Z</time>
      </trkpt>
      <trkpt lat="23.059025" lon="113.285232">
        <time>2026-06-19T23:09:18Z</time>
      </trkpt>
      <trkpt lat="23.058983" lon="113.285326">
        <time>2026-06-19T23:09:23Z</time>
      </trkpt>
      <trkpt lat="23.058921" lon="113.285464">
        <time>2026-06-19T23:09:28Z</time>
      </trkpt>
      <trkpt lat="23.058877" lon="113.285557">
        <time>2026-06-19T23:09:33Z</time>
      </trkpt>
      <trkpt lat="23.058811" lon="113.285707">
        <time>2026-06-19T23:09:38Z</time>
      </trkpt>
      <trkpt lat="23.058768" lon="113.285804">
        <time>2026-06-19T23:09:43Z</time>
      </trkpt>
      <trkpt lat="23.058706" lon="113.285954">
        <time>2026-06-19T23:09:48Z</time>
      </trkpt>
      <trkpt lat="23.058692" lon="113.286059">
        <time>2026-06-19T23:09:53Z</time>
      </trkpt>
      <trkpt lat="23.058816" lon="113.286119">
        <time>2026-06-19T23:09:58Z</time>
      </trkpt>
      <trkpt lat="23.058906" lon="113.286052">
        <time>2026-06-19T23:10:03Z</time>
      </trkpt>
      <trkpt lat="23.058998" lon="113.285904">
        <time>2026-06-19T23:10:08Z</time>
      </trkpt>
      <trkpt lat="23.059048" lon="113.285807">
        <time>2026-06-19T23:10:13Z</time>
      </trkpt>
      <trkpt lat="23.059115" lon="113.285663">
        <time>2026-06-19T23:10:18Z</time>
      </trkpt>
      <trkpt lat="23.059161" lon="113.285565">
        <time>2026-06-19T23:10:23Z</time>
      </trkpt>
      <trkpt lat="23.05921" lon="113.28541">
        <time>2026-06-19T23:10:28Z</time>
      </trkpt>
      <trkpt lat="23.059242" lon="113.285306">
        <time>2026-06-19T23:10:33Z</time>
      </trkpt>
      <trkpt lat="23.059299" lon="113.285155">
        <time>2026-06-19T23:10:38Z</time>
      </trkpt>
      <trkpt lat="23.059341" lon="113.285057">
        <time>2026-06-19T23:10:43Z</time>
      </trkpt>
      <trkpt lat="23.059385" lon="113.2849">
        <time>2026-06-19T23:10:48Z</time>
      </trkpt>
      <trkpt lat="23.059417" lon="113.284804">
        <time>2026-06-19T23:10:53Z</time>
      </trkpt>
      <trkpt lat="23.059473" lon="113.28467">
        <time>2026-06-19T23:10:58Z</time>
      </trkpt>
      <trkpt lat="23.059512" lon="113.284581">
        <time>2026-06-19T23:11:03Z</time>
      </trkpt>
      <trkpt lat="23.059563" lon="113.284435">
        <time>2026-06-19T23:11:08Z</time>
      </trkpt>
      <trkpt lat="23.059596" lon="113.284336">
        <time>2026-06-19T23:11:13Z</time>
      </trkpt>
      <trkpt lat="23.059653" lon="113.284191">
        <time>2026-06-19T23:11:18Z</time>
      </trkpt>
      <trkpt lat="23.059685" lon="113.284093">
        <time>2026-06-19T23:11:23Z</time>
      </trkpt>
      <trkpt lat="23.059744" lon="113.283953">
        <time>2026-06-19T23:11:28Z</time>
      </trkpt>
      <trkpt lat="23.059785" lon="113.283859">
        <time>2026-06-19T23:11:33Z</time>
      </trkpt>
      <trkpt lat="23.059856" lon="113.283719">
        <time>2026-06-19T23:11:38Z</time>
      </trkpt>
      <trkpt lat="23.059888" lon="113.28362">
        <time>2026-06-19T23:11:43Z</time>
      </trkpt>
      <trkpt lat="23.059917" lon="113.283451">
        <time>2026-06-19T23:11:48Z</time>
      </trkpt>
      <trkpt lat="23.059955" lon="113.283344">
        <time>2026-06-19T23:11:53Z</time>
      </trkpt>
      <trkpt lat="23.060043" lon="113.283209">
        <time>2026-06-19T23:11:58Z</time>
      </trkpt>
      <trkpt lat="23.060096" lon="113.283119">
        <time>2026-06-19T23:12:03Z</time>
      </trkpt>
      <trkpt lat="23.060154" lon="113.282971">
        <time>2026-06-19T23:12:08Z</time>
      </trkpt>
      <trkpt lat="23.060196" lon="113.28287">
        <time>2026-06-19T23:12:13Z</time>
      </trkpt>
      <trkpt lat="23.060248" lon="113.282717">
        <time>2026-06-19T23:12:18Z</time>
      </trkpt>
      <trkpt lat="23.060278" lon="113.282615">
        <time>2026-06-19T23:12:23Z</time>
      </trkpt>
      <trkpt lat="23.060331" lon="113.282463">
        <time>2026-06-19T23:12:28Z</time>
      </trkpt>
      <trkpt lat="23.060372" lon="113.282364">
        <time>2026-06-19T23:12:33Z</time>
      </trkpt>
      <trkpt lat="23.060438" lon="113.282214">
        <time>2026-06-19T23:12:38Z</time>
      </trkpt>
      <trkpt lat="23.060474" lon="113.282114">
        <time>2026-06-19T23:12:43Z</time>
      </trkpt>
      <trkpt lat="23.060523" lon="113.281967">
        <time>2026-06-19T23:12:48Z</time>
      </trkpt>
      <trkpt lat="23.060565" lon="113.281873">
        <time>2026-06-19T23:12:53Z</time>
      </trkpt>
      <trkpt lat="23.060629" lon="113.281739">
        <time>2026-06-19T23:12:58Z</time>
      </trkpt>
      <trkpt lat="23.06067" lon="113.281652">
        <time>2026-06-19T23:13:03Z</time>
      </trkpt>
      <trkpt lat="23.060724" lon="113.281516">
        <time>2026-06-19T23:13:08Z</time>
      </trkpt>
      <trkpt lat="23.060755" lon="113.281422">
        <time>2026-06-19T23:13:13Z</time>
      </trkpt>
      <trkpt lat="23.060816" lon="113.281284">
        <time>2026-06-19T23:13:18Z</time>
      </trkpt>
      <trkpt lat="23.060859" lon="113.281193">
        <time>2026-06-19T23:13:23Z</time>
      </trkpt>
      <trkpt lat="23.060913" lon="113.281051">
        <time>2026-06-19T23:13:28Z</time>
      </trkpt>
      <trkpt lat="23.060951" lon="113.280956">
        <time>2026-06-19T23:13:33Z</time>
      </trkpt>
      <trkpt lat="23.061009" lon="113.280821">
        <time>2026-06-19T23:13:38Z</time>
      </trkpt>
      <trkpt lat="23.061053" lon="113.280726">
        <time>2026-06-19T23:13:43Z</time>
      </trkpt>
      <trkpt lat="23.061123" lon="113.280575">
        <time>2026-06-19T23:13:48Z</time>
      </trkpt>
      <trkpt lat="23.061171" lon="113.280477">
        <time>2026-06-19T23:13:53Z</time>
      </trkpt>
      <trkpt lat="23.061241" lon="113.280337">
        <time>2026-06-19T23:13:58Z</time>
      </trkpt>
      <trkpt lat="23.061283" lon="113.280246">
        <time>2026-06-19T23:14:03Z</time>
      </trkpt>
      <trkpt lat="23.061344" lon="113.280105">
        <time>2026-06-19T23:14:08Z</time>
      </trkpt>
      <trkpt lat="23.061385" lon="113.28001">
        <time>2026-06-19T23:14:13Z</time>
      </trkpt>
      <trkpt lat="23.061445" lon="113.279864">
        <time>2026-06-19T23:14:18Z</time>
      </trkpt>
      <trkpt lat="23.061484" lon="113.279769">
        <time>2026-06-19T23:14:23Z</time>
      </trkpt>
      <trkpt lat="23.061542" lon="113.279638">
        <time>2026-06-19T23:14:28Z</time>
      </trkpt>
      <trkpt lat="23.061577" lon="113.279547">
        <time>2026-06-19T23:14:33Z</time>
      </trkpt>
      <trkpt lat="23.061631" lon="113.27941">
        <time>2026-06-19T23:14:38Z</time>
      </trkpt>
      <trkpt lat="23.061667" lon="113.279314">
        <time>2026-06-19T23:14:43Z</time>
      </trkpt>
      <trkpt lat="23.061735" lon="113.279166">
        <time>2026-06-19T23:14:48Z</time>
      </trkpt>
      <trkpt lat="23.061792" lon="113.279077">
        <time>2026-06-19T23:14:53Z</time>
      </trkpt>
      <trkpt lat="23.061887" lon="113.278949">
        <time>2026-06-19T23:14:58Z</time>
      </trkpt>
      <trkpt lat="23.061944" lon="113.278855">
        <time>2026-06-19T23:15:03Z</time>
      </trkpt>
      <trkpt lat="23.061982" lon="113.27869">
        <time>2026-06-19T23:15:08Z</time>
      </trkpt>
      <trkpt lat="23.061974" lon="113.278576">
        <time>2026-06-19T23:15:13Z</time>
      </trkpt>
      <trkpt lat="23.061962" lon="113.278413">
        <time>2026-06-19T23:15:18Z</time>
      </trkpt>
      <trkpt lat="23.061962" lon="113.278305">
        <time>2026-06-19T23:15:23Z</time>
      </trkpt>
      <trkpt lat="23.061956" lon="113.278142">
        <time>2026-06-19T23:15:28Z</time>
      </trkpt>
      <trkpt lat="23.06195" lon="113.278032">
        <time>2026-06-19T23:15:33Z</time>
      </trkpt>
      <trkpt lat="23.061948" lon="113.277868">
        <time>2026-06-19T23:15:38Z</time>
      </trkpt>
      <trkpt lat="23.061961" lon="113.277758">
        <time>2026-06-19T23:15:43Z</time>
      </trkpt>
      <trkpt lat="23.062002" lon="113.277591">
        <time>2026-06-19T23:15:48Z</time>
      </trkpt>
      <trkpt lat="23.06204" lon="113.277481">
        <time>2026-06-19T23:15:53Z</time>
      </trkpt>
      <trkpt lat="23.062098" lon="113.277328">
        <time>2026-06-19T23:15:58Z</time>
      </trkpt>
      <trkpt lat="23.06213" lon="113.277226">
        <time>2026-06-19T23:16:03Z</time>
      </trkpt>
      <trkpt lat="23.062181" lon="113.277075">
        <time>2026-06-19T23:16:08Z</time>
      </trkpt>
      <trkpt lat="23.062226" lon="113.276977">
        <time>2026-06-19T23:16:13Z</time>
      </trkpt>
      <trkpt lat="23.062286" lon="113.276823">
        <time>2026-06-19T23:16:18Z</time>
      </trkpt>
      <trkpt lat="23.062324" lon="113.27672">
        <time>2026-06-19T23:16:23Z</time>
      </trkpt>
      <trkpt lat="23.062383" lon="113.276569">
        <time>2026-06-19T23:16:28Z</time>
      </trkpt>
      <trkpt lat="23.062421" lon="113.276469">
        <time>2026-06-19T23:16:33Z</time>
      </trkpt>
      <trkpt lat="23.062476" lon="113.27632">
        <time>2026-06-19T23:16:38Z</time>
      </trkpt>
      <trkpt lat="23.06252" lon="113.27622">
        <time>2026-06-19T23:16:43Z</time>
      </trkpt>
      <trkpt lat="23.062595" lon="113.276077">
        <time>2026-06-19T23:16:48Z</time>
      </trkpt>
      <trkpt lat="23.062649" lon="113.275991">
        <time>2026-06-19T23:16:53Z</time>
      </trkpt>
      <trkpt lat="23.062745" lon="113.275872">
        <time>2026-06-19T23:16:58Z</time>
      </trkpt>
      <trkpt lat="23.062821" lon="113.275798">
        <time>2026-06-19T23:17:03Z</time>
      </trkpt>
      <trkpt lat="23.062939" lon="113.275685">
        <time>2026-06-19T23:17:08Z</time>
      </trkpt>
      <trkpt lat="23.063013" lon="113.275602">
        <time>2026-06-19T23:17:13Z</time>
      </trkpt>
      <trkpt lat="23.0631" lon="113.275467">
        <time>2026-06-19T23:17:18Z</time>
      </trkpt>
      <trkpt lat="23.063151" lon="113.275374">
        <time>2026-06-19T23:17:23Z</time>
      </trkpt>
      <trkpt lat="23.063229" lon="113.27524">
        <time>2026-06-19T23:17:28Z</time>
      </trkpt>
      <trkpt lat="23.063283" lon="113.275153">
        <time>2026-06-19T23:17:33Z</time>
      </trkpt>
      <trkpt lat="23.063377" lon="113.275032">
        <time>2026-06-19T23:17:38Z</time>
      </trkpt>
      <trkpt lat="23.063421" lon="113.274938">
        <time>2026-06-19T23:17:43Z</time>
      </trkpt>
      <trkpt lat="23.063468" lon="113.274792">
        <time>2026-06-19T23:17:48Z</time>
      </trkpt>
      <trkpt lat="23.063504" lon="113.274701">
        <time>2026-06-19T23:17:53Z</time>
      </trkpt>
      <trkpt lat="23.063537" lon="113.274558">
        <time>2026-06-19T23:17:58Z</time>
      </trkpt>
      <trkpt lat="23.063565" lon="113.274459">
        <time>2026-06-19T23:18:03Z</time>
      </trkpt>
      <trkpt lat="23.063649" lon="113.274316">
        <time>2026-06-19T23:18:08Z</time>
      </trkpt>
      <trkpt lat="23.063715" lon="113.274233">
        <time>2026-06-19T23:18:13Z</time>
      </trkpt>
      <trkpt lat="23.063813" lon="113.274113">
        <time>2026-06-19T23:18:18Z</time>
      </trkpt>
      <trkpt lat="23.063867" lon="113.274029">
        <time>2026-06-19T23:18:23Z</time>
      </trkpt>
      <trkpt lat="23.063943" lon="113.273891">
        <time>2026-06-19T23:18:28Z</time>
      </trkpt>
      <trkpt lat="23.064" lon="113.273811">
        <time>2026-06-19T23:18:33Z</time>
      </trkpt>
      <trkpt lat="23.064098" lon="113.273703">
        <time>2026-06-19T23:18:38Z</time>
      </trkpt>
      <trkpt lat="23.064172" lon="113.273644">
        <time>2026-06-19T23:18:43Z</time>
      </trkpt>
      <trkpt lat="23.06429" lon="113.273557">
        <time>2026-06-19T23:18:48Z</time>
      </trkpt>
      <trkpt lat="23.064369" lon="113.273493">
        <time>2026-06-19T23:18:53Z</time>
      </trkpt>
      <trkpt lat="23.064483" lon="113.273394">
        <time>2026-06-19T23:18:58Z</time>
      </trkpt>
      <trkpt lat="23.064547" lon="113.27331">
        <time>2026-06-19T23:19:03Z</time>
      </trkpt>
      <trkpt lat="23.064592" lon="113.273153">
        <time>2026-06-19T23:19:08Z</time>
      </trkpt>
      <trkpt lat="23.064575" lon="113.273044">
        <time>2026-06-19T23:19:13Z</time>
      </trkpt>
      <trkpt lat="23.064522" lon="113.272893">
        <time>2026-06-19T23:19:18Z</time>
      </trkpt>
      <trkpt lat="23.064484" lon="113.27279">
        <time>2026-06-19T23:19:23Z</time>
      </trkpt>
      <trkpt lat="23.064445" lon="113.272639">
        <time>2026-06-19T23:19:28Z</time>
      </trkpt>
      <trkpt lat="23.064459" lon="113.272545">
        <time>2026-06-19T23:19:33Z</time>
      </trkpt>
      <trkpt lat="23.064543" lon="113.272411">
        <time>2026-06-19T23:19:38Z</time>
      </trkpt>
      <trkpt lat="23.064564" lon="113.2723">
        <time>2026-06-19T23:19:43Z</time>
      </trkpt>
      <trkpt lat="23.064596" lon="113.272143">
        <time>2026-06-19T23:19:48Z</time>
      </trkpt>
      <trkpt lat="23.064638" lon="113.272046">
        <time>2026-06-19T23:19:53Z</time>
      </trkpt>
      <trkpt lat="23.06471" lon="113.271905">
        <time>2026-06-19T23:19:58Z</time>
      </trkpt>
      <trkpt lat="23.064754" lon="113.271809">
        <time>2026-06-19T23:20:03Z</time>
      </trkpt>
      <trkpt lat="23.064825" lon="113.271666">
        <time>2026-06-19T23:20:08Z</time>
      </trkpt>
      <trkpt lat="23.064872" lon="113.271567">
        <time>2026-06-19T23:20:13Z</time>
      </trkpt>
      <trkpt lat="23.064939" lon="113.271426">
        <time>2026-06-19T23:20:18Z</time>
      </trkpt>
      <trkpt lat="23.064971" lon="113.271331">
        <time>2026-06-19T23:20:23Z</time>
      </trkpt>
      <trkpt lat="23.065047" lon="113.271191">
        <time>2026-06-19T23:20:28Z</time>
      </trkpt>
      <trkpt lat="23.065105" lon="113.271094">
        <time>2026-06-19T23:20:33Z</time>
      </trkpt>
      <trkpt lat="23.065165" lon="113.27094">
        <time>2026-06-19T23:20:38Z</time>
      </trkpt>
      <trkpt lat="23.0652" lon="113.270833">
        <time>2026-06-19T23:20:43Z</time>
      </trkpt>
      <trkpt lat="23.065273" lon="113.270687">
        <time>2026-06-19T23:20:48Z</time>
      </trkpt>
      <trkpt lat="23.065318" lon="113.270597">
        <time>2026-06-19T23:20:53Z</time>
      </trkpt>
      <trkpt lat="23.065373" lon="113.270454">
        <time>2026-06-19T23:20:58Z</time>
      </trkpt>
      <trkpt lat="23.065416" lon="113.270362">
        <time>2026-06-19T23:21:03Z</time>
      </trkpt>
      <trkpt lat="23.06548" lon="113.270225">
        <time>2026-06-19T23:21:08Z</time>
      </trkpt>
      <trkpt lat="23.065518" lon="113.27013">
        <time>2026-06-19T23:21:13Z</time>
      </trkpt>
      <trkpt lat="23.065567" lon="113.26999">
        <time>2026-06-19T23:21:18Z</time>
      </trkpt>
      <trkpt lat="23.065596" lon="113.269889">
        <time>2026-06-19T23:21:23Z</time>
      </trkpt>
      <trkpt lat="23.065636" lon="113.269739">
        <time>2026-06-19T23:21:28Z</time>
      </trkpt>
      <trkpt lat="23.065675" lon="113.269643">
        <time>2026-06-19T23:21:33Z</time>
      </trkpt>
      <trkpt lat="23.065721" lon="113.269493">
        <time>2026-06-19T23:21:38Z</time>
      </trkpt>
      <trkpt lat="23.065744" lon="113.269388">
        <time>2026-06-19T23:21:43Z</time>
      </trkpt>
      <trkpt lat="23.065785" lon="113.269234">
        <time>2026-06-19T23:21:48Z</time>
      </trkpt>
      <trkpt lat="23.065814" lon="113.269133">
        <time>2026-06-19T23:21:53Z</time>
      </trkpt>
      <trkpt lat="23.065872" lon="113.268987">
        <time>2026-06-19T23:21:58Z</time>
      </trkpt>
      <trkpt lat="23.065911" lon="113.268897">
        <time>2026-06-19T23:22:03Z</time>
      </trkpt>
      <trkpt lat="23.065972" lon="113.26876">
        <time>2026-06-19T23:22:08Z</time>
      </trkpt>
      <trkpt lat="23.066014" lon="113.268667">
        <time>2026-06-19T23:22:13Z</time>
      </trkpt>
      <trkpt lat="23.066086" lon="113.268534">
        <time>2026-06-19T23:22:18Z</time>
      </trkpt>
      <trkpt lat="23.066146" lon="113.268449">
        <time>2026-06-19T23:22:23Z</time>
      </trkpt>
      <trkpt lat="23.066235" lon="113.268324">
        <time>2026-06-19T23:22:28Z</time>
      </trkpt>
      <trkpt lat="23.066298" lon="113.268247">
        <time>2026-06-19T23:22:33Z</time>
      </trkpt>
      <trkpt lat="23.066422" lon="113.26816">
        <time>2026-06-19T23:22:38Z</time>
      </trkpt>
      <trkpt lat="23.066519" lon="113.268141">
        <time>2026-06-19T23:22:43Z</time>
      </trkpt>
      <trkpt lat="23.066664" lon="113.26816">
        <time>2026-06-19T23:22:48Z</time>
      </trkpt>
      <trkpt lat="23.066767" lon="113.268166">
        <time>2026-06-19T23:22:53Z</time>
      </trkpt>
      <trkpt lat="23.066917" lon="113.268175">
        <time>2026-06-19T23:22:58Z</time>
      </trkpt>
      <trkpt lat="23.067007" lon="113.268195">
        <time>2026-06-19T23:23:03Z</time>
      </trkpt>
      <trkpt lat="23.067124" lon="113.268247">
        <time>2026-06-19T23:23:08Z</time>
      </trkpt>
      <trkpt lat="23.067209" lon="113.268291">
        <time>2026-06-19T23:23:13Z</time>
      </trkpt>
      <trkpt lat="23.067325" lon="113.26836">
        <time>2026-06-19T23:23:18Z</time>
      </trkpt>
      <trkpt lat="23.067406" lon="113.268406">
        <time>2026-06-19T23:23:23Z</time>
      </trkpt>
      <trkpt lat="23.067537" lon="113.268487">
        <time>2026-06-19T23:23:28Z</time>
      </trkpt>
      <trkpt lat="23.067634" lon="113.268545">
        <time>2026-06-19T23:23:33Z</time>
      </trkpt>
      <trkpt lat="23.067781" lon="113.26861">
        <time>2026-06-19T23:23:38Z</time>
      </trkpt>
      <trkpt lat="23.067856" lon="113.268643">
        <time>2026-06-19T23:23:43Z</time>
      </trkpt>
      <trkpt lat="23.067942" lon="113.268718">
        <time>2026-06-19T23:23:48Z</time>
      </trkpt>
      <trkpt lat="23.067984" lon="113.268748">
        <time>2026-06-19T23:23:53Z</time>
      </trkpt>
      <trkpt lat="23.067994" lon="113.268746">
        <time>2026-06-19T23:23:58Z</time>
      </trkpt>
      <trkpt lat="23.067994" lon="113.268746">
        <time>2026-06-19T23:24:03Z</time>
      </trkpt>
      <trkpt lat="23.067994" lon="113.268746">
        <time>2026-06-19T23:24:08Z</time>
      </trkpt>
      <trkpt lat="23.067995" lon="113.268739">
        <time>2026-06-19T23:24:13Z</time>
      </trkpt>
      <trkpt lat="23.068004" lon="113.268755">
        <time>2026-06-19T23:24:18Z</time>
      </trkpt>
      <trkpt lat="23.068004" lon="113.268755">
        <time>2026-06-19T23:24:23Z</time>
      </trkpt>
      <trkpt lat="23.06801" lon="113.268755">
        <time>2026-06-19T23:24:28Z</time>
      </trkpt>
      <trkpt lat="23.068031" lon="113.268713">
        <time>2026-06-19T23:24:33Z</time>
      </trkpt>
      <trkpt lat="23.068014" lon="113.268578">
        <time>2026-06-19T23:24:38Z</time>
      </trkpt>
      <trkpt lat="23.067936" lon="113.268518">
        <time>2026-06-19T23:24:43Z</time>
      </trkpt>
      <trkpt lat="23.067808" lon="113.268456">
        <time>2026-06-19T23:24:48Z</time>
      </trkpt>
      <trkpt lat="23.067727" lon="113.268419">
        <time>2026-06-19T23:24:53Z</time>
      </trkpt>
      <trkpt lat="23.067597" lon="113.268352">
        <time>2026-06-19T23:24:58Z</time>
      </trkpt>
      <trkpt lat="23.067508" lon="113.268306">
        <time>2026-06-19T23:25:03Z</time>
      </trkpt>
      <trkpt lat="23.067363" lon="113.268253">
        <time>2026-06-19T23:25:08Z</time>
      </trkpt>
      <trkpt lat="23.067275" lon="113.268204">
        <time>2026-06-19T23:25:13Z</time>
      </trkpt>
      <trkpt lat="23.06715" lon="113.268148">
        <time>2026-06-19T23:25:18Z</time>
      </trkpt>
      <trkpt lat="23.067066" lon="113.268107">
        <time>2026-06-19T23:25:23Z</time>
      </trkpt>
      <trkpt lat="23.066921" lon="113.268062">
        <time>2026-06-19T23:25:28Z</time>
      </trkpt>
      <trkpt lat="23.066819" lon="113.268041">
        <time>2026-06-19T23:25:33Z</time>
      </trkpt>
      <trkpt lat="23.06667" lon="113.268011">
        <time>2026-06-19T23:25:38Z</time>
      </trkpt>
      <trkpt lat="23.066575" lon="113.26798">
        <time>2026-06-19T23:25:43Z</time>
      </trkpt>
      <trkpt lat="23.066433" lon="113.267939">
        <time>2026-06-19T23:25:48Z</time>
      </trkpt>
      <trkpt lat="23.066331" lon="113.267943">
        <time>2026-06-19T23:25:53Z</time>
      </trkpt>
      <trkpt lat="23.066198" lon="113.268004">
        <time>2026-06-19T23:25:58Z</time>
      </trkpt>
      <trkpt lat="23.066127" lon="113.268071">
        <time>2026-06-19T23:26:03Z</time>
      </trkpt>
      <trkpt lat="23.066027" lon="113.26819">
        <time>2026-06-19T23:26:08Z</time>
      </trkpt>
      <trkpt lat="23.065968" lon="113.268274">
        <time>2026-06-19T23:26:13Z</time>
      </trkpt>
      <trkpt lat="23.065874" lon="113.268397">
        <time>2026-06-19T23:26:18Z</time>
      </trkpt>
      <trkpt lat="23.065825" lon="113.268479">
        <time>2026-06-19T23:26:23Z</time>
      </trkpt>
      <trkpt lat="23.065763" lon="113.268611">
        <time>2026-06-19T23:26:28Z</time>
      </trkpt>
      <trkpt lat="23.06572" lon="113.268707">
        <time>2026-06-19T23:26:33Z</time>
      </trkpt>
      <trkpt lat="23.06566" lon="113.268855">
        <time>2026-06-19T23:26:38Z</time>
      </trkpt>
      <trkpt lat="23.065625" lon="113.26895">
        <time>2026-06-19T23:26:43Z</time>
      </trkpt>
      <trkpt lat="23.065587" lon="113.269103">
        <time>2026-06-19T23:26:48Z</time>
      </trkpt>
      <trkpt lat="23.065567" lon="113.269208">
        <time>2026-06-19T23:26:53Z</time>
      </trkpt>
      <trkpt lat="23.065524" lon="113.269361">
        <time>2026-06-19T23:26:58Z</time>
      </trkpt>
      <trkpt lat="23.065487" lon="113.26946">
        <time>2026-06-19T23:27:03Z</time>
      </trkpt>
      <trkpt lat="23.065445" lon="113.269612">
        <time>2026-06-19T23:27:08Z</time>
      </trkpt>
      <trkpt lat="23.065423" lon="113.269714">
        <time>2026-06-19T23:27:13Z</time>
      </trkpt>
      <trkpt lat="23.065383" lon="113.269863">
        <time>2026-06-19T23:27:18Z</time>
      </trkpt>
      <trkpt lat="23.065352" lon="113.269963">
        <time>2026-06-19T23:27:23Z</time>
      </trkpt>
      <trkpt lat="23.065303" lon="113.270111">
        <time>2026-06-19T23:27:28Z</time>
      </trkpt>
      <trkpt lat="23.065266" lon="113.270207">
        <time>2026-06-19T23:27:33Z</time>
      </trkpt>
      <trkpt lat="23.065195" lon="113.270348">
        <time>2026-06-19T23:27:38Z</time>
      </trkpt>
      <trkpt lat="23.065148" lon="113.27044">
        <time>2026-06-19T23:27:43Z</time>
      </trkpt>
      <trkpt lat="23.06508" lon="113.270579">
        <time>2026-06-19T23:27:48Z</time>
      </trkpt>
      <trkpt lat="23.065035" lon="113.270675">
        <time>2026-06-19T23:27:53Z</time>
      </trkpt>
      <trkpt lat="23.064966" lon="113.270813">
        <time>2026-06-19T23:27:58Z</time>
      </trkpt>
      <trkpt lat="23.064919" lon="113.270905">
        <time>2026-06-19T23:28:03Z</time>
      </trkpt>
      <trkpt lat="23.064859" lon="113.271044">
        <time>2026-06-19T23:28:08Z</time>
      </trkpt>
      <trkpt lat="23.064822" lon="113.271138">
        <time>2026-06-19T23:28:13Z</time>
      </trkpt>
      <trkpt lat="23.064756" lon="113.27128">
        <time>2026-06-19T23:28:18Z</time>
      </trkpt>
      <trkpt lat="23.064708" lon="113.271375">
        <time>2026-06-19T23:28:23Z</time>
      </trkpt>
      <trkpt lat="23.064642" lon="113.271518">
        <time>2026-06-19T23:28:28Z</time>
      </trkpt>
      <trkpt lat="23.064603" lon="113.271609">
        <time>2026-06-19T23:28:33Z</time>
      </trkpt>
      <trkpt lat="23.064532" lon="113.271747">
        <time>2026-06-19T23:28:38Z</time>
      </trkpt>
      <trkpt lat="23.064488" lon="113.271844">
        <time>2026-06-19T23:28:43Z</time>
      </trkpt>
      <trkpt lat="23.064426" lon="113.271994">
        <time>2026-06-19T23:28:48Z</time>
      </trkpt>
      <trkpt lat="23.064385" lon="113.272094">
        <time>2026-06-19T23:28:53Z</time>
      </trkpt>
      <trkpt lat="23.064334" lon="113.272252">
        <time>2026-06-19T23:28:58Z</time>
      </trkpt>
      <trkpt lat="23.064322" lon="113.272359">
        <time>2026-06-19T23:29:03Z</time>
      </trkpt>
      <trkpt lat="23.064319" lon="113.272514">
        <time>2026-06-19T23:29:08Z</time>
      </trkpt>
      <trkpt lat="23.064324" lon="113.272611">
        <time>2026-06-19T23:29:13Z</time>
      </trkpt>
      <trkpt lat="23.064359" lon="113.27276">
        <time>2026-06-19T23:29:18Z</time>
      </trkpt>
      <trkpt lat="23.064392" lon="113.272857">
        <time>2026-06-19T23:29:23Z</time>
      </trkpt>
      <trkpt lat="23.064435" lon="113.27299">
        <time>2026-06-19T23:29:28Z</time>
      </trkpt>
      <trkpt lat="23.06446" lon="113.273076">
        <time>2026-06-19T23:29:33Z</time>
      </trkpt>
      <trkpt lat="23.064453" lon="113.27322">
        <time>2026-06-19T23:29:38Z</time>
      </trkpt>
      <trkpt lat="23.064398" lon="113.273311">
        <time>2026-06-19T23:29:43Z</time>
      </trkpt>
      <trkpt lat="23.064286" lon="113.273411">
        <time>2026-06-19T23:29:48Z</time>
      </trkpt>
      <trkpt lat="23.064203" lon="113.273472">
        <time>2026-06-19T23:29:53Z</time>
      </trkpt>
      <trkpt lat="23.064075" lon="113.273564">
        <time>2026-06-19T23:29:58Z</time>
      </trkpt>
      <trkpt lat="23.063994" lon="113.273628">
        <time>2026-06-19T23:30:03Z</time>
      </trkpt>
      <trkpt lat="23.063892" lon="113.273741">
        <time>2026-06-19T23:30:08Z</time>
      </trkpt>
      <trkpt lat="23.063834" lon="113.273822">
        <time>2026-06-19T23:30:13Z</time>
      </trkpt>
      <trkpt lat="23.063757" lon="113.273951">
        <time>2026-06-19T23:30:18Z</time>
      </trkpt>
      <trkpt lat="23.063703" lon="113.274035">
        <time>2026-06-19T23:30:23Z</time>
      </trkpt>
      <trkpt lat="23.063585" lon="113.274138">
        <time>2026-06-19T23:30:28Z</time>
      </trkpt>
      <trkpt lat="23.063521" lon="113.274225">
        <time>2026-06-19T23:30:33Z</time>
      </trkpt>
      <trkpt lat="23.063466" lon="113.274378">
        <time>2026-06-19T23:30:38Z</time>
      </trkpt>
      <trkpt lat="23.063441" lon="113.27447">
        <time>2026-06-19T23:30:43Z</time>
      </trkpt>
      <trkpt lat="23.063384" lon="113.27461">
        <time>2026-06-19T23:30:48Z</time>
      </trkpt>
      <trkpt lat="23.063343" lon="113.274703">
        <time>2026-06-19T23:30:53Z</time>
      </trkpt>
      <trkpt lat="23.063287" lon="113.274846">
        <time>2026-06-19T23:30:58Z</time>
      </trkpt>
      <trkpt lat="23.063253" lon="113.274945">
        <time>2026-06-19T23:31:03Z</time>
      </trkpt>
      <trkpt lat="23.063192" lon="113.275081">
        <time>2026-06-19T23:31:08Z</time>
      </trkpt>
      <trkpt lat="23.06314" lon="113.275167">
        <time>2026-06-19T23:31:13Z</time>
      </trkpt>
      <trkpt lat="23.063065" lon="113.275293">
        <time>2026-06-19T23:31:18Z</time>
      </trkpt>
      <trkpt lat="23.063018" lon="113.275377">
        <time>2026-06-19T23:31:23Z</time>
      </trkpt>
      <trkpt lat="23.062932" lon="113.275482">
        <time>2026-06-19T23:31:28Z</time>
      </trkpt>
      <trkpt lat="23.062865" lon="113.275554">
        <time>2026-06-19T23:31:33Z</time>
      </trkpt>
      <trkpt lat="23.062757" lon="113.275664">
        <time>2026-06-19T23:31:38Z</time>
      </trkpt>
      <trkpt lat="23.06268" lon="113.275737">
        <time>2026-06-19T23:31:43Z</time>
      </trkpt>
      <trkpt lat="23.062575" lon="113.275861">
        <time>2026-06-19T23:31:48Z</time>
      </trkpt>
      <trkpt lat="23.062518" lon="113.275949">
        <time>2026-06-19T23:31:53Z</time>
      </trkpt>
      <trkpt lat="23.062442" lon="113.276076">
        <time>2026-06-19T23:31:58Z</time>
      </trkpt>
      <trkpt lat="23.062406" lon="113.276169">
        <time>2026-06-19T23:32:03Z</time>
      </trkpt>
      <trkpt lat="23.062359" lon="113.276314">
        <time>2026-06-19T23:32:08Z</time>
      </trkpt>
      <trkpt lat="23.06233" lon="113.276407">
        <time>2026-06-19T23:32:13Z</time>
      </trkpt>
      <trkpt lat="23.062282" lon="113.276544">
        <time>2026-06-19T23:32:18Z</time>
      </trkpt>
      <trkpt lat="23.062245" lon="113.276636">
        <time>2026-06-19T23:32:23Z</time>
      </trkpt>
      <trkpt lat="23.062201" lon="113.276768">
        <time>2026-06-19T23:32:28Z</time>
      </trkpt>
      <trkpt lat="23.062171" lon="113.276855">
        <time>2026-06-19T23:32:33Z</time>
      </trkpt>
      <trkpt lat="23.062124" lon="113.276995">
        <time>2026-06-19T23:32:38Z</time>
      </trkpt>
      <trkpt lat="23.062083" lon="113.277095">
        <time>2026-06-19T23:32:43Z</time>
      </trkpt>
      <trkpt lat="23.062021" lon="113.277251">
        <time>2026-06-19T23:32:48Z</time>
      </trkpt>
      <trkpt lat="23.06198" lon="113.277355">
        <time>2026-06-19T23:32:53Z</time>
      </trkpt>
      <trkpt lat="23.061914" lon="113.277509">
        <time>2026-06-19T23:32:58Z</time>
      </trkpt>
      <trkpt lat="23.06188" lon="113.27761">
        <time>2026-06-19T23:33:03Z</time>
      </trkpt>
      <trkpt lat="23.061835" lon="113.277759">
        <time>2026-06-19T23:33:08Z</time>
      </trkpt>
      <trkpt lat="23.061827" lon="113.277859">
        <time>2026-06-19T23:33:13Z</time>
      </trkpt>
      <trkpt lat="23.061831" lon="113.278008">
        <time>2026-06-19T23:33:18Z</time>
      </trkpt>
      <trkpt lat="23.061837" lon="113.278107">
        <time>2026-06-19T23:33:23Z</time>
      </trkpt>
      <trkpt lat="23.061844" lon="113.278257">
        <time>2026-06-19T23:33:28Z</time>
      </trkpt>
      <trkpt lat="23.061848" lon="113.278362">
        <time>2026-06-19T23:33:33Z</time>
      </trkpt>
      <trkpt lat="23.061851" lon="113.278515">
        <time>2026-06-19T23:33:38Z</time>
      </trkpt>
      <trkpt lat="23.061849" lon="113.278617">
        <time>2026-06-19T23:33:43Z</time>
      </trkpt>
      <trkpt lat="23.06181" lon="113.278735">
        <time>2026-06-19T23:33:48Z</time>
      </trkpt>
      <trkpt lat="23.061739" lon="113.278749">
        <time>2026-06-19T23:33:53Z</time>
      </trkpt>
      <trkpt lat="23.061692" lon="113.278878">
        <time>2026-06-19T23:33:58Z</time>
      </trkpt>
      <trkpt lat="23.06166" lon="113.278977">
        <time>2026-06-19T23:34:03Z</time>
      </trkpt>
      <trkpt lat="23.061601" lon="113.279106">
        <time>2026-06-19T23:34:08Z</time>
      </trkpt>
      <trkpt lat="23.061561" lon="113.279193">
        <time>2026-06-19T23:34:13Z</time>
      </trkpt>
      <trkpt lat="23.061501" lon="113.279326">
        <time>2026-06-19T23:34:18Z</time>
      </trkpt>
      <trkpt lat="23.061449" lon="113.279411">
        <time>2026-06-19T23:34:23Z</time>
      </trkpt>
      <trkpt lat="23.061393" lon="113.279554">
        <time>2026-06-19T23:34:28Z</time>
      </trkpt>
      <trkpt lat="23.061368" lon="113.279654">
        <time>2026-06-19T23:34:33Z</time>
      </trkpt>
      <trkpt lat="23.061316" lon="113.279797">
        <time>2026-06-19T23:34:38Z</time>
      </trkpt>
      <trkpt lat="23.061277" lon="113.279891">
        <time>2026-06-19T23:34:43Z</time>
      </trkpt>
      <trkpt lat="23.061213" lon="113.280034">
        <time>2026-06-19T23:34:48Z</time>
      </trkpt>
      <trkpt lat="23.061173" lon="113.280129">
        <time>2026-06-19T23:34:53Z</time>
      </trkpt>
      <trkpt lat="23.06112" lon="113.280276">
        <time>2026-06-19T23:34:58Z</time>
      </trkpt>
      <trkpt lat="23.061077" lon="113.280371">
        <time>2026-06-19T23:35:03Z</time>
      </trkpt>
      <trkpt lat="23.061013" lon="113.280509">
        <time>2026-06-19T23:35:08Z</time>
      </trkpt>
      <trkpt lat="23.060965" lon="113.280594">
        <time>2026-06-19T23:35:13Z</time>
      </trkpt>
      <trkpt lat="23.060901" lon="113.280731">
        <time>2026-06-19T23:35:18Z</time>
      </trkpt>
      <trkpt lat="23.060866" lon="113.280828">
        <time>2026-06-19T23:35:23Z</time>
      </trkpt>
      <trkpt lat="23.060804" lon="113.280968">
        <time>2026-06-19T23:35:28Z</time>
      </trkpt>
      <trkpt lat="23.060767" lon="113.28106">
        <time>2026-06-19T23:35:33Z</time>
      </trkpt>
      <trkpt lat="23.060713" lon="113.281192">
        <time>2026-06-19T23:35:38Z</time>
      </trkpt>
      <trkpt lat="23.06068" lon="113.281282">
        <time>2026-06-19T23:35:43Z</time>
      </trkpt>
      <trkpt lat="23.06063" lon="113.281422">
        <time>2026-06-19T23:35:48Z</time>
      </trkpt>
      <trkpt lat="23.06059" lon="113.281515">
        <time>2026-06-19T23:35:53Z</time>
      </trkpt>
      <trkpt lat="23.060528" lon="113.281654">
        <time>2026-06-19T23:35:58Z</time>
      </trkpt>
      <trkpt lat="23.060491" lon="113.281749">
        <time>2026-06-19T23:36:03Z</time>
      </trkpt>
      <trkpt lat="23.060435" lon="113.28189">
        <time>2026-06-19T23:36:08Z</time>
      </trkpt>
      <trkpt lat="23.060392" lon="113.281982">
        <time>2026-06-19T23:36:13Z</time>
      </trkpt>
      <trkpt lat="23.060317" lon="113.28212">
        <time>2026-06-19T23:36:18Z</time>
      </trkpt>
      <trkpt lat="23.060276" lon="113.282217">
        <time>2026-06-19T23:36:23Z</time>
      </trkpt>
      <trkpt lat="23.060221" lon="113.282365">
        <time>2026-06-19T23:36:28Z</time>
      </trkpt>
      <trkpt lat="23.060188" lon="113.282462">
        <time>2026-06-19T23:36:33Z</time>
      </trkpt>
      <trkpt lat="23.060121" lon="113.282604">
        <time>2026-06-19T23:36:38Z</time>
      </trkpt>
      <trkpt lat="23.060074" lon="113.282701">
        <time>2026-06-19T23:36:43Z</time>
      </trkpt>
      <trkpt lat="23.060015" lon="113.282845">
        <time>2026-06-19T23:36:48Z</time>
      </trkpt>
      <trkpt lat="23.059978" lon="113.28294">
        <time>2026-06-19T23:36:53Z</time>
      </trkpt>
      <trkpt lat="23.059913" lon="113.283078">
        <time>2026-06-19T23:36:58Z</time>
      </trkpt>
      <trkpt lat="23.059869" lon="113.283173">
        <time>2026-06-19T23:37:03Z</time>
      </trkpt>
      <trkpt lat="23.059797" lon="113.28331">
        <time>2026-06-19T23:37:08Z</time>
      </trkpt>
      <trkpt lat="23.05976" lon="113.283408">
        <time>2026-06-19T23:37:13Z</time>
      </trkpt>
      <trkpt lat="23.059707" lon="113.283551">
        <time>2026-06-19T23:37:18Z</time>
      </trkpt>
      <trkpt lat="23.059679" lon="113.28365">
        <time>2026-06-19T23:37:23Z</time>
      </trkpt>
      <trkpt lat="23.059719" lon="113.283772">
        <time>2026-06-19T23:37:28Z</time>
      </trkpt>
      <trkpt lat="23.059789" lon="113.283833">
        <time>2026-06-19T23:37:33Z</time>
      </trkpt>
      <trkpt lat="23.059745" lon="113.283962">
        <time>2026-06-19T23:37:38Z</time>
      </trkpt>
      <trkpt lat="23.059699" lon="113.28406">
        <time>2026-06-19T23:37:43Z</time>
      </trkpt>
      <trkpt lat="23.059657" lon="113.284216">
        <time>2026-06-19T23:37:48Z</time>
      </trkpt>
      <trkpt lat="23.05965" lon="113.28432">
        <time>2026-06-19T23:37:53Z</time>
      </trkpt>
      <trkpt lat="23.05969" lon="113.284469">
        <time>2026-06-19T23:37:58Z</time>
      </trkpt>
      <trkpt lat="23.059735" lon="113.284563">
        <time>2026-06-19T23:38:03Z</time>
      </trkpt>
      <trkpt lat="23.059807" lon="113.284709">
        <time>2026-06-19T23:38:08Z</time>
      </trkpt>
      <trkpt lat="23.059855" lon="113.284808">
        <time>2026-06-19T23:38:13Z</time>
      </trkpt>
      <trkpt lat="23.059927" lon="113.284951">
        <time>2026-06-19T23:38:18Z</time>
      </trkpt>
      <trkpt lat="23.059952" lon="113.285035">
        <time>2026-06-19T23:38:23Z</time>
      </trkpt>
      <trkpt lat="23.059822" lon="113.285059">
        <time>2026-06-19T23:38:28Z</time>
      </trkpt>
      <trkpt lat="23.059735" lon="113.285">
        <time>2026-06-19T23:38:33Z</time>
      </trkpt>
      <trkpt lat="23.059704" lon="113.284829">
        <time>2026-06-19T23:38:38Z</time>
      </trkpt>
      <trkpt lat="23.059722" lon="113.284729">
        <time>2026-06-19T23:38:43Z</time>
      </trkpt>
      <trkpt lat="23.059766" lon="113.284583">
        <time>2026-06-19T23:38:48Z</time>
      </trkpt>
      <trkpt lat="23.059752" lon="113.284467">
        <time>2026-06-19T23:38:53Z</time>
      </trkpt>
      <trkpt lat="23.059699" lon="113.28431">
        <time>2026-06-19T23:38:58Z</time>
      </trkpt>
      <trkpt lat="23.059685" lon="113.284216">
        <time>2026-06-19T23:39:03Z</time>
      </trkpt>
      <trkpt lat="23.059726" lon="113.284094">
        <time>2026-06-19T23:39:08Z</time>
      </trkpt>
      <trkpt lat="23.059768" lon="113.284006">
        <time>2026-06-19T23:39:13Z</time>
      </trkpt>
      <trkpt lat="23.059831" lon="113.28386">
        <time>2026-06-19T23:39:18Z</time>
      </trkpt>
      <trkpt lat="23.059868" lon="113.283764">
        <time>2026-06-19T23:39:23Z</time>
      </trkpt>
      <trkpt lat="23.059887" lon="113.283606">
        <time>2026-06-19T23:39:28Z</time>
      </trkpt>
      <trkpt lat="23.059902" lon="113.2835">
        <time>2026-06-19T23:39:33Z</time>
      </trkpt>
      <trkpt lat="23.059946" lon="113.28335">
        <time>2026-06-19T23:39:38Z</time>
      </trkpt>
      <trkpt lat="23.05999" lon="113.28326">
        <time>2026-06-19T23:39:43Z</time>
      </trkpt>
      <trkpt lat="23.060059" lon="113.283126">
        <time>2026-06-19T23:39:48Z</time>
      </trkpt>
      <trkpt lat="23.060101" lon="113.283045">
        <time>2026-06-19T23:39:53Z</time>
      </trkpt>
      <trkpt lat="23.060177" lon="113.282927">
        <time>2026-06-19T23:39:58Z</time>
      </trkpt>
      <trkpt lat="23.060229" lon="113.282845">
        <time>2026-06-19T23:40:03Z</time>
      </trkpt>
      <trkpt lat="23.060276" lon="113.282702">
        <time>2026-06-19T23:40:08Z</time>
      </trkpt>
      <trkpt lat="23.060304" lon="113.282602">
        <time>2026-06-19T23:40:13Z</time>
      </trkpt>
      <trkpt lat="23.060346" lon="113.282447">
        <time>2026-06-19T23:40:18Z</time>
      </trkpt>
      <trkpt lat="23.060373" lon="113.282346">
        <time>2026-06-19T23:40:23Z</time>
      </trkpt>
      <trkpt lat="23.060426" lon="113.282207">
        <time>2026-06-19T23:40:28Z</time>
      </trkpt>
      <trkpt lat="23.060463" lon="113.282111">
        <time>2026-06-19T23:40:33Z</time>
      </trkpt>
      <trkpt lat="23.060528" lon="113.281977">
        <time>2026-06-19T23:40:38Z</time>
      </trkpt>
      <trkpt lat="23.060574" lon="113.28189">
        <time>2026-06-19T23:40:43Z</time>
      </trkpt>
      <trkpt lat="23.06064" lon="113.281755">
        <time>2026-06-19T23:40:48Z</time>
      </trkpt>
      <trkpt lat="23.060682" lon="113.28166">
        <time>2026-06-19T23:40:53Z</time>
      </trkpt>
      <trkpt lat="23.060734" lon="113.281516">
        <time>2026-06-19T23:40:58Z</time>
      </trkpt>
      <trkpt lat="23.060772" lon="113.281416">
        <time>2026-06-19T23:41:03Z</time>
      </trkpt>
      <trkpt lat="23.060837" lon="113.281276">
        <time>2026-06-19T23:41:08Z</time>
      </trkpt>
      <trkpt lat="23.06088" lon="113.281185">
        <time>2026-06-19T23:41:13Z</time>
      </trkpt>
      <trkpt lat="23.060939" lon="113.281044">
        <time>2026-06-19T23:41:18Z</time>
      </trkpt>
      <trkpt lat="23.060977" lon="113.280949">
        <time>2026-06-19T23:41:23Z</time>
      </trkpt>
      <trkpt lat="23.061037" lon="113.28081">
        <time>2026-06-19T23:41:28Z</time>
      </trkpt>
      <trkpt lat="23.061079" lon="113.280723">
        <time>2026-06-19T23:41:33Z</time>
      </trkpt>
      <trkpt lat="23.061147" lon="113.280578">
        <time>2026-06-19T23:41:38Z</time>
      </trkpt>
      <trkpt lat="23.061194" lon="113.280485">
        <time>2026-06-19T23:41:43Z</time>
      </trkpt>
      <trkpt lat="23.06125" lon="113.280348">
        <time>2026-06-19T23:41:48Z</time>
      </trkpt>
      <trkpt lat="23.061289" lon="113.28026">
        <time>2026-06-19T23:41:53Z</time>
      </trkpt>
      <trkpt lat="23.061364" lon="113.280134">
        <time>2026-06-19T23:41:58Z</time>
      </trkpt>
      <trkpt lat="23.061402" lon="113.280045">
        <time>2026-06-19T23:42:03Z</time>
      </trkpt>
      <trkpt lat="23.061449" lon="113.279905">
        <time>2026-06-19T23:42:08Z</time>
      </trkpt>
      <trkpt lat="23.061486" lon="113.279812">
        <time>2026-06-19T23:42:13Z</time>
      </trkpt>
      <trkpt lat="23.061543" lon="113.279673">
        <time>2026-06-19T23:42:18Z</time>
      </trkpt>
      <trkpt lat="23.061579" lon="113.27958">
        <time>2026-06-19T23:42:23Z</time>
      </trkpt>
      <trkpt lat="23.061632" lon="113.279433">
        <time>2026-06-19T23:42:28Z</time>
      </trkpt>
      <trkpt lat="23.061665" lon="113.279338">
        <time>2026-06-19T23:42:33Z</time>
      </trkpt>
      <trkpt lat="23.061721" lon="113.279211">
        <time>2026-06-19T23:42:38Z</time>
      </trkpt>
      <trkpt lat="23.061764" lon="113.279125">
        <time>2026-06-19T23:42:43Z</time>
      </trkpt>
      <trkpt lat="23.061849" lon="113.279002">
        <time>2026-06-19T23:42:48Z</time>
      </trkpt>
      <trkpt lat="23.061911" lon="113.278918">
        <time>2026-06-19T23:42:53Z</time>
      </trkpt>
      <trkpt lat="23.061976" lon="113.278776">
        <time>2026-06-19T23:42:58Z</time>
      </trkpt>
      <trkpt lat="23.061984" lon="113.278671">
        <time>2026-06-19T23:43:03Z</time>
      </trkpt>
      <trkpt lat="23.061971" lon="113.278512">
        <time>2026-06-19T23:43:08Z</time>
      </trkpt>
      <trkpt lat="23.061963" lon="113.278409">
        <time>2026-06-19T23:43:13Z</time>
      </trkpt>
      <trkpt lat="23.061955" lon="113.278248">
        <time>2026-06-19T23:43:18Z</time>
      </trkpt>
      <trkpt lat="23.06195" lon="113.27814">
        <time>2026-06-19T23:43:23Z</time>
      </trkpt>
      <trkpt lat="23.061941" lon="113.277975">
        <time>2026-06-19T23:43:28Z</time>
      </trkpt>
      <trkpt lat="23.061937" lon="113.277869">
        <time>2026-06-19T23:43:33Z</time>
      </trkpt>
      <trkpt lat="23.06196" lon="113.277709">
        <time>2026-06-19T23:43:38Z</time>
      </trkpt>
      <trkpt lat="23.061994" lon="113.277606">
        <time>2026-06-19T23:43:43Z</time>
      </trkpt>
      <trkpt lat="23.062053" lon="113.277454">
        <time>2026-06-19T23:43:48Z</time>
      </trkpt>
      <trkpt lat="23.06209" lon="113.277357">
        <time>2026-06-19T23:43:53Z</time>
      </trkpt>
      <trkpt lat="23.062132" lon="113.277211">
        <time>2026-06-19T23:43:58Z</time>
      </trkpt>
      <trkpt lat="23.062159" lon="113.27712">
        <time>2026-06-19T23:44:03Z</time>
      </trkpt>
      <trkpt lat="23.062217" lon="113.276987">
        <time>2026-06-19T23:44:08Z</time>
      </trkpt>
      <trkpt lat="23.062255" lon="113.276893">
        <time>2026-06-19T23:44:13Z</time>
      </trkpt>
      <trkpt lat="23.06231" lon="113.276753">
        <time>2026-06-19T23:44:18Z</time>
      </trkpt>
      <trkpt lat="23.062348" lon="113.276661">
        <time>2026-06-19T23:44:23Z</time>
      </trkpt>
      <trkpt lat="23.062398" lon="113.276519">
        <time>2026-06-19T23:44:28Z</time>
      </trkpt>
      <trkpt lat="23.06243" lon="113.276425">
        <time>2026-06-19T23:44:33Z</time>
      </trkpt>
      <trkpt lat="23.06248" lon="113.27629">
        <time>2026-06-19T23:44:38Z</time>
      </trkpt>
      <trkpt lat="23.062521" lon="113.2762">
        <time>2026-06-19T23:44:43Z</time>
      </trkpt>
      <trkpt lat="23.062592" lon="113.276069">
        <time>2026-06-19T23:44:48Z</time>
      </trkpt>
      <trkpt lat="23.062644" lon="113.275986">
        <time>2026-06-19T23:44:53Z</time>
      </trkpt>
      <trkpt lat="23.062733" lon="113.275868">
        <time>2026-06-19T23:44:58Z</time>
      </trkpt>
      <trkpt lat="23.062799" lon="113.275794">
        <time>2026-06-19T23:45:03Z</time>
      </trkpt>
      <trkpt lat="23.062904" lon="113.275689">
        <time>2026-06-19T23:45:08Z</time>
      </trkpt>
      <trkpt lat="23.062975" lon="113.27561">
        <time>2026-06-19T23:45:13Z</time>
      </trkpt>
      <trkpt lat="23.06307" lon="113.275492">
        <time>2026-06-19T23:45:18Z</time>
      </trkpt>
      <trkpt lat="23.063118" lon="113.275409">
        <time>2026-06-19T23:45:23Z</time>
      </trkpt>
      <trkpt lat="23.063193" lon="113.275292">
        <time>2026-06-19T23:45:28Z</time>
      </trkpt>
      <trkpt lat="23.063254" lon="113.275212">
        <time>2026-06-19T23:45:33Z</time>
      </trkpt>
      <trkpt lat="23.063344" lon="113.275086">
        <time>2026-06-19T23:45:38Z</time>
      </trkpt>
      <trkpt lat="23.063392" lon="113.274995">
        <time>2026-06-19T23:45:43Z</time>
      </trkpt>
      <trkpt lat="23.06344" lon="113.27485">
        <time>2026-06-19T23:45:48Z</time>
      </trkpt>
      <trkpt lat="23.063468" lon="113.274756">
        <time>2026-06-19T23:45:53Z</time>
      </trkpt>
      <trkpt lat="23.063515" lon="113.274614">
        <time>2026-06-19T23:45:58Z</time>
      </trkpt>
      <trkpt lat="23.063539" lon="113.274524">
        <time>2026-06-19T23:46:03Z</time>
      </trkpt>
      <trkpt lat="23.06358" lon="113.274406">
        <time>2026-06-19T23:46:08Z</time>
      </trkpt>
      <trkpt lat="23.063633" lon="113.274321">
        <time>2026-06-19T23:46:13Z</time>
      </trkpt>
      <trkpt lat="23.063754" lon="113.274202">
        <time>2026-06-19T23:46:18Z</time>
      </trkpt>
      <trkpt lat="23.06382" lon="113.274122">
        <time>2026-06-19T23:46:23Z</time>
      </trkpt>
      <trkpt lat="23.063898" lon="113.273981">
        <time>2026-06-19T23:46:28Z</time>
      </trkpt>
      <trkpt lat="23.063957" lon="113.273885">
        <time>2026-06-19T23:46:33Z</time>
      </trkpt>
      <trkpt lat="23.064051" lon="113.273752">
        <time>2026-06-19T23:46:38Z</time>
      </trkpt>
      <trkpt lat="23.064122" lon="113.273682">
        <time>2026-06-19T23:46:43Z</time>
      </trkpt>
      <trkpt lat="23.06423" lon="113.273598">
        <time>2026-06-19T23:46:48Z</time>
      </trkpt>
      <trkpt lat="23.064308" lon="113.27354">
        <time>2026-06-19T23:46:53Z</time>
      </trkpt>
      <trkpt lat="23.06442" lon="113.273427">
        <time>2026-06-19T23:46:58Z</time>
      </trkpt>
      <trkpt lat="23.064493" lon="113.273352">
        <time>2026-06-19T23:47:03Z</time>
      </trkpt>
      <trkpt lat="23.06457" lon="113.273202">
        <time>2026-06-19T23:47:08Z</time>
      </trkpt>
      <trkpt lat="23.064574" lon="113.273091">
        <time>2026-06-19T23:47:13Z</time>
      </trkpt>
      <trkpt lat="23.064528" lon="113.272931">
        <time>2026-06-19T23:47:18Z</time>
      </trkpt>
      <trkpt lat="23.06449" lon="113.272828">
        <time>2026-06-19T23:47:23Z</time>
      </trkpt>
      <trkpt lat="23.064442" lon="113.272669">
        <time>2026-06-19T23:47:28Z</time>
      </trkpt>
      <trkpt lat="23.064442" lon="113.272563">
        <time>2026-06-19T23:47:33Z</time>
      </trkpt>
      <trkpt lat="23.064494" lon="113.272403">
        <time>2026-06-19T23:47:38Z</time>
      </trkpt>
      <trkpt lat="23.064535" lon="113.272293">
        <time>2026-06-19T23:47:43Z</time>
      </trkpt>
      <trkpt lat="23.064592" lon="113.27213">
        <time>2026-06-19T23:47:48Z</time>
      </trkpt>
      <trkpt lat="23.064638" lon="113.272036">
        <time>2026-06-19T23:47:53Z</time>
      </trkpt>
      <trkpt lat="23.064707" lon="113.271897">
        <time>2026-06-19T23:47:58Z</time>
      </trkpt>
      <trkpt lat="23.064751" lon="113.271799">
        <time>2026-06-19T23:48:03Z</time>
      </trkpt>
      <trkpt lat="23.064817" lon="113.271647">
        <time>2026-06-19T23:48:08Z</time>
      </trkpt>
      <trkpt lat="23.064859" lon="113.271546">
        <time>2026-06-19T23:48:13Z</time>
      </trkpt>
      <trkpt lat="23.064942" lon="113.271408">
        <time>2026-06-19T23:48:18Z</time>
      </trkpt>
      <trkpt lat="23.064986" lon="113.271311">
        <time>2026-06-19T23:48:23Z</time>
      </trkpt>
      <trkpt lat="23.065058" lon="113.27117">
        <time>2026-06-19T23:48:28Z</time>
      </trkpt>
      <trkpt lat="23.065108" lon="113.271081">
        <time>2026-06-19T23:48:33Z</time>
      </trkpt>
      <trkpt lat="23.065166" lon="113.270941">
        <time>2026-06-19T23:48:38Z</time>
      </trkpt>
      <trkpt lat="23.065201" lon="113.270847">
        <time>2026-06-19T23:48:43Z</time>
      </trkpt>
      <trkpt lat="23.065266" lon="113.270705">
        <time>2026-06-19T23:48:48Z</time>
      </trkpt>
      <trkpt lat="23.065309" lon="113.27061">
        <time>2026-06-19T23:48:53Z</time>
      </trkpt>
      <trkpt lat="23.065371" lon="113.27047">
        <time>2026-06-19T23:48:58Z</time>
      </trkpt>
      <trkpt lat="23.065412" lon="113.270377">
        <time>2026-06-19T23:49:03Z</time>
      </trkpt>
      <trkpt lat="23.065475" lon="113.27024">
        <time>2026-06-19T23:49:08Z</time>
      </trkpt>
      <trkpt lat="23.065508" lon="113.270145">
        <time>2026-06-19T23:49:13Z</time>
      </trkpt>
      <trkpt lat="23.065555" lon="113.27">
        <time>2026-06-19T23:49:18Z</time>
      </trkpt>
      <trkpt lat="23.065585" lon="113.269904">
        <time>2026-06-19T23:49:23Z</time>
      </trkpt>
      <trkpt lat="23.065637" lon="113.269772">
        <time>2026-06-19T23:49:28Z</time>
      </trkpt>
      <trkpt lat="23.065672" lon="113.269681">
        <time>2026-06-19T23:49:33Z</time>
      </trkpt>
      <trkpt lat="23.065719" lon="113.269528">
        <time>2026-06-19T23:49:38Z</time>
      </trkpt>
      <trkpt lat="23.065739" lon="113.269422">
        <time>2026-06-19T23:49:43Z</time>
      </trkpt>
      <trkpt lat="23.065777" lon="113.269267">
        <time>2026-06-19T23:49:48Z</time>
      </trkpt>
      <trkpt lat="23.065814" lon="113.269168">
        <time>2026-06-19T23:49:53Z</time>
      </trkpt>
      <trkpt lat="23.065874" lon="113.269027">
        <time>2026-06-19T23:49:58Z</time>
      </trkpt>
      <trkpt lat="23.065918" lon="113.268935">
        <time>2026-06-19T23:50:03Z</time>
      </trkpt>
      <trkpt lat="23.065974" lon="113.268792">
        <time>2026-06-19T23:50:08Z</time>
      </trkpt>
      <trkpt lat="23.066014" lon="113.268694">
        <time>2026-06-19T23:50:13Z</time>
      </trkpt>
      <trkpt lat="23.066089" lon="113.268554">
        <time>2026-06-19T23:50:18Z</time>
      </trkpt>
      <trkpt lat="23.066139" lon="113.268461">
        <time>2026-06-19T23:50:23Z</time>
      </trkpt>
      <trkpt lat="23.066222" lon="113.268333">
        <time>2026-06-19T23:50:28Z</time>
      </trkpt>
      <trkpt lat="23.066286" lon="113.268248">
        <time>2026-06-19T23:50:33Z</time>
      </trkpt>
      <trkpt lat="23.06641" lon="113.268156">
        <time>2026-06-19T23:50:38Z</time>
      </trkpt>
      <trkpt lat="23.066505" lon="113.268129">
        <time>2026-06-19T23:50:43Z</time>
      </trkpt>
      <trkpt lat="23.066649" lon="113.268141">
        <time>2026-06-19T23:50:48Z</time>
      </trkpt>
      <trkpt lat="23.06675" lon="113.268143">
        <time>2026-06-19T23:50:53Z</time>
      </trkpt>
      <trkpt lat="23.066902" lon="113.26816">
        <time>2026-06-19T23:50:58Z</time>
      </trkpt>
      <trkpt lat="23.066994" lon="113.268179">
        <time>2026-06-19T23:51:03Z</time>
      </trkpt>
      <trkpt lat="23.067117" lon="113.268233">
        <time>2026-06-19T23:51:08Z</time>
      </trkpt>
      <trkpt lat="23.067202" lon="113.268272">
        <time>2026-06-19T23:51:13Z</time>
      </trkpt>
      <trkpt lat="23.067335" lon="113.268344">
        <time>2026-06-19T23:51:18Z</time>
      </trkpt>
      <trkpt lat="23.067423" lon="113.268389">
        <time>2026-06-19T23:51:23Z</time>
      </trkpt>
      <trkpt lat="23.067563" lon="113.268458">
        <time>2026-06-19T23:51:28Z</time>
      </trkpt>
      <trkpt lat="23.067661" lon="113.268504">
        <time>2026-06-19T23:51:33Z</time>
      </trkpt>
      <trkpt lat="23.067806" lon="113.268571">
        <time>2026-06-19T23:51:38Z</time>
      </trkpt>
      <trkpt lat="23.067891" lon="113.268626">
        <time>2026-06-19T23:51:43Z</time>
      </trkpt>
      <trkpt lat="23.068009" lon="113.268702">
        <time>2026-06-19T23:51:48Z</time>
      </trkpt>
      <trkpt lat="23.068041" lon="113.268741">
        <time>2026-06-19T23:51:53Z</time>
      </trkpt>
      <trkpt lat="23.068041" lon="113.268741">
        <time>2026-06-19T23:51:58Z</time>
      </trkpt>
      <trkpt lat="23.068037" lon="113.268746">
        <time>2026-06-19T23:52:03Z</time>
      </trkpt>
      <trkpt lat="23.068021" lon="113.268731">
        <time>2026-06-19T23:52:08Z</time>
      </trkpt>
      <trkpt lat="23.068021" lon="113.268731">
        <time>2026-06-19T23:52:13Z</time>
      </trkpt>
      <trkpt lat="23.068021" lon="113.268731">
        <time>2026-06-19T23:52:18Z</time>
      </trkpt>
      <trkpt lat="23.068021" lon="113.268731">
        <time>2026-06-19T23:52:23Z</time>
      </trkpt>
      <trkpt lat="23.06801" lon="113.268721">
        <time>2026-06-19T23:52:28Z</time>
      </trkpt>
      <trkpt lat="23.068035" lon="113.268742">
        <time>2026-06-19T23:52:33Z</time>
      </trkpt>
      <trkpt lat="23.06804" lon="113.268741">
        <time>2026-06-19T23:52:38Z</time>
      </trkpt>
      <trkpt lat="23.068027" lon="113.268694">
        <time>2026-06-19T23:52:43Z</time>
      </trkpt>
      <trkpt lat="23.067988" lon="113.268554">
        <time>2026-06-19T23:52:48Z</time>
      </trkpt>
      <trkpt lat="23.067919" lon="113.268504">
        <time>2026-06-19T23:52:53Z</time>
      </trkpt>
      <trkpt lat="23.067774" lon="113.268442">
        <time>2026-06-19T23:52:58Z</time>
      </trkpt>
      <trkpt lat="23.067684" lon="113.268395">
        <time>2026-06-19T23:53:03Z</time>
      </trkpt>
      <trkpt lat="23.067554" lon="113.268326">
        <time>2026-06-19T23:53:08Z</time>
      </trkpt>
      <trkpt lat="23.067461" lon="113.268279">
        <time>2026-06-19T23:53:13Z</time>
      </trkpt>
      <trkpt lat="23.067322" lon="113.268207">
        <time>2026-06-19T23:53:18Z</time>
      </trkpt>
      <trkpt lat="23.067232" lon="113.268171">
        <time>2026-06-19T23:53:23Z</time>
      </trkpt>
      <trkpt lat="23.067096" lon="113.268115">
        <time>2026-06-19T23:53:28Z</time>
      </trkpt>
      <trkpt lat="23.067004" lon="113.268076">
        <time>2026-06-19T23:53:33Z</time>
      </trkpt>
      <trkpt lat="23.066857" lon="113.268027">
        <time>2026-06-19T23:53:38Z</time>
      </trkpt>
      <trkpt lat="23.066749" lon="113.268004">
        <time>2026-06-19T23:53:43Z</time>
      </trkpt>
      <trkpt lat="23.066598" lon="113.26798">
        <time>2026-06-19T23:53:48Z</time>
      </trkpt>
      <trkpt lat="23.0665" lon="113.267947">
        <time>2026-06-19T23:53:53Z</time>
      </trkpt>
      <trkpt lat="23.066342" lon="113.267943">
        <time>2026-06-19T23:53:58Z</time>
      </trkpt>
      <trkpt lat="23.066245" lon="113.267975">
        <time>2026-06-19T23:54:03Z</time>
      </trkpt>
      <trkpt lat="23.066127" lon="113.268083">
        <time>2026-06-19T23:54:08Z</time>
      </trkpt>
      <trkpt lat="23.066055" lon="113.268164">
        <time>2026-06-19T23:54:13Z</time>
      </trkpt>
      <trkpt lat="23.065949" lon="113.268281">
        <time>2026-06-19T23:54:18Z</time>
      </trkpt>
      <trkpt lat="23.065882" lon="113.268365">
        <time>2026-06-19T23:54:23Z</time>
      </trkpt>
      <trkpt lat="23.065796" lon="113.2685">
        <time>2026-06-19T23:54:28Z</time>
      </trkpt>
      <trkpt lat="23.065751" lon="113.268594">
        <time>2026-06-19T23:54:33Z</time>
      </trkpt>
      <trkpt lat="23.065693" lon="113.268739">
        <time>2026-06-19T23:54:38Z</time>
      </trkpt>
      <trkpt lat="23.065657" lon="113.268836">
        <time>2026-06-19T23:54:43Z</time>
      </trkpt>
      <trkpt lat="23.065609" lon="113.268983">
        <time>2026-06-19T23:54:48Z</time>
      </trkpt>
      <trkpt lat="23.065579" lon="113.269082">
        <time>2026-06-19T23:54:53Z</time>
      </trkpt>
      <trkpt lat="23.065538" lon="113.269233">
        <time>2026-06-19T23:54:58Z</time>
      </trkpt>
      <trkpt lat="23.065509" lon="113.269332">
        <time>2026-06-19T23:55:03Z</time>
      </trkpt>
      <trkpt lat="23.065471" lon="113.269484">
        <time>2026-06-19T23:55:08Z</time>
      </trkpt>
      <trkpt lat="23.065446" lon="113.269589">
        <time>2026-06-19T23:55:13Z</time>
      </trkpt>
      <trkpt lat="23.065411" lon="113.269739">
        <time>2026-06-19T23:55:18Z</time>
      </trkpt>
      <trkpt lat="23.065383" lon="113.269842">
        <time>2026-06-19T23:55:23Z</time>
      </trkpt>
      <trkpt lat="23.065327" lon="113.269997">
        <time>2026-06-19T23:55:28Z</time>
      </trkpt>
      <trkpt lat="23.06528" lon="113.270098">
        <time>2026-06-19T23:55:33Z</time>
      </trkpt>
      <trkpt lat="23.065218" lon="113.270245">
        <time>2026-06-19T23:55:38Z</time>
      </trkpt>
      <trkpt lat="23.065175" lon="113.270341">
        <time>2026-06-19T23:55:43Z</time>
      </trkpt>
      <trkpt lat="23.065112" lon="113.270488">
        <time>2026-06-19T23:55:48Z</time>
      </trkpt>
      <trkpt lat="23.06507" lon="113.270588">
        <time>2026-06-19T23:55:53Z</time>
      </trkpt>
      <trkpt lat="23.065004" lon="113.270733">
        <time>2026-06-19T23:55:58Z</time>
      </trkpt>
      <trkpt lat="23.06496" lon="113.270824">
        <time>2026-06-19T23:56:03Z</time>
      </trkpt>
      <trkpt lat="23.064899" lon="113.270967">
        <time>2026-06-19T23:56:08Z</time>
      </trkpt>
      <trkpt lat="23.064856" lon="113.271062">
        <time>2026-06-19T23:56:13Z</time>
      </trkpt>
      <trkpt lat="23.064785" lon="113.271209">
        <time>2026-06-19T23:56:18Z</time>
      </trkpt>
      <trkpt lat="23.064741" lon="113.271302">
        <time>2026-06-19T23:56:23Z</time>
      </trkpt>
      <trkpt lat="23.064672" lon="113.271446">
        <time>2026-06-19T23:56:28Z</time>
      </trkpt>
      <trkpt lat="23.064626" lon="113.27154">
        <time>2026-06-19T23:56:33Z</time>
      </trkpt>
      <trkpt lat="23.064561" lon="113.271682">
        <time>2026-06-19T23:56:38Z</time>
      </trkpt>
      <trkpt lat="23.064516" lon="113.271779">
        <time>2026-06-19T23:56:43Z</time>
      </trkpt>
      <trkpt lat="23.064452" lon="113.271925">
        <time>2026-06-19T23:56:48Z</time>
      </trkpt>
      <trkpt lat="23.064411" lon="113.272021">
        <time>2026-06-19T23:56:53Z</time>
      </trkpt>
      <trkpt lat="23.064343" lon="113.27216">
        <time>2026-06-19T23:56:58Z</time>
      </trkpt>
      <trkpt lat="23.064325" lon="113.272265">
        <time>2026-06-19T23:57:03Z</time>
      </trkpt>
      <trkpt lat="23.064325" lon="113.27242">
        <time>2026-06-19T23:57:08Z</time>
      </trkpt>
      <trkpt lat="23.064324" lon="113.272521">
        <time>2026-06-19T23:57:13Z</time>
      </trkpt>
      <trkpt lat="23.064338" lon="113.272675">
        <time>2026-06-19T23:57:18Z</time>
      </trkpt>
      <trkpt lat="23.064373" lon="113.272773">
        <time>2026-06-19T23:57:23Z</time>
      </trkpt>
      <trkpt lat="23.064424" lon="113.272916">
        <time>2026-06-19T23:57:28Z</time>
      </trkpt>
      <trkpt lat="23.064452" lon="113.273014">
        <time>2026-06-19T23:57:33Z</time>
      </trkpt>
      <trkpt lat="23.064473" lon="113.273163">
        <time>2026-06-19T23:57:38Z</time>
      </trkpt>
      <trkpt lat="23.064445" lon="113.273256">
        <time>2026-06-19T23:57:43Z</time>
      </trkpt>
      <trkpt lat="23.064335" lon="113.273359">
        <time>2026-06-19T23:57:48Z</time>
      </trkpt>
      <trkpt lat="23.064248" lon="113.273419">
        <time>2026-06-19T23:57:53Z</time>
      </trkpt>
      <trkpt lat="23.064128" lon="113.273509">
        <time>2026-06-19T23:57:58Z</time>
      </trkpt>
      <trkpt lat="23.064049" lon="113.273568">
        <time>2026-06-19T23:58:03Z</time>
      </trkpt>
      <trkpt lat="23.063933" lon="113.273668">
        <time>2026-06-19T23:58:08Z</time>
      </trkpt>
      <trkpt lat="23.063869" lon="113.273749">
        <time>2026-06-19T23:58:13Z</time>
      </trkpt>
      <trkpt lat="23.063789" lon="113.273887">
        <time>2026-06-19T23:58:18Z</time>
      </trkpt>
      <trkpt lat="23.063739" lon="113.27398">
        <time>2026-06-19T23:58:23Z</time>
      </trkpt>
      <trkpt lat="23.063649" lon="113.274099">
        <time>2026-06-19T23:58:28Z</time>
      </trkpt>
      <trkpt lat="23.063584" lon="113.274158">
        <time>2026-06-19T23:58:33Z</time>
      </trkpt>
      <trkpt lat="23.063516" lon="113.274276">
        <time>2026-06-19T23:58:38Z</time>
      </trkpt>
      <trkpt lat="23.063474" lon="113.274379">
        <time>2026-06-19T23:58:43Z</time>
      </trkpt>
      <trkpt lat="23.063412" lon="113.274536">
        <time>2026-06-19T23:58:48Z</time>
      </trkpt>
      <trkpt lat="23.063373" lon="113.27464">
        <time>2026-06-19T23:58:53Z</time>
      </trkpt>
      <trkpt lat="23.063314" lon="113.274793">
        <time>2026-06-19T23:58:58Z</time>
      </trkpt>
      <trkpt lat="23.06328" lon="113.274896">
        <time>2026-06-19T23:59:03Z</time>
      </trkpt>
      <trkpt lat="23.06322" lon="113.275048">
        <time>2026-06-19T23:59:08Z</time>
      </trkpt>
      <trkpt lat="23.063169" lon="113.275143">
        <time>2026-06-19T23:59:13Z</time>
      </trkpt>
      <trkpt lat="23.063095" lon="113.275279">
        <time>2026-06-19T23:59:18Z</time>
      </trkpt>
      <trkpt lat="23.063045" lon="113.275367">
        <time>2026-06-19T23:59:23Z</time>
      </trkpt>
      <trkpt lat="23.062958" lon="113.275495">
        <time>2026-06-19T23:59:28Z</time>
      </trkpt>
      <trkpt lat="23.062887" lon="113.275578">
        <time>2026-06-19T23:59:33Z</time>
      </trkpt>
      <trkpt lat="23.062772" lon="113.27569">
        <time>2026-06-19T23:59:38Z</time>
      </trkpt>
      <trkpt lat="23.062694" lon="113.275764">
        <time>2026-06-19T23:59:43Z</time>
      </trkpt>
      <trkpt lat="23.062596" lon="113.275886">
        <time>2026-06-19T23:59:48Z</time>
      </trkpt>
      <trkpt lat="23.062534" lon="113.275972">
        <time>2026-06-19T23:59:53Z</time>
      </trkpt>
      <trkpt lat="23.062457" lon="113.27611">
        <time>2026-06-19T23:59:58Z</time>
      </trkpt>
      <trkpt lat="23.062417" lon="113.2762">
        <time>2026-06-20T00:00:03Z</time>
      </trkpt>
      <trkpt lat="23.062369" lon="113.276335">
        <time>2026-06-20T00:00:08Z</time>
      </trkpt>
      <trkpt lat="23.06233" lon="113.276425">
        <time>2026-06-20T00:00:13Z</time>
      </trkpt>
      <trkpt lat="23.062268" lon="113.276562">
        <time>2026-06-20T00:00:18Z</time>
      </trkpt>
      <trkpt lat="23.06223" lon="113.276658">
        <time>2026-06-20T00:00:23Z</time>
      </trkpt>
      <trkpt lat="23.062179" lon="113.276809">
        <time>2026-06-20T00:00:28Z</time>
      </trkpt>
      <trkpt lat="23.062137" lon="113.276909">
        <time>2026-06-20T00:00:33Z</time>
      </trkpt>
      <trkpt lat="23.062089" lon="113.277044">
        <time>2026-06-20T00:00:38Z</time>
      </trkpt>
      <trkpt lat="23.062052" lon="113.277146">
        <time>2026-06-20T00:00:43Z</time>
      </trkpt>
      <trkpt lat="23.061993" lon="113.277304">
        <time>2026-06-20T00:00:48Z</time>
      </trkpt>
      <trkpt lat="23.061953" lon="113.277407">
        <time>2026-06-20T00:00:53Z</time>
      </trkpt>
      <trkpt lat="23.061894" lon="113.277564">
        <time>2026-06-20T00:00:58Z</time>
      </trkpt>
      <trkpt lat="23.061857" lon="113.277669">
        <time>2026-06-20T00:01:03Z</time>
      </trkpt>
      <trkpt lat="23.061827" lon="113.277826">
        <time>2026-06-20T00:01:08Z</time>
      </trkpt>
      <trkpt lat="23.061819" lon="113.277931">
        <time>2026-06-20T00:01:13Z</time>
      </trkpt>
      <trkpt lat="23.061825" lon="113.278086">
        <time>2026-06-20T00:01:18Z</time>
      </trkpt>
      <trkpt lat="23.061833" lon="113.278189">
        <time>2026-06-20T00:01:23Z</time>
      </trkpt>
      <trkpt lat="23.061847" lon="113.278337">
        <time>2026-06-20T00:01:28Z</time>
      </trkpt>
      <trkpt lat="23.06186" lon="113.278436">
        <time>2026-06-20T00:01:33Z</time>
      </trkpt>
      <trkpt lat="23.06186" lon="113.278586">
        <time>2026-06-20T00:01:38Z</time>
      </trkpt>
      <trkpt lat="23.061843" lon="113.278682">
        <time>2026-06-20T00:01:43Z</time>
      </trkpt>
      <trkpt lat="23.061756" lon="113.278743">
        <time>2026-06-20T00:01:48Z</time>
      </trkpt>
      <trkpt lat="23.061708" lon="113.278815">
        <time>2026-06-20T00:01:53Z</time>
      </trkpt>
      <trkpt lat="23.061665" lon="113.278962">
        <time>2026-06-20T00:01:58Z</time>
      </trkpt>
      <trkpt lat="23.061631" lon="113.279061">
        <time>2026-06-20T00:02:03Z</time>
      </trkpt>
      <trkpt lat="23.061565" lon="113.279202">
        <time>2026-06-20T00:02:08Z</time>
      </trkpt>
      <trkpt lat="23.061528" lon="113.279303">
        <time>2026-06-20T00:02:13Z</time>
      </trkpt>
      <trkpt lat="23.061466" lon="113.27945">
        <time>2026-06-20T00:02:18Z</time>
      </trkpt>
      <trkpt lat="23.061422" lon="113.279545">
        <time>2026-06-20T00:02:23Z</time>
      </trkpt>
      <trkpt lat="23.061364" lon="113.279688">
        <time>2026-06-20T00:02:28Z</time>
      </trkpt>
      <trkpt lat="23.061327" lon="113.279783">
        <time>2026-06-20T00:02:33Z</time>
      </trkpt>
      <trkpt lat="23.061263" lon="113.279922">
        <time>2026-06-20T00:02:38Z</time>
      </trkpt>
      <trkpt lat="23.061219" lon="113.280013">
        <time>2026-06-20T00:02:43Z</time>
      </trkpt>
      <trkpt lat="23.061153" lon="113.280152">
        <time>2026-06-20T00:02:48Z</time>
      </trkpt>
      <trkpt lat="23.061114" lon="113.280253">
        <time>2026-06-20T00:02:53Z</time>
      </trkpt>
      <trkpt lat="23.061059" lon="113.280405">
        <time>2026-06-20T00:02:58Z</time>
      </trkpt>
      <trkpt lat="23.061017" lon="113.280507">
        <time>2026-06-20T00:03:03Z</time>
      </trkpt>
      <trkpt lat="23.060952" lon="113.28065">
        <time>2026-06-20T00:03:08Z</time>
      </trkpt>
      <trkpt lat="23.060906" lon="113.280743">
        <time>2026-06-20T00:03:13Z</time>
      </trkpt>
      <trkpt lat="23.060844" lon="113.280885">
        <time>2026-06-20T00:03:18Z</time>
      </trkpt>
      <trkpt lat="23.060804" lon="113.280978">
        <time>2026-06-20T00:03:23Z</time>
      </trkpt>
      <trkpt lat="23.060747" lon="113.281115">
        <time>2026-06-20T00:03:28Z</time>
      </trkpt>
      <trkpt lat="23.060709" lon="113.2812">
        <time>2026-06-20T00:03:33Z</time>
      </trkpt>
      <trkpt lat="23.060649" lon="113.281327">
        <time>2026-06-20T00:03:38Z</time>
      </trkpt>
      <trkpt lat="23.060611" lon="113.281417">
        <time>2026-06-20T00:03:43Z</time>
      </trkpt>
      <trkpt lat="23.060555" lon="113.281549">
        <time>2026-06-20T00:03:48Z</time>
      </trkpt>
      <trkpt lat="23.060514" lon="113.281635">
        <time>2026-06-20T00:03:53Z</time>
      </trkpt>
      <trkpt lat="23.060453" lon="113.28176">
        <time>2026-06-20T00:03:58Z</time>
      </trkpt>
      <trkpt lat="23.060414" lon="113.281844">
        <time>2026-06-20T00:04:03Z</time>
      </trkpt>
      <trkpt lat="23.060352" lon="113.281975">
        <time>2026-06-20T00:04:08Z</time>
      </trkpt>
      <trkpt lat="23.060312" lon="113.282065">
        <time>2026-06-20T00:04:13Z</time>
      </trkpt>
      <trkpt lat="23.060258" lon="113.282194">
        <time>2026-06-20T00:04:18Z</time>
      </trkpt>
      <trkpt lat="23.060224" lon="113.282284">
        <time>2026-06-20T00:04:23Z</time>
      </trkpt>
      <trkpt lat="23.060167" lon="113.282423">
        <time>2026-06-20T00:04:28Z</time>
      </trkpt>
      <trkpt lat="23.060126" lon="113.28251">
        <time>2026-06-20T00:04:33Z</time>
      </trkpt>
      <trkpt lat="23.06006" lon="113.282637">
        <time>2026-06-20T00:04:38Z</time>
      </trkpt>
      <trkpt lat="23.060019" lon="113.282723">
        <time>2026-06-20T00:04:43Z</time>
      </trkpt>
      <trkpt lat="23.059971" lon="113.282856">
        <time>2026-06-20T00:04:48Z</time>
      </trkpt>
      <trkpt lat="23.059941" lon="113.282951">
        <time>2026-06-20T00:04:53Z</time>
      </trkpt>
      <trkpt lat="23.059886" lon="113.283089">
        <time>2026-06-20T00:04:58Z</time>
      </trkpt>
      <trkpt lat="23.059844" lon="113.283179">
        <time>2026-06-20T00:05:03Z</time>
      </trkpt>
      <trkpt lat="23.059786" lon="113.283314">
        <time>2026-06-20T00:05:08Z</time>
      </trkpt>
      <trkpt lat="23.059746" lon="113.283406">
        <time>2026-06-20T00:05:13Z</time>
      </trkpt>
      <trkpt lat="23.059687" lon="113.28354">
        <time>2026-06-20T00:05:18Z</time>
      </trkpt>
      <trkpt lat="23.059644" lon="113.283627">
        <time>2026-06-20T00:05:23Z</time>
      </trkpt>
      <trkpt lat="23.059584" lon="113.283764">
        <time>2026-06-20T00:05:28Z</time>
      </trkpt>
      <trkpt lat="23.059543" lon="113.283855">
        <time>2026-06-20T00:05:33Z</time>
      </trkpt>
      <trkpt lat="23.059494" lon="113.283999">
        <time>2026-06-20T00:05:38Z</time>
      </trkpt>
      <trkpt lat="23.059443" lon="113.284085">
        <time>2026-06-20T00:05:43Z</time>
      </trkpt>
      <trkpt lat="23.059368" lon="113.284216">
        <time>2026-06-20T00:05:48Z</time>
      </trkpt>
      <trkpt lat="23.059341" lon="113.284312">
        <time>2026-06-20T00:05:53Z</time>
      </trkpt>
      <trkpt lat="23.059306" lon="113.284456">
        <time>2026-06-20T00:05:58Z</time>
      </trkpt>
      <trkpt lat="23.059289" lon="113.284555">
        <time>2026-06-20T00:06:03Z</time>
      </trkpt>
      <trkpt lat="23.059248" lon="113.284693">
        <time>2026-06-20T00:06:08Z</time>
      </trkpt>
      <trkpt lat="23.059212" lon="113.284782">
        <time>2026-06-20T00:06:13Z</time>
      </trkpt>
      <trkpt lat="23.059155" lon="113.284912">
        <time>2026-06-20T00:06:18Z</time>
      </trkpt>
      <trkpt lat="23.059118" lon="113.285001">
        <time>2026-06-20T00:06:23Z</time>
      </trkpt>
      <trkpt lat="23.059056" lon="113.285136">
        <time>2026-06-20T00:06:28Z</time>
      </trkpt>
      <trkpt lat="23.059011" lon="113.285226">
        <time>2026-06-20T00:06:33Z</time>
      </trkpt>
      <trkpt lat="23.058951" lon="113.28537">
        <time>2026-06-20T00:06:38Z</time>
      </trkpt>
      <trkpt lat="23.058909" lon="113.285465">
        <time>2026-06-20T00:06:43Z</time>
      </trkpt>
      <trkpt lat="23.058851" lon="113.285605">
        <time>2026-06-20T00:06:48Z</time>
      </trkpt>
      <trkpt lat="23.058811" lon="113.285694">
        <time>2026-06-20T00:06:53Z</time>
      </trkpt>
      <trkpt lat="23.058755" lon="113.285837">
        <time>2026-06-20T00:06:58Z</time>
      </trkpt>
      <trkpt lat="23.058717" lon="113.285932">
        <time>2026-06-20T00:07:03Z</time>
      </trkpt>
      <trkpt lat="23.058664" lon="113.286076">
        <time>2026-06-20T00:07:08Z</time>
      </trkpt>
      <trkpt lat="23.058652" lon="113.286181">
        <time>2026-06-20T00:07:13Z</time>
      </trkpt>
      <trkpt lat="23.058713" lon="113.286314">
        <time>2026-06-20T00:07:18Z</time>
      </trkpt>
      <trkpt lat="23.058793" lon="113.286355">
        <time>2026-06-20T00:07:23Z</time>
      </trkpt>
      <trkpt lat="23.058908" lon="113.286371">
        <time>2026-06-20T00:07:28Z</time>
      </trkpt>
      <trkpt lat="23.058926" lon="113.286305">
        <time>2026-06-20T00:07:33Z</time>
      </trkpt>
      <trkpt lat="23.058901" lon="113.286151">
        <time>2026-06-20T00:07:38Z</time>
      </trkpt>
      <trkpt lat="23.058923" lon="113.286062">
        <time>2026-06-20T00:07:43Z</time>
      </trkpt>
      <trkpt lat="23.058994" lon="113.285939">
        <time>2026-06-20T00:07:48Z</time>
      </trkpt>
      <trkpt lat="23.059035" lon="113.285851">
        <time>2026-06-20T00:07:53Z</time>
      </trkpt>
      <trkpt lat="23.059099" lon="113.285724">
        <time>2026-06-20T00:07:58Z</time>
      </trkpt>
      <trkpt lat="23.059135" lon="113.285635">
        <time>2026-06-20T00:08:03Z</time>
      </trkpt>
      <trkpt lat="23.05918" lon="113.285491">
        <time>2026-06-20T00:08:08Z</time>
      </trkpt>
      <trkpt lat="23.059212" lon="113.285397">
        <time>2026-06-20T00:08:13Z</time>
      </trkpt>
      <trkpt lat="23.059251" lon="113.285261">
        <time>2026-06-20T00:08:18Z</time>
      </trkpt>
      <trkpt lat="23.059272" lon="113.285167">
        <time>2026-06-20T00:08:23Z</time>
      </trkpt>
      <trkpt lat="23.059322" lon="113.285033">
        <time>2026-06-20T00:08:28Z</time>
      </trkpt>
      <trkpt lat="23.059373" lon="113.284953">
        <time>2026-06-20T00:08:33Z</time>
      </trkpt>
      <trkpt lat="23.059436" lon="113.284832">
        <time>2026-06-20T00:08:38Z</time>
      </trkpt>
      <trkpt lat="23.059473" lon="113.284745">
        <time>2026-06-20T00:08:43Z</time>
      </trkpt>
      <trkpt lat="23.059537" lon="113.284612">
        <time>2026-06-20T00:08:48Z</time>
      </trkpt>
      <trkpt lat="23.059578" lon="113.284522">
        <time>2026-06-20T00:08:53Z</time>
      </trkpt>
      <trkpt lat="23.059618" lon="113.284383">
        <time>2026-06-20T00:08:58Z</time>
      </trkpt>
      <trkpt lat="23.059643" lon="113.284295">
        <time>2026-06-20T00:09:03Z</time>
      </trkpt>
      <trkpt lat="23.059698" lon="113.284162">
        <time>2026-06-20T00:09:08Z</time>
      </trkpt>
      <trkpt lat="23.05974" lon="113.284073">
        <time>2026-06-20T00:09:13Z</time>
      </trkpt>
      <trkpt lat="23.059798" lon="113.283939">
        <time>2026-06-20T00:09:18Z</time>
      </trkpt>
      <trkpt lat="23.059829" lon="113.283848">
        <time>2026-06-20T00:09:23Z</time>
      </trkpt>
      <trkpt lat="23.059878" lon="113.283706">
        <time>2026-06-20T00:09:28Z</time>
      </trkpt>
      <trkpt lat="23.059897" lon="113.283607">
        <time>2026-06-20T00:09:33Z</time>
      </trkpt>
      <trkpt lat="23.059916" lon="113.283459">
        <time>2026-06-20T00:09:38Z</time>
      </trkpt>
      <trkpt lat="23.05993" lon="113.283374">
        <time>2026-06-20T00:09:43Z</time>
      </trkpt>
      <trkpt lat="23.059992" lon="113.283258">
        <time>2026-06-20T00:09:48Z</time>
      </trkpt>
      <trkpt lat="23.060034" lon="113.283182">
        <time>2026-06-20T00:09:53Z</time>
      </trkpt>
      <trkpt lat="23.060086" lon="113.283058">
        <time>2026-06-20T00:09:58Z</time>
      </trkpt>
      <trkpt lat="23.060118" lon="113.282969">
        <time>2026-06-20T00:10:03Z</time>
      </trkpt>
      <trkpt lat="23.06018" lon="113.282836">
        <time>2026-06-20T00:10:08Z</time>
      </trkpt>
      <trkpt lat="23.060228" lon="113.282751">
        <time>2026-06-20T00:10:13Z</time>
      </trkpt>
      <trkpt lat="23.060287" lon="113.282625">
        <time>2026-06-20T00:10:18Z</time>
      </trkpt>
      <trkpt lat="23.060321" lon="113.282535">
        <time>2026-06-20T00:10:23Z</time>
      </trkpt>
      <trkpt lat="23.060376" lon="113.2824">
        <time>2026-06-20T00:10:28Z</time>
      </trkpt>
      <trkpt lat="23.060407" lon="113.282311">
        <time>2026-06-20T00:10:33Z</time>
      </trkpt>
      <trkpt lat="23.060453" lon="113.282173">
        <time>2026-06-20T00:10:38Z</time>
      </trkpt>
      <trkpt lat="23.060488" lon="113.282078">
        <time>2026-06-20T00:10:43Z</time>
      </trkpt>
      <trkpt lat="23.060537" lon="113.281937">
        <time>2026-06-20T00:10:48Z</time>
      </trkpt>
      <trkpt lat="23.060573" lon="113.281845">
        <time>2026-06-20T00:10:53Z</time>
      </trkpt>
      <trkpt lat="23.060634" lon="113.281717">
        <time>2026-06-20T00:10:58Z</time>
      </trkpt>
      <trkpt lat="23.060666" lon="113.281634">
        <time>2026-06-20T00:11:03Z</time>
      </trkpt>
      <trkpt lat="23.060715" lon="113.281497">
        <time>2026-06-20T00:11:08Z</time>
      </trkpt>
      <trkpt lat="23.060758" lon="113.281413">
        <time>2026-06-20T00:11:13Z</time>
      </trkpt>
      <trkpt lat="23.060823" lon="113.281282">
        <time>2026-06-20T00:11:18Z</time>
      </trkpt>
      <trkpt lat="23.060865" lon="113.281187">
        <time>2026-06-20T00:11:23Z</time>
      </trkpt>
      <trkpt lat="23.060923" lon="113.281054">
        <time>2026-06-20T00:11:28Z</time>
      </trkpt>
      <trkpt lat="23.060954" lon="113.28097">
        <time>2026-06-20T00:11:33Z</time>
      </trkpt>
      <trkpt lat="23.061008" lon="113.28085">
        <time>2026-06-20T00:11:38Z</time>
      </trkpt>
      <trkpt lat="23.061042" lon="113.280773">
        <time>2026-06-20T00:11:43Z</time>
      </trkpt>
      <trkpt lat="23.061102" lon="113.280648">
        <time>2026-06-20T00:11:48Z</time>
      </trkpt>
      <trkpt lat="23.061139" lon="113.280562">
        <time>2026-06-20T00:11:53Z</time>
      </trkpt>
      <trkpt lat="23.061204" lon="113.280437">
        <time>2026-06-20T00:11:58Z</time>
      </trkpt>
      <trkpt lat="23.061241" lon="113.280356">
        <time>2026-06-20T00:12:03Z</time>
      </trkpt>
      <trkpt lat="23.061292" lon="113.280235">
        <time>2026-06-20T00:12:08Z</time>
      </trkpt>
      <trkpt lat="23.061338" lon="113.280155">
        <time>2026-06-20T00:12:13Z</time>
      </trkpt>
      <trkpt lat="23.061389" lon="113.280026">
        <time>2026-06-20T00:12:18Z</time>
      </trkpt>
      <trkpt lat="23.061422" lon="113.279941">
        <time>2026-06-20T00:12:23Z</time>
      </trkpt>
      <trkpt lat="23.061479" lon="113.279808">
        <time>2026-06-20T00:12:28Z</time>
      </trkpt>
      <trkpt lat="23.061516" lon="113.279719">
        <time>2026-06-20T00:12:33Z</time>
      </trkpt>
      <trkpt lat="23.061566" lon="113.27958">
        <time>2026-06-20T00:12:38Z</time>
      </trkpt>
      <trkpt lat="23.0616" lon="113.279493">
        <time>2026-06-20T00:12:43Z</time>
      </trkpt>
      <trkpt lat="23.061645" lon="113.279357">
        <time>2026-06-20T00:12:48Z</time>
      </trkpt>
      <trkpt lat="23.06168" lon="113.279266">
        <time>2026-06-20T00:12:53Z</time>
      </trkpt>
      <trkpt lat="23.061744" lon="113.279131">
        <time>2026-06-20T00:12:58Z</time>
      </trkpt>
      <trkpt lat="23.061801" lon="113.27905">
        <time>2026-06-20T00:13:03Z</time>
      </trkpt>
      <trkpt lat="23.061891" lon="113.278928">
        <time>2026-06-20T00:13:08Z</time>
      </trkpt>
      <trkpt lat="23.061941" lon="113.278839">
        <time>2026-06-20T00:13:13Z</time>
      </trkpt>
      <trkpt lat="23.061975" lon="113.278688">
        <time>2026-06-20T00:13:18Z</time>
      </trkpt>
      <trkpt lat="23.061972" lon="113.278579">
        <time>2026-06-20T00:13:23Z</time>
      </trkpt>
      <trkpt lat="23.061961" lon="113.278422">
        <time>2026-06-20T00:13:28Z</time>
      </trkpt>
      <trkpt lat="23.061958" lon="113.278318">
        <time>2026-06-20T00:13:33Z</time>
      </trkpt>
      <trkpt lat="23.061955" lon="113.278167">
        <time>2026-06-20T00:13:38Z</time>
      </trkpt>
      <trkpt lat="23.061952" lon="113.278065">
        <time>2026-06-20T00:13:43Z</time>
      </trkpt>
      <trkpt lat="23.061943" lon="113.277917">
        <time>2026-06-20T00:13:48Z</time>
      </trkpt>
      <trkpt lat="23.061941" lon="113.277819">
        <time>2026-06-20T00:13:53Z</time>
      </trkpt>
      <trkpt lat="23.061967" lon="113.277673">
        <time>2026-06-20T00:13:58Z</time>
      </trkpt>
      <trkpt lat="23.061995" lon="113.277582">
        <time>2026-06-20T00:14:03Z</time>
      </trkpt>
      <trkpt lat="23.062049" lon="113.277449">
        <time>2026-06-20T00:14:08Z</time>
      </trkpt>
      <trkpt lat="23.062083" lon="113.27736">
        <time>2026-06-20T00:14:13Z</time>
      </trkpt>
      <trkpt lat="23.062126" lon="113.277227">
        <time>2026-06-20T00:14:18Z</time>
      </trkpt>
      <trkpt lat="23.062163" lon="113.277136">
        <time>2026-06-20T00:14:23Z</time>
      </trkpt>
      <trkpt lat="23.062217" lon="113.277001">
        <time>2026-06-20T00:14:28Z</time>
      </trkpt>
      <trkpt lat="23.062257" lon="113.27691">
        <time>2026-06-20T00:14:33Z</time>
      </trkpt>
      <trkpt lat="23.062306" lon="113.276767">
        <time>2026-06-20T00:14:38Z</time>
      </trkpt>
      <trkpt lat="23.062344" lon="113.276672">
        <time>2026-06-20T00:14:43Z</time>
      </trkpt>
      <trkpt lat="23.062403" lon="113.276536">
        <time>2026-06-20T00:14:48Z</time>
      </trkpt>
      <trkpt lat="23.062438" lon="113.276443">
        <time>2026-06-20T00:14:53Z</time>
      </trkpt>
      <trkpt lat="23.062485" lon="113.276301">
        <time>2026-06-20T00:14:58Z</time>
      </trkpt>
      <trkpt lat="23.06252" lon="113.276209">
        <time>2026-06-20T00:15:03Z</time>
      </trkpt>
      <trkpt lat="23.062595" lon="113.276083">
        <time>2026-06-20T00:15:08Z</time>
      </trkpt>
      <trkpt lat="23.062651" lon="113.276006">
        <time>2026-06-20T00:15:13Z</time>
      </trkpt>
      <trkpt lat="23.062742" lon="113.275887">
        <time>2026-06-20T00:15:18Z</time>
      </trkpt>
      <trkpt lat="23.062804" lon="113.275816">
        <time>2026-06-20T00:15:23Z</time>
      </trkpt>
      <trkpt lat="23.062901" lon="113.275705">
        <time>2026-06-20T00:15:28Z</time>
      </trkpt>
      <trkpt lat="23.062969" lon="113.27563">
        <time>2026-06-20T00:15:33Z</time>
      </trkpt>
      <trkpt lat="23.063058" lon="113.275509">
        <time>2026-06-20T00:15:38Z</time>
      </trkpt>
      <trkpt lat="23.06311" lon="113.275419">
        <time>2026-06-20T00:15:43Z</time>
      </trkpt>
      <trkpt lat="23.063184" lon="113.275284">
        <time>2026-06-20T00:15:48Z</time>
      </trkpt>
      <trkpt lat="23.063238" lon="113.2752">
        <time>2026-06-20T00:15:53Z</time>
      </trkpt>
      <trkpt lat="23.063321" lon="113.275073">
        <time>2026-06-20T00:15:58Z</time>
      </trkpt>
      <trkpt lat="23.063363" lon="113.274981">
        <time>2026-06-20T00:16:03Z</time>
      </trkpt>
      <trkpt lat="23.063407" lon="113.274834">
        <time>2026-06-20T00:16:08Z</time>
      </trkpt>
      <trkpt lat="23.063441" lon="113.274736">
        <time>2026-06-20T00:16:13Z</time>
      </trkpt>
      <trkpt lat="23.063494" lon="113.274591">
        <time>2026-06-20T00:16:18Z</time>
      </trkpt>
      <trkpt lat="23.063519" lon="113.274501">
        <time>2026-06-20T00:16:23Z</time>
      </trkpt>
      <trkpt lat="23.063574" lon="113.274374">
        <time>2026-06-20T00:16:28Z</time>
      </trkpt>
      <trkpt lat="23.063634" lon="113.274288">
        <time>2026-06-20T00:16:33Z</time>
      </trkpt>
      <trkpt lat="23.063752" lon="113.274189">
        <time>2026-06-20T00:16:38Z</time>
      </trkpt>
      <trkpt lat="23.063821" lon="113.274111">
        <time>2026-06-20T00:16:43Z</time>
      </trkpt>
      <trkpt lat="23.0639" lon="113.273969">
        <time>2026-06-20T00:16:48Z</time>
      </trkpt>
      <trkpt lat="23.06395" lon="113.273882">
        <time>2026-06-20T00:16:53Z</time>
      </trkpt>
      <trkpt lat="23.064029" lon="113.273758">
        <time>2026-06-20T00:16:58Z</time>
      </trkpt>
      <trkpt lat="23.064094" lon="113.273688">
        <time>2026-06-20T00:17:03Z</time>
      </trkpt>
      <trkpt lat="23.064209" lon="113.273594">
        <time>2026-06-20T00:17:08Z</time>
      </trkpt>
      <trkpt lat="23.064288" lon="113.273534">
        <time>2026-06-20T00:17:13Z</time>
      </trkpt>
      <trkpt lat="23.064402" lon="113.273446">
        <time>2026-06-20T00:17:18Z</time>
      </trkpt>
      <trkpt lat="23.064471" lon="113.273384">
        <time>2026-06-20T00:17:23Z</time>
      </trkpt>
      <trkpt lat="23.064559" lon="113.273253">
        <time>2026-06-20T00:17:28Z</time>
      </trkpt>
      <trkpt lat="23.064582" lon="113.273144">
        <time>2026-06-20T00:17:33Z</time>
      </trkpt>
      <trkpt lat="23.064555" lon="113.272975">
        <time>2026-06-20T00:17:38Z</time>
      </trkpt>
      <trkpt lat="23.064514" lon="113.272873">
        <time>2026-06-20T00:17:43Z</time>
      </trkpt>
      <trkpt lat="23.064462" lon="113.272721">
        <time>2026-06-20T00:17:48Z</time>
      </trkpt>
      <trkpt lat="23.064443" lon="113.272623">
        <time>2026-06-20T00:17:53Z</time>
      </trkpt>
      <trkpt lat="23.064471" lon="113.272476">
        <time>2026-06-20T00:17:58Z</time>
      </trkpt>
      <trkpt lat="23.064516" lon="113.272379">
        <time>2026-06-20T00:18:03Z</time>
      </trkpt>
      <trkpt lat="23.064561" lon="113.272228">
        <time>2026-06-20T00:18:08Z</time>
      </trkpt>
      <trkpt lat="23.064594" lon="113.27213">
        <time>2026-06-20T00:18:13Z</time>
      </trkpt>
      <trkpt lat="23.064657" lon="113.27199">
        <time>2026-06-20T00:18:18Z</time>
      </trkpt>
      <trkpt lat="23.0647" lon="113.271896">
        <time>2026-06-20T00:18:23Z</time>
      </trkpt>
      <trkpt lat="23.064766" lon="113.271755">
        <time>2026-06-20T00:18:28Z</time>
      </trkpt>
      <trkpt lat="23.06481" lon="113.271657">
        <time>2026-06-20T00:18:33Z</time>
      </trkpt>
      <trkpt lat="23.064874" lon="113.271507">
        <time>2026-06-20T00:18:38Z</time>
      </trkpt>
      <trkpt lat="23.064917" lon="113.271412">
        <time>2026-06-20T00:18:43Z</time>
      </trkpt>
      <trkpt lat="23.064974" lon="113.271284">
        <time>2026-06-20T00:18:48Z</time>
      </trkpt>
      <trkpt lat="23.06502" lon="113.271205">
        <time>2026-06-20T00:18:53Z</time>
      </trkpt>
      <trkpt lat="23.065127" lon="113.27113">
        <time>2026-06-20T00:18:58Z</time>
      </trkpt>
      <trkpt lat="23.06521" lon="113.271137">
        <time>2026-06-20T00:19:03Z</time>
      </trkpt>
      <trkpt lat="23.065322" lon="113.271177">
        <time>2026-06-20T00:19:08Z</time>
      </trkpt>
      <trkpt lat="23.065395" lon="113.2712">
        <time>2026-06-20T00:19:13Z</time>
      </trkpt>
      <trkpt lat="23.065526" lon="113.271258">
        <time>2026-06-20T00:19:18Z</time>
      </trkpt>
      <trkpt lat="23.065614" lon="113.271296">
        <time>2026-06-20T00:19:23Z</time>
      </trkpt>
      <trkpt lat="23.065742" lon="113.271379">
        <time>2026-06-20T00:19:28Z</time>
      </trkpt>
      <trkpt lat="23.065828" lon="113.271426">
        <time>2026-06-20T00:19:33Z</time>
      </trkpt>
      <trkpt lat="23.065943" lon="113.271473">
        <time>2026-06-20T00:19:38Z</time>
      </trkpt>
      <trkpt lat="23.066029" lon="113.271518">
        <time>2026-06-20T00:19:43Z</time>
      </trkpt>
      <trkpt lat="23.066135" lon="113.271568">
        <time>2026-06-20T00:19:48Z</time>
      </trkpt>
      <trkpt lat="23.066215" lon="113.271585">
        <time>2026-06-20T00:19:53Z</time>
      </trkpt>
      <trkpt lat="23.066304" lon="113.271469">
        <time>2026-06-20T00:19:58Z</time>
      </trkpt>
      <trkpt lat="23.06623" lon="113.271423">
        <time>2026-06-20T00:20:03Z</time>
      </trkpt>
      <trkpt lat="23.066093" lon="113.271383">
        <time>2026-06-20T00:20:08Z</time>
      </trkpt>
      <trkpt lat="23.066001" lon="113.271351">
        <time>2026-06-20T00:20:13Z</time>
      </trkpt>
      <trkpt lat="23.065879" lon="113.271297">
        <time>2026-06-20T00:20:18Z</time>
      </trkpt>
      <trkpt lat="23.065796" lon="113.271266">
        <time>2026-06-20T00:20:23Z</time>
      </trkpt>
      <trkpt lat="23.065669" lon="113.27123">
        <time>2026-06-20T00:20:28Z</time>
      </trkpt>
      <trkpt lat="23.065577" lon="113.271197">
        <time>2026-06-20T00:20:33Z</time>
      </trkpt>
      <trkpt lat="23.065443" lon="113.271161">
        <time>2026-06-20T00:20:38Z</time>
      </trkpt>
      <trkpt lat="23.065351" lon="113.271139">
        <time>2026-06-20T00:20:43Z</time>
      </trkpt>
      <trkpt lat="23.065212" lon="113.271059">
        <time>2026-06-20T00:20:48Z</time>
      </trkpt>
      <trkpt lat="23.065154" lon="113.270975">
        <time>2026-06-20T00:20:53Z</time>
      </trkpt>
      <trkpt lat="23.065178" lon="113.270821">
        <time>2026-06-20T00:20:58Z</time>
      </trkpt>
      <trkpt lat="23.065228" lon="113.270727">
        <time>2026-06-20T00:21:03Z</time>
      </trkpt>
      <trkpt lat="23.0653" lon="113.270593">
        <time>2026-06-20T00:21:08Z</time>
      </trkpt>
      <trkpt lat="23.065346" lon="113.270509">
        <time>2026-06-20T00:21:13Z</time>
      </trkpt>
      <trkpt lat="23.065412" lon="113.270379">
        <time>2026-06-20T00:21:18Z</time>
      </trkpt>
      <trkpt lat="23.065455" lon="113.270293">
        <time>2026-06-20T00:21:23Z</time>
      </trkpt>
      <trkpt lat="23.065516" lon="113.270157">
        <time>2026-06-20T00:21:28Z</time>
      </trkpt>
      <trkpt lat="23.065552" lon="113.270064">
        <time>2026-06-20T00:21:33Z</time>
      </trkpt>
      <trkpt lat="23.065598" lon="113.269929">
        <time>2026-06-20T00:21:38Z</time>
      </trkpt>
      <trkpt lat="23.065626" lon="113.269837">
        <time>2026-06-20T00:21:43Z</time>
      </trkpt>
      <trkpt lat="23.06567" lon="113.269694">
        <time>2026-06-20T00:21:48Z</time>
      </trkpt>
      <trkpt lat="23.065703" lon="113.269596">
        <time>2026-06-20T00:21:53Z</time>
      </trkpt>
      <trkpt lat="23.065737" lon="113.269439">
        <time>2026-06-20T00:21:58Z</time>
      </trkpt>
      <trkpt lat="23.065752" lon="113.269337">
        <time>2026-06-20T00:22:03Z</time>
      </trkpt>
      <trkpt lat="23.06578" lon="113.269183">
        <time>2026-06-20T00:22:08Z</time>
      </trkpt>
      <trkpt lat="23.065812" lon="113.269085">
        <time>2026-06-20T00:22:13Z</time>
      </trkpt>
      <trkpt lat="23.065873" lon="113.268941">
        <time>2026-06-20T00:22:18Z</time>
      </trkpt>
      <trkpt lat="23.065906" lon="113.268849">
        <time>2026-06-20T00:22:23Z</time>
      </trkpt>
      <trkpt lat="23.065959" lon="113.268714">
        <time>2026-06-20T00:22:28Z</time>
      </trkpt>
      <trkpt lat="23.066009" lon="113.268627">
        <time>2026-06-20T00:22:33Z</time>
      </trkpt>
      <trkpt lat="23.066086" lon="113.268508">
        <time>2026-06-20T00:22:38Z</time>
      </trkpt>
      <trkpt lat="23.066135" lon="113.268432">
        <time>2026-06-20T00:22:43Z</time>
      </trkpt>
      <trkpt lat="23.066216" lon="113.268322">
        <time>2026-06-20T00:22:48Z</time>
      </trkpt>
      <trkpt lat="23.066266" lon="113.268255">
        <time>2026-06-20T00:22:53Z</time>
      </trkpt>
      <trkpt lat="23.066372" lon="113.268162">
        <time>2026-06-20T00:22:58Z</time>
      </trkpt>
      <trkpt lat="23.066461" lon="113.268128">
        <time>2026-06-20T00:23:03Z</time>
      </trkpt>
      <trkpt lat="23.066588" lon="113.268133">
        <time>2026-06-20T00:23:08Z</time>
      </trkpt>
      <trkpt lat="23.066669" lon="113.268154">
        <time>2026-06-20T00:23:13Z</time>
      </trkpt>
      <trkpt lat="23.066799" lon="113.268171">
        <time>2026-06-20T00:23:18Z</time>
      </trkpt>
      <trkpt lat="23.066879" lon="113.268157">
        <time>2026-06-20T00:23:23Z</time>
      </trkpt>
      <trkpt lat="23.066997" lon="113.268189">
        <time>2026-06-20T00:23:28Z</time>
      </trkpt>
      <trkpt lat="23.067069" lon="113.268229">
        <time>2026-06-20T00:23:33Z</time>
      </trkpt>
      <trkpt lat="23.067184" lon="113.26829">
        <time>2026-06-20T00:23:38Z</time>
      </trkpt>
      <trkpt lat="23.067264" lon="113.26833">
        <time>2026-06-20T00:23:43Z</time>
      </trkpt>
      <trkpt lat="23.067372" lon="113.26839">
        <time>2026-06-20T00:23:48Z</time>
      </trkpt>
      <trkpt lat="23.067447" lon="113.268439">
        <time>2026-06-20T00:23:53Z</time>
      </trkpt>
      <trkpt lat="23.06756" lon="113.268516">
        <time>2026-06-20T00:23:58Z</time>
      </trkpt>
      <trkpt lat="23.067637" lon="113.26856">
        <time>2026-06-20T00:24:03Z</time>
      </trkpt>
      <trkpt lat="23.067761" lon="113.268611">
        <time>2026-06-20T00:24:08Z</time>
      </trkpt>
      <trkpt lat="23.067843" lon="113.268643">
        <time>2026-06-20T00:24:13Z</time>
      </trkpt>
      <trkpt lat="23.067964" lon="113.268713">
        <time>2026-06-20T00:24:18Z</time>
      </trkpt>
      <trkpt lat="23.068043" lon="113.268753">
        <time>2026-06-20T00:24:23Z</time>
      </trkpt>
      <trkpt lat="23.06815" lon="113.26879">
        <time>2026-06-20T00:24:28Z</time>
      </trkpt>
      <trkpt lat="23.068226" lon="113.26881">
        <time>2026-06-20T00:24:33Z</time>
      </trkpt>
      <trkpt lat="23.068346" lon="113.268864">
        <time>2026-06-20T00:24:38Z</time>
      </trkpt>
      <trkpt lat="23.068425" lon="113.268902">
        <time>2026-06-20T00:24:43Z</time>
      </trkpt>
      <trkpt lat="23.068552" lon="113.268963">
        <time>2026-06-20T00:24:48Z</time>
      </trkpt>
      <trkpt lat="23.068632" lon="113.269005">
        <time>2026-06-20T00:24:53Z</time>
      </trkpt>
      <trkpt lat="23.068744" lon="113.26908">
        <time>2026-06-20T00:24:58Z</time>
      </trkpt>
      <trkpt lat="23.06884" lon="113.269129">
        <time>2026-06-20T00:25:03Z</time>
      </trkpt>
      <trkpt lat="23.068982" lon="113.269167">
        <time>2026-06-20T00:25:08Z</time>
      </trkpt>
      <trkpt lat="23.069071" lon="113.269194">
        <time>2026-06-20T00:25:13Z</time>
      </trkpt>
      <trkpt lat="23.06918" lon="113.269254">
        <time>2026-06-20T00:25:18Z</time>
      </trkpt>
      <trkpt lat="23.069246" lon="113.269301">
        <time>2026-06-20T00:25:23Z</time>
      </trkpt>
      <trkpt lat="23.069322" lon="113.26932">
        <time>2026-06-20T00:25:28Z</time>
      </trkpt>
      <trkpt lat="23.069267" lon="113.269257">
        <time>2026-06-20T00:25:33Z</time>
      </trkpt>
      <trkpt lat="23.069133" lon="113.269194">
        <time>2026-06-20T00:25:38Z</time>
      </trkpt>
      <trkpt lat="23.069049" lon="113.269167">
        <time>2026-06-20T00:25:43Z</time>
      </trkpt>
      <trkpt lat="23.068934" lon="113.26912">
        <time>2026-06-20T00:25:48Z</time>
      </trkpt>
      <trkpt lat="23.068862" lon="113.269085">
        <time>2026-06-20T00:25:53Z</time>
      </trkpt>
      <trkpt lat="23.068745" lon="113.269028">
        <time>2026-06-20T00:25:58Z</time>
      </trkpt>
      <trkpt lat="23.068661" lon="113.268999">
        <time>2026-06-20T00:26:03Z</time>
      </trkpt>
      <trkpt lat="23.068538" lon="113.268951">
        <time>2026-06-20T00:26:08Z</time>
      </trkpt>
      <trkpt lat="23.068458" lon="113.26893">
        <time>2026-06-20T00:26:13Z</time>
      </trkpt>
      <trkpt lat="23.068344" lon="113.268865">
        <time>2026-06-20T00:26:18Z</time>
      </trkpt>
      <trkpt lat="23.068271" lon="113.268811">
        <time>2026-06-20T00:26:23Z</time>
      </trkpt>
      <trkpt lat="23.068161" lon="113.268742">
        <time>2026-06-20T00:26:28Z</time>
      </trkpt>
      <trkpt lat="23.068067" lon="113.268684">
        <time>2026-06-20T00:26:33Z</time>
      </trkpt>
      <trkpt lat="23.067911" lon="113.268571">
        <time>2026-06-20T00:26:36Z</time>
      </trkpt>
    </trkseg>
  </trk>
</gpx>