<?xml version="1.0" encoding="UTF-8"?>
<gpx xmlns="http://www.topografix.com/GPX/1/1" xmlns:gpxtpx="http://www.garmin.com/xmlschemas/TrackPointExtension/v1" xmlns:xsi="http://www.w3.org/2001/XMLSchema-instance" xsi:schemaLocation="http://www.topografix.com/GPX/1/1 http://www.topografix.com/GPX/1/1/gpx.xsd" version="1.1" creator="gpx.py -- https://github.com/tkrajina/gpxpy">
  <trk>
    <name>gpx from joyrun</name>
    <trkseg>
      <trkpt lat="23.076189" lon="113.273036">
        <time>2026-06-26T22:43:28Z</time>
      </trkpt>
      <trkpt lat="23.076193" lon="113.272946">
        <time>2026-06-26T22:43:33Z</time>
      </trkpt>
      <trkpt lat="23.076041" lon="113.272794">
        <time>2026-06-26T22:43:38Z</time>
      </trkpt>
      <trkpt lat="23.075871" lon="113.272713">
        <time>2026-06-26T22:43:43Z</time>
      </trkpt>
      <trkpt lat="23.075721" lon="113.272655">
        <time>2026-06-26T22:43:48Z</time>
      </trkpt>
      <trkpt lat="23.075593" lon="113.272567">
        <time>2026-06-26T22:43:53Z</time>
      </trkpt>
      <trkpt lat="23.075511" lon="113.272507">
        <time>2026-06-26T22:43:58Z</time>
      </trkpt>
      <trkpt lat="23.075426" lon="113.27245">
        <time>2026-06-26T22:44:03Z</time>
      </trkpt>
      <trkpt lat="23.075282" lon="113.272378">
        <time>2026-06-26T22:44:08Z</time>
      </trkpt>
      <trkpt lat="23.07515" lon="113.272309">
        <time>2026-06-26T22:44:13Z</time>
      </trkpt>
      <trkpt lat="23.075069" lon="113.27225">
        <time>2026-06-26T22:44:18Z</time>
      </trkpt>
      <trkpt lat="23.074991" lon="113.272184">
        <time>2026-06-26T22:44:23Z</time>
      </trkpt>
      <trkpt lat="23.074888" lon="113.272104">
        <time>2026-06-26T22:44:28Z</time>
      </trkpt>
      <trkpt lat="23.074784" lon="113.272082">
        <time>2026-06-26T22:44:33Z</time>
      </trkpt>
      <trkpt lat="23.074681" lon="113.272054">
        <time>2026-06-26T22:44:38Z</time>
      </trkpt>
      <trkpt lat="23.074566" lon="113.27202">
        <time>2026-06-26T22:44:43Z</time>
      </trkpt>
      <trkpt lat="23.074434" lon="113.272022">
        <time>2026-06-26T22:44:48Z</time>
      </trkpt>
      <trkpt lat="23.074327" lon="113.272124">
        <time>2026-06-26T22:44:53Z</time>
      </trkpt>
      <trkpt lat="23.074284" lon="113.272232">
        <time>2026-06-26T22:44:58Z</time>
      </trkpt>
      <trkpt lat="23.074246" lon="113.272347">
        <time>2026-06-26T22:45:03Z</time>
      </trkpt>
      <trkpt lat="23.074191" lon="113.272524">
        <time>2026-06-26T22:45:08Z</time>
      </trkpt>
      <trkpt lat="23.074129" lon="113.272701">
        <time>2026-06-26T22:45:13Z</time>
      </trkpt>
      <trkpt lat="23.074079" lon="113.272805">
        <time>2026-06-26T22:45:18Z</time>
      </trkpt>
      <trkpt lat="23.074017" lon="113.272897">
        <time>2026-06-26T22:45:23Z</time>
      </trkpt>
      <trkpt lat="23.073886" lon="113.272959">
        <time>2026-06-26T22:45:28Z</time>
      </trkpt>
      <trkpt lat="23.073743" lon="113.272901">
        <time>2026-06-26T22:45:33Z</time>
      </trkpt>
      <trkpt lat="23.073708" lon="113.272825">
        <time>2026-06-26T22:45:38Z</time>
      </trkpt>
      <trkpt lat="23.073741" lon="113.272745">
        <time>2026-06-26T22:45:43Z</time>
      </trkpt>
      <trkpt lat="23.073813" lon="113.272623">
        <time>2026-06-26T22:45:48Z</time>
      </trkpt>
      <trkpt lat="23.073874" lon="113.272499">
        <time>2026-06-26T22:45:53Z</time>
      </trkpt>
      <trkpt lat="23.073918" lon="113.272424">
        <time>2026-06-26T22:45:58Z</time>
      </trkpt>
      <trkpt lat="23.073968" lon="113.272342">
        <time>2026-06-26T22:46:03Z</time>
      </trkpt>
      <trkpt lat="23.074036" lon="113.272216">
        <time>2026-06-26T22:46:08Z</time>
      </trkpt>
      <trkpt lat="23.074096" lon="113.272084">
        <time>2026-06-26T22:46:13Z</time>
      </trkpt>
      <trkpt lat="23.074129" lon="113.272">
        <time>2026-06-26T22:46:18Z</time>
      </trkpt>
      <trkpt lat="23.074156" lon="113.271918">
        <time>2026-06-26T22:46:23Z</time>
      </trkpt>
      <trkpt lat="23.074151" lon="113.271797">
        <time>2026-06-26T22:46:28Z</time>
      </trkpt>
      <trkpt lat="23.07403" lon="113.271709">
        <time>2026-06-26T22:46:33Z</time>
      </trkpt>
      <trkpt lat="23.073949" lon="113.271655">
        <time>2026-06-26T22:46:38Z</time>
      </trkpt>
      <trkpt lat="23.073864" lon="113.271604">
        <time>2026-06-26T22:46:43Z</time>
      </trkpt>
      <trkpt lat="23.073736" lon="113.271533">
        <time>2026-06-26T22:46:48Z</time>
      </trkpt>
      <trkpt lat="23.073598" lon="113.271479">
        <time>2026-06-26T22:46:53Z</time>
      </trkpt>
      <trkpt lat="23.0735" lon="113.27145">
        <time>2026-06-26T22:46:58Z</time>
      </trkpt>
      <trkpt lat="23.073406" lon="113.271415">
        <time>2026-06-26T22:47:03Z</time>
      </trkpt>
      <trkpt lat="23.073281" lon="113.271301">
        <time>2026-06-26T22:47:08Z</time>
      </trkpt>
      <trkpt lat="23.073163" lon="113.27121">
        <time>2026-06-26T22:47:13Z</time>
      </trkpt>
      <trkpt lat="23.073072" lon="113.271163">
        <time>2026-06-26T22:47:18Z</time>
      </trkpt>
      <trkpt lat="23.072981" lon="113.27111">
        <time>2026-06-26T22:47:23Z</time>
      </trkpt>
      <trkpt lat="23.072842" lon="113.271036">
        <time>2026-06-26T22:47:28Z</time>
      </trkpt>
      <trkpt lat="23.072686" lon="113.270957">
        <time>2026-06-26T22:47:33Z</time>
      </trkpt>
      <trkpt lat="23.072586" lon="113.270901">
        <time>2026-06-26T22:47:38Z</time>
      </trkpt>
      <trkpt lat="23.072484" lon="113.270856">
        <time>2026-06-26T22:47:43Z</time>
      </trkpt>
      <trkpt lat="23.072337" lon="113.270789">
        <time>2026-06-26T22:47:48Z</time>
      </trkpt>
      <trkpt lat="23.072191" lon="113.270697">
        <time>2026-06-26T22:47:53Z</time>
      </trkpt>
      <trkpt lat="23.072096" lon="113.270656">
        <time>2026-06-26T22:47:58Z</time>
      </trkpt>
      <trkpt lat="23.071999" lon="113.270616">
        <time>2026-06-26T22:48:03Z</time>
      </trkpt>
      <trkpt lat="23.071851" lon="113.270533">
        <time>2026-06-26T22:48:08Z</time>
      </trkpt>
      <trkpt lat="23.071708" lon="113.27044">
        <time>2026-06-26T22:48:13Z</time>
      </trkpt>
      <trkpt lat="23.071611" lon="113.270387">
        <time>2026-06-26T22:48:18Z</time>
      </trkpt>
      <trkpt lat="23.071517" lon="113.270323">
        <time>2026-06-26T22:48:23Z</time>
      </trkpt>
      <trkpt lat="23.071374" lon="113.27026">
        <time>2026-06-26T22:48:28Z</time>
      </trkpt>
      <trkpt lat="23.071237" lon="113.270213">
        <time>2026-06-26T22:48:33Z</time>
      </trkpt>
      <trkpt lat="23.071146" lon="113.270185">
        <time>2026-06-26T22:48:38Z</time>
      </trkpt>
      <trkpt lat="23.071069" lon="113.27013">
        <time>2026-06-26T22:48:43Z</time>
      </trkpt>
      <trkpt lat="23.070939" lon="113.270059">
        <time>2026-06-26T22:48:48Z</time>
      </trkpt>
      <trkpt lat="23.070769" lon="113.269958">
        <time>2026-06-26T22:48:53Z</time>
      </trkpt>
      <trkpt lat="23.070671" lon="113.269912">
        <time>2026-06-26T22:48:58Z</time>
      </trkpt>
      <trkpt lat="23.070569" lon="113.269894">
        <time>2026-06-26T22:49:03Z</time>
      </trkpt>
      <trkpt lat="23.070415" lon="113.269842">
        <time>2026-06-26T22:49:08Z</time>
      </trkpt>
      <trkpt lat="23.070268" lon="113.269795">
        <time>2026-06-26T22:49:13Z</time>
      </trkpt>
      <trkpt lat="23.070172" lon="113.269759">
        <time>2026-06-26T22:49:18Z</time>
      </trkpt>
      <trkpt lat="23.070082" lon="113.269707">
        <time>2026-06-26T22:49:23Z</time>
      </trkpt>
      <trkpt lat="23.069954" lon="113.269622">
        <time>2026-06-26T22:49:28Z</time>
      </trkpt>
      <trkpt lat="23.069819" lon="113.269552">
        <time>2026-06-26T22:49:33Z</time>
      </trkpt>
      <trkpt lat="23.069727" lon="113.269504">
        <time>2026-06-26T22:49:38Z</time>
      </trkpt>
      <trkpt lat="23.06963" lon="113.269457">
        <time>2026-06-26T22:49:43Z</time>
      </trkpt>
      <trkpt lat="23.069496" lon="113.269386">
        <time>2026-06-26T22:49:48Z</time>
      </trkpt>
      <trkpt lat="23.069363" lon="113.269292">
        <time>2026-06-26T22:49:53Z</time>
      </trkpt>
      <trkpt lat="23.069264" lon="113.269226">
        <time>2026-06-26T22:49:58Z</time>
      </trkpt>
      <trkpt lat="23.069162" lon="113.269187">
        <time>2026-06-26T22:50:03Z</time>
      </trkpt>
      <trkpt lat="23.069023" lon="113.269145">
        <time>2026-06-26T22:50:08Z</time>
      </trkpt>
      <trkpt lat="23.068882" lon="113.269079">
        <time>2026-06-26T22:50:13Z</time>
      </trkpt>
      <trkpt lat="23.068788" lon="113.269043">
        <time>2026-06-26T22:50:18Z</time>
      </trkpt>
      <trkpt lat="23.068689" lon="113.268999">
        <time>2026-06-26T22:50:23Z</time>
      </trkpt>
      <trkpt lat="23.068526" lon="113.268952">
        <time>2026-06-26T22:50:28Z</time>
      </trkpt>
      <trkpt lat="23.068388" lon="113.268892">
        <time>2026-06-26T22:50:33Z</time>
      </trkpt>
      <trkpt lat="23.068306" lon="113.268841">
        <time>2026-06-26T22:50:38Z</time>
      </trkpt>
      <trkpt lat="23.068236" lon="113.268791">
        <time>2026-06-26T22:50:43Z</time>
      </trkpt>
      <trkpt lat="23.068122" lon="113.268731">
        <time>2026-06-26T22:50:48Z</time>
      </trkpt>
      <trkpt lat="23.067982" lon="113.268615">
        <time>2026-06-26T22:50:53Z</time>
      </trkpt>
      <trkpt lat="23.067889" lon="113.268536">
        <time>2026-06-26T22:50:58Z</time>
      </trkpt>
      <trkpt lat="23.067792" lon="113.268481">
        <time>2026-06-26T22:51:03Z</time>
      </trkpt>
      <trkpt lat="23.067639" lon="113.268434">
        <time>2026-06-26T22:51:08Z</time>
      </trkpt>
      <trkpt lat="23.067502" lon="113.26837">
        <time>2026-06-26T22:51:13Z</time>
      </trkpt>
      <trkpt lat="23.067406" lon="113.268333">
        <time>2026-06-26T22:51:18Z</time>
      </trkpt>
      <trkpt lat="23.06731" lon="113.268298">
        <time>2026-06-26T22:51:23Z</time>
      </trkpt>
      <trkpt lat="23.067174" lon="113.268237">
        <time>2026-06-26T22:51:28Z</time>
      </trkpt>
      <trkpt lat="23.067032" lon="113.268169">
        <time>2026-06-26T22:51:33Z</time>
      </trkpt>
      <trkpt lat="23.066923" lon="113.268129">
        <time>2026-06-26T22:51:38Z</time>
      </trkpt>
      <trkpt lat="23.066822" lon="113.268125">
        <time>2026-06-26T22:51:43Z</time>
      </trkpt>
      <trkpt lat="23.066662" lon="113.268134">
        <time>2026-06-26T22:51:48Z</time>
      </trkpt>
      <trkpt lat="23.066505" lon="113.268118">
        <time>2026-06-26T22:51:53Z</time>
      </trkpt>
      <trkpt lat="23.066411" lon="113.268134">
        <time>2026-06-26T22:51:58Z</time>
      </trkpt>
      <trkpt lat="23.066332" lon="113.268194">
        <time>2026-06-26T22:52:03Z</time>
      </trkpt>
      <trkpt lat="23.066234" lon="113.268321">
        <time>2026-06-26T22:52:08Z</time>
      </trkpt>
      <trkpt lat="23.066139" lon="113.268454">
        <time>2026-06-26T22:52:13Z</time>
      </trkpt>
      <trkpt lat="23.066081" lon="113.268547">
        <time>2026-06-26T22:52:18Z</time>
      </trkpt>
      <trkpt lat="23.066026" lon="113.26864">
        <time>2026-06-26T22:52:23Z</time>
      </trkpt>
      <trkpt lat="23.065945" lon="113.268783">
        <time>2026-06-26T22:52:28Z</time>
      </trkpt>
      <trkpt lat="23.065878" lon="113.268932">
        <time>2026-06-26T22:52:33Z</time>
      </trkpt>
      <trkpt lat="23.065839" lon="113.269034">
        <time>2026-06-26T22:52:38Z</time>
      </trkpt>
      <trkpt lat="23.065808" lon="113.269136">
        <time>2026-06-26T22:52:43Z</time>
      </trkpt>
      <trkpt lat="23.065767" lon="113.269291">
        <time>2026-06-26T22:52:48Z</time>
      </trkpt>
      <trkpt lat="23.065732" lon="113.269453">
        <time>2026-06-26T22:52:53Z</time>
      </trkpt>
      <trkpt lat="23.065718" lon="113.269566">
        <time>2026-06-26T22:52:58Z</time>
      </trkpt>
      <trkpt lat="23.065705" lon="113.269683">
        <time>2026-06-26T22:53:03Z</time>
      </trkpt>
      <trkpt lat="23.065671" lon="113.269847">
        <time>2026-06-26T22:53:08Z</time>
      </trkpt>
      <trkpt lat="23.065626" lon="113.269999">
        <time>2026-06-26T22:53:13Z</time>
      </trkpt>
      <trkpt lat="23.065588" lon="113.270102">
        <time>2026-06-26T22:53:18Z</time>
      </trkpt>
      <trkpt lat="23.065546" lon="113.270208">
        <time>2026-06-26T22:53:23Z</time>
      </trkpt>
      <trkpt lat="23.065467" lon="113.270371">
        <time>2026-06-26T22:53:28Z</time>
      </trkpt>
      <trkpt lat="23.065391" lon="113.27053">
        <time>2026-06-26T22:53:33Z</time>
      </trkpt>
      <trkpt lat="23.065345" lon="113.270636">
        <time>2026-06-26T22:53:38Z</time>
      </trkpt>
      <trkpt lat="23.065296" lon="113.27074">
        <time>2026-06-26T22:53:43Z</time>
      </trkpt>
      <trkpt lat="23.065246" lon="113.270904">
        <time>2026-06-26T22:53:48Z</time>
      </trkpt>
      <trkpt lat="23.06518" lon="113.271052">
        <time>2026-06-26T22:53:53Z</time>
      </trkpt>
      <trkpt lat="23.065126" lon="113.271143">
        <time>2026-06-26T22:53:58Z</time>
      </trkpt>
      <trkpt lat="23.065078" lon="113.271239">
        <time>2026-06-26T22:54:03Z</time>
      </trkpt>
      <trkpt lat="23.065009" lon="113.271377">
        <time>2026-06-26T22:54:08Z</time>
      </trkpt>
      <trkpt lat="23.064941" lon="113.27152">
        <time>2026-06-26T22:54:13Z</time>
      </trkpt>
      <trkpt lat="23.06489" lon="113.271628">
        <time>2026-06-26T22:54:18Z</time>
      </trkpt>
      <trkpt lat="23.06484" lon="113.271729">
        <time>2026-06-26T22:54:23Z</time>
      </trkpt>
      <trkpt lat="23.064778" lon="113.271865">
        <time>2026-06-26T22:54:28Z</time>
      </trkpt>
      <trkpt lat="23.064713" lon="113.271999">
        <time>2026-06-26T22:54:33Z</time>
      </trkpt>
      <trkpt lat="23.064672" lon="113.27209">
        <time>2026-06-26T22:54:38Z</time>
      </trkpt>
      <trkpt lat="23.064632" lon="113.272197">
        <time>2026-06-26T22:54:43Z</time>
      </trkpt>
      <trkpt lat="23.064592" lon="113.272369">
        <time>2026-06-26T22:54:48Z</time>
      </trkpt>
      <trkpt lat="23.064513" lon="113.272517">
        <time>2026-06-26T22:54:53Z</time>
      </trkpt>
      <trkpt lat="23.064464" lon="113.272602">
        <time>2026-06-26T22:54:58Z</time>
      </trkpt>
      <trkpt lat="23.064463" lon="113.272699">
        <time>2026-06-26T22:55:03Z</time>
      </trkpt>
      <trkpt lat="23.064507" lon="113.272836">
        <time>2026-06-26T22:55:08Z</time>
      </trkpt>
      <trkpt lat="23.06454" lon="113.272879">
        <time>2026-06-26T22:55:13Z</time>
      </trkpt>
      <trkpt lat="23.064536" lon="113.272888">
        <time>2026-06-26T22:55:18Z</time>
      </trkpt>
      <trkpt lat="23.064545" lon="113.272966">
        <time>2026-06-26T22:55:23Z</time>
      </trkpt>
      <trkpt lat="23.06453" lon="113.273056">
        <time>2026-06-26T22:55:28Z</time>
      </trkpt>
      <trkpt lat="23.064451" lon="113.273216">
        <time>2026-06-26T22:55:33Z</time>
      </trkpt>
      <trkpt lat="23.064365" lon="113.273354">
        <time>2026-06-26T22:55:38Z</time>
      </trkpt>
      <trkpt lat="23.064278" lon="113.273425">
        <time>2026-06-26T22:55:43Z</time>
      </trkpt>
      <trkpt lat="23.064193" lon="113.273492">
        <time>2026-06-26T22:55:48Z</time>
      </trkpt>
      <trkpt lat="23.064063" lon="113.273585">
        <time>2026-06-26T22:55:53Z</time>
      </trkpt>
      <trkpt lat="23.063945" lon="113.273696">
        <time>2026-06-26T22:55:58Z</time>
      </trkpt>
      <trkpt lat="23.063883" lon="113.27378">
        <time>2026-06-26T22:56:03Z</time>
      </trkpt>
      <trkpt lat="23.063832" lon="113.273873">
        <time>2026-06-26T22:56:08Z</time>
      </trkpt>
      <trkpt lat="23.063753" lon="113.274014">
        <time>2026-06-26T22:56:13Z</time>
      </trkpt>
      <trkpt lat="23.063653" lon="113.274105">
        <time>2026-06-26T22:56:18Z</time>
      </trkpt>
      <trkpt lat="23.063578" lon="113.274117">
        <time>2026-06-26T22:56:23Z</time>
      </trkpt>
      <trkpt lat="23.063489" lon="113.274089">
        <time>2026-06-26T22:56:28Z</time>
      </trkpt>
      <trkpt lat="23.06338" lon="113.274192">
        <time>2026-06-26T22:56:33Z</time>
      </trkpt>
      <trkpt lat="23.06329" lon="113.274356">
        <time>2026-06-26T22:56:38Z</time>
      </trkpt>
      <trkpt lat="23.063259" lon="113.274474">
        <time>2026-06-26T22:56:43Z</time>
      </trkpt>
      <trkpt lat="23.063229" lon="113.274592">
        <time>2026-06-26T22:56:48Z</time>
      </trkpt>
      <trkpt lat="23.063173" lon="113.274759">
        <time>2026-06-26T22:56:53Z</time>
      </trkpt>
      <trkpt lat="23.063118" lon="113.274923">
        <time>2026-06-26T22:56:58Z</time>
      </trkpt>
      <trkpt lat="23.063085" lon="113.27503">
        <time>2026-06-26T22:57:03Z</time>
      </trkpt>
      <trkpt lat="23.063055" lon="113.275136">
        <time>2026-06-26T22:57:08Z</time>
      </trkpt>
      <trkpt lat="23.062943" lon="113.275243">
        <time>2026-06-26T22:57:13Z</time>
      </trkpt>
      <trkpt lat="23.062932" lon="113.2754">
        <time>2026-06-26T22:57:18Z</time>
      </trkpt>
      <trkpt lat="23.062939" lon="113.275507">
        <time>2026-06-26T22:57:23Z</time>
      </trkpt>
      <trkpt lat="23.062892" lon="113.275598">
        <time>2026-06-26T22:57:28Z</time>
      </trkpt>
      <trkpt lat="23.062773" lon="113.275711">
        <time>2026-06-26T22:57:33Z</time>
      </trkpt>
      <trkpt lat="23.062656" lon="113.27583">
        <time>2026-06-26T22:57:38Z</time>
      </trkpt>
      <trkpt lat="23.062589" lon="113.275914">
        <time>2026-06-26T22:57:43Z</time>
      </trkpt>
      <trkpt lat="23.062531" lon="113.276005">
        <time>2026-06-26T22:57:48Z</time>
      </trkpt>
      <trkpt lat="23.062451" lon="113.276147">
        <time>2026-06-26T22:57:53Z</time>
      </trkpt>
      <trkpt lat="23.062389" lon="113.276298">
        <time>2026-06-26T22:57:58Z</time>
      </trkpt>
      <trkpt lat="23.062353" lon="113.276395">
        <time>2026-06-26T22:58:03Z</time>
      </trkpt>
      <trkpt lat="23.062318" lon="113.276494">
        <time>2026-06-26T22:58:08Z</time>
      </trkpt>
      <trkpt lat="23.062261" lon="113.27665">
        <time>2026-06-26T22:58:13Z</time>
      </trkpt>
      <trkpt lat="23.062221" lon="113.276804">
        <time>2026-06-26T22:58:18Z</time>
      </trkpt>
      <trkpt lat="23.062186" lon="113.276904">
        <time>2026-06-26T22:58:23Z</time>
      </trkpt>
      <trkpt lat="23.062153" lon="113.277005">
        <time>2026-06-26T22:58:28Z</time>
      </trkpt>
      <trkpt lat="23.062101" lon="113.277172">
        <time>2026-06-26T22:58:33Z</time>
      </trkpt>
      <trkpt lat="23.062033" lon="113.277341">
        <time>2026-06-26T22:58:38Z</time>
      </trkpt>
      <trkpt lat="23.061979" lon="113.277449">
        <time>2026-06-26T22:58:43Z</time>
      </trkpt>
      <trkpt lat="23.061946" lon="113.277549">
        <time>2026-06-26T22:58:48Z</time>
      </trkpt>
      <trkpt lat="23.061898" lon="113.277701">
        <time>2026-06-26T22:58:53Z</time>
      </trkpt>
      <trkpt lat="23.061869" lon="113.277863">
        <time>2026-06-26T22:58:58Z</time>
      </trkpt>
      <trkpt lat="23.06187" lon="113.277972">
        <time>2026-06-26T22:59:03Z</time>
      </trkpt>
      <trkpt lat="23.061876" lon="113.278078">
        <time>2026-06-26T22:59:08Z</time>
      </trkpt>
      <trkpt lat="23.061882" lon="113.278238">
        <time>2026-06-26T22:59:13Z</time>
      </trkpt>
      <trkpt lat="23.061886" lon="113.278403">
        <time>2026-06-26T22:59:18Z</time>
      </trkpt>
      <trkpt lat="23.061892" lon="113.278516">
        <time>2026-06-26T22:59:23Z</time>
      </trkpt>
      <trkpt lat="23.061895" lon="113.278628">
        <time>2026-06-26T22:59:28Z</time>
      </trkpt>
      <trkpt lat="23.061858" lon="113.278786">
        <time>2026-06-26T22:59:33Z</time>
      </trkpt>
      <trkpt lat="23.061784" lon="113.278929">
        <time>2026-06-26T22:59:38Z</time>
      </trkpt>
      <trkpt lat="23.061728" lon="113.279027">
        <time>2026-06-26T22:59:43Z</time>
      </trkpt>
      <trkpt lat="23.061673" lon="113.279124">
        <time>2026-06-26T22:59:48Z</time>
      </trkpt>
      <trkpt lat="23.061606" lon="113.279268">
        <time>2026-06-26T22:59:53Z</time>
      </trkpt>
      <trkpt lat="23.061541" lon="113.279412">
        <time>2026-06-26T22:59:58Z</time>
      </trkpt>
      <trkpt lat="23.061497" lon="113.279514">
        <time>2026-06-26T23:00:03Z</time>
      </trkpt>
      <trkpt lat="23.061458" lon="113.279619">
        <time>2026-06-26T23:00:08Z</time>
      </trkpt>
      <trkpt lat="23.061397" lon="113.279782">
        <time>2026-06-26T23:00:13Z</time>
      </trkpt>
      <trkpt lat="23.061333" lon="113.279939">
        <time>2026-06-26T23:00:18Z</time>
      </trkpt>
      <trkpt lat="23.061287" lon="113.280046">
        <time>2026-06-26T23:00:23Z</time>
      </trkpt>
      <trkpt lat="23.061241" lon="113.280154">
        <time>2026-06-26T23:00:28Z</time>
      </trkpt>
      <trkpt lat="23.061172" lon="113.280318">
        <time>2026-06-26T23:00:33Z</time>
      </trkpt>
      <trkpt lat="23.061105" lon="113.28048">
        <time>2026-06-26T23:00:38Z</time>
      </trkpt>
      <trkpt lat="23.061054" lon="113.280587">
        <time>2026-06-26T23:00:43Z</time>
      </trkpt>
      <trkpt lat="23.061004" lon="113.280693">
        <time>2026-06-26T23:00:48Z</time>
      </trkpt>
      <trkpt lat="23.060936" lon="113.280849">
        <time>2026-06-26T23:00:53Z</time>
      </trkpt>
      <trkpt lat="23.060865" lon="113.281008">
        <time>2026-06-26T23:00:58Z</time>
      </trkpt>
      <trkpt lat="23.060819" lon="113.281112">
        <time>2026-06-26T23:01:03Z</time>
      </trkpt>
      <trkpt lat="23.060776" lon="113.28122">
        <time>2026-06-26T23:01:08Z</time>
      </trkpt>
      <trkpt lat="23.060711" lon="113.281377">
        <time>2026-06-26T23:01:13Z</time>
      </trkpt>
      <trkpt lat="23.060644" lon="113.281527">
        <time>2026-06-26T23:01:18Z</time>
      </trkpt>
      <trkpt lat="23.060598" lon="113.281631">
        <time>2026-06-26T23:01:23Z</time>
      </trkpt>
      <trkpt lat="23.06055" lon="113.281734">
        <time>2026-06-26T23:01:28Z</time>
      </trkpt>
      <trkpt lat="23.060484" lon="113.281881">
        <time>2026-06-26T23:01:33Z</time>
      </trkpt>
      <trkpt lat="23.060426" lon="113.282031">
        <time>2026-06-26T23:01:38Z</time>
      </trkpt>
      <trkpt lat="23.060385" lon="113.282133">
        <time>2026-06-26T23:01:43Z</time>
      </trkpt>
      <trkpt lat="23.060343" lon="113.28224">
        <time>2026-06-26T23:01:48Z</time>
      </trkpt>
      <trkpt lat="23.060271" lon="113.282389">
        <time>2026-06-26T23:01:53Z</time>
      </trkpt>
      <trkpt lat="23.06021" lon="113.282533">
        <time>2026-06-26T23:01:58Z</time>
      </trkpt>
      <trkpt lat="23.060168" lon="113.282627">
        <time>2026-06-26T23:02:03Z</time>
      </trkpt>
      <trkpt lat="23.060129" lon="113.282722">
        <time>2026-06-26T23:02:08Z</time>
      </trkpt>
      <trkpt lat="23.060072" lon="113.282861">
        <time>2026-06-26T23:02:13Z</time>
      </trkpt>
      <trkpt lat="23.060018" lon="113.283001">
        <time>2026-06-26T23:02:18Z</time>
      </trkpt>
      <trkpt lat="23.059981" lon="113.283093">
        <time>2026-06-26T23:02:23Z</time>
      </trkpt>
      <trkpt lat="23.059941" lon="113.283185">
        <time>2026-06-26T23:02:28Z</time>
      </trkpt>
      <trkpt lat="23.059871" lon="113.283331">
        <time>2026-06-26T23:02:33Z</time>
      </trkpt>
      <trkpt lat="23.059801" lon="113.283481">
        <time>2026-06-26T23:02:38Z</time>
      </trkpt>
      <trkpt lat="23.059761" lon="113.283584">
        <time>2026-06-26T23:02:43Z</time>
      </trkpt>
      <trkpt lat="23.059719" lon="113.283687">
        <time>2026-06-26T23:02:48Z</time>
      </trkpt>
      <trkpt lat="23.05965" lon="113.283839">
        <time>2026-06-26T23:02:53Z</time>
      </trkpt>
      <trkpt lat="23.059584" lon="113.283991">
        <time>2026-06-26T23:02:58Z</time>
      </trkpt>
      <trkpt lat="23.059541" lon="113.284093">
        <time>2026-06-26T23:03:03Z</time>
      </trkpt>
      <trkpt lat="23.059498" lon="113.284191">
        <time>2026-06-26T23:03:08Z</time>
      </trkpt>
      <trkpt lat="23.059435" lon="113.284337">
        <time>2026-06-26T23:03:13Z</time>
      </trkpt>
      <trkpt lat="23.059378" lon="113.284484">
        <time>2026-06-26T23:03:18Z</time>
      </trkpt>
      <trkpt lat="23.059331" lon="113.284585">
        <time>2026-06-26T23:03:23Z</time>
      </trkpt>
      <trkpt lat="23.05928" lon="113.284686">
        <time>2026-06-26T23:03:28Z</time>
      </trkpt>
      <trkpt lat="23.059221" lon="113.284835">
        <time>2026-06-26T23:03:33Z</time>
      </trkpt>
      <trkpt lat="23.059163" lon="113.284978">
        <time>2026-06-26T23:03:38Z</time>
      </trkpt>
      <trkpt lat="23.059129" lon="113.285079">
        <time>2026-06-26T23:03:43Z</time>
      </trkpt>
      <trkpt lat="23.059093" lon="113.285178">
        <time>2026-06-26T23:03:48Z</time>
      </trkpt>
      <trkpt lat="23.059035" lon="113.285323">
        <time>2026-06-26T23:03:53Z</time>
      </trkpt>
      <trkpt lat="23.058961" lon="113.285473">
        <time>2026-06-26T23:03:58Z</time>
      </trkpt>
      <trkpt lat="23.058918" lon="113.285571">
        <time>2026-06-26T23:04:03Z</time>
      </trkpt>
      <trkpt lat="23.05887" lon="113.285671">
        <time>2026-06-26T23:04:08Z</time>
      </trkpt>
      <trkpt lat="23.058799" lon="113.285822">
        <time>2026-06-26T23:04:13Z</time>
      </trkpt>
      <trkpt lat="23.05873" lon="113.285974">
        <time>2026-06-26T23:04:18Z</time>
      </trkpt>
      <trkpt lat="23.058706" lon="113.286072">
        <time>2026-06-26T23:04:23Z</time>
      </trkpt>
      <trkpt lat="23.058765" lon="113.286143">
        <time>2026-06-26T23:04:28Z</time>
      </trkpt>
      <trkpt lat="23.058914" lon="113.286212">
        <time>2026-06-26T23:04:33Z</time>
      </trkpt>
      <trkpt lat="23.059066" lon="113.286236">
        <time>2026-06-26T23:04:38Z</time>
      </trkpt>
      <trkpt lat="23.059152" lon="113.286296">
        <time>2026-06-26T23:04:43Z</time>
      </trkpt>
      <trkpt lat="23.059247" lon="113.286336">
        <time>2026-06-26T23:04:48Z</time>
      </trkpt>
      <trkpt lat="23.0594" lon="113.28636">
        <time>2026-06-26T23:04:53Z</time>
      </trkpt>
      <trkpt lat="23.059545" lon="113.286386">
        <time>2026-06-26T23:04:58Z</time>
      </trkpt>
      <trkpt lat="23.059643" lon="113.286397">
        <time>2026-06-26T23:05:03Z</time>
      </trkpt>
      <trkpt lat="23.059739" lon="113.28641">
        <time>2026-06-26T23:05:08Z</time>
      </trkpt>
      <trkpt lat="23.059881" lon="113.286412">
        <time>2026-06-26T23:05:13Z</time>
      </trkpt>
      <trkpt lat="23.060025" lon="113.286418">
        <time>2026-06-26T23:05:18Z</time>
      </trkpt>
      <trkpt lat="23.060125" lon="113.286432">
        <time>2026-06-26T23:05:23Z</time>
      </trkpt>
      <trkpt lat="23.060228" lon="113.286437">
        <time>2026-06-26T23:05:28Z</time>
      </trkpt>
      <trkpt lat="23.060377" lon="113.286438">
        <time>2026-06-26T23:05:33Z</time>
      </trkpt>
      <trkpt lat="23.060492" lon="113.286396">
        <time>2026-06-26T23:05:38Z</time>
      </trkpt>
      <trkpt lat="23.060513" lon="113.286292">
        <time>2026-06-26T23:05:43Z</time>
      </trkpt>
      <trkpt lat="23.06053" lon="113.286165">
        <time>2026-06-26T23:05:48Z</time>
      </trkpt>
      <trkpt lat="23.060551" lon="113.285975">
        <time>2026-06-26T23:05:53Z</time>
      </trkpt>
      <trkpt lat="23.06057" lon="113.285807">
        <time>2026-06-26T23:05:58Z</time>
      </trkpt>
      <trkpt lat="23.060578" lon="113.285698">
        <time>2026-06-26T23:06:03Z</time>
      </trkpt>
      <trkpt lat="23.060587" lon="113.285586">
        <time>2026-06-26T23:06:08Z</time>
      </trkpt>
      <trkpt lat="23.060601" lon="113.285411">
        <time>2026-06-26T23:06:13Z</time>
      </trkpt>
      <trkpt lat="23.060621" lon="113.285227">
        <time>2026-06-26T23:06:18Z</time>
      </trkpt>
      <trkpt lat="23.060632" lon="113.28512">
        <time>2026-06-26T23:06:23Z</time>
      </trkpt>
      <trkpt lat="23.060645" lon="113.285019">
        <time>2026-06-26T23:06:28Z</time>
      </trkpt>
      <trkpt lat="23.060661" lon="113.284846">
        <time>2026-06-26T23:06:33Z</time>
      </trkpt>
      <trkpt lat="23.060664" lon="113.284672">
        <time>2026-06-26T23:06:38Z</time>
      </trkpt>
      <trkpt lat="23.060667" lon="113.284563">
        <time>2026-06-26T23:06:43Z</time>
      </trkpt>
      <trkpt lat="23.060672" lon="113.284455">
        <time>2026-06-26T23:06:48Z</time>
      </trkpt>
      <trkpt lat="23.060671" lon="113.284287">
        <time>2026-06-26T23:06:53Z</time>
      </trkpt>
      <trkpt lat="23.060658" lon="113.284125">
        <time>2026-06-26T23:06:58Z</time>
      </trkpt>
      <trkpt lat="23.060654" lon="113.284025">
        <time>2026-06-26T23:07:03Z</time>
      </trkpt>
      <trkpt lat="23.060674" lon="113.283928">
        <time>2026-06-26T23:07:08Z</time>
      </trkpt>
      <trkpt lat="23.060669" lon="113.283761">
        <time>2026-06-26T23:07:13Z</time>
      </trkpt>
      <trkpt lat="23.060542" lon="113.283681">
        <time>2026-06-26T23:07:18Z</time>
      </trkpt>
      <trkpt lat="23.06044" lon="113.283668">
        <time>2026-06-26T23:07:23Z</time>
      </trkpt>
      <trkpt lat="23.060336" lon="113.283672">
        <time>2026-06-26T23:07:28Z</time>
      </trkpt>
      <trkpt lat="23.060188" lon="113.283642">
        <time>2026-06-26T23:07:33Z</time>
      </trkpt>
      <trkpt lat="23.060011" lon="113.283567">
        <time>2026-06-26T23:07:38Z</time>
      </trkpt>
      <trkpt lat="23.059922" lon="113.283504">
        <time>2026-06-26T23:07:43Z</time>
      </trkpt>
      <trkpt lat="23.059899" lon="113.283409">
        <time>2026-06-26T23:07:48Z</time>
      </trkpt>
      <trkpt lat="23.059968" lon="113.283267">
        <time>2026-06-26T23:07:53Z</time>
      </trkpt>
      <trkpt lat="23.060041" lon="113.283134">
        <time>2026-06-26T23:07:58Z</time>
      </trkpt>
      <trkpt lat="23.060097" lon="113.283054">
        <time>2026-06-26T23:08:03Z</time>
      </trkpt>
      <trkpt lat="23.060146" lon="113.282972">
        <time>2026-06-26T23:08:08Z</time>
      </trkpt>
      <trkpt lat="23.060208" lon="113.282831">
        <time>2026-06-26T23:08:13Z</time>
      </trkpt>
      <trkpt lat="23.060269" lon="113.282688">
        <time>2026-06-26T23:08:18Z</time>
      </trkpt>
      <trkpt lat="23.060305" lon="113.282595">
        <time>2026-06-26T23:08:23Z</time>
      </trkpt>
      <trkpt lat="23.060345" lon="113.282503">
        <time>2026-06-26T23:08:28Z</time>
      </trkpt>
      <trkpt lat="23.060408" lon="113.282357">
        <time>2026-06-26T23:08:33Z</time>
      </trkpt>
      <trkpt lat="23.06046" lon="113.282213">
        <time>2026-06-26T23:08:38Z</time>
      </trkpt>
      <trkpt lat="23.060496" lon="113.282123">
        <time>2026-06-26T23:08:43Z</time>
      </trkpt>
      <trkpt lat="23.060532" lon="113.282027">
        <time>2026-06-26T23:08:48Z</time>
      </trkpt>
      <trkpt lat="23.060585" lon="113.281877">
        <time>2026-06-26T23:08:53Z</time>
      </trkpt>
      <trkpt lat="23.060652" lon="113.281718">
        <time>2026-06-26T23:08:58Z</time>
      </trkpt>
      <trkpt lat="23.0607" lon="113.281617">
        <time>2026-06-26T23:09:03Z</time>
      </trkpt>
      <trkpt lat="23.060746" lon="113.281518">
        <time>2026-06-26T23:09:08Z</time>
      </trkpt>
      <trkpt lat="23.060823" lon="113.281374">
        <time>2026-06-26T23:09:13Z</time>
      </trkpt>
      <trkpt lat="23.060898" lon="113.281229">
        <time>2026-06-26T23:09:18Z</time>
      </trkpt>
      <trkpt lat="23.06094" lon="113.281138">
        <time>2026-06-26T23:09:23Z</time>
      </trkpt>
      <trkpt lat="23.060981" lon="113.28105">
        <time>2026-06-26T23:09:28Z</time>
      </trkpt>
      <trkpt lat="23.061046" lon="113.280912">
        <time>2026-06-26T23:09:33Z</time>
      </trkpt>
      <trkpt lat="23.061111" lon="113.28076">
        <time>2026-06-26T23:09:38Z</time>
      </trkpt>
      <trkpt lat="23.06116" lon="113.280651">
        <time>2026-06-26T23:09:43Z</time>
      </trkpt>
      <trkpt lat="23.061212" lon="113.280546">
        <time>2026-06-26T23:09:48Z</time>
      </trkpt>
      <trkpt lat="23.061287" lon="113.280393">
        <time>2026-06-26T23:09:53Z</time>
      </trkpt>
      <trkpt lat="23.061351" lon="113.280245">
        <time>2026-06-26T23:09:58Z</time>
      </trkpt>
      <trkpt lat="23.061399" lon="113.280153">
        <time>2026-06-26T23:10:03Z</time>
      </trkpt>
      <trkpt lat="23.061437" lon="113.280059">
        <time>2026-06-26T23:10:08Z</time>
      </trkpt>
      <trkpt lat="23.061489" lon="113.279903">
        <time>2026-06-26T23:10:13Z</time>
      </trkpt>
      <trkpt lat="23.06154" lon="113.279745">
        <time>2026-06-26T23:10:18Z</time>
      </trkpt>
      <trkpt lat="23.061574" lon="113.279648">
        <time>2026-06-26T23:10:23Z</time>
      </trkpt>
      <trkpt lat="23.061609" lon="113.279555">
        <time>2026-06-26T23:10:28Z</time>
      </trkpt>
      <trkpt lat="23.061661" lon="113.279414">
        <time>2026-06-26T23:10:33Z</time>
      </trkpt>
      <trkpt lat="23.061719" lon="113.279274">
        <time>2026-06-26T23:10:38Z</time>
      </trkpt>
      <trkpt lat="23.061758" lon="113.279177">
        <time>2026-06-26T23:10:43Z</time>
      </trkpt>
      <trkpt lat="23.061809" lon="113.279088">
        <time>2026-06-26T23:10:48Z</time>
      </trkpt>
      <trkpt lat="23.061895" lon="113.27896">
        <time>2026-06-26T23:10:53Z</time>
      </trkpt>
      <trkpt lat="23.061977" lon="113.278818">
        <time>2026-06-26T23:10:58Z</time>
      </trkpt>
      <trkpt lat="23.062" lon="113.278709">
        <time>2026-06-26T23:11:03Z</time>
      </trkpt>
      <trkpt lat="23.062002" lon="113.278601">
        <time>2026-06-26T23:11:08Z</time>
      </trkpt>
      <trkpt lat="23.06199" lon="113.278438">
        <time>2026-06-26T23:11:13Z</time>
      </trkpt>
      <trkpt lat="23.061979" lon="113.278269">
        <time>2026-06-26T23:11:18Z</time>
      </trkpt>
      <trkpt lat="23.061974" lon="113.278157">
        <time>2026-06-26T23:11:23Z</time>
      </trkpt>
      <trkpt lat="23.061968" lon="113.278048">
        <time>2026-06-26T23:11:28Z</time>
      </trkpt>
      <trkpt lat="23.061964" lon="113.277881">
        <time>2026-06-26T23:11:33Z</time>
      </trkpt>
      <trkpt lat="23.061989" lon="113.277717">
        <time>2026-06-26T23:11:38Z</time>
      </trkpt>
      <trkpt lat="23.062025" lon="113.277612">
        <time>2026-06-26T23:11:43Z</time>
      </trkpt>
      <trkpt lat="23.062066" lon="113.277508">
        <time>2026-06-26T23:11:48Z</time>
      </trkpt>
      <trkpt lat="23.062124" lon="113.277353">
        <time>2026-06-26T23:11:53Z</time>
      </trkpt>
      <trkpt lat="23.062178" lon="113.2772">
        <time>2026-06-26T23:11:58Z</time>
      </trkpt>
      <trkpt lat="23.062214" lon="113.277099">
        <time>2026-06-26T23:12:03Z</time>
      </trkpt>
      <trkpt lat="23.062252" lon="113.276997">
        <time>2026-06-26T23:12:08Z</time>
      </trkpt>
      <trkpt lat="23.062302" lon="113.276838">
        <time>2026-06-26T23:12:13Z</time>
      </trkpt>
      <trkpt lat="23.062352" lon="113.276684">
        <time>2026-06-26T23:12:18Z</time>
      </trkpt>
      <trkpt lat="23.062391" lon="113.276584">
        <time>2026-06-26T23:12:23Z</time>
      </trkpt>
      <trkpt lat="23.062432" lon="113.276481">
        <time>2026-06-26T23:12:28Z</time>
      </trkpt>
      <trkpt lat="23.062491" lon="113.27633">
        <time>2026-06-26T23:12:33Z</time>
      </trkpt>
      <trkpt lat="23.062552" lon="113.276188">
        <time>2026-06-26T23:12:38Z</time>
      </trkpt>
      <trkpt lat="23.062599" lon="113.276099">
        <time>2026-06-26T23:12:43Z</time>
      </trkpt>
      <trkpt lat="23.062652" lon="113.276013">
        <time>2026-06-26T23:12:48Z</time>
      </trkpt>
      <trkpt lat="23.062743" lon="113.275892">
        <time>2026-06-26T23:12:53Z</time>
      </trkpt>
      <trkpt lat="23.062849" lon="113.27578">
        <time>2026-06-26T23:12:58Z</time>
      </trkpt>
      <trkpt lat="23.062926" lon="113.275709">
        <time>2026-06-26T23:13:03Z</time>
      </trkpt>
      <trkpt lat="23.062999" lon="113.275631">
        <time>2026-06-26T23:13:08Z</time>
      </trkpt>
      <trkpt lat="23.063097" lon="113.2755">
        <time>2026-06-26T23:13:13Z</time>
      </trkpt>
      <trkpt lat="23.063176" lon="113.27536">
        <time>2026-06-26T23:13:18Z</time>
      </trkpt>
      <trkpt lat="23.063228" lon="113.27527">
        <time>2026-06-26T23:13:23Z</time>
      </trkpt>
      <trkpt lat="23.063288" lon="113.275176">
        <time>2026-06-26T23:13:28Z</time>
      </trkpt>
      <trkpt lat="23.063368" lon="113.275026">
        <time>2026-06-26T23:13:33Z</time>
      </trkpt>
      <trkpt lat="23.063418" lon="113.274878">
        <time>2026-06-26T23:13:38Z</time>
      </trkpt>
      <trkpt lat="23.063449" lon="113.274787">
        <time>2026-06-26T23:13:43Z</time>
      </trkpt>
      <trkpt lat="23.063482" lon="113.274695">
        <time>2026-06-26T23:13:48Z</time>
      </trkpt>
      <trkpt lat="23.063522" lon="113.274557">
        <time>2026-06-26T23:13:53Z</time>
      </trkpt>
      <trkpt lat="23.063574" lon="113.274427">
        <time>2026-06-26T23:13:58Z</time>
      </trkpt>
      <trkpt lat="23.063623" lon="113.274341">
        <time>2026-06-26T23:14:03Z</time>
      </trkpt>
      <trkpt lat="23.063688" lon="113.274255">
        <time>2026-06-26T23:14:08Z</time>
      </trkpt>
      <trkpt lat="23.063809" lon="113.274145">
        <time>2026-06-26T23:14:13Z</time>
      </trkpt>
      <trkpt lat="23.063897" lon="113.27401">
        <time>2026-06-26T23:14:18Z</time>
      </trkpt>
      <trkpt lat="23.063946" lon="113.273913">
        <time>2026-06-26T23:14:23Z</time>
      </trkpt>
      <trkpt lat="23.063999" lon="113.27382">
        <time>2026-06-26T23:14:28Z</time>
      </trkpt>
      <trkpt lat="23.064104" lon="113.273694">
        <time>2026-06-26T23:14:33Z</time>
      </trkpt>
      <trkpt lat="23.064233" lon="113.273592">
        <time>2026-06-26T23:14:38Z</time>
      </trkpt>
      <trkpt lat="23.064317" lon="113.27353">
        <time>2026-06-26T23:14:43Z</time>
      </trkpt>
      <trkpt lat="23.064398" lon="113.27347">
        <time>2026-06-26T23:14:48Z</time>
      </trkpt>
      <trkpt lat="23.064513" lon="113.273375">
        <time>2026-06-26T23:14:53Z</time>
      </trkpt>
      <trkpt lat="23.06459" lon="113.273244">
        <time>2026-06-26T23:14:58Z</time>
      </trkpt>
      <trkpt lat="23.064595" lon="113.273139">
        <time>2026-06-26T23:15:03Z</time>
      </trkpt>
      <trkpt lat="23.064572" lon="113.273031">
        <time>2026-06-26T23:15:08Z</time>
      </trkpt>
      <trkpt lat="23.064517" lon="113.27288">
        <time>2026-06-26T23:15:13Z</time>
      </trkpt>
      <trkpt lat="23.064472" lon="113.272723">
        <time>2026-06-26T23:15:18Z</time>
      </trkpt>
      <trkpt lat="23.064458" lon="113.272613">
        <time>2026-06-26T23:15:23Z</time>
      </trkpt>
      <trkpt lat="23.06447" lon="113.272506">
        <time>2026-06-26T23:15:28Z</time>
      </trkpt>
      <trkpt lat="23.064532" lon="113.272354">
        <time>2026-06-26T23:15:33Z</time>
      </trkpt>
      <trkpt lat="23.064591" lon="113.2722">
        <time>2026-06-26T23:15:38Z</time>
      </trkpt>
      <trkpt lat="23.064635" lon="113.272101">
        <time>2026-06-26T23:15:43Z</time>
      </trkpt>
      <trkpt lat="23.064685" lon="113.272008">
        <time>2026-06-26T23:15:48Z</time>
      </trkpt>
      <trkpt lat="23.064754" lon="113.27187">
        <time>2026-06-26T23:15:53Z</time>
      </trkpt>
      <trkpt lat="23.064813" lon="113.271721">
        <time>2026-06-26T23:15:58Z</time>
      </trkpt>
      <trkpt lat="23.06486" lon="113.271623">
        <time>2026-06-26T23:16:03Z</time>
      </trkpt>
      <trkpt lat="23.064908" lon="113.271522">
        <time>2026-06-26T23:16:08Z</time>
      </trkpt>
      <trkpt lat="23.064966" lon="113.271366">
        <time>2026-06-26T23:16:13Z</time>
      </trkpt>
      <trkpt lat="23.065024" lon="113.271211">
        <time>2026-06-26T23:16:18Z</time>
      </trkpt>
      <trkpt lat="23.065085" lon="113.271118">
        <time>2026-06-26T23:16:23Z</time>
      </trkpt>
      <trkpt lat="23.065138" lon="113.271021">
        <time>2026-06-26T23:16:28Z</time>
      </trkpt>
      <trkpt lat="23.065203" lon="113.270865">
        <time>2026-06-26T23:16:33Z</time>
      </trkpt>
      <trkpt lat="23.065268" lon="113.270715">
        <time>2026-06-26T23:16:38Z</time>
      </trkpt>
      <trkpt lat="23.065313" lon="113.270623">
        <time>2026-06-26T23:16:43Z</time>
      </trkpt>
      <trkpt lat="23.065359" lon="113.270533">
        <time>2026-06-26T23:16:48Z</time>
      </trkpt>
      <trkpt lat="23.065424" lon="113.270397">
        <time>2026-06-26T23:16:53Z</time>
      </trkpt>
      <trkpt lat="23.065491" lon="113.270259">
        <time>2026-06-26T23:16:58Z</time>
      </trkpt>
      <trkpt lat="23.065527" lon="113.270161">
        <time>2026-06-26T23:17:03Z</time>
      </trkpt>
      <trkpt lat="23.06556" lon="113.270063">
        <time>2026-06-26T23:17:08Z</time>
      </trkpt>
      <trkpt lat="23.065612" lon="113.269913">
        <time>2026-06-26T23:17:13Z</time>
      </trkpt>
      <trkpt lat="23.065656" lon="113.269757">
        <time>2026-06-26T23:17:18Z</time>
      </trkpt>
      <trkpt lat="23.065685" lon="113.269648">
        <time>2026-06-26T23:17:23Z</time>
      </trkpt>
      <trkpt lat="23.065715" lon="113.269539">
        <time>2026-06-26T23:17:28Z</time>
      </trkpt>
      <trkpt lat="23.065757" lon="113.269379">
        <time>2026-06-26T23:17:33Z</time>
      </trkpt>
      <trkpt lat="23.065801" lon="113.26922">
        <time>2026-06-26T23:17:38Z</time>
      </trkpt>
      <trkpt lat="23.065828" lon="113.269116">
        <time>2026-06-26T23:17:43Z</time>
      </trkpt>
      <trkpt lat="23.065866" lon="113.269014">
        <time>2026-06-26T23:17:48Z</time>
      </trkpt>
      <trkpt lat="23.065933" lon="113.268867">
        <time>2026-06-26T23:17:53Z</time>
      </trkpt>
      <trkpt lat="23.065999" lon="113.268719">
        <time>2026-06-26T23:17:58Z</time>
      </trkpt>
      <trkpt lat="23.06605" lon="113.268623">
        <time>2026-06-26T23:18:03Z</time>
      </trkpt>
      <trkpt lat="23.066111" lon="113.268532">
        <time>2026-06-26T23:18:08Z</time>
      </trkpt>
      <trkpt lat="23.066205" lon="113.268399">
        <time>2026-06-26T23:18:13Z</time>
      </trkpt>
      <trkpt lat="23.066305" lon="113.268271">
        <time>2026-06-26T23:18:18Z</time>
      </trkpt>
      <trkpt lat="23.066385" lon="113.268194">
        <time>2026-06-26T23:18:23Z</time>
      </trkpt>
      <trkpt lat="23.066477" lon="113.268144">
        <time>2026-06-26T23:18:28Z</time>
      </trkpt>
      <trkpt lat="23.066628" lon="113.268148">
        <time>2026-06-26T23:18:33Z</time>
      </trkpt>
      <trkpt lat="23.066784" lon="113.268161">
        <time>2026-06-26T23:18:38Z</time>
      </trkpt>
      <trkpt lat="23.066888" lon="113.268163">
        <time>2026-06-26T23:18:43Z</time>
      </trkpt>
      <trkpt lat="23.066988" lon="113.268187">
        <time>2026-06-26T23:18:48Z</time>
      </trkpt>
      <trkpt lat="23.067119" lon="113.268257">
        <time>2026-06-26T23:18:53Z</time>
      </trkpt>
      <trkpt lat="23.067238" lon="113.268331">
        <time>2026-06-26T23:18:58Z</time>
      </trkpt>
      <trkpt lat="23.067319" lon="113.268378">
        <time>2026-06-26T23:19:03Z</time>
      </trkpt>
      <trkpt lat="23.067403" lon="113.268423">
        <time>2026-06-26T23:19:08Z</time>
      </trkpt>
      <trkpt lat="23.06755" lon="113.268488">
        <time>2026-06-26T23:19:13Z</time>
      </trkpt>
      <trkpt lat="23.067708" lon="113.268568">
        <time>2026-06-26T23:19:18Z</time>
      </trkpt>
      <trkpt lat="23.067802" lon="113.268623">
        <time>2026-06-26T23:19:23Z</time>
      </trkpt>
      <trkpt lat="23.067879" lon="113.268626">
        <time>2026-06-26T23:19:28Z</time>
      </trkpt>
      <trkpt lat="23.067814" lon="113.268497">
        <time>2026-06-26T23:19:33Z</time>
      </trkpt>
      <trkpt lat="23.06767" lon="113.268406">
        <time>2026-06-26T23:19:38Z</time>
      </trkpt>
      <trkpt lat="23.067573" lon="113.268355">
        <time>2026-06-26T23:19:43Z</time>
      </trkpt>
      <trkpt lat="23.067475" lon="113.268303">
        <time>2026-06-26T23:19:48Z</time>
      </trkpt>
      <trkpt lat="23.067326" lon="113.268235">
        <time>2026-06-26T23:19:53Z</time>
      </trkpt>
      <trkpt lat="23.067199" lon="113.268183">
        <time>2026-06-26T23:19:58Z</time>
      </trkpt>
      <trkpt lat="23.067116" lon="113.268144">
        <time>2026-06-26T23:20:03Z</time>
      </trkpt>
      <trkpt lat="23.067025" lon="113.268095">
        <time>2026-06-26T23:20:08Z</time>
      </trkpt>
      <trkpt lat="23.066869" lon="113.268028">
        <time>2026-06-26T23:20:13Z</time>
      </trkpt>
      <trkpt lat="23.066711" lon="113.26801">
        <time>2026-06-26T23:20:18Z</time>
      </trkpt>
      <trkpt lat="23.066615" lon="113.267988">
        <time>2026-06-26T23:20:23Z</time>
      </trkpt>
      <trkpt lat="23.066519" lon="113.267953">
        <time>2026-06-26T23:20:28Z</time>
      </trkpt>
      <trkpt lat="23.066371" lon="113.267936">
        <time>2026-06-26T23:20:33Z</time>
      </trkpt>
      <trkpt lat="23.066231" lon="113.267993">
        <time>2026-06-26T23:20:38Z</time>
      </trkpt>
      <trkpt lat="23.06616" lon="113.268065">
        <time>2026-06-26T23:20:43Z</time>
      </trkpt>
      <trkpt lat="23.066093" lon="113.268148">
        <time>2026-06-26T23:20:48Z</time>
      </trkpt>
      <trkpt lat="23.065996" lon="113.268278">
        <time>2026-06-26T23:20:53Z</time>
      </trkpt>
      <trkpt lat="23.065901" lon="113.268404">
        <time>2026-06-26T23:20:58Z</time>
      </trkpt>
      <trkpt lat="23.065842" lon="113.268492">
        <time>2026-06-26T23:21:03Z</time>
      </trkpt>
      <trkpt lat="23.065793" lon="113.268588">
        <time>2026-06-26T23:21:08Z</time>
      </trkpt>
      <trkpt lat="23.065725" lon="113.268734">
        <time>2026-06-26T23:21:13Z</time>
      </trkpt>
      <trkpt lat="23.065666" lon="113.268883">
        <time>2026-06-26T23:21:18Z</time>
      </trkpt>
      <trkpt lat="23.065637" lon="113.268984">
        <time>2026-06-26T23:21:23Z</time>
      </trkpt>
      <trkpt lat="23.065607" lon="113.269087">
        <time>2026-06-26T23:21:28Z</time>
      </trkpt>
      <trkpt lat="23.065563" lon="113.269239">
        <time>2026-06-26T23:21:33Z</time>
      </trkpt>
      <trkpt lat="23.065518" lon="113.26939">
        <time>2026-06-26T23:21:38Z</time>
      </trkpt>
      <trkpt lat="23.065493" lon="113.269495">
        <time>2026-06-26T23:21:43Z</time>
      </trkpt>
      <trkpt lat="23.065468" lon="113.269604">
        <time>2026-06-26T23:21:48Z</time>
      </trkpt>
      <trkpt lat="23.065428" lon="113.269762">
        <time>2026-06-26T23:21:53Z</time>
      </trkpt>
      <trkpt lat="23.065377" lon="113.269921">
        <time>2026-06-26T23:21:58Z</time>
      </trkpt>
      <trkpt lat="23.065339" lon="113.270027">
        <time>2026-06-26T23:22:03Z</time>
      </trkpt>
      <trkpt lat="23.065295" lon="113.27013">
        <time>2026-06-26T23:22:08Z</time>
      </trkpt>
      <trkpt lat="23.06523" lon="113.270284">
        <time>2026-06-26T23:22:13Z</time>
      </trkpt>
      <trkpt lat="23.065168" lon="113.270426">
        <time>2026-06-26T23:22:18Z</time>
      </trkpt>
      <trkpt lat="23.065125" lon="113.270519">
        <time>2026-06-26T23:22:23Z</time>
      </trkpt>
      <trkpt lat="23.06508" lon="113.270611">
        <time>2026-06-26T23:22:28Z</time>
      </trkpt>
      <trkpt lat="23.065015" lon="113.270752">
        <time>2026-06-26T23:22:33Z</time>
      </trkpt>
      <trkpt lat="23.06495" lon="113.270893">
        <time>2026-06-26T23:22:38Z</time>
      </trkpt>
      <trkpt lat="23.064909" lon="113.270986">
        <time>2026-06-26T23:22:43Z</time>
      </trkpt>
      <trkpt lat="23.064868" lon="113.271079">
        <time>2026-06-26T23:22:48Z</time>
      </trkpt>
      <trkpt lat="23.064796" lon="113.27122">
        <time>2026-06-26T23:22:53Z</time>
      </trkpt>
      <trkpt lat="23.064729" lon="113.271366">
        <time>2026-06-26T23:22:58Z</time>
      </trkpt>
      <trkpt lat="23.064681" lon="113.271463">
        <time>2026-06-26T23:23:03Z</time>
      </trkpt>
      <trkpt lat="23.064629" lon="113.271556">
        <time>2026-06-26T23:23:08Z</time>
      </trkpt>
      <trkpt lat="23.064559" lon="113.2717">
        <time>2026-06-26T23:23:13Z</time>
      </trkpt>
      <trkpt lat="23.064496" lon="113.271848">
        <time>2026-06-26T23:23:18Z</time>
      </trkpt>
      <trkpt lat="23.06445" lon="113.271949">
        <time>2026-06-26T23:23:23Z</time>
      </trkpt>
      <trkpt lat="23.064404" lon="113.272054">
        <time>2026-06-26T23:23:28Z</time>
      </trkpt>
      <trkpt lat="23.06434" lon="113.272212">
        <time>2026-06-26T23:23:33Z</time>
      </trkpt>
      <trkpt lat="23.064326" lon="113.272374">
        <time>2026-06-26T23:23:38Z</time>
      </trkpt>
      <trkpt lat="23.064334" lon="113.272481">
        <time>2026-06-26T23:23:43Z</time>
      </trkpt>
      <trkpt lat="23.06433" lon="113.272587">
        <time>2026-06-26T23:23:48Z</time>
      </trkpt>
      <trkpt lat="23.064359" lon="113.27275">
        <time>2026-06-26T23:23:53Z</time>
      </trkpt>
      <trkpt lat="23.064416" lon="113.272905">
        <time>2026-06-26T23:23:58Z</time>
      </trkpt>
      <trkpt lat="23.064449" lon="113.273005">
        <time>2026-06-26T23:24:03Z</time>
      </trkpt>
      <trkpt lat="23.064474" lon="113.273103">
        <time>2026-06-26T23:24:08Z</time>
      </trkpt>
      <trkpt lat="23.064461" lon="113.273249">
        <time>2026-06-26T23:24:13Z</time>
      </trkpt>
      <trkpt lat="23.064369" lon="113.273367">
        <time>2026-06-26T23:24:18Z</time>
      </trkpt>
      <trkpt lat="23.064287" lon="113.273428">
        <time>2026-06-26T23:24:23Z</time>
      </trkpt>
      <trkpt lat="23.064205" lon="113.273487">
        <time>2026-06-26T23:24:28Z</time>
      </trkpt>
      <trkpt lat="23.064087" lon="113.273578">
        <time>2026-06-26T23:24:33Z</time>
      </trkpt>
      <trkpt lat="23.063973" lon="113.273677">
        <time>2026-06-26T23:24:38Z</time>
      </trkpt>
      <trkpt lat="23.063907" lon="113.273753">
        <time>2026-06-26T23:24:43Z</time>
      </trkpt>
      <trkpt lat="23.063853" lon="113.273838">
        <time>2026-06-26T23:24:48Z</time>
      </trkpt>
      <trkpt lat="23.063775" lon="113.273969">
        <time>2026-06-26T23:24:53Z</time>
      </trkpt>
      <trkpt lat="23.063686" lon="113.274083">
        <time>2026-06-26T23:24:58Z</time>
      </trkpt>
      <trkpt lat="23.063614" lon="113.274135">
        <time>2026-06-26T23:25:03Z</time>
      </trkpt>
      <trkpt lat="23.063548" lon="113.274205">
        <time>2026-06-26T23:25:08Z</time>
      </trkpt>
      <trkpt lat="23.063481" lon="113.274355">
        <time>2026-06-26T23:25:13Z</time>
      </trkpt>
      <trkpt lat="23.063441" lon="113.274505">
        <time>2026-06-26T23:25:18Z</time>
      </trkpt>
      <trkpt lat="23.063414" lon="113.274605">
        <time>2026-06-26T23:25:23Z</time>
      </trkpt>
      <trkpt lat="23.063371" lon="113.27471">
        <time>2026-06-26T23:25:28Z</time>
      </trkpt>
      <trkpt lat="23.06331" lon="113.274861">
        <time>2026-06-26T23:25:33Z</time>
      </trkpt>
      <trkpt lat="23.063259" lon="113.27501">
        <time>2026-06-26T23:25:38Z</time>
      </trkpt>
      <trkpt lat="23.063212" lon="113.275105">
        <time>2026-06-26T23:25:43Z</time>
      </trkpt>
      <trkpt lat="23.063159" lon="113.275199">
        <time>2026-06-26T23:25:48Z</time>
      </trkpt>
      <trkpt lat="23.063078" lon="113.275335">
        <time>2026-06-26T23:25:53Z</time>
      </trkpt>
      <trkpt lat="23.063006" lon="113.275466">
        <time>2026-06-26T23:25:58Z</time>
      </trkpt>
      <trkpt lat="23.062941" lon="113.27555">
        <time>2026-06-26T23:26:03Z</time>
      </trkpt>
      <trkpt lat="23.062866" lon="113.275629">
        <time>2026-06-26T23:26:08Z</time>
      </trkpt>
      <trkpt lat="23.06275" lon="113.27574">
        <time>2026-06-26T23:26:13Z</time>
      </trkpt>
      <trkpt lat="23.062642" lon="113.275858">
        <time>2026-06-26T23:26:18Z</time>
      </trkpt>
      <trkpt lat="23.062577" lon="113.275941">
        <time>2026-06-26T23:26:23Z</time>
      </trkpt>
      <trkpt lat="23.062518" lon="113.276027">
        <time>2026-06-26T23:26:28Z</time>
      </trkpt>
      <trkpt lat="23.062447" lon="113.276167">
        <time>2026-06-26T23:26:33Z</time>
      </trkpt>
      <trkpt lat="23.062389" lon="113.276314">
        <time>2026-06-26T23:26:38Z</time>
      </trkpt>
      <trkpt lat="23.062355" lon="113.276414">
        <time>2026-06-26T23:26:43Z</time>
      </trkpt>
      <trkpt lat="23.062316" lon="113.276521">
        <time>2026-06-26T23:26:48Z</time>
      </trkpt>
      <trkpt lat="23.062258" lon="113.276679">
        <time>2026-06-26T23:26:53Z</time>
      </trkpt>
      <trkpt lat="23.062206" lon="113.276828">
        <time>2026-06-26T23:26:58Z</time>
      </trkpt>
      <trkpt lat="23.062172" lon="113.276927">
        <time>2026-06-26T23:27:03Z</time>
      </trkpt>
      <trkpt lat="23.062137" lon="113.277028">
        <time>2026-06-26T23:27:08Z</time>
      </trkpt>
      <trkpt lat="23.062086" lon="113.277183">
        <time>2026-06-26T23:27:13Z</time>
      </trkpt>
      <trkpt lat="23.062025" lon="113.277333">
        <time>2026-06-26T23:27:18Z</time>
      </trkpt>
      <trkpt lat="23.061984" lon="113.277434">
        <time>2026-06-26T23:27:23Z</time>
      </trkpt>
      <trkpt lat="23.061946" lon="113.277531">
        <time>2026-06-26T23:27:28Z</time>
      </trkpt>
      <trkpt lat="23.061892" lon="113.27768">
        <time>2026-06-26T23:27:33Z</time>
      </trkpt>
      <trkpt lat="23.061863" lon="113.277836">
        <time>2026-06-26T23:27:38Z</time>
      </trkpt>
      <trkpt lat="23.061858" lon="113.277943">
        <time>2026-06-26T23:27:43Z</time>
      </trkpt>
      <trkpt lat="23.061862" lon="113.278043">
        <time>2026-06-26T23:27:48Z</time>
      </trkpt>
      <trkpt lat="23.061866" lon="113.278188">
        <time>2026-06-26T23:27:53Z</time>
      </trkpt>
      <trkpt lat="23.061868" lon="113.278334">
        <time>2026-06-26T23:27:58Z</time>
      </trkpt>
      <trkpt lat="23.06187" lon="113.278438">
        <time>2026-06-26T23:28:03Z</time>
      </trkpt>
      <trkpt lat="23.061879" lon="113.278544">
        <time>2026-06-26T23:28:08Z</time>
      </trkpt>
      <trkpt lat="23.061873" lon="113.278705">
        <time>2026-06-26T23:28:13Z</time>
      </trkpt>
      <trkpt lat="23.06181" lon="113.278849">
        <time>2026-06-26T23:28:18Z</time>
      </trkpt>
      <trkpt lat="23.061758" lon="113.27894">
        <time>2026-06-26T23:28:23Z</time>
      </trkpt>
      <trkpt lat="23.061705" lon="113.279029">
        <time>2026-06-26T23:28:28Z</time>
      </trkpt>
      <trkpt lat="23.061631" lon="113.279168">
        <time>2026-06-26T23:28:33Z</time>
      </trkpt>
      <trkpt lat="23.061569" lon="113.279319">
        <time>2026-06-26T23:28:38Z</time>
      </trkpt>
      <trkpt lat="23.061533" lon="113.27942">
        <time>2026-06-26T23:28:43Z</time>
      </trkpt>
      <trkpt lat="23.061493" lon="113.279525">
        <time>2026-06-26T23:28:48Z</time>
      </trkpt>
      <trkpt lat="23.061425" lon="113.279681">
        <time>2026-06-26T23:28:53Z</time>
      </trkpt>
      <trkpt lat="23.061361" lon="113.279837">
        <time>2026-06-26T23:28:58Z</time>
      </trkpt>
      <trkpt lat="23.06132" lon="113.279942">
        <time>2026-06-26T23:29:03Z</time>
      </trkpt>
      <trkpt lat="23.061275" lon="113.280047">
        <time>2026-06-26T23:29:08Z</time>
      </trkpt>
      <trkpt lat="23.061203" lon="113.280198">
        <time>2026-06-26T23:29:13Z</time>
      </trkpt>
      <trkpt lat="23.061142" lon="113.280359">
        <time>2026-06-26T23:29:18Z</time>
      </trkpt>
      <trkpt lat="23.061101" lon="113.280472">
        <time>2026-06-26T23:29:23Z</time>
      </trkpt>
      <trkpt lat="23.061052" lon="113.280578">
        <time>2026-06-26T23:29:28Z</time>
      </trkpt>
      <trkpt lat="23.060978" lon="113.280724">
        <time>2026-06-26T23:29:33Z</time>
      </trkpt>
      <trkpt lat="23.060909" lon="113.280863">
        <time>2026-06-26T23:29:38Z</time>
      </trkpt>
      <trkpt lat="23.060868" lon="113.280959">
        <time>2026-06-26T23:29:43Z</time>
      </trkpt>
      <trkpt lat="23.060825" lon="113.281056">
        <time>2026-06-26T23:29:48Z</time>
      </trkpt>
      <trkpt lat="23.06076" lon="113.2812">
        <time>2026-06-26T23:29:53Z</time>
      </trkpt>
      <trkpt lat="23.060702" lon="113.281341">
        <time>2026-06-26T23:29:58Z</time>
      </trkpt>
      <trkpt lat="23.060663" lon="113.281432">
        <time>2026-06-26T23:30:03Z</time>
      </trkpt>
      <trkpt lat="23.06062" lon="113.281521">
        <time>2026-06-26T23:30:08Z</time>
      </trkpt>
      <trkpt lat="23.060556" lon="113.281657">
        <time>2026-06-26T23:30:13Z</time>
      </trkpt>
      <trkpt lat="23.060501" lon="113.281803">
        <time>2026-06-26T23:30:18Z</time>
      </trkpt>
      <trkpt lat="23.060459" lon="113.281899">
        <time>2026-06-26T23:30:23Z</time>
      </trkpt>
      <trkpt lat="23.060419" lon="113.281994">
        <time>2026-06-26T23:30:28Z</time>
      </trkpt>
      <trkpt lat="23.060359" lon="113.282139">
        <time>2026-06-26T23:30:33Z</time>
      </trkpt>
      <trkpt lat="23.060293" lon="113.282298">
        <time>2026-06-26T23:30:38Z</time>
      </trkpt>
      <trkpt lat="23.060253" lon="113.282402">
        <time>2026-06-26T23:30:43Z</time>
      </trkpt>
      <trkpt lat="23.060216" lon="113.282496">
        <time>2026-06-26T23:30:48Z</time>
      </trkpt>
      <trkpt lat="23.060157" lon="113.282637">
        <time>2026-06-26T23:30:53Z</time>
      </trkpt>
      <trkpt lat="23.060093" lon="113.282785">
        <time>2026-06-26T23:30:58Z</time>
      </trkpt>
      <trkpt lat="23.060055" lon="113.28288">
        <time>2026-06-26T23:31:03Z</time>
      </trkpt>
      <trkpt lat="23.060012" lon="113.282972">
        <time>2026-06-26T23:31:08Z</time>
      </trkpt>
      <trkpt lat="23.05995" lon="113.283108">
        <time>2026-06-26T23:31:13Z</time>
      </trkpt>
      <trkpt lat="23.059891" lon="113.283244">
        <time>2026-06-26T23:31:18Z</time>
      </trkpt>
      <trkpt lat="23.059846" lon="113.283338">
        <time>2026-06-26T23:31:23Z</time>
      </trkpt>
      <trkpt lat="23.059807" lon="113.283439">
        <time>2026-06-26T23:31:28Z</time>
      </trkpt>
      <trkpt lat="23.059748" lon="113.283581">
        <time>2026-06-26T23:31:33Z</time>
      </trkpt>
      <trkpt lat="23.059684" lon="113.283722">
        <time>2026-06-26T23:31:38Z</time>
      </trkpt>
      <trkpt lat="23.059639" lon="113.283819">
        <time>2026-06-26T23:31:43Z</time>
      </trkpt>
      <trkpt lat="23.059597" lon="113.283915">
        <time>2026-06-26T23:31:48Z</time>
      </trkpt>
      <trkpt lat="23.059538" lon="113.284061">
        <time>2026-06-26T23:31:53Z</time>
      </trkpt>
      <trkpt lat="23.059475" lon="113.284205">
        <time>2026-06-26T23:31:58Z</time>
      </trkpt>
      <trkpt lat="23.059429" lon="113.284298">
        <time>2026-06-26T23:32:03Z</time>
      </trkpt>
      <trkpt lat="23.059387" lon="113.284394">
        <time>2026-06-26T23:32:08Z</time>
      </trkpt>
      <trkpt lat="23.05933" lon="113.28454">
        <time>2026-06-26T23:32:13Z</time>
      </trkpt>
      <trkpt lat="23.059273" lon="113.284688">
        <time>2026-06-26T23:32:18Z</time>
      </trkpt>
      <trkpt lat="23.059232" lon="113.284786">
        <time>2026-06-26T23:32:23Z</time>
      </trkpt>
      <trkpt lat="23.059187" lon="113.28488">
        <time>2026-06-26T23:32:28Z</time>
      </trkpt>
      <trkpt lat="23.059128" lon="113.285017">
        <time>2026-06-26T23:32:33Z</time>
      </trkpt>
      <trkpt lat="23.059068" lon="113.285159">
        <time>2026-06-26T23:32:38Z</time>
      </trkpt>
      <trkpt lat="23.059032" lon="113.285252">
        <time>2026-06-26T23:32:43Z</time>
      </trkpt>
      <trkpt lat="23.058995" lon="113.285347">
        <time>2026-06-26T23:32:48Z</time>
      </trkpt>
      <trkpt lat="23.05893" lon="113.285486">
        <time>2026-06-26T23:32:53Z</time>
      </trkpt>
      <trkpt lat="23.058869" lon="113.285623">
        <time>2026-06-26T23:32:58Z</time>
      </trkpt>
      <trkpt lat="23.05883" lon="113.285718">
        <time>2026-06-26T23:33:03Z</time>
      </trkpt>
      <trkpt lat="23.058794" lon="113.285812">
        <time>2026-06-26T23:33:08Z</time>
      </trkpt>
      <trkpt lat="23.058737" lon="113.285953">
        <time>2026-06-26T23:33:13Z</time>
      </trkpt>
      <trkpt lat="23.058686" lon="113.286105">
        <time>2026-06-26T23:33:18Z</time>
      </trkpt>
      <trkpt lat="23.058664" lon="113.286211">
        <time>2026-06-26T23:33:23Z</time>
      </trkpt>
      <trkpt lat="23.058698" lon="113.286303">
        <time>2026-06-26T23:33:28Z</time>
      </trkpt>
      <trkpt lat="23.058832" lon="113.28637">
        <time>2026-06-26T23:33:33Z</time>
      </trkpt>
      <trkpt lat="23.058974" lon="113.286394">
        <time>2026-06-26T23:33:38Z</time>
      </trkpt>
      <trkpt lat="23.059069" lon="113.286406">
        <time>2026-06-26T23:33:43Z</time>
      </trkpt>
      <trkpt lat="23.059162" lon="113.286418">
        <time>2026-06-26T23:33:48Z</time>
      </trkpt>
      <trkpt lat="23.059303" lon="113.286436">
        <time>2026-06-26T23:33:53Z</time>
      </trkpt>
      <trkpt lat="23.059442" lon="113.286452">
        <time>2026-06-26T23:33:58Z</time>
      </trkpt>
      <trkpt lat="23.059539" lon="113.286458">
        <time>2026-06-26T23:34:03Z</time>
      </trkpt>
      <trkpt lat="23.059632" lon="113.286462">
        <time>2026-06-26T23:34:08Z</time>
      </trkpt>
      <trkpt lat="23.059771" lon="113.28647">
        <time>2026-06-26T23:34:13Z</time>
      </trkpt>
      <trkpt lat="23.059916" lon="113.286471">
        <time>2026-06-26T23:34:18Z</time>
      </trkpt>
      <trkpt lat="23.060015" lon="113.286481">
        <time>2026-06-26T23:34:23Z</time>
      </trkpt>
      <trkpt lat="23.060095" lon="113.286536">
        <time>2026-06-26T23:34:28Z</time>
      </trkpt>
      <trkpt lat="23.060142" lon="113.286704">
        <time>2026-06-26T23:34:33Z</time>
      </trkpt>
      <trkpt lat="23.060181" lon="113.286885">
        <time>2026-06-26T23:34:38Z</time>
      </trkpt>
      <trkpt lat="23.060209" lon="113.286984">
        <time>2026-06-26T23:34:43Z</time>
      </trkpt>
      <trkpt lat="23.060234" lon="113.287079">
        <time>2026-06-26T23:34:48Z</time>
      </trkpt>
      <trkpt lat="23.060275" lon="113.287226">
        <time>2026-06-26T23:34:53Z</time>
      </trkpt>
      <trkpt lat="23.060316" lon="113.287392">
        <time>2026-06-26T23:34:58Z</time>
      </trkpt>
      <trkpt lat="23.060332" lon="113.287496">
        <time>2026-06-26T23:35:03Z</time>
      </trkpt>
      <trkpt lat="23.060345" lon="113.287599">
        <time>2026-06-26T23:35:08Z</time>
      </trkpt>
      <trkpt lat="23.060259" lon="113.287775">
        <time>2026-06-26T23:35:13Z</time>
      </trkpt>
      <trkpt lat="23.060207" lon="113.287923">
        <time>2026-06-26T23:35:18Z</time>
      </trkpt>
      <trkpt lat="23.060273" lon="113.287898">
        <time>2026-06-26T23:35:23Z</time>
      </trkpt>
      <trkpt lat="23.060295" lon="113.287816">
        <time>2026-06-26T23:35:28Z</time>
      </trkpt>
      <trkpt lat="23.06028" lon="113.287654">
        <time>2026-06-26T23:35:33Z</time>
      </trkpt>
      <trkpt lat="23.060254" lon="113.287492">
        <time>2026-06-26T23:35:38Z</time>
      </trkpt>
      <trkpt lat="23.060235" lon="113.287394">
        <time>2026-06-26T23:35:43Z</time>
      </trkpt>
      <trkpt lat="23.060227" lon="113.287298">
        <time>2026-06-26T23:35:48Z</time>
      </trkpt>
      <trkpt lat="23.060198" lon="113.287133">
        <time>2026-06-26T23:35:53Z</time>
      </trkpt>
      <trkpt lat="23.06017" lon="113.286957">
        <time>2026-06-26T23:35:58Z</time>
      </trkpt>
      <trkpt lat="23.060164" lon="113.28684">
        <time>2026-06-26T23:36:03Z</time>
      </trkpt>
      <trkpt lat="23.060192" lon="113.286729">
        <time>2026-06-26T23:36:08Z</time>
      </trkpt>
      <trkpt lat="23.060211" lon="113.286586">
        <time>2026-06-26T23:36:13Z</time>
      </trkpt>
      <trkpt lat="23.060272" lon="113.286498">
        <time>2026-06-26T23:36:18Z</time>
      </trkpt>
      <trkpt lat="23.06036" lon="113.286474">
        <time>2026-06-26T23:36:23Z</time>
      </trkpt>
      <trkpt lat="23.06046" lon="113.286452">
        <time>2026-06-26T23:36:28Z</time>
      </trkpt>
      <trkpt lat="23.060531" lon="113.286333">
        <time>2026-06-26T23:36:33Z</time>
      </trkpt>
      <trkpt lat="23.060542" lon="113.286182">
        <time>2026-06-26T23:36:38Z</time>
      </trkpt>
      <trkpt lat="23.060541" lon="113.286073">
        <time>2026-06-26T23:36:43Z</time>
      </trkpt>
      <trkpt lat="23.060537" lon="113.28595">
        <time>2026-06-26T23:36:48Z</time>
      </trkpt>
      <trkpt lat="23.060532" lon="113.285775">
        <time>2026-06-26T23:36:53Z</time>
      </trkpt>
      <trkpt lat="23.060546" lon="113.285609">
        <time>2026-06-26T23:36:58Z</time>
      </trkpt>
      <trkpt lat="23.06057" lon="113.285493">
        <time>2026-06-26T23:37:03Z</time>
      </trkpt>
      <trkpt lat="23.06059" lon="113.285392">
        <time>2026-06-26T23:37:08Z</time>
      </trkpt>
      <trkpt lat="23.060624" lon="113.285252">
        <time>2026-06-26T23:37:13Z</time>
      </trkpt>
      <trkpt lat="23.060649" lon="113.285102">
        <time>2026-06-26T23:37:18Z</time>
      </trkpt>
      <trkpt lat="23.060641" lon="113.284999">
        <time>2026-06-26T23:37:23Z</time>
      </trkpt>
      <trkpt lat="23.060642" lon="113.284895">
        <time>2026-06-26T23:37:28Z</time>
      </trkpt>
      <trkpt lat="23.060631" lon="113.284746">
        <time>2026-06-26T23:37:33Z</time>
      </trkpt>
      <trkpt lat="23.060642" lon="113.284592">
        <time>2026-06-26T23:37:38Z</time>
      </trkpt>
      <trkpt lat="23.060668" lon="113.284494">
        <time>2026-06-26T23:37:43Z</time>
      </trkpt>
      <trkpt lat="23.060668" lon="113.284388">
        <time>2026-06-26T23:37:48Z</time>
      </trkpt>
      <trkpt lat="23.060676" lon="113.284225">
        <time>2026-06-26T23:37:53Z</time>
      </trkpt>
      <trkpt lat="23.060679" lon="113.284069">
        <time>2026-06-26T23:37:58Z</time>
      </trkpt>
      <trkpt lat="23.060673" lon="113.283979">
        <time>2026-06-26T23:38:03Z</time>
      </trkpt>
      <trkpt lat="23.060677" lon="113.283884">
        <time>2026-06-26T23:38:08Z</time>
      </trkpt>
      <trkpt lat="23.060736" lon="113.283727">
        <time>2026-06-26T23:38:13Z</time>
      </trkpt>
      <trkpt lat="23.060781" lon="113.283568">
        <time>2026-06-26T23:38:18Z</time>
      </trkpt>
      <trkpt lat="23.060809" lon="113.283477">
        <time>2026-06-26T23:38:23Z</time>
      </trkpt>
      <trkpt lat="23.060853" lon="113.28338">
        <time>2026-06-26T23:38:28Z</time>
      </trkpt>
      <trkpt lat="23.060914" lon="113.283226">
        <time>2026-06-26T23:38:33Z</time>
      </trkpt>
      <trkpt lat="23.061023" lon="113.283088">
        <time>2026-06-26T23:38:38Z</time>
      </trkpt>
      <trkpt lat="23.061076" lon="113.282992">
        <time>2026-06-26T23:38:43Z</time>
      </trkpt>
      <trkpt lat="23.061112" lon="113.282887">
        <time>2026-06-26T23:38:48Z</time>
      </trkpt>
      <trkpt lat="23.061157" lon="113.282723">
        <time>2026-06-26T23:38:53Z</time>
      </trkpt>
      <trkpt lat="23.061197" lon="113.282577">
        <time>2026-06-26T23:38:58Z</time>
      </trkpt>
      <trkpt lat="23.061206" lon="113.282481">
        <time>2026-06-26T23:39:03Z</time>
      </trkpt>
      <trkpt lat="23.061198" lon="113.282373">
        <time>2026-06-26T23:39:08Z</time>
      </trkpt>
      <trkpt lat="23.061127" lon="113.282209">
        <time>2026-06-26T23:39:13Z</time>
      </trkpt>
      <trkpt lat="23.060974" lon="113.282173">
        <time>2026-06-26T23:39:18Z</time>
      </trkpt>
      <trkpt lat="23.060863" lon="113.282203">
        <time>2026-06-26T23:39:23Z</time>
      </trkpt>
      <trkpt lat="23.060753" lon="113.282244">
        <time>2026-06-26T23:39:28Z</time>
      </trkpt>
      <trkpt lat="23.060576" lon="113.282256">
        <time>2026-06-26T23:39:33Z</time>
      </trkpt>
      <trkpt lat="23.060469" lon="113.282364">
        <time>2026-06-26T23:39:38Z</time>
      </trkpt>
      <trkpt lat="23.06043" lon="113.282463">
        <time>2026-06-26T23:39:43Z</time>
      </trkpt>
      <trkpt lat="23.060389" lon="113.282558">
        <time>2026-06-26T23:39:48Z</time>
      </trkpt>
      <trkpt lat="23.060326" lon="113.282694">
        <time>2026-06-26T23:39:53Z</time>
      </trkpt>
      <trkpt lat="23.060268" lon="113.282834">
        <time>2026-06-26T23:39:58Z</time>
      </trkpt>
      <trkpt lat="23.060231" lon="113.282931">
        <time>2026-06-26T23:40:03Z</time>
      </trkpt>
      <trkpt lat="23.060194" lon="113.283027">
        <time>2026-06-26T23:40:08Z</time>
      </trkpt>
      <trkpt lat="23.060143" lon="113.283171">
        <time>2026-06-26T23:40:13Z</time>
      </trkpt>
      <trkpt lat="23.060087" lon="113.283317">
        <time>2026-06-26T23:40:18Z</time>
      </trkpt>
      <trkpt lat="23.060044" lon="113.28341">
        <time>2026-06-26T23:40:23Z</time>
      </trkpt>
      <trkpt lat="23.059973" lon="113.283474">
        <time>2026-06-26T23:40:28Z</time>
      </trkpt>
      <trkpt lat="23.059921" lon="113.283393">
        <time>2026-06-26T23:40:33Z</time>
      </trkpt>
      <trkpt lat="23.059997" lon="113.283251">
        <time>2026-06-26T23:40:38Z</time>
      </trkpt>
      <trkpt lat="23.060049" lon="113.283154">
        <time>2026-06-26T23:40:43Z</time>
      </trkpt>
      <trkpt lat="23.060094" lon="113.28306">
        <time>2026-06-26T23:40:48Z</time>
      </trkpt>
      <trkpt lat="23.060154" lon="113.282916">
        <time>2026-06-26T23:40:53Z</time>
      </trkpt>
      <trkpt lat="23.060216" lon="113.282758">
        <time>2026-06-26T23:40:58Z</time>
      </trkpt>
      <trkpt lat="23.06026" lon="113.282658">
        <time>2026-06-26T23:41:03Z</time>
      </trkpt>
      <trkpt lat="23.060299" lon="113.282556">
        <time>2026-06-26T23:41:08Z</time>
      </trkpt>
      <trkpt lat="23.060353" lon="113.282412">
        <time>2026-06-26T23:41:13Z</time>
      </trkpt>
      <trkpt lat="23.060412" lon="113.282265">
        <time>2026-06-26T23:41:18Z</time>
      </trkpt>
      <trkpt lat="23.060451" lon="113.282164">
        <time>2026-06-26T23:41:23Z</time>
      </trkpt>
      <trkpt lat="23.060487" lon="113.282065">
        <time>2026-06-26T23:41:28Z</time>
      </trkpt>
      <trkpt lat="23.060552" lon="113.28192">
        <time>2026-06-26T23:41:33Z</time>
      </trkpt>
      <trkpt lat="23.060614" lon="113.281778">
        <time>2026-06-26T23:41:38Z</time>
      </trkpt>
      <trkpt lat="23.060654" lon="113.281688">
        <time>2026-06-26T23:41:43Z</time>
      </trkpt>
      <trkpt lat="23.060689" lon="113.281597">
        <time>2026-06-26T23:41:48Z</time>
      </trkpt>
      <trkpt lat="23.060753" lon="113.281458">
        <time>2026-06-26T23:41:53Z</time>
      </trkpt>
      <trkpt lat="23.060818" lon="113.281311">
        <time>2026-06-26T23:41:58Z</time>
      </trkpt>
      <trkpt lat="23.06087" lon="113.281212">
        <time>2026-06-26T23:42:03Z</time>
      </trkpt>
      <trkpt lat="23.060918" lon="113.281113">
        <time>2026-06-26T23:42:08Z</time>
      </trkpt>
      <trkpt lat="23.06098" lon="113.280967">
        <time>2026-06-26T23:42:13Z</time>
      </trkpt>
      <trkpt lat="23.06104" lon="113.28082">
        <time>2026-06-26T23:42:18Z</time>
      </trkpt>
      <trkpt lat="23.061082" lon="113.280722">
        <time>2026-06-26T23:42:23Z</time>
      </trkpt>
      <trkpt lat="23.061133" lon="113.280624">
        <time>2026-06-26T23:42:28Z</time>
      </trkpt>
      <trkpt lat="23.061205" lon="113.280469">
        <time>2026-06-26T23:42:33Z</time>
      </trkpt>
      <trkpt lat="23.06127" lon="113.28032">
        <time>2026-06-26T23:42:38Z</time>
      </trkpt>
      <trkpt lat="23.061319" lon="113.280224">
        <time>2026-06-26T23:42:43Z</time>
      </trkpt>
      <trkpt lat="23.061367" lon="113.28013">
        <time>2026-06-26T23:42:48Z</time>
      </trkpt>
      <trkpt lat="23.061418" lon="113.279984">
        <time>2026-06-26T23:42:53Z</time>
      </trkpt>
      <trkpt lat="23.061466" lon="113.279839">
        <time>2026-06-26T23:42:58Z</time>
      </trkpt>
      <trkpt lat="23.061502" lon="113.279742">
        <time>2026-06-26T23:43:03Z</time>
      </trkpt>
      <trkpt lat="23.061541" lon="113.279648">
        <time>2026-06-26T23:43:08Z</time>
      </trkpt>
      <trkpt lat="23.061596" lon="113.279502">
        <time>2026-06-26T23:43:13Z</time>
      </trkpt>
      <trkpt lat="23.061654" lon="113.279353">
        <time>2026-06-26T23:43:18Z</time>
      </trkpt>
      <trkpt lat="23.061694" lon="113.279256">
        <time>2026-06-26T23:43:23Z</time>
      </trkpt>
      <trkpt lat="23.06174" lon="113.279162">
        <time>2026-06-26T23:43:28Z</time>
      </trkpt>
      <trkpt lat="23.06182" lon="113.279028">
        <time>2026-06-26T23:43:33Z</time>
      </trkpt>
      <trkpt lat="23.061907" lon="113.278897">
        <time>2026-06-26T23:43:38Z</time>
      </trkpt>
      <trkpt lat="23.061958" lon="113.278804">
        <time>2026-06-26T23:43:43Z</time>
      </trkpt>
      <trkpt lat="23.061981" lon="113.278699">
        <time>2026-06-26T23:43:48Z</time>
      </trkpt>
      <trkpt lat="23.06198" lon="113.278531">
        <time>2026-06-26T23:43:53Z</time>
      </trkpt>
      <trkpt lat="23.061972" lon="113.278366">
        <time>2026-06-26T23:43:58Z</time>
      </trkpt>
      <trkpt lat="23.061966" lon="113.278255">
        <time>2026-06-26T23:44:03Z</time>
      </trkpt>
      <trkpt lat="23.061959" lon="113.278146">
        <time>2026-06-26T23:44:08Z</time>
      </trkpt>
      <trkpt lat="23.061951" lon="113.27798">
        <time>2026-06-26T23:44:13Z</time>
      </trkpt>
      <trkpt lat="23.061948" lon="113.277816">
        <time>2026-06-26T23:44:18Z</time>
      </trkpt>
      <trkpt lat="23.061966" lon="113.27771">
        <time>2026-06-26T23:44:23Z</time>
      </trkpt>
      <trkpt lat="23.062" lon="113.277605">
        <time>2026-06-26T23:44:28Z</time>
      </trkpt>
      <trkpt lat="23.062057" lon="113.27745">
        <time>2026-06-26T23:44:33Z</time>
      </trkpt>
      <trkpt lat="23.062112" lon="113.277298">
        <time>2026-06-26T23:44:38Z</time>
      </trkpt>
      <trkpt lat="23.062147" lon="113.277197">
        <time>2026-06-26T23:44:43Z</time>
      </trkpt>
      <trkpt lat="23.062177" lon="113.277095">
        <time>2026-06-26T23:44:48Z</time>
      </trkpt>
      <trkpt lat="23.062245" lon="113.276956">
        <time>2026-06-26T23:44:53Z</time>
      </trkpt>
      <trkpt lat="23.062305" lon="113.276808">
        <time>2026-06-26T23:44:58Z</time>
      </trkpt>
      <trkpt lat="23.062349" lon="113.276713">
        <time>2026-06-26T23:45:03Z</time>
      </trkpt>
      <trkpt lat="23.06239" lon="113.276615">
        <time>2026-06-26T23:45:08Z</time>
      </trkpt>
      <trkpt lat="23.062446" lon="113.276468">
        <time>2026-06-26T23:45:13Z</time>
      </trkpt>
      <trkpt lat="23.062503" lon="113.27632">
        <time>2026-06-26T23:45:18Z</time>
      </trkpt>
      <trkpt lat="23.062539" lon="113.276221">
        <time>2026-06-26T23:45:23Z</time>
      </trkpt>
      <trkpt lat="23.06259" lon="113.27613">
        <time>2026-06-26T23:45:28Z</time>
      </trkpt>
      <trkpt lat="23.062678" lon="113.275996">
        <time>2026-06-26T23:45:33Z</time>
      </trkpt>
      <trkpt lat="23.062783" lon="113.275869">
        <time>2026-06-26T23:45:38Z</time>
      </trkpt>
      <trkpt lat="23.062851" lon="113.275787">
        <time>2026-06-26T23:45:43Z</time>
      </trkpt>
      <trkpt lat="23.062923" lon="113.275704">
        <time>2026-06-26T23:45:48Z</time>
      </trkpt>
      <trkpt lat="23.06303" lon="113.275587">
        <time>2026-06-26T23:45:53Z</time>
      </trkpt>
      <trkpt lat="23.063109" lon="113.275453">
        <time>2026-06-26T23:45:58Z</time>
      </trkpt>
      <trkpt lat="23.063159" lon="113.275362">
        <time>2026-06-26T23:46:03Z</time>
      </trkpt>
      <trkpt lat="23.063215" lon="113.275277">
        <time>2026-06-26T23:46:08Z</time>
      </trkpt>
      <trkpt lat="23.063314" lon="113.275161">
        <time>2026-06-26T23:46:13Z</time>
      </trkpt>
      <trkpt lat="23.063399" lon="113.275033">
        <time>2026-06-26T23:46:18Z</time>
      </trkpt>
      <trkpt lat="23.063438" lon="113.274936">
        <time>2026-06-26T23:46:23Z</time>
      </trkpt>
      <trkpt lat="23.06347" lon="113.274836">
        <time>2026-06-26T23:46:28Z</time>
      </trkpt>
      <trkpt lat="23.063515" lon="113.274684">
        <time>2026-06-26T23:46:33Z</time>
      </trkpt>
      <trkpt lat="23.063546" lon="113.274533">
        <time>2026-06-26T23:46:38Z</time>
      </trkpt>
      <trkpt lat="23.06357" lon="113.274456">
        <time>2026-06-26T23:46:43Z</time>
      </trkpt>
      <trkpt lat="23.063629" lon="113.274371">
        <time>2026-06-26T23:46:48Z</time>
      </trkpt>
      <trkpt lat="23.063763" lon="113.274263">
        <time>2026-06-26T23:46:53Z</time>
      </trkpt>
      <trkpt lat="23.063871" lon="113.274125">
        <time>2026-06-26T23:46:58Z</time>
      </trkpt>
      <trkpt lat="23.063917" lon="113.274023">
        <time>2026-06-26T23:47:03Z</time>
      </trkpt>
      <trkpt lat="23.063963" lon="113.273918">
        <time>2026-06-26T23:47:08Z</time>
      </trkpt>
      <trkpt lat="23.064048" lon="113.273774">
        <time>2026-06-26T23:47:13Z</time>
      </trkpt>
      <trkpt lat="23.064152" lon="113.27367">
        <time>2026-06-26T23:47:18Z</time>
      </trkpt>
      <trkpt lat="23.064231" lon="113.273613">
        <time>2026-06-26T23:47:23Z</time>
      </trkpt>
      <trkpt lat="23.064309" lon="113.273558">
        <time>2026-06-26T23:47:28Z</time>
      </trkpt>
      <trkpt lat="23.064429" lon="113.273463">
        <time>2026-06-26T23:47:33Z</time>
      </trkpt>
      <trkpt lat="23.06453" lon="113.273339">
        <time>2026-06-26T23:47:38Z</time>
      </trkpt>
      <trkpt lat="23.064575" lon="113.273239">
        <time>2026-06-26T23:47:43Z</time>
      </trkpt>
      <trkpt lat="23.064594" lon="113.273122">
        <time>2026-06-26T23:47:48Z</time>
      </trkpt>
      <trkpt lat="23.064572" lon="113.27296">
        <time>2026-06-26T23:47:53Z</time>
      </trkpt>
      <trkpt lat="23.064549" lon="113.272852">
        <time>2026-06-26T23:47:58Z</time>
      </trkpt>
      <trkpt lat="23.064539" lon="113.272861">
        <time>2026-06-26T23:48:03Z</time>
      </trkpt>
      <trkpt lat="23.06453" lon="113.272894">
        <time>2026-06-26T23:48:08Z</time>
      </trkpt>
      <trkpt lat="23.064534" lon="113.272893">
        <time>2026-06-26T23:48:13Z</time>
      </trkpt>
      <trkpt lat="23.064534" lon="113.272862">
        <time>2026-06-26T23:48:18Z</time>
      </trkpt>
      <trkpt lat="23.064481" lon="113.272744">
        <time>2026-06-26T23:48:23Z</time>
      </trkpt>
      <trkpt lat="23.06446" lon="113.272628">
        <time>2026-06-26T23:48:28Z</time>
      </trkpt>
      <trkpt lat="23.064484" lon="113.272524">
        <time>2026-06-26T23:48:33Z</time>
      </trkpt>
      <trkpt lat="23.064554" lon="113.272366">
        <time>2026-06-26T23:48:38Z</time>
      </trkpt>
      <trkpt lat="23.06458" lon="113.272191">
        <time>2026-06-26T23:48:43Z</time>
      </trkpt>
      <trkpt lat="23.06462" lon="113.272079">
        <time>2026-06-26T23:48:48Z</time>
      </trkpt>
      <trkpt lat="23.064674" lon="113.271974">
        <time>2026-06-26T23:48:53Z</time>
      </trkpt>
      <trkpt lat="23.064748" lon="113.271826">
        <time>2026-06-26T23:48:58Z</time>
      </trkpt>
      <trkpt lat="23.064812" lon="113.271682">
        <time>2026-06-26T23:49:03Z</time>
      </trkpt>
      <trkpt lat="23.064855" lon="113.271585">
        <time>2026-06-26T23:49:08Z</time>
      </trkpt>
      <trkpt lat="23.0649" lon="113.271484">
        <time>2026-06-26T23:49:13Z</time>
      </trkpt>
      <trkpt lat="23.06497" lon="113.271327">
        <time>2026-06-26T23:49:18Z</time>
      </trkpt>
      <trkpt lat="23.065043" lon="113.271177">
        <time>2026-06-26T23:49:23Z</time>
      </trkpt>
      <trkpt lat="23.065088" lon="113.271073">
        <time>2026-06-26T23:49:28Z</time>
      </trkpt>
      <trkpt lat="23.065139" lon="113.270974">
        <time>2026-06-26T23:49:33Z</time>
      </trkpt>
      <trkpt lat="23.065202" lon="113.270811">
        <time>2026-06-26T23:49:38Z</time>
      </trkpt>
      <trkpt lat="23.065287" lon="113.270666">
        <time>2026-06-26T23:49:43Z</time>
      </trkpt>
      <trkpt lat="23.065336" lon="113.270568">
        <time>2026-06-26T23:49:48Z</time>
      </trkpt>
      <trkpt lat="23.065377" lon="113.270465">
        <time>2026-06-26T23:49:53Z</time>
      </trkpt>
      <trkpt lat="23.065446" lon="113.270314">
        <time>2026-06-26T23:49:58Z</time>
      </trkpt>
      <trkpt lat="23.065515" lon="113.270158">
        <time>2026-06-26T23:50:03Z</time>
      </trkpt>
      <trkpt lat="23.065551" lon="113.270051">
        <time>2026-06-26T23:50:08Z</time>
      </trkpt>
      <trkpt lat="23.065589" lon="113.269951">
        <time>2026-06-26T23:50:13Z</time>
      </trkpt>
      <trkpt lat="23.065637" lon="113.269796">
        <time>2026-06-26T23:50:18Z</time>
      </trkpt>
      <trkpt lat="23.065683" lon="113.269644">
        <time>2026-06-26T23:50:23Z</time>
      </trkpt>
      <trkpt lat="23.065711" lon="113.269545">
        <time>2026-06-26T23:50:28Z</time>
      </trkpt>
      <trkpt lat="23.06574" lon="113.269444">
        <time>2026-06-26T23:50:33Z</time>
      </trkpt>
      <trkpt lat="23.065778" lon="113.269286">
        <time>2026-06-26T23:50:38Z</time>
      </trkpt>
      <trkpt lat="23.06582" lon="113.269126">
        <time>2026-06-26T23:50:43Z</time>
      </trkpt>
      <trkpt lat="23.065858" lon="113.269023">
        <time>2026-06-26T23:50:48Z</time>
      </trkpt>
      <trkpt lat="23.065898" lon="113.268926">
        <time>2026-06-26T23:50:53Z</time>
      </trkpt>
      <trkpt lat="23.065958" lon="113.268774">
        <time>2026-06-26T23:50:58Z</time>
      </trkpt>
      <trkpt lat="23.066028" lon="113.268633">
        <time>2026-06-26T23:51:03Z</time>
      </trkpt>
      <trkpt lat="23.066087" lon="113.268546">
        <time>2026-06-26T23:51:08Z</time>
      </trkpt>
      <trkpt lat="23.066151" lon="113.268459">
        <time>2026-06-26T23:51:13Z</time>
      </trkpt>
      <trkpt lat="23.066254" lon="113.268331">
        <time>2026-06-26T23:51:18Z</time>
      </trkpt>
      <trkpt lat="23.066353" lon="113.268207">
        <time>2026-06-26T23:51:23Z</time>
      </trkpt>
      <trkpt lat="23.066436" lon="113.268151">
        <time>2026-06-26T23:51:28Z</time>
      </trkpt>
      <trkpt lat="23.066534" lon="113.268134">
        <time>2026-06-26T23:51:33Z</time>
      </trkpt>
      <trkpt lat="23.066688" lon="113.268155">
        <time>2026-06-26T23:51:38Z</time>
      </trkpt>
      <trkpt lat="23.066842" lon="113.268168">
        <time>2026-06-26T23:51:43Z</time>
      </trkpt>
      <trkpt lat="23.066939" lon="113.268181">
        <time>2026-06-26T23:51:48Z</time>
      </trkpt>
      <trkpt lat="23.067032" lon="113.268203">
        <time>2026-06-26T23:51:53Z</time>
      </trkpt>
      <trkpt lat="23.06715" lon="113.268268">
        <time>2026-06-26T23:51:58Z</time>
      </trkpt>
      <trkpt lat="23.067281" lon="113.268359">
        <time>2026-06-26T23:52:03Z</time>
      </trkpt>
      <trkpt lat="23.067372" lon="113.268416">
        <time>2026-06-26T23:52:08Z</time>
      </trkpt>
      <trkpt lat="23.067461" lon="113.268468">
        <time>2026-06-26T23:52:13Z</time>
      </trkpt>
      <trkpt lat="23.067599" lon="113.26855">
        <time>2026-06-26T23:52:18Z</time>
      </trkpt>
      <trkpt lat="23.067742" lon="113.268624">
        <time>2026-06-26T23:52:23Z</time>
      </trkpt>
      <trkpt lat="23.067825" lon="113.268658">
        <time>2026-06-26T23:52:28Z</time>
      </trkpt>
      <trkpt lat="23.067895" lon="113.268689">
        <time>2026-06-26T23:52:33Z</time>
      </trkpt>
      <trkpt lat="23.067985" lon="113.268771">
        <time>2026-06-26T23:52:38Z</time>
      </trkpt>
      <trkpt lat="23.068088" lon="113.268813">
        <time>2026-06-26T23:52:43Z</time>
      </trkpt>
      <trkpt lat="23.068163" lon="113.268827">
        <time>2026-06-26T23:52:48Z</time>
      </trkpt>
      <trkpt lat="23.068258" lon="113.26887">
        <time>2026-06-26T23:52:53Z</time>
      </trkpt>
      <trkpt lat="23.068376" lon="113.268955">
        <time>2026-06-26T23:52:58Z</time>
      </trkpt>
      <trkpt lat="23.068361" lon="113.268925">
        <time>2026-06-26T23:53:03Z</time>
      </trkpt>
      <trkpt lat="23.068291" lon="113.268872">
        <time>2026-06-26T23:53:08Z</time>
      </trkpt>
      <trkpt lat="23.068207" lon="113.268828">
        <time>2026-06-26T23:53:13Z</time>
      </trkpt>
      <trkpt lat="23.06808" lon="113.268751">
        <time>2026-06-26T23:53:18Z</time>
      </trkpt>
      <trkpt lat="23.068036" lon="113.268619">
        <time>2026-06-26T23:53:23Z</time>
      </trkpt>
      <trkpt lat="23.067986" lon="113.268531">
        <time>2026-06-26T23:53:28Z</time>
      </trkpt>
      <trkpt lat="23.067897" lon="113.268489">
        <time>2026-06-26T23:53:33Z</time>
      </trkpt>
      <trkpt lat="23.067765" lon="113.268433">
        <time>2026-06-26T23:53:38Z</time>
      </trkpt>
      <trkpt lat="23.067639" lon="113.268358">
        <time>2026-06-26T23:53:43Z</time>
      </trkpt>
      <trkpt lat="23.06755" lon="113.268309">
        <time>2026-06-26T23:53:48Z</time>
      </trkpt>
      <trkpt lat="23.067455" lon="113.268266">
        <time>2026-06-26T23:53:53Z</time>
      </trkpt>
      <trkpt lat="23.067314" lon="113.268215">
        <time>2026-06-26T23:53:58Z</time>
      </trkpt>
      <trkpt lat="23.067186" lon="113.268161">
        <time>2026-06-26T23:54:03Z</time>
      </trkpt>
      <trkpt lat="23.067106" lon="113.268118">
        <time>2026-06-26T23:54:08Z</time>
      </trkpt>
      <trkpt lat="23.067029" lon="113.26807">
        <time>2026-06-26T23:54:13Z</time>
      </trkpt>
      <trkpt lat="23.066883" lon="113.268016">
        <time>2026-06-26T23:54:18Z</time>
      </trkpt>
      <trkpt lat="23.066722" lon="113.267992">
        <time>2026-06-26T23:54:23Z</time>
      </trkpt>
      <trkpt lat="23.06662" lon="113.267983">
        <time>2026-06-26T23:54:28Z</time>
      </trkpt>
      <trkpt lat="23.066527" lon="113.267954">
        <time>2026-06-26T23:54:33Z</time>
      </trkpt>
      <trkpt lat="23.066381" lon="113.267956">
        <time>2026-06-26T23:54:38Z</time>
      </trkpt>
      <trkpt lat="23.066235" lon="113.26801">
        <time>2026-06-26T23:54:43Z</time>
      </trkpt>
      <trkpt lat="23.066154" lon="113.268082">
        <time>2026-06-26T23:54:48Z</time>
      </trkpt>
      <trkpt lat="23.066081" lon="113.268163">
        <time>2026-06-26T23:54:53Z</time>
      </trkpt>
      <trkpt lat="23.065979" lon="113.268285">
        <time>2026-06-26T23:54:58Z</time>
      </trkpt>
      <trkpt lat="23.065882" lon="113.268414">
        <time>2026-06-26T23:55:03Z</time>
      </trkpt>
      <trkpt lat="23.065829" lon="113.268507">
        <time>2026-06-26T23:55:08Z</time>
      </trkpt>
      <trkpt lat="23.065782" lon="113.268599">
        <time>2026-06-26T23:55:13Z</time>
      </trkpt>
      <trkpt lat="23.065716" lon="113.268737">
        <time>2026-06-26T23:55:18Z</time>
      </trkpt>
      <trkpt lat="23.065654" lon="113.268886">
        <time>2026-06-26T23:55:23Z</time>
      </trkpt>
      <trkpt lat="23.065619" lon="113.268989">
        <time>2026-06-26T23:55:28Z</time>
      </trkpt>
      <trkpt lat="23.065588" lon="113.269093">
        <time>2026-06-26T23:55:33Z</time>
      </trkpt>
      <trkpt lat="23.065539" lon="113.269252">
        <time>2026-06-26T23:55:38Z</time>
      </trkpt>
      <trkpt lat="23.065504" lon="113.269419">
        <time>2026-06-26T23:55:43Z</time>
      </trkpt>
      <trkpt lat="23.065484" lon="113.269523">
        <time>2026-06-26T23:55:48Z</time>
      </trkpt>
      <trkpt lat="23.06546" lon="113.269623">
        <time>2026-06-26T23:55:53Z</time>
      </trkpt>
      <trkpt lat="23.065421" lon="113.26977">
        <time>2026-06-26T23:55:58Z</time>
      </trkpt>
      <trkpt lat="23.06537" lon="113.269924">
        <time>2026-06-26T23:56:03Z</time>
      </trkpt>
      <trkpt lat="23.065336" lon="113.270029">
        <time>2026-06-26T23:56:08Z</time>
      </trkpt>
      <trkpt lat="23.065298" lon="113.270129">
        <time>2026-06-26T23:56:13Z</time>
      </trkpt>
      <trkpt lat="23.065236" lon="113.270275">
        <time>2026-06-26T23:56:18Z</time>
      </trkpt>
      <trkpt lat="23.065171" lon="113.270416">
        <time>2026-06-26T23:56:23Z</time>
      </trkpt>
      <trkpt lat="23.065125" lon="113.270515">
        <time>2026-06-26T23:56:28Z</time>
      </trkpt>
      <trkpt lat="23.065076" lon="113.270609">
        <time>2026-06-26T23:56:33Z</time>
      </trkpt>
      <trkpt lat="23.065008" lon="113.270754">
        <time>2026-06-26T23:56:38Z</time>
      </trkpt>
      <trkpt lat="23.064938" lon="113.270897">
        <time>2026-06-26T23:56:43Z</time>
      </trkpt>
      <trkpt lat="23.064892" lon="113.270994">
        <time>2026-06-26T23:56:48Z</time>
      </trkpt>
      <trkpt lat="23.064843" lon="113.271091">
        <time>2026-06-26T23:56:53Z</time>
      </trkpt>
      <trkpt lat="23.064773" lon="113.271236">
        <time>2026-06-26T23:56:58Z</time>
      </trkpt>
      <trkpt lat="23.064707" lon="113.271381">
        <time>2026-06-26T23:57:03Z</time>
      </trkpt>
      <trkpt lat="23.064663" lon="113.27148">
        <time>2026-06-26T23:57:08Z</time>
      </trkpt>
      <trkpt lat="23.064616" lon="113.271577">
        <time>2026-06-26T23:57:13Z</time>
      </trkpt>
      <trkpt lat="23.06455" lon="113.271723">
        <time>2026-06-26T23:57:18Z</time>
      </trkpt>
      <trkpt lat="23.064483" lon="113.271871">
        <time>2026-06-26T23:57:23Z</time>
      </trkpt>
      <trkpt lat="23.064439" lon="113.271972">
        <time>2026-06-26T23:57:28Z</time>
      </trkpt>
      <trkpt lat="23.064392" lon="113.272071">
        <time>2026-06-26T23:57:33Z</time>
      </trkpt>
      <trkpt lat="23.064324" lon="113.272223">
        <time>2026-06-26T23:57:38Z</time>
      </trkpt>
      <trkpt lat="23.064318" lon="113.272393">
        <time>2026-06-26T23:57:43Z</time>
      </trkpt>
      <trkpt lat="23.064314" lon="113.272499">
        <time>2026-06-26T23:57:48Z</time>
      </trkpt>
      <trkpt lat="23.064319" lon="113.272604">
        <time>2026-06-26T23:57:53Z</time>
      </trkpt>
      <trkpt lat="23.064356" lon="113.272759">
        <time>2026-06-26T23:57:58Z</time>
      </trkpt>
      <trkpt lat="23.064407" lon="113.272902">
        <time>2026-06-26T23:58:03Z</time>
      </trkpt>
      <trkpt lat="23.064435" lon="113.272995">
        <time>2026-06-26T23:58:08Z</time>
      </trkpt>
      <trkpt lat="23.064461" lon="113.273088">
        <time>2026-06-26T23:58:13Z</time>
      </trkpt>
      <trkpt lat="23.06445" lon="113.273239">
        <time>2026-06-26T23:58:18Z</time>
      </trkpt>
      <trkpt lat="23.064354" lon="113.273361">
        <time>2026-06-26T23:58:23Z</time>
      </trkpt>
      <trkpt lat="23.064267" lon="113.273423">
        <time>2026-06-26T23:58:28Z</time>
      </trkpt>
      <trkpt lat="23.064183" lon="113.273482">
        <time>2026-06-26T23:58:33Z</time>
      </trkpt>
      <trkpt lat="23.064062" lon="113.273573">
        <time>2026-06-26T23:58:38Z</time>
      </trkpt>
      <trkpt lat="23.063945" lon="113.27368">
        <time>2026-06-26T23:58:43Z</time>
      </trkpt>
      <trkpt lat="23.063879" lon="113.273763">
        <time>2026-06-26T23:58:48Z</time>
      </trkpt>
      <trkpt lat="23.063828" lon="113.273854">
        <time>2026-06-26T23:58:53Z</time>
      </trkpt>
      <trkpt lat="23.063758" lon="113.273998">
        <time>2026-06-26T23:58:58Z</time>
      </trkpt>
      <trkpt lat="23.063662" lon="113.274116">
        <time>2026-06-26T23:59:03Z</time>
      </trkpt>
      <trkpt lat="23.06358" lon="113.274173">
        <time>2026-06-26T23:59:08Z</time>
      </trkpt>
      <trkpt lat="23.063521" lon="113.274246">
        <time>2026-06-26T23:59:13Z</time>
      </trkpt>
      <trkpt lat="23.06346" lon="113.274411">
        <time>2026-06-26T23:59:18Z</time>
      </trkpt>
      <trkpt lat="23.063406" lon="113.274578">
        <time>2026-06-26T23:59:23Z</time>
      </trkpt>
      <trkpt lat="23.063373" lon="113.27468">
        <time>2026-06-26T23:59:28Z</time>
      </trkpt>
      <trkpt lat="23.063335" lon="113.274783">
        <time>2026-06-26T23:59:33Z</time>
      </trkpt>
      <trkpt lat="23.063281" lon="113.27494">
        <time>2026-06-26T23:59:38Z</time>
      </trkpt>
      <trkpt lat="23.063213" lon="113.275095">
        <time>2026-06-26T23:59:43Z</time>
      </trkpt>
      <trkpt lat="23.063154" lon="113.275192">
        <time>2026-06-26T23:59:48Z</time>
      </trkpt>
      <trkpt lat="23.063097" lon="113.275283">
        <time>2026-06-26T23:59:53Z</time>
      </trkpt>
      <trkpt lat="23.063024" lon="113.275414">
        <time>2026-06-26T23:59:58Z</time>
      </trkpt>
      <trkpt lat="23.062936" lon="113.275544">
        <time>2026-06-27T00:00:03Z</time>
      </trkpt>
      <trkpt lat="23.062866" lon="113.275627">
        <time>2026-06-27T00:00:08Z</time>
      </trkpt>
      <trkpt lat="23.062788" lon="113.275701">
        <time>2026-06-27T00:00:13Z</time>
      </trkpt>
      <trkpt lat="23.062676" lon="113.275812">
        <time>2026-06-27T00:00:18Z</time>
      </trkpt>
      <trkpt lat="23.062574" lon="113.275933">
        <time>2026-06-27T00:00:23Z</time>
      </trkpt>
      <trkpt lat="23.062511" lon="113.276021">
        <time>2026-06-27T00:00:28Z</time>
      </trkpt>
      <trkpt lat="23.062458" lon="113.276112">
        <time>2026-06-27T00:00:33Z</time>
      </trkpt>
      <trkpt lat="23.062384" lon="113.276251">
        <time>2026-06-27T00:00:38Z</time>
      </trkpt>
      <trkpt lat="23.062327" lon="113.276398">
        <time>2026-06-27T00:00:43Z</time>
      </trkpt>
      <trkpt lat="23.062294" lon="113.276499">
        <time>2026-06-27T00:00:48Z</time>
      </trkpt>
      <trkpt lat="23.062258" lon="113.276597">
        <time>2026-06-27T00:00:53Z</time>
      </trkpt>
      <trkpt lat="23.062197" lon="113.276735">
        <time>2026-06-27T00:00:58Z</time>
      </trkpt>
      <trkpt lat="23.062143" lon="113.276879">
        <time>2026-06-27T00:01:03Z</time>
      </trkpt>
      <trkpt lat="23.062108" lon="113.276974">
        <time>2026-06-27T00:01:08Z</time>
      </trkpt>
      <trkpt lat="23.062073" lon="113.277071">
        <time>2026-06-27T00:01:13Z</time>
      </trkpt>
      <trkpt lat="23.062009" lon="113.277228">
        <time>2026-06-27T00:01:18Z</time>
      </trkpt>
      <trkpt lat="23.061945" lon="113.277393">
        <time>2026-06-27T00:01:23Z</time>
      </trkpt>
      <trkpt lat="23.061902" lon="113.2775">
        <time>2026-06-27T00:01:28Z</time>
      </trkpt>
      <trkpt lat="23.061862" lon="113.277609">
        <time>2026-06-27T00:01:33Z</time>
      </trkpt>
      <trkpt lat="23.061816" lon="113.277766">
        <time>2026-06-27T00:01:38Z</time>
      </trkpt>
      <trkpt lat="23.061807" lon="113.277926">
        <time>2026-06-27T00:01:43Z</time>
      </trkpt>
      <trkpt lat="23.061806" lon="113.278032">
        <time>2026-06-27T00:01:48Z</time>
      </trkpt>
      <trkpt lat="23.061811" lon="113.278137">
        <time>2026-06-27T00:01:53Z</time>
      </trkpt>
      <trkpt lat="23.061821" lon="113.278296">
        <time>2026-06-27T00:01:58Z</time>
      </trkpt>
      <trkpt lat="23.061836" lon="113.278454">
        <time>2026-06-27T00:02:03Z</time>
      </trkpt>
      <trkpt lat="23.061849" lon="113.27856">
        <time>2026-06-27T00:02:08Z</time>
      </trkpt>
      <trkpt lat="23.061845" lon="113.278668">
        <time>2026-06-27T00:02:13Z</time>
      </trkpt>
      <trkpt lat="23.061771" lon="113.278758">
        <time>2026-06-27T00:02:18Z</time>
      </trkpt>
      <trkpt lat="23.061698" lon="113.278865">
        <time>2026-06-27T00:02:23Z</time>
      </trkpt>
      <trkpt lat="23.061665" lon="113.278973">
        <time>2026-06-27T00:02:28Z</time>
      </trkpt>
      <trkpt lat="23.061625" lon="113.279075">
        <time>2026-06-27T00:02:33Z</time>
      </trkpt>
      <trkpt lat="23.061566" lon="113.279224">
        <time>2026-06-27T00:02:38Z</time>
      </trkpt>
      <trkpt lat="23.061507" lon="113.279374">
        <time>2026-06-27T00:02:43Z</time>
      </trkpt>
      <trkpt lat="23.061472" lon="113.279473">
        <time>2026-06-27T00:02:48Z</time>
      </trkpt>
      <trkpt lat="23.061433" lon="113.279572">
        <time>2026-06-27T00:02:53Z</time>
      </trkpt>
      <trkpt lat="23.061367" lon="113.27972">
        <time>2026-06-27T00:02:58Z</time>
      </trkpt>
      <trkpt lat="23.0613" lon="113.279868">
        <time>2026-06-27T00:03:03Z</time>
      </trkpt>
      <trkpt lat="23.061252" lon="113.279967">
        <time>2026-06-27T00:03:08Z</time>
      </trkpt>
      <trkpt lat="23.061203" lon="113.280064">
        <time>2026-06-27T00:03:13Z</time>
      </trkpt>
      <trkpt lat="23.061139" lon="113.280217">
        <time>2026-06-27T00:03:18Z</time>
      </trkpt>
      <trkpt lat="23.061077" lon="113.280375">
        <time>2026-06-27T00:03:23Z</time>
      </trkpt>
      <trkpt lat="23.06103" lon="113.280481">
        <time>2026-06-27T00:03:28Z</time>
      </trkpt>
      <trkpt lat="23.060976" lon="113.280579">
        <time>2026-06-27T00:03:33Z</time>
      </trkpt>
      <trkpt lat="23.060903" lon="113.280731">
        <time>2026-06-27T00:03:38Z</time>
      </trkpt>
      <trkpt lat="23.060845" lon="113.280892">
        <time>2026-06-27T00:03:43Z</time>
      </trkpt>
      <trkpt lat="23.060806" lon="113.281">
        <time>2026-06-27T00:03:48Z</time>
      </trkpt>
      <trkpt lat="23.060765" lon="113.281101">
        <time>2026-06-27T00:03:53Z</time>
      </trkpt>
      <trkpt lat="23.060711" lon="113.281246">
        <time>2026-06-27T00:03:58Z</time>
      </trkpt>
      <trkpt lat="23.060657" lon="113.281389">
        <time>2026-06-27T00:04:03Z</time>
      </trkpt>
      <trkpt lat="23.060615" lon="113.28148">
        <time>2026-06-27T00:04:08Z</time>
      </trkpt>
      <trkpt lat="23.060573" lon="113.281573">
        <time>2026-06-27T00:04:13Z</time>
      </trkpt>
      <trkpt lat="23.06051" lon="113.281717">
        <time>2026-06-27T00:04:18Z</time>
      </trkpt>
      <trkpt lat="23.060445" lon="113.281867">
        <time>2026-06-27T00:04:23Z</time>
      </trkpt>
      <trkpt lat="23.060405" lon="113.281967">
        <time>2026-06-27T00:04:28Z</time>
      </trkpt>
      <trkpt lat="23.06036" lon="113.282062">
        <time>2026-06-27T00:04:33Z</time>
      </trkpt>
      <trkpt lat="23.060272" lon="113.282196">
        <time>2026-06-27T00:04:38Z</time>
      </trkpt>
      <trkpt lat="23.060223" lon="113.28235">
        <time>2026-06-27T00:04:43Z</time>
      </trkpt>
      <trkpt lat="23.060185" lon="113.282446">
        <time>2026-06-27T00:04:48Z</time>
      </trkpt>
      <trkpt lat="23.06015" lon="113.28254">
        <time>2026-06-27T00:04:53Z</time>
      </trkpt>
      <trkpt lat="23.060091" lon="113.282686">
        <time>2026-06-27T00:04:58Z</time>
      </trkpt>
      <trkpt lat="23.060029" lon="113.282831">
        <time>2026-06-27T00:05:03Z</time>
      </trkpt>
      <trkpt lat="23.059991" lon="113.282931">
        <time>2026-06-27T00:05:08Z</time>
      </trkpt>
      <trkpt lat="23.059946" lon="113.283031">
        <time>2026-06-27T00:05:13Z</time>
      </trkpt>
      <trkpt lat="23.059873" lon="113.283174">
        <time>2026-06-27T00:05:18Z</time>
      </trkpt>
      <trkpt lat="23.059803" lon="113.283322">
        <time>2026-06-27T00:05:23Z</time>
      </trkpt>
      <trkpt lat="23.059757" lon="113.283421">
        <time>2026-06-27T00:05:28Z</time>
      </trkpt>
      <trkpt lat="23.059718" lon="113.283519">
        <time>2026-06-27T00:05:33Z</time>
      </trkpt>
      <trkpt lat="23.059666" lon="113.283673">
        <time>2026-06-27T00:05:38Z</time>
      </trkpt>
      <trkpt lat="23.059597" lon="113.283824">
        <time>2026-06-27T00:05:43Z</time>
      </trkpt>
      <trkpt lat="23.059551" lon="113.283919">
        <time>2026-06-27T00:05:48Z</time>
      </trkpt>
      <trkpt lat="23.059514" lon="113.284015">
        <time>2026-06-27T00:05:53Z</time>
      </trkpt>
      <trkpt lat="23.05945" lon="113.284158">
        <time>2026-06-27T00:05:58Z</time>
      </trkpt>
      <trkpt lat="23.059389" lon="113.284302">
        <time>2026-06-27T00:06:03Z</time>
      </trkpt>
      <trkpt lat="23.059348" lon="113.284396">
        <time>2026-06-27T00:06:08Z</time>
      </trkpt>
      <trkpt lat="23.059315" lon="113.284496">
        <time>2026-06-27T00:06:13Z</time>
      </trkpt>
      <trkpt lat="23.059276" lon="113.284652">
        <time>2026-06-27T00:06:18Z</time>
      </trkpt>
      <trkpt lat="23.059218" lon="113.284801">
        <time>2026-06-27T00:06:23Z</time>
      </trkpt>
      <trkpt lat="23.059175" lon="113.284895">
        <time>2026-06-27T00:06:28Z</time>
      </trkpt>
      <trkpt lat="23.059131" lon="113.284991">
        <time>2026-06-27T00:06:33Z</time>
      </trkpt>
      <trkpt lat="23.05907" lon="113.285139">
        <time>2026-06-27T00:06:38Z</time>
      </trkpt>
      <trkpt lat="23.059002" lon="113.285282">
        <time>2026-06-27T00:06:43Z</time>
      </trkpt>
      <trkpt lat="23.058957" lon="113.285379">
        <time>2026-06-27T00:06:48Z</time>
      </trkpt>
      <trkpt lat="23.058917" lon="113.285478">
        <time>2026-06-27T00:06:53Z</time>
      </trkpt>
      <trkpt lat="23.05886" lon="113.285624">
        <time>2026-06-27T00:06:58Z</time>
      </trkpt>
      <trkpt lat="23.058798" lon="113.285769">
        <time>2026-06-27T00:07:03Z</time>
      </trkpt>
      <trkpt lat="23.058762" lon="113.285866">
        <time>2026-06-27T00:07:08Z</time>
      </trkpt>
      <trkpt lat="23.058724" lon="113.285962">
        <time>2026-06-27T00:07:13Z</time>
      </trkpt>
      <trkpt lat="23.058668" lon="113.286115">
        <time>2026-06-27T00:07:18Z</time>
      </trkpt>
      <trkpt lat="23.058669" lon="113.286274">
        <time>2026-06-27T00:07:23Z</time>
      </trkpt>
      <trkpt lat="23.05873" lon="113.286345">
        <time>2026-06-27T00:07:28Z</time>
      </trkpt>
      <trkpt lat="23.058823" lon="113.286376">
        <time>2026-06-27T00:07:33Z</time>
      </trkpt>
      <trkpt lat="23.058966" lon="113.286395">
        <time>2026-06-27T00:07:38Z</time>
      </trkpt>
      <trkpt lat="23.059114" lon="113.28642">
        <time>2026-06-27T00:07:43Z</time>
      </trkpt>
      <trkpt lat="23.059209" lon="113.286433">
        <time>2026-06-27T00:07:48Z</time>
      </trkpt>
      <trkpt lat="23.059305" lon="113.286442">
        <time>2026-06-27T00:07:53Z</time>
      </trkpt>
      <trkpt lat="23.059457" lon="113.28645">
        <time>2026-06-27T00:07:58Z</time>
      </trkpt>
      <trkpt lat="23.059602" lon="113.286459">
        <time>2026-06-27T00:08:03Z</time>
      </trkpt>
      <trkpt lat="23.059696" lon="113.28647">
        <time>2026-06-27T00:08:08Z</time>
      </trkpt>
      <trkpt lat="23.059789" lon="113.286477">
        <time>2026-06-27T00:08:13Z</time>
      </trkpt>
      <trkpt lat="23.059929" lon="113.286471">
        <time>2026-06-27T00:08:18Z</time>
      </trkpt>
      <trkpt lat="23.060062" lon="113.286519">
        <time>2026-06-27T00:08:23Z</time>
      </trkpt>
      <trkpt lat="23.060113" lon="113.286624">
        <time>2026-06-27T00:08:28Z</time>
      </trkpt>
      <trkpt lat="23.060135" lon="113.286758">
        <time>2026-06-27T00:08:33Z</time>
      </trkpt>
      <trkpt lat="23.060149" lon="113.286944">
        <time>2026-06-27T00:08:38Z</time>
      </trkpt>
      <trkpt lat="23.060176" lon="113.287108">
        <time>2026-06-27T00:08:43Z</time>
      </trkpt>
      <trkpt lat="23.060191" lon="113.287218">
        <time>2026-06-27T00:08:48Z</time>
      </trkpt>
      <trkpt lat="23.060199" lon="113.287328">
        <time>2026-06-27T00:08:53Z</time>
      </trkpt>
      <trkpt lat="23.060204" lon="113.287492">
        <time>2026-06-27T00:08:58Z</time>
      </trkpt>
      <trkpt lat="23.060199" lon="113.287659">
        <time>2026-06-27T00:09:03Z</time>
      </trkpt>
      <trkpt lat="23.060198" lon="113.287773">
        <time>2026-06-27T00:09:08Z</time>
      </trkpt>
      <trkpt lat="23.060198" lon="113.287879">
        <time>2026-06-27T00:09:13Z</time>
      </trkpt>
      <trkpt lat="23.060287" lon="113.287888">
        <time>2026-06-27T00:09:18Z</time>
      </trkpt>
      <trkpt lat="23.060274" lon="113.287709">
        <time>2026-06-27T00:09:23Z</time>
      </trkpt>
      <trkpt lat="23.060263" lon="113.287588">
        <time>2026-06-27T00:09:28Z</time>
      </trkpt>
      <trkpt lat="23.060253" lon="113.287472">
        <time>2026-06-27T00:09:33Z</time>
      </trkpt>
      <trkpt lat="23.060237" lon="113.287299">
        <time>2026-06-27T00:09:38Z</time>
      </trkpt>
      <trkpt lat="23.060217" lon="113.287122">
        <time>2026-06-27T00:09:43Z</time>
      </trkpt>
      <trkpt lat="23.06019" lon="113.287008">
        <time>2026-06-27T00:09:48Z</time>
      </trkpt>
      <trkpt lat="23.060185" lon="113.286902">
        <time>2026-06-27T00:09:53Z</time>
      </trkpt>
      <trkpt lat="23.06019" lon="113.286734">
        <time>2026-06-27T00:09:58Z</time>
      </trkpt>
      <trkpt lat="23.060187" lon="113.286567">
        <time>2026-06-27T00:10:03Z</time>
      </trkpt>
      <trkpt lat="23.060264" lon="113.286511">
        <time>2026-06-27T00:10:08Z</time>
      </trkpt>
      <trkpt lat="23.060375" lon="113.286487">
        <time>2026-06-27T00:10:13Z</time>
      </trkpt>
      <trkpt lat="23.06051" lon="113.286448">
        <time>2026-06-27T00:10:18Z</time>
      </trkpt>
      <trkpt lat="23.060525" lon="113.286282">
        <time>2026-06-27T00:10:23Z</time>
      </trkpt>
      <trkpt lat="23.060523" lon="113.286151">
        <time>2026-06-27T00:10:28Z</time>
      </trkpt>
      <trkpt lat="23.060528" lon="113.286028">
        <time>2026-06-27T00:10:33Z</time>
      </trkpt>
      <trkpt lat="23.060545" lon="113.285858">
        <time>2026-06-27T00:10:38Z</time>
      </trkpt>
      <trkpt lat="23.060522" lon="113.285697">
        <time>2026-06-27T00:10:43Z</time>
      </trkpt>
      <trkpt lat="23.060497" lon="113.285587">
        <time>2026-06-27T00:10:48Z</time>
      </trkpt>
      <trkpt lat="23.060489" lon="113.285466">
        <time>2026-06-27T00:10:53Z</time>
      </trkpt>
      <trkpt lat="23.060483" lon="113.285295">
        <time>2026-06-27T00:10:58Z</time>
      </trkpt>
      <trkpt lat="23.060532" lon="113.285131">
        <time>2026-06-27T00:11:03Z</time>
      </trkpt>
      <trkpt lat="23.060574" lon="113.285018">
        <time>2026-06-27T00:11:08Z</time>
      </trkpt>
      <trkpt lat="23.060597" lon="113.284905">
        <time>2026-06-27T00:11:13Z</time>
      </trkpt>
      <trkpt lat="23.06062" lon="113.284734">
        <time>2026-06-27T00:11:18Z</time>
      </trkpt>
      <trkpt lat="23.060643" lon="113.284564">
        <time>2026-06-27T00:11:23Z</time>
      </trkpt>
      <trkpt lat="23.060646" lon="113.284453">
        <time>2026-06-27T00:11:28Z</time>
      </trkpt>
      <trkpt lat="23.060662" lon="113.284345">
        <time>2026-06-27T00:11:33Z</time>
      </trkpt>
      <trkpt lat="23.060689" lon="113.284194">
        <time>2026-06-27T00:11:38Z</time>
      </trkpt>
      <trkpt lat="23.060681" lon="113.284027">
        <time>2026-06-27T00:11:43Z</time>
      </trkpt>
      <trkpt lat="23.060672" lon="113.28392">
        <time>2026-06-27T00:11:48Z</time>
      </trkpt>
      <trkpt lat="23.060676" lon="113.283819">
        <time>2026-06-27T00:11:53Z</time>
      </trkpt>
      <trkpt lat="23.060773" lon="113.283722">
        <time>2026-06-27T00:11:58Z</time>
      </trkpt>
      <trkpt lat="23.0608" lon="113.283574">
        <time>2026-06-27T00:12:03Z</time>
      </trkpt>
      <trkpt lat="23.060811" lon="113.283458">
        <time>2026-06-27T00:12:08Z</time>
      </trkpt>
      <trkpt lat="23.060815" lon="113.28334">
        <time>2026-06-27T00:12:13Z</time>
      </trkpt>
      <trkpt lat="23.060813" lon="113.283185">
        <time>2026-06-27T00:12:18Z</time>
      </trkpt>
      <trkpt lat="23.060864" lon="113.283046">
        <time>2026-06-27T00:12:23Z</time>
      </trkpt>
      <trkpt lat="23.060921" lon="113.282956">
        <time>2026-06-27T00:12:28Z</time>
      </trkpt>
      <trkpt lat="23.060982" lon="113.282862">
        <time>2026-06-27T00:12:33Z</time>
      </trkpt>
      <trkpt lat="23.061052" lon="113.282703">
        <time>2026-06-27T00:12:38Z</time>
      </trkpt>
      <trkpt lat="23.061107" lon="113.282552">
        <time>2026-06-27T00:12:43Z</time>
      </trkpt>
      <trkpt lat="23.061141" lon="113.282453">
        <time>2026-06-27T00:12:48Z</time>
      </trkpt>
      <trkpt lat="23.06116" lon="113.282348">
        <time>2026-06-27T00:12:53Z</time>
      </trkpt>
      <trkpt lat="23.061072" lon="113.282237">
        <time>2026-06-27T00:12:58Z</time>
      </trkpt>
      <trkpt lat="23.060907" lon="113.282237">
        <time>2026-06-27T00:13:03Z</time>
      </trkpt>
      <trkpt lat="23.060797" lon="113.282234">
        <time>2026-06-27T00:13:08Z</time>
      </trkpt>
      <trkpt lat="23.060686" lon="113.282232">
        <time>2026-06-27T00:13:13Z</time>
      </trkpt>
      <trkpt lat="23.060538" lon="113.282273">
        <time>2026-06-27T00:13:18Z</time>
      </trkpt>
      <trkpt lat="23.060452" lon="113.282418">
        <time>2026-06-27T00:13:23Z</time>
      </trkpt>
      <trkpt lat="23.060407" lon="113.282516">
        <time>2026-06-27T00:13:28Z</time>
      </trkpt>
      <trkpt lat="23.060363" lon="113.282616">
        <time>2026-06-27T00:13:33Z</time>
      </trkpt>
      <trkpt lat="23.060303" lon="113.282763">
        <time>2026-06-27T00:13:38Z</time>
      </trkpt>
      <trkpt lat="23.060254" lon="113.282915">
        <time>2026-06-27T00:13:43Z</time>
      </trkpt>
      <trkpt lat="23.060216" lon="113.283013">
        <time>2026-06-27T00:13:48Z</time>
      </trkpt>
      <trkpt lat="23.060175" lon="113.283111">
        <time>2026-06-27T00:13:53Z</time>
      </trkpt>
      <trkpt lat="23.060098" lon="113.283257">
        <time>2026-06-27T00:13:58Z</time>
      </trkpt>
      <trkpt lat="23.060025" lon="113.2834">
        <time>2026-06-27T00:14:03Z</time>
      </trkpt>
      <trkpt lat="23.059963" lon="113.283416">
        <time>2026-06-27T00:14:08Z</time>
      </trkpt>
      <trkpt lat="23.059953" lon="113.28332">
        <time>2026-06-27T00:14:13Z</time>
      </trkpt>
      <trkpt lat="23.060032" lon="113.283154">
        <time>2026-06-27T00:14:18Z</time>
      </trkpt>
      <trkpt lat="23.060113" lon="113.282999">
        <time>2026-06-27T00:14:23Z</time>
      </trkpt>
      <trkpt lat="23.060166" lon="113.2829">
        <time>2026-06-27T00:14:28Z</time>
      </trkpt>
      <trkpt lat="23.060214" lon="113.282804">
        <time>2026-06-27T00:14:33Z</time>
      </trkpt>
      <trkpt lat="23.060279" lon="113.282657">
        <time>2026-06-27T00:14:38Z</time>
      </trkpt>
      <trkpt lat="23.060343" lon="113.282505">
        <time>2026-06-27T00:14:43Z</time>
      </trkpt>
      <trkpt lat="23.060381" lon="113.282399">
        <time>2026-06-27T00:14:48Z</time>
      </trkpt>
      <trkpt lat="23.060414" lon="113.282292">
        <time>2026-06-27T00:14:53Z</time>
      </trkpt>
      <trkpt lat="23.06047" lon="113.282133">
        <time>2026-06-27T00:14:58Z</time>
      </trkpt>
      <trkpt lat="23.060537" lon="113.281992">
        <time>2026-06-27T00:15:03Z</time>
      </trkpt>
      <trkpt lat="23.06058" lon="113.281896">
        <time>2026-06-27T00:15:08Z</time>
      </trkpt>
      <trkpt lat="23.06062" lon="113.281798">
        <time>2026-06-27T00:15:13Z</time>
      </trkpt>
      <trkpt lat="23.060679" lon="113.281652">
        <time>2026-06-27T00:15:18Z</time>
      </trkpt>
      <trkpt lat="23.060746" lon="113.281501">
        <time>2026-06-27T00:15:23Z</time>
      </trkpt>
      <trkpt lat="23.060786" lon="113.281402">
        <time>2026-06-27T00:15:28Z</time>
      </trkpt>
      <trkpt lat="23.060828" lon="113.2813">
        <time>2026-06-27T00:15:33Z</time>
      </trkpt>
      <trkpt lat="23.060896" lon="113.281154">
        <time>2026-06-27T00:15:38Z</time>
      </trkpt>
      <trkpt lat="23.060956" lon="113.281012">
        <time>2026-06-27T00:15:43Z</time>
      </trkpt>
      <trkpt lat="23.060994" lon="113.280921">
        <time>2026-06-27T00:15:48Z</time>
      </trkpt>
      <trkpt lat="23.061031" lon="113.280832">
        <time>2026-06-27T00:15:53Z</time>
      </trkpt>
      <trkpt lat="23.061087" lon="113.280698">
        <time>2026-06-27T00:15:58Z</time>
      </trkpt>
      <trkpt lat="23.061154" lon="113.280558">
        <time>2026-06-27T00:16:03Z</time>
      </trkpt>
      <trkpt lat="23.061196" lon="113.280461">
        <time>2026-06-27T00:16:08Z</time>
      </trkpt>
      <trkpt lat="23.061233" lon="113.280367">
        <time>2026-06-27T00:16:13Z</time>
      </trkpt>
      <trkpt lat="23.061293" lon="113.280225">
        <time>2026-06-27T00:16:18Z</time>
      </trkpt>
      <trkpt lat="23.061349" lon="113.28009">
        <time>2026-06-27T00:16:23Z</time>
      </trkpt>
      <trkpt lat="23.061389" lon="113.280005">
        <time>2026-06-27T00:16:28Z</time>
      </trkpt>
      <trkpt lat="23.061432" lon="113.27992">
        <time>2026-06-27T00:16:33Z</time>
      </trkpt>
      <trkpt lat="23.061494" lon="113.279785">
        <time>2026-06-27T00:16:38Z</time>
      </trkpt>
      <trkpt lat="23.061558" lon="113.279654">
        <time>2026-06-27T00:16:43Z</time>
      </trkpt>
      <trkpt lat="23.061591" lon="113.279567">
        <time>2026-06-27T00:16:48Z</time>
      </trkpt>
      <trkpt lat="23.061621" lon="113.279477">
        <time>2026-06-27T00:16:53Z</time>
      </trkpt>
      <trkpt lat="23.061673" lon="113.279347">
        <time>2026-06-27T00:16:58Z</time>
      </trkpt>
      <trkpt lat="23.061726" lon="113.27922">
        <time>2026-06-27T00:17:03Z</time>
      </trkpt>
      <trkpt lat="23.061774" lon="113.279134">
        <time>2026-06-27T00:17:08Z</time>
      </trkpt>
      <trkpt lat="23.061825" lon="113.279052">
        <time>2026-06-27T00:17:13Z</time>
      </trkpt>
      <trkpt lat="23.061905" lon="113.278929">
        <time>2026-06-27T00:17:18Z</time>
      </trkpt>
      <trkpt lat="23.061968" lon="113.278789">
        <time>2026-06-27T00:17:23Z</time>
      </trkpt>
      <trkpt lat="23.061983" lon="113.278688">
        <time>2026-06-27T00:17:28Z</time>
      </trkpt>
      <trkpt lat="23.06198" lon="113.278586">
        <time>2026-06-27T00:17:33Z</time>
      </trkpt>
      <trkpt lat="23.061973" lon="113.278432">
        <time>2026-06-27T00:17:38Z</time>
      </trkpt>
      <trkpt lat="23.061966" lon="113.278273">
        <time>2026-06-27T00:17:43Z</time>
      </trkpt>
      <trkpt lat="23.06196" lon="113.278166">
        <time>2026-06-27T00:17:48Z</time>
      </trkpt>
      <trkpt lat="23.061956" lon="113.278058">
        <time>2026-06-27T00:17:53Z</time>
      </trkpt>
      <trkpt lat="23.06195" lon="113.277898">
        <time>2026-06-27T00:17:58Z</time>
      </trkpt>
      <trkpt lat="23.061963" lon="113.277733">
        <time>2026-06-27T00:18:03Z</time>
      </trkpt>
      <trkpt lat="23.061996" lon="113.277624">
        <time>2026-06-27T00:18:08Z</time>
      </trkpt>
      <trkpt lat="23.062037" lon="113.27752">
        <time>2026-06-27T00:18:13Z</time>
      </trkpt>
      <trkpt lat="23.062096" lon="113.277374">
        <time>2026-06-27T00:18:18Z</time>
      </trkpt>
      <trkpt lat="23.062155" lon="113.277223">
        <time>2026-06-27T00:18:23Z</time>
      </trkpt>
      <trkpt lat="23.062192" lon="113.277121">
        <time>2026-06-27T00:18:28Z</time>
      </trkpt>
      <trkpt lat="23.062228" lon="113.277027">
        <time>2026-06-27T00:18:33Z</time>
      </trkpt>
      <trkpt lat="23.06228" lon="113.276881">
        <time>2026-06-27T00:18:38Z</time>
      </trkpt>
      <trkpt lat="23.062329" lon="113.276734">
        <time>2026-06-27T00:18:43Z</time>
      </trkpt>
      <trkpt lat="23.062365" lon="113.276634">
        <time>2026-06-27T00:18:48Z</time>
      </trkpt>
      <trkpt lat="23.062402" lon="113.276536">
        <time>2026-06-27T00:18:53Z</time>
      </trkpt>
      <trkpt lat="23.062455" lon="113.27639">
        <time>2026-06-27T00:18:58Z</time>
      </trkpt>
      <trkpt lat="23.062512" lon="113.276245">
        <time>2026-06-27T00:19:03Z</time>
      </trkpt>
      <trkpt lat="23.062562" lon="113.276149">
        <time>2026-06-27T00:19:08Z</time>
      </trkpt>
      <trkpt lat="23.062616" lon="113.27606">
        <time>2026-06-27T00:19:13Z</time>
      </trkpt>
      <trkpt lat="23.062702" lon="113.275933">
        <time>2026-06-27T00:19:18Z</time>
      </trkpt>
      <trkpt lat="23.062805" lon="113.275818">
        <time>2026-06-27T00:19:23Z</time>
      </trkpt>
      <trkpt lat="23.062883" lon="113.27575">
        <time>2026-06-27T00:19:28Z</time>
      </trkpt>
      <trkpt lat="23.062963" lon="113.275673">
        <time>2026-06-27T00:19:33Z</time>
      </trkpt>
      <trkpt lat="23.063065" lon="113.275549">
        <time>2026-06-27T00:19:38Z</time>
      </trkpt>
      <trkpt lat="23.063144" lon="113.275411">
        <time>2026-06-27T00:19:43Z</time>
      </trkpt>
      <trkpt lat="23.063198" lon="113.275315">
        <time>2026-06-27T00:19:48Z</time>
      </trkpt>
      <trkpt lat="23.06325" lon="113.275223">
        <time>2026-06-27T00:19:53Z</time>
      </trkpt>
      <trkpt lat="23.063333" lon="113.275098">
        <time>2026-06-27T00:19:58Z</time>
      </trkpt>
      <trkpt lat="23.063381" lon="113.274949">
        <time>2026-06-27T00:20:03Z</time>
      </trkpt>
      <trkpt lat="23.063407" lon="113.274853">
        <time>2026-06-27T00:20:08Z</time>
      </trkpt>
      <trkpt lat="23.06344" lon="113.274756">
        <time>2026-06-27T00:20:13Z</time>
      </trkpt>
      <trkpt lat="23.063487" lon="113.274616">
        <time>2026-06-27T00:20:18Z</time>
      </trkpt>
      <trkpt lat="23.063542" lon="113.274475">
        <time>2026-06-27T00:20:23Z</time>
      </trkpt>
      <trkpt lat="23.063592" lon="113.274394">
        <time>2026-06-27T00:20:28Z</time>
      </trkpt>
      <trkpt lat="23.063654" lon="113.274324">
        <time>2026-06-27T00:20:33Z</time>
      </trkpt>
      <trkpt lat="23.06375" lon="113.274201">
        <time>2026-06-27T00:20:38Z</time>
      </trkpt>
      <trkpt lat="23.063845" lon="113.274062">
        <time>2026-06-27T00:20:43Z</time>
      </trkpt>
      <trkpt lat="23.063904" lon="113.273955">
        <time>2026-06-27T00:20:48Z</time>
      </trkpt>
      <trkpt lat="23.063956" lon="113.273859">
        <time>2026-06-27T00:20:53Z</time>
      </trkpt>
      <trkpt lat="23.064041" lon="113.273728">
        <time>2026-06-27T00:20:58Z</time>
      </trkpt>
      <trkpt lat="23.064154" lon="113.27363">
        <time>2026-06-27T00:21:03Z</time>
      </trkpt>
      <trkpt lat="23.064238" lon="113.27357">
        <time>2026-06-27T00:21:08Z</time>
      </trkpt>
      <trkpt lat="23.06432" lon="113.273509">
        <time>2026-06-27T00:21:13Z</time>
      </trkpt>
      <trkpt lat="23.064439" lon="113.27341">
        <time>2026-06-27T00:21:18Z</time>
      </trkpt>
      <trkpt lat="23.064537" lon="113.273291">
        <time>2026-06-27T00:21:23Z</time>
      </trkpt>
      <trkpt lat="23.064575" lon="113.273187">
        <time>2026-06-27T00:21:28Z</time>
      </trkpt>
      <trkpt lat="23.064583" lon="113.273072">
        <time>2026-06-27T00:21:33Z</time>
      </trkpt>
      <trkpt lat="23.064559" lon="113.272931">
        <time>2026-06-27T00:21:38Z</time>
      </trkpt>
      <trkpt lat="23.064549" lon="113.272865">
        <time>2026-06-27T00:21:43Z</time>
      </trkpt>
      <trkpt lat="23.064541" lon="113.272895">
        <time>2026-06-27T00:21:48Z</time>
      </trkpt>
      <trkpt lat="23.06454" lon="113.272938">
        <time>2026-06-27T00:21:53Z</time>
      </trkpt>
      <trkpt lat="23.064535" lon="113.272936">
        <time>2026-06-27T00:21:58Z</time>
      </trkpt>
      <trkpt lat="23.064533" lon="113.272866">
        <time>2026-06-27T00:22:03Z</time>
      </trkpt>
      <trkpt lat="23.064508" lon="113.272844">
        <time>2026-06-27T00:22:08Z</time>
      </trkpt>
      <trkpt lat="23.06448" lon="113.272761">
        <time>2026-06-27T00:22:13Z</time>
      </trkpt>
      <trkpt lat="23.064464" lon="113.2726">
        <time>2026-06-27T00:22:18Z</time>
      </trkpt>
      <trkpt lat="23.06453" lon="113.272477">
        <time>2026-06-27T00:22:23Z</time>
      </trkpt>
      <trkpt lat="23.064564" lon="113.272385">
        <time>2026-06-27T00:22:28Z</time>
      </trkpt>
      <trkpt lat="23.064588" lon="113.27228">
        <time>2026-06-27T00:22:33Z</time>
      </trkpt>
      <trkpt lat="23.064649" lon="113.272132">
        <time>2026-06-27T00:22:38Z</time>
      </trkpt>
      <trkpt lat="23.064721" lon="113.271994">
        <time>2026-06-27T00:22:43Z</time>
      </trkpt>
      <trkpt lat="23.064771" lon="113.271904">
        <time>2026-06-27T00:22:48Z</time>
      </trkpt>
      <trkpt lat="23.064821" lon="113.271813">
        <time>2026-06-27T00:22:53Z</time>
      </trkpt>
      <trkpt lat="23.064891" lon="113.271668">
        <time>2026-06-27T00:22:58Z</time>
      </trkpt>
      <trkpt lat="23.064929" lon="113.271505">
        <time>2026-06-27T00:23:03Z</time>
      </trkpt>
      <trkpt lat="23.064966" lon="113.271408">
        <time>2026-06-27T00:23:08Z</time>
      </trkpt>
      <trkpt lat="23.065006" lon="113.271319">
        <time>2026-06-27T00:23:13Z</time>
      </trkpt>
      <trkpt lat="23.065059" lon="113.271178">
        <time>2026-06-27T00:23:18Z</time>
      </trkpt>
      <trkpt lat="23.065131" lon="113.271024">
        <time>2026-06-27T00:23:23Z</time>
      </trkpt>
      <trkpt lat="23.065174" lon="113.270918">
        <time>2026-06-27T00:23:28Z</time>
      </trkpt>
      <trkpt lat="23.065217" lon="113.270812">
        <time>2026-06-27T00:23:33Z</time>
      </trkpt>
      <trkpt lat="23.065287" lon="113.270662">
        <time>2026-06-27T00:23:38Z</time>
      </trkpt>
      <trkpt lat="23.065355" lon="113.270516">
        <time>2026-06-27T00:23:43Z</time>
      </trkpt>
      <trkpt lat="23.065394" lon="113.270416">
        <time>2026-06-27T00:23:48Z</time>
      </trkpt>
      <trkpt lat="23.065437" lon="113.270318">
        <time>2026-06-27T00:23:53Z</time>
      </trkpt>
      <trkpt lat="23.0655" lon="113.27017">
        <time>2026-06-27T00:23:58Z</time>
      </trkpt>
      <trkpt lat="23.065548" lon="113.270026">
        <time>2026-06-27T00:24:03Z</time>
      </trkpt>
      <trkpt lat="23.06558" lon="113.269925">
        <time>2026-06-27T00:24:08Z</time>
      </trkpt>
      <trkpt lat="23.065613" lon="113.269827">
        <time>2026-06-27T00:24:13Z</time>
      </trkpt>
      <trkpt lat="23.065669" lon="113.269682">
        <time>2026-06-27T00:24:18Z</time>
      </trkpt>
      <trkpt lat="23.065717" lon="113.269526">
        <time>2026-06-27T00:24:23Z</time>
      </trkpt>
      <trkpt lat="23.065739" lon="113.269418">
        <time>2026-06-27T00:24:28Z</time>
      </trkpt>
      <trkpt lat="23.065765" lon="113.269311">
        <time>2026-06-27T00:24:33Z</time>
      </trkpt>
      <trkpt lat="23.065812" lon="113.269153">
        <time>2026-06-27T00:24:38Z</time>
      </trkpt>
      <trkpt lat="23.065862" lon="113.269003">
        <time>2026-06-27T00:24:43Z</time>
      </trkpt>
      <trkpt lat="23.065903" lon="113.268905">
        <time>2026-06-27T00:24:48Z</time>
      </trkpt>
      <trkpt lat="23.065946" lon="113.268809">
        <time>2026-06-27T00:24:53Z</time>
      </trkpt>
      <trkpt lat="23.06601" lon="113.268664">
        <time>2026-06-27T00:24:58Z</time>
      </trkpt>
      <trkpt lat="23.066087" lon="113.268521">
        <time>2026-06-27T00:25:03Z</time>
      </trkpt>
      <trkpt lat="23.066146" lon="113.268432">
        <time>2026-06-27T00:25:08Z</time>
      </trkpt>
      <trkpt lat="23.066204" lon="113.268345">
        <time>2026-06-27T00:25:13Z</time>
      </trkpt>
      <trkpt lat="23.066298" lon="113.268223">
        <time>2026-06-27T00:25:18Z</time>
      </trkpt>
      <trkpt lat="23.066428" lon="113.268139">
        <time>2026-06-27T00:25:23Z</time>
      </trkpt>
      <trkpt lat="23.066528" lon="113.268127">
        <time>2026-06-27T00:25:28Z</time>
      </trkpt>
      <trkpt lat="23.066624" lon="113.268142">
        <time>2026-06-27T00:25:33Z</time>
      </trkpt>
      <trkpt lat="23.066767" lon="113.268142">
        <time>2026-06-27T00:25:38Z</time>
      </trkpt>
      <trkpt lat="23.066915" lon="113.26815">
        <time>2026-06-27T00:25:43Z</time>
      </trkpt>
      <trkpt lat="23.067009" lon="113.268176">
        <time>2026-06-27T00:25:48Z</time>
      </trkpt>
      <trkpt lat="23.067092" lon="113.268226">
        <time>2026-06-27T00:25:53Z</time>
      </trkpt>
      <trkpt lat="23.06722" lon="113.268303">
        <time>2026-06-27T00:25:58Z</time>
      </trkpt>
      <trkpt lat="23.067343" lon="113.268388">
        <time>2026-06-27T00:26:03Z</time>
      </trkpt>
      <trkpt lat="23.067418" lon="113.268424">
        <time>2026-06-27T00:26:08Z</time>
      </trkpt>
      <trkpt lat="23.067492" lon="113.268462">
        <time>2026-06-27T00:26:13Z</time>
      </trkpt>
      <trkpt lat="23.067629" lon="113.268537">
        <time>2026-06-27T00:26:18Z</time>
      </trkpt>
      <trkpt lat="23.06777" lon="113.26861">
        <time>2026-06-27T00:26:23Z</time>
      </trkpt>
      <trkpt lat="23.067842" lon="113.268599">
        <time>2026-06-27T00:26:28Z</time>
      </trkpt>
      <trkpt lat="23.067817" lon="113.268515">
        <time>2026-06-27T00:26:33Z</time>
      </trkpt>
      <trkpt lat="23.067692" lon="113.268411">
        <time>2026-06-27T00:26:38Z</time>
      </trkpt>
      <trkpt lat="23.067549" lon="113.268333">
        <time>2026-06-27T00:26:43Z</time>
      </trkpt>
      <trkpt lat="23.06745" lon="113.268287">
        <time>2026-06-27T00:26:48Z</time>
      </trkpt>
      <trkpt lat="23.067354" lon="113.268244">
        <time>2026-06-27T00:26:53Z</time>
      </trkpt>
      <trkpt lat="23.067215" lon="113.268189">
        <time>2026-06-27T00:26:58Z</time>
      </trkpt>
      <trkpt lat="23.067091" lon="113.268128">
        <time>2026-06-27T00:27:03Z</time>
      </trkpt>
      <trkpt lat="23.067009" lon="113.268089">
        <time>2026-06-27T00:27:08Z</time>
      </trkpt>
      <trkpt lat="23.066914" lon="113.268049">
        <time>2026-06-27T00:27:13Z</time>
      </trkpt>
      <trkpt lat="23.066764" lon="113.268">
        <time>2026-06-27T00:27:18Z</time>
      </trkpt>
      <trkpt lat="23.066617" lon="113.26799">
        <time>2026-06-27T00:27:23Z</time>
      </trkpt>
      <trkpt lat="23.066527" lon="113.267963">
        <time>2026-06-27T00:27:28Z</time>
      </trkpt>
      <trkpt lat="23.066433" lon="113.267937">
        <time>2026-06-27T00:27:33Z</time>
      </trkpt>
      <trkpt lat="23.066287" lon="113.267959">
        <time>2026-06-27T00:27:38Z</time>
      </trkpt>
      <trkpt lat="23.066166" lon="113.268048">
        <time>2026-06-27T00:27:43Z</time>
      </trkpt>
      <trkpt lat="23.066093" lon="113.268126">
        <time>2026-06-27T00:27:48Z</time>
      </trkpt>
      <trkpt lat="23.066025" lon="113.26821">
        <time>2026-06-27T00:27:53Z</time>
      </trkpt>
      <trkpt lat="23.065934" lon="113.268339">
        <time>2026-06-27T00:27:58Z</time>
      </trkpt>
      <trkpt lat="23.065846" lon="113.268472">
        <time>2026-06-27T00:28:03Z</time>
      </trkpt>
      <trkpt lat="23.065797" lon="113.268563">
        <time>2026-06-27T00:28:08Z</time>
      </trkpt>
      <trkpt lat="23.065748" lon="113.268661">
        <time>2026-06-27T00:28:13Z</time>
      </trkpt>
      <trkpt lat="23.065681" lon="113.268813">
        <time>2026-06-27T00:28:18Z</time>
      </trkpt>
      <trkpt lat="23.065624" lon="113.268963">
        <time>2026-06-27T00:28:23Z</time>
      </trkpt>
      <trkpt lat="23.065593" lon="113.269061">
        <time>2026-06-27T00:28:28Z</time>
      </trkpt>
      <trkpt lat="23.065567" lon="113.26916">
        <time>2026-06-27T00:28:33Z</time>
      </trkpt>
      <trkpt lat="23.065528" lon="113.269305">
        <time>2026-06-27T00:28:38Z</time>
      </trkpt>
      <trkpt lat="23.065495" lon="113.269454">
        <time>2026-06-27T00:28:43Z</time>
      </trkpt>
      <trkpt lat="23.065475" lon="113.269553">
        <time>2026-06-27T00:28:48Z</time>
      </trkpt>
      <trkpt lat="23.065451" lon="113.26965">
        <time>2026-06-27T00:28:53Z</time>
      </trkpt>
      <trkpt lat="23.065408" lon="113.26979">
        <time>2026-06-27T00:28:58Z</time>
      </trkpt>
      <trkpt lat="23.065362" lon="113.269933">
        <time>2026-06-27T00:29:03Z</time>
      </trkpt>
      <trkpt lat="23.065329" lon="113.270027">
        <time>2026-06-27T00:29:08Z</time>
      </trkpt>
      <trkpt lat="23.065295" lon="113.270121">
        <time>2026-06-27T00:29:13Z</time>
      </trkpt>
      <trkpt lat="23.065234" lon="113.270268">
        <time>2026-06-27T00:29:18Z</time>
      </trkpt>
      <trkpt lat="23.065163" lon="113.270401">
        <time>2026-06-27T00:29:23Z</time>
      </trkpt>
      <trkpt lat="23.06512" lon="113.270491">
        <time>2026-06-27T00:29:28Z</time>
      </trkpt>
      <trkpt lat="23.065075" lon="113.270579">
        <time>2026-06-27T00:29:33Z</time>
      </trkpt>
      <trkpt lat="23.065011" lon="113.270714">
        <time>2026-06-27T00:29:38Z</time>
      </trkpt>
      <trkpt lat="23.064951" lon="113.270849">
        <time>2026-06-27T00:29:43Z</time>
      </trkpt>
      <trkpt lat="23.064908" lon="113.27094">
        <time>2026-06-27T00:29:48Z</time>
      </trkpt>
      <trkpt lat="23.064872" lon="113.271031">
        <time>2026-06-27T00:29:53Z</time>
      </trkpt>
      <trkpt lat="23.064811" lon="113.271171">
        <time>2026-06-27T00:29:58Z</time>
      </trkpt>
      <trkpt lat="23.064747" lon="113.271305">
        <time>2026-06-27T00:30:03Z</time>
      </trkpt>
      <trkpt lat="23.064705" lon="113.271397">
        <time>2026-06-27T00:30:08Z</time>
      </trkpt>
      <trkpt lat="23.064661" lon="113.271492">
        <time>2026-06-27T00:30:13Z</time>
      </trkpt>
      <trkpt lat="23.064597" lon="113.27163">
        <time>2026-06-27T00:30:18Z</time>
      </trkpt>
      <trkpt lat="23.064532" lon="113.271769">
        <time>2026-06-27T00:30:23Z</time>
      </trkpt>
      <trkpt lat="23.064496" lon="113.271866">
        <time>2026-06-27T00:30:28Z</time>
      </trkpt>
      <trkpt lat="23.064454" lon="113.271961">
        <time>2026-06-27T00:30:33Z</time>
      </trkpt>
      <trkpt lat="23.064391" lon="113.272096">
        <time>2026-06-27T00:30:38Z</time>
      </trkpt>
      <trkpt lat="23.064328" lon="113.272233">
        <time>2026-06-27T00:30:43Z</time>
      </trkpt>
      <trkpt lat="23.064321" lon="113.272333">
        <time>2026-06-27T00:30:48Z</time>
      </trkpt>
      <trkpt lat="23.064321" lon="113.272433">
        <time>2026-06-27T00:30:53Z</time>
      </trkpt>
      <trkpt lat="23.064319" lon="113.272582">
        <time>2026-06-27T00:30:58Z</time>
      </trkpt>
      <trkpt lat="23.064344" lon="113.272741">
        <time>2026-06-27T00:31:03Z</time>
      </trkpt>
      <trkpt lat="23.064376" lon="113.272843">
        <time>2026-06-27T00:31:08Z</time>
      </trkpt>
      <trkpt lat="23.06441" lon="113.272939">
        <time>2026-06-27T00:31:13Z</time>
      </trkpt>
      <trkpt lat="23.064455" lon="113.27308">
        <time>2026-06-27T00:31:18Z</time>
      </trkpt>
      <trkpt lat="23.064464" lon="113.27322">
        <time>2026-06-27T00:31:23Z</time>
      </trkpt>
      <trkpt lat="23.064426" lon="113.273306">
        <time>2026-06-27T00:31:28Z</time>
      </trkpt>
      <trkpt lat="23.064354" lon="113.27337">
        <time>2026-06-27T00:31:33Z</time>
      </trkpt>
      <trkpt lat="23.064229" lon="113.273456">
        <time>2026-06-27T00:31:38Z</time>
      </trkpt>
      <trkpt lat="23.064114" lon="113.273548">
        <time>2026-06-27T00:31:43Z</time>
      </trkpt>
      <trkpt lat="23.064037" lon="113.273609">
        <time>2026-06-27T00:31:48Z</time>
      </trkpt>
      <trkpt lat="23.063965" lon="113.273675">
        <time>2026-06-27T00:31:53Z</time>
      </trkpt>
      <trkpt lat="23.063877" lon="113.273793">
        <time>2026-06-27T00:31:58Z</time>
      </trkpt>
      <trkpt lat="23.063799" lon="113.273924">
        <time>2026-06-27T00:32:03Z</time>
      </trkpt>
      <trkpt lat="23.06375" lon="113.274013">
        <time>2026-06-27T00:32:08Z</time>
      </trkpt>
      <trkpt lat="23.063694" lon="113.274092">
        <time>2026-06-27T00:32:13Z</time>
      </trkpt>
      <trkpt lat="23.063595" lon="113.27418">
        <time>2026-06-27T00:32:18Z</time>
      </trkpt>
      <trkpt lat="23.063521" lon="113.274309">
        <time>2026-06-27T00:32:23Z</time>
      </trkpt>
      <trkpt lat="23.063468" lon="113.274405">
        <time>2026-06-27T00:32:28Z</time>
      </trkpt>
      <trkpt lat="23.063414" lon="113.274505">
        <time>2026-06-27T00:32:33Z</time>
      </trkpt>
      <trkpt lat="23.063363" lon="113.274649">
        <time>2026-06-27T00:32:38Z</time>
      </trkpt>
      <trkpt lat="23.063321" lon="113.27479">
        <time>2026-06-27T00:32:43Z</time>
      </trkpt>
      <trkpt lat="23.063288" lon="113.274887">
        <time>2026-06-27T00:32:48Z</time>
      </trkpt>
      <trkpt lat="23.063256" lon="113.274987">
        <time>2026-06-27T00:32:53Z</time>
      </trkpt>
      <trkpt lat="23.063188" lon="113.275124">
        <time>2026-06-27T00:32:58Z</time>
      </trkpt>
      <trkpt lat="23.063108" lon="113.275253">
        <time>2026-06-27T00:33:03Z</time>
      </trkpt>
      <trkpt lat="23.063059" lon="113.275342">
        <time>2026-06-27T00:33:08Z</time>
      </trkpt>
      <trkpt lat="23.063009" lon="113.275422">
        <time>2026-06-27T00:33:13Z</time>
      </trkpt>
      <trkpt lat="23.062923" lon="113.275538">
        <time>2026-06-27T00:33:18Z</time>
      </trkpt>
      <trkpt lat="23.06282" lon="113.275654">
        <time>2026-06-27T00:33:23Z</time>
      </trkpt>
      <trkpt lat="23.062748" lon="113.275724">
        <time>2026-06-27T00:33:28Z</time>
      </trkpt>
      <trkpt lat="23.062679" lon="113.275797">
        <time>2026-06-27T00:33:33Z</time>
      </trkpt>
      <trkpt lat="23.062585" lon="113.275911">
        <time>2026-06-27T00:33:38Z</time>
      </trkpt>
      <trkpt lat="23.0625" lon="113.27604">
        <time>2026-06-27T00:33:43Z</time>
      </trkpt>
      <trkpt lat="23.062453" lon="113.27613">
        <time>2026-06-27T00:33:48Z</time>
      </trkpt>
      <trkpt lat="23.062414" lon="113.276226">
        <time>2026-06-27T00:33:53Z</time>
      </trkpt>
      <trkpt lat="23.062369" lon="113.276367">
        <time>2026-06-27T00:33:58Z</time>
      </trkpt>
      <trkpt lat="23.062321" lon="113.276505">
        <time>2026-06-27T00:34:03Z</time>
      </trkpt>
      <trkpt lat="23.062288" lon="113.276597">
        <time>2026-06-27T00:34:08Z</time>
      </trkpt>
      <trkpt lat="23.062256" lon="113.276686">
        <time>2026-06-27T00:34:13Z</time>
      </trkpt>
      <trkpt lat="23.062211" lon="113.276817">
        <time>2026-06-27T00:34:18Z</time>
      </trkpt>
      <trkpt lat="23.06216" lon="113.276956">
        <time>2026-06-27T00:34:23Z</time>
      </trkpt>
      <trkpt lat="23.062126" lon="113.277046">
        <time>2026-06-27T00:34:28Z</time>
      </trkpt>
      <trkpt lat="23.062094" lon="113.277142">
        <time>2026-06-27T00:34:33Z</time>
      </trkpt>
      <trkpt lat="23.062036" lon="113.277284">
        <time>2026-06-27T00:34:38Z</time>
      </trkpt>
      <trkpt lat="23.061975" lon="113.277424">
        <time>2026-06-27T00:34:43Z</time>
      </trkpt>
      <trkpt lat="23.061939" lon="113.277516">
        <time>2026-06-27T00:34:48Z</time>
      </trkpt>
      <trkpt lat="23.061903" lon="113.277608">
        <time>2026-06-27T00:34:53Z</time>
      </trkpt>
      <trkpt lat="23.06186" lon="113.277756">
        <time>2026-06-27T00:34:58Z</time>
      </trkpt>
      <trkpt lat="23.061841" lon="113.277911">
        <time>2026-06-27T00:35:03Z</time>
      </trkpt>
      <trkpt lat="23.061844" lon="113.278009">
        <time>2026-06-27T00:35:08Z</time>
      </trkpt>
      <trkpt lat="23.06185" lon="113.278109">
        <time>2026-06-27T00:35:13Z</time>
      </trkpt>
      <trkpt lat="23.061857" lon="113.278262">
        <time>2026-06-27T00:35:18Z</time>
      </trkpt>
      <trkpt lat="23.061867" lon="113.278414">
        <time>2026-06-27T00:35:23Z</time>
      </trkpt>
      <trkpt lat="23.061872" lon="113.278514">
        <time>2026-06-27T00:35:28Z</time>
      </trkpt>
      <trkpt lat="23.061874" lon="113.278609">
        <time>2026-06-27T00:35:33Z</time>
      </trkpt>
      <trkpt lat="23.061848" lon="113.278744">
        <time>2026-06-27T00:35:38Z</time>
      </trkpt>
      <trkpt lat="23.061785" lon="113.278872">
        <time>2026-06-27T00:35:43Z</time>
      </trkpt>
      <trkpt lat="23.061737" lon="113.278956">
        <time>2026-06-27T00:35:48Z</time>
      </trkpt>
      <trkpt lat="23.061688" lon="113.279039">
        <time>2026-06-27T00:35:53Z</time>
      </trkpt>
      <trkpt lat="23.061619" lon="113.279169">
        <time>2026-06-27T00:35:58Z</time>
      </trkpt>
      <trkpt lat="23.061561" lon="113.279307">
        <time>2026-06-27T00:36:03Z</time>
      </trkpt>
      <trkpt lat="23.061529" lon="113.279396">
        <time>2026-06-27T00:36:08Z</time>
      </trkpt>
      <trkpt lat="23.061497" lon="113.279485">
        <time>2026-06-27T00:36:13Z</time>
      </trkpt>
      <trkpt lat="23.06144" lon="113.279619">
        <time>2026-06-27T00:36:18Z</time>
      </trkpt>
      <trkpt lat="23.061386" lon="113.279761">
        <time>2026-06-27T00:36:23Z</time>
      </trkpt>
      <trkpt lat="23.061346" lon="113.279856">
        <time>2026-06-27T00:36:28Z</time>
      </trkpt>
      <trkpt lat="23.061309" lon="113.279948">
        <time>2026-06-27T00:36:33Z</time>
      </trkpt>
      <trkpt lat="23.061251" lon="113.280089">
        <time>2026-06-27T00:36:38Z</time>
      </trkpt>
      <trkpt lat="23.061191" lon="113.280233">
        <time>2026-06-27T00:36:43Z</time>
      </trkpt>
      <trkpt lat="23.061149" lon="113.28033">
        <time>2026-06-27T00:36:48Z</time>
      </trkpt>
      <trkpt lat="23.061105" lon="113.280426">
        <time>2026-06-27T00:36:53Z</time>
      </trkpt>
      <trkpt lat="23.06104" lon="113.280572">
        <time>2026-06-27T00:36:58Z</time>
      </trkpt>
      <trkpt lat="23.060979" lon="113.280713">
        <time>2026-06-27T00:37:03Z</time>
      </trkpt>
      <trkpt lat="23.060936" lon="113.280808">
        <time>2026-06-27T00:37:08Z</time>
      </trkpt>
      <trkpt lat="23.060891" lon="113.280902">
        <time>2026-06-27T00:37:13Z</time>
      </trkpt>
      <trkpt lat="23.060828" lon="113.281043">
        <time>2026-06-27T00:37:18Z</time>
      </trkpt>
      <trkpt lat="23.060766" lon="113.281185">
        <time>2026-06-27T00:37:23Z</time>
      </trkpt>
      <trkpt lat="23.060726" lon="113.281279">
        <time>2026-06-27T00:37:28Z</time>
      </trkpt>
      <trkpt lat="23.060686" lon="113.281372">
        <time>2026-06-27T00:37:33Z</time>
      </trkpt>
      <trkpt lat="23.06063" lon="113.281509">
        <time>2026-06-27T00:37:38Z</time>
      </trkpt>
      <trkpt lat="23.060577" lon="113.281645">
        <time>2026-06-27T00:37:43Z</time>
      </trkpt>
      <trkpt lat="23.060536" lon="113.281737">
        <time>2026-06-27T00:37:48Z</time>
      </trkpt>
      <trkpt lat="23.060496" lon="113.281828">
        <time>2026-06-27T00:37:53Z</time>
      </trkpt>
      <trkpt lat="23.060435" lon="113.281967">
        <time>2026-06-27T00:37:58Z</time>
      </trkpt>
      <trkpt lat="23.060381" lon="113.282103">
        <time>2026-06-27T00:38:03Z</time>
      </trkpt>
      <trkpt lat="23.06034" lon="113.282197">
        <time>2026-06-27T00:38:08Z</time>
      </trkpt>
      <trkpt lat="23.060281" lon="113.282288">
        <time>2026-06-27T00:38:13Z</time>
      </trkpt>
      <trkpt lat="23.060206" lon="113.282415">
        <time>2026-06-27T00:38:18Z</time>
      </trkpt>
      <trkpt lat="23.060144" lon="113.282547">
        <time>2026-06-27T00:38:23Z</time>
      </trkpt>
      <trkpt lat="23.060102" lon="113.282638">
        <time>2026-06-27T00:38:28Z</time>
      </trkpt>
      <trkpt lat="23.060059" lon="113.282727">
        <time>2026-06-27T00:38:33Z</time>
      </trkpt>
      <trkpt lat="23.060005" lon="113.282861">
        <time>2026-06-27T00:38:38Z</time>
      </trkpt>
      <trkpt lat="23.059957" lon="113.283002">
        <time>2026-06-27T00:38:43Z</time>
      </trkpt>
      <trkpt lat="23.05992" lon="113.283096">
        <time>2026-06-27T00:38:48Z</time>
      </trkpt>
      <trkpt lat="23.059877" lon="113.283191">
        <time>2026-06-27T00:38:53Z</time>
      </trkpt>
      <trkpt lat="23.059811" lon="113.283329">
        <time>2026-06-27T00:38:58Z</time>
      </trkpt>
      <trkpt lat="23.059755" lon="113.283465">
        <time>2026-06-27T00:39:03Z</time>
      </trkpt>
      <trkpt lat="23.059717" lon="113.283559">
        <time>2026-06-27T00:39:08Z</time>
      </trkpt>
      <trkpt lat="23.059686" lon="113.283654">
        <time>2026-06-27T00:39:13Z</time>
      </trkpt>
      <trkpt lat="23.059624" lon="113.283781">
        <time>2026-06-27T00:39:18Z</time>
      </trkpt>
      <trkpt lat="23.059556" lon="113.28391">
        <time>2026-06-27T00:39:23Z</time>
      </trkpt>
      <trkpt lat="23.059514" lon="113.284004">
        <time>2026-06-27T00:39:28Z</time>
      </trkpt>
      <trkpt lat="23.059466" lon="113.284091">
        <time>2026-06-27T00:39:33Z</time>
      </trkpt>
      <trkpt lat="23.05939" lon="113.284209">
        <time>2026-06-27T00:39:38Z</time>
      </trkpt>
      <trkpt lat="23.059338" lon="113.284342">
        <time>2026-06-27T00:39:43Z</time>
      </trkpt>
      <trkpt lat="23.059307" lon="113.284436">
        <time>2026-06-27T00:39:48Z</time>
      </trkpt>
      <trkpt lat="23.059284" lon="113.284532">
        <time>2026-06-27T00:39:53Z</time>
      </trkpt>
      <trkpt lat="23.05926" lon="113.284673">
        <time>2026-06-27T00:39:58Z</time>
      </trkpt>
      <trkpt lat="23.059216" lon="113.284809">
        <time>2026-06-27T00:40:03Z</time>
      </trkpt>
      <trkpt lat="23.059177" lon="113.284897">
        <time>2026-06-27T00:40:08Z</time>
      </trkpt>
      <trkpt lat="23.059139" lon="113.284984">
        <time>2026-06-27T00:40:13Z</time>
      </trkpt>
      <trkpt lat="23.059088" lon="113.285121">
        <time>2026-06-27T00:40:18Z</time>
      </trkpt>
      <trkpt lat="23.059025" lon="113.285256">
        <time>2026-06-27T00:40:23Z</time>
      </trkpt>
      <trkpt lat="23.058984" lon="113.285347">
        <time>2026-06-27T00:40:28Z</time>
      </trkpt>
      <trkpt lat="23.058945" lon="113.285432">
        <time>2026-06-27T00:40:33Z</time>
      </trkpt>
      <trkpt lat="23.05889" lon="113.285557">
        <time>2026-06-27T00:40:38Z</time>
      </trkpt>
      <trkpt lat="23.05883" lon="113.285685">
        <time>2026-06-27T00:40:43Z</time>
      </trkpt>
      <trkpt lat="23.058795" lon="113.285776">
        <time>2026-06-27T00:40:48Z</time>
      </trkpt>
      <trkpt lat="23.058763" lon="113.285868">
        <time>2026-06-27T00:40:53Z</time>
      </trkpt>
      <trkpt lat="23.058709" lon="113.286002">
        <time>2026-06-27T00:40:58Z</time>
      </trkpt>
      <trkpt lat="23.05866" lon="113.286142">
        <time>2026-06-27T00:41:03Z</time>
      </trkpt>
      <trkpt lat="23.058661" lon="113.286239">
        <time>2026-06-27T00:41:08Z</time>
      </trkpt>
      <trkpt lat="23.058706" lon="113.286326">
        <time>2026-06-27T00:41:13Z</time>
      </trkpt>
      <trkpt lat="23.058832" lon="113.286383">
        <time>2026-06-27T00:41:18Z</time>
      </trkpt>
      <trkpt lat="23.058957" lon="113.286394">
        <time>2026-06-27T00:41:23Z</time>
      </trkpt>
      <trkpt lat="23.05904" lon="113.286399">
        <time>2026-06-27T00:41:28Z</time>
      </trkpt>
      <trkpt lat="23.059133" lon="113.28641">
        <time>2026-06-27T00:41:33Z</time>
      </trkpt>
      <trkpt lat="23.059271" lon="113.286429">
        <time>2026-06-27T00:41:38Z</time>
      </trkpt>
      <trkpt lat="23.059402" lon="113.286454">
        <time>2026-06-27T00:41:43Z</time>
      </trkpt>
      <trkpt lat="23.059495" lon="113.286451">
        <time>2026-06-27T00:41:48Z</time>
      </trkpt>
      <trkpt lat="23.059587" lon="113.286453">
        <time>2026-06-27T00:41:53Z</time>
      </trkpt>
      <trkpt lat="23.059719" lon="113.286458">
        <time>2026-06-27T00:41:58Z</time>
      </trkpt>
      <trkpt lat="23.059844" lon="113.286457">
        <time>2026-06-27T00:42:03Z</time>
      </trkpt>
      <trkpt lat="23.059934" lon="113.286455">
        <time>2026-06-27T00:42:08Z</time>
      </trkpt>
      <trkpt lat="23.06002" lon="113.286464">
        <time>2026-06-27T00:42:13Z</time>
      </trkpt>
      <trkpt lat="23.060115" lon="113.286564">
        <time>2026-06-27T00:42:18Z</time>
      </trkpt>
      <trkpt lat="23.06014" lon="113.286745">
        <time>2026-06-27T00:42:23Z</time>
      </trkpt>
      <trkpt lat="23.060144" lon="113.286876">
        <time>2026-06-27T00:42:28Z</time>
      </trkpt>
      <trkpt lat="23.060152" lon="113.286994">
        <time>2026-06-27T00:42:33Z</time>
      </trkpt>
      <trkpt lat="23.060166" lon="113.287155">
        <time>2026-06-27T00:42:38Z</time>
      </trkpt>
      <trkpt lat="23.060174" lon="113.287314">
        <time>2026-06-27T00:42:43Z</time>
      </trkpt>
      <trkpt lat="23.060178" lon="113.287416">
        <time>2026-06-27T00:42:48Z</time>
      </trkpt>
      <trkpt lat="23.060172" lon="113.287509">
        <time>2026-06-27T00:42:53Z</time>
      </trkpt>
      <trkpt lat="23.060153" lon="113.28766">
        <time>2026-06-27T00:42:58Z</time>
      </trkpt>
      <trkpt lat="23.060133" lon="113.287805">
        <time>2026-06-27T00:43:03Z</time>
      </trkpt>
      <trkpt lat="23.060173" lon="113.287898">
        <time>2026-06-27T00:43:08Z</time>
      </trkpt>
      <trkpt lat="23.060254" lon="113.287938">
        <time>2026-06-27T00:43:13Z</time>
      </trkpt>
      <trkpt lat="23.060293" lon="113.287815">
        <time>2026-06-27T00:43:18Z</time>
      </trkpt>
      <trkpt lat="23.060275" lon="113.28766">
        <time>2026-06-27T00:43:23Z</time>
      </trkpt>
      <trkpt lat="23.060266" lon="113.28756">
        <time>2026-06-27T00:43:28Z</time>
      </trkpt>
      <trkpt lat="23.06025" lon="113.287453">
        <time>2026-06-27T00:43:33Z</time>
      </trkpt>
      <trkpt lat="23.060213" lon="113.287294">
        <time>2026-06-27T00:43:38Z</time>
      </trkpt>
      <trkpt lat="23.0602" lon="113.28714">
        <time>2026-06-27T00:43:43Z</time>
      </trkpt>
      <trkpt lat="23.06021" lon="113.287037">
        <time>2026-06-27T00:43:48Z</time>
      </trkpt>
      <trkpt lat="23.060231" lon="113.286934">
        <time>2026-06-27T00:43:53Z</time>
      </trkpt>
      <trkpt lat="23.060299" lon="113.28676">
        <time>2026-06-27T00:43:58Z</time>
      </trkpt>
      <trkpt lat="23.060262" lon="113.286632">
        <time>2026-06-27T00:44:03Z</time>
      </trkpt>
      <trkpt lat="23.060241" lon="113.286555">
        <time>2026-06-27T00:44:08Z</time>
      </trkpt>
      <trkpt lat="23.060296" lon="113.286512">
        <time>2026-06-27T00:44:13Z</time>
      </trkpt>
      <trkpt lat="23.060422" lon="113.286476">
        <time>2026-06-27T00:44:18Z</time>
      </trkpt>
      <trkpt lat="23.060504" lon="113.286357">
        <time>2026-06-27T00:44:23Z</time>
      </trkpt>
      <trkpt lat="23.060504" lon="113.286256">
        <time>2026-06-27T00:44:28Z</time>
      </trkpt>
      <trkpt lat="23.060514" lon="113.286161">
        <time>2026-06-27T00:44:33Z</time>
      </trkpt>
      <trkpt lat="23.060535" lon="113.286026">
        <time>2026-06-27T00:44:38Z</time>
      </trkpt>
      <trkpt lat="23.060551" lon="113.28588">
        <time>2026-06-27T00:44:43Z</time>
      </trkpt>
      <trkpt lat="23.060542" lon="113.285792">
        <time>2026-06-27T00:44:48Z</time>
      </trkpt>
      <trkpt lat="23.060527" lon="113.285711">
        <time>2026-06-27T00:44:53Z</time>
      </trkpt>
      <trkpt lat="23.06053" lon="113.285592">
        <time>2026-06-27T00:44:58Z</time>
      </trkpt>
      <trkpt lat="23.060554" lon="113.285445">
        <time>2026-06-27T00:45:03Z</time>
      </trkpt>
      <trkpt lat="23.06058" lon="113.285341">
        <time>2026-06-27T00:45:08Z</time>
      </trkpt>
      <trkpt lat="23.060592" lon="113.285253">
        <time>2026-06-27T00:45:13Z</time>
      </trkpt>
      <trkpt lat="23.060604" lon="113.285115">
        <time>2026-06-27T00:45:18Z</time>
      </trkpt>
      <trkpt lat="23.060622" lon="113.28496">
        <time>2026-06-27T00:45:23Z</time>
      </trkpt>
      <trkpt lat="23.060627" lon="113.284863">
        <time>2026-06-27T00:45:28Z</time>
      </trkpt>
      <trkpt lat="23.060618" lon="113.284779">
        <time>2026-06-27T00:45:33Z</time>
      </trkpt>
      <trkpt lat="23.060616" lon="113.284661">
        <time>2026-06-27T00:45:38Z</time>
      </trkpt>
      <trkpt lat="23.06063" lon="113.284556">
        <time>2026-06-27T00:45:43Z</time>
      </trkpt>
      <trkpt lat="23.060645" lon="113.284487">
        <time>2026-06-27T00:45:48Z</time>
      </trkpt>
      <trkpt lat="23.060654" lon="113.284415">
        <time>2026-06-27T00:45:53Z</time>
      </trkpt>
      <trkpt lat="23.060677" lon="113.284304">
        <time>2026-06-27T00:45:58Z</time>
      </trkpt>
      <trkpt lat="23.060679" lon="113.284165">
        <time>2026-06-27T00:46:03Z</time>
      </trkpt>
      <trkpt lat="23.060707" lon="113.284049">
        <time>2026-06-27T00:46:08Z</time>
      </trkpt>
      <trkpt lat="23.060757" lon="113.283932">
        <time>2026-06-27T00:46:13Z</time>
      </trkpt>
      <trkpt lat="23.060801" lon="113.283751">
        <time>2026-06-27T00:46:18Z</time>
      </trkpt>
      <trkpt lat="23.060811" lon="113.283554">
        <time>2026-06-27T00:46:23Z</time>
      </trkpt>
      <trkpt lat="23.060816" lon="113.283449">
        <time>2026-06-27T00:46:28Z</time>
      </trkpt>
      <trkpt lat="23.06082" lon="113.283355">
        <time>2026-06-27T00:46:33Z</time>
      </trkpt>
      <trkpt lat="23.060869" lon="113.283231">
        <time>2026-06-27T00:46:38Z</time>
      </trkpt>
      <trkpt lat="23.060969" lon="113.283119">
        <time>2026-06-27T00:46:43Z</time>
      </trkpt>
      <trkpt lat="23.061005" lon="113.28303">
        <time>2026-06-27T00:46:48Z</time>
      </trkpt>
      <trkpt lat="23.061067" lon="113.282948">
        <time>2026-06-27T00:46:53Z</time>
      </trkpt>
      <trkpt lat="23.061133" lon="113.282816">
        <time>2026-06-27T00:46:58Z</time>
      </trkpt>
      <trkpt lat="23.06116" lon="113.282682">
        <time>2026-06-27T00:47:03Z</time>
      </trkpt>
      <trkpt lat="23.061174" lon="113.282598">
        <time>2026-06-27T00:47:08Z</time>
      </trkpt>
      <trkpt lat="23.061181" lon="113.282504">
        <time>2026-06-27T00:47:13Z</time>
      </trkpt>
      <trkpt lat="23.06117" lon="113.282347">
        <time>2026-06-27T00:47:18Z</time>
      </trkpt>
      <trkpt lat="23.061072" lon="113.282233">
        <time>2026-06-27T00:47:23Z</time>
      </trkpt>
      <trkpt lat="23.060971" lon="113.28224">
        <time>2026-06-27T00:47:28Z</time>
      </trkpt>
      <trkpt lat="23.060866" lon="113.282253">
        <time>2026-06-27T00:47:33Z</time>
      </trkpt>
      <trkpt lat="23.060718" lon="113.282263">
        <time>2026-06-27T00:47:38Z</time>
      </trkpt>
      <trkpt lat="23.06058" lon="113.282319">
        <time>2026-06-27T00:47:43Z</time>
      </trkpt>
      <trkpt lat="23.060518" lon="113.282374">
        <time>2026-06-27T00:47:48Z</time>
      </trkpt>
      <trkpt lat="23.060471" lon="113.282442">
        <time>2026-06-27T00:47:53Z</time>
      </trkpt>
      <trkpt lat="23.060409" lon="113.282564">
        <time>2026-06-27T00:47:58Z</time>
      </trkpt>
      <trkpt lat="23.060352" lon="113.282683">
        <time>2026-06-27T00:48:03Z</time>
      </trkpt>
      <trkpt lat="23.060316" lon="113.282764">
        <time>2026-06-27T00:48:08Z</time>
      </trkpt>
      <trkpt lat="23.060288" lon="113.282853">
        <time>2026-06-27T00:48:13Z</time>
      </trkpt>
      <trkpt lat="23.060245" lon="113.282977">
        <time>2026-06-27T00:48:18Z</time>
      </trkpt>
      <trkpt lat="23.060196" lon="113.28309">
        <time>2026-06-27T00:48:23Z</time>
      </trkpt>
      <trkpt lat="23.060164" lon="113.283172">
        <time>2026-06-27T00:48:28Z</time>
      </trkpt>
      <trkpt lat="23.060127" lon="113.283257">
        <time>2026-06-27T00:48:33Z</time>
      </trkpt>
      <trkpt lat="23.060058" lon="113.283374">
        <time>2026-06-27T00:48:38Z</time>
      </trkpt>
      <trkpt lat="23.059968" lon="113.283398">
        <time>2026-06-27T00:48:43Z</time>
      </trkpt>
      <trkpt lat="23.059964" lon="113.283317">
        <time>2026-06-27T00:48:48Z</time>
      </trkpt>
      <trkpt lat="23.060009" lon="113.283233">
        <time>2026-06-27T00:48:53Z</time>
      </trkpt>
      <trkpt lat="23.060083" lon="113.283114">
        <time>2026-06-27T00:48:58Z</time>
      </trkpt>
      <trkpt lat="23.060151" lon="113.282994">
        <time>2026-06-27T00:49:03Z</time>
      </trkpt>
      <trkpt lat="23.060191" lon="113.282911">
        <time>2026-06-27T00:49:08Z</time>
      </trkpt>
      <trkpt lat="23.060232" lon="113.282825">
        <time>2026-06-27T00:49:13Z</time>
      </trkpt>
      <trkpt lat="23.06028" lon="113.282697">
        <time>2026-06-27T00:49:18Z</time>
      </trkpt>
      <trkpt lat="23.060329" lon="113.282562">
        <time>2026-06-27T00:49:23Z</time>
      </trkpt>
      <trkpt lat="23.060361" lon="113.28247">
        <time>2026-06-27T00:49:28Z</time>
      </trkpt>
      <trkpt lat="23.060391" lon="113.282382">
        <time>2026-06-27T00:49:33Z</time>
      </trkpt>
      <trkpt lat="23.060447" lon="113.282249">
        <time>2026-06-27T00:49:38Z</time>
      </trkpt>
      <trkpt lat="23.060508" lon="113.282122">
        <time>2026-06-27T00:49:43Z</time>
      </trkpt>
      <trkpt lat="23.06055" lon="113.282038">
        <time>2026-06-27T00:49:48Z</time>
      </trkpt>
      <trkpt lat="23.060586" lon="113.281948">
        <time>2026-06-27T00:49:53Z</time>
      </trkpt>
      <trkpt lat="23.060634" lon="113.281807">
        <time>2026-06-27T00:49:58Z</time>
      </trkpt>
      <trkpt lat="23.06069" lon="113.281676">
        <time>2026-06-27T00:50:03Z</time>
      </trkpt>
      <trkpt lat="23.060727" lon="113.281597">
        <time>2026-06-27T00:50:08Z</time>
      </trkpt>
      <trkpt lat="23.060764" lon="113.281514">
        <time>2026-06-27T00:50:13Z</time>
      </trkpt>
      <trkpt lat="23.060818" lon="113.281384">
        <time>2026-06-27T00:50:18Z</time>
      </trkpt>
      <trkpt lat="23.060875" lon="113.281256">
        <time>2026-06-27T00:50:23Z</time>
      </trkpt>
      <trkpt lat="23.060913" lon="113.281174">
        <time>2026-06-27T00:50:28Z</time>
      </trkpt>
      <trkpt lat="23.060947" lon="113.281089">
        <time>2026-06-27T00:50:33Z</time>
      </trkpt>
      <trkpt lat="23.060998" lon="113.280965">
        <time>2026-06-27T00:50:38Z</time>
      </trkpt>
      <trkpt lat="23.061054" lon="113.280832">
        <time>2026-06-27T00:50:43Z</time>
      </trkpt>
      <trkpt lat="23.061091" lon="113.280736">
        <time>2026-06-27T00:50:48Z</time>
      </trkpt>
      <trkpt lat="23.061129" lon="113.280647">
        <time>2026-06-27T00:50:53Z</time>
      </trkpt>
      <trkpt lat="23.06118" lon="113.280513">
        <time>2026-06-27T00:50:58Z</time>
      </trkpt>
      <trkpt lat="23.061242" lon="113.280388">
        <time>2026-06-27T00:51:03Z</time>
      </trkpt>
      <trkpt lat="23.061283" lon="113.280308">
        <time>2026-06-27T00:51:08Z</time>
      </trkpt>
      <trkpt lat="23.061327" lon="113.28023">
        <time>2026-06-27T00:51:13Z</time>
      </trkpt>
      <trkpt lat="23.061394" lon="113.280108">
        <time>2026-06-27T00:51:18Z</time>
      </trkpt>
      <trkpt lat="23.06145" lon="113.279977">
        <time>2026-06-27T00:51:23Z</time>
      </trkpt>
      <trkpt lat="23.061489" lon="113.279895">
        <time>2026-06-27T00:51:28Z</time>
      </trkpt>
      <trkpt lat="23.061527" lon="113.279813">
        <time>2026-06-27T00:51:33Z</time>
      </trkpt>
      <trkpt lat="23.061571" lon="113.279684">
        <time>2026-06-27T00:51:38Z</time>
      </trkpt>
      <trkpt lat="23.061618" lon="113.279555">
        <time>2026-06-27T00:51:43Z</time>
      </trkpt>
      <trkpt lat="23.061647" lon="113.279466">
        <time>2026-06-27T00:51:48Z</time>
      </trkpt>
      <trkpt lat="23.061672" lon="113.279377">
        <time>2026-06-27T00:51:53Z</time>
      </trkpt>
      <trkpt lat="23.061731" lon="113.279247">
        <time>2026-06-27T00:51:58Z</time>
      </trkpt>
      <trkpt lat="23.061798" lon="113.279114">
        <time>2026-06-27T00:52:03Z</time>
      </trkpt>
      <trkpt lat="23.061842" lon="113.279034">
        <time>2026-06-27T00:52:08Z</time>
      </trkpt>
      <trkpt lat="23.06189" lon="113.278959">
        <time>2026-06-27T00:52:13Z</time>
      </trkpt>
      <trkpt lat="23.061964" lon="113.278839">
        <time>2026-06-27T00:52:18Z</time>
      </trkpt>
      <trkpt lat="23.061994" lon="113.27869">
        <time>2026-06-27T00:52:23Z</time>
      </trkpt>
      <trkpt lat="23.061991" lon="113.27859">
        <time>2026-06-27T00:52:28Z</time>
      </trkpt>
      <trkpt lat="23.061984" lon="113.27849">
        <time>2026-06-27T00:52:33Z</time>
      </trkpt>
      <trkpt lat="23.061974" lon="113.278342">
        <time>2026-06-27T00:52:38Z</time>
      </trkpt>
      <trkpt lat="23.061971" lon="113.2782">
        <time>2026-06-27T00:52:43Z</time>
      </trkpt>
      <trkpt lat="23.061969" lon="113.278104">
        <time>2026-06-27T00:52:48Z</time>
      </trkpt>
      <trkpt lat="23.061966" lon="113.278004">
        <time>2026-06-27T00:52:53Z</time>
      </trkpt>
      <trkpt lat="23.06196" lon="113.277866">
        <time>2026-06-27T00:52:58Z</time>
      </trkpt>
      <trkpt lat="23.061978" lon="113.277728">
        <time>2026-06-27T00:53:03Z</time>
      </trkpt>
      <trkpt lat="23.062003" lon="113.277636">
        <time>2026-06-27T00:53:08Z</time>
      </trkpt>
      <trkpt lat="23.062034" lon="113.277547">
        <time>2026-06-27T00:53:13Z</time>
      </trkpt>
      <trkpt lat="23.062084" lon="113.277412">
        <time>2026-06-27T00:53:18Z</time>
      </trkpt>
      <trkpt lat="23.062136" lon="113.277278">
        <time>2026-06-27T00:53:23Z</time>
      </trkpt>
      <trkpt lat="23.06217" lon="113.277187">
        <time>2026-06-27T00:53:28Z</time>
      </trkpt>
      <trkpt lat="23.062199" lon="113.277096">
        <time>2026-06-27T00:53:33Z</time>
      </trkpt>
      <trkpt lat="23.062249" lon="113.276969">
        <time>2026-06-27T00:53:38Z</time>
      </trkpt>
      <trkpt lat="23.062292" lon="113.276844">
        <time>2026-06-27T00:53:43Z</time>
      </trkpt>
      <trkpt lat="23.06232" lon="113.276757">
        <time>2026-06-27T00:53:48Z</time>
      </trkpt>
      <trkpt lat="23.06235" lon="113.276666">
        <time>2026-06-27T00:53:53Z</time>
      </trkpt>
      <trkpt lat="23.062397" lon="113.276531">
        <time>2026-06-27T00:53:58Z</time>
      </trkpt>
      <trkpt lat="23.062446" lon="113.276394">
        <time>2026-06-27T00:54:03Z</time>
      </trkpt>
      <trkpt lat="23.062479" lon="113.276304">
        <time>2026-06-27T00:54:08Z</time>
      </trkpt>
      <trkpt lat="23.062517" lon="113.276218">
        <time>2026-06-27T00:54:13Z</time>
      </trkpt>
      <trkpt lat="23.062583" lon="113.276092">
        <time>2026-06-27T00:54:18Z</time>
      </trkpt>
      <trkpt lat="23.062661" lon="113.275981">
        <time>2026-06-27T00:54:23Z</time>
      </trkpt>
      <trkpt lat="23.062717" lon="113.275913">
        <time>2026-06-27T00:54:28Z</time>
      </trkpt>
      <trkpt lat="23.062776" lon="113.275846">
        <time>2026-06-27T00:54:33Z</time>
      </trkpt>
      <trkpt lat="23.062876" lon="113.27575">
        <time>2026-06-27T00:54:38Z</time>
      </trkpt>
      <trkpt lat="23.062975" lon="113.27565">
        <time>2026-06-27T00:54:43Z</time>
      </trkpt>
      <trkpt lat="23.063036" lon="113.275578">
        <time>2026-06-27T00:54:48Z</time>
      </trkpt>
      <trkpt lat="23.063089" lon="113.275502">
        <time>2026-06-27T00:54:53Z</time>
      </trkpt>
      <trkpt lat="23.063152" lon="113.275381">
        <time>2026-06-27T00:54:58Z</time>
      </trkpt>
      <trkpt lat="23.063222" lon="113.275264">
        <time>2026-06-27T00:55:03Z</time>
      </trkpt>
      <trkpt lat="23.063282" lon="113.275192">
        <time>2026-06-27T00:55:08Z</time>
      </trkpt>
      <trkpt lat="23.063347" lon="113.275117">
        <time>2026-06-27T00:55:13Z</time>
      </trkpt>
      <trkpt lat="23.063414" lon="113.274992">
        <time>2026-06-27T00:55:18Z</time>
      </trkpt>
      <trkpt lat="23.06346" lon="113.274864">
        <time>2026-06-27T00:55:23Z</time>
      </trkpt>
      <trkpt lat="23.063492" lon="113.274776">
        <time>2026-06-27T00:55:28Z</time>
      </trkpt>
      <trkpt lat="23.063519" lon="113.274691">
        <time>2026-06-27T00:55:33Z</time>
      </trkpt>
      <trkpt lat="23.063557" lon="113.27456">
        <time>2026-06-27T00:55:38Z</time>
      </trkpt>
      <trkpt lat="23.063586" lon="113.274437">
        <time>2026-06-27T00:55:43Z</time>
      </trkpt>
      <trkpt lat="23.06363" lon="113.274364">
        <time>2026-06-27T00:55:48Z</time>
      </trkpt>
      <trkpt lat="23.063691" lon="113.274302">
        <time>2026-06-27T00:55:53Z</time>
      </trkpt>
      <trkpt lat="23.063789" lon="113.274184">
        <time>2026-06-27T00:55:58Z</time>
      </trkpt>
      <trkpt lat="23.063874" lon="113.274072">
        <time>2026-06-27T00:56:03Z</time>
      </trkpt>
      <trkpt lat="23.06392" lon="113.273978">
        <time>2026-06-27T00:56:08Z</time>
      </trkpt>
      <trkpt lat="23.063965" lon="113.273888">
        <time>2026-06-27T00:56:13Z</time>
      </trkpt>
      <trkpt lat="23.064048" lon="113.273771">
        <time>2026-06-27T00:56:18Z</time>
      </trkpt>
      <trkpt lat="23.064144" lon="113.273676">
        <time>2026-06-27T00:56:23Z</time>
      </trkpt>
      <trkpt lat="23.064215" lon="113.273623">
        <time>2026-06-27T00:56:28Z</time>
      </trkpt>
      <trkpt lat="23.064289" lon="113.273568">
        <time>2026-06-27T00:56:33Z</time>
      </trkpt>
      <trkpt lat="23.064405" lon="113.27348">
        <time>2026-06-27T00:56:38Z</time>
      </trkpt>
      <trkpt lat="23.064505" lon="113.273372">
        <time>2026-06-27T00:56:43Z</time>
      </trkpt>
      <trkpt lat="23.06456" lon="113.273286">
        <time>2026-06-27T00:56:48Z</time>
      </trkpt>
      <trkpt lat="23.064591" lon="113.273193">
        <time>2026-06-27T00:56:53Z</time>
      </trkpt>
      <trkpt lat="23.064584" lon="113.273057">
        <time>2026-06-27T00:56:58Z</time>
      </trkpt>
      <trkpt lat="23.064558" lon="113.272972">
        <time>2026-06-27T00:57:03Z</time>
      </trkpt>
      <trkpt lat="23.064547" lon="113.272921">
        <time>2026-06-27T00:57:08Z</time>
      </trkpt>
      <trkpt lat="23.064544" lon="113.272876">
        <time>2026-06-27T00:57:13Z</time>
      </trkpt>
      <trkpt lat="23.064534" lon="113.272873">
        <time>2026-06-27T00:57:18Z</time>
      </trkpt>
      <trkpt lat="23.0645" lon="113.272824">
        <time>2026-06-27T00:57:23Z</time>
      </trkpt>
      <trkpt lat="23.064479" lon="113.27274">
        <time>2026-06-27T00:57:28Z</time>
      </trkpt>
      <trkpt lat="23.064465" lon="113.272688">
        <time>2026-06-27T00:57:33Z</time>
      </trkpt>
      <trkpt lat="23.064459" lon="113.272634">
        <time>2026-06-27T00:57:38Z</time>
      </trkpt>
      <trkpt lat="23.064498" lon="113.272524">
        <time>2026-06-27T00:57:43Z</time>
      </trkpt>
      <trkpt lat="23.0646" lon="113.272482">
        <time>2026-06-27T00:57:48Z</time>
      </trkpt>
      <trkpt lat="23.064644" lon="113.27245">
        <time>2026-06-27T00:57:53Z</time>
      </trkpt>
      <trkpt lat="23.064613" lon="113.272367">
        <time>2026-06-27T00:57:58Z</time>
      </trkpt>
      <trkpt lat="23.064599" lon="113.272221">
        <time>2026-06-27T00:58:03Z</time>
      </trkpt>
      <trkpt lat="23.064645" lon="113.272086">
        <time>2026-06-27T00:58:08Z</time>
      </trkpt>
      <trkpt lat="23.064684" lon="113.272004">
        <time>2026-06-27T00:58:13Z</time>
      </trkpt>
      <trkpt lat="23.064726" lon="113.271922">
        <time>2026-06-27T00:58:18Z</time>
      </trkpt>
      <trkpt lat="23.064793" lon="113.271798">
        <time>2026-06-27T00:58:23Z</time>
      </trkpt>
      <trkpt lat="23.064865" lon="113.27168">
        <time>2026-06-27T00:58:28Z</time>
      </trkpt>
      <trkpt lat="23.064902" lon="113.271588">
        <time>2026-06-27T00:58:33Z</time>
      </trkpt>
      <trkpt lat="23.06494" lon="113.271501">
        <time>2026-06-27T00:58:38Z</time>
      </trkpt>
      <trkpt lat="23.065003" lon="113.271383">
        <time>2026-06-27T00:58:43Z</time>
      </trkpt>
      <trkpt lat="23.065067" lon="113.271254">
        <time>2026-06-27T00:58:48Z</time>
      </trkpt>
      <trkpt lat="23.065118" lon="113.27117">
        <time>2026-06-27T00:58:53Z</time>
      </trkpt>
      <trkpt lat="23.065161" lon="113.271081">
        <time>2026-06-27T00:58:58Z</time>
      </trkpt>
      <trkpt lat="23.065204" lon="113.270933">
        <time>2026-06-27T00:59:03Z</time>
      </trkpt>
      <trkpt lat="23.065262" lon="113.270801">
        <time>2026-06-27T00:59:08Z</time>
      </trkpt>
      <trkpt lat="23.065299" lon="113.270719">
        <time>2026-06-27T00:59:13Z</time>
      </trkpt>
      <trkpt lat="23.065332" lon="113.270629">
        <time>2026-06-27T00:59:18Z</time>
      </trkpt>
      <trkpt lat="23.065392" lon="113.270497">
        <time>2026-06-27T00:59:23Z</time>
      </trkpt>
      <trkpt lat="23.065442" lon="113.270365">
        <time>2026-06-27T00:59:28Z</time>
      </trkpt>
      <trkpt lat="23.065483" lon="113.27028">
        <time>2026-06-27T00:59:33Z</time>
      </trkpt>
      <trkpt lat="23.065522" lon="113.270196">
        <time>2026-06-27T00:59:38Z</time>
      </trkpt>
      <trkpt lat="23.065563" lon="113.270069">
        <time>2026-06-27T00:59:43Z</time>
      </trkpt>
      <trkpt lat="23.065602" lon="113.269947">
        <time>2026-06-27T00:59:48Z</time>
      </trkpt>
      <trkpt lat="23.065619" lon="113.269885">
        <time>2026-06-27T00:59:53Z</time>
      </trkpt>
      <trkpt lat="23.065631" lon="113.269831">
        <time>2026-06-27T00:59:58Z</time>
      </trkpt>
      <trkpt lat="23.065661" lon="113.269752">
        <time>2026-06-27T01:00:03Z</time>
      </trkpt>
      <trkpt lat="23.065696" lon="113.269675">
        <time>2026-06-27T01:00:08Z</time>
      </trkpt>
      <trkpt lat="23.065709" lon="113.269618">
        <time>2026-06-27T01:00:13Z</time>
      </trkpt>
      <trkpt lat="23.065723" lon="113.269542">
        <time>2026-06-27T01:00:18Z</time>
      </trkpt>
      <trkpt lat="23.065751" lon="113.269402">
        <time>2026-06-27T01:00:23Z</time>
      </trkpt>
      <trkpt lat="23.06579" lon="113.269266">
        <time>2026-06-27T01:00:28Z</time>
      </trkpt>
      <trkpt lat="23.065818" lon="113.269174">
        <time>2026-06-27T01:00:33Z</time>
      </trkpt>
      <trkpt lat="23.065845" lon="113.269084">
        <time>2026-06-27T01:00:38Z</time>
      </trkpt>
      <trkpt lat="23.065898" lon="113.26896">
        <time>2026-06-27T01:00:43Z</time>
      </trkpt>
      <trkpt lat="23.065959" lon="113.268838">
        <time>2026-06-27T01:00:48Z</time>
      </trkpt>
      <trkpt lat="23.066005" lon="113.268752">
        <time>2026-06-27T01:00:53Z</time>
      </trkpt>
      <trkpt lat="23.066045" lon="113.268671">
        <time>2026-06-27T01:00:58Z</time>
      </trkpt>
      <trkpt lat="23.066105" lon="113.268555">
        <time>2026-06-27T01:01:03Z</time>
      </trkpt>
      <trkpt lat="23.066173" lon="113.268439">
        <time>2026-06-27T01:01:08Z</time>
      </trkpt>
      <trkpt lat="23.066228" lon="113.268359">
        <time>2026-06-27T01:01:13Z</time>
      </trkpt>
      <trkpt lat="23.066292" lon="113.268284">
        <time>2026-06-27T01:01:18Z</time>
      </trkpt>
      <trkpt lat="23.066397" lon="113.268189">
        <time>2026-06-27T01:01:23Z</time>
      </trkpt>
      <trkpt lat="23.066529" lon="113.26815">
        <time>2026-06-27T01:01:28Z</time>
      </trkpt>
      <trkpt lat="23.066619" lon="113.26816">
        <time>2026-06-27T01:01:33Z</time>
      </trkpt>
      <trkpt lat="23.066707" lon="113.268173">
        <time>2026-06-27T01:01:38Z</time>
      </trkpt>
      <trkpt lat="23.066841" lon="113.268164">
        <time>2026-06-27T01:01:43Z</time>
      </trkpt>
      <trkpt lat="23.066975" lon="113.268183">
        <time>2026-06-27T01:01:48Z</time>
      </trkpt>
      <trkpt lat="23.067052" lon="113.268205">
        <time>2026-06-27T01:01:53Z</time>
      </trkpt>
      <trkpt lat="23.067121" lon="113.268238">
        <time>2026-06-27T01:01:58Z</time>
      </trkpt>
      <trkpt lat="23.067233" lon="113.268282">
        <time>2026-06-27T01:02:03Z</time>
      </trkpt>
      <trkpt lat="23.067344" lon="113.268342">
        <time>2026-06-27T01:02:08Z</time>
      </trkpt>
      <trkpt lat="23.067402" lon="113.268394">
        <time>2026-06-27T01:02:13Z</time>
      </trkpt>
      <trkpt lat="23.067463" lon="113.26844">
        <time>2026-06-27T01:02:18Z</time>
      </trkpt>
      <trkpt lat="23.067574" lon="113.268504">
        <time>2026-06-27T01:02:23Z</time>
      </trkpt>
      <trkpt lat="23.067704" lon="113.268562">
        <time>2026-06-27T01:02:28Z</time>
      </trkpt>
      <trkpt lat="23.067788" lon="113.268601">
        <time>2026-06-27T01:02:33Z</time>
      </trkpt>
      <trkpt lat="23.067875" lon="113.268646">
        <time>2026-06-27T01:02:38Z</time>
      </trkpt>
      <trkpt lat="23.068005" lon="113.26871">
        <time>2026-06-27T01:02:43Z</time>
      </trkpt>
      <trkpt lat="23.068112" lon="113.268757">
        <time>2026-06-27T01:02:48Z</time>
      </trkpt>
      <trkpt lat="23.068183" lon="113.268787">
        <time>2026-06-27T01:02:53Z</time>
      </trkpt>
      <trkpt lat="23.068258" lon="113.268821">
        <time>2026-06-27T01:02:58Z</time>
      </trkpt>
      <trkpt lat="23.068375" lon="113.26888">
        <time>2026-06-27T01:03:03Z</time>
      </trkpt>
      <trkpt lat="23.068469" lon="113.268926">
        <time>2026-06-27T01:03:08Z</time>
      </trkpt>
      <trkpt lat="23.068526" lon="113.268963">
        <time>2026-06-27T01:03:13Z</time>
      </trkpt>
      <trkpt lat="23.068595" lon="113.269012">
        <time>2026-06-27T01:03:18Z</time>
      </trkpt>
      <trkpt lat="23.068715" lon="113.269082">
        <time>2026-06-27T01:03:23Z</time>
      </trkpt>
      <trkpt lat="23.068857" lon="113.269128">
        <time>2026-06-27T01:03:28Z</time>
      </trkpt>
      <trkpt lat="23.068952" lon="113.269153">
        <time>2026-06-27T01:03:33Z</time>
      </trkpt>
      <trkpt lat="23.06904" lon="113.269196">
        <time>2026-06-27T01:03:38Z</time>
      </trkpt>
      <trkpt lat="23.069171" lon="113.269258">
        <time>2026-06-27T01:03:43Z</time>
      </trkpt>
      <trkpt lat="23.069289" lon="113.269329">
        <time>2026-06-27T01:03:48Z</time>
      </trkpt>
      <trkpt lat="23.069374" lon="113.269368">
        <time>2026-06-27T01:03:53Z</time>
      </trkpt>
      <trkpt lat="23.069455" lon="113.2694">
        <time>2026-06-27T01:03:58Z</time>
      </trkpt>
      <trkpt lat="23.069561" lon="113.269458">
        <time>2026-06-27T01:04:03Z</time>
      </trkpt>
      <trkpt lat="23.069658" lon="113.26953">
        <time>2026-06-27T01:04:08Z</time>
      </trkpt>
      <trkpt lat="23.06973" lon="113.269567">
        <time>2026-06-27T01:04:13Z</time>
      </trkpt>
      <trkpt lat="23.069806" lon="113.269588">
        <time>2026-06-27T01:04:18Z</time>
      </trkpt>
      <trkpt lat="23.069924" lon="113.269609">
        <time>2026-06-27T01:04:23Z</time>
      </trkpt>
      <trkpt lat="23.070035" lon="113.269671">
        <time>2026-06-27T01:04:28Z</time>
      </trkpt>
      <trkpt lat="23.070112" lon="113.269713">
        <time>2026-06-27T01:04:33Z</time>
      </trkpt>
      <trkpt lat="23.070183" lon="113.269761">
        <time>2026-06-27T01:04:38Z</time>
      </trkpt>
      <trkpt lat="23.070285" lon="113.269836">
        <time>2026-06-27T01:04:43Z</time>
      </trkpt>
      <trkpt lat="23.070383" lon="113.269909">
        <time>2026-06-27T01:04:48Z</time>
      </trkpt>
      <trkpt lat="23.070457" lon="113.269932">
        <time>2026-06-27T01:04:53Z</time>
      </trkpt>
      <trkpt lat="23.070545" lon="113.269958">
        <time>2026-06-27T01:04:58Z</time>
      </trkpt>
      <trkpt lat="23.070672" lon="113.269996">
        <time>2026-06-27T01:05:03Z</time>
      </trkpt>
      <trkpt lat="23.070782" lon="113.270071">
        <time>2026-06-27T01:05:08Z</time>
      </trkpt>
      <trkpt lat="23.070859" lon="113.270105">
        <time>2026-06-27T01:05:13Z</time>
      </trkpt>
      <trkpt lat="23.070942" lon="113.270124">
        <time>2026-06-27T01:05:18Z</time>
      </trkpt>
      <trkpt lat="23.071042" lon="113.270163">
        <time>2026-06-27T01:05:23Z</time>
      </trkpt>
      <trkpt lat="23.071147" lon="113.270237">
        <time>2026-06-27T01:05:28Z</time>
      </trkpt>
      <trkpt lat="23.071233" lon="113.27027">
        <time>2026-06-27T01:05:33Z</time>
      </trkpt>
      <trkpt lat="23.071319" lon="113.270309">
        <time>2026-06-27T01:05:38Z</time>
      </trkpt>
      <trkpt lat="23.071437" lon="113.270386">
        <time>2026-06-27T01:05:43Z</time>
      </trkpt>
      <trkpt lat="23.071503" lon="113.270439">
        <time>2026-06-27T01:05:48Z</time>
      </trkpt>
      <trkpt lat="23.071552" lon="113.270447">
        <time>2026-06-27T01:05:53Z</time>
      </trkpt>
      <trkpt lat="23.071602" lon="113.270463">
        <time>2026-06-27T01:05:58Z</time>
      </trkpt>
      <trkpt lat="23.071683" lon="113.270479">
        <time>2026-06-27T01:06:03Z</time>
      </trkpt>
      <trkpt lat="23.071801" lon="113.270527">
        <time>2026-06-27T01:06:08Z</time>
      </trkpt>
      <trkpt lat="23.07189" lon="113.27057">
        <time>2026-06-27T01:06:13Z</time>
      </trkpt>
      <trkpt lat="23.071979" lon="113.270591">
        <time>2026-06-27T01:06:18Z</time>
      </trkpt>
      <trkpt lat="23.072094" lon="113.270617">
        <time>2026-06-27T01:06:23Z</time>
      </trkpt>
      <trkpt lat="23.072185" lon="113.270722">
        <time>2026-06-27T01:06:28Z</time>
      </trkpt>
      <trkpt lat="23.072248" lon="113.270778">
        <time>2026-06-27T01:06:33Z</time>
      </trkpt>
      <trkpt lat="23.072321" lon="113.270807">
        <time>2026-06-27T01:06:38Z</time>
      </trkpt>
      <trkpt lat="23.072431" lon="113.270862">
        <time>2026-06-27T01:06:43Z</time>
      </trkpt>
      <trkpt lat="23.072537" lon="113.270926">
        <time>2026-06-27T01:06:48Z</time>
      </trkpt>
      <trkpt lat="23.072611" lon="113.270978">
        <time>2026-06-27T01:06:53Z</time>
      </trkpt>
      <trkpt lat="23.072692" lon="113.27102">
        <time>2026-06-27T01:06:58Z</time>
      </trkpt>
      <trkpt lat="23.072819" lon="113.271064">
        <time>2026-06-27T01:07:03Z</time>
      </trkpt>
      <trkpt lat="23.072937" lon="113.271125">
        <time>2026-06-27T01:07:08Z</time>
      </trkpt>
      <trkpt lat="23.073017" lon="113.271169">
        <time>2026-06-27T01:07:13Z</time>
      </trkpt>
      <trkpt lat="23.0731" lon="113.271204">
        <time>2026-06-27T01:07:18Z</time>
      </trkpt>
      <trkpt lat="23.073226" lon="113.271216">
        <time>2026-06-27T01:07:23Z</time>
      </trkpt>
      <trkpt lat="23.073245" lon="113.271297">
        <time>2026-06-27T01:07:28Z</time>
      </trkpt>
      <trkpt lat="23.073303" lon="113.271343">
        <time>2026-06-27T01:07:33Z</time>
      </trkpt>
      <trkpt lat="23.073393" lon="113.271394">
        <time>2026-06-27T01:07:38Z</time>
      </trkpt>
      <trkpt lat="23.07351" lon="113.271482">
        <time>2026-06-27T01:07:43Z</time>
      </trkpt>
      <trkpt lat="23.073591" lon="113.271582">
        <time>2026-06-27T01:07:48Z</time>
      </trkpt>
      <trkpt lat="23.073658" lon="113.271624">
        <time>2026-06-27T01:07:53Z</time>
      </trkpt>
      <trkpt lat="23.073737" lon="113.27165">
        <time>2026-06-27T01:07:58Z</time>
      </trkpt>
      <trkpt lat="23.073841" lon="113.271706">
        <time>2026-06-27T01:08:03Z</time>
      </trkpt>
      <trkpt lat="23.07396" lon="113.271781">
        <time>2026-06-27T01:08:08Z</time>
      </trkpt>
      <trkpt lat="23.07404" lon="113.271822">
        <time>2026-06-27T01:08:13Z</time>
      </trkpt>
      <trkpt lat="23.074046" lon="113.271874">
        <time>2026-06-27T01:08:18Z</time>
      </trkpt>
      <trkpt lat="23.073999" lon="113.271986">
        <time>2026-06-27T01:08:23Z</time>
      </trkpt>
      <trkpt lat="23.073948" lon="113.272099">
        <time>2026-06-27T01:08:28Z</time>
      </trkpt>
      <trkpt lat="23.073912" lon="113.27218">
        <time>2026-06-27T01:08:33Z</time>
      </trkpt>
      <trkpt lat="23.073875" lon="113.272266">
        <time>2026-06-27T01:08:38Z</time>
      </trkpt>
      <trkpt lat="23.073804" lon="113.272403">
        <time>2026-06-27T01:08:43Z</time>
      </trkpt>
      <trkpt lat="23.07375" lon="113.272531">
        <time>2026-06-27T01:08:48Z</time>
      </trkpt>
      <trkpt lat="23.073718" lon="113.272626">
        <time>2026-06-27T01:08:53Z</time>
      </trkpt>
      <trkpt lat="23.073684" lon="113.272721">
        <time>2026-06-27T01:08:58Z</time>
      </trkpt>
      <trkpt lat="23.07364" lon="113.272848">
        <time>2026-06-27T01:09:03Z</time>
      </trkpt>
      <trkpt lat="23.073708" lon="113.272957">
        <time>2026-06-27T01:09:08Z</time>
      </trkpt>
      <trkpt lat="23.07381" lon="113.272994">
        <time>2026-06-27T01:09:13Z</time>
      </trkpt>
      <trkpt lat="23.073916" lon="113.273012">
        <time>2026-06-27T01:09:18Z</time>
      </trkpt>
      <trkpt lat="23.074014" lon="113.272941">
        <time>2026-06-27T01:09:23Z</time>
      </trkpt>
      <trkpt lat="23.074074" lon="113.272816">
        <time>2026-06-27T01:09:28Z</time>
      </trkpt>
      <trkpt lat="23.074107" lon="113.272737">
        <time>2026-06-27T01:09:33Z</time>
      </trkpt>
      <trkpt lat="23.074139" lon="113.272662">
        <time>2026-06-27T01:09:38Z</time>
      </trkpt>
      <trkpt lat="23.074177" lon="113.272553">
        <time>2026-06-27T01:09:43Z</time>
      </trkpt>
      <trkpt lat="23.074235" lon="113.272433">
        <time>2026-06-27T01:09:48Z</time>
      </trkpt>
      <trkpt lat="23.07427" lon="113.272354">
        <time>2026-06-27T01:09:53Z</time>
      </trkpt>
      <trkpt lat="23.074303" lon="113.272279">
        <time>2026-06-27T01:09:58Z</time>
      </trkpt>
      <trkpt lat="23.074375" lon="113.272154">
        <time>2026-06-27T01:10:03Z</time>
      </trkpt>
      <trkpt lat="23.074461" lon="113.27206">
        <time>2026-06-27T01:10:08Z</time>
      </trkpt>
      <trkpt lat="23.074524" lon="113.272012">
        <time>2026-06-27T01:10:13Z</time>
      </trkpt>
      <trkpt lat="23.074604" lon="113.272024">
        <time>2026-06-27T01:10:18Z</time>
      </trkpt>
      <trkpt lat="23.074729" lon="113.272096">
        <time>2026-06-27T01:10:23Z</time>
      </trkpt>
      <trkpt lat="23.074834" lon="113.272168">
        <time>2026-06-27T01:10:28Z</time>
      </trkpt>
      <trkpt lat="23.074891" lon="113.272209">
        <time>2026-06-27T01:10:33Z</time>
      </trkpt>
      <trkpt lat="23.074956" lon="113.27225">
        <time>2026-06-27T01:10:38Z</time>
      </trkpt>
      <trkpt lat="23.075054" lon="113.272325">
        <time>2026-06-27T01:10:43Z</time>
      </trkpt>
      <trkpt lat="23.075155" lon="113.272405">
        <time>2026-06-27T01:10:48Z</time>
      </trkpt>
      <trkpt lat="23.075202" lon="113.272481">
        <time>2026-06-27T01:10:53Z</time>
      </trkpt>
      <trkpt lat="23.07523" lon="113.272579">
        <time>2026-06-27T01:10:58Z</time>
      </trkpt>
      <trkpt lat="23.075252" lon="113.272747">
        <time>2026-06-27T01:11:03Z</time>
      </trkpt>
      <trkpt lat="23.075293" lon="113.272867">
        <time>2026-06-27T01:11:08Z</time>
      </trkpt>
      <trkpt lat="23.075338" lon="113.272917">
        <time>2026-06-27T01:11:13Z</time>
      </trkpt>
      <trkpt lat="23.075388" lon="113.272993">
        <time>2026-06-27T01:11:18Z</time>
      </trkpt>
      <trkpt lat="23.075431" lon="113.273155">
        <time>2026-06-27T01:11:23Z</time>
      </trkpt>
      <trkpt lat="23.075465" lon="113.273295">
        <time>2026-06-27T01:11:28Z</time>
      </trkpt>
      <trkpt lat="23.075511" lon="113.273372">
        <time>2026-06-27T01:11:33Z</time>
      </trkpt>
      <trkpt lat="23.075584" lon="113.273416">
        <time>2026-06-27T01:11:38Z</time>
      </trkpt>
      <trkpt lat="23.075722" lon="113.273393">
        <time>2026-06-27T01:11:43Z</time>
      </trkpt>
      <trkpt lat="23.075809" lon="113.273281">
        <time>2026-06-27T01:11:48Z</time>
      </trkpt>
      <trkpt lat="23.075845" lon="113.273182">
        <time>2026-06-27T01:11:53Z</time>
      </trkpt>
      <trkpt lat="23.075882" lon="113.27309">
        <time>2026-06-27T01:11:58Z</time>
      </trkpt>
      <trkpt lat="23.075928" lon="113.272952">
        <time>2026-06-27T01:12:03Z</time>
      </trkpt>
      <trkpt lat="23.075944" lon="113.272814">
        <time>2026-06-27T01:12:08Z</time>
      </trkpt>
      <trkpt lat="23.07591" lon="113.272753">
        <time>2026-06-27T01:12:13Z</time>
      </trkpt>
      <trkpt lat="23.07583" lon="113.272723">
        <time>2026-06-27T01:12:18Z</time>
      </trkpt>
      <trkpt lat="23.075723" lon="113.272649">
        <time>2026-06-27T01:12:23Z</time>
      </trkpt>
      <trkpt lat="23.075619" lon="113.272564">
        <time>2026-06-27T01:12:28Z</time>
      </trkpt>
      <trkpt lat="23.075547" lon="113.272504">
        <time>2026-06-27T01:12:33Z</time>
      </trkpt>
      <trkpt lat="23.075453" lon="113.272475">
        <time>2026-06-27T01:12:38Z</time>
      </trkpt>
      <trkpt lat="23.075314" lon="113.272478">
        <time>2026-06-27T01:12:43Z</time>
      </trkpt>
      <trkpt lat="23.075239" lon="113.272605">
        <time>2026-06-27T01:12:48Z</time>
      </trkpt>
      <trkpt lat="23.075246" lon="113.272714">
        <time>2026-06-27T01:12:53Z</time>
      </trkpt>
      <trkpt lat="23.075278" lon="113.272807">
        <time>2026-06-27T01:12:58Z</time>
      </trkpt>
      <trkpt lat="23.075337" lon="113.272903">
        <time>2026-06-27T01:13:03Z</time>
      </trkpt>
      <trkpt lat="23.075372" lon="113.273042">
        <time>2026-06-27T01:13:08Z</time>
      </trkpt>
      <trkpt lat="23.075399" lon="113.273106">
        <time>2026-06-27T01:13:13Z</time>
      </trkpt>
      <trkpt lat="23.075443" lon="113.273191">
        <time>2026-06-27T01:13:18Z</time>
      </trkpt>
      <trkpt lat="23.075515" lon="113.273325">
        <time>2026-06-27T01:13:23Z</time>
      </trkpt>
      <trkpt lat="23.075646" lon="113.273357">
        <time>2026-06-27T01:13:28Z</time>
      </trkpt>
      <trkpt lat="23.075762" lon="113.273306">
        <time>2026-06-27T01:13:33Z</time>
      </trkpt>
    </trkseg>
  </trk>
</gpx>