<?xml version="1.0" encoding="UTF-8"?>
<gpx xmlns="http://www.topografix.com/GPX/1/1" xmlns:gpxtpx="http://www.garmin.com/xmlschemas/TrackPointExtension/v1" xmlns:xsi="http://www.w3.org/2001/XMLSchema-instance" xsi:schemaLocation="http://www.topografix.com/GPX/1/1 http://www.topografix.com/GPX/1/1/gpx.xsd" version="1.1" creator="gpx.py -- https://github.com/tkrajina/gpxpy">
  <trk>
    <name>gpx from joyrun</name>
    <trkseg>
      <trkpt lat="23.075833" lon="113.272705">
        <time>2026-07-03T22:17:46Z</time>
      </trkpt>
      <trkpt lat="23.075762" lon="113.272677">
        <time>2026-07-03T22:17:51Z</time>
      </trkpt>
      <trkpt lat="23.075635" lon="113.272607">
        <time>2026-07-03T22:17:56Z</time>
      </trkpt>
      <trkpt lat="23.075552" lon="113.272546">
        <time>2026-07-03T22:18:01Z</time>
      </trkpt>
      <trkpt lat="23.075466" lon="113.272501">
        <time>2026-07-03T22:18:06Z</time>
      </trkpt>
      <trkpt lat="23.075332" lon="113.272437">
        <time>2026-07-03T22:18:11Z</time>
      </trkpt>
      <trkpt lat="23.075196" lon="113.272374">
        <time>2026-07-03T22:18:16Z</time>
      </trkpt>
      <trkpt lat="23.075122" lon="113.272319">
        <time>2026-07-03T22:18:21Z</time>
      </trkpt>
      <trkpt lat="23.075048" lon="113.272261">
        <time>2026-07-03T22:18:26Z</time>
      </trkpt>
      <trkpt lat="23.074922" lon="113.27217">
        <time>2026-07-03T22:18:31Z</time>
      </trkpt>
      <trkpt lat="23.074778" lon="113.272095">
        <time>2026-07-03T22:18:36Z</time>
      </trkpt>
      <trkpt lat="23.074686" lon="113.272036">
        <time>2026-07-03T22:18:41Z</time>
      </trkpt>
      <trkpt lat="23.074594" lon="113.271981">
        <time>2026-07-03T22:18:46Z</time>
      </trkpt>
      <trkpt lat="23.074462" lon="113.271912">
        <time>2026-07-03T22:18:51Z</time>
      </trkpt>
      <trkpt lat="23.074373" lon="113.272001">
        <time>2026-07-03T22:18:56Z</time>
      </trkpt>
      <trkpt lat="23.074327" lon="113.272105">
        <time>2026-07-03T22:19:01Z</time>
      </trkpt>
      <trkpt lat="23.074284" lon="113.272203">
        <time>2026-07-03T22:19:06Z</time>
      </trkpt>
      <trkpt lat="23.074214" lon="113.272354">
        <time>2026-07-03T22:19:11Z</time>
      </trkpt>
      <trkpt lat="23.074151" lon="113.272511">
        <time>2026-07-03T22:19:16Z</time>
      </trkpt>
      <trkpt lat="23.074109" lon="113.272628">
        <time>2026-07-03T22:19:21Z</time>
      </trkpt>
      <trkpt lat="23.074065" lon="113.272744">
        <time>2026-07-03T22:19:26Z</time>
      </trkpt>
      <trkpt lat="23.073999" lon="113.272915">
        <time>2026-07-03T22:19:31Z</time>
      </trkpt>
      <trkpt lat="23.073941" lon="113.273076">
        <time>2026-07-03T22:19:36Z</time>
      </trkpt>
      <trkpt lat="23.073896" lon="113.273175">
        <time>2026-07-03T22:19:41Z</time>
      </trkpt>
      <trkpt lat="23.073849" lon="113.273276">
        <time>2026-07-03T22:19:46Z</time>
      </trkpt>
      <trkpt lat="23.073821" lon="113.273352">
        <time>2026-07-03T22:19:51Z</time>
      </trkpt>
      <trkpt lat="23.07386" lon="113.27325">
        <time>2026-07-03T22:19:56Z</time>
      </trkpt>
      <trkpt lat="23.073901" lon="113.273172">
        <time>2026-07-03T22:20:01Z</time>
      </trkpt>
      <trkpt lat="23.073936" lon="113.273082">
        <time>2026-07-03T22:20:06Z</time>
      </trkpt>
      <trkpt lat="23.073884" lon="113.272976">
        <time>2026-07-03T22:20:11Z</time>
      </trkpt>
      <trkpt lat="23.073756" lon="113.272901">
        <time>2026-07-03T22:20:16Z</time>
      </trkpt>
      <trkpt lat="23.073693" lon="113.272833">
        <time>2026-07-03T22:20:21Z</time>
      </trkpt>
      <trkpt lat="23.0737" lon="113.272748">
        <time>2026-07-03T22:20:26Z</time>
      </trkpt>
      <trkpt lat="23.073753" lon="113.272629">
        <time>2026-07-03T22:20:31Z</time>
      </trkpt>
      <trkpt lat="23.073811" lon="113.272524">
        <time>2026-07-03T22:20:36Z</time>
      </trkpt>
      <trkpt lat="23.073847" lon="113.272445">
        <time>2026-07-03T22:20:41Z</time>
      </trkpt>
      <trkpt lat="23.073892" lon="113.272363">
        <time>2026-07-03T22:20:46Z</time>
      </trkpt>
      <trkpt lat="23.073962" lon="113.27223">
        <time>2026-07-03T22:20:51Z</time>
      </trkpt>
      <trkpt lat="23.074014" lon="113.272084">
        <time>2026-07-03T22:20:56Z</time>
      </trkpt>
      <trkpt lat="23.074042" lon="113.271996">
        <time>2026-07-03T22:21:01Z</time>
      </trkpt>
      <trkpt lat="23.074069" lon="113.271904">
        <time>2026-07-03T22:21:06Z</time>
      </trkpt>
      <trkpt lat="23.074081" lon="113.27176">
        <time>2026-07-03T22:21:11Z</time>
      </trkpt>
      <trkpt lat="23.073975" lon="113.271661">
        <time>2026-07-03T22:21:16Z</time>
      </trkpt>
      <trkpt lat="23.073889" lon="113.271612">
        <time>2026-07-03T22:21:21Z</time>
      </trkpt>
      <trkpt lat="23.073809" lon="113.271576">
        <time>2026-07-03T22:21:26Z</time>
      </trkpt>
      <trkpt lat="23.073695" lon="113.271522">
        <time>2026-07-03T22:21:31Z</time>
      </trkpt>
      <trkpt lat="23.073553" lon="113.271461">
        <time>2026-07-03T22:21:36Z</time>
      </trkpt>
      <trkpt lat="23.073459" lon="113.271425">
        <time>2026-07-03T22:21:41Z</time>
      </trkpt>
      <trkpt lat="23.073366" lon="113.271382">
        <time>2026-07-03T22:21:46Z</time>
      </trkpt>
      <trkpt lat="23.073248" lon="113.271271">
        <time>2026-07-03T22:21:51Z</time>
      </trkpt>
      <trkpt lat="23.073129" lon="113.271192">
        <time>2026-07-03T22:21:56Z</time>
      </trkpt>
      <trkpt lat="23.073035" lon="113.271143">
        <time>2026-07-03T22:22:01Z</time>
      </trkpt>
      <trkpt lat="23.07295" lon="113.27109">
        <time>2026-07-03T22:22:06Z</time>
      </trkpt>
      <trkpt lat="23.072834" lon="113.271015">
        <time>2026-07-03T22:22:11Z</time>
      </trkpt>
      <trkpt lat="23.07269" lon="113.270949">
        <time>2026-07-03T22:22:16Z</time>
      </trkpt>
      <trkpt lat="23.072594" lon="113.270908">
        <time>2026-07-03T22:22:21Z</time>
      </trkpt>
      <trkpt lat="23.072501" lon="113.270864">
        <time>2026-07-03T22:22:26Z</time>
      </trkpt>
      <trkpt lat="23.072365" lon="113.270806">
        <time>2026-07-03T22:22:31Z</time>
      </trkpt>
      <trkpt lat="23.072229" lon="113.270738">
        <time>2026-07-03T22:22:36Z</time>
      </trkpt>
      <trkpt lat="23.07214" lon="113.270695">
        <time>2026-07-03T22:22:41Z</time>
      </trkpt>
      <trkpt lat="23.072054" lon="113.270657">
        <time>2026-07-03T22:22:46Z</time>
      </trkpt>
      <trkpt lat="23.071917" lon="113.270597">
        <time>2026-07-03T22:22:51Z</time>
      </trkpt>
      <trkpt lat="23.071777" lon="113.270517">
        <time>2026-07-03T22:22:56Z</time>
      </trkpt>
      <trkpt lat="23.071693" lon="113.270465">
        <time>2026-07-03T22:23:01Z</time>
      </trkpt>
      <trkpt lat="23.071607" lon="113.270418">
        <time>2026-07-03T22:23:06Z</time>
      </trkpt>
      <trkpt lat="23.071465" lon="113.270345">
        <time>2026-07-03T22:23:11Z</time>
      </trkpt>
      <trkpt lat="23.071319" lon="113.270285">
        <time>2026-07-03T22:23:16Z</time>
      </trkpt>
      <trkpt lat="23.07123" lon="113.270227">
        <time>2026-07-03T22:23:21Z</time>
      </trkpt>
      <trkpt lat="23.071143" lon="113.270169">
        <time>2026-07-03T22:23:26Z</time>
      </trkpt>
      <trkpt lat="23.071024" lon="113.270067">
        <time>2026-07-03T22:23:31Z</time>
      </trkpt>
      <trkpt lat="23.070881" lon="113.270009">
        <time>2026-07-03T22:23:36Z</time>
      </trkpt>
      <trkpt lat="23.070778" lon="113.269965">
        <time>2026-07-03T22:23:41Z</time>
      </trkpt>
      <trkpt lat="23.070676" lon="113.269921">
        <time>2026-07-03T22:23:46Z</time>
      </trkpt>
      <trkpt lat="23.070524" lon="113.269863">
        <time>2026-07-03T22:23:51Z</time>
      </trkpt>
      <trkpt lat="23.070376" lon="113.269783">
        <time>2026-07-03T22:23:56Z</time>
      </trkpt>
      <trkpt lat="23.070275" lon="113.269746">
        <time>2026-07-03T22:24:01Z</time>
      </trkpt>
      <trkpt lat="23.070177" lon="113.269711">
        <time>2026-07-03T22:24:06Z</time>
      </trkpt>
      <trkpt lat="23.070042" lon="113.269636">
        <time>2026-07-03T22:24:11Z</time>
      </trkpt>
      <trkpt lat="23.069908" lon="113.26958">
        <time>2026-07-03T22:24:16Z</time>
      </trkpt>
      <trkpt lat="23.069822" lon="113.269546">
        <time>2026-07-03T22:24:21Z</time>
      </trkpt>
      <trkpt lat="23.069724" lon="113.269506">
        <time>2026-07-03T22:24:26Z</time>
      </trkpt>
      <trkpt lat="23.06955" lon="113.269417">
        <time>2026-07-03T22:24:31Z</time>
      </trkpt>
      <trkpt lat="23.069423" lon="113.269337">
        <time>2026-07-03T22:24:36Z</time>
      </trkpt>
      <trkpt lat="23.069332" lon="113.269307">
        <time>2026-07-03T22:24:41Z</time>
      </trkpt>
      <trkpt lat="23.069246" lon="113.269257">
        <time>2026-07-03T22:24:46Z</time>
      </trkpt>
      <trkpt lat="23.069151" lon="113.269132">
        <time>2026-07-03T22:24:51Z</time>
      </trkpt>
      <trkpt lat="23.069053" lon="113.269019">
        <time>2026-07-03T22:24:56Z</time>
      </trkpt>
      <trkpt lat="23.068967" lon="113.268982">
        <time>2026-07-03T22:25:01Z</time>
      </trkpt>
      <trkpt lat="23.068883" lon="113.268941">
        <time>2026-07-03T22:25:06Z</time>
      </trkpt>
      <trkpt lat="23.068762" lon="113.268885">
        <time>2026-07-03T22:25:11Z</time>
      </trkpt>
      <trkpt lat="23.068634" lon="113.268832">
        <time>2026-07-03T22:25:16Z</time>
      </trkpt>
      <trkpt lat="23.068557" lon="113.268795">
        <time>2026-07-03T22:25:21Z</time>
      </trkpt>
      <trkpt lat="23.068482" lon="113.268757">
        <time>2026-07-03T22:25:26Z</time>
      </trkpt>
      <trkpt lat="23.068349" lon="113.268683">
        <time>2026-07-03T22:25:31Z</time>
      </trkpt>
      <trkpt lat="23.068191" lon="113.268608">
        <time>2026-07-03T22:25:36Z</time>
      </trkpt>
      <trkpt lat="23.068077" lon="113.268556">
        <time>2026-07-03T22:25:41Z</time>
      </trkpt>
      <trkpt lat="23.067966" lon="113.268501">
        <time>2026-07-03T22:25:46Z</time>
      </trkpt>
      <trkpt lat="23.067814" lon="113.268433">
        <time>2026-07-03T22:25:51Z</time>
      </trkpt>
      <trkpt lat="23.067666" lon="113.26836">
        <time>2026-07-03T22:25:56Z</time>
      </trkpt>
      <trkpt lat="23.067569" lon="113.268313">
        <time>2026-07-03T22:26:01Z</time>
      </trkpt>
      <trkpt lat="23.067459" lon="113.268285">
        <time>2026-07-03T22:26:06Z</time>
      </trkpt>
      <trkpt lat="23.067333" lon="113.268219">
        <time>2026-07-03T22:26:11Z</time>
      </trkpt>
      <trkpt lat="23.067205" lon="113.268172">
        <time>2026-07-03T22:26:16Z</time>
      </trkpt>
      <trkpt lat="23.06712" lon="113.268129">
        <time>2026-07-03T22:26:21Z</time>
      </trkpt>
      <trkpt lat="23.06703" lon="113.268104">
        <time>2026-07-03T22:26:26Z</time>
      </trkpt>
      <trkpt lat="23.066878" lon="113.268064">
        <time>2026-07-03T22:26:31Z</time>
      </trkpt>
      <trkpt lat="23.066709" lon="113.268039">
        <time>2026-07-03T22:26:36Z</time>
      </trkpt>
      <trkpt lat="23.066602" lon="113.268023">
        <time>2026-07-03T22:26:41Z</time>
      </trkpt>
      <trkpt lat="23.066502" lon="113.267991">
        <time>2026-07-03T22:26:46Z</time>
      </trkpt>
      <trkpt lat="23.06635" lon="113.267965">
        <time>2026-07-03T22:26:51Z</time>
      </trkpt>
      <trkpt lat="23.066211" lon="113.268008">
        <time>2026-07-03T22:26:56Z</time>
      </trkpt>
      <trkpt lat="23.066143" lon="113.268083">
        <time>2026-07-03T22:27:01Z</time>
      </trkpt>
      <trkpt lat="23.066078" lon="113.268169">
        <time>2026-07-03T22:27:06Z</time>
      </trkpt>
      <trkpt lat="23.065979" lon="113.268293">
        <time>2026-07-03T22:27:11Z</time>
      </trkpt>
      <trkpt lat="23.065888" lon="113.268426">
        <time>2026-07-03T22:27:16Z</time>
      </trkpt>
      <trkpt lat="23.065834" lon="113.268518">
        <time>2026-07-03T22:27:21Z</time>
      </trkpt>
      <trkpt lat="23.065788" lon="113.268613">
        <time>2026-07-03T22:27:26Z</time>
      </trkpt>
      <trkpt lat="23.065719" lon="113.268756">
        <time>2026-07-03T22:27:31Z</time>
      </trkpt>
      <trkpt lat="23.065656" lon="113.268899">
        <time>2026-07-03T22:27:36Z</time>
      </trkpt>
      <trkpt lat="23.065622" lon="113.268998">
        <time>2026-07-03T22:27:41Z</time>
      </trkpt>
      <trkpt lat="23.06559" lon="113.269099">
        <time>2026-07-03T22:27:46Z</time>
      </trkpt>
      <trkpt lat="23.065555" lon="113.269253">
        <time>2026-07-03T22:27:51Z</time>
      </trkpt>
      <trkpt lat="23.065515" lon="113.269412">
        <time>2026-07-03T22:27:56Z</time>
      </trkpt>
      <trkpt lat="23.065489" lon="113.269517">
        <time>2026-07-03T22:28:01Z</time>
      </trkpt>
      <trkpt lat="23.065461" lon="113.269623">
        <time>2026-07-03T22:28:06Z</time>
      </trkpt>
      <trkpt lat="23.06541" lon="113.269774">
        <time>2026-07-03T22:28:11Z</time>
      </trkpt>
      <trkpt lat="23.065343" lon="113.269928">
        <time>2026-07-03T22:28:16Z</time>
      </trkpt>
      <trkpt lat="23.065312" lon="113.270038">
        <time>2026-07-03T22:28:21Z</time>
      </trkpt>
      <trkpt lat="23.065278" lon="113.270145">
        <time>2026-07-03T22:28:26Z</time>
      </trkpt>
      <trkpt lat="23.065214" lon="113.270293">
        <time>2026-07-03T22:28:31Z</time>
      </trkpt>
      <trkpt lat="23.065154" lon="113.270436">
        <time>2026-07-03T22:28:36Z</time>
      </trkpt>
      <trkpt lat="23.065109" lon="113.270533">
        <time>2026-07-03T22:28:41Z</time>
      </trkpt>
      <trkpt lat="23.065063" lon="113.270632">
        <time>2026-07-03T22:28:46Z</time>
      </trkpt>
      <trkpt lat="23.064991" lon="113.270779">
        <time>2026-07-03T22:28:51Z</time>
      </trkpt>
      <trkpt lat="23.064922" lon="113.270932">
        <time>2026-07-03T22:28:56Z</time>
      </trkpt>
      <trkpt lat="23.064877" lon="113.271035">
        <time>2026-07-03T22:29:01Z</time>
      </trkpt>
      <trkpt lat="23.064833" lon="113.271132">
        <time>2026-07-03T22:29:06Z</time>
      </trkpt>
      <trkpt lat="23.064767" lon="113.271274">
        <time>2026-07-03T22:29:11Z</time>
      </trkpt>
      <trkpt lat="23.064698" lon="113.271414">
        <time>2026-07-03T22:29:16Z</time>
      </trkpt>
      <trkpt lat="23.064652" lon="113.271513">
        <time>2026-07-03T22:29:21Z</time>
      </trkpt>
      <trkpt lat="23.064605" lon="113.27161">
        <time>2026-07-03T22:29:26Z</time>
      </trkpt>
      <trkpt lat="23.064542" lon="113.271752">
        <time>2026-07-03T22:29:31Z</time>
      </trkpt>
      <trkpt lat="23.064492" lon="113.271895">
        <time>2026-07-03T22:29:36Z</time>
      </trkpt>
      <trkpt lat="23.064454" lon="113.271992">
        <time>2026-07-03T22:29:41Z</time>
      </trkpt>
      <trkpt lat="23.064401" lon="113.272082">
        <time>2026-07-03T22:29:46Z</time>
      </trkpt>
      <trkpt lat="23.064332" lon="113.27222">
        <time>2026-07-03T22:29:51Z</time>
      </trkpt>
      <trkpt lat="23.064323" lon="113.272378">
        <time>2026-07-03T22:29:56Z</time>
      </trkpt>
      <trkpt lat="23.064315" lon="113.272487">
        <time>2026-07-03T22:30:01Z</time>
      </trkpt>
      <trkpt lat="23.064317" lon="113.272595">
        <time>2026-07-03T22:30:06Z</time>
      </trkpt>
      <trkpt lat="23.064353" lon="113.272755">
        <time>2026-07-03T22:30:11Z</time>
      </trkpt>
      <trkpt lat="23.064413" lon="113.272914">
        <time>2026-07-03T22:30:16Z</time>
      </trkpt>
      <trkpt lat="23.064445" lon="113.273018">
        <time>2026-07-03T22:30:21Z</time>
      </trkpt>
      <trkpt lat="23.064463" lon="113.273119">
        <time>2026-07-03T22:30:26Z</time>
      </trkpt>
      <trkpt lat="23.064423" lon="113.273272">
        <time>2026-07-03T22:30:31Z</time>
      </trkpt>
      <trkpt lat="23.064309" lon="113.27338">
        <time>2026-07-03T22:30:36Z</time>
      </trkpt>
      <trkpt lat="23.06422" lon="113.273443">
        <time>2026-07-03T22:30:41Z</time>
      </trkpt>
      <trkpt lat="23.064135" lon="113.273507">
        <time>2026-07-03T22:30:46Z</time>
      </trkpt>
      <trkpt lat="23.064004" lon="113.273601">
        <time>2026-07-03T22:30:51Z</time>
      </trkpt>
      <trkpt lat="23.063897" lon="113.273709">
        <time>2026-07-03T22:30:56Z</time>
      </trkpt>
      <trkpt lat="23.063844" lon="113.27379">
        <time>2026-07-03T22:31:01Z</time>
      </trkpt>
      <trkpt lat="23.063798" lon="113.273874">
        <time>2026-07-03T22:31:06Z</time>
      </trkpt>
      <trkpt lat="23.063758" lon="113.273946">
        <time>2026-07-03T22:31:11Z</time>
      </trkpt>
      <trkpt lat="23.063726" lon="113.274014">
        <time>2026-07-03T22:31:16Z</time>
      </trkpt>
      <trkpt lat="23.063656" lon="113.274083">
        <time>2026-07-03T22:31:21Z</time>
      </trkpt>
      <trkpt lat="23.063562" lon="113.27411">
        <time>2026-07-03T22:31:26Z</time>
      </trkpt>
      <trkpt lat="23.063417" lon="113.274084">
        <time>2026-07-03T22:31:31Z</time>
      </trkpt>
      <trkpt lat="23.063326" lon="113.274215">
        <time>2026-07-03T22:31:36Z</time>
      </trkpt>
      <trkpt lat="23.063274" lon="113.274333">
        <time>2026-07-03T22:31:41Z</time>
      </trkpt>
      <trkpt lat="23.063238" lon="113.274455">
        <time>2026-07-03T22:31:46Z</time>
      </trkpt>
      <trkpt lat="23.063183" lon="113.274625">
        <time>2026-07-03T22:31:51Z</time>
      </trkpt>
      <trkpt lat="23.063139" lon="113.274788">
        <time>2026-07-03T22:31:56Z</time>
      </trkpt>
      <trkpt lat="23.063105" lon="113.274895">
        <time>2026-07-03T22:32:01Z</time>
      </trkpt>
      <trkpt lat="23.063076" lon="113.275005">
        <time>2026-07-03T22:32:06Z</time>
      </trkpt>
      <trkpt lat="23.062984" lon="113.275142">
        <time>2026-07-03T22:32:11Z</time>
      </trkpt>
      <trkpt lat="23.062891" lon="113.275275">
        <time>2026-07-03T22:32:16Z</time>
      </trkpt>
      <trkpt lat="23.062909" lon="113.275389">
        <time>2026-07-03T22:32:21Z</time>
      </trkpt>
      <trkpt lat="23.062906" lon="113.275498">
        <time>2026-07-03T22:32:26Z</time>
      </trkpt>
      <trkpt lat="23.062805" lon="113.275632">
        <time>2026-07-03T22:32:31Z</time>
      </trkpt>
      <trkpt lat="23.062687" lon="113.275749">
        <time>2026-07-03T22:32:36Z</time>
      </trkpt>
      <trkpt lat="23.062609" lon="113.275832">
        <time>2026-07-03T22:32:41Z</time>
      </trkpt>
      <trkpt lat="23.062542" lon="113.275921">
        <time>2026-07-03T22:32:46Z</time>
      </trkpt>
      <trkpt lat="23.062463" lon="113.276067">
        <time>2026-07-03T22:32:51Z</time>
      </trkpt>
      <trkpt lat="23.062393" lon="113.276216">
        <time>2026-07-03T22:32:56Z</time>
      </trkpt>
      <trkpt lat="23.062356" lon="113.276315">
        <time>2026-07-03T22:33:01Z</time>
      </trkpt>
      <trkpt lat="23.062319" lon="113.276413">
        <time>2026-07-03T22:33:06Z</time>
      </trkpt>
      <trkpt lat="23.062256" lon="113.276561">
        <time>2026-07-03T22:33:11Z</time>
      </trkpt>
      <trkpt lat="23.062206" lon="113.276714">
        <time>2026-07-03T22:33:16Z</time>
      </trkpt>
      <trkpt lat="23.062177" lon="113.276813">
        <time>2026-07-03T22:33:21Z</time>
      </trkpt>
      <trkpt lat="23.062135" lon="113.276904">
        <time>2026-07-03T22:33:26Z</time>
      </trkpt>
      <trkpt lat="23.062083" lon="113.277048">
        <time>2026-07-03T22:33:31Z</time>
      </trkpt>
      <trkpt lat="23.062017" lon="113.277204">
        <time>2026-07-03T22:33:36Z</time>
      </trkpt>
      <trkpt lat="23.061968" lon="113.27731">
        <time>2026-07-03T22:33:41Z</time>
      </trkpt>
      <trkpt lat="23.061925" lon="113.277417">
        <time>2026-07-03T22:33:46Z</time>
      </trkpt>
      <trkpt lat="23.061869" lon="113.277576">
        <time>2026-07-03T22:33:51Z</time>
      </trkpt>
      <trkpt lat="23.061825" lon="113.277737">
        <time>2026-07-03T22:33:56Z</time>
      </trkpt>
      <trkpt lat="23.06181" lon="113.277848">
        <time>2026-07-03T22:34:01Z</time>
      </trkpt>
      <trkpt lat="23.061811" lon="113.277958">
        <time>2026-07-03T22:34:06Z</time>
      </trkpt>
      <trkpt lat="23.061821" lon="113.278124">
        <time>2026-07-03T22:34:11Z</time>
      </trkpt>
      <trkpt lat="23.061827" lon="113.278288">
        <time>2026-07-03T22:34:16Z</time>
      </trkpt>
      <trkpt lat="23.06183" lon="113.278394">
        <time>2026-07-03T22:34:21Z</time>
      </trkpt>
      <trkpt lat="23.061837" lon="113.278502">
        <time>2026-07-03T22:34:26Z</time>
      </trkpt>
      <trkpt lat="23.061837" lon="113.278662">
        <time>2026-07-03T22:34:31Z</time>
      </trkpt>
      <trkpt lat="23.061764" lon="113.278744">
        <time>2026-07-03T22:34:36Z</time>
      </trkpt>
      <trkpt lat="23.061695" lon="113.278791">
        <time>2026-07-03T22:34:41Z</time>
      </trkpt>
      <trkpt lat="23.061658" lon="113.27888">
        <time>2026-07-03T22:34:46Z</time>
      </trkpt>
      <trkpt lat="23.06161" lon="113.279021">
        <time>2026-07-03T22:34:51Z</time>
      </trkpt>
      <trkpt lat="23.061563" lon="113.279155">
        <time>2026-07-03T22:34:56Z</time>
      </trkpt>
      <trkpt lat="23.061546" lon="113.279223">
        <time>2026-07-03T22:35:01Z</time>
      </trkpt>
      <trkpt lat="23.061515" lon="113.279324">
        <time>2026-07-03T22:35:06Z</time>
      </trkpt>
      <trkpt lat="23.061471" lon="113.279436">
        <time>2026-07-03T22:35:11Z</time>
      </trkpt>
      <trkpt lat="23.061405" lon="113.279606">
        <time>2026-07-03T22:35:16Z</time>
      </trkpt>
      <trkpt lat="23.061335" lon="113.279771">
        <time>2026-07-03T22:35:21Z</time>
      </trkpt>
      <trkpt lat="23.061289" lon="113.279876">
        <time>2026-07-03T22:35:26Z</time>
      </trkpt>
      <trkpt lat="23.061247" lon="113.279983">
        <time>2026-07-03T22:35:31Z</time>
      </trkpt>
      <trkpt lat="23.061181" lon="113.280137">
        <time>2026-07-03T22:35:36Z</time>
      </trkpt>
      <trkpt lat="23.061115" lon="113.280282">
        <time>2026-07-03T22:35:41Z</time>
      </trkpt>
      <trkpt lat="23.061078" lon="113.280379">
        <time>2026-07-03T22:35:46Z</time>
      </trkpt>
      <trkpt lat="23.061034" lon="113.280476">
        <time>2026-07-03T22:35:51Z</time>
      </trkpt>
      <trkpt lat="23.060962" lon="113.280629">
        <time>2026-07-03T22:35:56Z</time>
      </trkpt>
      <trkpt lat="23.060896" lon="113.280788">
        <time>2026-07-03T22:36:01Z</time>
      </trkpt>
      <trkpt lat="23.060852" lon="113.280892">
        <time>2026-07-03T22:36:06Z</time>
      </trkpt>
      <trkpt lat="23.060807" lon="113.280995">
        <time>2026-07-03T22:36:11Z</time>
      </trkpt>
      <trkpt lat="23.060739" lon="113.28115">
        <time>2026-07-03T22:36:16Z</time>
      </trkpt>
      <trkpt lat="23.060671" lon="113.281303">
        <time>2026-07-03T22:36:21Z</time>
      </trkpt>
      <trkpt lat="23.060632" lon="113.281402">
        <time>2026-07-03T22:36:26Z</time>
      </trkpt>
      <trkpt lat="23.060591" lon="113.281501">
        <time>2026-07-03T22:36:31Z</time>
      </trkpt>
      <trkpt lat="23.060538" lon="113.281656">
        <time>2026-07-03T22:36:36Z</time>
      </trkpt>
      <trkpt lat="23.06047" lon="113.281806">
        <time>2026-07-03T22:36:41Z</time>
      </trkpt>
      <trkpt lat="23.060419" lon="113.281908">
        <time>2026-07-03T22:36:46Z</time>
      </trkpt>
      <trkpt lat="23.060369" lon="113.282009">
        <time>2026-07-03T22:36:51Z</time>
      </trkpt>
      <trkpt lat="23.060298" lon="113.282161">
        <time>2026-07-03T22:36:56Z</time>
      </trkpt>
      <trkpt lat="23.06025" lon="113.282309">
        <time>2026-07-03T22:37:01Z</time>
      </trkpt>
      <trkpt lat="23.060218" lon="113.282404">
        <time>2026-07-03T22:37:06Z</time>
      </trkpt>
      <trkpt lat="23.060181" lon="113.2825">
        <time>2026-07-03T22:37:11Z</time>
      </trkpt>
      <trkpt lat="23.060115" lon="113.282645">
        <time>2026-07-03T22:37:16Z</time>
      </trkpt>
      <trkpt lat="23.060046" lon="113.282795">
        <time>2026-07-03T22:37:21Z</time>
      </trkpt>
      <trkpt lat="23.06" lon="113.28289">
        <time>2026-07-03T22:37:26Z</time>
      </trkpt>
      <trkpt lat="23.059951" lon="113.282984">
        <time>2026-07-03T22:37:31Z</time>
      </trkpt>
      <trkpt lat="23.059882" lon="113.283137">
        <time>2026-07-03T22:37:36Z</time>
      </trkpt>
      <trkpt lat="23.059807" lon="113.283291">
        <time>2026-07-03T22:37:41Z</time>
      </trkpt>
      <trkpt lat="23.059757" lon="113.283389">
        <time>2026-07-03T22:37:46Z</time>
      </trkpt>
      <trkpt lat="23.059717" lon="113.283488">
        <time>2026-07-03T22:37:51Z</time>
      </trkpt>
      <trkpt lat="23.059654" lon="113.283641">
        <time>2026-07-03T22:37:56Z</time>
      </trkpt>
      <trkpt lat="23.059596" lon="113.283803">
        <time>2026-07-03T22:38:01Z</time>
      </trkpt>
      <trkpt lat="23.05955" lon="113.283908">
        <time>2026-07-03T22:38:06Z</time>
      </trkpt>
      <trkpt lat="23.059508" lon="113.284015">
        <time>2026-07-03T22:38:11Z</time>
      </trkpt>
      <trkpt lat="23.059422" lon="113.284157">
        <time>2026-07-03T22:38:16Z</time>
      </trkpt>
      <trkpt lat="23.05936" lon="113.284303">
        <time>2026-07-03T22:38:21Z</time>
      </trkpt>
      <trkpt lat="23.059325" lon="113.284402">
        <time>2026-07-03T22:38:26Z</time>
      </trkpt>
      <trkpt lat="23.059306" lon="113.284507">
        <time>2026-07-03T22:38:31Z</time>
      </trkpt>
      <trkpt lat="23.059272" lon="113.284665">
        <time>2026-07-03T22:38:36Z</time>
      </trkpt>
      <trkpt lat="23.05922" lon="113.284807">
        <time>2026-07-03T22:38:41Z</time>
      </trkpt>
      <trkpt lat="23.05918" lon="113.284902">
        <time>2026-07-03T22:38:46Z</time>
      </trkpt>
      <trkpt lat="23.059141" lon="113.284999">
        <time>2026-07-03T22:38:51Z</time>
      </trkpt>
      <trkpt lat="23.059082" lon="113.28515">
        <time>2026-07-03T22:38:56Z</time>
      </trkpt>
      <trkpt lat="23.059011" lon="113.2853">
        <time>2026-07-03T22:39:01Z</time>
      </trkpt>
      <trkpt lat="23.058962" lon="113.285401">
        <time>2026-07-03T22:39:06Z</time>
      </trkpt>
      <trkpt lat="23.058913" lon="113.2855">
        <time>2026-07-03T22:39:11Z</time>
      </trkpt>
      <trkpt lat="23.058844" lon="113.285654">
        <time>2026-07-03T22:39:16Z</time>
      </trkpt>
      <trkpt lat="23.058778" lon="113.28581">
        <time>2026-07-03T22:39:21Z</time>
      </trkpt>
      <trkpt lat="23.058738" lon="113.285911">
        <time>2026-07-03T22:39:26Z</time>
      </trkpt>
      <trkpt lat="23.058704" lon="113.286014">
        <time>2026-07-03T22:39:31Z</time>
      </trkpt>
      <trkpt lat="23.058772" lon="113.286096">
        <time>2026-07-03T22:39:36Z</time>
      </trkpt>
      <trkpt lat="23.058857" lon="113.285953">
        <time>2026-07-03T22:39:41Z</time>
      </trkpt>
      <trkpt lat="23.058901" lon="113.285834">
        <time>2026-07-03T22:39:46Z</time>
      </trkpt>
      <trkpt lat="23.05894" lon="113.285716">
        <time>2026-07-03T22:39:51Z</time>
      </trkpt>
      <trkpt lat="23.059007" lon="113.285556">
        <time>2026-07-03T22:39:56Z</time>
      </trkpt>
      <trkpt lat="23.059074" lon="113.2854">
        <time>2026-07-03T22:40:01Z</time>
      </trkpt>
      <trkpt lat="23.059115" lon="113.285298">
        <time>2026-07-03T22:40:06Z</time>
      </trkpt>
      <trkpt lat="23.059165" lon="113.285209">
        <time>2026-07-03T22:40:11Z</time>
      </trkpt>
      <trkpt lat="23.059279" lon="113.285096">
        <time>2026-07-03T22:40:16Z</time>
      </trkpt>
      <trkpt lat="23.059344" lon="113.284941">
        <time>2026-07-03T22:40:21Z</time>
      </trkpt>
      <trkpt lat="23.059364" lon="113.284825">
        <time>2026-07-03T22:40:26Z</time>
      </trkpt>
      <trkpt lat="23.059386" lon="113.284711">
        <time>2026-07-03T22:40:31Z</time>
      </trkpt>
      <trkpt lat="23.059438" lon="113.28455">
        <time>2026-07-03T22:40:36Z</time>
      </trkpt>
      <trkpt lat="23.059497" lon="113.284406">
        <time>2026-07-03T22:40:41Z</time>
      </trkpt>
      <trkpt lat="23.059539" lon="113.284312">
        <time>2026-07-03T22:40:46Z</time>
      </trkpt>
      <trkpt lat="23.059583" lon="113.284215">
        <time>2026-07-03T22:40:51Z</time>
      </trkpt>
      <trkpt lat="23.059647" lon="113.284064">
        <time>2026-07-03T22:40:56Z</time>
      </trkpt>
      <trkpt lat="23.059707" lon="113.283909">
        <time>2026-07-03T22:41:01Z</time>
      </trkpt>
      <trkpt lat="23.059753" lon="113.283806">
        <time>2026-07-03T22:41:06Z</time>
      </trkpt>
      <trkpt lat="23.059801" lon="113.283702">
        <time>2026-07-03T22:41:11Z</time>
      </trkpt>
      <trkpt lat="23.059868" lon="113.283557">
        <time>2026-07-03T22:41:16Z</time>
      </trkpt>
      <trkpt lat="23.059944" lon="113.283428">
        <time>2026-07-03T22:41:21Z</time>
      </trkpt>
      <trkpt lat="23.05999" lon="113.283326">
        <time>2026-07-03T22:41:26Z</time>
      </trkpt>
      <trkpt lat="23.060038" lon="113.283228">
        <time>2026-07-03T22:41:31Z</time>
      </trkpt>
      <trkpt lat="23.060106" lon="113.283088">
        <time>2026-07-03T22:41:36Z</time>
      </trkpt>
      <trkpt lat="23.060178" lon="113.282948">
        <time>2026-07-03T22:41:41Z</time>
      </trkpt>
      <trkpt lat="23.060223" lon="113.282847">
        <time>2026-07-03T22:41:46Z</time>
      </trkpt>
      <trkpt lat="23.060266" lon="113.282747">
        <time>2026-07-03T22:41:51Z</time>
      </trkpt>
      <trkpt lat="23.060321" lon="113.282588">
        <time>2026-07-03T22:41:56Z</time>
      </trkpt>
      <trkpt lat="23.060366" lon="113.282425">
        <time>2026-07-03T22:42:01Z</time>
      </trkpt>
      <trkpt lat="23.0604" lon="113.282321">
        <time>2026-07-03T22:42:06Z</time>
      </trkpt>
      <trkpt lat="23.060442" lon="113.282216">
        <time>2026-07-03T22:42:11Z</time>
      </trkpt>
      <trkpt lat="23.060498" lon="113.282054">
        <time>2026-07-03T22:42:16Z</time>
      </trkpt>
      <trkpt lat="23.060561" lon="113.281911">
        <time>2026-07-03T22:42:21Z</time>
      </trkpt>
      <trkpt lat="23.060607" lon="113.281825">
        <time>2026-07-03T22:42:26Z</time>
      </trkpt>
      <trkpt lat="23.060648" lon="113.281734">
        <time>2026-07-03T22:42:31Z</time>
      </trkpt>
      <trkpt lat="23.0607" lon="113.281589">
        <time>2026-07-03T22:42:36Z</time>
      </trkpt>
      <trkpt lat="23.060759" lon="113.281446">
        <time>2026-07-03T22:42:41Z</time>
      </trkpt>
      <trkpt lat="23.060806" lon="113.281351">
        <time>2026-07-03T22:42:46Z</time>
      </trkpt>
      <trkpt lat="23.060852" lon="113.281254">
        <time>2026-07-03T22:42:51Z</time>
      </trkpt>
      <trkpt lat="23.060915" lon="113.281104">
        <time>2026-07-03T22:42:56Z</time>
      </trkpt>
      <trkpt lat="23.060973" lon="113.280953">
        <time>2026-07-03T22:43:01Z</time>
      </trkpt>
      <trkpt lat="23.061009" lon="113.280855">
        <time>2026-07-03T22:43:06Z</time>
      </trkpt>
      <trkpt lat="23.061054" lon="113.280752">
        <time>2026-07-03T22:43:11Z</time>
      </trkpt>
      <trkpt lat="23.06113" lon="113.280587">
        <time>2026-07-03T22:43:16Z</time>
      </trkpt>
      <trkpt lat="23.061204" lon="113.280432">
        <time>2026-07-03T22:43:21Z</time>
      </trkpt>
      <trkpt lat="23.061248" lon="113.280333">
        <time>2026-07-03T22:43:26Z</time>
      </trkpt>
      <trkpt lat="23.061295" lon="113.280234">
        <time>2026-07-03T22:43:31Z</time>
      </trkpt>
      <trkpt lat="23.061374" lon="113.280093">
        <time>2026-07-03T22:43:36Z</time>
      </trkpt>
      <trkpt lat="23.061442" lon="113.279951">
        <time>2026-07-03T22:43:41Z</time>
      </trkpt>
      <trkpt lat="23.061485" lon="113.279849">
        <time>2026-07-03T22:43:46Z</time>
      </trkpt>
      <trkpt lat="23.061521" lon="113.279747">
        <time>2026-07-03T22:43:51Z</time>
      </trkpt>
      <trkpt lat="23.061575" lon="113.279592">
        <time>2026-07-03T22:43:56Z</time>
      </trkpt>
      <trkpt lat="23.061631" lon="113.279443">
        <time>2026-07-03T22:44:01Z</time>
      </trkpt>
      <trkpt lat="23.06167" lon="113.279344">
        <time>2026-07-03T22:44:06Z</time>
      </trkpt>
      <trkpt lat="23.061716" lon="113.27925">
        <time>2026-07-03T22:44:11Z</time>
      </trkpt>
      <trkpt lat="23.061795" lon="113.279106">
        <time>2026-07-03T22:44:16Z</time>
      </trkpt>
      <trkpt lat="23.061888" lon="113.278962">
        <time>2026-07-03T22:44:21Z</time>
      </trkpt>
      <trkpt lat="23.061943" lon="113.278865">
        <time>2026-07-03T22:44:26Z</time>
      </trkpt>
      <trkpt lat="23.061978" lon="113.278755">
        <time>2026-07-03T22:44:31Z</time>
      </trkpt>
      <trkpt lat="23.061993" lon="113.278587">
        <time>2026-07-03T22:44:36Z</time>
      </trkpt>
      <trkpt lat="23.061976" lon="113.278419">
        <time>2026-07-03T22:44:41Z</time>
      </trkpt>
      <trkpt lat="23.061968" lon="113.278303">
        <time>2026-07-03T22:44:46Z</time>
      </trkpt>
      <trkpt lat="23.061962" lon="113.278186">
        <time>2026-07-03T22:44:51Z</time>
      </trkpt>
      <trkpt lat="23.061952" lon="113.278014">
        <time>2026-07-03T22:44:56Z</time>
      </trkpt>
      <trkpt lat="23.061947" lon="113.277841">
        <time>2026-07-03T22:45:01Z</time>
      </trkpt>
      <trkpt lat="23.061959" lon="113.27773">
        <time>2026-07-03T22:45:06Z</time>
      </trkpt>
      <trkpt lat="23.061991" lon="113.277622">
        <time>2026-07-03T22:45:11Z</time>
      </trkpt>
      <trkpt lat="23.062053" lon="113.277463">
        <time>2026-07-03T22:45:16Z</time>
      </trkpt>
      <trkpt lat="23.062116" lon="113.277304">
        <time>2026-07-03T22:45:21Z</time>
      </trkpt>
      <trkpt lat="23.062155" lon="113.277195">
        <time>2026-07-03T22:45:26Z</time>
      </trkpt>
      <trkpt lat="23.062187" lon="113.277086">
        <time>2026-07-03T22:45:31Z</time>
      </trkpt>
      <trkpt lat="23.062246" lon="113.276934">
        <time>2026-07-03T22:45:36Z</time>
      </trkpt>
      <trkpt lat="23.062307" lon="113.276777">
        <time>2026-07-03T22:45:41Z</time>
      </trkpt>
      <trkpt lat="23.062347" lon="113.276672">
        <time>2026-07-03T22:45:46Z</time>
      </trkpt>
      <trkpt lat="23.062387" lon="113.276569">
        <time>2026-07-03T22:45:51Z</time>
      </trkpt>
      <trkpt lat="23.062442" lon="113.276415">
        <time>2026-07-03T22:45:56Z</time>
      </trkpt>
      <trkpt lat="23.062498" lon="113.276264">
        <time>2026-07-03T22:46:01Z</time>
      </trkpt>
      <trkpt lat="23.062543" lon="113.276163">
        <time>2026-07-03T22:46:06Z</time>
      </trkpt>
      <trkpt lat="23.062596" lon="113.276066">
        <time>2026-07-03T22:46:11Z</time>
      </trkpt>
      <trkpt lat="23.062688" lon="113.275923">
        <time>2026-07-03T22:46:16Z</time>
      </trkpt>
      <trkpt lat="23.062796" lon="113.275793">
        <time>2026-07-03T22:46:21Z</time>
      </trkpt>
      <trkpt lat="23.062873" lon="113.27571">
        <time>2026-07-03T22:46:26Z</time>
      </trkpt>
      <trkpt lat="23.062955" lon="113.275629">
        <time>2026-07-03T22:46:31Z</time>
      </trkpt>
      <trkpt lat="23.063071" lon="113.275503">
        <time>2026-07-03T22:46:36Z</time>
      </trkpt>
      <trkpt lat="23.063156" lon="113.275362">
        <time>2026-07-03T22:46:41Z</time>
      </trkpt>
      <trkpt lat="23.063214" lon="113.275272">
        <time>2026-07-03T22:46:46Z</time>
      </trkpt>
      <trkpt lat="23.063271" lon="113.275177">
        <time>2026-07-03T22:46:51Z</time>
      </trkpt>
      <trkpt lat="23.063354" lon="113.275031">
        <time>2026-07-03T22:46:56Z</time>
      </trkpt>
      <trkpt lat="23.063404" lon="113.274873">
        <time>2026-07-03T22:47:01Z</time>
      </trkpt>
      <trkpt lat="23.063436" lon="113.27477">
        <time>2026-07-03T22:47:06Z</time>
      </trkpt>
      <trkpt lat="23.063469" lon="113.274667">
        <time>2026-07-03T22:47:11Z</time>
      </trkpt>
      <trkpt lat="23.063521" lon="113.274511">
        <time>2026-07-03T22:47:16Z</time>
      </trkpt>
      <trkpt lat="23.063595" lon="113.27437">
        <time>2026-07-03T22:47:21Z</time>
      </trkpt>
      <trkpt lat="23.063653" lon="113.274286">
        <time>2026-07-03T22:47:26Z</time>
      </trkpt>
      <trkpt lat="23.063723" lon="113.274211">
        <time>2026-07-03T22:47:31Z</time>
      </trkpt>
      <trkpt lat="23.063833" lon="113.274095">
        <time>2026-07-03T22:47:36Z</time>
      </trkpt>
      <trkpt lat="23.063914" lon="113.273949">
        <time>2026-07-03T22:47:41Z</time>
      </trkpt>
      <trkpt lat="23.063976" lon="113.273846">
        <time>2026-07-03T22:47:46Z</time>
      </trkpt>
      <trkpt lat="23.064045" lon="113.273752">
        <time>2026-07-03T22:47:51Z</time>
      </trkpt>
      <trkpt lat="23.064161" lon="113.273646">
        <time>2026-07-03T22:47:56Z</time>
      </trkpt>
      <trkpt lat="23.064286" lon="113.273551">
        <time>2026-07-03T22:48:01Z</time>
      </trkpt>
      <trkpt lat="23.064367" lon="113.273488">
        <time>2026-07-03T22:48:06Z</time>
      </trkpt>
      <trkpt lat="23.064448" lon="113.273421">
        <time>2026-07-03T22:48:11Z</time>
      </trkpt>
      <trkpt lat="23.064551" lon="113.273301">
        <time>2026-07-03T22:48:16Z</time>
      </trkpt>
      <trkpt lat="23.064589" lon="113.273138">
        <time>2026-07-03T22:48:21Z</time>
      </trkpt>
      <trkpt lat="23.064569" lon="113.273024">
        <time>2026-07-03T22:48:26Z</time>
      </trkpt>
      <trkpt lat="23.064531" lon="113.272919">
        <time>2026-07-03T22:48:31Z</time>
      </trkpt>
      <trkpt lat="23.06448" lon="113.272763">
        <time>2026-07-03T22:48:36Z</time>
      </trkpt>
      <trkpt lat="23.064447" lon="113.272603">
        <time>2026-07-03T22:48:41Z</time>
      </trkpt>
      <trkpt lat="23.064467" lon="113.272493">
        <time>2026-07-03T22:48:46Z</time>
      </trkpt>
      <trkpt lat="23.064502" lon="113.272383">
        <time>2026-07-03T22:48:51Z</time>
      </trkpt>
      <trkpt lat="23.064556" lon="113.272224">
        <time>2026-07-03T22:48:56Z</time>
      </trkpt>
      <trkpt lat="23.06463" lon="113.272074">
        <time>2026-07-03T22:49:01Z</time>
      </trkpt>
      <trkpt lat="23.064681" lon="113.271982">
        <time>2026-07-03T22:49:06Z</time>
      </trkpt>
      <trkpt lat="23.064728" lon="113.271887">
        <time>2026-07-03T22:49:11Z</time>
      </trkpt>
      <trkpt lat="23.064801" lon="113.271742">
        <time>2026-07-03T22:49:16Z</time>
      </trkpt>
      <trkpt lat="23.064873" lon="113.271592">
        <time>2026-07-03T22:49:21Z</time>
      </trkpt>
      <trkpt lat="23.064915" lon="113.271493">
        <time>2026-07-03T22:49:26Z</time>
      </trkpt>
      <trkpt lat="23.064966" lon="113.271399">
        <time>2026-07-03T22:49:31Z</time>
      </trkpt>
      <trkpt lat="23.065022" lon="113.271255">
        <time>2026-07-03T22:49:36Z</time>
      </trkpt>
      <trkpt lat="23.065104" lon="113.271106">
        <time>2026-07-03T22:49:41Z</time>
      </trkpt>
      <trkpt lat="23.065154" lon="113.270992">
        <time>2026-07-03T22:49:46Z</time>
      </trkpt>
      <trkpt lat="23.065197" lon="113.270877">
        <time>2026-07-03T22:49:51Z</time>
      </trkpt>
      <trkpt lat="23.065268" lon="113.270716">
        <time>2026-07-03T22:49:56Z</time>
      </trkpt>
      <trkpt lat="23.065334" lon="113.270569">
        <time>2026-07-03T22:50:01Z</time>
      </trkpt>
      <trkpt lat="23.065376" lon="113.270473">
        <time>2026-07-03T22:50:06Z</time>
      </trkpt>
      <trkpt lat="23.065418" lon="113.270378">
        <time>2026-07-03T22:50:11Z</time>
      </trkpt>
      <trkpt lat="23.065486" lon="113.270233">
        <time>2026-07-03T22:50:16Z</time>
      </trkpt>
      <trkpt lat="23.065543" lon="113.270084">
        <time>2026-07-03T22:50:21Z</time>
      </trkpt>
      <trkpt lat="23.065577" lon="113.26998">
        <time>2026-07-03T22:50:26Z</time>
      </trkpt>
      <trkpt lat="23.065608" lon="113.269878">
        <time>2026-07-03T22:50:31Z</time>
      </trkpt>
      <trkpt lat="23.065643" lon="113.269731">
        <time>2026-07-03T22:50:36Z</time>
      </trkpt>
      <trkpt lat="23.065695" lon="113.269577">
        <time>2026-07-03T22:50:41Z</time>
      </trkpt>
      <trkpt lat="23.065731" lon="113.269473">
        <time>2026-07-03T22:50:46Z</time>
      </trkpt>
      <trkpt lat="23.06575" lon="113.269361">
        <time>2026-07-03T22:50:51Z</time>
      </trkpt>
      <trkpt lat="23.065801" lon="113.269195">
        <time>2026-07-03T22:50:56Z</time>
      </trkpt>
      <trkpt lat="23.065844" lon="113.269041">
        <time>2026-07-03T22:51:01Z</time>
      </trkpt>
      <trkpt lat="23.065882" lon="113.268946">
        <time>2026-07-03T22:51:06Z</time>
      </trkpt>
      <trkpt lat="23.065926" lon="113.268851">
        <time>2026-07-03T22:51:11Z</time>
      </trkpt>
      <trkpt lat="23.065992" lon="113.268706">
        <time>2026-07-03T22:51:16Z</time>
      </trkpt>
      <trkpt lat="23.06607" lon="113.268565">
        <time>2026-07-03T22:51:21Z</time>
      </trkpt>
      <trkpt lat="23.06613" lon="113.268474">
        <time>2026-07-03T22:51:26Z</time>
      </trkpt>
      <trkpt lat="23.06619" lon="113.268384">
        <time>2026-07-03T22:51:31Z</time>
      </trkpt>
      <trkpt lat="23.066287" lon="113.268257">
        <time>2026-07-03T22:51:36Z</time>
      </trkpt>
      <trkpt lat="23.066412" lon="113.268155">
        <time>2026-07-03T22:51:41Z</time>
      </trkpt>
      <trkpt lat="23.066508" lon="113.268131">
        <time>2026-07-03T22:51:46Z</time>
      </trkpt>
      <trkpt lat="23.066607" lon="113.26814">
        <time>2026-07-03T22:51:51Z</time>
      </trkpt>
      <trkpt lat="23.066687" lon="113.268086">
        <time>2026-07-03T22:51:56Z</time>
      </trkpt>
      <trkpt lat="23.066551" lon="113.26798">
        <time>2026-07-03T22:52:01Z</time>
      </trkpt>
      <trkpt lat="23.066436" lon="113.267954">
        <time>2026-07-03T22:52:06Z</time>
      </trkpt>
      <trkpt lat="23.066332" lon="113.267957">
        <time>2026-07-03T22:52:11Z</time>
      </trkpt>
      <trkpt lat="23.066198" lon="113.268029">
        <time>2026-07-03T22:52:16Z</time>
      </trkpt>
      <trkpt lat="23.066089" lon="113.268145">
        <time>2026-07-03T22:52:21Z</time>
      </trkpt>
      <trkpt lat="23.066022" lon="113.268223">
        <time>2026-07-03T22:52:26Z</time>
      </trkpt>
      <trkpt lat="23.065958" lon="113.268299">
        <time>2026-07-03T22:52:31Z</time>
      </trkpt>
      <trkpt lat="23.065866" lon="113.268421">
        <time>2026-07-03T22:52:36Z</time>
      </trkpt>
      <trkpt lat="23.065786" lon="113.268558">
        <time>2026-07-03T22:52:41Z</time>
      </trkpt>
      <trkpt lat="23.065744" lon="113.268652">
        <time>2026-07-03T22:52:46Z</time>
      </trkpt>
      <trkpt lat="23.065706" lon="113.26875">
        <time>2026-07-03T22:52:51Z</time>
      </trkpt>
      <trkpt lat="23.065649" lon="113.268902">
        <time>2026-07-03T22:52:56Z</time>
      </trkpt>
      <trkpt lat="23.065602" lon="113.269056">
        <time>2026-07-03T22:53:01Z</time>
      </trkpt>
      <trkpt lat="23.065572" lon="113.269162">
        <time>2026-07-03T22:53:06Z</time>
      </trkpt>
      <trkpt lat="23.065547" lon="113.269266">
        <time>2026-07-03T22:53:11Z</time>
      </trkpt>
      <trkpt lat="23.065509" lon="113.269423">
        <time>2026-07-03T22:53:16Z</time>
      </trkpt>
      <trkpt lat="23.065473" lon="113.269576">
        <time>2026-07-03T22:53:21Z</time>
      </trkpt>
      <trkpt lat="23.065452" lon="113.269678">
        <time>2026-07-03T22:53:26Z</time>
      </trkpt>
      <trkpt lat="23.065419" lon="113.269778">
        <time>2026-07-03T22:53:31Z</time>
      </trkpt>
      <trkpt lat="23.06536" lon="113.269924">
        <time>2026-07-03T22:53:36Z</time>
      </trkpt>
      <trkpt lat="23.065297" lon="113.270079">
        <time>2026-07-03T22:53:41Z</time>
      </trkpt>
      <trkpt lat="23.065257" lon="113.270181">
        <time>2026-07-03T22:53:46Z</time>
      </trkpt>
      <trkpt lat="23.065218" lon="113.270281">
        <time>2026-07-03T22:53:51Z</time>
      </trkpt>
      <trkpt lat="23.065152" lon="113.270422">
        <time>2026-07-03T22:53:56Z</time>
      </trkpt>
      <trkpt lat="23.065084" lon="113.270564">
        <time>2026-07-03T22:54:01Z</time>
      </trkpt>
      <trkpt lat="23.065041" lon="113.270662">
        <time>2026-07-03T22:54:06Z</time>
      </trkpt>
      <trkpt lat="23.064998" lon="113.27076">
        <time>2026-07-03T22:54:11Z</time>
      </trkpt>
      <trkpt lat="23.064933" lon="113.270909">
        <time>2026-07-03T22:54:16Z</time>
      </trkpt>
      <trkpt lat="23.064868" lon="113.271056">
        <time>2026-07-03T22:54:21Z</time>
      </trkpt>
      <trkpt lat="23.064817" lon="113.271151">
        <time>2026-07-03T22:54:26Z</time>
      </trkpt>
      <trkpt lat="23.064769" lon="113.27125">
        <time>2026-07-03T22:54:31Z</time>
      </trkpt>
      <trkpt lat="23.064701" lon="113.271396">
        <time>2026-07-03T22:54:36Z</time>
      </trkpt>
      <trkpt lat="23.064631" lon="113.271534">
        <time>2026-07-03T22:54:41Z</time>
      </trkpt>
      <trkpt lat="23.064586" lon="113.271631">
        <time>2026-07-03T22:54:46Z</time>
      </trkpt>
      <trkpt lat="23.064543" lon="113.271732">
        <time>2026-07-03T22:54:51Z</time>
      </trkpt>
      <trkpt lat="23.064478" lon="113.271879">
        <time>2026-07-03T22:54:56Z</time>
      </trkpt>
      <trkpt lat="23.064409" lon="113.272034">
        <time>2026-07-03T22:55:01Z</time>
      </trkpt>
      <trkpt lat="23.064367" lon="113.272133">
        <time>2026-07-03T22:55:06Z</time>
      </trkpt>
      <trkpt lat="23.06434" lon="113.272241">
        <time>2026-07-03T22:55:11Z</time>
      </trkpt>
      <trkpt lat="23.064328" lon="113.272405">
        <time>2026-07-03T22:55:16Z</time>
      </trkpt>
      <trkpt lat="23.064325" lon="113.272564">
        <time>2026-07-03T22:55:21Z</time>
      </trkpt>
      <trkpt lat="23.064343" lon="113.27267">
        <time>2026-07-03T22:55:26Z</time>
      </trkpt>
      <trkpt lat="23.064376" lon="113.272772">
        <time>2026-07-03T22:55:31Z</time>
      </trkpt>
      <trkpt lat="23.064428" lon="113.272923">
        <time>2026-07-03T22:55:36Z</time>
      </trkpt>
      <trkpt lat="23.064477" lon="113.273078">
        <time>2026-07-03T22:55:41Z</time>
      </trkpt>
      <trkpt lat="23.064484" lon="113.273183">
        <time>2026-07-03T22:55:46Z</time>
      </trkpt>
      <trkpt lat="23.06445" lon="113.273282">
        <time>2026-07-03T22:55:51Z</time>
      </trkpt>
      <trkpt lat="23.064335" lon="113.273391">
        <time>2026-07-03T22:55:56Z</time>
      </trkpt>
      <trkpt lat="23.064187" lon="113.273475">
        <time>2026-07-03T22:56:01Z</time>
      </trkpt>
      <trkpt lat="23.064096" lon="113.273538">
        <time>2026-07-03T22:56:06Z</time>
      </trkpt>
      <trkpt lat="23.064016" lon="113.273606">
        <time>2026-07-03T22:56:11Z</time>
      </trkpt>
      <trkpt lat="23.063908" lon="113.273714">
        <time>2026-07-03T22:56:16Z</time>
      </trkpt>
      <trkpt lat="23.063825" lon="113.273838">
        <time>2026-07-03T22:56:21Z</time>
      </trkpt>
      <trkpt lat="23.063781" lon="113.273924">
        <time>2026-07-03T22:56:26Z</time>
      </trkpt>
      <trkpt lat="23.063731" lon="113.274006">
        <time>2026-07-03T22:56:31Z</time>
      </trkpt>
      <trkpt lat="23.063623" lon="113.2741">
        <time>2026-07-03T22:56:36Z</time>
      </trkpt>
      <trkpt lat="23.063498" lon="113.274096">
        <time>2026-07-03T22:56:41Z</time>
      </trkpt>
      <trkpt lat="23.063412" lon="113.274105">
        <time>2026-07-03T22:56:46Z</time>
      </trkpt>
      <trkpt lat="23.063347" lon="113.274199">
        <time>2026-07-03T22:56:51Z</time>
      </trkpt>
      <trkpt lat="23.063279" lon="113.274369">
        <time>2026-07-03T22:56:56Z</time>
      </trkpt>
      <trkpt lat="23.063223" lon="113.274535">
        <time>2026-07-03T22:57:01Z</time>
      </trkpt>
      <trkpt lat="23.063185" lon="113.274643">
        <time>2026-07-03T22:57:06Z</time>
      </trkpt>
      <trkpt lat="23.063156" lon="113.274748">
        <time>2026-07-03T22:57:11Z</time>
      </trkpt>
      <trkpt lat="23.063115" lon="113.2749">
        <time>2026-07-03T22:57:16Z</time>
      </trkpt>
      <trkpt lat="23.063073" lon="113.275056">
        <time>2026-07-03T22:57:21Z</time>
      </trkpt>
      <trkpt lat="23.063023" lon="113.275148">
        <time>2026-07-03T22:57:26Z</time>
      </trkpt>
      <trkpt lat="23.062945" lon="113.275213">
        <time>2026-07-03T22:57:31Z</time>
      </trkpt>
      <trkpt lat="23.062921" lon="113.275359">
        <time>2026-07-03T22:57:36Z</time>
      </trkpt>
      <trkpt lat="23.062921" lon="113.275515">
        <time>2026-07-03T22:57:41Z</time>
      </trkpt>
      <trkpt lat="23.062853" lon="113.275601">
        <time>2026-07-03T22:57:46Z</time>
      </trkpt>
      <trkpt lat="23.062775" lon="113.275673">
        <time>2026-07-03T22:57:51Z</time>
      </trkpt>
      <trkpt lat="23.062663" lon="113.275785">
        <time>2026-07-03T22:57:56Z</time>
      </trkpt>
      <trkpt lat="23.062567" lon="113.275915">
        <time>2026-07-03T22:58:01Z</time>
      </trkpt>
      <trkpt lat="23.062509" lon="113.276008">
        <time>2026-07-03T22:58:06Z</time>
      </trkpt>
      <trkpt lat="23.062453" lon="113.276101">
        <time>2026-07-03T22:58:11Z</time>
      </trkpt>
      <trkpt lat="23.06239" lon="113.276246">
        <time>2026-07-03T22:58:16Z</time>
      </trkpt>
      <trkpt lat="23.062342" lon="113.27639">
        <time>2026-07-03T22:58:21Z</time>
      </trkpt>
      <trkpt lat="23.06231" lon="113.27649">
        <time>2026-07-03T22:58:26Z</time>
      </trkpt>
      <trkpt lat="23.062275" lon="113.276587">
        <time>2026-07-03T22:58:31Z</time>
      </trkpt>
      <trkpt lat="23.062224" lon="113.276726">
        <time>2026-07-03T22:58:36Z</time>
      </trkpt>
      <trkpt lat="23.062172" lon="113.276867">
        <time>2026-07-03T22:58:41Z</time>
      </trkpt>
      <trkpt lat="23.062136" lon="113.276963">
        <time>2026-07-03T22:58:46Z</time>
      </trkpt>
      <trkpt lat="23.062103" lon="113.277062">
        <time>2026-07-03T22:58:51Z</time>
      </trkpt>
      <trkpt lat="23.062038" lon="113.277221">
        <time>2026-07-03T22:58:56Z</time>
      </trkpt>
      <trkpt lat="23.061981" lon="113.27738">
        <time>2026-07-03T22:59:01Z</time>
      </trkpt>
      <trkpt lat="23.061938" lon="113.277484">
        <time>2026-07-03T22:59:06Z</time>
      </trkpt>
      <trkpt lat="23.061897" lon="113.277591">
        <time>2026-07-03T22:59:11Z</time>
      </trkpt>
      <trkpt lat="23.061854" lon="113.277748">
        <time>2026-07-03T22:59:16Z</time>
      </trkpt>
      <trkpt lat="23.06184" lon="113.277906">
        <time>2026-07-03T22:59:21Z</time>
      </trkpt>
      <trkpt lat="23.061835" lon="113.278014">
        <time>2026-07-03T22:59:26Z</time>
      </trkpt>
      <trkpt lat="23.061838" lon="113.278123">
        <time>2026-07-03T22:59:31Z</time>
      </trkpt>
      <trkpt lat="23.061848" lon="113.278284">
        <time>2026-07-03T22:59:36Z</time>
      </trkpt>
      <trkpt lat="23.061863" lon="113.278441">
        <time>2026-07-03T22:59:41Z</time>
      </trkpt>
      <trkpt lat="23.061864" lon="113.278547">
        <time>2026-07-03T22:59:46Z</time>
      </trkpt>
      <trkpt lat="23.061854" lon="113.27865">
        <time>2026-07-03T22:59:51Z</time>
      </trkpt>
      <trkpt lat="23.061784" lon="113.278738">
        <time>2026-07-03T22:59:56Z</time>
      </trkpt>
      <trkpt lat="23.061703" lon="113.278837">
        <time>2026-07-03T23:00:01Z</time>
      </trkpt>
      <trkpt lat="23.061659" lon="113.278937">
        <time>2026-07-03T23:00:06Z</time>
      </trkpt>
      <trkpt lat="23.061622" lon="113.279033">
        <time>2026-07-03T23:00:11Z</time>
      </trkpt>
      <trkpt lat="23.061569" lon="113.279154">
        <time>2026-07-03T23:00:16Z</time>
      </trkpt>
      <trkpt lat="23.061559" lon="113.279191">
        <time>2026-07-03T23:00:21Z</time>
      </trkpt>
      <trkpt lat="23.061562" lon="113.279188">
        <time>2026-07-03T23:00:26Z</time>
      </trkpt>
      <trkpt lat="23.061553" lon="113.27919">
        <time>2026-07-03T23:00:31Z</time>
      </trkpt>
      <trkpt lat="23.061509" lon="113.279319">
        <time>2026-07-03T23:00:36Z</time>
      </trkpt>
      <trkpt lat="23.061472" lon="113.279433">
        <time>2026-07-03T23:00:41Z</time>
      </trkpt>
      <trkpt lat="23.061425" lon="113.27954">
        <time>2026-07-03T23:00:46Z</time>
      </trkpt>
      <trkpt lat="23.061353" lon="113.279699">
        <time>2026-07-03T23:00:51Z</time>
      </trkpt>
      <trkpt lat="23.06129" lon="113.279857">
        <time>2026-07-03T23:00:56Z</time>
      </trkpt>
      <trkpt lat="23.061244" lon="113.279966">
        <time>2026-07-03T23:01:01Z</time>
      </trkpt>
      <trkpt lat="23.061193" lon="113.280074">
        <time>2026-07-03T23:01:06Z</time>
      </trkpt>
      <trkpt lat="23.06112" lon="113.280236">
        <time>2026-07-03T23:01:11Z</time>
      </trkpt>
      <trkpt lat="23.061054" lon="113.280409">
        <time>2026-07-03T23:01:16Z</time>
      </trkpt>
      <trkpt lat="23.061006" lon="113.280523">
        <time>2026-07-03T23:01:21Z</time>
      </trkpt>
      <trkpt lat="23.060959" lon="113.28063">
        <time>2026-07-03T23:01:26Z</time>
      </trkpt>
      <trkpt lat="23.060891" lon="113.280782">
        <time>2026-07-03T23:01:31Z</time>
      </trkpt>
      <trkpt lat="23.060829" lon="113.280932">
        <time>2026-07-03T23:01:36Z</time>
      </trkpt>
      <trkpt lat="23.060785" lon="113.281036">
        <time>2026-07-03T23:01:41Z</time>
      </trkpt>
      <trkpt lat="23.060738" lon="113.28114">
        <time>2026-07-03T23:01:46Z</time>
      </trkpt>
      <trkpt lat="23.060667" lon="113.281295">
        <time>2026-07-03T23:01:51Z</time>
      </trkpt>
      <trkpt lat="23.060602" lon="113.281449">
        <time>2026-07-03T23:01:56Z</time>
      </trkpt>
      <trkpt lat="23.06056" lon="113.281552">
        <time>2026-07-03T23:02:01Z</time>
      </trkpt>
      <trkpt lat="23.060518" lon="113.281658">
        <time>2026-07-03T23:02:06Z</time>
      </trkpt>
      <trkpt lat="23.060448" lon="113.281813">
        <time>2026-07-03T23:02:11Z</time>
      </trkpt>
      <trkpt lat="23.060378" lon="113.281968">
        <time>2026-07-03T23:02:16Z</time>
      </trkpt>
      <trkpt lat="23.060332" lon="113.282071">
        <time>2026-07-03T23:02:21Z</time>
      </trkpt>
      <trkpt lat="23.060292" lon="113.282176">
        <time>2026-07-03T23:02:26Z</time>
      </trkpt>
      <trkpt lat="23.060233" lon="113.28234">
        <time>2026-07-03T23:02:31Z</time>
      </trkpt>
      <trkpt lat="23.060163" lon="113.282503">
        <time>2026-07-03T23:02:36Z</time>
      </trkpt>
      <trkpt lat="23.060116" lon="113.282608">
        <time>2026-07-03T23:02:41Z</time>
      </trkpt>
      <trkpt lat="23.060066" lon="113.282708">
        <time>2026-07-03T23:02:46Z</time>
      </trkpt>
      <trkpt lat="23.06" lon="113.282856">
        <time>2026-07-03T23:02:51Z</time>
      </trkpt>
      <trkpt lat="23.059943" lon="113.283007">
        <time>2026-07-03T23:02:56Z</time>
      </trkpt>
      <trkpt lat="23.059904" lon="113.283105">
        <time>2026-07-03T23:03:01Z</time>
      </trkpt>
      <trkpt lat="23.059867" lon="113.283202">
        <time>2026-07-03T23:03:06Z</time>
      </trkpt>
      <trkpt lat="23.059798" lon="113.283347">
        <time>2026-07-03T23:03:11Z</time>
      </trkpt>
      <trkpt lat="23.05973" lon="113.283494">
        <time>2026-07-03T23:03:16Z</time>
      </trkpt>
      <trkpt lat="23.059678" lon="113.283587">
        <time>2026-07-03T23:03:21Z</time>
      </trkpt>
      <trkpt lat="23.059627" lon="113.283685">
        <time>2026-07-03T23:03:26Z</time>
      </trkpt>
      <trkpt lat="23.059566" lon="113.283845">
        <time>2026-07-03T23:03:31Z</time>
      </trkpt>
      <trkpt lat="23.059511" lon="113.284001">
        <time>2026-07-03T23:03:36Z</time>
      </trkpt>
      <trkpt lat="23.059458" lon="113.284092">
        <time>2026-07-03T23:03:41Z</time>
      </trkpt>
      <trkpt lat="23.059398" lon="113.28418">
        <time>2026-07-03T23:03:46Z</time>
      </trkpt>
      <trkpt lat="23.059353" lon="113.28433">
        <time>2026-07-03T23:03:51Z</time>
      </trkpt>
      <trkpt lat="23.059331" lon="113.284492">
        <time>2026-07-03T23:03:56Z</time>
      </trkpt>
      <trkpt lat="23.059299" lon="113.284592">
        <time>2026-07-03T23:04:01Z</time>
      </trkpt>
      <trkpt lat="23.059257" lon="113.284689">
        <time>2026-07-03T23:04:06Z</time>
      </trkpt>
      <trkpt lat="23.059196" lon="113.284838">
        <time>2026-07-03T23:04:11Z</time>
      </trkpt>
      <trkpt lat="23.059134" lon="113.284984">
        <time>2026-07-03T23:04:16Z</time>
      </trkpt>
      <trkpt lat="23.059094" lon="113.285084">
        <time>2026-07-03T23:04:21Z</time>
      </trkpt>
      <trkpt lat="23.059046" lon="113.285183">
        <time>2026-07-03T23:04:26Z</time>
      </trkpt>
      <trkpt lat="23.058978" lon="113.285341">
        <time>2026-07-03T23:04:31Z</time>
      </trkpt>
      <trkpt lat="23.058911" lon="113.285498">
        <time>2026-07-03T23:04:36Z</time>
      </trkpt>
      <trkpt lat="23.058869" lon="113.285603">
        <time>2026-07-03T23:04:41Z</time>
      </trkpt>
      <trkpt lat="23.058826" lon="113.28571">
        <time>2026-07-03T23:04:46Z</time>
      </trkpt>
      <trkpt lat="23.058762" lon="113.285863">
        <time>2026-07-03T23:04:51Z</time>
      </trkpt>
      <trkpt lat="23.058704" lon="113.286012">
        <time>2026-07-03T23:04:56Z</time>
      </trkpt>
      <trkpt lat="23.058739" lon="113.286081">
        <time>2026-07-03T23:05:01Z</time>
      </trkpt>
      <trkpt lat="23.058806" lon="113.286018">
        <time>2026-07-03T23:05:06Z</time>
      </trkpt>
      <trkpt lat="23.058871" lon="113.285838">
        <time>2026-07-03T23:05:11Z</time>
      </trkpt>
      <trkpt lat="23.058937" lon="113.285681">
        <time>2026-07-03T23:05:16Z</time>
      </trkpt>
      <trkpt lat="23.058982" lon="113.285584">
        <time>2026-07-03T23:05:21Z</time>
      </trkpt>
      <trkpt lat="23.059029" lon="113.285485">
        <time>2026-07-03T23:05:26Z</time>
      </trkpt>
      <trkpt lat="23.059098" lon="113.285337">
        <time>2026-07-03T23:05:31Z</time>
      </trkpt>
      <trkpt lat="23.059172" lon="113.2852">
        <time>2026-07-03T23:05:36Z</time>
      </trkpt>
      <trkpt lat="23.059247" lon="113.285135">
        <time>2026-07-03T23:05:41Z</time>
      </trkpt>
      <trkpt lat="23.059309" lon="113.285051">
        <time>2026-07-03T23:05:46Z</time>
      </trkpt>
      <trkpt lat="23.059346" lon="113.284888">
        <time>2026-07-03T23:05:51Z</time>
      </trkpt>
      <trkpt lat="23.059384" lon="113.284725">
        <time>2026-07-03T23:05:56Z</time>
      </trkpt>
      <trkpt lat="23.059413" lon="113.284621">
        <time>2026-07-03T23:06:01Z</time>
      </trkpt>
      <trkpt lat="23.05945" lon="113.284523">
        <time>2026-07-03T23:06:06Z</time>
      </trkpt>
      <trkpt lat="23.059508" lon="113.28438">
        <time>2026-07-03T23:06:11Z</time>
      </trkpt>
      <trkpt lat="23.059571" lon="113.284227">
        <time>2026-07-03T23:06:16Z</time>
      </trkpt>
      <trkpt lat="23.059615" lon="113.284125">
        <time>2026-07-03T23:06:21Z</time>
      </trkpt>
      <trkpt lat="23.059662" lon="113.284023">
        <time>2026-07-03T23:06:26Z</time>
      </trkpt>
      <trkpt lat="23.059735" lon="113.283868">
        <time>2026-07-03T23:06:31Z</time>
      </trkpt>
      <trkpt lat="23.059801" lon="113.283711">
        <time>2026-07-03T23:06:36Z</time>
      </trkpt>
      <trkpt lat="23.059843" lon="113.283606">
        <time>2026-07-03T23:06:41Z</time>
      </trkpt>
      <trkpt lat="23.059895" lon="113.283502">
        <time>2026-07-03T23:06:46Z</time>
      </trkpt>
      <trkpt lat="23.059968" lon="113.283353">
        <time>2026-07-03T23:06:51Z</time>
      </trkpt>
      <trkpt lat="23.060052" lon="113.28321">
        <time>2026-07-03T23:06:56Z</time>
      </trkpt>
      <trkpt lat="23.060105" lon="113.283116">
        <time>2026-07-03T23:07:01Z</time>
      </trkpt>
      <trkpt lat="23.060147" lon="113.283018">
        <time>2026-07-03T23:07:06Z</time>
      </trkpt>
      <trkpt lat="23.060211" lon="113.28288">
        <time>2026-07-03T23:07:11Z</time>
      </trkpt>
      <trkpt lat="23.060255" lon="113.282724">
        <time>2026-07-03T23:07:16Z</time>
      </trkpt>
      <trkpt lat="23.060286" lon="113.282619">
        <time>2026-07-03T23:07:21Z</time>
      </trkpt>
      <trkpt lat="23.060323" lon="113.282524">
        <time>2026-07-03T23:07:26Z</time>
      </trkpt>
      <trkpt lat="23.06038" lon="113.282377">
        <time>2026-07-03T23:07:31Z</time>
      </trkpt>
      <trkpt lat="23.060438" lon="113.28223">
        <time>2026-07-03T23:07:36Z</time>
      </trkpt>
      <trkpt lat="23.060474" lon="113.282135">
        <time>2026-07-03T23:07:41Z</time>
      </trkpt>
      <trkpt lat="23.060506" lon="113.28204">
        <time>2026-07-03T23:07:46Z</time>
      </trkpt>
      <trkpt lat="23.060562" lon="113.281894">
        <time>2026-07-03T23:07:51Z</time>
      </trkpt>
      <trkpt lat="23.060626" lon="113.281755">
        <time>2026-07-03T23:07:56Z</time>
      </trkpt>
      <trkpt lat="23.060669" lon="113.281661">
        <time>2026-07-03T23:08:01Z</time>
      </trkpt>
      <trkpt lat="23.060707" lon="113.281564">
        <time>2026-07-03T23:08:06Z</time>
      </trkpt>
      <trkpt lat="23.060771" lon="113.281416">
        <time>2026-07-03T23:08:11Z</time>
      </trkpt>
      <trkpt lat="23.060841" lon="113.281273">
        <time>2026-07-03T23:08:16Z</time>
      </trkpt>
      <trkpt lat="23.060886" lon="113.281178">
        <time>2026-07-03T23:08:21Z</time>
      </trkpt>
      <trkpt lat="23.060934" lon="113.281083">
        <time>2026-07-03T23:08:26Z</time>
      </trkpt>
      <trkpt lat="23.061001" lon="113.280944">
        <time>2026-07-03T23:08:31Z</time>
      </trkpt>
      <trkpt lat="23.06106" lon="113.280803">
        <time>2026-07-03T23:08:36Z</time>
      </trkpt>
      <trkpt lat="23.061105" lon="113.280703">
        <time>2026-07-03T23:08:41Z</time>
      </trkpt>
      <trkpt lat="23.061156" lon="113.2806">
        <time>2026-07-03T23:08:46Z</time>
      </trkpt>
      <trkpt lat="23.061228" lon="113.280456">
        <time>2026-07-03T23:08:51Z</time>
      </trkpt>
      <trkpt lat="23.061279" lon="113.28031">
        <time>2026-07-03T23:08:56Z</time>
      </trkpt>
      <trkpt lat="23.061316" lon="113.280212">
        <time>2026-07-03T23:09:01Z</time>
      </trkpt>
      <trkpt lat="23.06136" lon="113.280116">
        <time>2026-07-03T23:09:06Z</time>
      </trkpt>
      <trkpt lat="23.061414" lon="113.279967">
        <time>2026-07-03T23:09:11Z</time>
      </trkpt>
      <trkpt lat="23.061472" lon="113.279823">
        <time>2026-07-03T23:09:16Z</time>
      </trkpt>
      <trkpt lat="23.061509" lon="113.279725">
        <time>2026-07-03T23:09:21Z</time>
      </trkpt>
      <trkpt lat="23.061541" lon="113.279623">
        <time>2026-07-03T23:09:26Z</time>
      </trkpt>
      <trkpt lat="23.061597" lon="113.279472">
        <time>2026-07-03T23:09:31Z</time>
      </trkpt>
      <trkpt lat="23.061663" lon="113.27933">
        <time>2026-07-03T23:09:36Z</time>
      </trkpt>
      <trkpt lat="23.061705" lon="113.279237">
        <time>2026-07-03T23:09:41Z</time>
      </trkpt>
      <trkpt lat="23.061748" lon="113.279138">
        <time>2026-07-03T23:09:46Z</time>
      </trkpt>
      <trkpt lat="23.061832" lon="113.279004">
        <time>2026-07-03T23:09:51Z</time>
      </trkpt>
      <trkpt lat="23.061924" lon="113.278875">
        <time>2026-07-03T23:09:56Z</time>
      </trkpt>
      <trkpt lat="23.061963" lon="113.278774">
        <time>2026-07-03T23:10:01Z</time>
      </trkpt>
      <trkpt lat="23.061973" lon="113.278666">
        <time>2026-07-03T23:10:06Z</time>
      </trkpt>
      <trkpt lat="23.061964" lon="113.278503">
        <time>2026-07-03T23:10:11Z</time>
      </trkpt>
      <trkpt lat="23.061959" lon="113.278338">
        <time>2026-07-03T23:10:16Z</time>
      </trkpt>
      <trkpt lat="23.061953" lon="113.278228">
        <time>2026-07-03T23:10:21Z</time>
      </trkpt>
      <trkpt lat="23.061947" lon="113.278119">
        <time>2026-07-03T23:10:26Z</time>
      </trkpt>
      <trkpt lat="23.06194" lon="113.27796">
        <time>2026-07-03T23:10:31Z</time>
      </trkpt>
      <trkpt lat="23.061937" lon="113.277803">
        <time>2026-07-03T23:10:36Z</time>
      </trkpt>
      <trkpt lat="23.061957" lon="113.2777">
        <time>2026-07-03T23:10:41Z</time>
      </trkpt>
      <trkpt lat="23.061997" lon="113.277594">
        <time>2026-07-03T23:10:46Z</time>
      </trkpt>
      <trkpt lat="23.062066" lon="113.277435">
        <time>2026-07-03T23:10:51Z</time>
      </trkpt>
      <trkpt lat="23.062119" lon="113.277286">
        <time>2026-07-03T23:10:56Z</time>
      </trkpt>
      <trkpt lat="23.062151" lon="113.277183">
        <time>2026-07-03T23:11:01Z</time>
      </trkpt>
      <trkpt lat="23.062184" lon="113.277081">
        <time>2026-07-03T23:11:06Z</time>
      </trkpt>
      <trkpt lat="23.062243" lon="113.276937">
        <time>2026-07-03T23:11:11Z</time>
      </trkpt>
      <trkpt lat="23.062295" lon="113.276792">
        <time>2026-07-03T23:11:16Z</time>
      </trkpt>
      <trkpt lat="23.062333" lon="113.276694">
        <time>2026-07-03T23:11:21Z</time>
      </trkpt>
      <trkpt lat="23.062373" lon="113.276595">
        <time>2026-07-03T23:11:26Z</time>
      </trkpt>
      <trkpt lat="23.062434" lon="113.276443">
        <time>2026-07-03T23:11:31Z</time>
      </trkpt>
      <trkpt lat="23.06249" lon="113.276293">
        <time>2026-07-03T23:11:36Z</time>
      </trkpt>
      <trkpt lat="23.062531" lon="113.276193">
        <time>2026-07-03T23:11:41Z</time>
      </trkpt>
      <trkpt lat="23.062576" lon="113.2761">
        <time>2026-07-03T23:11:46Z</time>
      </trkpt>
      <trkpt lat="23.062653" lon="113.275972">
        <time>2026-07-03T23:11:51Z</time>
      </trkpt>
      <trkpt lat="23.062751" lon="113.275851">
        <time>2026-07-03T23:11:56Z</time>
      </trkpt>
      <trkpt lat="23.062824" lon="113.275777">
        <time>2026-07-03T23:12:01Z</time>
      </trkpt>
      <trkpt lat="23.062903" lon="113.275706">
        <time>2026-07-03T23:12:06Z</time>
      </trkpt>
      <trkpt lat="23.063008" lon="113.275589">
        <time>2026-07-03T23:12:11Z</time>
      </trkpt>
      <trkpt lat="23.06309" lon="113.275458">
        <time>2026-07-03T23:12:16Z</time>
      </trkpt>
      <trkpt lat="23.063144" lon="113.27537">
        <time>2026-07-03T23:12:21Z</time>
      </trkpt>
      <trkpt lat="23.063196" lon="113.275277">
        <time>2026-07-03T23:12:26Z</time>
      </trkpt>
      <trkpt lat="23.063289" lon="113.275133">
        <time>2026-07-03T23:12:31Z</time>
      </trkpt>
      <trkpt lat="23.063362" lon="113.274987">
        <time>2026-07-03T23:12:36Z</time>
      </trkpt>
      <trkpt lat="23.06339" lon="113.274885">
        <time>2026-07-03T23:12:41Z</time>
      </trkpt>
      <trkpt lat="23.063422" lon="113.274784">
        <time>2026-07-03T23:12:46Z</time>
      </trkpt>
      <trkpt lat="23.063474" lon="113.274633">
        <time>2026-07-03T23:12:51Z</time>
      </trkpt>
      <trkpt lat="23.063525" lon="113.274487">
        <time>2026-07-03T23:12:56Z</time>
      </trkpt>
      <trkpt lat="23.06356" lon="113.274398">
        <time>2026-07-03T23:13:01Z</time>
      </trkpt>
      <trkpt lat="23.063602" lon="113.274313">
        <time>2026-07-03T23:13:06Z</time>
      </trkpt>
      <trkpt lat="23.063718" lon="113.274209">
        <time>2026-07-03T23:13:11Z</time>
      </trkpt>
      <trkpt lat="23.063834" lon="113.274088">
        <time>2026-07-03T23:13:16Z</time>
      </trkpt>
      <trkpt lat="23.06389" lon="113.273992">
        <time>2026-07-03T23:13:21Z</time>
      </trkpt>
      <trkpt lat="23.063946" lon="113.273893">
        <time>2026-07-03T23:13:26Z</time>
      </trkpt>
      <trkpt lat="23.064034" lon="113.273755">
        <time>2026-07-03T23:13:31Z</time>
      </trkpt>
      <trkpt lat="23.064146" lon="113.273649">
        <time>2026-07-03T23:13:36Z</time>
      </trkpt>
      <trkpt lat="23.064223" lon="113.273588">
        <time>2026-07-03T23:13:41Z</time>
      </trkpt>
      <trkpt lat="23.064302" lon="113.273525">
        <time>2026-07-03T23:13:46Z</time>
      </trkpt>
      <trkpt lat="23.064417" lon="113.273428">
        <time>2026-07-03T23:13:51Z</time>
      </trkpt>
      <trkpt lat="23.064525" lon="113.273327">
        <time>2026-07-03T23:13:56Z</time>
      </trkpt>
      <trkpt lat="23.064572" lon="113.273231">
        <time>2026-07-03T23:14:01Z</time>
      </trkpt>
      <trkpt lat="23.064583" lon="113.273119">
        <time>2026-07-03T23:14:06Z</time>
      </trkpt>
      <trkpt lat="23.064542" lon="113.272951">
        <time>2026-07-03T23:14:11Z</time>
      </trkpt>
      <trkpt lat="23.064478" lon="113.272792">
        <time>2026-07-03T23:14:16Z</time>
      </trkpt>
      <trkpt lat="23.064439" lon="113.272691">
        <time>2026-07-03T23:14:21Z</time>
      </trkpt>
      <trkpt lat="23.064425" lon="113.272589">
        <time>2026-07-03T23:14:26Z</time>
      </trkpt>
      <trkpt lat="23.06447" lon="113.272429">
        <time>2026-07-03T23:14:31Z</time>
      </trkpt>
      <trkpt lat="23.064539" lon="113.272268">
        <time>2026-07-03T23:14:36Z</time>
      </trkpt>
      <trkpt lat="23.064588" lon="113.272167">
        <time>2026-07-03T23:14:41Z</time>
      </trkpt>
      <trkpt lat="23.06463" lon="113.272078">
        <time>2026-07-03T23:14:46Z</time>
      </trkpt>
      <trkpt lat="23.064695" lon="113.271953">
        <time>2026-07-03T23:14:51Z</time>
      </trkpt>
      <trkpt lat="23.064757" lon="113.271812">
        <time>2026-07-03T23:14:56Z</time>
      </trkpt>
      <trkpt lat="23.064801" lon="113.271713">
        <time>2026-07-03T23:15:01Z</time>
      </trkpt>
      <trkpt lat="23.064841" lon="113.271609">
        <time>2026-07-03T23:15:06Z</time>
      </trkpt>
      <trkpt lat="23.064906" lon="113.271466">
        <time>2026-07-03T23:15:11Z</time>
      </trkpt>
      <trkpt lat="23.064974" lon="113.271328">
        <time>2026-07-03T23:15:16Z</time>
      </trkpt>
      <trkpt lat="23.065018" lon="113.271234">
        <time>2026-07-03T23:15:21Z</time>
      </trkpt>
      <trkpt lat="23.065064" lon="113.271135">
        <time>2026-07-03T23:15:26Z</time>
      </trkpt>
      <trkpt lat="23.065127" lon="113.270982">
        <time>2026-07-03T23:15:31Z</time>
      </trkpt>
      <trkpt lat="23.065195" lon="113.27084">
        <time>2026-07-03T23:15:36Z</time>
      </trkpt>
      <trkpt lat="23.065243" lon="113.27074">
        <time>2026-07-03T23:15:41Z</time>
      </trkpt>
      <trkpt lat="23.065291" lon="113.270647">
        <time>2026-07-03T23:15:46Z</time>
      </trkpt>
      <trkpt lat="23.065361" lon="113.270502">
        <time>2026-07-03T23:15:51Z</time>
      </trkpt>
      <trkpt lat="23.065424" lon="113.270352">
        <time>2026-07-03T23:15:56Z</time>
      </trkpt>
      <trkpt lat="23.065468" lon="113.270252">
        <time>2026-07-03T23:16:01Z</time>
      </trkpt>
      <trkpt lat="23.065509" lon="113.270156">
        <time>2026-07-03T23:16:06Z</time>
      </trkpt>
      <trkpt lat="23.06556" lon="113.270009">
        <time>2026-07-03T23:16:11Z</time>
      </trkpt>
      <trkpt lat="23.06561" lon="113.26986">
        <time>2026-07-03T23:16:16Z</time>
      </trkpt>
      <trkpt lat="23.065635" lon="113.269758">
        <time>2026-07-03T23:16:21Z</time>
      </trkpt>
      <trkpt lat="23.065661" lon="113.269655">
        <time>2026-07-03T23:16:26Z</time>
      </trkpt>
      <trkpt lat="23.065698" lon="113.2695">
        <time>2026-07-03T23:16:31Z</time>
      </trkpt>
      <trkpt lat="23.065725" lon="113.269336">
        <time>2026-07-03T23:16:36Z</time>
      </trkpt>
      <trkpt lat="23.065756" lon="113.269227">
        <time>2026-07-03T23:16:41Z</time>
      </trkpt>
      <trkpt lat="23.065785" lon="113.269122">
        <time>2026-07-03T23:16:46Z</time>
      </trkpt>
      <trkpt lat="23.065847" lon="113.26897">
        <time>2026-07-03T23:16:51Z</time>
      </trkpt>
      <trkpt lat="23.065921" lon="113.268823">
        <time>2026-07-03T23:16:56Z</time>
      </trkpt>
      <trkpt lat="23.065972" lon="113.268725">
        <time>2026-07-03T23:17:01Z</time>
      </trkpt>
      <trkpt lat="23.066026" lon="113.268632">
        <time>2026-07-03T23:17:06Z</time>
      </trkpt>
      <trkpt lat="23.066111" lon="113.2685">
        <time>2026-07-03T23:17:11Z</time>
      </trkpt>
      <trkpt lat="23.0662" lon="113.26837">
        <time>2026-07-03T23:17:16Z</time>
      </trkpt>
      <trkpt lat="23.066264" lon="113.268287">
        <time>2026-07-03T23:17:21Z</time>
      </trkpt>
      <trkpt lat="23.06633" lon="113.268211">
        <time>2026-07-03T23:17:26Z</time>
      </trkpt>
      <trkpt lat="23.06646" lon="113.268138">
        <time>2026-07-03T23:17:31Z</time>
      </trkpt>
      <trkpt lat="23.066608" lon="113.268142">
        <time>2026-07-03T23:17:36Z</time>
      </trkpt>
      <trkpt lat="23.066702" lon="113.268162">
        <time>2026-07-03T23:17:41Z</time>
      </trkpt>
      <trkpt lat="23.06674" lon="113.268107">
        <time>2026-07-03T23:17:46Z</time>
      </trkpt>
      <trkpt lat="23.066617" lon="113.267998">
        <time>2026-07-03T23:17:51Z</time>
      </trkpt>
      <trkpt lat="23.06646" lon="113.267957">
        <time>2026-07-03T23:17:56Z</time>
      </trkpt>
      <trkpt lat="23.066358" lon="113.267965">
        <time>2026-07-03T23:18:01Z</time>
      </trkpt>
      <trkpt lat="23.066261" lon="113.267997">
        <time>2026-07-03T23:18:06Z</time>
      </trkpt>
      <trkpt lat="23.066137" lon="113.268096">
        <time>2026-07-03T23:18:11Z</time>
      </trkpt>
      <trkpt lat="23.066026" lon="113.268215">
        <time>2026-07-03T23:18:16Z</time>
      </trkpt>
      <trkpt lat="23.065959" lon="113.268294">
        <time>2026-07-03T23:18:21Z</time>
      </trkpt>
      <trkpt lat="23.065894" lon="113.268376">
        <time>2026-07-03T23:18:26Z</time>
      </trkpt>
      <trkpt lat="23.065808" lon="113.26851">
        <time>2026-07-03T23:18:31Z</time>
      </trkpt>
      <trkpt lat="23.065736" lon="113.268648">
        <time>2026-07-03T23:18:36Z</time>
      </trkpt>
      <trkpt lat="23.065695" lon="113.268744">
        <time>2026-07-03T23:18:41Z</time>
      </trkpt>
      <trkpt lat="23.065658" lon="113.268841">
        <time>2026-07-03T23:18:46Z</time>
      </trkpt>
      <trkpt lat="23.065607" lon="113.268983">
        <time>2026-07-03T23:18:51Z</time>
      </trkpt>
      <trkpt lat="23.065567" lon="113.269135">
        <time>2026-07-03T23:18:56Z</time>
      </trkpt>
      <trkpt lat="23.065543" lon="113.269239">
        <time>2026-07-03T23:19:01Z</time>
      </trkpt>
      <trkpt lat="23.065522" lon="113.269346">
        <time>2026-07-03T23:19:06Z</time>
      </trkpt>
      <trkpt lat="23.065488" lon="113.269501">
        <time>2026-07-03T23:19:11Z</time>
      </trkpt>
      <trkpt lat="23.065449" lon="113.269658">
        <time>2026-07-03T23:19:16Z</time>
      </trkpt>
      <trkpt lat="23.065416" lon="113.269763">
        <time>2026-07-03T23:19:21Z</time>
      </trkpt>
      <trkpt lat="23.065379" lon="113.269868">
        <time>2026-07-03T23:19:26Z</time>
      </trkpt>
      <trkpt lat="23.065323" lon="113.270026">
        <time>2026-07-03T23:19:31Z</time>
      </trkpt>
      <trkpt lat="23.06526" lon="113.270183">
        <time>2026-07-03T23:19:36Z</time>
      </trkpt>
      <trkpt lat="23.065213" lon="113.270282">
        <time>2026-07-03T23:19:41Z</time>
      </trkpt>
      <trkpt lat="23.065169" lon="113.270381">
        <time>2026-07-03T23:19:46Z</time>
      </trkpt>
      <trkpt lat="23.065104" lon="113.270529">
        <time>2026-07-03T23:19:51Z</time>
      </trkpt>
      <trkpt lat="23.065039" lon="113.27067">
        <time>2026-07-03T23:19:56Z</time>
      </trkpt>
      <trkpt lat="23.064993" lon="113.270765">
        <time>2026-07-03T23:20:01Z</time>
      </trkpt>
      <trkpt lat="23.064948" lon="113.27086">
        <time>2026-07-03T23:20:06Z</time>
      </trkpt>
      <trkpt lat="23.064885" lon="113.271007">
        <time>2026-07-03T23:20:11Z</time>
      </trkpt>
      <trkpt lat="23.064816" lon="113.27115">
        <time>2026-07-03T23:20:16Z</time>
      </trkpt>
      <trkpt lat="23.064771" lon="113.271245">
        <time>2026-07-03T23:20:21Z</time>
      </trkpt>
      <trkpt lat="23.064728" lon="113.271341">
        <time>2026-07-03T23:20:26Z</time>
      </trkpt>
      <trkpt lat="23.064667" lon="113.271491">
        <time>2026-07-03T23:20:31Z</time>
      </trkpt>
      <trkpt lat="23.064596" lon="113.271642">
        <time>2026-07-03T23:20:36Z</time>
      </trkpt>
      <trkpt lat="23.064546" lon="113.271739">
        <time>2026-07-03T23:20:41Z</time>
      </trkpt>
      <trkpt lat="23.064501" lon="113.271835">
        <time>2026-07-03T23:20:46Z</time>
      </trkpt>
      <trkpt lat="23.064438" lon="113.271979">
        <time>2026-07-03T23:20:51Z</time>
      </trkpt>
      <trkpt lat="23.064374" lon="113.272125">
        <time>2026-07-03T23:20:56Z</time>
      </trkpt>
      <trkpt lat="23.064343" lon="113.272227">
        <time>2026-07-03T23:21:01Z</time>
      </trkpt>
      <trkpt lat="23.064323" lon="113.272328">
        <time>2026-07-03T23:21:06Z</time>
      </trkpt>
      <trkpt lat="23.06431" lon="113.272487">
        <time>2026-07-03T23:21:11Z</time>
      </trkpt>
      <trkpt lat="23.064318" lon="113.27265">
        <time>2026-07-03T23:21:16Z</time>
      </trkpt>
      <trkpt lat="23.064345" lon="113.272752">
        <time>2026-07-03T23:21:21Z</time>
      </trkpt>
      <trkpt lat="23.064375" lon="113.272847">
        <time>2026-07-03T23:21:26Z</time>
      </trkpt>
      <trkpt lat="23.064425" lon="113.27298">
        <time>2026-07-03T23:21:31Z</time>
      </trkpt>
      <trkpt lat="23.064462" lon="113.273117">
        <time>2026-07-03T23:21:36Z</time>
      </trkpt>
      <trkpt lat="23.064452" lon="113.273215">
        <time>2026-07-03T23:21:41Z</time>
      </trkpt>
      <trkpt lat="23.064405" lon="113.273303">
        <time>2026-07-03T23:21:46Z</time>
      </trkpt>
      <trkpt lat="23.064289" lon="113.273403">
        <time>2026-07-03T23:21:51Z</time>
      </trkpt>
      <trkpt lat="23.064164" lon="113.273487">
        <time>2026-07-03T23:21:56Z</time>
      </trkpt>
      <trkpt lat="23.064088" lon="113.273548">
        <time>2026-07-03T23:22:01Z</time>
      </trkpt>
      <trkpt lat="23.064015" lon="113.273609">
        <time>2026-07-03T23:22:06Z</time>
      </trkpt>
      <trkpt lat="23.063916" lon="113.273706">
        <time>2026-07-03T23:22:11Z</time>
      </trkpt>
      <trkpt lat="23.063833" lon="113.273826">
        <time>2026-07-03T23:22:16Z</time>
      </trkpt>
      <trkpt lat="23.063788" lon="113.273914">
        <time>2026-07-03T23:22:21Z</time>
      </trkpt>
      <trkpt lat="23.063743" lon="113.274003">
        <time>2026-07-03T23:22:26Z</time>
      </trkpt>
      <trkpt lat="23.063652" lon="113.274118">
        <time>2026-07-03T23:22:31Z</time>
      </trkpt>
      <trkpt lat="23.063553" lon="113.274193">
        <time>2026-07-03T23:22:36Z</time>
      </trkpt>
      <trkpt lat="23.063504" lon="113.274268">
        <time>2026-07-03T23:22:41Z</time>
      </trkpt>
      <trkpt lat="23.063461" lon="113.274359">
        <time>2026-07-03T23:22:46Z</time>
      </trkpt>
      <trkpt lat="23.063402" lon="113.274501">
        <time>2026-07-03T23:22:51Z</time>
      </trkpt>
      <trkpt lat="23.063358" lon="113.274658">
        <time>2026-07-03T23:22:56Z</time>
      </trkpt>
      <trkpt lat="23.063328" lon="113.274759">
        <time>2026-07-03T23:23:01Z</time>
      </trkpt>
      <trkpt lat="23.063295" lon="113.274857">
        <time>2026-07-03T23:23:06Z</time>
      </trkpt>
      <trkpt lat="23.06324" lon="113.275011">
        <time>2026-07-03T23:23:11Z</time>
      </trkpt>
      <trkpt lat="23.063165" lon="113.275159">
        <time>2026-07-03T23:23:16Z</time>
      </trkpt>
      <trkpt lat="23.063111" lon="113.27525">
        <time>2026-07-03T23:23:21Z</time>
      </trkpt>
      <trkpt lat="23.063058" lon="113.275336">
        <time>2026-07-03T23:23:26Z</time>
      </trkpt>
      <trkpt lat="23.06298" lon="113.275461">
        <time>2026-07-03T23:23:31Z</time>
      </trkpt>
      <trkpt lat="23.062889" lon="113.275583">
        <time>2026-07-03T23:23:36Z</time>
      </trkpt>
      <trkpt lat="23.062819" lon="113.275658">
        <time>2026-07-03T23:23:41Z</time>
      </trkpt>
      <trkpt lat="23.062743" lon="113.275728">
        <time>2026-07-03T23:23:46Z</time>
      </trkpt>
      <trkpt lat="23.062638" lon="113.275839">
        <time>2026-07-03T23:23:51Z</time>
      </trkpt>
      <trkpt lat="23.062544" lon="113.275963">
        <time>2026-07-03T23:23:56Z</time>
      </trkpt>
      <trkpt lat="23.06249" lon="113.276052">
        <time>2026-07-03T23:24:01Z</time>
      </trkpt>
      <trkpt lat="23.062443" lon="113.276142">
        <time>2026-07-03T23:24:06Z</time>
      </trkpt>
      <trkpt lat="23.062382" lon="113.276287">
        <time>2026-07-03T23:24:11Z</time>
      </trkpt>
      <trkpt lat="23.062333" lon="113.27643">
        <time>2026-07-03T23:24:16Z</time>
      </trkpt>
      <trkpt lat="23.062297" lon="113.276526">
        <time>2026-07-03T23:24:21Z</time>
      </trkpt>
      <trkpt lat="23.062261" lon="113.27662">
        <time>2026-07-03T23:24:26Z</time>
      </trkpt>
      <trkpt lat="23.062212" lon="113.276751">
        <time>2026-07-03T23:24:31Z</time>
      </trkpt>
      <trkpt lat="23.062162" lon="113.276885">
        <time>2026-07-03T23:24:36Z</time>
      </trkpt>
      <trkpt lat="23.062128" lon="113.276979">
        <time>2026-07-03T23:24:41Z</time>
      </trkpt>
      <trkpt lat="23.062093" lon="113.277081">
        <time>2026-07-03T23:24:46Z</time>
      </trkpt>
      <trkpt lat="23.062033" lon="113.277248">
        <time>2026-07-03T23:24:51Z</time>
      </trkpt>
      <trkpt lat="23.061971" lon="113.277404">
        <time>2026-07-03T23:24:56Z</time>
      </trkpt>
      <trkpt lat="23.061933" lon="113.277504">
        <time>2026-07-03T23:25:01Z</time>
      </trkpt>
      <trkpt lat="23.061893" lon="113.277601">
        <time>2026-07-03T23:25:06Z</time>
      </trkpt>
      <trkpt lat="23.061848" lon="113.27775">
        <time>2026-07-03T23:25:11Z</time>
      </trkpt>
      <trkpt lat="23.061825" lon="113.277912">
        <time>2026-07-03T23:25:16Z</time>
      </trkpt>
      <trkpt lat="23.061822" lon="113.278019">
        <time>2026-07-03T23:25:21Z</time>
      </trkpt>
      <trkpt lat="23.06183" lon="113.278124">
        <time>2026-07-03T23:25:26Z</time>
      </trkpt>
      <trkpt lat="23.061836" lon="113.27828">
        <time>2026-07-03T23:25:31Z</time>
      </trkpt>
      <trkpt lat="23.06184" lon="113.278434">
        <time>2026-07-03T23:25:36Z</time>
      </trkpt>
      <trkpt lat="23.061845" lon="113.278536">
        <time>2026-07-03T23:25:41Z</time>
      </trkpt>
      <trkpt lat="23.061842" lon="113.278635">
        <time>2026-07-03T23:25:46Z</time>
      </trkpt>
      <trkpt lat="23.061801" lon="113.278746">
        <time>2026-07-03T23:25:51Z</time>
      </trkpt>
      <trkpt lat="23.061713" lon="113.278807">
        <time>2026-07-03T23:25:56Z</time>
      </trkpt>
      <trkpt lat="23.061674" lon="113.278895">
        <time>2026-07-03T23:26:01Z</time>
      </trkpt>
      <trkpt lat="23.061638" lon="113.278984">
        <time>2026-07-03T23:26:06Z</time>
      </trkpt>
      <trkpt lat="23.061588" lon="113.279109">
        <time>2026-07-03T23:26:11Z</time>
      </trkpt>
      <trkpt lat="23.061559" lon="113.279181">
        <time>2026-07-03T23:26:16Z</time>
      </trkpt>
      <trkpt lat="23.061574" lon="113.279189">
        <time>2026-07-03T23:26:21Z</time>
      </trkpt>
      <trkpt lat="23.061599" lon="113.279172">
        <time>2026-07-03T23:26:26Z</time>
      </trkpt>
      <trkpt lat="23.061581" lon="113.27916">
        <time>2026-07-03T23:26:31Z</time>
      </trkpt>
      <trkpt lat="23.061549" lon="113.279219">
        <time>2026-07-03T23:26:36Z</time>
      </trkpt>
      <trkpt lat="23.061504" lon="113.279362">
        <time>2026-07-03T23:26:41Z</time>
      </trkpt>
      <trkpt lat="23.061467" lon="113.279466">
        <time>2026-07-03T23:26:46Z</time>
      </trkpt>
      <trkpt lat="23.061422" lon="113.279567">
        <time>2026-07-03T23:26:51Z</time>
      </trkpt>
      <trkpt lat="23.061357" lon="113.279716">
        <time>2026-07-03T23:26:56Z</time>
      </trkpt>
      <trkpt lat="23.061288" lon="113.279864">
        <time>2026-07-03T23:27:01Z</time>
      </trkpt>
      <trkpt lat="23.061243" lon="113.279969">
        <time>2026-07-03T23:27:06Z</time>
      </trkpt>
      <trkpt lat="23.061204" lon="113.280075">
        <time>2026-07-03T23:27:11Z</time>
      </trkpt>
      <trkpt lat="23.061137" lon="113.280233">
        <time>2026-07-03T23:27:16Z</time>
      </trkpt>
      <trkpt lat="23.061062" lon="113.280387">
        <time>2026-07-03T23:27:21Z</time>
      </trkpt>
      <trkpt lat="23.061012" lon="113.280495">
        <time>2026-07-03T23:27:26Z</time>
      </trkpt>
      <trkpt lat="23.060961" lon="113.280597">
        <time>2026-07-03T23:27:31Z</time>
      </trkpt>
      <trkpt lat="23.060903" lon="113.280745">
        <time>2026-07-03T23:27:36Z</time>
      </trkpt>
      <trkpt lat="23.060845" lon="113.280898">
        <time>2026-07-03T23:27:41Z</time>
      </trkpt>
      <trkpt lat="23.060802" lon="113.280996">
        <time>2026-07-03T23:27:46Z</time>
      </trkpt>
      <trkpt lat="23.060758" lon="113.281089">
        <time>2026-07-03T23:27:51Z</time>
      </trkpt>
      <trkpt lat="23.060696" lon="113.281231">
        <time>2026-07-03T23:27:56Z</time>
      </trkpt>
      <trkpt lat="23.060637" lon="113.281383">
        <time>2026-07-03T23:28:01Z</time>
      </trkpt>
      <trkpt lat="23.060591" lon="113.281485">
        <time>2026-07-03T23:28:06Z</time>
      </trkpt>
      <trkpt lat="23.060548" lon="113.281587">
        <time>2026-07-03T23:28:11Z</time>
      </trkpt>
      <trkpt lat="23.060478" lon="113.281737">
        <time>2026-07-03T23:28:16Z</time>
      </trkpt>
      <trkpt lat="23.060412" lon="113.281883">
        <time>2026-07-03T23:28:21Z</time>
      </trkpt>
      <trkpt lat="23.060372" lon="113.28198">
        <time>2026-07-03T23:28:26Z</time>
      </trkpt>
      <trkpt lat="23.060333" lon="113.282077">
        <time>2026-07-03T23:28:31Z</time>
      </trkpt>
      <trkpt lat="23.060276" lon="113.282224">
        <time>2026-07-03T23:28:36Z</time>
      </trkpt>
      <trkpt lat="23.06022" lon="113.282372">
        <time>2026-07-03T23:28:41Z</time>
      </trkpt>
      <trkpt lat="23.060178" lon="113.282463">
        <time>2026-07-03T23:28:46Z</time>
      </trkpt>
      <trkpt lat="23.060136" lon="113.282553">
        <time>2026-07-03T23:28:51Z</time>
      </trkpt>
      <trkpt lat="23.060068" lon="113.282692">
        <time>2026-07-03T23:28:56Z</time>
      </trkpt>
      <trkpt lat="23.060007" lon="113.282839">
        <time>2026-07-03T23:29:01Z</time>
      </trkpt>
      <trkpt lat="23.059971" lon="113.282937">
        <time>2026-07-03T23:29:06Z</time>
      </trkpt>
      <trkpt lat="23.059929" lon="113.283034">
        <time>2026-07-03T23:29:11Z</time>
      </trkpt>
      <trkpt lat="23.059864" lon="113.283173">
        <time>2026-07-03T23:29:16Z</time>
      </trkpt>
      <trkpt lat="23.059803" lon="113.283305">
        <time>2026-07-03T23:29:21Z</time>
      </trkpt>
      <trkpt lat="23.05976" lon="113.283395">
        <time>2026-07-03T23:29:26Z</time>
      </trkpt>
      <trkpt lat="23.059728" lon="113.28349">
        <time>2026-07-03T23:29:31Z</time>
      </trkpt>
      <trkpt lat="23.059675" lon="113.283634">
        <time>2026-07-03T23:29:36Z</time>
      </trkpt>
      <trkpt lat="23.059609" lon="113.283764">
        <time>2026-07-03T23:29:41Z</time>
      </trkpt>
      <trkpt lat="23.059565" lon="113.283855">
        <time>2026-07-03T23:29:46Z</time>
      </trkpt>
      <trkpt lat="23.059527" lon="113.283954">
        <time>2026-07-03T23:29:51Z</time>
      </trkpt>
      <trkpt lat="23.059466" lon="113.284098">
        <time>2026-07-03T23:29:56Z</time>
      </trkpt>
      <trkpt lat="23.05938" lon="113.284224">
        <time>2026-07-03T23:30:01Z</time>
      </trkpt>
      <trkpt lat="23.059341" lon="113.284312">
        <time>2026-07-03T23:30:06Z</time>
      </trkpt>
      <trkpt lat="23.059309" lon="113.284401">
        <time>2026-07-03T23:30:11Z</time>
      </trkpt>
      <trkpt lat="23.059285" lon="113.284553">
        <time>2026-07-03T23:30:16Z</time>
      </trkpt>
      <trkpt lat="23.059242" lon="113.284692">
        <time>2026-07-03T23:30:21Z</time>
      </trkpt>
      <trkpt lat="23.059201" lon="113.284779">
        <time>2026-07-03T23:30:26Z</time>
      </trkpt>
      <trkpt lat="23.059168" lon="113.284874">
        <time>2026-07-03T23:30:31Z</time>
      </trkpt>
      <trkpt lat="23.05911" lon="113.285018">
        <time>2026-07-03T23:30:36Z</time>
      </trkpt>
      <trkpt lat="23.059046" lon="113.285155">
        <time>2026-07-03T23:30:41Z</time>
      </trkpt>
      <trkpt lat="23.059005" lon="113.285248">
        <time>2026-07-03T23:30:46Z</time>
      </trkpt>
      <trkpt lat="23.058964" lon="113.285344">
        <time>2026-07-03T23:30:51Z</time>
      </trkpt>
      <trkpt lat="23.058903" lon="113.285478">
        <time>2026-07-03T23:30:56Z</time>
      </trkpt>
      <trkpt lat="23.058848" lon="113.285617">
        <time>2026-07-03T23:31:01Z</time>
      </trkpt>
      <trkpt lat="23.058809" lon="113.285717">
        <time>2026-07-03T23:31:06Z</time>
      </trkpt>
      <trkpt lat="23.058774" lon="113.285813">
        <time>2026-07-03T23:31:11Z</time>
      </trkpt>
      <trkpt lat="23.05872" lon="113.285952">
        <time>2026-07-03T23:31:16Z</time>
      </trkpt>
      <trkpt lat="23.0587" lon="113.286084">
        <time>2026-07-03T23:31:21Z</time>
      </trkpt>
      <trkpt lat="23.058769" lon="113.286093">
        <time>2026-07-03T23:31:26Z</time>
      </trkpt>
      <trkpt lat="23.058822" lon="113.286001">
        <time>2026-07-03T23:31:31Z</time>
      </trkpt>
      <trkpt lat="23.058879" lon="113.285841">
        <time>2026-07-03T23:31:36Z</time>
      </trkpt>
      <trkpt lat="23.058939" lon="113.285689">
        <time>2026-07-03T23:31:41Z</time>
      </trkpt>
      <trkpt lat="23.05898" lon="113.285589">
        <time>2026-07-03T23:31:46Z</time>
      </trkpt>
      <trkpt lat="23.059024" lon="113.28549">
        <time>2026-07-03T23:31:51Z</time>
      </trkpt>
      <trkpt lat="23.059087" lon="113.285349">
        <time>2026-07-03T23:31:56Z</time>
      </trkpt>
      <trkpt lat="23.059153" lon="113.285216">
        <time>2026-07-03T23:32:01Z</time>
      </trkpt>
      <trkpt lat="23.059222" lon="113.285141">
        <time>2026-07-03T23:32:06Z</time>
      </trkpt>
      <trkpt lat="23.059289" lon="113.285062">
        <time>2026-07-03T23:32:11Z</time>
      </trkpt>
      <trkpt lat="23.05935" lon="113.28491">
        <time>2026-07-03T23:32:16Z</time>
      </trkpt>
      <trkpt lat="23.059382" lon="113.284753">
        <time>2026-07-03T23:32:21Z</time>
      </trkpt>
      <trkpt lat="23.059403" lon="113.284651">
        <time>2026-07-03T23:32:26Z</time>
      </trkpt>
      <trkpt lat="23.059436" lon="113.284559">
        <time>2026-07-03T23:32:31Z</time>
      </trkpt>
      <trkpt lat="23.059486" lon="113.284422">
        <time>2026-07-03T23:32:36Z</time>
      </trkpt>
      <trkpt lat="23.059543" lon="113.28428">
        <time>2026-07-03T23:32:41Z</time>
      </trkpt>
      <trkpt lat="23.059578" lon="113.284187">
        <time>2026-07-03T23:32:46Z</time>
      </trkpt>
      <trkpt lat="23.059614" lon="113.284092">
        <time>2026-07-03T23:32:51Z</time>
      </trkpt>
      <trkpt lat="23.059673" lon="113.283952">
        <time>2026-07-03T23:32:56Z</time>
      </trkpt>
      <trkpt lat="23.059746" lon="113.283808">
        <time>2026-07-03T23:33:01Z</time>
      </trkpt>
      <trkpt lat="23.059795" lon="113.283712">
        <time>2026-07-03T23:33:06Z</time>
      </trkpt>
      <trkpt lat="23.059841" lon="113.283622">
        <time>2026-07-03T23:33:11Z</time>
      </trkpt>
      <trkpt lat="23.059909" lon="113.283479">
        <time>2026-07-03T23:33:16Z</time>
      </trkpt>
      <trkpt lat="23.059981" lon="113.283334">
        <time>2026-07-03T23:33:21Z</time>
      </trkpt>
      <trkpt lat="23.060027" lon="113.283235">
        <time>2026-07-03T23:33:26Z</time>
      </trkpt>
      <trkpt lat="23.060066" lon="113.283133">
        <time>2026-07-03T23:33:31Z</time>
      </trkpt>
      <trkpt lat="23.060115" lon="113.282975">
        <time>2026-07-03T23:33:36Z</time>
      </trkpt>
      <trkpt lat="23.060178" lon="113.282826">
        <time>2026-07-03T23:33:41Z</time>
      </trkpt>
      <trkpt lat="23.060223" lon="113.282725">
        <time>2026-07-03T23:33:46Z</time>
      </trkpt>
      <trkpt lat="23.060262" lon="113.282627">
        <time>2026-07-03T23:33:51Z</time>
      </trkpt>
      <trkpt lat="23.060323" lon="113.282484">
        <time>2026-07-03T23:33:56Z</time>
      </trkpt>
      <trkpt lat="23.060385" lon="113.28234">
        <time>2026-07-03T23:34:01Z</time>
      </trkpt>
      <trkpt lat="23.060427" lon="113.282244">
        <time>2026-07-03T23:34:06Z</time>
      </trkpt>
      <trkpt lat="23.060464" lon="113.282146">
        <time>2026-07-03T23:34:11Z</time>
      </trkpt>
      <trkpt lat="23.060521" lon="113.282007">
        <time>2026-07-03T23:34:16Z</time>
      </trkpt>
      <trkpt lat="23.060574" lon="113.281866">
        <time>2026-07-03T23:34:21Z</time>
      </trkpt>
      <trkpt lat="23.060614" lon="113.281774">
        <time>2026-07-03T23:34:26Z</time>
      </trkpt>
      <trkpt lat="23.060655" lon="113.281675">
        <time>2026-07-03T23:34:31Z</time>
      </trkpt>
      <trkpt lat="23.060722" lon="113.28153">
        <time>2026-07-03T23:34:36Z</time>
      </trkpt>
      <trkpt lat="23.06079" lon="113.281387">
        <time>2026-07-03T23:34:41Z</time>
      </trkpt>
      <trkpt lat="23.06084" lon="113.281293">
        <time>2026-07-03T23:34:46Z</time>
      </trkpt>
      <trkpt lat="23.06088" lon="113.281197">
        <time>2026-07-03T23:34:51Z</time>
      </trkpt>
      <trkpt lat="23.06094" lon="113.281059">
        <time>2026-07-03T23:34:56Z</time>
      </trkpt>
      <trkpt lat="23.060995" lon="113.28092">
        <time>2026-07-03T23:35:01Z</time>
      </trkpt>
      <trkpt lat="23.06103" lon="113.280831">
        <time>2026-07-03T23:35:06Z</time>
      </trkpt>
      <trkpt lat="23.061063" lon="113.280737">
        <time>2026-07-03T23:35:11Z</time>
      </trkpt>
      <trkpt lat="23.061125" lon="113.280591">
        <time>2026-07-03T23:35:16Z</time>
      </trkpt>
      <trkpt lat="23.061192" lon="113.280451">
        <time>2026-07-03T23:35:21Z</time>
      </trkpt>
      <trkpt lat="23.061232" lon="113.28036">
        <time>2026-07-03T23:35:26Z</time>
      </trkpt>
      <trkpt lat="23.061274" lon="113.280268">
        <time>2026-07-03T23:35:31Z</time>
      </trkpt>
      <trkpt lat="23.061347" lon="113.280137">
        <time>2026-07-03T23:35:36Z</time>
      </trkpt>
      <trkpt lat="23.061393" lon="113.280001">
        <time>2026-07-03T23:35:41Z</time>
      </trkpt>
      <trkpt lat="23.061425" lon="113.279908">
        <time>2026-07-03T23:35:46Z</time>
      </trkpt>
      <trkpt lat="23.061462" lon="113.279813">
        <time>2026-07-03T23:35:51Z</time>
      </trkpt>
      <trkpt lat="23.061525" lon="113.279668">
        <time>2026-07-03T23:35:56Z</time>
      </trkpt>
      <trkpt lat="23.061586" lon="113.279529">
        <time>2026-07-03T23:36:01Z</time>
      </trkpt>
      <trkpt lat="23.061624" lon="113.279433">
        <time>2026-07-03T23:36:06Z</time>
      </trkpt>
      <trkpt lat="23.061664" lon="113.279336">
        <time>2026-07-03T23:36:11Z</time>
      </trkpt>
      <trkpt lat="23.061728" lon="113.279192">
        <time>2026-07-03T23:36:16Z</time>
      </trkpt>
      <trkpt lat="23.061799" lon="113.279061">
        <time>2026-07-03T23:36:21Z</time>
      </trkpt>
      <trkpt lat="23.061857" lon="113.278979">
        <time>2026-07-03T23:36:26Z</time>
      </trkpt>
      <trkpt lat="23.061913" lon="113.278897">
        <time>2026-07-03T23:36:31Z</time>
      </trkpt>
      <trkpt lat="23.061972" lon="113.278755">
        <time>2026-07-03T23:36:36Z</time>
      </trkpt>
      <trkpt lat="23.061989" lon="113.278603">
        <time>2026-07-03T23:36:41Z</time>
      </trkpt>
      <trkpt lat="23.061984" lon="113.278498">
        <time>2026-07-03T23:36:46Z</time>
      </trkpt>
      <trkpt lat="23.061976" lon="113.27839">
        <time>2026-07-03T23:36:51Z</time>
      </trkpt>
      <trkpt lat="23.061965" lon="113.278229">
        <time>2026-07-03T23:36:56Z</time>
      </trkpt>
      <trkpt lat="23.061954" lon="113.278073">
        <time>2026-07-03T23:37:01Z</time>
      </trkpt>
      <trkpt lat="23.061947" lon="113.277969">
        <time>2026-07-03T23:37:06Z</time>
      </trkpt>
      <trkpt lat="23.061943" lon="113.277865">
        <time>2026-07-03T23:37:11Z</time>
      </trkpt>
      <trkpt lat="23.061964" lon="113.27771">
        <time>2026-07-03T23:37:16Z</time>
      </trkpt>
      <trkpt lat="23.062015" lon="113.277561">
        <time>2026-07-03T23:37:21Z</time>
      </trkpt>
      <trkpt lat="23.062054" lon="113.277457">
        <time>2026-07-03T23:37:26Z</time>
      </trkpt>
      <trkpt lat="23.062087" lon="113.277347">
        <time>2026-07-03T23:37:31Z</time>
      </trkpt>
      <trkpt lat="23.062142" lon="113.277193">
        <time>2026-07-03T23:37:36Z</time>
      </trkpt>
      <trkpt lat="23.0622" lon="113.277048">
        <time>2026-07-03T23:37:41Z</time>
      </trkpt>
      <trkpt lat="23.062238" lon="113.276952">
        <time>2026-07-03T23:37:46Z</time>
      </trkpt>
      <trkpt lat="23.062272" lon="113.276854">
        <time>2026-07-03T23:37:51Z</time>
      </trkpt>
      <trkpt lat="23.062327" lon="113.276708">
        <time>2026-07-03T23:37:56Z</time>
      </trkpt>
      <trkpt lat="23.062386" lon="113.276562">
        <time>2026-07-03T23:38:01Z</time>
      </trkpt>
      <trkpt lat="23.06242" lon="113.276466">
        <time>2026-07-03T23:38:06Z</time>
      </trkpt>
      <trkpt lat="23.062454" lon="113.276367">
        <time>2026-07-03T23:38:11Z</time>
      </trkpt>
      <trkpt lat="23.062518" lon="113.276216">
        <time>2026-07-03T23:38:16Z</time>
      </trkpt>
      <trkpt lat="23.062594" lon="113.276068">
        <time>2026-07-03T23:38:21Z</time>
      </trkpt>
      <trkpt lat="23.062652" lon="113.275977">
        <time>2026-07-03T23:38:26Z</time>
      </trkpt>
      <trkpt lat="23.062718" lon="113.275893">
        <time>2026-07-03T23:38:31Z</time>
      </trkpt>
      <trkpt lat="23.062826" lon="113.275779">
        <time>2026-07-03T23:38:36Z</time>
      </trkpt>
      <trkpt lat="23.062944" lon="113.275669">
        <time>2026-07-03T23:38:41Z</time>
      </trkpt>
      <trkpt lat="23.063018" lon="113.275585">
        <time>2026-07-03T23:38:46Z</time>
      </trkpt>
      <trkpt lat="23.06308" lon="113.275494">
        <time>2026-07-03T23:38:51Z</time>
      </trkpt>
      <trkpt lat="23.063161" lon="113.275348">
        <time>2026-07-03T23:38:56Z</time>
      </trkpt>
      <trkpt lat="23.063242" lon="113.275207">
        <time>2026-07-03T23:39:01Z</time>
      </trkpt>
      <trkpt lat="23.063293" lon="113.275117">
        <time>2026-07-03T23:39:06Z</time>
      </trkpt>
      <trkpt lat="23.063337" lon="113.275024">
        <time>2026-07-03T23:39:11Z</time>
      </trkpt>
      <trkpt lat="23.063386" lon="113.274879">
        <time>2026-07-03T23:39:16Z</time>
      </trkpt>
      <trkpt lat="23.063433" lon="113.274746">
        <time>2026-07-03T23:39:21Z</time>
      </trkpt>
      <trkpt lat="23.063466" lon="113.274653">
        <time>2026-07-03T23:39:26Z</time>
      </trkpt>
      <trkpt lat="23.063492" lon="113.274557">
        <time>2026-07-03T23:39:31Z</time>
      </trkpt>
      <trkpt lat="23.063547" lon="113.274427">
        <time>2026-07-03T23:39:36Z</time>
      </trkpt>
      <trkpt lat="23.06363" lon="113.27432">
        <time>2026-07-03T23:39:41Z</time>
      </trkpt>
      <trkpt lat="23.0637" lon="113.274256">
        <time>2026-07-03T23:39:46Z</time>
      </trkpt>
      <trkpt lat="23.063773" lon="113.274189">
        <time>2026-07-03T23:39:51Z</time>
      </trkpt>
      <trkpt lat="23.063861" lon="113.274059">
        <time>2026-07-03T23:39:56Z</time>
      </trkpt>
      <trkpt lat="23.063933" lon="113.273901">
        <time>2026-07-03T23:40:01Z</time>
      </trkpt>
      <trkpt lat="23.063987" lon="113.273811">
        <time>2026-07-03T23:40:06Z</time>
      </trkpt>
      <trkpt lat="23.064054" lon="113.27373">
        <time>2026-07-03T23:40:11Z</time>
      </trkpt>
      <trkpt lat="23.064159" lon="113.273635">
        <time>2026-07-03T23:40:16Z</time>
      </trkpt>
      <trkpt lat="23.064266" lon="113.273554">
        <time>2026-07-03T23:40:21Z</time>
      </trkpt>
      <trkpt lat="23.064338" lon="113.273496">
        <time>2026-07-03T23:40:26Z</time>
      </trkpt>
      <trkpt lat="23.064415" lon="113.273438">
        <time>2026-07-03T23:40:31Z</time>
      </trkpt>
      <trkpt lat="23.064517" lon="113.273333">
        <time>2026-07-03T23:40:36Z</time>
      </trkpt>
      <trkpt lat="23.064573" lon="113.273183">
        <time>2026-07-03T23:40:41Z</time>
      </trkpt>
      <trkpt lat="23.064576" lon="113.273074">
        <time>2026-07-03T23:40:46Z</time>
      </trkpt>
      <trkpt lat="23.064547" lon="113.272966">
        <time>2026-07-03T23:40:51Z</time>
      </trkpt>
      <trkpt lat="23.06449" lon="113.272809">
        <time>2026-07-03T23:40:56Z</time>
      </trkpt>
      <trkpt lat="23.064445" lon="113.272651">
        <time>2026-07-03T23:41:01Z</time>
      </trkpt>
      <trkpt lat="23.064444" lon="113.272546">
        <time>2026-07-03T23:41:06Z</time>
      </trkpt>
      <trkpt lat="23.064474" lon="113.272451">
        <time>2026-07-03T23:41:11Z</time>
      </trkpt>
      <trkpt lat="23.064515" lon="113.272297">
        <time>2026-07-03T23:41:16Z</time>
      </trkpt>
      <trkpt lat="23.064579" lon="113.272156">
        <time>2026-07-03T23:41:21Z</time>
      </trkpt>
      <trkpt lat="23.064624" lon="113.272069">
        <time>2026-07-03T23:41:26Z</time>
      </trkpt>
      <trkpt lat="23.064667" lon="113.271982">
        <time>2026-07-03T23:41:31Z</time>
      </trkpt>
      <trkpt lat="23.064729" lon="113.271837">
        <time>2026-07-03T23:41:36Z</time>
      </trkpt>
      <trkpt lat="23.06479" lon="113.271694">
        <time>2026-07-03T23:41:41Z</time>
      </trkpt>
      <trkpt lat="23.064837" lon="113.271599">
        <time>2026-07-03T23:41:46Z</time>
      </trkpt>
      <trkpt lat="23.064883" lon="113.271503">
        <time>2026-07-03T23:41:51Z</time>
      </trkpt>
      <trkpt lat="23.064948" lon="113.271363">
        <time>2026-07-03T23:41:56Z</time>
      </trkpt>
      <trkpt lat="23.065014" lon="113.271225">
        <time>2026-07-03T23:42:01Z</time>
      </trkpt>
      <trkpt lat="23.065064" lon="113.271131">
        <time>2026-07-03T23:42:06Z</time>
      </trkpt>
      <trkpt lat="23.065116" lon="113.271037">
        <time>2026-07-03T23:42:11Z</time>
      </trkpt>
      <trkpt lat="23.065182" lon="113.270894">
        <time>2026-07-03T23:42:16Z</time>
      </trkpt>
      <trkpt lat="23.065243" lon="113.270751">
        <time>2026-07-03T23:42:21Z</time>
      </trkpt>
      <trkpt lat="23.065289" lon="113.270659">
        <time>2026-07-03T23:42:26Z</time>
      </trkpt>
      <trkpt lat="23.065332" lon="113.270568">
        <time>2026-07-03T23:42:31Z</time>
      </trkpt>
      <trkpt lat="23.065398" lon="113.270434">
        <time>2026-07-03T23:42:36Z</time>
      </trkpt>
      <trkpt lat="23.065455" lon="113.270295">
        <time>2026-07-03T23:42:41Z</time>
      </trkpt>
      <trkpt lat="23.065493" lon="113.270202">
        <time>2026-07-03T23:42:46Z</time>
      </trkpt>
      <trkpt lat="23.065527" lon="113.270108">
        <time>2026-07-03T23:42:51Z</time>
      </trkpt>
      <trkpt lat="23.06557" lon="113.269959">
        <time>2026-07-03T23:42:56Z</time>
      </trkpt>
      <trkpt lat="23.065617" lon="113.269812">
        <time>2026-07-03T23:43:01Z</time>
      </trkpt>
      <trkpt lat="23.065648" lon="113.269709">
        <time>2026-07-03T23:43:06Z</time>
      </trkpt>
      <trkpt lat="23.06568" lon="113.269609">
        <time>2026-07-03T23:43:11Z</time>
      </trkpt>
      <trkpt lat="23.065714" lon="113.269458">
        <time>2026-07-03T23:43:16Z</time>
      </trkpt>
      <trkpt lat="23.065756" lon="113.269303">
        <time>2026-07-03T23:43:21Z</time>
      </trkpt>
      <trkpt lat="23.065791" lon="113.269196">
        <time>2026-07-03T23:43:26Z</time>
      </trkpt>
      <trkpt lat="23.065824" lon="113.269092">
        <time>2026-07-03T23:43:31Z</time>
      </trkpt>
      <trkpt lat="23.065887" lon="113.268941">
        <time>2026-07-03T23:43:36Z</time>
      </trkpt>
      <trkpt lat="23.065949" lon="113.268798">
        <time>2026-07-03T23:43:41Z</time>
      </trkpt>
      <trkpt lat="23.065989" lon="113.268707">
        <time>2026-07-03T23:43:46Z</time>
      </trkpt>
      <trkpt lat="23.066032" lon="113.268618">
        <time>2026-07-03T23:43:51Z</time>
      </trkpt>
      <trkpt lat="23.06611" lon="113.268487">
        <time>2026-07-03T23:43:56Z</time>
      </trkpt>
      <trkpt lat="23.066192" lon="113.268367">
        <time>2026-07-03T23:44:01Z</time>
      </trkpt>
      <trkpt lat="23.066253" lon="113.26829">
        <time>2026-07-03T23:44:06Z</time>
      </trkpt>
      <trkpt lat="23.066322" lon="113.268218">
        <time>2026-07-03T23:44:11Z</time>
      </trkpt>
      <trkpt lat="23.066446" lon="113.268152">
        <time>2026-07-03T23:44:16Z</time>
      </trkpt>
      <trkpt lat="23.066584" lon="113.268146">
        <time>2026-07-03T23:44:21Z</time>
      </trkpt>
      <trkpt lat="23.066674" lon="113.268165">
        <time>2026-07-03T23:44:26Z</time>
      </trkpt>
      <trkpt lat="23.066761" lon="113.26815">
        <time>2026-07-03T23:44:31Z</time>
      </trkpt>
      <trkpt lat="23.066901" lon="113.268105">
        <time>2026-07-03T23:44:36Z</time>
      </trkpt>
      <trkpt lat="23.067029" lon="113.268122">
        <time>2026-07-03T23:44:41Z</time>
      </trkpt>
      <trkpt lat="23.067032" lon="113.268162">
        <time>2026-07-03T23:44:46Z</time>
      </trkpt>
      <trkpt lat="23.066934" lon="113.268154">
        <time>2026-07-03T23:44:51Z</time>
      </trkpt>
      <trkpt lat="23.066769" lon="113.268136">
        <time>2026-07-03T23:44:56Z</time>
      </trkpt>
      <trkpt lat="23.066624" lon="113.268127">
        <time>2026-07-03T23:45:01Z</time>
      </trkpt>
      <trkpt lat="23.066527" lon="113.268111">
        <time>2026-07-03T23:45:06Z</time>
      </trkpt>
      <trkpt lat="23.066431" lon="113.268115">
        <time>2026-07-03T23:45:11Z</time>
      </trkpt>
      <trkpt lat="23.066306" lon="113.268179">
        <time>2026-07-03T23:45:16Z</time>
      </trkpt>
      <trkpt lat="23.066215" lon="113.268289">
        <time>2026-07-03T23:45:21Z</time>
      </trkpt>
      <trkpt lat="23.066157" lon="113.26837">
        <time>2026-07-03T23:45:26Z</time>
      </trkpt>
      <trkpt lat="23.066097" lon="113.268454">
        <time>2026-07-03T23:45:31Z</time>
      </trkpt>
      <trkpt lat="23.066019" lon="113.268583">
        <time>2026-07-03T23:45:36Z</time>
      </trkpt>
      <trkpt lat="23.065946" lon="113.268719">
        <time>2026-07-03T23:45:41Z</time>
      </trkpt>
      <trkpt lat="23.065904" lon="113.268808">
        <time>2026-07-03T23:45:46Z</time>
      </trkpt>
      <trkpt lat="23.065866" lon="113.268894">
        <time>2026-07-03T23:45:51Z</time>
      </trkpt>
      <trkpt lat="23.065813" lon="113.269029">
        <time>2026-07-03T23:45:56Z</time>
      </trkpt>
      <trkpt lat="23.065771" lon="113.269179">
        <time>2026-07-03T23:46:01Z</time>
      </trkpt>
      <trkpt lat="23.065744" lon="113.269281">
        <time>2026-07-03T23:46:06Z</time>
      </trkpt>
      <trkpt lat="23.065719" lon="113.26938">
        <time>2026-07-03T23:46:11Z</time>
      </trkpt>
      <trkpt lat="23.06569" lon="113.269533">
        <time>2026-07-03T23:46:16Z</time>
      </trkpt>
      <trkpt lat="23.065641" lon="113.269673">
        <time>2026-07-03T23:46:21Z</time>
      </trkpt>
      <trkpt lat="23.065615" lon="113.269769">
        <time>2026-07-03T23:46:26Z</time>
      </trkpt>
      <trkpt lat="23.065588" lon="113.269863">
        <time>2026-07-03T23:46:31Z</time>
      </trkpt>
      <trkpt lat="23.065538" lon="113.270013">
        <time>2026-07-03T23:46:36Z</time>
      </trkpt>
      <trkpt lat="23.065484" lon="113.270162">
        <time>2026-07-03T23:46:41Z</time>
      </trkpt>
      <trkpt lat="23.06544" lon="113.270256">
        <time>2026-07-03T23:46:46Z</time>
      </trkpt>
      <trkpt lat="23.0654" lon="113.27035">
        <time>2026-07-03T23:46:51Z</time>
      </trkpt>
      <trkpt lat="23.065341" lon="113.270487">
        <time>2026-07-03T23:46:56Z</time>
      </trkpt>
      <trkpt lat="23.065275" lon="113.270617">
        <time>2026-07-03T23:47:01Z</time>
      </trkpt>
      <trkpt lat="23.065233" lon="113.270704">
        <time>2026-07-03T23:47:06Z</time>
      </trkpt>
      <trkpt lat="23.065192" lon="113.270795">
        <time>2026-07-03T23:47:11Z</time>
      </trkpt>
      <trkpt lat="23.065143" lon="113.270938">
        <time>2026-07-03T23:47:16Z</time>
      </trkpt>
      <trkpt lat="23.065111" lon="113.271083">
        <time>2026-07-03T23:47:21Z</time>
      </trkpt>
      <trkpt lat="23.065082" lon="113.271184">
        <time>2026-07-03T23:47:26Z</time>
      </trkpt>
      <trkpt lat="23.065041" lon="113.271281">
        <time>2026-07-03T23:47:31Z</time>
      </trkpt>
      <trkpt lat="23.06498" lon="113.271419">
        <time>2026-07-03T23:47:36Z</time>
      </trkpt>
      <trkpt lat="23.064912" lon="113.271556">
        <time>2026-07-03T23:47:41Z</time>
      </trkpt>
      <trkpt lat="23.064847" lon="113.271642">
        <time>2026-07-03T23:47:46Z</time>
      </trkpt>
      <trkpt lat="23.064778" lon="113.271721">
        <time>2026-07-03T23:47:51Z</time>
      </trkpt>
      <trkpt lat="23.064701" lon="113.271858">
        <time>2026-07-03T23:47:56Z</time>
      </trkpt>
      <trkpt lat="23.064641" lon="113.271999">
        <time>2026-07-03T23:48:01Z</time>
      </trkpt>
      <trkpt lat="23.064598" lon="113.272094">
        <time>2026-07-03T23:48:06Z</time>
      </trkpt>
      <trkpt lat="23.064553" lon="113.272189">
        <time>2026-07-03T23:48:11Z</time>
      </trkpt>
      <trkpt lat="23.064529" lon="113.272342">
        <time>2026-07-03T23:48:16Z</time>
      </trkpt>
      <trkpt lat="23.06449" lon="113.272498">
        <time>2026-07-03T23:48:21Z</time>
      </trkpt>
      <trkpt lat="23.064442" lon="113.272591">
        <time>2026-07-03T23:48:26Z</time>
      </trkpt>
      <trkpt lat="23.064425" lon="113.272688">
        <time>2026-07-03T23:48:31Z</time>
      </trkpt>
      <trkpt lat="23.064457" lon="113.272838">
        <time>2026-07-03T23:48:36Z</time>
      </trkpt>
      <trkpt lat="23.06451" lon="113.27298">
        <time>2026-07-03T23:48:41Z</time>
      </trkpt>
      <trkpt lat="23.06454" lon="113.273072">
        <time>2026-07-03T23:48:46Z</time>
      </trkpt>
      <trkpt lat="23.06455" lon="113.273169">
        <time>2026-07-03T23:48:51Z</time>
      </trkpt>
      <trkpt lat="23.064514" lon="113.273312">
        <time>2026-07-03T23:48:56Z</time>
      </trkpt>
      <trkpt lat="23.064424" lon="113.273425">
        <time>2026-07-03T23:49:01Z</time>
      </trkpt>
      <trkpt lat="23.064344" lon="113.273484">
        <time>2026-07-03T23:49:06Z</time>
      </trkpt>
      <trkpt lat="23.064263" lon="113.273547">
        <time>2026-07-03T23:49:11Z</time>
      </trkpt>
      <trkpt lat="23.064149" lon="113.273631">
        <time>2026-07-03T23:49:16Z</time>
      </trkpt>
      <trkpt lat="23.064043" lon="113.273717">
        <time>2026-07-03T23:49:21Z</time>
      </trkpt>
      <trkpt lat="23.06398" lon="113.273788">
        <time>2026-07-03T23:49:26Z</time>
      </trkpt>
      <trkpt lat="23.063926" lon="113.273867">
        <time>2026-07-03T23:49:31Z</time>
      </trkpt>
      <trkpt lat="23.063849" lon="113.273995">
        <time>2026-07-03T23:49:36Z</time>
      </trkpt>
      <trkpt lat="23.063768" lon="113.27412">
        <time>2026-07-03T23:49:41Z</time>
      </trkpt>
      <trkpt lat="23.063703" lon="113.274189">
        <time>2026-07-03T23:49:46Z</time>
      </trkpt>
      <trkpt lat="23.063639" lon="113.274251">
        <time>2026-07-03T23:49:51Z</time>
      </trkpt>
      <trkpt lat="23.063572" lon="113.274385">
        <time>2026-07-03T23:49:56Z</time>
      </trkpt>
      <trkpt lat="23.063522" lon="113.27455">
        <time>2026-07-03T23:50:01Z</time>
      </trkpt>
      <trkpt lat="23.063486" lon="113.274661">
        <time>2026-07-03T23:50:06Z</time>
      </trkpt>
      <trkpt lat="23.063446" lon="113.274772">
        <time>2026-07-03T23:50:11Z</time>
      </trkpt>
      <trkpt lat="23.0634" lon="113.274919">
        <time>2026-07-03T23:50:16Z</time>
      </trkpt>
      <trkpt lat="23.063314" lon="113.275057">
        <time>2026-07-03T23:50:21Z</time>
      </trkpt>
      <trkpt lat="23.063261" lon="113.275149">
        <time>2026-07-03T23:50:26Z</time>
      </trkpt>
      <trkpt lat="23.063212" lon="113.275234">
        <time>2026-07-03T23:50:31Z</time>
      </trkpt>
      <trkpt lat="23.063138" lon="113.275359">
        <time>2026-07-03T23:50:36Z</time>
      </trkpt>
      <trkpt lat="23.063051" lon="113.27548">
        <time>2026-07-03T23:50:41Z</time>
      </trkpt>
      <trkpt lat="23.062993" lon="113.275562">
        <time>2026-07-03T23:50:46Z</time>
      </trkpt>
      <trkpt lat="23.062926" lon="113.275643">
        <time>2026-07-03T23:50:51Z</time>
      </trkpt>
      <trkpt lat="23.062822" lon="113.275758">
        <time>2026-07-03T23:50:56Z</time>
      </trkpt>
      <trkpt lat="23.062732" lon="113.275882">
        <time>2026-07-03T23:51:01Z</time>
      </trkpt>
      <trkpt lat="23.062665" lon="113.27596">
        <time>2026-07-03T23:51:06Z</time>
      </trkpt>
      <trkpt lat="23.06261" lon="113.276044">
        <time>2026-07-03T23:51:11Z</time>
      </trkpt>
      <trkpt lat="23.062529" lon="113.276178">
        <time>2026-07-03T23:51:16Z</time>
      </trkpt>
      <trkpt lat="23.062468" lon="113.276327">
        <time>2026-07-03T23:51:21Z</time>
      </trkpt>
      <trkpt lat="23.062429" lon="113.276421">
        <time>2026-07-03T23:51:26Z</time>
      </trkpt>
      <trkpt lat="23.062393" lon="113.276516">
        <time>2026-07-03T23:51:31Z</time>
      </trkpt>
      <trkpt lat="23.06234" lon="113.276653">
        <time>2026-07-03T23:51:36Z</time>
      </trkpt>
      <trkpt lat="23.062286" lon="113.276785">
        <time>2026-07-03T23:51:41Z</time>
      </trkpt>
      <trkpt lat="23.062248" lon="113.276874">
        <time>2026-07-03T23:51:46Z</time>
      </trkpt>
      <trkpt lat="23.062204" lon="113.276961">
        <time>2026-07-03T23:51:51Z</time>
      </trkpt>
      <trkpt lat="23.062151" lon="113.277105">
        <time>2026-07-03T23:51:56Z</time>
      </trkpt>
      <trkpt lat="23.062107" lon="113.277256">
        <time>2026-07-03T23:52:01Z</time>
      </trkpt>
      <trkpt lat="23.062078" lon="113.277355">
        <time>2026-07-03T23:52:06Z</time>
      </trkpt>
      <trkpt lat="23.062041" lon="113.277451">
        <time>2026-07-03T23:52:11Z</time>
      </trkpt>
      <trkpt lat="23.061987" lon="113.277596">
        <time>2026-07-03T23:52:16Z</time>
      </trkpt>
      <trkpt lat="23.061946" lon="113.277748">
        <time>2026-07-03T23:52:21Z</time>
      </trkpt>
      <trkpt lat="23.061937" lon="113.27785">
        <time>2026-07-03T23:52:26Z</time>
      </trkpt>
      <trkpt lat="23.061939" lon="113.277949">
        <time>2026-07-03T23:52:31Z</time>
      </trkpt>
      <trkpt lat="23.061944" lon="113.278097">
        <time>2026-07-03T23:52:36Z</time>
      </trkpt>
      <trkpt lat="23.061952" lon="113.278247">
        <time>2026-07-03T23:52:41Z</time>
      </trkpt>
      <trkpt lat="23.06196" lon="113.278348">
        <time>2026-07-03T23:52:46Z</time>
      </trkpt>
      <trkpt lat="23.061965" lon="113.278448">
        <time>2026-07-03T23:52:51Z</time>
      </trkpt>
      <trkpt lat="23.061966" lon="113.278598">
        <time>2026-07-03T23:52:56Z</time>
      </trkpt>
      <trkpt lat="23.061942" lon="113.278758">
        <time>2026-07-03T23:53:01Z</time>
      </trkpt>
      <trkpt lat="23.061917" lon="113.278862">
        <time>2026-07-03T23:53:06Z</time>
      </trkpt>
      <trkpt lat="23.061871" lon="113.278948">
        <time>2026-07-03T23:53:11Z</time>
      </trkpt>
      <trkpt lat="23.061786" lon="113.279063">
        <time>2026-07-03T23:53:16Z</time>
      </trkpt>
      <trkpt lat="23.061704" lon="113.279186">
        <time>2026-07-03T23:53:21Z</time>
      </trkpt>
      <trkpt lat="23.061658" lon="113.279279">
        <time>2026-07-03T23:53:26Z</time>
      </trkpt>
      <trkpt lat="23.061618" lon="113.279377">
        <time>2026-07-03T23:53:31Z</time>
      </trkpt>
      <trkpt lat="23.061564" lon="113.279525">
        <time>2026-07-03T23:53:36Z</time>
      </trkpt>
      <trkpt lat="23.061504" lon="113.279668">
        <time>2026-07-03T23:53:41Z</time>
      </trkpt>
      <trkpt lat="23.061462" lon="113.27976">
        <time>2026-07-03T23:53:46Z</time>
      </trkpt>
      <trkpt lat="23.061423" lon="113.279854">
        <time>2026-07-03T23:53:51Z</time>
      </trkpt>
      <trkpt lat="23.061366" lon="113.28">
        <time>2026-07-03T23:53:56Z</time>
      </trkpt>
      <trkpt lat="23.061306" lon="113.280142">
        <time>2026-07-03T23:54:01Z</time>
      </trkpt>
      <trkpt lat="23.061265" lon="113.280238">
        <time>2026-07-03T23:54:06Z</time>
      </trkpt>
      <trkpt lat="23.061223" lon="113.280332">
        <time>2026-07-03T23:54:11Z</time>
      </trkpt>
      <trkpt lat="23.061157" lon="113.280476">
        <time>2026-07-03T23:54:16Z</time>
      </trkpt>
      <trkpt lat="23.061094" lon="113.28062">
        <time>2026-07-03T23:54:21Z</time>
      </trkpt>
      <trkpt lat="23.061052" lon="113.280711">
        <time>2026-07-03T23:54:26Z</time>
      </trkpt>
      <trkpt lat="23.061012" lon="113.280808">
        <time>2026-07-03T23:54:31Z</time>
      </trkpt>
      <trkpt lat="23.060947" lon="113.280949">
        <time>2026-07-03T23:54:36Z</time>
      </trkpt>
      <trkpt lat="23.060886" lon="113.281087">
        <time>2026-07-03T23:54:41Z</time>
      </trkpt>
      <trkpt lat="23.06085" lon="113.281179">
        <time>2026-07-03T23:54:46Z</time>
      </trkpt>
      <trkpt lat="23.060813" lon="113.281269">
        <time>2026-07-03T23:54:51Z</time>
      </trkpt>
      <trkpt lat="23.060753" lon="113.281405">
        <time>2026-07-03T23:54:56Z</time>
      </trkpt>
      <trkpt lat="23.060695" lon="113.281545">
        <time>2026-07-03T23:55:01Z</time>
      </trkpt>
      <trkpt lat="23.060655" lon="113.281639">
        <time>2026-07-03T23:55:06Z</time>
      </trkpt>
      <trkpt lat="23.060615" lon="113.281729">
        <time>2026-07-03T23:55:11Z</time>
      </trkpt>
      <trkpt lat="23.060564" lon="113.281869">
        <time>2026-07-03T23:55:16Z</time>
      </trkpt>
      <trkpt lat="23.060507" lon="113.282008">
        <time>2026-07-03T23:55:21Z</time>
      </trkpt>
      <trkpt lat="23.060469" lon="113.2821">
        <time>2026-07-03T23:55:26Z</time>
      </trkpt>
      <trkpt lat="23.060431" lon="113.282193">
        <time>2026-07-03T23:55:31Z</time>
      </trkpt>
      <trkpt lat="23.060375" lon="113.282331">
        <time>2026-07-03T23:55:36Z</time>
      </trkpt>
      <trkpt lat="23.060316" lon="113.28247">
        <time>2026-07-03T23:55:41Z</time>
      </trkpt>
      <trkpt lat="23.06027" lon="113.282558">
        <time>2026-07-03T23:55:46Z</time>
      </trkpt>
      <trkpt lat="23.060231" lon="113.282646">
        <time>2026-07-03T23:55:51Z</time>
      </trkpt>
      <trkpt lat="23.06018" lon="113.282783">
        <time>2026-07-03T23:55:56Z</time>
      </trkpt>
      <trkpt lat="23.060125" lon="113.282921">
        <time>2026-07-03T23:56:01Z</time>
      </trkpt>
      <trkpt lat="23.060084" lon="113.283012">
        <time>2026-07-03T23:56:06Z</time>
      </trkpt>
      <trkpt lat="23.06004" lon="113.283103">
        <time>2026-07-03T23:56:11Z</time>
      </trkpt>
      <trkpt lat="23.059981" lon="113.283245">
        <time>2026-07-03T23:56:16Z</time>
      </trkpt>
      <trkpt lat="23.05992" lon="113.283385">
        <time>2026-07-03T23:56:21Z</time>
      </trkpt>
      <trkpt lat="23.059869" lon="113.283482">
        <time>2026-07-03T23:56:26Z</time>
      </trkpt>
      <trkpt lat="23.059821" lon="113.283578">
        <time>2026-07-03T23:56:31Z</time>
      </trkpt>
      <trkpt lat="23.059761" lon="113.283718">
        <time>2026-07-03T23:56:36Z</time>
      </trkpt>
      <trkpt lat="23.0597" lon="113.283869">
        <time>2026-07-03T23:56:41Z</time>
      </trkpt>
      <trkpt lat="23.059659" lon="113.283968">
        <time>2026-07-03T23:56:46Z</time>
      </trkpt>
      <trkpt lat="23.059619" lon="113.284062">
        <time>2026-07-03T23:56:51Z</time>
      </trkpt>
      <trkpt lat="23.059557" lon="113.284203">
        <time>2026-07-03T23:56:56Z</time>
      </trkpt>
      <trkpt lat="23.059496" lon="113.284346">
        <time>2026-07-03T23:57:01Z</time>
      </trkpt>
      <trkpt lat="23.059456" lon="113.284441">
        <time>2026-07-03T23:57:06Z</time>
      </trkpt>
      <trkpt lat="23.059417" lon="113.284534">
        <time>2026-07-03T23:57:11Z</time>
      </trkpt>
      <trkpt lat="23.059361" lon="113.284673">
        <time>2026-07-03T23:57:16Z</time>
      </trkpt>
      <trkpt lat="23.059323" lon="113.284826">
        <time>2026-07-03T23:57:21Z</time>
      </trkpt>
      <trkpt lat="23.059309" lon="113.284931">
        <time>2026-07-03T23:57:26Z</time>
      </trkpt>
      <trkpt lat="23.059303" lon="113.285035">
        <time>2026-07-03T23:57:31Z</time>
      </trkpt>
      <trkpt lat="23.059249" lon="113.285176">
        <time>2026-07-03T23:57:36Z</time>
      </trkpt>
      <trkpt lat="23.059163" lon="113.285303">
        <time>2026-07-03T23:57:41Z</time>
      </trkpt>
      <trkpt lat="23.059115" lon="113.285394">
        <time>2026-07-03T23:57:46Z</time>
      </trkpt>
      <trkpt lat="23.059077" lon="113.285493">
        <time>2026-07-03T23:57:51Z</time>
      </trkpt>
      <trkpt lat="23.059023" lon="113.285639">
        <time>2026-07-03T23:57:56Z</time>
      </trkpt>
      <trkpt lat="23.058967" lon="113.285787">
        <time>2026-07-03T23:58:01Z</time>
      </trkpt>
      <trkpt lat="23.058929" lon="113.285887">
        <time>2026-07-03T23:58:06Z</time>
      </trkpt>
      <trkpt lat="23.058895" lon="113.285983">
        <time>2026-07-03T23:58:11Z</time>
      </trkpt>
      <trkpt lat="23.058818" lon="113.286106">
        <time>2026-07-03T23:58:16Z</time>
      </trkpt>
      <trkpt lat="23.058705" lon="113.286086">
        <time>2026-07-03T23:58:21Z</time>
      </trkpt>
      <trkpt lat="23.058679" lon="113.285992">
        <time>2026-07-03T23:58:26Z</time>
      </trkpt>
      <trkpt lat="23.058709" lon="113.28588">
        <time>2026-07-03T23:58:31Z</time>
      </trkpt>
      <trkpt lat="23.058794" lon="113.285737">
        <time>2026-07-03T23:58:36Z</time>
      </trkpt>
      <trkpt lat="23.058879" lon="113.285596">
        <time>2026-07-03T23:58:41Z</time>
      </trkpt>
      <trkpt lat="23.058922" lon="113.285503">
        <time>2026-07-03T23:58:46Z</time>
      </trkpt>
      <trkpt lat="23.058962" lon="113.285411">
        <time>2026-07-03T23:58:51Z</time>
      </trkpt>
      <trkpt lat="23.059027" lon="113.285272">
        <time>2026-07-03T23:58:56Z</time>
      </trkpt>
      <trkpt lat="23.059086" lon="113.285137">
        <time>2026-07-03T23:59:01Z</time>
      </trkpt>
      <trkpt lat="23.059125" lon="113.285049">
        <time>2026-07-03T23:59:06Z</time>
      </trkpt>
      <trkpt lat="23.059167" lon="113.28496">
        <time>2026-07-03T23:59:11Z</time>
      </trkpt>
      <trkpt lat="23.059229" lon="113.284825">
        <time>2026-07-03T23:59:16Z</time>
      </trkpt>
      <trkpt lat="23.059288" lon="113.284678">
        <time>2026-07-03T23:59:21Z</time>
      </trkpt>
      <trkpt lat="23.059326" lon="113.284579">
        <time>2026-07-03T23:59:26Z</time>
      </trkpt>
      <trkpt lat="23.059353" lon="113.284479">
        <time>2026-07-03T23:59:31Z</time>
      </trkpt>
      <trkpt lat="23.059391" lon="113.284326">
        <time>2026-07-03T23:59:36Z</time>
      </trkpt>
      <trkpt lat="23.059431" lon="113.284177">
        <time>2026-07-03T23:59:41Z</time>
      </trkpt>
      <trkpt lat="23.059474" lon="113.284093">
        <time>2026-07-03T23:59:46Z</time>
      </trkpt>
      <trkpt lat="23.059532" lon="113.284016">
        <time>2026-07-03T23:59:51Z</time>
      </trkpt>
      <trkpt lat="23.059588" lon="113.283878">
        <time>2026-07-03T23:59:56Z</time>
      </trkpt>
      <trkpt lat="23.059647" lon="113.283738">
        <time>2026-07-04T00:00:01Z</time>
      </trkpt>
      <trkpt lat="23.059692" lon="113.283648">
        <time>2026-07-04T00:00:06Z</time>
      </trkpt>
      <trkpt lat="23.059729" lon="113.283553">
        <time>2026-07-04T00:00:11Z</time>
      </trkpt>
      <trkpt lat="23.059797" lon="113.283418">
        <time>2026-07-04T00:00:16Z</time>
      </trkpt>
      <trkpt lat="23.059858" lon="113.283274">
        <time>2026-07-04T00:00:21Z</time>
      </trkpt>
      <trkpt lat="23.059894" lon="113.283181">
        <time>2026-07-04T00:00:26Z</time>
      </trkpt>
      <trkpt lat="23.05993" lon="113.283091">
        <time>2026-07-04T00:00:31Z</time>
      </trkpt>
      <trkpt lat="23.059991" lon="113.282955">
        <time>2026-07-04T00:00:36Z</time>
      </trkpt>
      <trkpt lat="23.060051" lon="113.282821">
        <time>2026-07-04T00:00:41Z</time>
      </trkpt>
      <trkpt lat="23.06009" lon="113.282732">
        <time>2026-07-04T00:00:46Z</time>
      </trkpt>
      <trkpt lat="23.06013" lon="113.282644">
        <time>2026-07-04T00:00:51Z</time>
      </trkpt>
      <trkpt lat="23.060187" lon="113.282511">
        <time>2026-07-04T00:00:56Z</time>
      </trkpt>
      <trkpt lat="23.060245" lon="113.282372">
        <time>2026-07-04T00:01:01Z</time>
      </trkpt>
      <trkpt lat="23.060286" lon="113.282278">
        <time>2026-07-04T00:01:06Z</time>
      </trkpt>
      <trkpt lat="23.060332" lon="113.282187">
        <time>2026-07-04T00:01:11Z</time>
      </trkpt>
      <trkpt lat="23.060379" lon="113.282048">
        <time>2026-07-04T00:01:16Z</time>
      </trkpt>
      <trkpt lat="23.060422" lon="113.281909">
        <time>2026-07-04T00:01:21Z</time>
      </trkpt>
      <trkpt lat="23.060469" lon="113.281821">
        <time>2026-07-04T00:01:26Z</time>
      </trkpt>
      <trkpt lat="23.060512" lon="113.281732">
        <time>2026-07-04T00:01:31Z</time>
      </trkpt>
      <trkpt lat="23.06057" lon="113.281607">
        <time>2026-07-04T00:01:36Z</time>
      </trkpt>
      <trkpt lat="23.060633" lon="113.281486">
        <time>2026-07-04T00:01:41Z</time>
      </trkpt>
      <trkpt lat="23.060669" lon="113.281397">
        <time>2026-07-04T00:01:46Z</time>
      </trkpt>
      <trkpt lat="23.060707" lon="113.281305">
        <time>2026-07-04T00:01:51Z</time>
      </trkpt>
      <trkpt lat="23.060767" lon="113.28117">
        <time>2026-07-04T00:01:56Z</time>
      </trkpt>
      <trkpt lat="23.060818" lon="113.281024">
        <time>2026-07-04T00:02:01Z</time>
      </trkpt>
      <trkpt lat="23.060857" lon="113.280927">
        <time>2026-07-04T00:02:06Z</time>
      </trkpt>
      <trkpt lat="23.060897" lon="113.280832">
        <time>2026-07-04T00:02:11Z</time>
      </trkpt>
      <trkpt lat="23.060962" lon="113.280689">
        <time>2026-07-04T00:02:16Z</time>
      </trkpt>
      <trkpt lat="23.061022" lon="113.280548">
        <time>2026-07-04T00:02:21Z</time>
      </trkpt>
      <trkpt lat="23.061063" lon="113.280455">
        <time>2026-07-04T00:02:26Z</time>
      </trkpt>
      <trkpt lat="23.061105" lon="113.280359">
        <time>2026-07-04T00:02:31Z</time>
      </trkpt>
      <trkpt lat="23.061164" lon="113.280222">
        <time>2026-07-04T00:02:36Z</time>
      </trkpt>
      <trkpt lat="23.061223" lon="113.280093">
        <time>2026-07-04T00:02:41Z</time>
      </trkpt>
      <trkpt lat="23.061259" lon="113.28001">
        <time>2026-07-04T00:02:46Z</time>
      </trkpt>
      <trkpt lat="23.061293" lon="113.279924">
        <time>2026-07-04T00:02:51Z</time>
      </trkpt>
      <trkpt lat="23.061347" lon="113.279793">
        <time>2026-07-04T00:02:56Z</time>
      </trkpt>
      <trkpt lat="23.061406" lon="113.279666">
        <time>2026-07-04T00:03:01Z</time>
      </trkpt>
      <trkpt lat="23.061446" lon="113.279578">
        <time>2026-07-04T00:03:06Z</time>
      </trkpt>
      <trkpt lat="23.061476" lon="113.27948">
        <time>2026-07-04T00:03:11Z</time>
      </trkpt>
      <trkpt lat="23.06152" lon="113.279334">
        <time>2026-07-04T00:03:16Z</time>
      </trkpt>
      <trkpt lat="23.061568" lon="113.279212">
        <time>2026-07-04T00:03:21Z</time>
      </trkpt>
      <trkpt lat="23.061594" lon="113.279154">
        <time>2026-07-04T00:03:26Z</time>
      </trkpt>
      <trkpt lat="23.061645" lon="113.279086">
        <time>2026-07-04T00:03:31Z</time>
      </trkpt>
      <trkpt lat="23.061719" lon="113.278948">
        <time>2026-07-04T00:03:36Z</time>
      </trkpt>
      <trkpt lat="23.06176" lon="113.278803">
        <time>2026-07-04T00:03:41Z</time>
      </trkpt>
      <trkpt lat="23.0618" lon="113.278736">
        <time>2026-07-04T00:03:46Z</time>
      </trkpt>
      <trkpt lat="23.061873" lon="113.27874">
        <time>2026-07-04T00:03:51Z</time>
      </trkpt>
      <trkpt lat="23.061976" lon="113.278681">
        <time>2026-07-04T00:03:56Z</time>
      </trkpt>
      <trkpt lat="23.061973" lon="113.278524">
        <time>2026-07-04T00:04:01Z</time>
      </trkpt>
      <trkpt lat="23.061965" lon="113.278419">
        <time>2026-07-04T00:04:06Z</time>
      </trkpt>
      <trkpt lat="23.06196" lon="113.278316">
        <time>2026-07-04T00:04:11Z</time>
      </trkpt>
      <trkpt lat="23.061952" lon="113.278158">
        <time>2026-07-04T00:04:16Z</time>
      </trkpt>
      <trkpt lat="23.061942" lon="113.278002">
        <time>2026-07-04T00:04:21Z</time>
      </trkpt>
      <trkpt lat="23.06194" lon="113.2779">
        <time>2026-07-04T00:04:26Z</time>
      </trkpt>
      <trkpt lat="23.061945" lon="113.277798">
        <time>2026-07-04T00:04:31Z</time>
      </trkpt>
      <trkpt lat="23.061979" lon="113.277648">
        <time>2026-07-04T00:04:36Z</time>
      </trkpt>
      <trkpt lat="23.062031" lon="113.277501">
        <time>2026-07-04T00:04:41Z</time>
      </trkpt>
      <trkpt lat="23.062067" lon="113.277407">
        <time>2026-07-04T00:04:46Z</time>
      </trkpt>
      <trkpt lat="23.062103" lon="113.277312">
        <time>2026-07-04T00:04:51Z</time>
      </trkpt>
      <trkpt lat="23.062153" lon="113.27717">
        <time>2026-07-04T00:04:56Z</time>
      </trkpt>
      <trkpt lat="23.062201" lon="113.277031">
        <time>2026-07-04T00:05:01Z</time>
      </trkpt>
      <trkpt lat="23.062241" lon="113.276938">
        <time>2026-07-04T00:05:06Z</time>
      </trkpt>
      <trkpt lat="23.062278" lon="113.276846">
        <time>2026-07-04T00:05:11Z</time>
      </trkpt>
      <trkpt lat="23.062334" lon="113.276706">
        <time>2026-07-04T00:05:16Z</time>
      </trkpt>
      <trkpt lat="23.06239" lon="113.276564">
        <time>2026-07-04T00:05:21Z</time>
      </trkpt>
      <trkpt lat="23.062422" lon="113.276467">
        <time>2026-07-04T00:05:26Z</time>
      </trkpt>
      <trkpt lat="23.062455" lon="113.276372">
        <time>2026-07-04T00:05:31Z</time>
      </trkpt>
      <trkpt lat="23.062516" lon="113.276231">
        <time>2026-07-04T00:05:36Z</time>
      </trkpt>
      <trkpt lat="23.062587" lon="113.276095">
        <time>2026-07-04T00:05:41Z</time>
      </trkpt>
      <trkpt lat="23.06264" lon="113.276009">
        <time>2026-07-04T00:05:46Z</time>
      </trkpt>
      <trkpt lat="23.062698" lon="113.275927">
        <time>2026-07-04T00:05:51Z</time>
      </trkpt>
      <trkpt lat="23.062789" lon="113.275813">
        <time>2026-07-04T00:05:56Z</time>
      </trkpt>
      <trkpt lat="23.062893" lon="113.275709">
        <time>2026-07-04T00:06:01Z</time>
      </trkpt>
      <trkpt lat="23.062965" lon="113.275635">
        <time>2026-07-04T00:06:06Z</time>
      </trkpt>
      <trkpt lat="23.063034" lon="113.275552">
        <time>2026-07-04T00:06:11Z</time>
      </trkpt>
      <trkpt lat="23.063116" lon="113.275423">
        <time>2026-07-04T00:06:16Z</time>
      </trkpt>
      <trkpt lat="23.063191" lon="113.275291">
        <time>2026-07-04T00:06:21Z</time>
      </trkpt>
      <trkpt lat="23.063246" lon="113.275204">
        <time>2026-07-04T00:06:26Z</time>
      </trkpt>
      <trkpt lat="23.063306" lon="113.275116">
        <time>2026-07-04T00:06:31Z</time>
      </trkpt>
      <trkpt lat="23.063392" lon="113.274984">
        <time>2026-07-04T00:06:36Z</time>
      </trkpt>
      <trkpt lat="23.063442" lon="113.27484">
        <time>2026-07-04T00:06:41Z</time>
      </trkpt>
      <trkpt lat="23.063469" lon="113.274743">
        <time>2026-07-04T00:06:46Z</time>
      </trkpt>
      <trkpt lat="23.063509" lon="113.274652">
        <time>2026-07-04T00:06:51Z</time>
      </trkpt>
      <trkpt lat="23.063543" lon="113.274531">
        <time>2026-07-04T00:06:56Z</time>
      </trkpt>
      <trkpt lat="23.063596" lon="113.274411">
        <time>2026-07-04T00:07:01Z</time>
      </trkpt>
      <trkpt lat="23.063653" lon="113.274334">
        <time>2026-07-04T00:07:06Z</time>
      </trkpt>
      <trkpt lat="23.063707" lon="113.274261">
        <time>2026-07-04T00:07:11Z</time>
      </trkpt>
      <trkpt lat="23.063799" lon="113.274166">
        <time>2026-07-04T00:07:16Z</time>
      </trkpt>
      <trkpt lat="23.063892" lon="113.27405">
        <time>2026-07-04T00:07:21Z</time>
      </trkpt>
      <trkpt lat="23.063945" lon="113.273957">
        <time>2026-07-04T00:07:26Z</time>
      </trkpt>
      <trkpt lat="23.063999" lon="113.27387">
        <time>2026-07-04T00:07:31Z</time>
      </trkpt>
      <trkpt lat="23.06408" lon="113.273739">
        <time>2026-07-04T00:07:36Z</time>
      </trkpt>
      <trkpt lat="23.064177" lon="113.27364">
        <time>2026-07-04T00:07:41Z</time>
      </trkpt>
      <trkpt lat="23.064249" lon="113.273583">
        <time>2026-07-04T00:07:46Z</time>
      </trkpt>
      <trkpt lat="23.064322" lon="113.273522">
        <time>2026-07-04T00:07:51Z</time>
      </trkpt>
      <trkpt lat="23.064437" lon="113.273413">
        <time>2026-07-04T00:07:56Z</time>
      </trkpt>
      <trkpt lat="23.064544" lon="113.273282">
        <time>2026-07-04T00:08:01Z</time>
      </trkpt>
      <trkpt lat="23.064583" lon="113.27318">
        <time>2026-07-04T00:08:06Z</time>
      </trkpt>
      <trkpt lat="23.064581" lon="113.273071">
        <time>2026-07-04T00:08:11Z</time>
      </trkpt>
      <trkpt lat="23.064538" lon="113.272903">
        <time>2026-07-04T00:08:16Z</time>
      </trkpt>
      <trkpt lat="23.064485" lon="113.272738">
        <time>2026-07-04T00:08:21Z</time>
      </trkpt>
      <trkpt lat="23.064466" lon="113.27263">
        <time>2026-07-04T00:08:26Z</time>
      </trkpt>
      <trkpt lat="23.064483" lon="113.272527">
        <time>2026-07-04T00:08:31Z</time>
      </trkpt>
      <trkpt lat="23.064569" lon="113.27238">
        <time>2026-07-04T00:08:36Z</time>
      </trkpt>
      <trkpt lat="23.064626" lon="113.272227">
        <time>2026-07-04T00:08:41Z</time>
      </trkpt>
      <trkpt lat="23.064658" lon="113.272136">
        <time>2026-07-04T00:08:46Z</time>
      </trkpt>
      <trkpt lat="23.064694" lon="113.27205">
        <time>2026-07-04T00:08:51Z</time>
      </trkpt>
      <trkpt lat="23.064754" lon="113.271915">
        <time>2026-07-04T00:08:56Z</time>
      </trkpt>
      <trkpt lat="23.064817" lon="113.27177">
        <time>2026-07-04T00:09:01Z</time>
      </trkpt>
      <trkpt lat="23.064867" lon="113.271673">
        <time>2026-07-04T00:09:06Z</time>
      </trkpt>
      <trkpt lat="23.064921" lon="113.271573">
        <time>2026-07-04T00:09:11Z</time>
      </trkpt>
      <trkpt lat="23.064996" lon="113.271427">
        <time>2026-07-04T00:09:16Z</time>
      </trkpt>
      <trkpt lat="23.065062" lon="113.271276">
        <time>2026-07-04T00:09:21Z</time>
      </trkpt>
      <trkpt lat="23.065111" lon="113.271175">
        <time>2026-07-04T00:09:26Z</time>
      </trkpt>
      <trkpt lat="23.065163" lon="113.271072">
        <time>2026-07-04T00:09:31Z</time>
      </trkpt>
      <trkpt lat="23.065245" lon="113.270929">
        <time>2026-07-04T00:09:36Z</time>
      </trkpt>
      <trkpt lat="23.065298" lon="113.270781">
        <time>2026-07-04T00:09:41Z</time>
      </trkpt>
      <trkpt lat="23.065328" lon="113.270681">
        <time>2026-07-04T00:09:46Z</time>
      </trkpt>
      <trkpt lat="23.065366" lon="113.270587">
        <time>2026-07-04T00:09:51Z</time>
      </trkpt>
      <trkpt lat="23.065428" lon="113.270446">
        <time>2026-07-04T00:09:56Z</time>
      </trkpt>
      <trkpt lat="23.065493" lon="113.2703">
        <time>2026-07-04T00:10:01Z</time>
      </trkpt>
      <trkpt lat="23.065534" lon="113.270201">
        <time>2026-07-04T00:10:06Z</time>
      </trkpt>
      <trkpt lat="23.065567" lon="113.270106">
        <time>2026-07-04T00:10:11Z</time>
      </trkpt>
      <trkpt lat="23.065626" lon="113.269956">
        <time>2026-07-04T00:10:16Z</time>
      </trkpt>
      <trkpt lat="23.065675" lon="113.269808">
        <time>2026-07-04T00:10:21Z</time>
      </trkpt>
      <trkpt lat="23.065706" lon="113.269708">
        <time>2026-07-04T00:10:26Z</time>
      </trkpt>
      <trkpt lat="23.065721" lon="113.269595">
        <time>2026-07-04T00:10:31Z</time>
      </trkpt>
      <trkpt lat="23.06574" lon="113.269426">
        <time>2026-07-04T00:10:36Z</time>
      </trkpt>
      <trkpt lat="23.065775" lon="113.269268">
        <time>2026-07-04T00:10:41Z</time>
      </trkpt>
      <trkpt lat="23.065807" lon="113.269166">
        <time>2026-07-04T00:10:46Z</time>
      </trkpt>
      <trkpt lat="23.065838" lon="113.269064">
        <time>2026-07-04T00:10:51Z</time>
      </trkpt>
      <trkpt lat="23.0659" lon="113.268918">
        <time>2026-07-04T00:10:56Z</time>
      </trkpt>
      <trkpt lat="23.065959" lon="113.268779">
        <time>2026-07-04T00:11:01Z</time>
      </trkpt>
      <trkpt lat="23.066001" lon="113.268687">
        <time>2026-07-04T00:11:06Z</time>
      </trkpt>
      <trkpt lat="23.066051" lon="113.268595">
        <time>2026-07-04T00:11:11Z</time>
      </trkpt>
      <trkpt lat="23.066134" lon="113.268464">
        <time>2026-07-04T00:11:16Z</time>
      </trkpt>
      <trkpt lat="23.066222" lon="113.268331">
        <time>2026-07-04T00:11:21Z</time>
      </trkpt>
      <trkpt lat="23.066288" lon="113.268247">
        <time>2026-07-04T00:11:26Z</time>
      </trkpt>
      <trkpt lat="23.066365" lon="113.268177">
        <time>2026-07-04T00:11:31Z</time>
      </trkpt>
      <trkpt lat="23.066505" lon="113.268124">
        <time>2026-07-04T00:11:36Z</time>
      </trkpt>
      <trkpt lat="23.066658" lon="113.268138">
        <time>2026-07-04T00:11:41Z</time>
      </trkpt>
      <trkpt lat="23.066762" lon="113.268142">
        <time>2026-07-04T00:11:46Z</time>
      </trkpt>
      <trkpt lat="23.066862" lon="113.268148">
        <time>2026-07-04T00:11:51Z</time>
      </trkpt>
      <trkpt lat="23.067007" lon="113.268184">
        <time>2026-07-04T00:11:56Z</time>
      </trkpt>
      <trkpt lat="23.067129" lon="113.268252">
        <time>2026-07-04T00:12:01Z</time>
      </trkpt>
      <trkpt lat="23.067207" lon="113.268302">
        <time>2026-07-04T00:12:06Z</time>
      </trkpt>
      <trkpt lat="23.067288" lon="113.268344">
        <time>2026-07-04T00:12:11Z</time>
      </trkpt>
      <trkpt lat="23.06742" lon="113.268409">
        <time>2026-07-04T00:12:16Z</time>
      </trkpt>
      <trkpt lat="23.067559" lon="113.268479">
        <time>2026-07-04T00:12:21Z</time>
      </trkpt>
      <trkpt lat="23.067656" lon="113.268523">
        <time>2026-07-04T00:12:26Z</time>
      </trkpt>
      <trkpt lat="23.067745" lon="113.268574">
        <time>2026-07-04T00:12:31Z</time>
      </trkpt>
      <trkpt lat="23.067874" lon="113.268668">
        <time>2026-07-04T00:12:36Z</time>
      </trkpt>
      <trkpt lat="23.067984" lon="113.268758">
        <time>2026-07-04T00:12:41Z</time>
      </trkpt>
      <trkpt lat="23.068055" lon="113.268787">
        <time>2026-07-04T00:12:46Z</time>
      </trkpt>
      <trkpt lat="23.06813" lon="113.268808">
        <time>2026-07-04T00:12:51Z</time>
      </trkpt>
      <trkpt lat="23.068255" lon="113.268856">
        <time>2026-07-04T00:12:56Z</time>
      </trkpt>
      <trkpt lat="23.068394" lon="113.268924">
        <time>2026-07-04T00:13:01Z</time>
      </trkpt>
      <trkpt lat="23.06848" lon="113.268989">
        <time>2026-07-04T00:13:06Z</time>
      </trkpt>
      <trkpt lat="23.068566" lon="113.269066">
        <time>2026-07-04T00:13:11Z</time>
      </trkpt>
      <trkpt lat="23.068708" lon="113.269128">
        <time>2026-07-04T00:13:16Z</time>
      </trkpt>
      <trkpt lat="23.068869" lon="113.269156">
        <time>2026-07-04T00:13:21Z</time>
      </trkpt>
      <trkpt lat="23.068979" lon="113.269183">
        <time>2026-07-04T00:13:26Z</time>
      </trkpt>
      <trkpt lat="23.069075" lon="113.269214">
        <time>2026-07-04T00:13:31Z</time>
      </trkpt>
      <trkpt lat="23.069215" lon="113.269309">
        <time>2026-07-04T00:13:36Z</time>
      </trkpt>
      <trkpt lat="23.069357" lon="113.26938">
        <time>2026-07-04T00:13:41Z</time>
      </trkpt>
      <trkpt lat="23.069446" lon="113.269421">
        <time>2026-07-04T00:13:46Z</time>
      </trkpt>
      <trkpt lat="23.069534" lon="113.26946">
        <time>2026-07-04T00:13:51Z</time>
      </trkpt>
      <trkpt lat="23.069655" lon="113.269523">
        <time>2026-07-04T00:13:56Z</time>
      </trkpt>
      <trkpt lat="23.069786" lon="113.269595">
        <time>2026-07-04T00:14:01Z</time>
      </trkpt>
      <trkpt lat="23.069877" lon="113.269624">
        <time>2026-07-04T00:14:06Z</time>
      </trkpt>
      <trkpt lat="23.069964" lon="113.26966">
        <time>2026-07-04T00:14:11Z</time>
      </trkpt>
      <trkpt lat="23.070094" lon="113.269748">
        <time>2026-07-04T00:14:16Z</time>
      </trkpt>
      <trkpt lat="23.070221" lon="113.269831">
        <time>2026-07-04T00:14:21Z</time>
      </trkpt>
      <trkpt lat="23.070307" lon="113.269871">
        <time>2026-07-04T00:14:26Z</time>
      </trkpt>
      <trkpt lat="23.0704" lon="113.269928">
        <time>2026-07-04T00:14:31Z</time>
      </trkpt>
      <trkpt lat="23.070542" lon="113.26996">
        <time>2026-07-04T00:14:36Z</time>
      </trkpt>
      <trkpt lat="23.070676" lon="113.269989">
        <time>2026-07-04T00:14:41Z</time>
      </trkpt>
      <trkpt lat="23.070757" lon="113.270018">
        <time>2026-07-04T00:14:46Z</time>
      </trkpt>
      <trkpt lat="23.070843" lon="113.27004">
        <time>2026-07-04T00:14:51Z</time>
      </trkpt>
      <trkpt lat="23.070949" lon="113.270117">
        <time>2026-07-04T00:14:56Z</time>
      </trkpt>
      <trkpt lat="23.07109" lon="113.270219">
        <time>2026-07-04T00:15:01Z</time>
      </trkpt>
      <trkpt lat="23.071185" lon="113.270266">
        <time>2026-07-04T00:15:06Z</time>
      </trkpt>
      <trkpt lat="23.07127" lon="113.270301">
        <time>2026-07-04T00:15:11Z</time>
      </trkpt>
      <trkpt lat="23.071411" lon="113.270345">
        <time>2026-07-04T00:15:16Z</time>
      </trkpt>
      <trkpt lat="23.071551" lon="113.27041">
        <time>2026-07-04T00:15:21Z</time>
      </trkpt>
      <trkpt lat="23.071631" lon="113.270453">
        <time>2026-07-04T00:15:26Z</time>
      </trkpt>
      <trkpt lat="23.071721" lon="113.270492">
        <time>2026-07-04T00:15:31Z</time>
      </trkpt>
      <trkpt lat="23.071845" lon="113.270536">
        <time>2026-07-04T00:15:36Z</time>
      </trkpt>
      <trkpt lat="23.071985" lon="113.270608">
        <time>2026-07-04T00:15:41Z</time>
      </trkpt>
      <trkpt lat="23.072089" lon="113.27066">
        <time>2026-07-04T00:15:46Z</time>
      </trkpt>
      <trkpt lat="23.072156" lon="113.27071">
        <time>2026-07-04T00:15:51Z</time>
      </trkpt>
      <trkpt lat="23.072252" lon="113.270776">
        <time>2026-07-04T00:15:56Z</time>
      </trkpt>
      <trkpt lat="23.072372" lon="113.270848">
        <time>2026-07-04T00:16:01Z</time>
      </trkpt>
      <trkpt lat="23.072457" lon="113.270897">
        <time>2026-07-04T00:16:06Z</time>
      </trkpt>
      <trkpt lat="23.072551" lon="113.27095">
        <time>2026-07-04T00:16:11Z</time>
      </trkpt>
      <trkpt lat="23.072687" lon="113.271">
        <time>2026-07-04T00:16:16Z</time>
      </trkpt>
      <trkpt lat="23.07281" lon="113.271051">
        <time>2026-07-04T00:16:21Z</time>
      </trkpt>
      <trkpt lat="23.072888" lon="113.271078">
        <time>2026-07-04T00:16:26Z</time>
      </trkpt>
      <trkpt lat="23.072973" lon="113.271095">
        <time>2026-07-04T00:16:31Z</time>
      </trkpt>
      <trkpt lat="23.073109" lon="113.271158">
        <time>2026-07-04T00:16:36Z</time>
      </trkpt>
      <trkpt lat="23.073157" lon="113.271206">
        <time>2026-07-04T00:16:41Z</time>
      </trkpt>
      <trkpt lat="23.073177" lon="113.271216">
        <time>2026-07-04T00:16:46Z</time>
      </trkpt>
      <trkpt lat="23.073208" lon="113.271233">
        <time>2026-07-04T00:16:51Z</time>
      </trkpt>
      <trkpt lat="23.073264" lon="113.27127">
        <time>2026-07-04T00:16:56Z</time>
      </trkpt>
      <trkpt lat="23.073395" lon="113.27135">
        <time>2026-07-04T00:17:01Z</time>
      </trkpt>
      <trkpt lat="23.073516" lon="113.271409">
        <time>2026-07-04T00:17:06Z</time>
      </trkpt>
      <trkpt lat="23.073595" lon="113.271465">
        <time>2026-07-04T00:17:11Z</time>
      </trkpt>
      <trkpt lat="23.07368" lon="113.271531">
        <time>2026-07-04T00:17:16Z</time>
      </trkpt>
      <trkpt lat="23.073806" lon="113.271596">
        <time>2026-07-04T00:17:21Z</time>
      </trkpt>
      <trkpt lat="23.073901" lon="113.27167">
        <time>2026-07-04T00:17:26Z</time>
      </trkpt>
      <trkpt lat="23.07396" lon="113.271729">
        <time>2026-07-04T00:17:31Z</time>
      </trkpt>
      <trkpt lat="23.074032" lon="113.271784">
        <time>2026-07-04T00:17:36Z</time>
      </trkpt>
      <trkpt lat="23.074046" lon="113.271874">
        <time>2026-07-04T00:17:41Z</time>
      </trkpt>
      <trkpt lat="23.074003" lon="113.272011">
        <time>2026-07-04T00:17:46Z</time>
      </trkpt>
      <trkpt lat="23.07397" lon="113.272093">
        <time>2026-07-04T00:17:51Z</time>
      </trkpt>
      <trkpt lat="23.073939" lon="113.272187">
        <time>2026-07-04T00:17:56Z</time>
      </trkpt>
      <trkpt lat="23.073885" lon="113.272333">
        <time>2026-07-04T00:18:01Z</time>
      </trkpt>
      <trkpt lat="23.073811" lon="113.272469">
        <time>2026-07-04T00:18:06Z</time>
      </trkpt>
      <trkpt lat="23.073771" lon="113.272573">
        <time>2026-07-04T00:18:11Z</time>
      </trkpt>
      <trkpt lat="23.073734" lon="113.272674">
        <time>2026-07-04T00:18:16Z</time>
      </trkpt>
      <trkpt lat="23.073674" lon="113.272826">
        <time>2026-07-04T00:18:21Z</time>
      </trkpt>
      <trkpt lat="23.073724" lon="113.272932">
        <time>2026-07-04T00:18:26Z</time>
      </trkpt>
      <trkpt lat="23.073823" lon="113.27298">
        <time>2026-07-04T00:18:31Z</time>
      </trkpt>
      <trkpt lat="23.073919" lon="113.273008">
        <time>2026-07-04T00:18:36Z</time>
      </trkpt>
      <trkpt lat="23.074018" lon="113.272923">
        <time>2026-07-04T00:18:41Z</time>
      </trkpt>
      <trkpt lat="23.074074" lon="113.272778">
        <time>2026-07-04T00:18:46Z</time>
      </trkpt>
      <trkpt lat="23.074111" lon="113.272685">
        <time>2026-07-04T00:18:51Z</time>
      </trkpt>
      <trkpt lat="23.074156" lon="113.272604">
        <time>2026-07-04T00:18:56Z</time>
      </trkpt>
      <trkpt lat="23.074212" lon="113.272463">
        <time>2026-07-04T00:19:01Z</time>
      </trkpt>
      <trkpt lat="23.074282" lon="113.272315">
        <time>2026-07-04T00:19:06Z</time>
      </trkpt>
      <trkpt lat="23.074336" lon="113.272227">
        <time>2026-07-04T00:19:11Z</time>
      </trkpt>
      <trkpt lat="23.074375" lon="113.272137">
        <time>2026-07-04T00:19:16Z</time>
      </trkpt>
      <trkpt lat="23.074475" lon="113.272037">
        <time>2026-07-04T00:19:21Z</time>
      </trkpt>
      <trkpt lat="23.074595" lon="113.272027">
        <time>2026-07-04T00:19:26Z</time>
      </trkpt>
      <trkpt lat="23.074687" lon="113.272077">
        <time>2026-07-04T00:19:31Z</time>
      </trkpt>
      <trkpt lat="23.07477" lon="113.272125">
        <time>2026-07-04T00:19:36Z</time>
      </trkpt>
      <trkpt lat="23.074874" lon="113.272203">
        <time>2026-07-04T00:19:41Z</time>
      </trkpt>
      <trkpt lat="23.07499" lon="113.27228">
        <time>2026-07-04T00:19:46Z</time>
      </trkpt>
      <trkpt lat="23.075079" lon="113.272318">
        <time>2026-07-04T00:19:51Z</time>
      </trkpt>
      <trkpt lat="23.075171" lon="113.272369">
        <time>2026-07-04T00:19:56Z</time>
      </trkpt>
      <trkpt lat="23.075297" lon="113.272469">
        <time>2026-07-04T00:20:01Z</time>
      </trkpt>
      <trkpt lat="23.075427" lon="113.272513">
        <time>2026-07-04T00:20:06Z</time>
      </trkpt>
      <trkpt lat="23.075509" lon="113.272538">
        <time>2026-07-04T00:20:11Z</time>
      </trkpt>
      <trkpt lat="23.075577" lon="113.272567">
        <time>2026-07-04T00:20:16Z</time>
      </trkpt>
      <trkpt lat="23.075677" lon="113.272574">
        <time>2026-07-04T00:20:21Z</time>
      </trkpt>
      <trkpt lat="23.0758" lon="113.272563">
        <time>2026-07-04T00:20:26Z</time>
      </trkpt>
      <trkpt lat="23.075851" lon="113.272631">
        <time>2026-07-04T00:20:31Z</time>
      </trkpt>
      <trkpt lat="23.075869" lon="113.272722">
        <time>2026-07-04T00:20:36Z</time>
      </trkpt>
      <trkpt lat="23.075848" lon="113.272873">
        <time>2026-07-04T00:20:46Z</time>
      </trkpt>
    </trkseg>
  </trk>
</gpx>