<?xml version="1.0" encoding="UTF-8"?>
<gpx xmlns="http://www.topografix.com/GPX/1/1" xmlns:gpxtpx="http://www.garmin.com/xmlschemas/TrackPointExtension/v1" xmlns:xsi="http://www.w3.org/2001/XMLSchema-instance" xsi:schemaLocation="http://www.topografix.com/GPX/1/1 http://www.topografix.com/GPX/1/1/gpx.xsd" version="1.1" creator="gpx.py -- https://github.com/tkrajina/gpxpy">
  <trk>
    <name>gpx from joyrun</name>
    <trkseg>
      <trkpt lat="23.075994" lon="113.272904">
        <time>2026-07-10T21:28:03Z</time>
      </trkpt>
      <trkpt lat="23.075953" lon="113.272852">
        <time>2026-07-10T21:28:08Z</time>
      </trkpt>
      <trkpt lat="23.075878" lon="113.272799">
        <time>2026-07-10T21:28:13Z</time>
      </trkpt>
      <trkpt lat="23.075747" lon="113.272734">
        <time>2026-07-10T21:28:18Z</time>
      </trkpt>
      <trkpt lat="23.075615" lon="113.272673">
        <time>2026-07-10T21:28:23Z</time>
      </trkpt>
      <trkpt lat="23.075527" lon="113.272625">
        <time>2026-07-10T21:28:28Z</time>
      </trkpt>
      <trkpt lat="23.075438" lon="113.272583">
        <time>2026-07-10T21:28:33Z</time>
      </trkpt>
      <trkpt lat="23.075306" lon="113.272523">
        <time>2026-07-10T21:28:38Z</time>
      </trkpt>
      <trkpt lat="23.07518" lon="113.272465">
        <time>2026-07-10T21:28:43Z</time>
      </trkpt>
      <trkpt lat="23.075109" lon="113.272429">
        <time>2026-07-10T21:28:48Z</time>
      </trkpt>
      <trkpt lat="23.075047" lon="113.272386">
        <time>2026-07-10T21:28:53Z</time>
      </trkpt>
      <trkpt lat="23.07494" lon="113.272298">
        <time>2026-07-10T21:28:58Z</time>
      </trkpt>
      <trkpt lat="23.074823" lon="113.272201">
        <time>2026-07-10T21:29:03Z</time>
      </trkpt>
      <trkpt lat="23.074741" lon="113.272139">
        <time>2026-07-10T21:29:08Z</time>
      </trkpt>
      <trkpt lat="23.074649" lon="113.272095">
        <time>2026-07-10T21:29:13Z</time>
      </trkpt>
      <trkpt lat="23.074522" lon="113.272019">
        <time>2026-07-10T21:29:18Z</time>
      </trkpt>
      <trkpt lat="23.074391" lon="113.272011">
        <time>2026-07-10T21:29:23Z</time>
      </trkpt>
      <trkpt lat="23.074335" lon="113.272076">
        <time>2026-07-10T21:29:28Z</time>
      </trkpt>
      <trkpt lat="23.074301" lon="113.272152">
        <time>2026-07-10T21:29:33Z</time>
      </trkpt>
      <trkpt lat="23.074251" lon="113.272295">
        <time>2026-07-10T21:29:38Z</time>
      </trkpt>
      <trkpt lat="23.074191" lon="113.272444">
        <time>2026-07-10T21:29:43Z</time>
      </trkpt>
      <trkpt lat="23.074158" lon="113.272543">
        <time>2026-07-10T21:29:48Z</time>
      </trkpt>
      <trkpt lat="23.074118" lon="113.272636">
        <time>2026-07-10T21:29:53Z</time>
      </trkpt>
      <trkpt lat="23.074059" lon="113.272775">
        <time>2026-07-10T21:29:58Z</time>
      </trkpt>
      <trkpt lat="23.074006" lon="113.272908">
        <time>2026-07-10T21:30:03Z</time>
      </trkpt>
      <trkpt lat="23.07398" lon="113.272994">
        <time>2026-07-10T21:30:08Z</time>
      </trkpt>
      <trkpt lat="23.073946" lon="113.273079">
        <time>2026-07-10T21:30:13Z</time>
      </trkpt>
      <trkpt lat="23.073884" lon="113.273207">
        <time>2026-07-10T21:30:18Z</time>
      </trkpt>
      <trkpt lat="23.073822" lon="113.273316">
        <time>2026-07-10T21:30:23Z</time>
      </trkpt>
      <trkpt lat="23.073829" lon="113.273303">
        <time>2026-07-10T21:30:28Z</time>
      </trkpt>
      <trkpt lat="23.073868" lon="113.273238">
        <time>2026-07-10T21:30:33Z</time>
      </trkpt>
      <trkpt lat="23.073924" lon="113.273117">
        <time>2026-07-10T21:30:38Z</time>
      </trkpt>
      <trkpt lat="23.073883" lon="113.273011">
        <time>2026-07-10T21:30:43Z</time>
      </trkpt>
      <trkpt lat="23.073802" lon="113.27296">
        <time>2026-07-10T21:30:48Z</time>
      </trkpt>
      <trkpt lat="23.073719" lon="113.272906">
        <time>2026-07-10T21:30:53Z</time>
      </trkpt>
      <trkpt lat="23.073671" lon="113.2728">
        <time>2026-07-10T21:30:58Z</time>
      </trkpt>
      <trkpt lat="23.07372" lon="113.272671">
        <time>2026-07-10T21:31:03Z</time>
      </trkpt>
      <trkpt lat="23.073758" lon="113.272593">
        <time>2026-07-10T21:31:08Z</time>
      </trkpt>
      <trkpt lat="23.073803" lon="113.272516">
        <time>2026-07-10T21:31:13Z</time>
      </trkpt>
      <trkpt lat="23.073877" lon="113.272394">
        <time>2026-07-10T21:31:18Z</time>
      </trkpt>
      <trkpt lat="23.073944" lon="113.27226">
        <time>2026-07-10T21:31:23Z</time>
      </trkpt>
      <trkpt lat="23.073986" lon="113.272178">
        <time>2026-07-10T21:31:28Z</time>
      </trkpt>
      <trkpt lat="23.074028" lon="113.272099">
        <time>2026-07-10T21:31:33Z</time>
      </trkpt>
      <trkpt lat="23.074077" lon="113.271967">
        <time>2026-07-10T21:31:38Z</time>
      </trkpt>
      <trkpt lat="23.074107" lon="113.271832">
        <time>2026-07-10T21:31:43Z</time>
      </trkpt>
      <trkpt lat="23.07406" lon="113.271759">
        <time>2026-07-10T21:31:48Z</time>
      </trkpt>
      <trkpt lat="23.07398" lon="113.271707">
        <time>2026-07-10T21:31:53Z</time>
      </trkpt>
      <trkpt lat="23.073857" lon="113.271641">
        <time>2026-07-10T21:31:58Z</time>
      </trkpt>
      <trkpt lat="23.07376" lon="113.271559">
        <time>2026-07-10T21:32:03Z</time>
      </trkpt>
      <trkpt lat="23.073692" lon="113.271506">
        <time>2026-07-10T21:32:08Z</time>
      </trkpt>
      <trkpt lat="23.07361" lon="113.271464">
        <time>2026-07-10T21:32:13Z</time>
      </trkpt>
      <trkpt lat="23.073487" lon="113.271411">
        <time>2026-07-10T21:32:18Z</time>
      </trkpt>
      <trkpt lat="23.073351" lon="113.27135">
        <time>2026-07-10T21:32:23Z</time>
      </trkpt>
      <trkpt lat="23.073267" lon="113.271265">
        <time>2026-07-10T21:32:28Z</time>
      </trkpt>
      <trkpt lat="23.073175" lon="113.271202">
        <time>2026-07-10T21:32:33Z</time>
      </trkpt>
      <trkpt lat="23.073035" lon="113.271135">
        <time>2026-07-10T21:32:38Z</time>
      </trkpt>
      <trkpt lat="23.07289" lon="113.271054">
        <time>2026-07-10T21:32:43Z</time>
      </trkpt>
      <trkpt lat="23.072787" lon="113.271">
        <time>2026-07-10T21:32:48Z</time>
      </trkpt>
      <trkpt lat="23.072696" lon="113.270944">
        <time>2026-07-10T21:32:53Z</time>
      </trkpt>
      <trkpt lat="23.072541" lon="113.270874">
        <time>2026-07-10T21:32:58Z</time>
      </trkpt>
      <trkpt lat="23.072385" lon="113.270822">
        <time>2026-07-10T21:33:03Z</time>
      </trkpt>
      <trkpt lat="23.072296" lon="113.27079">
        <time>2026-07-10T21:33:08Z</time>
      </trkpt>
      <trkpt lat="23.072208" lon="113.270751">
        <time>2026-07-10T21:33:13Z</time>
      </trkpt>
      <trkpt lat="23.072076" lon="113.27068">
        <time>2026-07-10T21:33:18Z</time>
      </trkpt>
      <trkpt lat="23.071945" lon="113.27059">
        <time>2026-07-10T21:33:23Z</time>
      </trkpt>
      <trkpt lat="23.071858" lon="113.270532">
        <time>2026-07-10T21:33:28Z</time>
      </trkpt>
      <trkpt lat="23.071771" lon="113.270482">
        <time>2026-07-10T21:33:33Z</time>
      </trkpt>
      <trkpt lat="23.071645" lon="113.270421">
        <time>2026-07-10T21:33:38Z</time>
      </trkpt>
      <trkpt lat="23.071513" lon="113.27037">
        <time>2026-07-10T21:33:43Z</time>
      </trkpt>
      <trkpt lat="23.071423" lon="113.270346">
        <time>2026-07-10T21:33:48Z</time>
      </trkpt>
      <trkpt lat="23.071336" lon="113.270307">
        <time>2026-07-10T21:33:53Z</time>
      </trkpt>
      <trkpt lat="23.071198" lon="113.27023">
        <time>2026-07-10T21:33:58Z</time>
      </trkpt>
      <trkpt lat="23.071052" lon="113.270163">
        <time>2026-07-10T21:34:03Z</time>
      </trkpt>
      <trkpt lat="23.070958" lon="113.270119">
        <time>2026-07-10T21:34:08Z</time>
      </trkpt>
      <trkpt lat="23.070882" lon="113.270077">
        <time>2026-07-10T21:34:13Z</time>
      </trkpt>
      <trkpt lat="23.07074" lon="113.270022">
        <time>2026-07-10T21:34:18Z</time>
      </trkpt>
      <trkpt lat="23.070583" lon="113.269952">
        <time>2026-07-10T21:34:23Z</time>
      </trkpt>
      <trkpt lat="23.070481" lon="113.269915">
        <time>2026-07-10T21:34:28Z</time>
      </trkpt>
      <trkpt lat="23.070381" lon="113.269886">
        <time>2026-07-10T21:34:33Z</time>
      </trkpt>
      <trkpt lat="23.070236" lon="113.269814">
        <time>2026-07-10T21:34:38Z</time>
      </trkpt>
      <trkpt lat="23.070102" lon="113.269748">
        <time>2026-07-10T21:34:43Z</time>
      </trkpt>
      <trkpt lat="23.070017" lon="113.269691">
        <time>2026-07-10T21:34:48Z</time>
      </trkpt>
      <trkpt lat="23.069926" lon="113.26965">
        <time>2026-07-10T21:34:53Z</time>
      </trkpt>
      <trkpt lat="23.06978" lon="113.269596">
        <time>2026-07-10T21:34:58Z</time>
      </trkpt>
      <trkpt lat="23.069642" lon="113.269517">
        <time>2026-07-10T21:35:03Z</time>
      </trkpt>
      <trkpt lat="23.069557" lon="113.269456">
        <time>2026-07-10T21:35:08Z</time>
      </trkpt>
      <trkpt lat="23.069475" lon="113.2694">
        <time>2026-07-10T21:35:13Z</time>
      </trkpt>
      <trkpt lat="23.069358" lon="113.269325">
        <time>2026-07-10T21:35:18Z</time>
      </trkpt>
      <trkpt lat="23.069227" lon="113.269239">
        <time>2026-07-10T21:35:23Z</time>
      </trkpt>
      <trkpt lat="23.069137" lon="113.269208">
        <time>2026-07-10T21:35:28Z</time>
      </trkpt>
      <trkpt lat="23.069055" lon="113.26918">
        <time>2026-07-10T21:35:33Z</time>
      </trkpt>
      <trkpt lat="23.068917" lon="113.26913">
        <time>2026-07-10T21:35:38Z</time>
      </trkpt>
      <trkpt lat="23.06877" lon="113.269052">
        <time>2026-07-10T21:35:43Z</time>
      </trkpt>
      <trkpt lat="23.068675" lon="113.269001">
        <time>2026-07-10T21:35:48Z</time>
      </trkpt>
      <trkpt lat="23.068582" lon="113.268958">
        <time>2026-07-10T21:35:53Z</time>
      </trkpt>
      <trkpt lat="23.068446" lon="113.268919">
        <time>2026-07-10T21:35:58Z</time>
      </trkpt>
      <trkpt lat="23.068313" lon="113.268882">
        <time>2026-07-10T21:36:03Z</time>
      </trkpt>
      <trkpt lat="23.068229" lon="113.268844">
        <time>2026-07-10T21:36:08Z</time>
      </trkpt>
      <trkpt lat="23.068146" lon="113.268808">
        <time>2026-07-10T21:36:13Z</time>
      </trkpt>
      <trkpt lat="23.068023" lon="113.268712">
        <time>2026-07-10T21:36:18Z</time>
      </trkpt>
      <trkpt lat="23.06794" lon="113.268551">
        <time>2026-07-10T21:36:23Z</time>
      </trkpt>
      <trkpt lat="23.067856" lon="113.268483">
        <time>2026-07-10T21:36:28Z</time>
      </trkpt>
      <trkpt lat="23.067765" lon="113.268432">
        <time>2026-07-10T21:36:33Z</time>
      </trkpt>
      <trkpt lat="23.067632" lon="113.268365">
        <time>2026-07-10T21:36:38Z</time>
      </trkpt>
      <trkpt lat="23.067481" lon="113.268304">
        <time>2026-07-10T21:36:43Z</time>
      </trkpt>
      <trkpt lat="23.067385" lon="113.268261">
        <time>2026-07-10T21:36:48Z</time>
      </trkpt>
      <trkpt lat="23.067301" lon="113.268208">
        <time>2026-07-10T21:36:53Z</time>
      </trkpt>
      <trkpt lat="23.067167" lon="113.268149">
        <time>2026-07-10T21:36:58Z</time>
      </trkpt>
      <trkpt lat="23.067026" lon="113.2681">
        <time>2026-07-10T21:37:03Z</time>
      </trkpt>
      <trkpt lat="23.066936" lon="113.268064">
        <time>2026-07-10T21:37:08Z</time>
      </trkpt>
      <trkpt lat="23.066838" lon="113.268043">
        <time>2026-07-10T21:37:13Z</time>
      </trkpt>
      <trkpt lat="23.066678" lon="113.268033">
        <time>2026-07-10T21:37:18Z</time>
      </trkpt>
      <trkpt lat="23.066531" lon="113.267998">
        <time>2026-07-10T21:37:23Z</time>
      </trkpt>
      <trkpt lat="23.066431" lon="113.267967">
        <time>2026-07-10T21:37:28Z</time>
      </trkpt>
      <trkpt lat="23.06633" lon="113.267959">
        <time>2026-07-10T21:37:33Z</time>
      </trkpt>
      <trkpt lat="23.066204" lon="113.268021">
        <time>2026-07-10T21:37:38Z</time>
      </trkpt>
      <trkpt lat="23.066097" lon="113.268139">
        <time>2026-07-10T21:37:43Z</time>
      </trkpt>
      <trkpt lat="23.066023" lon="113.268221">
        <time>2026-07-10T21:37:48Z</time>
      </trkpt>
      <trkpt lat="23.065958" lon="113.268303">
        <time>2026-07-10T21:37:53Z</time>
      </trkpt>
      <trkpt lat="23.065863" lon="113.268429">
        <time>2026-07-10T21:37:58Z</time>
      </trkpt>
      <trkpt lat="23.065779" lon="113.268564">
        <time>2026-07-10T21:38:03Z</time>
      </trkpt>
      <trkpt lat="23.065731" lon="113.268658">
        <time>2026-07-10T21:38:08Z</time>
      </trkpt>
      <trkpt lat="23.065683" lon="113.268752">
        <time>2026-07-10T21:38:13Z</time>
      </trkpt>
      <trkpt lat="23.065629" lon="113.268903">
        <time>2026-07-10T21:38:18Z</time>
      </trkpt>
      <trkpt lat="23.065581" lon="113.269062">
        <time>2026-07-10T21:38:23Z</time>
      </trkpt>
      <trkpt lat="23.065552" lon="113.269168">
        <time>2026-07-10T21:38:28Z</time>
      </trkpt>
      <trkpt lat="23.065531" lon="113.269273">
        <time>2026-07-10T21:38:33Z</time>
      </trkpt>
      <trkpt lat="23.065497" lon="113.269428">
        <time>2026-07-10T21:38:38Z</time>
      </trkpt>
      <trkpt lat="23.065459" lon="113.269588">
        <time>2026-07-10T21:38:43Z</time>
      </trkpt>
      <trkpt lat="23.06543" lon="113.269692">
        <time>2026-07-10T21:38:48Z</time>
      </trkpt>
      <trkpt lat="23.0654" lon="113.269794">
        <time>2026-07-10T21:38:53Z</time>
      </trkpt>
      <trkpt lat="23.065348" lon="113.269949">
        <time>2026-07-10T21:38:58Z</time>
      </trkpt>
      <trkpt lat="23.065283" lon="113.270099">
        <time>2026-07-10T21:39:03Z</time>
      </trkpt>
      <trkpt lat="23.065237" lon="113.270201">
        <time>2026-07-10T21:39:08Z</time>
      </trkpt>
      <trkpt lat="23.065191" lon="113.270305">
        <time>2026-07-10T21:39:13Z</time>
      </trkpt>
      <trkpt lat="23.065124" lon="113.270459">
        <time>2026-07-10T21:39:18Z</time>
      </trkpt>
      <trkpt lat="23.065055" lon="113.27061">
        <time>2026-07-10T21:39:23Z</time>
      </trkpt>
      <trkpt lat="23.065013" lon="113.270714">
        <time>2026-07-10T21:39:28Z</time>
      </trkpt>
      <trkpt lat="23.06497" lon="113.270815">
        <time>2026-07-10T21:39:33Z</time>
      </trkpt>
      <trkpt lat="23.064904" lon="113.270966">
        <time>2026-07-10T21:39:38Z</time>
      </trkpt>
      <trkpt lat="23.064832" lon="113.271114">
        <time>2026-07-10T21:39:43Z</time>
      </trkpt>
      <trkpt lat="23.064785" lon="113.271211">
        <time>2026-07-10T21:39:48Z</time>
      </trkpt>
      <trkpt lat="23.06474" lon="113.271309">
        <time>2026-07-10T21:39:53Z</time>
      </trkpt>
      <trkpt lat="23.064668" lon="113.271462">
        <time>2026-07-10T21:39:58Z</time>
      </trkpt>
      <trkpt lat="23.064596" lon="113.27161">
        <time>2026-07-10T21:40:03Z</time>
      </trkpt>
      <trkpt lat="23.064552" lon="113.271707">
        <time>2026-07-10T21:40:08Z</time>
      </trkpt>
      <trkpt lat="23.064511" lon="113.271807">
        <time>2026-07-10T21:40:13Z</time>
      </trkpt>
      <trkpt lat="23.064452" lon="113.271963">
        <time>2026-07-10T21:40:18Z</time>
      </trkpt>
      <trkpt lat="23.064386" lon="113.272115">
        <time>2026-07-10T21:40:23Z</time>
      </trkpt>
      <trkpt lat="23.064348" lon="113.272221">
        <time>2026-07-10T21:40:28Z</time>
      </trkpt>
      <trkpt lat="23.064333" lon="113.272334">
        <time>2026-07-10T21:40:33Z</time>
      </trkpt>
      <trkpt lat="23.064323" lon="113.272498">
        <time>2026-07-10T21:40:38Z</time>
      </trkpt>
      <trkpt lat="23.064332" lon="113.272663">
        <time>2026-07-10T21:40:43Z</time>
      </trkpt>
      <trkpt lat="23.064363" lon="113.272772">
        <time>2026-07-10T21:40:48Z</time>
      </trkpt>
      <trkpt lat="23.064402" lon="113.27288">
        <time>2026-07-10T21:40:53Z</time>
      </trkpt>
      <trkpt lat="23.064453" lon="113.273043">
        <time>2026-07-10T21:40:58Z</time>
      </trkpt>
      <trkpt lat="23.064466" lon="113.273195">
        <time>2026-07-10T21:41:03Z</time>
      </trkpt>
      <trkpt lat="23.064429" lon="113.273287">
        <time>2026-07-10T21:41:08Z</time>
      </trkpt>
      <trkpt lat="23.064358" lon="113.273361">
        <time>2026-07-10T21:41:13Z</time>
      </trkpt>
      <trkpt lat="23.064232" lon="113.273452">
        <time>2026-07-10T21:41:18Z</time>
      </trkpt>
      <trkpt lat="23.064111" lon="113.273543">
        <time>2026-07-10T21:41:23Z</time>
      </trkpt>
      <trkpt lat="23.064031" lon="113.273608">
        <time>2026-07-10T21:41:28Z</time>
      </trkpt>
      <trkpt lat="23.063957" lon="113.273678">
        <time>2026-07-10T21:41:33Z</time>
      </trkpt>
      <trkpt lat="23.063869" lon="113.2738">
        <time>2026-07-10T21:41:38Z</time>
      </trkpt>
      <trkpt lat="23.063784" lon="113.273931">
        <time>2026-07-10T21:41:43Z</time>
      </trkpt>
      <trkpt lat="23.063726" lon="113.27402">
        <time>2026-07-10T21:41:48Z</time>
      </trkpt>
      <trkpt lat="23.063668" lon="113.274094">
        <time>2026-07-10T21:41:53Z</time>
      </trkpt>
      <trkpt lat="23.06356" lon="113.274172">
        <time>2026-07-10T21:41:58Z</time>
      </trkpt>
      <trkpt lat="23.063477" lon="113.2743">
        <time>2026-07-10T21:42:03Z</time>
      </trkpt>
      <trkpt lat="23.063434" lon="113.274392">
        <time>2026-07-10T21:42:08Z</time>
      </trkpt>
      <trkpt lat="23.063398" lon="113.274485">
        <time>2026-07-10T21:42:13Z</time>
      </trkpt>
      <trkpt lat="23.063349" lon="113.27465">
        <time>2026-07-10T21:42:18Z</time>
      </trkpt>
      <trkpt lat="23.063292" lon="113.27481">
        <time>2026-07-10T21:42:23Z</time>
      </trkpt>
      <trkpt lat="23.063256" lon="113.274917">
        <time>2026-07-10T21:42:28Z</time>
      </trkpt>
      <trkpt lat="23.063217" lon="113.27502">
        <time>2026-07-10T21:42:33Z</time>
      </trkpt>
      <trkpt lat="23.063145" lon="113.275157">
        <time>2026-07-10T21:42:38Z</time>
      </trkpt>
      <trkpt lat="23.06307" lon="113.27529">
        <time>2026-07-10T21:42:43Z</time>
      </trkpt>
      <trkpt lat="23.063021" lon="113.27538">
        <time>2026-07-10T21:42:48Z</time>
      </trkpt>
      <trkpt lat="23.062965" lon="113.275467">
        <time>2026-07-10T21:42:53Z</time>
      </trkpt>
      <trkpt lat="23.062874" lon="113.275596">
        <time>2026-07-10T21:42:58Z</time>
      </trkpt>
      <trkpt lat="23.062769" lon="113.275708">
        <time>2026-07-10T21:43:03Z</time>
      </trkpt>
      <trkpt lat="23.062691" lon="113.275782">
        <time>2026-07-10T21:43:08Z</time>
      </trkpt>
      <trkpt lat="23.062616" lon="113.275861">
        <time>2026-07-10T21:43:13Z</time>
      </trkpt>
      <trkpt lat="23.062526" lon="113.27599">
        <time>2026-07-10T21:43:18Z</time>
      </trkpt>
      <trkpt lat="23.062449" lon="113.276132">
        <time>2026-07-10T21:43:23Z</time>
      </trkpt>
      <trkpt lat="23.062406" lon="113.27623">
        <time>2026-07-10T21:43:28Z</time>
      </trkpt>
      <trkpt lat="23.06237" lon="113.27633">
        <time>2026-07-10T21:43:33Z</time>
      </trkpt>
      <trkpt lat="23.062316" lon="113.276481">
        <time>2026-07-10T21:43:38Z</time>
      </trkpt>
      <trkpt lat="23.062262" lon="113.276631">
        <time>2026-07-10T21:43:43Z</time>
      </trkpt>
      <trkpt lat="23.06223" lon="113.276733">
        <time>2026-07-10T21:43:48Z</time>
      </trkpt>
      <trkpt lat="23.062199" lon="113.276831">
        <time>2026-07-10T21:43:53Z</time>
      </trkpt>
      <trkpt lat="23.062144" lon="113.276975">
        <time>2026-07-10T21:43:58Z</time>
      </trkpt>
      <trkpt lat="23.062085" lon="113.277122">
        <time>2026-07-10T21:44:03Z</time>
      </trkpt>
      <trkpt lat="23.062047" lon="113.277225">
        <time>2026-07-10T21:44:08Z</time>
      </trkpt>
      <trkpt lat="23.062007" lon="113.277325">
        <time>2026-07-10T21:44:13Z</time>
      </trkpt>
      <trkpt lat="23.061949" lon="113.277472">
        <time>2026-07-10T21:44:18Z</time>
      </trkpt>
      <trkpt lat="23.061889" lon="113.277614">
        <time>2026-07-10T21:44:23Z</time>
      </trkpt>
      <trkpt lat="23.061849" lon="113.277713">
        <time>2026-07-10T21:44:28Z</time>
      </trkpt>
      <trkpt lat="23.061827" lon="113.277815">
        <time>2026-07-10T21:44:33Z</time>
      </trkpt>
      <trkpt lat="23.061825" lon="113.277964">
        <time>2026-07-10T21:44:38Z</time>
      </trkpt>
      <trkpt lat="23.061833" lon="113.278113">
        <time>2026-07-10T21:44:43Z</time>
      </trkpt>
      <trkpt lat="23.061842" lon="113.278213">
        <time>2026-07-10T21:44:48Z</time>
      </trkpt>
      <trkpt lat="23.061844" lon="113.278312">
        <time>2026-07-10T21:44:53Z</time>
      </trkpt>
      <trkpt lat="23.061854" lon="113.278464">
        <time>2026-07-10T21:44:58Z</time>
      </trkpt>
      <trkpt lat="23.061855" lon="113.278615">
        <time>2026-07-10T21:45:03Z</time>
      </trkpt>
      <trkpt lat="23.06184" lon="113.278712">
        <time>2026-07-10T21:45:08Z</time>
      </trkpt>
      <trkpt lat="23.061777" lon="113.278751">
        <time>2026-07-10T21:45:13Z</time>
      </trkpt>
      <trkpt lat="23.061699" lon="113.278843">
        <time>2026-07-10T21:45:18Z</time>
      </trkpt>
      <trkpt lat="23.061638" lon="113.27898">
        <time>2026-07-10T21:45:23Z</time>
      </trkpt>
      <trkpt lat="23.061593" lon="113.279075">
        <time>2026-07-10T21:45:28Z</time>
      </trkpt>
      <trkpt lat="23.061554" lon="113.279168">
        <time>2026-07-10T21:45:33Z</time>
      </trkpt>
      <trkpt lat="23.061514" lon="113.279288">
        <time>2026-07-10T21:45:38Z</time>
      </trkpt>
      <trkpt lat="23.06146" lon="113.279437">
        <time>2026-07-10T21:45:43Z</time>
      </trkpt>
      <trkpt lat="23.061418" lon="113.279529">
        <time>2026-07-10T21:45:48Z</time>
      </trkpt>
      <trkpt lat="23.061375" lon="113.279622">
        <time>2026-07-10T21:45:53Z</time>
      </trkpt>
      <trkpt lat="23.061316" lon="113.279768">
        <time>2026-07-10T21:45:58Z</time>
      </trkpt>
      <trkpt lat="23.061252" lon="113.279918">
        <time>2026-07-10T21:46:03Z</time>
      </trkpt>
      <trkpt lat="23.061206" lon="113.280018">
        <time>2026-07-10T21:46:08Z</time>
      </trkpt>
      <trkpt lat="23.061162" lon="113.280122">
        <time>2026-07-10T21:46:13Z</time>
      </trkpt>
      <trkpt lat="23.061106" lon="113.280284">
        <time>2026-07-10T21:46:18Z</time>
      </trkpt>
      <trkpt lat="23.061057" lon="113.280445">
        <time>2026-07-10T21:46:23Z</time>
      </trkpt>
      <trkpt lat="23.061015" lon="113.280548">
        <time>2026-07-10T21:46:28Z</time>
      </trkpt>
      <trkpt lat="23.060965" lon="113.280644">
        <time>2026-07-10T21:46:33Z</time>
      </trkpt>
      <trkpt lat="23.060896" lon="113.280798">
        <time>2026-07-10T21:46:38Z</time>
      </trkpt>
      <trkpt lat="23.060834" lon="113.280945">
        <time>2026-07-10T21:46:43Z</time>
      </trkpt>
      <trkpt lat="23.060791" lon="113.281041">
        <time>2026-07-10T21:46:48Z</time>
      </trkpt>
      <trkpt lat="23.060747" lon="113.281135">
        <time>2026-07-10T21:46:53Z</time>
      </trkpt>
      <trkpt lat="23.060683" lon="113.281279">
        <time>2026-07-10T21:46:58Z</time>
      </trkpt>
      <trkpt lat="23.060629" lon="113.281414">
        <time>2026-07-10T21:47:03Z</time>
      </trkpt>
      <trkpt lat="23.060588" lon="113.281502">
        <time>2026-07-10T21:47:08Z</time>
      </trkpt>
      <trkpt lat="23.060546" lon="113.281591">
        <time>2026-07-10T21:47:13Z</time>
      </trkpt>
      <trkpt lat="23.060483" lon="113.281726">
        <time>2026-07-10T21:47:18Z</time>
      </trkpt>
      <trkpt lat="23.060426" lon="113.281874">
        <time>2026-07-10T21:47:23Z</time>
      </trkpt>
      <trkpt lat="23.060383" lon="113.281971">
        <time>2026-07-10T21:47:28Z</time>
      </trkpt>
      <trkpt lat="23.060338" lon="113.282066">
        <time>2026-07-10T21:47:33Z</time>
      </trkpt>
      <trkpt lat="23.060283" lon="113.282212">
        <time>2026-07-10T21:47:38Z</time>
      </trkpt>
      <trkpt lat="23.060221" lon="113.282359">
        <time>2026-07-10T21:47:43Z</time>
      </trkpt>
      <trkpt lat="23.060181" lon="113.282457">
        <time>2026-07-10T21:47:48Z</time>
      </trkpt>
      <trkpt lat="23.060137" lon="113.282551">
        <time>2026-07-10T21:47:53Z</time>
      </trkpt>
      <trkpt lat="23.060072" lon="113.282694">
        <time>2026-07-10T21:47:58Z</time>
      </trkpt>
      <trkpt lat="23.060012" lon="113.28283">
        <time>2026-07-10T21:48:03Z</time>
      </trkpt>
      <trkpt lat="23.059974" lon="113.282919">
        <time>2026-07-10T21:48:08Z</time>
      </trkpt>
      <trkpt lat="23.059931" lon="113.283006">
        <time>2026-07-10T21:48:13Z</time>
      </trkpt>
      <trkpt lat="23.059856" lon="113.283151">
        <time>2026-07-10T21:48:18Z</time>
      </trkpt>
      <trkpt lat="23.059795" lon="113.28331">
        <time>2026-07-10T21:48:23Z</time>
      </trkpt>
      <trkpt lat="23.059752" lon="113.28341">
        <time>2026-07-10T21:48:28Z</time>
      </trkpt>
      <trkpt lat="23.059709" lon="113.283503">
        <time>2026-07-10T21:48:33Z</time>
      </trkpt>
      <trkpt lat="23.059647" lon="113.283646">
        <time>2026-07-10T21:48:38Z</time>
      </trkpt>
      <trkpt lat="23.059586" lon="113.283796">
        <time>2026-07-10T21:48:43Z</time>
      </trkpt>
      <trkpt lat="23.059544" lon="113.283892">
        <time>2026-07-10T21:48:48Z</time>
      </trkpt>
      <trkpt lat="23.059503" lon="113.283986">
        <time>2026-07-10T21:48:53Z</time>
      </trkpt>
      <trkpt lat="23.059428" lon="113.284125">
        <time>2026-07-10T21:48:58Z</time>
      </trkpt>
      <trkpt lat="23.059359" lon="113.284259">
        <time>2026-07-10T21:49:03Z</time>
      </trkpt>
      <trkpt lat="23.05932" lon="113.284352">
        <time>2026-07-10T21:49:08Z</time>
      </trkpt>
      <trkpt lat="23.05929" lon="113.284451">
        <time>2026-07-10T21:49:13Z</time>
      </trkpt>
      <trkpt lat="23.059274" lon="113.284611">
        <time>2026-07-10T21:49:18Z</time>
      </trkpt>
      <trkpt lat="23.059222" lon="113.284759">
        <time>2026-07-10T21:49:23Z</time>
      </trkpt>
      <trkpt lat="23.059186" lon="113.28486">
        <time>2026-07-10T21:49:28Z</time>
      </trkpt>
      <trkpt lat="23.059143" lon="113.284957">
        <time>2026-07-10T21:49:33Z</time>
      </trkpt>
      <trkpt lat="23.059082" lon="113.285097">
        <time>2026-07-10T21:49:38Z</time>
      </trkpt>
      <trkpt lat="23.059026" lon="113.285233">
        <time>2026-07-10T21:49:43Z</time>
      </trkpt>
      <trkpt lat="23.058988" lon="113.285335">
        <time>2026-07-10T21:49:48Z</time>
      </trkpt>
      <trkpt lat="23.058945" lon="113.285432">
        <time>2026-07-10T21:49:53Z</time>
      </trkpt>
      <trkpt lat="23.058882" lon="113.285576">
        <time>2026-07-10T21:49:58Z</time>
      </trkpt>
      <trkpt lat="23.058817" lon="113.285726">
        <time>2026-07-10T21:50:03Z</time>
      </trkpt>
      <trkpt lat="23.058778" lon="113.285822">
        <time>2026-07-10T21:50:08Z</time>
      </trkpt>
      <trkpt lat="23.058741" lon="113.285917">
        <time>2026-07-10T21:50:13Z</time>
      </trkpt>
      <trkpt lat="23.058677" lon="113.286061">
        <time>2026-07-10T21:50:18Z</time>
      </trkpt>
      <trkpt lat="23.058665" lon="113.286215">
        <time>2026-07-10T21:50:23Z</time>
      </trkpt>
      <trkpt lat="23.058715" lon="113.286298">
        <time>2026-07-10T21:50:28Z</time>
      </trkpt>
      <trkpt lat="23.058804" lon="113.286336">
        <time>2026-07-10T21:50:33Z</time>
      </trkpt>
      <trkpt lat="23.058945" lon="113.286365">
        <time>2026-07-10T21:50:38Z</time>
      </trkpt>
      <trkpt lat="23.059074" lon="113.286385">
        <time>2026-07-10T21:50:43Z</time>
      </trkpt>
      <trkpt lat="23.059164" lon="113.286395">
        <time>2026-07-10T21:50:48Z</time>
      </trkpt>
      <trkpt lat="23.059261" lon="113.286405">
        <time>2026-07-10T21:50:53Z</time>
      </trkpt>
      <trkpt lat="23.0594" lon="113.286416">
        <time>2026-07-10T21:50:58Z</time>
      </trkpt>
      <trkpt lat="23.05954" lon="113.286438">
        <time>2026-07-10T21:51:03Z</time>
      </trkpt>
      <trkpt lat="23.059635" lon="113.286448">
        <time>2026-07-10T21:51:08Z</time>
      </trkpt>
      <trkpt lat="23.059726" lon="113.286459">
        <time>2026-07-10T21:51:13Z</time>
      </trkpt>
      <trkpt lat="23.059867" lon="113.286456">
        <time>2026-07-10T21:51:18Z</time>
      </trkpt>
      <trkpt lat="23.059998" lon="113.286444">
        <time>2026-07-10T21:51:23Z</time>
      </trkpt>
      <trkpt lat="23.060077" lon="113.28649">
        <time>2026-07-10T21:51:28Z</time>
      </trkpt>
      <trkpt lat="23.060137" lon="113.2866">
        <time>2026-07-10T21:51:33Z</time>
      </trkpt>
      <trkpt lat="23.060168" lon="113.286809">
        <time>2026-07-10T21:51:38Z</time>
      </trkpt>
      <trkpt lat="23.060201" lon="113.286981">
        <time>2026-07-10T21:51:43Z</time>
      </trkpt>
      <trkpt lat="23.060228" lon="113.287081">
        <time>2026-07-10T21:51:48Z</time>
      </trkpt>
      <trkpt lat="23.06024" lon="113.287184">
        <time>2026-07-10T21:51:53Z</time>
      </trkpt>
      <trkpt lat="23.060278" lon="113.287349">
        <time>2026-07-10T21:51:58Z</time>
      </trkpt>
      <trkpt lat="23.060326" lon="113.287513">
        <time>2026-07-10T21:52:03Z</time>
      </trkpt>
      <trkpt lat="23.060339" lon="113.28762">
        <time>2026-07-10T21:52:08Z</time>
      </trkpt>
      <trkpt lat="23.060353" lon="113.287719">
        <time>2026-07-10T21:52:13Z</time>
      </trkpt>
      <trkpt lat="23.060311" lon="113.287909">
        <time>2026-07-10T21:52:18Z</time>
      </trkpt>
      <trkpt lat="23.060324" lon="113.287871">
        <time>2026-07-10T21:52:23Z</time>
      </trkpt>
      <trkpt lat="23.060307" lon="113.287742">
        <time>2026-07-10T21:52:28Z</time>
      </trkpt>
      <trkpt lat="23.060284" lon="113.287616">
        <time>2026-07-10T21:52:33Z</time>
      </trkpt>
      <trkpt lat="23.06026" lon="113.287425">
        <time>2026-07-10T21:52:38Z</time>
      </trkpt>
      <trkpt lat="23.060231" lon="113.287256">
        <time>2026-07-10T21:52:43Z</time>
      </trkpt>
      <trkpt lat="23.060202" lon="113.287147">
        <time>2026-07-10T21:52:48Z</time>
      </trkpt>
      <trkpt lat="23.060175" lon="113.287041">
        <time>2026-07-10T21:52:53Z</time>
      </trkpt>
      <trkpt lat="23.060165" lon="113.286871">
        <time>2026-07-10T21:52:58Z</time>
      </trkpt>
      <trkpt lat="23.060157" lon="113.286707">
        <time>2026-07-10T21:53:03Z</time>
      </trkpt>
      <trkpt lat="23.060143" lon="113.286608">
        <time>2026-07-10T21:53:08Z</time>
      </trkpt>
      <trkpt lat="23.060174" lon="113.286509">
        <time>2026-07-10T21:53:13Z</time>
      </trkpt>
      <trkpt lat="23.060331" lon="113.286412">
        <time>2026-07-10T21:53:18Z</time>
      </trkpt>
      <trkpt lat="23.060463" lon="113.286318">
        <time>2026-07-10T21:53:23Z</time>
      </trkpt>
      <trkpt lat="23.0605" lon="113.286238">
        <time>2026-07-10T21:53:28Z</time>
      </trkpt>
      <trkpt lat="23.060512" lon="113.286157">
        <time>2026-07-10T21:53:33Z</time>
      </trkpt>
      <trkpt lat="23.060514" lon="113.286002">
        <time>2026-07-10T21:53:38Z</time>
      </trkpt>
      <trkpt lat="23.060513" lon="113.285833">
        <time>2026-07-10T21:53:43Z</time>
      </trkpt>
      <trkpt lat="23.060523" lon="113.285724">
        <time>2026-07-10T21:53:48Z</time>
      </trkpt>
      <trkpt lat="23.06053" lon="113.285616">
        <time>2026-07-10T21:53:53Z</time>
      </trkpt>
      <trkpt lat="23.060556" lon="113.285445">
        <time>2026-07-10T21:53:58Z</time>
      </trkpt>
      <trkpt lat="23.060561" lon="113.285294">
        <time>2026-07-10T21:54:03Z</time>
      </trkpt>
      <trkpt lat="23.060572" lon="113.285187">
        <time>2026-07-10T21:54:08Z</time>
      </trkpt>
      <trkpt lat="23.060588" lon="113.285082">
        <time>2026-07-10T21:54:13Z</time>
      </trkpt>
      <trkpt lat="23.060606" lon="113.28493">
        <time>2026-07-10T21:54:18Z</time>
      </trkpt>
      <trkpt lat="23.06062" lon="113.284778">
        <time>2026-07-10T21:54:23Z</time>
      </trkpt>
      <trkpt lat="23.060628" lon="113.284667">
        <time>2026-07-10T21:54:28Z</time>
      </trkpt>
      <trkpt lat="23.060639" lon="113.284557">
        <time>2026-07-10T21:54:33Z</time>
      </trkpt>
      <trkpt lat="23.060656" lon="113.284405">
        <time>2026-07-10T21:54:38Z</time>
      </trkpt>
      <trkpt lat="23.060659" lon="113.284264">
        <time>2026-07-10T21:54:43Z</time>
      </trkpt>
      <trkpt lat="23.060664" lon="113.284163">
        <time>2026-07-10T21:54:48Z</time>
      </trkpt>
      <trkpt lat="23.060669" lon="113.284058">
        <time>2026-07-10T21:54:53Z</time>
      </trkpt>
      <trkpt lat="23.060676" lon="113.28391">
        <time>2026-07-10T21:54:58Z</time>
      </trkpt>
      <trkpt lat="23.060633" lon="113.283755">
        <time>2026-07-10T21:55:03Z</time>
      </trkpt>
      <trkpt lat="23.060589" lon="113.283691">
        <time>2026-07-10T21:55:08Z</time>
      </trkpt>
      <trkpt lat="23.06051" lon="113.283677">
        <time>2026-07-10T21:55:13Z</time>
      </trkpt>
      <trkpt lat="23.060361" lon="113.283657">
        <time>2026-07-10T21:55:18Z</time>
      </trkpt>
      <trkpt lat="23.060218" lon="113.283631">
        <time>2026-07-10T21:55:23Z</time>
      </trkpt>
      <trkpt lat="23.060116" lon="113.283612">
        <time>2026-07-10T21:55:28Z</time>
      </trkpt>
      <trkpt lat="23.060009" lon="113.283589">
        <time>2026-07-10T21:55:33Z</time>
      </trkpt>
      <trkpt lat="23.059901" lon="113.283484">
        <time>2026-07-10T21:55:38Z</time>
      </trkpt>
      <trkpt lat="23.059928" lon="113.283324">
        <time>2026-07-10T21:55:43Z</time>
      </trkpt>
      <trkpt lat="23.059978" lon="113.283231">
        <time>2026-07-10T21:55:48Z</time>
      </trkpt>
      <trkpt lat="23.060024" lon="113.28314">
        <time>2026-07-10T21:55:53Z</time>
      </trkpt>
      <trkpt lat="23.060087" lon="113.283007">
        <time>2026-07-10T21:55:58Z</time>
      </trkpt>
      <trkpt lat="23.060151" lon="113.282869">
        <time>2026-07-10T21:56:03Z</time>
      </trkpt>
      <trkpt lat="23.060193" lon="113.282775">
        <time>2026-07-10T21:56:08Z</time>
      </trkpt>
      <trkpt lat="23.060235" lon="113.282682">
        <time>2026-07-10T21:56:13Z</time>
      </trkpt>
      <trkpt lat="23.060298" lon="113.282535">
        <time>2026-07-10T21:56:18Z</time>
      </trkpt>
      <trkpt lat="23.060361" lon="113.282377">
        <time>2026-07-10T21:56:23Z</time>
      </trkpt>
      <trkpt lat="23.060401" lon="113.282278">
        <time>2026-07-10T21:56:28Z</time>
      </trkpt>
      <trkpt lat="23.060435" lon="113.282182">
        <time>2026-07-10T21:56:33Z</time>
      </trkpt>
      <trkpt lat="23.060484" lon="113.282045">
        <time>2026-07-10T21:56:38Z</time>
      </trkpt>
      <trkpt lat="23.060552" lon="113.281918">
        <time>2026-07-10T21:56:43Z</time>
      </trkpt>
      <trkpt lat="23.060596" lon="113.281836">
        <time>2026-07-10T21:56:48Z</time>
      </trkpt>
      <trkpt lat="23.06064" lon="113.281744">
        <time>2026-07-10T21:56:53Z</time>
      </trkpt>
      <trkpt lat="23.060701" lon="113.281591">
        <time>2026-07-10T21:56:58Z</time>
      </trkpt>
      <trkpt lat="23.060763" lon="113.281449">
        <time>2026-07-10T21:57:03Z</time>
      </trkpt>
      <trkpt lat="23.060803" lon="113.281355">
        <time>2026-07-10T21:57:08Z</time>
      </trkpt>
      <trkpt lat="23.060843" lon="113.281261">
        <time>2026-07-10T21:57:13Z</time>
      </trkpt>
      <trkpt lat="23.060901" lon="113.28112">
        <time>2026-07-10T21:57:18Z</time>
      </trkpt>
      <trkpt lat="23.060963" lon="113.280976">
        <time>2026-07-10T21:57:23Z</time>
      </trkpt>
      <trkpt lat="23.061004" lon="113.280879">
        <time>2026-07-10T21:57:28Z</time>
      </trkpt>
      <trkpt lat="23.061043" lon="113.280783">
        <time>2026-07-10T21:57:33Z</time>
      </trkpt>
      <trkpt lat="23.061114" lon="113.280629">
        <time>2026-07-10T21:57:38Z</time>
      </trkpt>
      <trkpt lat="23.06118" lon="113.280482">
        <time>2026-07-10T21:57:43Z</time>
      </trkpt>
      <trkpt lat="23.061225" lon="113.280387">
        <time>2026-07-10T21:57:48Z</time>
      </trkpt>
      <trkpt lat="23.06127" lon="113.280289">
        <time>2026-07-10T21:57:53Z</time>
      </trkpt>
      <trkpt lat="23.06134" lon="113.28015">
        <time>2026-07-10T21:57:58Z</time>
      </trkpt>
      <trkpt lat="23.061393" lon="113.28">
        <time>2026-07-10T21:58:03Z</time>
      </trkpt>
      <trkpt lat="23.061422" lon="113.279901">
        <time>2026-07-10T21:58:08Z</time>
      </trkpt>
      <trkpt lat="23.061457" lon="113.279805">
        <time>2026-07-10T21:58:13Z</time>
      </trkpt>
      <trkpt lat="23.061506" lon="113.279668">
        <time>2026-07-10T21:58:18Z</time>
      </trkpt>
      <trkpt lat="23.061566" lon="113.279535">
        <time>2026-07-10T21:58:23Z</time>
      </trkpt>
      <trkpt lat="23.06161" lon="113.27944">
        <time>2026-07-10T21:58:28Z</time>
      </trkpt>
      <trkpt lat="23.061648" lon="113.279341">
        <time>2026-07-10T21:58:33Z</time>
      </trkpt>
      <trkpt lat="23.061704" lon="113.279205">
        <time>2026-07-10T21:58:38Z</time>
      </trkpt>
      <trkpt lat="23.061777" lon="113.279077">
        <time>2026-07-10T21:58:43Z</time>
      </trkpt>
      <trkpt lat="23.061837" lon="113.279">
        <time>2026-07-10T21:58:48Z</time>
      </trkpt>
      <trkpt lat="23.061902" lon="113.278924">
        <time>2026-07-10T21:58:53Z</time>
      </trkpt>
      <trkpt lat="23.061961" lon="113.278781">
        <time>2026-07-10T21:58:58Z</time>
      </trkpt>
      <trkpt lat="23.061971" lon="113.27862">
        <time>2026-07-10T21:59:03Z</time>
      </trkpt>
      <trkpt lat="23.061967" lon="113.27851">
        <time>2026-07-10T21:59:08Z</time>
      </trkpt>
      <trkpt lat="23.061958" lon="113.278399">
        <time>2026-07-10T21:59:13Z</time>
      </trkpt>
      <trkpt lat="23.061946" lon="113.27823">
        <time>2026-07-10T21:59:18Z</time>
      </trkpt>
      <trkpt lat="23.06194" lon="113.278068">
        <time>2026-07-10T21:59:23Z</time>
      </trkpt>
      <trkpt lat="23.061936" lon="113.277958">
        <time>2026-07-10T21:59:28Z</time>
      </trkpt>
      <trkpt lat="23.061939" lon="113.277847">
        <time>2026-07-10T21:59:33Z</time>
      </trkpt>
      <trkpt lat="23.061963" lon="113.277689">
        <time>2026-07-10T21:59:38Z</time>
      </trkpt>
      <trkpt lat="23.062018" lon="113.277541">
        <time>2026-07-10T21:59:43Z</time>
      </trkpt>
      <trkpt lat="23.06206" lon="113.27744">
        <time>2026-07-10T21:59:48Z</time>
      </trkpt>
      <trkpt lat="23.062101" lon="113.277344">
        <time>2026-07-10T21:59:53Z</time>
      </trkpt>
      <trkpt lat="23.062149" lon="113.277197">
        <time>2026-07-10T21:59:58Z</time>
      </trkpt>
      <trkpt lat="23.062199" lon="113.277052">
        <time>2026-07-10T22:00:03Z</time>
      </trkpt>
      <trkpt lat="23.062247" lon="113.276956">
        <time>2026-07-10T22:00:08Z</time>
      </trkpt>
      <trkpt lat="23.062289" lon="113.276852">
        <time>2026-07-10T22:00:13Z</time>
      </trkpt>
      <trkpt lat="23.06235" lon="113.276698">
        <time>2026-07-10T22:00:18Z</time>
      </trkpt>
      <trkpt lat="23.062401" lon="113.276549">
        <time>2026-07-10T22:00:23Z</time>
      </trkpt>
      <trkpt lat="23.062436" lon="113.276451">
        <time>2026-07-10T22:00:28Z</time>
      </trkpt>
      <trkpt lat="23.062475" lon="113.276353">
        <time>2026-07-10T22:00:33Z</time>
      </trkpt>
      <trkpt lat="23.062537" lon="113.2762">
        <time>2026-07-10T22:00:38Z</time>
      </trkpt>
      <trkpt lat="23.062618" lon="113.27606">
        <time>2026-07-10T22:00:43Z</time>
      </trkpt>
      <trkpt lat="23.062682" lon="113.27597">
        <time>2026-07-10T22:00:48Z</time>
      </trkpt>
      <trkpt lat="23.062744" lon="113.275876">
        <time>2026-07-10T22:00:53Z</time>
      </trkpt>
      <trkpt lat="23.062848" lon="113.275755">
        <time>2026-07-10T22:00:58Z</time>
      </trkpt>
      <trkpt lat="23.062963" lon="113.275641">
        <time>2026-07-10T22:01:03Z</time>
      </trkpt>
      <trkpt lat="23.063035" lon="113.275564">
        <time>2026-07-10T22:01:08Z</time>
      </trkpt>
      <trkpt lat="23.063095" lon="113.275483">
        <time>2026-07-10T22:01:13Z</time>
      </trkpt>
      <trkpt lat="23.063178" lon="113.275348">
        <time>2026-07-10T22:01:18Z</time>
      </trkpt>
      <trkpt lat="23.063262" lon="113.275211">
        <time>2026-07-10T22:01:23Z</time>
      </trkpt>
      <trkpt lat="23.063321" lon="113.275124">
        <time>2026-07-10T22:01:28Z</time>
      </trkpt>
      <trkpt lat="23.063367" lon="113.275029">
        <time>2026-07-10T22:01:33Z</time>
      </trkpt>
      <trkpt lat="23.063412" lon="113.274878">
        <time>2026-07-10T22:01:38Z</time>
      </trkpt>
      <trkpt lat="23.063458" lon="113.274738">
        <time>2026-07-10T22:01:43Z</time>
      </trkpt>
      <trkpt lat="23.063492" lon="113.274644">
        <time>2026-07-10T22:01:48Z</time>
      </trkpt>
      <trkpt lat="23.063526" lon="113.274536">
        <time>2026-07-10T22:01:53Z</time>
      </trkpt>
      <trkpt lat="23.063586" lon="113.274394">
        <time>2026-07-10T22:01:58Z</time>
      </trkpt>
      <trkpt lat="23.063661" lon="113.274292">
        <time>2026-07-10T22:02:03Z</time>
      </trkpt>
      <trkpt lat="23.063728" lon="113.274226">
        <time>2026-07-10T22:02:08Z</time>
      </trkpt>
      <trkpt lat="23.063801" lon="113.274163">
        <time>2026-07-10T22:02:13Z</time>
      </trkpt>
      <trkpt lat="23.063885" lon="113.274045">
        <time>2026-07-10T22:02:18Z</time>
      </trkpt>
      <trkpt lat="23.06396" lon="113.273901">
        <time>2026-07-10T22:02:23Z</time>
      </trkpt>
      <trkpt lat="23.064019" lon="113.273813">
        <time>2026-07-10T22:02:28Z</time>
      </trkpt>
      <trkpt lat="23.064086" lon="113.273736">
        <time>2026-07-10T22:02:33Z</time>
      </trkpt>
      <trkpt lat="23.06419" lon="113.273643">
        <time>2026-07-10T22:02:38Z</time>
      </trkpt>
      <trkpt lat="23.0643" lon="113.27355">
        <time>2026-07-10T22:02:43Z</time>
      </trkpt>
      <trkpt lat="23.064379" lon="113.273489">
        <time>2026-07-10T22:02:48Z</time>
      </trkpt>
      <trkpt lat="23.064453" lon="113.273423">
        <time>2026-07-10T22:02:53Z</time>
      </trkpt>
      <trkpt lat="23.064548" lon="113.273309">
        <time>2026-07-10T22:02:58Z</time>
      </trkpt>
      <trkpt lat="23.064593" lon="113.273162">
        <time>2026-07-10T22:03:03Z</time>
      </trkpt>
      <trkpt lat="23.064579" lon="113.273051">
        <time>2026-07-10T22:03:08Z</time>
      </trkpt>
      <trkpt lat="23.064542" lon="113.272942">
        <time>2026-07-10T22:03:13Z</time>
      </trkpt>
      <trkpt lat="23.064483" lon="113.272789">
        <time>2026-07-10T22:03:18Z</time>
      </trkpt>
      <trkpt lat="23.06445" lon="113.272637">
        <time>2026-07-10T22:03:23Z</time>
      </trkpt>
      <trkpt lat="23.064466" lon="113.272537">
        <time>2026-07-10T22:03:28Z</time>
      </trkpt>
      <trkpt lat="23.064535" lon="113.272472">
        <time>2026-07-10T22:03:33Z</time>
      </trkpt>
      <trkpt lat="23.064673" lon="113.272497">
        <time>2026-07-10T22:03:38Z</time>
      </trkpt>
      <trkpt lat="23.064814" lon="113.272542">
        <time>2026-07-10T22:03:43Z</time>
      </trkpt>
      <trkpt lat="23.064908" lon="113.272565">
        <time>2026-07-10T22:03:48Z</time>
      </trkpt>
      <trkpt lat="23.064999" lon="113.272589">
        <time>2026-07-10T22:03:53Z</time>
      </trkpt>
      <trkpt lat="23.065139" lon="113.272628">
        <time>2026-07-10T22:03:58Z</time>
      </trkpt>
      <trkpt lat="23.065277" lon="113.27266">
        <time>2026-07-10T22:04:03Z</time>
      </trkpt>
      <trkpt lat="23.065365" lon="113.272684">
        <time>2026-07-10T22:04:08Z</time>
      </trkpt>
      <trkpt lat="23.06545" lon="113.272705">
        <time>2026-07-10T22:04:13Z</time>
      </trkpt>
      <trkpt lat="23.065595" lon="113.272755">
        <time>2026-07-10T22:04:18Z</time>
      </trkpt>
      <trkpt lat="23.065752" lon="113.272797">
        <time>2026-07-10T22:04:23Z</time>
      </trkpt>
      <trkpt lat="23.065851" lon="113.272815">
        <time>2026-07-10T22:04:28Z</time>
      </trkpt>
      <trkpt lat="23.065951" lon="113.272828">
        <time>2026-07-10T22:04:33Z</time>
      </trkpt>
      <trkpt lat="23.066099" lon="113.272824">
        <time>2026-07-10T22:04:38Z</time>
      </trkpt>
      <trkpt lat="23.066229" lon="113.272771">
        <time>2026-07-10T22:04:43Z</time>
      </trkpt>
      <trkpt lat="23.066309" lon="113.272707">
        <time>2026-07-10T22:04:48Z</time>
      </trkpt>
      <trkpt lat="23.066393" lon="113.272663">
        <time>2026-07-10T22:04:53Z</time>
      </trkpt>
      <trkpt lat="23.066475" lon="113.272572">
        <time>2026-07-10T22:04:58Z</time>
      </trkpt>
      <trkpt lat="23.066468" lon="113.272403">
        <time>2026-07-10T22:05:03Z</time>
      </trkpt>
      <trkpt lat="23.066456" lon="113.272282">
        <time>2026-07-10T22:05:08Z</time>
      </trkpt>
      <trkpt lat="23.066444" lon="113.272176">
        <time>2026-07-10T22:05:13Z</time>
      </trkpt>
      <trkpt lat="23.066446" lon="113.272029">
        <time>2026-07-10T22:05:18Z</time>
      </trkpt>
      <trkpt lat="23.066455" lon="113.271877">
        <time>2026-07-10T22:05:23Z</time>
      </trkpt>
      <trkpt lat="23.06645" lon="113.271778">
        <time>2026-07-10T22:05:28Z</time>
      </trkpt>
      <trkpt lat="23.066461" lon="113.271672">
        <time>2026-07-10T22:05:33Z</time>
      </trkpt>
      <trkpt lat="23.066441" lon="113.271514">
        <time>2026-07-10T22:05:38Z</time>
      </trkpt>
      <trkpt lat="23.066307" lon="113.271415">
        <time>2026-07-10T22:05:43Z</time>
      </trkpt>
      <trkpt lat="23.066214" lon="113.271384">
        <time>2026-07-10T22:05:48Z</time>
      </trkpt>
      <trkpt lat="23.066122" lon="113.271346">
        <time>2026-07-10T22:05:53Z</time>
      </trkpt>
      <trkpt lat="23.065981" lon="113.271281">
        <time>2026-07-10T22:05:58Z</time>
      </trkpt>
      <trkpt lat="23.065837" lon="113.271263">
        <time>2026-07-10T22:06:03Z</time>
      </trkpt>
      <trkpt lat="23.065744" lon="113.271247">
        <time>2026-07-10T22:06:08Z</time>
      </trkpt>
      <trkpt lat="23.06564" lon="113.271224">
        <time>2026-07-10T22:06:13Z</time>
      </trkpt>
      <trkpt lat="23.06549" lon="113.271181">
        <time>2026-07-10T22:06:18Z</time>
      </trkpt>
      <trkpt lat="23.065347" lon="113.271132">
        <time>2026-07-10T22:06:23Z</time>
      </trkpt>
      <trkpt lat="23.065264" lon="113.27109">
        <time>2026-07-10T22:06:28Z</time>
      </trkpt>
      <trkpt lat="23.065191" lon="113.271015">
        <time>2026-07-10T22:06:33Z</time>
      </trkpt>
      <trkpt lat="23.065149" lon="113.270871">
        <time>2026-07-10T22:06:38Z</time>
      </trkpt>
      <trkpt lat="23.065217" lon="113.270728">
        <time>2026-07-10T22:06:43Z</time>
      </trkpt>
      <trkpt lat="23.065274" lon="113.27063">
        <time>2026-07-10T22:06:48Z</time>
      </trkpt>
      <trkpt lat="23.065319" lon="113.270529">
        <time>2026-07-10T22:06:53Z</time>
      </trkpt>
      <trkpt lat="23.065385" lon="113.270385">
        <time>2026-07-10T22:06:58Z</time>
      </trkpt>
      <trkpt lat="23.065452" lon="113.270251">
        <time>2026-07-10T22:07:03Z</time>
      </trkpt>
      <trkpt lat="23.065495" lon="113.270157">
        <time>2026-07-10T22:07:08Z</time>
      </trkpt>
      <trkpt lat="23.065533" lon="113.270064">
        <time>2026-07-10T22:07:13Z</time>
      </trkpt>
      <trkpt lat="23.065583" lon="113.269922">
        <time>2026-07-10T22:07:18Z</time>
      </trkpt>
      <trkpt lat="23.065622" lon="113.26977">
        <time>2026-07-10T22:07:23Z</time>
      </trkpt>
      <trkpt lat="23.065652" lon="113.269669">
        <time>2026-07-10T22:07:28Z</time>
      </trkpt>
      <trkpt lat="23.065696" lon="113.269578">
        <time>2026-07-10T22:07:33Z</time>
      </trkpt>
      <trkpt lat="23.065743" lon="113.269434">
        <time>2026-07-10T22:07:38Z</time>
      </trkpt>
      <trkpt lat="23.065778" lon="113.269271">
        <time>2026-07-10T22:07:43Z</time>
      </trkpt>
      <trkpt lat="23.065808" lon="113.269164">
        <time>2026-07-10T22:07:48Z</time>
      </trkpt>
      <trkpt lat="23.065842" lon="113.269061">
        <time>2026-07-10T22:07:53Z</time>
      </trkpt>
      <trkpt lat="23.065904" lon="113.268918">
        <time>2026-07-10T22:07:58Z</time>
      </trkpt>
      <trkpt lat="23.065967" lon="113.268777">
        <time>2026-07-10T22:08:03Z</time>
      </trkpt>
      <trkpt lat="23.06601" lon="113.268681">
        <time>2026-07-10T22:08:08Z</time>
      </trkpt>
      <trkpt lat="23.06606" lon="113.26859">
        <time>2026-07-10T22:08:13Z</time>
      </trkpt>
      <trkpt lat="23.066146" lon="113.268456">
        <time>2026-07-10T22:08:18Z</time>
      </trkpt>
      <trkpt lat="23.066233" lon="113.268333">
        <time>2026-07-10T22:08:23Z</time>
      </trkpt>
      <trkpt lat="23.066298" lon="113.268255">
        <time>2026-07-10T22:08:28Z</time>
      </trkpt>
      <trkpt lat="23.066377" lon="113.268185">
        <time>2026-07-10T22:08:33Z</time>
      </trkpt>
      <trkpt lat="23.066513" lon="113.268137">
        <time>2026-07-10T22:08:38Z</time>
      </trkpt>
      <trkpt lat="23.066657" lon="113.26814">
        <time>2026-07-10T22:08:43Z</time>
      </trkpt>
      <trkpt lat="23.066754" lon="113.268142">
        <time>2026-07-10T22:08:48Z</time>
      </trkpt>
      <trkpt lat="23.066852" lon="113.268145">
        <time>2026-07-10T22:08:53Z</time>
      </trkpt>
      <trkpt lat="23.066995" lon="113.268171">
        <time>2026-07-10T22:08:58Z</time>
      </trkpt>
      <trkpt lat="23.067128" lon="113.268237">
        <time>2026-07-10T22:09:03Z</time>
      </trkpt>
      <trkpt lat="23.067208" lon="113.268287">
        <time>2026-07-10T22:09:08Z</time>
      </trkpt>
      <trkpt lat="23.06729" lon="113.268333">
        <time>2026-07-10T22:09:13Z</time>
      </trkpt>
      <trkpt lat="23.067406" lon="113.268404">
        <time>2026-07-10T22:09:18Z</time>
      </trkpt>
      <trkpt lat="23.067545" lon="113.268491">
        <time>2026-07-10T22:09:23Z</time>
      </trkpt>
      <trkpt lat="23.067646" lon="113.268543">
        <time>2026-07-10T22:09:28Z</time>
      </trkpt>
      <trkpt lat="23.067744" lon="113.26859">
        <time>2026-07-10T22:09:33Z</time>
      </trkpt>
      <trkpt lat="23.067886" lon="113.26864">
        <time>2026-07-10T22:09:38Z</time>
      </trkpt>
      <trkpt lat="23.068017" lon="113.268697">
        <time>2026-07-10T22:09:43Z</time>
      </trkpt>
      <trkpt lat="23.068107" lon="113.268741">
        <time>2026-07-10T22:09:48Z</time>
      </trkpt>
      <trkpt lat="23.068193" lon="113.268784">
        <time>2026-07-10T22:09:53Z</time>
      </trkpt>
      <trkpt lat="23.06833" lon="113.268852">
        <time>2026-07-10T22:09:58Z</time>
      </trkpt>
      <trkpt lat="23.068456" lon="113.268932">
        <time>2026-07-10T22:10:03Z</time>
      </trkpt>
      <trkpt lat="23.068533" lon="113.268982">
        <time>2026-07-10T22:10:08Z</time>
      </trkpt>
      <trkpt lat="23.068602" lon="113.269053">
        <time>2026-07-10T22:10:13Z</time>
      </trkpt>
      <trkpt lat="23.068707" lon="113.269163">
        <time>2026-07-10T22:10:18Z</time>
      </trkpt>
      <trkpt lat="23.068837" lon="113.269243">
        <time>2026-07-10T22:10:23Z</time>
      </trkpt>
      <trkpt lat="23.068929" lon="113.269278">
        <time>2026-07-10T22:10:28Z</time>
      </trkpt>
      <trkpt lat="23.068974" lon="113.269218">
        <time>2026-07-10T22:10:33Z</time>
      </trkpt>
      <trkpt lat="23.068873" lon="113.269093">
        <time>2026-07-10T22:10:38Z</time>
      </trkpt>
      <trkpt lat="23.068742" lon="113.269014">
        <time>2026-07-10T22:10:43Z</time>
      </trkpt>
      <trkpt lat="23.068667" lon="113.268972">
        <time>2026-07-10T22:10:48Z</time>
      </trkpt>
      <trkpt lat="23.068591" lon="113.268931">
        <time>2026-07-10T22:10:53Z</time>
      </trkpt>
      <trkpt lat="23.068478" lon="113.268856">
        <time>2026-07-10T22:10:58Z</time>
      </trkpt>
      <trkpt lat="23.068355" lon="113.268772">
        <time>2026-07-10T22:11:03Z</time>
      </trkpt>
      <trkpt lat="23.068272" lon="113.268707">
        <time>2026-07-10T22:11:08Z</time>
      </trkpt>
      <trkpt lat="23.068183" lon="113.268651">
        <time>2026-07-10T22:11:13Z</time>
      </trkpt>
      <trkpt lat="23.068054" lon="113.268576">
        <time>2026-07-10T22:11:18Z</time>
      </trkpt>
      <trkpt lat="23.067898" lon="113.268491">
        <time>2026-07-10T22:11:23Z</time>
      </trkpt>
      <trkpt lat="23.067804" lon="113.268445">
        <time>2026-07-10T22:11:28Z</time>
      </trkpt>
      <trkpt lat="23.067714" lon="113.268402">
        <time>2026-07-10T22:11:33Z</time>
      </trkpt>
      <trkpt lat="23.067579" lon="113.268327">
        <time>2026-07-10T22:11:38Z</time>
      </trkpt>
      <trkpt lat="23.067441" lon="113.26827">
        <time>2026-07-10T22:11:43Z</time>
      </trkpt>
      <trkpt lat="23.067355" lon="113.268233">
        <time>2026-07-10T22:11:48Z</time>
      </trkpt>
      <trkpt lat="23.067272" lon="113.268191">
        <time>2026-07-10T22:11:53Z</time>
      </trkpt>
      <trkpt lat="23.06714" lon="113.268143">
        <time>2026-07-10T22:11:58Z</time>
      </trkpt>
      <trkpt lat="23.067002" lon="113.268084">
        <time>2026-07-10T22:12:03Z</time>
      </trkpt>
      <trkpt lat="23.06691" lon="113.268039">
        <time>2026-07-10T22:12:08Z</time>
      </trkpt>
      <trkpt lat="23.066799" lon="113.268021">
        <time>2026-07-10T22:12:13Z</time>
      </trkpt>
      <trkpt lat="23.066654" lon="113.26801">
        <time>2026-07-10T22:12:18Z</time>
      </trkpt>
      <trkpt lat="23.066514" lon="113.267981">
        <time>2026-07-10T22:12:23Z</time>
      </trkpt>
      <trkpt lat="23.066415" lon="113.267957">
        <time>2026-07-10T22:12:28Z</time>
      </trkpt>
      <trkpt lat="23.066318" lon="113.267957">
        <time>2026-07-10T22:12:33Z</time>
      </trkpt>
      <trkpt lat="23.066188" lon="113.268023">
        <time>2026-07-10T22:12:38Z</time>
      </trkpt>
      <trkpt lat="23.066082" lon="113.268133">
        <time>2026-07-10T22:12:43Z</time>
      </trkpt>
      <trkpt lat="23.066016" lon="113.268208">
        <time>2026-07-10T22:12:48Z</time>
      </trkpt>
      <trkpt lat="23.065954" lon="113.268288">
        <time>2026-07-10T22:12:53Z</time>
      </trkpt>
      <trkpt lat="23.065866" lon="113.268407">
        <time>2026-07-10T22:12:58Z</time>
      </trkpt>
      <trkpt lat="23.065789" lon="113.268538">
        <time>2026-07-10T22:13:03Z</time>
      </trkpt>
      <trkpt lat="23.065738" lon="113.268629">
        <time>2026-07-10T22:13:08Z</time>
      </trkpt>
      <trkpt lat="23.065694" lon="113.268725">
        <time>2026-07-10T22:13:13Z</time>
      </trkpt>
      <trkpt lat="23.065642" lon="113.268875">
        <time>2026-07-10T22:13:18Z</time>
      </trkpt>
      <trkpt lat="23.065601" lon="113.26903">
        <time>2026-07-10T22:13:23Z</time>
      </trkpt>
      <trkpt lat="23.065572" lon="113.269133">
        <time>2026-07-10T22:13:28Z</time>
      </trkpt>
      <trkpt lat="23.06554" lon="113.269235">
        <time>2026-07-10T22:13:33Z</time>
      </trkpt>
      <trkpt lat="23.065497" lon="113.269391">
        <time>2026-07-10T22:13:38Z</time>
      </trkpt>
      <trkpt lat="23.065461" lon="113.269549">
        <time>2026-07-10T22:13:43Z</time>
      </trkpt>
      <trkpt lat="23.065439" lon="113.269653">
        <time>2026-07-10T22:13:48Z</time>
      </trkpt>
      <trkpt lat="23.065415" lon="113.269755">
        <time>2026-07-10T22:13:53Z</time>
      </trkpt>
      <trkpt lat="23.065366" lon="113.269904">
        <time>2026-07-10T22:13:58Z</time>
      </trkpt>
      <trkpt lat="23.065313" lon="113.270046">
        <time>2026-07-10T22:14:03Z</time>
      </trkpt>
      <trkpt lat="23.065274" lon="113.270137">
        <time>2026-07-10T22:14:08Z</time>
      </trkpt>
      <trkpt lat="23.065231" lon="113.270229">
        <time>2026-07-10T22:14:13Z</time>
      </trkpt>
      <trkpt lat="23.065163" lon="113.270365">
        <time>2026-07-10T22:14:18Z</time>
      </trkpt>
      <trkpt lat="23.065098" lon="113.270507">
        <time>2026-07-10T22:14:23Z</time>
      </trkpt>
      <trkpt lat="23.065057" lon="113.270604">
        <time>2026-07-10T22:14:28Z</time>
      </trkpt>
      <trkpt lat="23.065016" lon="113.270703">
        <time>2026-07-10T22:14:33Z</time>
      </trkpt>
      <trkpt lat="23.064952" lon="113.270846">
        <time>2026-07-10T22:14:38Z</time>
      </trkpt>
      <trkpt lat="23.064886" lon="113.270989">
        <time>2026-07-10T22:14:43Z</time>
      </trkpt>
      <trkpt lat="23.064845" lon="113.271081">
        <time>2026-07-10T22:14:48Z</time>
      </trkpt>
      <trkpt lat="23.064804" lon="113.271174">
        <time>2026-07-10T22:14:53Z</time>
      </trkpt>
      <trkpt lat="23.064737" lon="113.271314">
        <time>2026-07-10T22:14:58Z</time>
      </trkpt>
      <trkpt lat="23.064666" lon="113.271461">
        <time>2026-07-10T22:15:03Z</time>
      </trkpt>
      <trkpt lat="23.06462" lon="113.271557">
        <time>2026-07-10T22:15:08Z</time>
      </trkpt>
      <trkpt lat="23.064572" lon="113.271651">
        <time>2026-07-10T22:15:13Z</time>
      </trkpt>
      <trkpt lat="23.064508" lon="113.271795">
        <time>2026-07-10T22:15:18Z</time>
      </trkpt>
      <trkpt lat="23.064444" lon="113.271944">
        <time>2026-07-10T22:15:23Z</time>
      </trkpt>
      <trkpt lat="23.064408" lon="113.272045">
        <time>2026-07-10T22:15:28Z</time>
      </trkpt>
      <trkpt lat="23.064368" lon="113.272138">
        <time>2026-07-10T22:15:33Z</time>
      </trkpt>
      <trkpt lat="23.064329" lon="113.272292">
        <time>2026-07-10T22:15:38Z</time>
      </trkpt>
      <trkpt lat="23.064321" lon="113.272448">
        <time>2026-07-10T22:15:43Z</time>
      </trkpt>
      <trkpt lat="23.064314" lon="113.27255">
        <time>2026-07-10T22:15:48Z</time>
      </trkpt>
      <trkpt lat="23.064328" lon="113.272657">
        <time>2026-07-10T22:15:53Z</time>
      </trkpt>
      <trkpt lat="23.064378" lon="113.272808">
        <time>2026-07-10T22:15:58Z</time>
      </trkpt>
      <trkpt lat="23.064423" lon="113.272953">
        <time>2026-07-10T22:16:03Z</time>
      </trkpt>
      <trkpt lat="23.064452" lon="113.273055">
        <time>2026-07-10T22:16:08Z</time>
      </trkpt>
      <trkpt lat="23.064466" lon="113.273161">
        <time>2026-07-10T22:16:13Z</time>
      </trkpt>
      <trkpt lat="23.064405" lon="113.273311">
        <time>2026-07-10T22:16:18Z</time>
      </trkpt>
      <trkpt lat="23.064289" lon="113.273415">
        <time>2026-07-10T22:16:23Z</time>
      </trkpt>
      <trkpt lat="23.064204" lon="113.273471">
        <time>2026-07-10T22:16:28Z</time>
      </trkpt>
      <trkpt lat="23.064119" lon="113.273533">
        <time>2026-07-10T22:16:33Z</time>
      </trkpt>
      <trkpt lat="23.063992" lon="113.273623">
        <time>2026-07-10T22:16:38Z</time>
      </trkpt>
      <trkpt lat="23.06389" lon="113.273735">
        <time>2026-07-10T22:16:43Z</time>
      </trkpt>
      <trkpt lat="23.063832" lon="113.273823">
        <time>2026-07-10T22:16:48Z</time>
      </trkpt>
      <trkpt lat="23.06378" lon="113.273909">
        <time>2026-07-10T22:16:53Z</time>
      </trkpt>
      <trkpt lat="23.063701" lon="113.274033">
        <time>2026-07-10T22:16:58Z</time>
      </trkpt>
      <trkpt lat="23.063595" lon="113.27412">
        <time>2026-07-10T22:17:03Z</time>
      </trkpt>
      <trkpt lat="23.063509" lon="113.27411">
        <time>2026-07-10T22:17:08Z</time>
      </trkpt>
      <trkpt lat="23.06341" lon="113.2741">
        <time>2026-07-10T22:17:13Z</time>
      </trkpt>
      <trkpt lat="23.063331" lon="113.274231">
        <time>2026-07-10T22:17:18Z</time>
      </trkpt>
      <trkpt lat="23.063264" lon="113.274414">
        <time>2026-07-10T22:17:23Z</time>
      </trkpt>
      <trkpt lat="23.063229" lon="113.274523">
        <time>2026-07-10T22:17:28Z</time>
      </trkpt>
      <trkpt lat="23.063197" lon="113.274621">
        <time>2026-07-10T22:17:33Z</time>
      </trkpt>
      <trkpt lat="23.06314" lon="113.274767">
        <time>2026-07-10T22:17:38Z</time>
      </trkpt>
      <trkpt lat="23.063086" lon="113.274911">
        <time>2026-07-10T22:17:43Z</time>
      </trkpt>
      <trkpt lat="23.063071" lon="113.275006">
        <time>2026-07-10T22:17:48Z</time>
      </trkpt>
      <trkpt lat="23.063048" lon="113.275102">
        <time>2026-07-10T22:17:53Z</time>
      </trkpt>
      <trkpt lat="23.062942" lon="113.275194">
        <time>2026-07-10T22:17:58Z</time>
      </trkpt>
      <trkpt lat="23.062891" lon="113.275324">
        <time>2026-07-10T22:18:03Z</time>
      </trkpt>
      <trkpt lat="23.062916" lon="113.275428">
        <time>2026-07-10T22:18:08Z</time>
      </trkpt>
      <trkpt lat="23.062905" lon="113.275526">
        <time>2026-07-10T22:18:13Z</time>
      </trkpt>
      <trkpt lat="23.06281" lon="113.275644">
        <time>2026-07-10T22:18:18Z</time>
      </trkpt>
      <trkpt lat="23.062693" lon="113.275754">
        <time>2026-07-10T22:18:23Z</time>
      </trkpt>
      <trkpt lat="23.062617" lon="113.27583">
        <time>2026-07-10T22:18:28Z</time>
      </trkpt>
      <trkpt lat="23.062553" lon="113.275914">
        <time>2026-07-10T22:18:33Z</time>
      </trkpt>
      <trkpt lat="23.062478" lon="113.276047">
        <time>2026-07-10T22:18:38Z</time>
      </trkpt>
      <trkpt lat="23.062416" lon="113.276191">
        <time>2026-07-10T22:18:43Z</time>
      </trkpt>
      <trkpt lat="23.062371" lon="113.276286">
        <time>2026-07-10T22:18:48Z</time>
      </trkpt>
      <trkpt lat="23.062336" lon="113.276381">
        <time>2026-07-10T22:18:53Z</time>
      </trkpt>
      <trkpt lat="23.062285" lon="113.276529">
        <time>2026-07-10T22:18:58Z</time>
      </trkpt>
      <trkpt lat="23.06224" lon="113.276677">
        <time>2026-07-10T22:19:03Z</time>
      </trkpt>
      <trkpt lat="23.062209" lon="113.276769">
        <time>2026-07-10T22:19:08Z</time>
      </trkpt>
      <trkpt lat="23.062175" lon="113.276863">
        <time>2026-07-10T22:19:13Z</time>
      </trkpt>
      <trkpt lat="23.062126" lon="113.277004">
        <time>2026-07-10T22:19:18Z</time>
      </trkpt>
      <trkpt lat="23.062065" lon="113.27715">
        <time>2026-07-10T22:19:23Z</time>
      </trkpt>
      <trkpt lat="23.062025" lon="113.277253">
        <time>2026-07-10T22:19:28Z</time>
      </trkpt>
      <trkpt lat="23.061984" lon="113.277355">
        <time>2026-07-10T22:19:33Z</time>
      </trkpt>
      <trkpt lat="23.061921" lon="113.277498">
        <time>2026-07-10T22:19:38Z</time>
      </trkpt>
      <trkpt lat="23.061868" lon="113.277648">
        <time>2026-07-10T22:19:43Z</time>
      </trkpt>
      <trkpt lat="23.061837" lon="113.277751">
        <time>2026-07-10T22:19:48Z</time>
      </trkpt>
      <trkpt lat="23.061824" lon="113.277857">
        <time>2026-07-10T22:19:53Z</time>
      </trkpt>
      <trkpt lat="23.061824" lon="113.278017">
        <time>2026-07-10T22:19:58Z</time>
      </trkpt>
      <trkpt lat="23.06183" lon="113.278165">
        <time>2026-07-10T22:20:03Z</time>
      </trkpt>
      <trkpt lat="23.061834" lon="113.278262">
        <time>2026-07-10T22:20:08Z</time>
      </trkpt>
      <trkpt lat="23.061839" lon="113.278363">
        <time>2026-07-10T22:20:13Z</time>
      </trkpt>
      <trkpt lat="23.061851" lon="113.278519">
        <time>2026-07-10T22:20:18Z</time>
      </trkpt>
      <trkpt lat="23.061844" lon="113.278676">
        <time>2026-07-10T22:20:23Z</time>
      </trkpt>
      <trkpt lat="23.061793" lon="113.27874">
        <time>2026-07-10T22:20:28Z</time>
      </trkpt>
      <trkpt lat="23.061718" lon="113.278777">
        <time>2026-07-10T22:20:33Z</time>
      </trkpt>
      <trkpt lat="23.06165" lon="113.278907">
        <time>2026-07-10T22:20:38Z</time>
      </trkpt>
      <trkpt lat="23.061593" lon="113.279044">
        <time>2026-07-10T22:20:43Z</time>
      </trkpt>
      <trkpt lat="23.061564" lon="113.279114">
        <time>2026-07-10T22:20:48Z</time>
      </trkpt>
      <trkpt lat="23.06155" lon="113.279158">
        <time>2026-07-10T22:20:53Z</time>
      </trkpt>
      <trkpt lat="23.061593" lon="113.279149">
        <time>2026-07-10T22:20:58Z</time>
      </trkpt>
      <trkpt lat="23.061556" lon="113.279155">
        <time>2026-07-10T22:21:03Z</time>
      </trkpt>
      <trkpt lat="23.061529" lon="113.279226">
        <time>2026-07-10T22:21:08Z</time>
      </trkpt>
      <trkpt lat="23.061492" lon="113.279325">
        <time>2026-07-10T22:21:13Z</time>
      </trkpt>
      <trkpt lat="23.061427" lon="113.279476">
        <time>2026-07-10T22:21:18Z</time>
      </trkpt>
      <trkpt lat="23.061372" lon="113.279615">
        <time>2026-07-10T22:21:23Z</time>
      </trkpt>
      <trkpt lat="23.061331" lon="113.279709">
        <time>2026-07-10T22:21:28Z</time>
      </trkpt>
      <trkpt lat="23.061287" lon="113.279802">
        <time>2026-07-10T22:21:33Z</time>
      </trkpt>
      <trkpt lat="23.061218" lon="113.279946">
        <time>2026-07-10T22:21:38Z</time>
      </trkpt>
      <trkpt lat="23.061161" lon="113.280099">
        <time>2026-07-10T22:21:43Z</time>
      </trkpt>
      <trkpt lat="23.061125" lon="113.280196">
        <time>2026-07-10T22:21:48Z</time>
      </trkpt>
      <trkpt lat="23.061083" lon="113.280295">
        <time>2026-07-10T22:21:53Z</time>
      </trkpt>
      <trkpt lat="23.061015" lon="113.280441">
        <time>2026-07-10T22:21:58Z</time>
      </trkpt>
      <trkpt lat="23.060949" lon="113.280587">
        <time>2026-07-10T22:22:03Z</time>
      </trkpt>
      <trkpt lat="23.060915" lon="113.28068">
        <time>2026-07-10T22:22:08Z</time>
      </trkpt>
      <trkpt lat="23.060879" lon="113.280777">
        <time>2026-07-10T22:22:13Z</time>
      </trkpt>
      <trkpt lat="23.06082" lon="113.280922">
        <time>2026-07-10T22:22:18Z</time>
      </trkpt>
      <trkpt lat="23.06076" lon="113.281069">
        <time>2026-07-10T22:22:23Z</time>
      </trkpt>
      <trkpt lat="23.060723" lon="113.281173">
        <time>2026-07-10T22:22:28Z</time>
      </trkpt>
      <trkpt lat="23.060681" lon="113.281276">
        <time>2026-07-10T22:22:33Z</time>
      </trkpt>
      <trkpt lat="23.060616" lon="113.281423">
        <time>2026-07-10T22:22:38Z</time>
      </trkpt>
      <trkpt lat="23.060545" lon="113.281569">
        <time>2026-07-10T22:22:43Z</time>
      </trkpt>
      <trkpt lat="23.0605" lon="113.281666">
        <time>2026-07-10T22:22:48Z</time>
      </trkpt>
      <trkpt lat="23.060462" lon="113.281766">
        <time>2026-07-10T22:22:53Z</time>
      </trkpt>
      <trkpt lat="23.060397" lon="113.281917">
        <time>2026-07-10T22:22:58Z</time>
      </trkpt>
      <trkpt lat="23.060323" lon="113.282066">
        <time>2026-07-10T22:23:03Z</time>
      </trkpt>
      <trkpt lat="23.06028" lon="113.282163">
        <time>2026-07-10T22:23:08Z</time>
      </trkpt>
      <trkpt lat="23.060242" lon="113.282267">
        <time>2026-07-10T22:23:13Z</time>
      </trkpt>
      <trkpt lat="23.060183" lon="113.282423">
        <time>2026-07-10T22:23:18Z</time>
      </trkpt>
      <trkpt lat="23.060119" lon="113.282567">
        <time>2026-07-10T22:23:23Z</time>
      </trkpt>
      <trkpt lat="23.060077" lon="113.282665">
        <time>2026-07-10T22:23:28Z</time>
      </trkpt>
      <trkpt lat="23.060031" lon="113.282757">
        <time>2026-07-10T22:23:33Z</time>
      </trkpt>
      <trkpt lat="23.059972" lon="113.282896">
        <time>2026-07-10T22:23:38Z</time>
      </trkpt>
      <trkpt lat="23.059901" lon="113.283049">
        <time>2026-07-10T22:23:43Z</time>
      </trkpt>
      <trkpt lat="23.059851" lon="113.283157">
        <time>2026-07-10T22:23:48Z</time>
      </trkpt>
      <trkpt lat="23.059797" lon="113.283258">
        <time>2026-07-10T22:23:53Z</time>
      </trkpt>
      <trkpt lat="23.059722" lon="113.283426">
        <time>2026-07-10T22:23:58Z</time>
      </trkpt>
      <trkpt lat="23.059657" lon="113.283588">
        <time>2026-07-10T22:24:03Z</time>
      </trkpt>
      <trkpt lat="23.059618" lon="113.283692">
        <time>2026-07-10T22:24:08Z</time>
      </trkpt>
      <trkpt lat="23.059583" lon="113.283797">
        <time>2026-07-10T22:24:13Z</time>
      </trkpt>
      <trkpt lat="23.059523" lon="113.283948">
        <time>2026-07-10T22:24:18Z</time>
      </trkpt>
      <trkpt lat="23.059446" lon="113.284094">
        <time>2026-07-10T22:24:23Z</time>
      </trkpt>
      <trkpt lat="23.059385" lon="113.284184">
        <time>2026-07-10T22:24:28Z</time>
      </trkpt>
      <trkpt lat="23.05934" lon="113.284282">
        <time>2026-07-10T22:24:33Z</time>
      </trkpt>
      <trkpt lat="23.059295" lon="113.28444">
        <time>2026-07-10T22:24:38Z</time>
      </trkpt>
      <trkpt lat="23.059268" lon="113.2846">
        <time>2026-07-10T22:24:43Z</time>
      </trkpt>
      <trkpt lat="23.059248" lon="113.284698">
        <time>2026-07-10T22:24:48Z</time>
      </trkpt>
      <trkpt lat="23.059216" lon="113.284791">
        <time>2026-07-10T22:24:53Z</time>
      </trkpt>
      <trkpt lat="23.059161" lon="113.284926">
        <time>2026-07-10T22:24:58Z</time>
      </trkpt>
      <trkpt lat="23.059098" lon="113.28507">
        <time>2026-07-10T22:25:03Z</time>
      </trkpt>
      <trkpt lat="23.059061" lon="113.285155">
        <time>2026-07-10T22:25:08Z</time>
      </trkpt>
      <trkpt lat="23.059024" lon="113.285244">
        <time>2026-07-10T22:25:13Z</time>
      </trkpt>
      <trkpt lat="23.058964" lon="113.285394">
        <time>2026-07-10T22:25:18Z</time>
      </trkpt>
      <trkpt lat="23.058896" lon="113.285537">
        <time>2026-07-10T22:25:23Z</time>
      </trkpt>
      <trkpt lat="23.058852" lon="113.285634">
        <time>2026-07-10T22:25:28Z</time>
      </trkpt>
      <trkpt lat="23.05881" lon="113.285733">
        <time>2026-07-10T22:25:33Z</time>
      </trkpt>
      <trkpt lat="23.058748" lon="113.285886">
        <time>2026-07-10T22:25:38Z</time>
      </trkpt>
      <trkpt lat="23.058687" lon="113.286025">
        <time>2026-07-10T22:25:43Z</time>
      </trkpt>
      <trkpt lat="23.058661" lon="113.28612">
        <time>2026-07-10T22:25:48Z</time>
      </trkpt>
      <trkpt lat="23.058661" lon="113.286221">
        <time>2026-07-10T22:25:53Z</time>
      </trkpt>
      <trkpt lat="23.058755" lon="113.286323">
        <time>2026-07-10T22:25:58Z</time>
      </trkpt>
      <trkpt lat="23.058899" lon="113.286349">
        <time>2026-07-10T22:26:03Z</time>
      </trkpt>
      <trkpt lat="23.058986" lon="113.286365">
        <time>2026-07-10T22:26:08Z</time>
      </trkpt>
      <trkpt lat="23.059073" lon="113.28638">
        <time>2026-07-10T22:26:13Z</time>
      </trkpt>
      <trkpt lat="23.059222" lon="113.286402">
        <time>2026-07-10T22:26:18Z</time>
      </trkpt>
      <trkpt lat="23.059373" lon="113.286419">
        <time>2026-07-10T22:26:23Z</time>
      </trkpt>
      <trkpt lat="23.059473" lon="113.286428">
        <time>2026-07-10T22:26:28Z</time>
      </trkpt>
      <trkpt lat="23.05957" lon="113.286437">
        <time>2026-07-10T22:26:33Z</time>
      </trkpt>
      <trkpt lat="23.059707" lon="113.286449">
        <time>2026-07-10T22:26:38Z</time>
      </trkpt>
      <trkpt lat="23.059841" lon="113.28646">
        <time>2026-07-10T22:26:43Z</time>
      </trkpt>
      <trkpt lat="23.059929" lon="113.286475">
        <time>2026-07-10T22:26:48Z</time>
      </trkpt>
      <trkpt lat="23.060026" lon="113.286494">
        <time>2026-07-10T22:26:53Z</time>
      </trkpt>
      <trkpt lat="23.060128" lon="113.286632">
        <time>2026-07-10T22:26:58Z</time>
      </trkpt>
      <trkpt lat="23.060158" lon="113.286824">
        <time>2026-07-10T22:27:03Z</time>
      </trkpt>
      <trkpt lat="23.060174" lon="113.286943">
        <time>2026-07-10T22:27:08Z</time>
      </trkpt>
      <trkpt lat="23.060197" lon="113.287055">
        <time>2026-07-10T22:27:13Z</time>
      </trkpt>
      <trkpt lat="23.06023" lon="113.287218">
        <time>2026-07-10T22:27:18Z</time>
      </trkpt>
      <trkpt lat="23.060235" lon="113.287368">
        <time>2026-07-10T22:27:23Z</time>
      </trkpt>
      <trkpt lat="23.060217" lon="113.28746">
        <time>2026-07-10T22:27:28Z</time>
      </trkpt>
      <trkpt lat="23.060196" lon="113.287561">
        <time>2026-07-10T22:27:33Z</time>
      </trkpt>
      <trkpt lat="23.060215" lon="113.287718">
        <time>2026-07-10T22:27:38Z</time>
      </trkpt>
      <trkpt lat="23.06024" lon="113.28783">
        <time>2026-07-10T22:27:43Z</time>
      </trkpt>
      <trkpt lat="23.060286" lon="113.287784">
        <time>2026-07-10T22:27:48Z</time>
      </trkpt>
      <trkpt lat="23.060281" lon="113.287676">
        <time>2026-07-10T22:27:53Z</time>
      </trkpt>
      <trkpt lat="23.060258" lon="113.28754">
        <time>2026-07-10T22:27:58Z</time>
      </trkpt>
      <trkpt lat="23.06023" lon="113.287392">
        <time>2026-07-10T22:28:03Z</time>
      </trkpt>
      <trkpt lat="23.060209" lon="113.287286">
        <time>2026-07-10T22:28:08Z</time>
      </trkpt>
      <trkpt lat="23.060192" lon="113.287169">
        <time>2026-07-10T22:28:13Z</time>
      </trkpt>
      <trkpt lat="23.060153" lon="113.287006">
        <time>2026-07-10T22:28:18Z</time>
      </trkpt>
      <trkpt lat="23.060152" lon="113.286791">
        <time>2026-07-10T22:28:23Z</time>
      </trkpt>
      <trkpt lat="23.060151" lon="113.286672">
        <time>2026-07-10T22:28:28Z</time>
      </trkpt>
      <trkpt lat="23.06015" lon="113.286568">
        <time>2026-07-10T22:28:33Z</time>
      </trkpt>
      <trkpt lat="23.060214" lon="113.286467">
        <time>2026-07-10T22:28:38Z</time>
      </trkpt>
      <trkpt lat="23.060362" lon="113.286416">
        <time>2026-07-10T22:28:43Z</time>
      </trkpt>
      <trkpt lat="23.060441" lon="113.286361">
        <time>2026-07-10T22:28:48Z</time>
      </trkpt>
      <trkpt lat="23.060482" lon="113.286277">
        <time>2026-07-10T22:28:53Z</time>
      </trkpt>
      <trkpt lat="23.060499" lon="113.286138">
        <time>2026-07-10T22:28:58Z</time>
      </trkpt>
      <trkpt lat="23.060505" lon="113.28598">
        <time>2026-07-10T22:29:03Z</time>
      </trkpt>
      <trkpt lat="23.060505" lon="113.285865">
        <time>2026-07-10T22:29:08Z</time>
      </trkpt>
      <trkpt lat="23.060503" lon="113.285755">
        <time>2026-07-10T22:29:13Z</time>
      </trkpt>
      <trkpt lat="23.060516" lon="113.285603">
        <time>2026-07-10T22:29:18Z</time>
      </trkpt>
      <trkpt lat="23.060529" lon="113.285442">
        <time>2026-07-10T22:29:23Z</time>
      </trkpt>
      <trkpt lat="23.060543" lon="113.285331">
        <time>2026-07-10T22:29:28Z</time>
      </trkpt>
      <trkpt lat="23.060557" lon="113.285219">
        <time>2026-07-10T22:29:33Z</time>
      </trkpt>
      <trkpt lat="23.060595" lon="113.285047">
        <time>2026-07-10T22:29:38Z</time>
      </trkpt>
      <trkpt lat="23.060606" lon="113.28486">
        <time>2026-07-10T22:29:43Z</time>
      </trkpt>
      <trkpt lat="23.060609" lon="113.28475">
        <time>2026-07-10T22:29:48Z</time>
      </trkpt>
      <trkpt lat="23.060615" lon="113.284647">
        <time>2026-07-10T22:29:53Z</time>
      </trkpt>
      <trkpt lat="23.060625" lon="113.284494">
        <time>2026-07-10T22:29:58Z</time>
      </trkpt>
      <trkpt lat="23.060675" lon="113.284345">
        <time>2026-07-10T22:30:03Z</time>
      </trkpt>
      <trkpt lat="23.060686" lon="113.284261">
        <time>2026-07-10T22:30:08Z</time>
      </trkpt>
      <trkpt lat="23.060689" lon="113.284168">
        <time>2026-07-10T22:30:13Z</time>
      </trkpt>
      <trkpt lat="23.060725" lon="113.284018">
        <time>2026-07-10T22:30:18Z</time>
      </trkpt>
      <trkpt lat="23.060764" lon="113.283872">
        <time>2026-07-10T22:30:23Z</time>
      </trkpt>
      <trkpt lat="23.06076" lon="113.283778">
        <time>2026-07-10T22:30:28Z</time>
      </trkpt>
      <trkpt lat="23.06062" lon="113.283681">
        <time>2026-07-10T22:30:33Z</time>
      </trkpt>
      <trkpt lat="23.060438" lon="113.283596">
        <time>2026-07-10T22:30:38Z</time>
      </trkpt>
      <trkpt lat="23.060326" lon="113.283564">
        <time>2026-07-10T22:30:43Z</time>
      </trkpt>
      <trkpt lat="23.060211" lon="113.283582">
        <time>2026-07-10T22:30:48Z</time>
      </trkpt>
      <trkpt lat="23.060042" lon="113.283581">
        <time>2026-07-10T22:30:53Z</time>
      </trkpt>
      <trkpt lat="23.059911" lon="113.283515">
        <time>2026-07-10T22:30:58Z</time>
      </trkpt>
      <trkpt lat="23.059899" lon="113.283438">
        <time>2026-07-10T22:31:03Z</time>
      </trkpt>
      <trkpt lat="23.059935" lon="113.283333">
        <time>2026-07-10T22:31:08Z</time>
      </trkpt>
      <trkpt lat="23.06" lon="113.283166">
        <time>2026-07-10T22:31:13Z</time>
      </trkpt>
      <trkpt lat="23.060063" lon="113.283018">
        <time>2026-07-10T22:31:18Z</time>
      </trkpt>
      <trkpt lat="23.060104" lon="113.282917">
        <time>2026-07-10T22:31:23Z</time>
      </trkpt>
      <trkpt lat="23.060143" lon="113.282819">
        <time>2026-07-10T22:31:28Z</time>
      </trkpt>
      <trkpt lat="23.060213" lon="113.282674">
        <time>2026-07-10T22:31:33Z</time>
      </trkpt>
      <trkpt lat="23.060276" lon="113.282519">
        <time>2026-07-10T22:31:38Z</time>
      </trkpt>
      <trkpt lat="23.060317" lon="113.282412">
        <time>2026-07-10T22:31:43Z</time>
      </trkpt>
      <trkpt lat="23.060358" lon="113.282311">
        <time>2026-07-10T22:31:48Z</time>
      </trkpt>
      <trkpt lat="23.060415" lon="113.282168">
        <time>2026-07-10T22:31:53Z</time>
      </trkpt>
      <trkpt lat="23.060483" lon="113.282032">
        <time>2026-07-10T22:31:58Z</time>
      </trkpt>
      <trkpt lat="23.060536" lon="113.281946">
        <time>2026-07-10T22:32:03Z</time>
      </trkpt>
      <trkpt lat="23.060581" lon="113.281859">
        <time>2026-07-10T22:32:08Z</time>
      </trkpt>
      <trkpt lat="23.060633" lon="113.281718">
        <time>2026-07-10T22:32:13Z</time>
      </trkpt>
      <trkpt lat="23.060697" lon="113.281588">
        <time>2026-07-10T22:32:18Z</time>
      </trkpt>
      <trkpt lat="23.060734" lon="113.281493">
        <time>2026-07-10T22:32:23Z</time>
      </trkpt>
      <trkpt lat="23.060772" lon="113.281396">
        <time>2026-07-10T22:32:28Z</time>
      </trkpt>
      <trkpt lat="23.060832" lon="113.281245">
        <time>2026-07-10T22:32:33Z</time>
      </trkpt>
      <trkpt lat="23.060894" lon="113.281104">
        <time>2026-07-10T22:32:38Z</time>
      </trkpt>
      <trkpt lat="23.060935" lon="113.281011">
        <time>2026-07-10T22:32:43Z</time>
      </trkpt>
      <trkpt lat="23.060973" lon="113.280917">
        <time>2026-07-10T22:32:48Z</time>
      </trkpt>
      <trkpt lat="23.061031" lon="113.280773">
        <time>2026-07-10T22:32:53Z</time>
      </trkpt>
      <trkpt lat="23.061103" lon="113.280627">
        <time>2026-07-10T22:32:58Z</time>
      </trkpt>
      <trkpt lat="23.061156" lon="113.280531">
        <time>2026-07-10T22:33:03Z</time>
      </trkpt>
      <trkpt lat="23.061207" lon="113.280436">
        <time>2026-07-10T22:33:08Z</time>
      </trkpt>
      <trkpt lat="23.061273" lon="113.280295">
        <time>2026-07-10T22:33:13Z</time>
      </trkpt>
      <trkpt lat="23.061345" lon="113.280147">
        <time>2026-07-10T22:33:18Z</time>
      </trkpt>
      <trkpt lat="23.061384" lon="113.280048">
        <time>2026-07-10T22:33:23Z</time>
      </trkpt>
      <trkpt lat="23.061415" lon="113.279948">
        <time>2026-07-10T22:33:28Z</time>
      </trkpt>
      <trkpt lat="23.061455" lon="113.279811">
        <time>2026-07-10T22:33:33Z</time>
      </trkpt>
      <trkpt lat="23.061499" lon="113.279683">
        <time>2026-07-10T22:33:38Z</time>
      </trkpt>
      <trkpt lat="23.061536" lon="113.279599">
        <time>2026-07-10T22:33:43Z</time>
      </trkpt>
      <trkpt lat="23.061568" lon="113.279509">
        <time>2026-07-10T22:33:48Z</time>
      </trkpt>
      <trkpt lat="23.061623" lon="113.279369">
        <time>2026-07-10T22:33:53Z</time>
      </trkpt>
      <trkpt lat="23.061683" lon="113.279222">
        <time>2026-07-10T22:33:58Z</time>
      </trkpt>
      <trkpt lat="23.061731" lon="113.279128">
        <time>2026-07-10T22:34:03Z</time>
      </trkpt>
      <trkpt lat="23.061792" lon="113.279046">
        <time>2026-07-10T22:34:08Z</time>
      </trkpt>
      <trkpt lat="23.061891" lon="113.278924">
        <time>2026-07-10T22:34:13Z</time>
      </trkpt>
      <trkpt lat="23.061956" lon="113.278778">
        <time>2026-07-10T22:34:18Z</time>
      </trkpt>
      <trkpt lat="23.061966" lon="113.278675">
        <time>2026-07-10T22:34:23Z</time>
      </trkpt>
      <trkpt lat="23.061963" lon="113.278565">
        <time>2026-07-10T22:34:28Z</time>
      </trkpt>
      <trkpt lat="23.061953" lon="113.2784">
        <time>2026-07-10T22:34:33Z</time>
      </trkpt>
      <trkpt lat="23.061947" lon="113.278236">
        <time>2026-07-10T22:34:38Z</time>
      </trkpt>
      <trkpt lat="23.061943" lon="113.278127">
        <time>2026-07-10T22:34:43Z</time>
      </trkpt>
      <trkpt lat="23.061941" lon="113.278016">
        <time>2026-07-10T22:34:48Z</time>
      </trkpt>
      <trkpt lat="23.06194" lon="113.27785">
        <time>2026-07-10T22:34:53Z</time>
      </trkpt>
      <trkpt lat="23.061961" lon="113.277692">
        <time>2026-07-10T22:34:58Z</time>
      </trkpt>
      <trkpt lat="23.061994" lon="113.277589">
        <time>2026-07-10T22:35:03Z</time>
      </trkpt>
      <trkpt lat="23.062034" lon="113.277491">
        <time>2026-07-10T22:35:08Z</time>
      </trkpt>
      <trkpt lat="23.06209" lon="113.277348">
        <time>2026-07-10T22:35:13Z</time>
      </trkpt>
      <trkpt lat="23.062139" lon="113.2772">
        <time>2026-07-10T22:35:18Z</time>
      </trkpt>
      <trkpt lat="23.062174" lon="113.277101">
        <time>2026-07-10T22:35:23Z</time>
      </trkpt>
      <trkpt lat="23.062215" lon="113.277004">
        <time>2026-07-10T22:35:28Z</time>
      </trkpt>
      <trkpt lat="23.06227" lon="113.27686">
        <time>2026-07-10T22:35:33Z</time>
      </trkpt>
      <trkpt lat="23.062328" lon="113.276713">
        <time>2026-07-10T22:35:38Z</time>
      </trkpt>
      <trkpt lat="23.062367" lon="113.276615">
        <time>2026-07-10T22:35:43Z</time>
      </trkpt>
      <trkpt lat="23.062405" lon="113.276516">
        <time>2026-07-10T22:35:48Z</time>
      </trkpt>
      <trkpt lat="23.062459" lon="113.27637">
        <time>2026-07-10T22:35:53Z</time>
      </trkpt>
      <trkpt lat="23.062518" lon="113.276219">
        <time>2026-07-10T22:35:58Z</time>
      </trkpt>
      <trkpt lat="23.062563" lon="113.276124">
        <time>2026-07-10T22:36:03Z</time>
      </trkpt>
      <trkpt lat="23.062615" lon="113.276036">
        <time>2026-07-10T22:36:08Z</time>
      </trkpt>
      <trkpt lat="23.062698" lon="113.275911">
        <time>2026-07-10T22:36:13Z</time>
      </trkpt>
      <trkpt lat="23.062794" lon="113.275798">
        <time>2026-07-10T22:36:18Z</time>
      </trkpt>
      <trkpt lat="23.062866" lon="113.275732">
        <time>2026-07-10T22:36:23Z</time>
      </trkpt>
      <trkpt lat="23.062938" lon="113.275664">
        <time>2026-07-10T22:36:28Z</time>
      </trkpt>
      <trkpt lat="23.063043" lon="113.275546">
        <time>2026-07-10T22:36:33Z</time>
      </trkpt>
      <trkpt lat="23.063129" lon="113.27542">
        <time>2026-07-10T22:36:38Z</time>
      </trkpt>
      <trkpt lat="23.06318" lon="113.275334">
        <time>2026-07-10T22:36:43Z</time>
      </trkpt>
      <trkpt lat="23.063232" lon="113.275249">
        <time>2026-07-10T22:36:48Z</time>
      </trkpt>
      <trkpt lat="23.063315" lon="113.275118">
        <time>2026-07-10T22:36:53Z</time>
      </trkpt>
      <trkpt lat="23.063377" lon="113.274977">
        <time>2026-07-10T22:36:58Z</time>
      </trkpt>
      <trkpt lat="23.063419" lon="113.27489">
        <time>2026-07-10T22:37:03Z</time>
      </trkpt>
      <trkpt lat="23.063448" lon="113.274797">
        <time>2026-07-10T22:37:08Z</time>
      </trkpt>
      <trkpt lat="23.063496" lon="113.27465">
        <time>2026-07-10T22:37:13Z</time>
      </trkpt>
      <trkpt lat="23.063529" lon="113.274511">
        <time>2026-07-10T22:37:18Z</time>
      </trkpt>
      <trkpt lat="23.063555" lon="113.274432">
        <time>2026-07-10T22:37:23Z</time>
      </trkpt>
      <trkpt lat="23.063611" lon="113.274344">
        <time>2026-07-10T22:37:28Z</time>
      </trkpt>
      <trkpt lat="23.063726" lon="113.27424">
        <time>2026-07-10T22:37:33Z</time>
      </trkpt>
      <trkpt lat="23.063819" lon="113.274132">
        <time>2026-07-10T22:37:38Z</time>
      </trkpt>
      <trkpt lat="23.063863" lon="113.274044">
        <time>2026-07-10T22:37:43Z</time>
      </trkpt>
      <trkpt lat="23.06392" lon="113.273948">
        <time>2026-07-10T22:37:48Z</time>
      </trkpt>
      <trkpt lat="23.064006" lon="113.27381">
        <time>2026-07-10T22:37:53Z</time>
      </trkpt>
      <trkpt lat="23.064114" lon="113.273696">
        <time>2026-07-10T22:37:58Z</time>
      </trkpt>
      <trkpt lat="23.064193" lon="113.273633">
        <time>2026-07-10T22:38:03Z</time>
      </trkpt>
      <trkpt lat="23.064275" lon="113.273568">
        <time>2026-07-10T22:38:08Z</time>
      </trkpt>
      <trkpt lat="23.064396" lon="113.273467">
        <time>2026-07-10T22:38:13Z</time>
      </trkpt>
      <trkpt lat="23.064509" lon="113.273354">
        <time>2026-07-10T22:38:18Z</time>
      </trkpt>
      <trkpt lat="23.064566" lon="113.273268">
        <time>2026-07-10T22:38:23Z</time>
      </trkpt>
      <trkpt lat="23.064591" lon="113.273166">
        <time>2026-07-10T22:38:28Z</time>
      </trkpt>
      <trkpt lat="23.064568" lon="113.273007">
        <time>2026-07-10T22:38:33Z</time>
      </trkpt>
      <trkpt lat="23.064504" lon="113.272854">
        <time>2026-07-10T22:38:38Z</time>
      </trkpt>
      <trkpt lat="23.06447" lon="113.272754">
        <time>2026-07-10T22:38:43Z</time>
      </trkpt>
      <trkpt lat="23.064449" lon="113.27265">
        <time>2026-07-10T22:38:48Z</time>
      </trkpt>
      <trkpt lat="23.064484" lon="113.272503">
        <time>2026-07-10T22:38:53Z</time>
      </trkpt>
      <trkpt lat="23.064621" lon="113.272473">
        <time>2026-07-10T22:38:58Z</time>
      </trkpt>
      <trkpt lat="23.06472" lon="113.272508">
        <time>2026-07-10T22:39:03Z</time>
      </trkpt>
      <trkpt lat="23.064818" lon="113.272535">
        <time>2026-07-10T22:39:08Z</time>
      </trkpt>
      <trkpt lat="23.064962" lon="113.272575">
        <time>2026-07-10T22:39:13Z</time>
      </trkpt>
      <trkpt lat="23.065107" lon="113.272624">
        <time>2026-07-10T22:39:18Z</time>
      </trkpt>
      <trkpt lat="23.065203" lon="113.27266">
        <time>2026-07-10T22:39:23Z</time>
      </trkpt>
      <trkpt lat="23.065297" lon="113.272688">
        <time>2026-07-10T22:39:28Z</time>
      </trkpt>
      <trkpt lat="23.065432" lon="113.272719">
        <time>2026-07-10T22:39:33Z</time>
      </trkpt>
      <trkpt lat="23.06557" lon="113.272749">
        <time>2026-07-10T22:39:38Z</time>
      </trkpt>
      <trkpt lat="23.065667" lon="113.272777">
        <time>2026-07-10T22:39:43Z</time>
      </trkpt>
      <trkpt lat="23.065769" lon="113.272798">
        <time>2026-07-10T22:39:48Z</time>
      </trkpt>
      <trkpt lat="23.065918" lon="113.272828">
        <time>2026-07-10T22:39:53Z</time>
      </trkpt>
      <trkpt lat="23.066065" lon="113.272824">
        <time>2026-07-10T22:39:58Z</time>
      </trkpt>
      <trkpt lat="23.066161" lon="113.272799">
        <time>2026-07-10T22:40:03Z</time>
      </trkpt>
      <trkpt lat="23.066254" lon="113.272775">
        <time>2026-07-10T22:40:08Z</time>
      </trkpt>
      <trkpt lat="23.066382" lon="113.272726">
        <time>2026-07-10T22:40:13Z</time>
      </trkpt>
      <trkpt lat="23.06642" lon="113.272584">
        <time>2026-07-10T22:40:18Z</time>
      </trkpt>
      <trkpt lat="23.066414" lon="113.27248">
        <time>2026-07-10T22:40:23Z</time>
      </trkpt>
      <trkpt lat="23.066415" lon="113.272388">
        <time>2026-07-10T22:40:28Z</time>
      </trkpt>
      <trkpt lat="23.066419" lon="113.272252">
        <time>2026-07-10T22:40:33Z</time>
      </trkpt>
      <trkpt lat="23.066422" lon="113.272075">
        <time>2026-07-10T22:40:38Z</time>
      </trkpt>
      <trkpt lat="23.066431" lon="113.271962">
        <time>2026-07-10T22:40:43Z</time>
      </trkpt>
      <trkpt lat="23.066436" lon="113.271857">
        <time>2026-07-10T22:40:48Z</time>
      </trkpt>
      <trkpt lat="23.066449" lon="113.271704">
        <time>2026-07-10T22:40:53Z</time>
      </trkpt>
      <trkpt lat="23.066449" lon="113.27154">
        <time>2026-07-10T22:40:58Z</time>
      </trkpt>
      <trkpt lat="23.066401" lon="113.271445">
        <time>2026-07-10T22:41:03Z</time>
      </trkpt>
      <trkpt lat="23.066315" lon="113.271383">
        <time>2026-07-10T22:41:08Z</time>
      </trkpt>
      <trkpt lat="23.066156" lon="113.271345">
        <time>2026-07-10T22:41:13Z</time>
      </trkpt>
      <trkpt lat="23.066011" lon="113.271282">
        <time>2026-07-10T22:41:18Z</time>
      </trkpt>
      <trkpt lat="23.065912" lon="113.271275">
        <time>2026-07-10T22:41:23Z</time>
      </trkpt>
      <trkpt lat="23.065806" lon="113.271267">
        <time>2026-07-10T22:41:28Z</time>
      </trkpt>
      <trkpt lat="23.065656" lon="113.271232">
        <time>2026-07-10T22:41:33Z</time>
      </trkpt>
      <trkpt lat="23.065515" lon="113.27119">
        <time>2026-07-10T22:41:38Z</time>
      </trkpt>
      <trkpt lat="23.065424" lon="113.271159">
        <time>2026-07-10T22:41:43Z</time>
      </trkpt>
      <trkpt lat="23.065338" lon="113.271135">
        <time>2026-07-10T22:41:48Z</time>
      </trkpt>
      <trkpt lat="23.065211" lon="113.27105">
        <time>2026-07-10T22:41:53Z</time>
      </trkpt>
      <trkpt lat="23.065146" lon="113.270895">
        <time>2026-07-10T22:41:58Z</time>
      </trkpt>
      <trkpt lat="23.065177" lon="113.270795">
        <time>2026-07-10T22:42:03Z</time>
      </trkpt>
      <trkpt lat="23.065231" lon="113.270702">
        <time>2026-07-10T22:42:08Z</time>
      </trkpt>
      <trkpt lat="23.065303" lon="113.270562">
        <time>2026-07-10T22:42:13Z</time>
      </trkpt>
      <trkpt lat="23.065369" lon="113.270427">
        <time>2026-07-10T22:42:18Z</time>
      </trkpt>
      <trkpt lat="23.065414" lon="113.270333">
        <time>2026-07-10T22:42:23Z</time>
      </trkpt>
      <trkpt lat="23.065455" lon="113.270242">
        <time>2026-07-10T22:42:28Z</time>
      </trkpt>
      <trkpt lat="23.065514" lon="113.270104">
        <time>2026-07-10T22:42:33Z</time>
      </trkpt>
      <trkpt lat="23.065563" lon="113.269964">
        <time>2026-07-10T22:42:38Z</time>
      </trkpt>
      <trkpt lat="23.065592" lon="113.269863">
        <time>2026-07-10T22:42:43Z</time>
      </trkpt>
      <trkpt lat="23.06562" lon="113.269757">
        <time>2026-07-10T22:42:48Z</time>
      </trkpt>
      <trkpt lat="23.065675" lon="113.269611">
        <time>2026-07-10T22:42:53Z</time>
      </trkpt>
      <trkpt lat="23.065729" lon="113.269464">
        <time>2026-07-10T22:42:58Z</time>
      </trkpt>
      <trkpt lat="23.065746" lon="113.269365">
        <time>2026-07-10T22:43:03Z</time>
      </trkpt>
      <trkpt lat="23.065766" lon="113.269265">
        <time>2026-07-10T22:43:08Z</time>
      </trkpt>
      <trkpt lat="23.065805" lon="113.269118">
        <time>2026-07-10T22:43:13Z</time>
      </trkpt>
      <trkpt lat="23.065858" lon="113.268979">
        <time>2026-07-10T22:43:18Z</time>
      </trkpt>
      <trkpt lat="23.065898" lon="113.268892">
        <time>2026-07-10T22:43:23Z</time>
      </trkpt>
      <trkpt lat="23.065938" lon="113.268806">
        <time>2026-07-10T22:43:28Z</time>
      </trkpt>
      <trkpt lat="23.066003" lon="113.268678">
        <time>2026-07-10T22:43:33Z</time>
      </trkpt>
      <trkpt lat="23.066081" lon="113.268549">
        <time>2026-07-10T22:43:38Z</time>
      </trkpt>
      <trkpt lat="23.066136" lon="113.268464">
        <time>2026-07-10T22:43:43Z</time>
      </trkpt>
      <trkpt lat="23.066195" lon="113.268381">
        <time>2026-07-10T22:43:48Z</time>
      </trkpt>
      <trkpt lat="23.066285" lon="113.268264">
        <time>2026-07-10T22:43:53Z</time>
      </trkpt>
      <trkpt lat="23.066403" lon="113.268168">
        <time>2026-07-10T22:43:58Z</time>
      </trkpt>
      <trkpt lat="23.066495" lon="113.268139">
        <time>2026-07-10T22:44:03Z</time>
      </trkpt>
      <trkpt lat="23.066585" lon="113.26814">
        <time>2026-07-10T22:44:08Z</time>
      </trkpt>
      <trkpt lat="23.066725" lon="113.268151">
        <time>2026-07-10T22:44:13Z</time>
      </trkpt>
      <trkpt lat="23.066871" lon="113.268144">
        <time>2026-07-10T22:44:18Z</time>
      </trkpt>
      <trkpt lat="23.066965" lon="113.268157">
        <time>2026-07-10T22:44:23Z</time>
      </trkpt>
      <trkpt lat="23.067048" lon="113.268197">
        <time>2026-07-10T22:44:28Z</time>
      </trkpt>
      <trkpt lat="23.067168" lon="113.268255">
        <time>2026-07-10T22:44:33Z</time>
      </trkpt>
      <trkpt lat="23.067287" lon="113.268323">
        <time>2026-07-10T22:44:38Z</time>
      </trkpt>
      <trkpt lat="23.067375" lon="113.268379">
        <time>2026-07-10T22:44:43Z</time>
      </trkpt>
      <trkpt lat="23.067463" lon="113.268427">
        <time>2026-07-10T22:44:48Z</time>
      </trkpt>
      <trkpt lat="23.067589" lon="113.268496">
        <time>2026-07-10T22:44:53Z</time>
      </trkpt>
      <trkpt lat="23.067729" lon="113.268566">
        <time>2026-07-10T22:44:58Z</time>
      </trkpt>
      <trkpt lat="23.067819" lon="113.268606">
        <time>2026-07-10T22:45:03Z</time>
      </trkpt>
      <trkpt lat="23.067905" lon="113.268643">
        <time>2026-07-10T22:45:08Z</time>
      </trkpt>
      <trkpt lat="23.068028" lon="113.268716">
        <time>2026-07-10T22:45:13Z</time>
      </trkpt>
      <trkpt lat="23.06814" lon="113.268763">
        <time>2026-07-10T22:45:18Z</time>
      </trkpt>
      <trkpt lat="23.068217" lon="113.268794">
        <time>2026-07-10T22:45:23Z</time>
      </trkpt>
      <trkpt lat="23.068304" lon="113.268839">
        <time>2026-07-10T22:45:28Z</time>
      </trkpt>
      <trkpt lat="23.068427" lon="113.268915">
        <time>2026-07-10T22:45:33Z</time>
      </trkpt>
      <trkpt lat="23.068565" lon="113.268974">
        <time>2026-07-10T22:45:38Z</time>
      </trkpt>
      <trkpt lat="23.068655" lon="113.269012">
        <time>2026-07-10T22:45:43Z</time>
      </trkpt>
      <trkpt lat="23.068744" lon="113.269066">
        <time>2026-07-10T22:45:48Z</time>
      </trkpt>
      <trkpt lat="23.068889" lon="113.269129">
        <time>2026-07-10T22:45:53Z</time>
      </trkpt>
      <trkpt lat="23.069011" lon="113.269175">
        <time>2026-07-10T22:45:58Z</time>
      </trkpt>
      <trkpt lat="23.069037" lon="113.269132">
        <time>2026-07-10T22:46:03Z</time>
      </trkpt>
      <trkpt lat="23.06898" lon="113.269051">
        <time>2026-07-10T22:46:08Z</time>
      </trkpt>
      <trkpt lat="23.068855" lon="113.268958">
        <time>2026-07-10T22:46:13Z</time>
      </trkpt>
      <trkpt lat="23.068723" lon="113.268884">
        <time>2026-07-10T22:46:18Z</time>
      </trkpt>
      <trkpt lat="23.068634" lon="113.268827">
        <time>2026-07-10T22:46:23Z</time>
      </trkpt>
      <trkpt lat="23.068548" lon="113.268787">
        <time>2026-07-10T22:46:28Z</time>
      </trkpt>
      <trkpt lat="23.068422" lon="113.268751">
        <time>2026-07-10T22:46:33Z</time>
      </trkpt>
      <trkpt lat="23.068295" lon="113.268682">
        <time>2026-07-10T22:46:38Z</time>
      </trkpt>
      <trkpt lat="23.068204" lon="113.26863">
        <time>2026-07-10T22:46:43Z</time>
      </trkpt>
      <trkpt lat="23.068109" lon="113.268584">
        <time>2026-07-10T22:46:48Z</time>
      </trkpt>
      <trkpt lat="23.06796" lon="113.268508">
        <time>2026-07-10T22:46:53Z</time>
      </trkpt>
      <trkpt lat="23.067819" lon="113.268452">
        <time>2026-07-10T22:46:58Z</time>
      </trkpt>
      <trkpt lat="23.067735" lon="113.268406">
        <time>2026-07-10T22:47:03Z</time>
      </trkpt>
      <trkpt lat="23.067653" lon="113.26836">
        <time>2026-07-10T22:47:08Z</time>
      </trkpt>
      <trkpt lat="23.067523" lon="113.268294">
        <time>2026-07-10T22:47:13Z</time>
      </trkpt>
      <trkpt lat="23.067382" lon="113.268243">
        <time>2026-07-10T22:47:18Z</time>
      </trkpt>
      <trkpt lat="23.067291" lon="113.268203">
        <time>2026-07-10T22:47:23Z</time>
      </trkpt>
      <trkpt lat="23.067202" lon="113.268163">
        <time>2026-07-10T22:47:28Z</time>
      </trkpt>
      <trkpt lat="23.067076" lon="113.268112">
        <time>2026-07-10T22:47:33Z</time>
      </trkpt>
      <trkpt lat="23.066957" lon="113.268051">
        <time>2026-07-10T22:47:38Z</time>
      </trkpt>
      <trkpt lat="23.066863" lon="113.268025">
        <time>2026-07-10T22:47:43Z</time>
      </trkpt>
      <trkpt lat="23.066761" lon="113.268016">
        <time>2026-07-10T22:47:48Z</time>
      </trkpt>
      <trkpt lat="23.066616" lon="113.268016">
        <time>2026-07-10T22:47:53Z</time>
      </trkpt>
      <trkpt lat="23.06648" lon="113.267969">
        <time>2026-07-10T22:47:58Z</time>
      </trkpt>
      <trkpt lat="23.066387" lon="113.267951">
        <time>2026-07-10T22:48:03Z</time>
      </trkpt>
      <trkpt lat="23.066291" lon="113.267963">
        <time>2026-07-10T22:48:08Z</time>
      </trkpt>
      <trkpt lat="23.066161" lon="113.268039">
        <time>2026-07-10T22:48:13Z</time>
      </trkpt>
      <trkpt lat="23.066052" lon="113.268157">
        <time>2026-07-10T22:48:18Z</time>
      </trkpt>
      <trkpt lat="23.065986" lon="113.268236">
        <time>2026-07-10T22:48:23Z</time>
      </trkpt>
      <trkpt lat="23.065918" lon="113.268312">
        <time>2026-07-10T22:48:28Z</time>
      </trkpt>
      <trkpt lat="23.065822" lon="113.268434">
        <time>2026-07-10T22:48:33Z</time>
      </trkpt>
      <trkpt lat="23.065752" lon="113.268564">
        <time>2026-07-10T22:48:38Z</time>
      </trkpt>
      <trkpt lat="23.065708" lon="113.268652">
        <time>2026-07-10T22:48:43Z</time>
      </trkpt>
      <trkpt lat="23.065672" lon="113.268742">
        <time>2026-07-10T22:48:48Z</time>
      </trkpt>
      <trkpt lat="23.065622" lon="113.268885">
        <time>2026-07-10T22:48:53Z</time>
      </trkpt>
      <trkpt lat="23.065581" lon="113.269032">
        <time>2026-07-10T22:48:58Z</time>
      </trkpt>
      <trkpt lat="23.065557" lon="113.26913">
        <time>2026-07-10T22:49:03Z</time>
      </trkpt>
      <trkpt lat="23.065532" lon="113.269226">
        <time>2026-07-10T22:49:08Z</time>
      </trkpt>
      <trkpt lat="23.065496" lon="113.269375">
        <time>2026-07-10T22:49:13Z</time>
      </trkpt>
      <trkpt lat="23.065467" lon="113.269528">
        <time>2026-07-10T22:49:18Z</time>
      </trkpt>
      <trkpt lat="23.065446" lon="113.269629">
        <time>2026-07-10T22:49:23Z</time>
      </trkpt>
      <trkpt lat="23.065418" lon="113.269728">
        <time>2026-07-10T22:49:28Z</time>
      </trkpt>
      <trkpt lat="23.065367" lon="113.269873">
        <time>2026-07-10T22:49:33Z</time>
      </trkpt>
      <trkpt lat="23.065314" lon="113.270016">
        <time>2026-07-10T22:49:38Z</time>
      </trkpt>
      <trkpt lat="23.065275" lon="113.270113">
        <time>2026-07-10T22:49:43Z</time>
      </trkpt>
      <trkpt lat="23.065238" lon="113.27021">
        <time>2026-07-10T22:49:48Z</time>
      </trkpt>
      <trkpt lat="23.065173" lon="113.270349">
        <time>2026-07-10T22:49:53Z</time>
      </trkpt>
      <trkpt lat="23.06511" lon="113.270493">
        <time>2026-07-10T22:49:58Z</time>
      </trkpt>
      <trkpt lat="23.065068" lon="113.270581">
        <time>2026-07-10T22:50:03Z</time>
      </trkpt>
      <trkpt lat="23.065028" lon="113.270676">
        <time>2026-07-10T22:50:08Z</time>
      </trkpt>
      <trkpt lat="23.064959" lon="113.270819">
        <time>2026-07-10T22:50:13Z</time>
      </trkpt>
      <trkpt lat="23.064895" lon="113.270956">
        <time>2026-07-10T22:50:18Z</time>
      </trkpt>
      <trkpt lat="23.064859" lon="113.271051">
        <time>2026-07-10T22:50:23Z</time>
      </trkpt>
      <trkpt lat="23.064819" lon="113.271145">
        <time>2026-07-10T22:50:28Z</time>
      </trkpt>
      <trkpt lat="23.064752" lon="113.271282">
        <time>2026-07-10T22:50:33Z</time>
      </trkpt>
      <trkpt lat="23.064681" lon="113.271418">
        <time>2026-07-10T22:50:38Z</time>
      </trkpt>
      <trkpt lat="23.064636" lon="113.271508">
        <time>2026-07-10T22:50:43Z</time>
      </trkpt>
      <trkpt lat="23.064592" lon="113.271599">
        <time>2026-07-10T22:50:48Z</time>
      </trkpt>
      <trkpt lat="23.064527" lon="113.271741">
        <time>2026-07-10T22:50:53Z</time>
      </trkpt>
      <trkpt lat="23.064461" lon="113.271881">
        <time>2026-07-10T22:50:58Z</time>
      </trkpt>
      <trkpt lat="23.064416" lon="113.271979">
        <time>2026-07-10T22:51:03Z</time>
      </trkpt>
      <trkpt lat="23.064369" lon="113.272073">
        <time>2026-07-10T22:51:08Z</time>
      </trkpt>
      <trkpt lat="23.064311" lon="113.272215">
        <time>2026-07-10T22:51:13Z</time>
      </trkpt>
      <trkpt lat="23.064308" lon="113.272369">
        <time>2026-07-10T22:51:18Z</time>
      </trkpt>
      <trkpt lat="23.064308" lon="113.272471">
        <time>2026-07-10T22:51:23Z</time>
      </trkpt>
      <trkpt lat="23.064308" lon="113.272572">
        <time>2026-07-10T22:51:28Z</time>
      </trkpt>
      <trkpt lat="23.064337" lon="113.27272">
        <time>2026-07-10T22:51:33Z</time>
      </trkpt>
      <trkpt lat="23.064385" lon="113.272854">
        <time>2026-07-10T22:51:38Z</time>
      </trkpt>
      <trkpt lat="23.064414" lon="113.272941">
        <time>2026-07-10T22:51:43Z</time>
      </trkpt>
      <trkpt lat="23.064442" lon="113.273033">
        <time>2026-07-10T22:51:48Z</time>
      </trkpt>
      <trkpt lat="23.064455" lon="113.273182">
        <time>2026-07-10T22:51:53Z</time>
      </trkpt>
      <trkpt lat="23.064396" lon="113.273312">
        <time>2026-07-10T22:51:58Z</time>
      </trkpt>
      <trkpt lat="23.064324" lon="113.273377">
        <time>2026-07-10T22:52:03Z</time>
      </trkpt>
      <trkpt lat="23.064238" lon="113.273436">
        <time>2026-07-10T22:52:08Z</time>
      </trkpt>
      <trkpt lat="23.064114" lon="113.273522">
        <time>2026-07-10T22:52:13Z</time>
      </trkpt>
      <trkpt lat="23.064" lon="113.273609">
        <time>2026-07-10T22:52:18Z</time>
      </trkpt>
      <trkpt lat="23.06393" lon="113.273674">
        <time>2026-07-10T22:52:23Z</time>
      </trkpt>
      <trkpt lat="23.063873" lon="113.273748">
        <time>2026-07-10T22:52:28Z</time>
      </trkpt>
      <trkpt lat="23.063802" lon="113.273869">
        <time>2026-07-10T22:52:33Z</time>
      </trkpt>
      <trkpt lat="23.063731" lon="113.273999">
        <time>2026-07-10T22:52:38Z</time>
      </trkpt>
      <trkpt lat="23.063675" lon="113.274075">
        <time>2026-07-10T22:52:43Z</time>
      </trkpt>
      <trkpt lat="23.063606" lon="113.274129">
        <time>2026-07-10T22:52:48Z</time>
      </trkpt>
      <trkpt lat="23.063525" lon="113.274234">
        <time>2026-07-10T22:52:53Z</time>
      </trkpt>
      <trkpt lat="23.063457" lon="113.274404">
        <time>2026-07-10T22:52:58Z</time>
      </trkpt>
      <trkpt lat="23.063415" lon="113.274512">
        <time>2026-07-10T22:53:03Z</time>
      </trkpt>
      <trkpt lat="23.063389" lon="113.274603">
        <time>2026-07-10T22:53:08Z</time>
      </trkpt>
      <trkpt lat="23.063343" lon="113.274742">
        <time>2026-07-10T22:53:13Z</time>
      </trkpt>
      <trkpt lat="23.06329" lon="113.274892">
        <time>2026-07-10T22:53:18Z</time>
      </trkpt>
      <trkpt lat="23.063251" lon="113.274992">
        <time>2026-07-10T22:53:23Z</time>
      </trkpt>
      <trkpt lat="23.063201" lon="113.275089">
        <time>2026-07-10T22:53:28Z</time>
      </trkpt>
      <trkpt lat="23.063124" lon="113.275227">
        <time>2026-07-10T22:53:33Z</time>
      </trkpt>
      <trkpt lat="23.06305" lon="113.275358">
        <time>2026-07-10T22:53:38Z</time>
      </trkpt>
      <trkpt lat="23.063" lon="113.275445">
        <time>2026-07-10T22:53:43Z</time>
      </trkpt>
      <trkpt lat="23.062933" lon="113.27553">
        <time>2026-07-10T22:53:48Z</time>
      </trkpt>
      <trkpt lat="23.062819" lon="113.275643">
        <time>2026-07-10T22:53:53Z</time>
      </trkpt>
      <trkpt lat="23.062705" lon="113.275745">
        <time>2026-07-10T22:53:58Z</time>
      </trkpt>
      <trkpt lat="23.062635" lon="113.275819">
        <time>2026-07-10T22:54:03Z</time>
      </trkpt>
      <trkpt lat="23.062576" lon="113.275897">
        <time>2026-07-10T22:54:08Z</time>
      </trkpt>
      <trkpt lat="23.062498" lon="113.276026">
        <time>2026-07-10T22:54:13Z</time>
      </trkpt>
      <trkpt lat="23.06243" lon="113.276161">
        <time>2026-07-10T22:54:18Z</time>
      </trkpt>
      <trkpt lat="23.06239" lon="113.276255">
        <time>2026-07-10T22:54:23Z</time>
      </trkpt>
      <trkpt lat="23.062358" lon="113.276346">
        <time>2026-07-10T22:54:28Z</time>
      </trkpt>
      <trkpt lat="23.062305" lon="113.276486">
        <time>2026-07-10T22:54:33Z</time>
      </trkpt>
      <trkpt lat="23.062249" lon="113.276623">
        <time>2026-07-10T22:54:38Z</time>
      </trkpt>
      <trkpt lat="23.062208" lon="113.276711">
        <time>2026-07-10T22:54:43Z</time>
      </trkpt>
      <trkpt lat="23.062171" lon="113.276808">
        <time>2026-07-10T22:54:48Z</time>
      </trkpt>
      <trkpt lat="23.062125" lon="113.276943">
        <time>2026-07-10T22:54:53Z</time>
      </trkpt>
      <trkpt lat="23.062075" lon="113.277087">
        <time>2026-07-10T22:54:58Z</time>
      </trkpt>
      <trkpt lat="23.062027" lon="113.277193">
        <time>2026-07-10T22:55:03Z</time>
      </trkpt>
      <trkpt lat="23.061981" lon="113.277294">
        <time>2026-07-10T22:55:08Z</time>
      </trkpt>
      <trkpt lat="23.061918" lon="113.277448">
        <time>2026-07-10T22:55:13Z</time>
      </trkpt>
      <trkpt lat="23.061871" lon="113.277603">
        <time>2026-07-10T22:55:18Z</time>
      </trkpt>
      <trkpt lat="23.061834" lon="113.277701">
        <time>2026-07-10T22:55:23Z</time>
      </trkpt>
      <trkpt lat="23.061815" lon="113.277797">
        <time>2026-07-10T22:55:28Z</time>
      </trkpt>
      <trkpt lat="23.061815" lon="113.277944">
        <time>2026-07-10T22:55:33Z</time>
      </trkpt>
      <trkpt lat="23.061826" lon="113.278091">
        <time>2026-07-10T22:55:38Z</time>
      </trkpt>
      <trkpt lat="23.061836" lon="113.278187">
        <time>2026-07-10T22:55:43Z</time>
      </trkpt>
      <trkpt lat="23.061837" lon="113.278287">
        <time>2026-07-10T22:55:48Z</time>
      </trkpt>
      <trkpt lat="23.061843" lon="113.278438">
        <time>2026-07-10T22:55:53Z</time>
      </trkpt>
      <trkpt lat="23.061844" lon="113.278576">
        <time>2026-07-10T22:55:58Z</time>
      </trkpt>
      <trkpt lat="23.061833" lon="113.278667">
        <time>2026-07-10T22:56:03Z</time>
      </trkpt>
      <trkpt lat="23.061802" lon="113.278729">
        <time>2026-07-10T22:56:08Z</time>
      </trkpt>
      <trkpt lat="23.061706" lon="113.278781">
        <time>2026-07-10T22:56:13Z</time>
      </trkpt>
      <trkpt lat="23.061644" lon="113.278917">
        <time>2026-07-10T22:56:18Z</time>
      </trkpt>
      <trkpt lat="23.061612" lon="113.279006">
        <time>2026-07-10T22:56:23Z</time>
      </trkpt>
      <trkpt lat="23.061582" lon="113.279089">
        <time>2026-07-10T22:56:28Z</time>
      </trkpt>
      <trkpt lat="23.061552" lon="113.279161">
        <time>2026-07-10T22:56:33Z</time>
      </trkpt>
      <trkpt lat="23.061591" lon="113.279159">
        <time>2026-07-10T22:56:38Z</time>
      </trkpt>
      <trkpt lat="23.061597" lon="113.279124">
        <time>2026-07-10T22:56:43Z</time>
      </trkpt>
      <trkpt lat="23.06157" lon="113.279132">
        <time>2026-07-10T22:56:48Z</time>
      </trkpt>
      <trkpt lat="23.061548" lon="113.279186">
        <time>2026-07-10T22:56:53Z</time>
      </trkpt>
      <trkpt lat="23.061513" lon="113.279318">
        <time>2026-07-10T22:56:58Z</time>
      </trkpt>
      <trkpt lat="23.061472" lon="113.27942">
        <time>2026-07-10T22:57:03Z</time>
      </trkpt>
      <trkpt lat="23.061425" lon="113.279519">
        <time>2026-07-10T22:57:08Z</time>
      </trkpt>
      <trkpt lat="23.061361" lon="113.279663">
        <time>2026-07-10T22:57:13Z</time>
      </trkpt>
      <trkpt lat="23.061297" lon="113.279809">
        <time>2026-07-10T22:57:18Z</time>
      </trkpt>
      <trkpt lat="23.061254" lon="113.279908">
        <time>2026-07-10T22:57:23Z</time>
      </trkpt>
      <trkpt lat="23.061211" lon="113.280007">
        <time>2026-07-10T22:57:28Z</time>
      </trkpt>
      <trkpt lat="23.061158" lon="113.280154">
        <time>2026-07-10T22:57:33Z</time>
      </trkpt>
      <trkpt lat="23.061103" lon="113.2803">
        <time>2026-07-10T22:57:38Z</time>
      </trkpt>
      <trkpt lat="23.061063" lon="113.280397">
        <time>2026-07-10T22:57:43Z</time>
      </trkpt>
      <trkpt lat="23.061019" lon="113.280498">
        <time>2026-07-10T22:57:48Z</time>
      </trkpt>
      <trkpt lat="23.060956" lon="113.280643">
        <time>2026-07-10T22:57:53Z</time>
      </trkpt>
      <trkpt lat="23.060895" lon="113.280794">
        <time>2026-07-10T22:57:58Z</time>
      </trkpt>
      <trkpt lat="23.06085" lon="113.280889">
        <time>2026-07-10T22:58:03Z</time>
      </trkpt>
      <trkpt lat="23.060807" lon="113.280986">
        <time>2026-07-10T22:58:08Z</time>
      </trkpt>
      <trkpt lat="23.06075" lon="113.281134">
        <time>2026-07-10T22:58:13Z</time>
      </trkpt>
      <trkpt lat="23.060684" lon="113.281278">
        <time>2026-07-10T22:58:18Z</time>
      </trkpt>
      <trkpt lat="23.060638" lon="113.281374">
        <time>2026-07-10T22:58:23Z</time>
      </trkpt>
      <trkpt lat="23.060598" lon="113.281473">
        <time>2026-07-10T22:58:28Z</time>
      </trkpt>
      <trkpt lat="23.060543" lon="113.281625">
        <time>2026-07-10T22:58:33Z</time>
      </trkpt>
      <trkpt lat="23.060478" lon="113.281776">
        <time>2026-07-10T22:58:38Z</time>
      </trkpt>
      <trkpt lat="23.060428" lon="113.281877">
        <time>2026-07-10T22:58:43Z</time>
      </trkpt>
      <trkpt lat="23.060375" lon="113.281975">
        <time>2026-07-10T22:58:48Z</time>
      </trkpt>
      <trkpt lat="23.060304" lon="113.282118">
        <time>2026-07-10T22:58:53Z</time>
      </trkpt>
      <trkpt lat="23.060241" lon="113.282262">
        <time>2026-07-10T22:58:58Z</time>
      </trkpt>
      <trkpt lat="23.060213" lon="113.282358">
        <time>2026-07-10T22:59:03Z</time>
      </trkpt>
      <trkpt lat="23.060179" lon="113.282453">
        <time>2026-07-10T22:59:08Z</time>
      </trkpt>
      <trkpt lat="23.060107" lon="113.2826">
        <time>2026-07-10T22:59:13Z</time>
      </trkpt>
      <trkpt lat="23.060041" lon="113.282751">
        <time>2026-07-10T22:59:18Z</time>
      </trkpt>
      <trkpt lat="23.059999" lon="113.282849">
        <time>2026-07-10T22:59:23Z</time>
      </trkpt>
      <trkpt lat="23.059956" lon="113.282943">
        <time>2026-07-10T22:59:28Z</time>
      </trkpt>
      <trkpt lat="23.0599" lon="113.283078">
        <time>2026-07-10T22:59:33Z</time>
      </trkpt>
      <trkpt lat="23.059842" lon="113.28322">
        <time>2026-07-10T22:59:38Z</time>
      </trkpt>
      <trkpt lat="23.059801" lon="113.283321">
        <time>2026-07-10T22:59:43Z</time>
      </trkpt>
      <trkpt lat="23.059753" lon="113.283414">
        <time>2026-07-10T22:59:48Z</time>
      </trkpt>
      <trkpt lat="23.059688" lon="113.283555">
        <time>2026-07-10T22:59:53Z</time>
      </trkpt>
      <trkpt lat="23.059626" lon="113.283695">
        <time>2026-07-10T22:59:58Z</time>
      </trkpt>
      <trkpt lat="23.059583" lon="113.28379">
        <time>2026-07-10T23:00:03Z</time>
      </trkpt>
      <trkpt lat="23.059536" lon="113.283888">
        <time>2026-07-10T23:00:08Z</time>
      </trkpt>
      <trkpt lat="23.059467" lon="113.284033">
        <time>2026-07-10T23:00:13Z</time>
      </trkpt>
      <trkpt lat="23.0594" lon="113.284172">
        <time>2026-07-10T23:00:18Z</time>
      </trkpt>
      <trkpt lat="23.059362" lon="113.284269">
        <time>2026-07-10T23:00:23Z</time>
      </trkpt>
      <trkpt lat="23.059326" lon="113.284362">
        <time>2026-07-10T23:00:28Z</time>
      </trkpt>
      <trkpt lat="23.059289" lon="113.284502">
        <time>2026-07-10T23:00:33Z</time>
      </trkpt>
      <trkpt lat="23.059269" lon="113.284651">
        <time>2026-07-10T23:00:38Z</time>
      </trkpt>
      <trkpt lat="23.059232" lon="113.284743">
        <time>2026-07-10T23:00:43Z</time>
      </trkpt>
      <trkpt lat="23.059186" lon="113.284837">
        <time>2026-07-10T23:00:48Z</time>
      </trkpt>
      <trkpt lat="23.059117" lon="113.284989">
        <time>2026-07-10T23:00:53Z</time>
      </trkpt>
      <trkpt lat="23.059051" lon="113.285138">
        <time>2026-07-10T23:00:58Z</time>
      </trkpt>
      <trkpt lat="23.059005" lon="113.285233">
        <time>2026-07-10T23:01:03Z</time>
      </trkpt>
      <trkpt lat="23.058965" lon="113.285334">
        <time>2026-07-10T23:01:08Z</time>
      </trkpt>
      <trkpt lat="23.058905" lon="113.285483">
        <time>2026-07-10T23:01:13Z</time>
      </trkpt>
      <trkpt lat="23.058849" lon="113.285624">
        <time>2026-07-10T23:01:18Z</time>
      </trkpt>
      <trkpt lat="23.058807" lon="113.28572">
        <time>2026-07-10T23:01:23Z</time>
      </trkpt>
      <trkpt lat="23.058764" lon="113.28582">
        <time>2026-07-10T23:01:28Z</time>
      </trkpt>
      <trkpt lat="23.058701" lon="113.285965">
        <time>2026-07-10T23:01:33Z</time>
      </trkpt>
      <trkpt lat="23.058639" lon="113.286106">
        <time>2026-07-10T23:01:38Z</time>
      </trkpt>
      <trkpt lat="23.058624" lon="113.286202">
        <time>2026-07-10T23:01:43Z</time>
      </trkpt>
      <trkpt lat="23.058672" lon="113.286284">
        <time>2026-07-10T23:01:48Z</time>
      </trkpt>
      <trkpt lat="23.05881" lon="113.286345">
        <time>2026-07-10T23:01:53Z</time>
      </trkpt>
      <trkpt lat="23.05895" lon="113.286363">
        <time>2026-07-10T23:01:58Z</time>
      </trkpt>
      <trkpt lat="23.059041" lon="113.286379">
        <time>2026-07-10T23:02:03Z</time>
      </trkpt>
      <trkpt lat="23.059135" lon="113.286393">
        <time>2026-07-10T23:02:08Z</time>
      </trkpt>
      <trkpt lat="23.059274" lon="113.286415">
        <time>2026-07-10T23:02:13Z</time>
      </trkpt>
      <trkpt lat="23.059407" lon="113.286419">
        <time>2026-07-10T23:02:18Z</time>
      </trkpt>
      <trkpt lat="23.059493" lon="113.286429">
        <time>2026-07-10T23:02:23Z</time>
      </trkpt>
      <trkpt lat="23.059581" lon="113.286434">
        <time>2026-07-10T23:02:28Z</time>
      </trkpt>
      <trkpt lat="23.05971" lon="113.286439">
        <time>2026-07-10T23:02:33Z</time>
      </trkpt>
      <trkpt lat="23.059837" lon="113.286433">
        <time>2026-07-10T23:02:38Z</time>
      </trkpt>
      <trkpt lat="23.059926" lon="113.28643">
        <time>2026-07-10T23:02:43Z</time>
      </trkpt>
      <trkpt lat="23.060016" lon="113.286453">
        <time>2026-07-10T23:02:48Z</time>
      </trkpt>
      <trkpt lat="23.060095" lon="113.286571">
        <time>2026-07-10T23:02:53Z</time>
      </trkpt>
      <trkpt lat="23.060112" lon="113.286755">
        <time>2026-07-10T23:02:58Z</time>
      </trkpt>
      <trkpt lat="23.060128" lon="113.286879">
        <time>2026-07-10T23:03:03Z</time>
      </trkpt>
      <trkpt lat="23.060164" lon="113.28699">
        <time>2026-07-10T23:03:08Z</time>
      </trkpt>
      <trkpt lat="23.060217" lon="113.287163">
        <time>2026-07-10T23:03:13Z</time>
      </trkpt>
      <trkpt lat="23.060242" lon="113.287315">
        <time>2026-07-10T23:03:18Z</time>
      </trkpt>
      <trkpt lat="23.060241" lon="113.287417">
        <time>2026-07-10T23:03:23Z</time>
      </trkpt>
      <trkpt lat="23.060219" lon="113.287521">
        <time>2026-07-10T23:03:28Z</time>
      </trkpt>
      <trkpt lat="23.060198" lon="113.287679">
        <time>2026-07-10T23:03:33Z</time>
      </trkpt>
      <trkpt lat="23.060189" lon="113.287839">
        <time>2026-07-10T23:03:38Z</time>
      </trkpt>
      <trkpt lat="23.060252" lon="113.287886">
        <time>2026-07-10T23:03:43Z</time>
      </trkpt>
      <trkpt lat="23.060297" lon="113.287833">
        <time>2026-07-10T23:03:48Z</time>
      </trkpt>
      <trkpt lat="23.060286" lon="113.287667">
        <time>2026-07-10T23:03:53Z</time>
      </trkpt>
      <trkpt lat="23.060259" lon="113.287514">
        <time>2026-07-10T23:03:58Z</time>
      </trkpt>
      <trkpt lat="23.060251" lon="113.287421">
        <time>2026-07-10T23:04:03Z</time>
      </trkpt>
      <trkpt lat="23.060247" lon="113.287327">
        <time>2026-07-10T23:04:08Z</time>
      </trkpt>
      <trkpt lat="23.060233" lon="113.287184">
        <time>2026-07-10T23:04:13Z</time>
      </trkpt>
      <trkpt lat="23.060227" lon="113.287025">
        <time>2026-07-10T23:04:18Z</time>
      </trkpt>
      <trkpt lat="23.060213" lon="113.286918">
        <time>2026-07-10T23:04:23Z</time>
      </trkpt>
      <trkpt lat="23.060229" lon="113.286814">
        <time>2026-07-10T23:04:28Z</time>
      </trkpt>
      <trkpt lat="23.060202" lon="113.286691">
        <time>2026-07-10T23:04:33Z</time>
      </trkpt>
      <trkpt lat="23.060242" lon="113.286573">
        <time>2026-07-10T23:04:38Z</time>
      </trkpt>
      <trkpt lat="23.060313" lon="113.286515">
        <time>2026-07-10T23:04:43Z</time>
      </trkpt>
      <trkpt lat="23.0604" lon="113.286467">
        <time>2026-07-10T23:04:48Z</time>
      </trkpt>
      <trkpt lat="23.060491" lon="113.286349">
        <time>2026-07-10T23:04:53Z</time>
      </trkpt>
      <trkpt lat="23.060512" lon="113.286189">
        <time>2026-07-10T23:04:58Z</time>
      </trkpt>
      <trkpt lat="23.060515" lon="113.286084">
        <time>2026-07-10T23:05:03Z</time>
      </trkpt>
      <trkpt lat="23.060514" lon="113.285982">
        <time>2026-07-10T23:05:08Z</time>
      </trkpt>
      <trkpt lat="23.060484" lon="113.285839">
        <time>2026-07-10T23:05:13Z</time>
      </trkpt>
      <trkpt lat="23.060481" lon="113.285686">
        <time>2026-07-10T23:05:18Z</time>
      </trkpt>
      <trkpt lat="23.060472" lon="113.285571">
        <time>2026-07-10T23:05:23Z</time>
      </trkpt>
      <trkpt lat="23.060479" lon="113.285459">
        <time>2026-07-10T23:05:28Z</time>
      </trkpt>
      <trkpt lat="23.060528" lon="113.285297">
        <time>2026-07-10T23:05:33Z</time>
      </trkpt>
      <trkpt lat="23.060562" lon="113.285145">
        <time>2026-07-10T23:05:38Z</time>
      </trkpt>
      <trkpt lat="23.060577" lon="113.285042">
        <time>2026-07-10T23:05:43Z</time>
      </trkpt>
      <trkpt lat="23.060595" lon="113.284948">
        <time>2026-07-10T23:05:48Z</time>
      </trkpt>
      <trkpt lat="23.060637" lon="113.284816">
        <time>2026-07-10T23:05:53Z</time>
      </trkpt>
      <trkpt lat="23.060657" lon="113.284679">
        <time>2026-07-10T23:05:58Z</time>
      </trkpt>
      <trkpt lat="23.060665" lon="113.284586">
        <time>2026-07-10T23:06:03Z</time>
      </trkpt>
      <trkpt lat="23.060681" lon="113.284492">
        <time>2026-07-10T23:06:08Z</time>
      </trkpt>
      <trkpt lat="23.060673" lon="113.284333">
        <time>2026-07-10T23:06:13Z</time>
      </trkpt>
      <trkpt lat="23.060603" lon="113.284207">
        <time>2026-07-10T23:06:18Z</time>
      </trkpt>
      <trkpt lat="23.060594" lon="113.284104">
        <time>2026-07-10T23:06:23Z</time>
      </trkpt>
      <trkpt lat="23.060628" lon="113.283977">
        <time>2026-07-10T23:06:28Z</time>
      </trkpt>
      <trkpt lat="23.060664" lon="113.28382">
        <time>2026-07-10T23:06:33Z</time>
      </trkpt>
      <trkpt lat="23.060657" lon="113.283703">
        <time>2026-07-10T23:06:38Z</time>
      </trkpt>
      <trkpt lat="23.060591" lon="113.2836">
        <time>2026-07-10T23:06:43Z</time>
      </trkpt>
      <trkpt lat="23.060437" lon="113.283571">
        <time>2026-07-10T23:06:48Z</time>
      </trkpt>
      <trkpt lat="23.060263" lon="113.283575">
        <time>2026-07-10T23:06:53Z</time>
      </trkpt>
      <trkpt lat="23.060152" lon="113.283568">
        <time>2026-07-10T23:06:58Z</time>
      </trkpt>
      <trkpt lat="23.060053" lon="113.28355">
        <time>2026-07-10T23:07:03Z</time>
      </trkpt>
      <trkpt lat="23.059921" lon="113.28353">
        <time>2026-07-10T23:07:08Z</time>
      </trkpt>
      <trkpt lat="23.059859" lon="113.283411">
        <time>2026-07-10T23:07:13Z</time>
      </trkpt>
      <trkpt lat="23.059896" lon="113.283307">
        <time>2026-07-10T23:07:18Z</time>
      </trkpt>
      <trkpt lat="23.059959" lon="113.283221">
        <time>2026-07-10T23:07:23Z</time>
      </trkpt>
      <trkpt lat="23.06004" lon="113.283101">
        <time>2026-07-10T23:07:28Z</time>
      </trkpt>
      <trkpt lat="23.060107" lon="113.282975">
        <time>2026-07-10T23:07:33Z</time>
      </trkpt>
      <trkpt lat="23.060157" lon="113.282887">
        <time>2026-07-10T23:07:38Z</time>
      </trkpt>
      <trkpt lat="23.060208" lon="113.282798">
        <time>2026-07-10T23:07:43Z</time>
      </trkpt>
      <trkpt lat="23.06028" lon="113.282667">
        <time>2026-07-10T23:07:48Z</time>
      </trkpt>
      <trkpt lat="23.060338" lon="113.282536">
        <time>2026-07-10T23:07:53Z</time>
      </trkpt>
      <trkpt lat="23.060371" lon="113.28245">
        <time>2026-07-10T23:07:58Z</time>
      </trkpt>
      <trkpt lat="23.060401" lon="113.282363">
        <time>2026-07-10T23:08:03Z</time>
      </trkpt>
      <trkpt lat="23.060449" lon="113.282231">
        <time>2026-07-10T23:08:08Z</time>
      </trkpt>
      <trkpt lat="23.060497" lon="113.282088">
        <time>2026-07-10T23:08:13Z</time>
      </trkpt>
      <trkpt lat="23.060533" lon="113.281996">
        <time>2026-07-10T23:08:18Z</time>
      </trkpt>
      <trkpt lat="23.060568" lon="113.281905">
        <time>2026-07-10T23:08:23Z</time>
      </trkpt>
      <trkpt lat="23.060627" lon="113.281761">
        <time>2026-07-10T23:08:28Z</time>
      </trkpt>
      <trkpt lat="23.060688" lon="113.281622">
        <time>2026-07-10T23:08:33Z</time>
      </trkpt>
      <trkpt lat="23.060729" lon="113.281529">
        <time>2026-07-10T23:08:38Z</time>
      </trkpt>
      <trkpt lat="23.060765" lon="113.281436">
        <time>2026-07-10T23:08:43Z</time>
      </trkpt>
      <trkpt lat="23.060819" lon="113.281296">
        <time>2026-07-10T23:08:48Z</time>
      </trkpt>
      <trkpt lat="23.060873" lon="113.281157">
        <time>2026-07-10T23:08:53Z</time>
      </trkpt>
      <trkpt lat="23.060915" lon="113.281069">
        <time>2026-07-10T23:08:58Z</time>
      </trkpt>
      <trkpt lat="23.060954" lon="113.280981">
        <time>2026-07-10T23:09:03Z</time>
      </trkpt>
      <trkpt lat="23.061011" lon="113.280843">
        <time>2026-07-10T23:09:08Z</time>
      </trkpt>
      <trkpt lat="23.061066" lon="113.280705">
        <time>2026-07-10T23:09:13Z</time>
      </trkpt>
      <trkpt lat="23.061113" lon="113.280613">
        <time>2026-07-10T23:09:18Z</time>
      </trkpt>
      <trkpt lat="23.061158" lon="113.28052">
        <time>2026-07-10T23:09:23Z</time>
      </trkpt>
      <trkpt lat="23.061224" lon="113.280386">
        <time>2026-07-10T23:09:28Z</time>
      </trkpt>
      <trkpt lat="23.061283" lon="113.280249">
        <time>2026-07-10T23:09:33Z</time>
      </trkpt>
      <trkpt lat="23.061329" lon="113.280164">
        <time>2026-07-10T23:09:38Z</time>
      </trkpt>
      <trkpt lat="23.061369" lon="113.280079">
        <time>2026-07-10T23:09:43Z</time>
      </trkpt>
      <trkpt lat="23.061418" lon="113.279947">
        <time>2026-07-10T23:09:48Z</time>
      </trkpt>
      <trkpt lat="23.061468" lon="113.279819">
        <time>2026-07-10T23:09:53Z</time>
      </trkpt>
      <trkpt lat="23.061502" lon="113.279734">
        <time>2026-07-10T23:09:58Z</time>
      </trkpt>
      <trkpt lat="23.061531" lon="113.279647">
        <time>2026-07-10T23:10:03Z</time>
      </trkpt>
      <trkpt lat="23.061577" lon="113.279521">
        <time>2026-07-10T23:10:08Z</time>
      </trkpt>
      <trkpt lat="23.061633" lon="113.279386">
        <time>2026-07-10T23:10:13Z</time>
      </trkpt>
      <trkpt lat="23.061673" lon="113.279299">
        <time>2026-07-10T23:10:18Z</time>
      </trkpt>
      <trkpt lat="23.061714" lon="113.279212">
        <time>2026-07-10T23:10:23Z</time>
      </trkpt>
      <trkpt lat="23.061774" lon="113.279082">
        <time>2026-07-10T23:10:28Z</time>
      </trkpt>
      <trkpt lat="23.061859" lon="113.278963">
        <time>2026-07-10T23:10:33Z</time>
      </trkpt>
      <trkpt lat="23.061913" lon="113.278885">
        <time>2026-07-10T23:10:38Z</time>
      </trkpt>
      <trkpt lat="23.061953" lon="113.278795">
        <time>2026-07-10T23:10:43Z</time>
      </trkpt>
      <trkpt lat="23.061975" lon="113.278645">
        <time>2026-07-10T23:10:48Z</time>
      </trkpt>
      <trkpt lat="23.061969" lon="113.27849">
        <time>2026-07-10T23:10:53Z</time>
      </trkpt>
      <trkpt lat="23.061965" lon="113.278389">
        <time>2026-07-10T23:10:58Z</time>
      </trkpt>
      <trkpt lat="23.061961" lon="113.278284">
        <time>2026-07-10T23:11:03Z</time>
      </trkpt>
      <trkpt lat="23.061952" lon="113.278126">
        <time>2026-07-10T23:11:08Z</time>
      </trkpt>
      <trkpt lat="23.061946" lon="113.277961">
        <time>2026-07-10T23:11:13Z</time>
      </trkpt>
      <trkpt lat="23.061941" lon="113.277848">
        <time>2026-07-10T23:11:18Z</time>
      </trkpt>
      <trkpt lat="23.061951" lon="113.277738">
        <time>2026-07-10T23:11:23Z</time>
      </trkpt>
      <trkpt lat="23.061995" lon="113.277586">
        <time>2026-07-10T23:11:28Z</time>
      </trkpt>
      <trkpt lat="23.062049" lon="113.277442">
        <time>2026-07-10T23:11:33Z</time>
      </trkpt>
      <trkpt lat="23.062086" lon="113.277344">
        <time>2026-07-10T23:11:38Z</time>
      </trkpt>
      <trkpt lat="23.062122" lon="113.27725">
        <time>2026-07-10T23:11:43Z</time>
      </trkpt>
      <trkpt lat="23.062173" lon="113.277106">
        <time>2026-07-10T23:11:48Z</time>
      </trkpt>
      <trkpt lat="23.062227" lon="113.27696">
        <time>2026-07-10T23:11:53Z</time>
      </trkpt>
      <trkpt lat="23.06226" lon="113.276865">
        <time>2026-07-10T23:11:58Z</time>
      </trkpt>
      <trkpt lat="23.062295" lon="113.276768">
        <time>2026-07-10T23:12:03Z</time>
      </trkpt>
      <trkpt lat="23.062351" lon="113.276626">
        <time>2026-07-10T23:12:08Z</time>
      </trkpt>
      <trkpt lat="23.062406" lon="113.276489">
        <time>2026-07-10T23:12:13Z</time>
      </trkpt>
      <trkpt lat="23.062443" lon="113.276392">
        <time>2026-07-10T23:12:18Z</time>
      </trkpt>
      <trkpt lat="23.062481" lon="113.276296">
        <time>2026-07-10T23:12:23Z</time>
      </trkpt>
      <trkpt lat="23.062541" lon="113.276158">
        <time>2026-07-10T23:12:28Z</time>
      </trkpt>
      <trkpt lat="23.062611" lon="113.27603">
        <time>2026-07-10T23:12:33Z</time>
      </trkpt>
      <trkpt lat="23.062666" lon="113.275951">
        <time>2026-07-10T23:12:38Z</time>
      </trkpt>
      <trkpt lat="23.062729" lon="113.275876">
        <time>2026-07-10T23:12:43Z</time>
      </trkpt>
      <trkpt lat="23.062826" lon="113.275767">
        <time>2026-07-10T23:12:48Z</time>
      </trkpt>
      <trkpt lat="23.062933" lon="113.275664">
        <time>2026-07-10T23:12:53Z</time>
      </trkpt>
      <trkpt lat="23.062999" lon="113.275592">
        <time>2026-07-10T23:12:58Z</time>
      </trkpt>
      <trkpt lat="23.06306" lon="113.275514">
        <time>2026-07-10T23:13:03Z</time>
      </trkpt>
      <trkpt lat="23.063141" lon="113.275383">
        <time>2026-07-10T23:13:08Z</time>
      </trkpt>
      <trkpt lat="23.063215" lon="113.275253">
        <time>2026-07-10T23:13:13Z</time>
      </trkpt>
      <trkpt lat="23.063269" lon="113.275169">
        <time>2026-07-10T23:13:18Z</time>
      </trkpt>
      <trkpt lat="23.063321" lon="113.275079">
        <time>2026-07-10T23:13:23Z</time>
      </trkpt>
      <trkpt lat="23.063379" lon="113.274936">
        <time>2026-07-10T23:13:28Z</time>
      </trkpt>
      <trkpt lat="23.063417" lon="113.274795">
        <time>2026-07-10T23:13:33Z</time>
      </trkpt>
      <trkpt lat="23.063444" lon="113.274704">
        <time>2026-07-10T23:13:38Z</time>
      </trkpt>
      <trkpt lat="23.063473" lon="113.27461">
        <time>2026-07-10T23:13:43Z</time>
      </trkpt>
      <trkpt lat="23.063518" lon="113.27449">
        <time>2026-07-10T23:13:48Z</time>
      </trkpt>
      <trkpt lat="23.063545" lon="113.274389">
        <time>2026-07-10T23:13:53Z</time>
      </trkpt>
      <trkpt lat="23.063586" lon="113.274318">
        <time>2026-07-10T23:13:58Z</time>
      </trkpt>
      <trkpt lat="23.063668" lon="113.274257">
        <time>2026-07-10T23:14:03Z</time>
      </trkpt>
      <trkpt lat="23.063782" lon="113.274156">
        <time>2026-07-10T23:14:08Z</time>
      </trkpt>
      <trkpt lat="23.063857" lon="113.274031">
        <time>2026-07-10T23:14:13Z</time>
      </trkpt>
      <trkpt lat="23.063908" lon="113.273953">
        <time>2026-07-10T23:14:18Z</time>
      </trkpt>
      <trkpt lat="23.063959" lon="113.273874">
        <time>2026-07-10T23:14:23Z</time>
      </trkpt>
      <trkpt lat="23.064041" lon="113.273751">
        <time>2026-07-10T23:14:28Z</time>
      </trkpt>
      <trkpt lat="23.064141" lon="113.273642">
        <time>2026-07-10T23:14:33Z</time>
      </trkpt>
      <trkpt lat="23.064214" lon="113.27358">
        <time>2026-07-10T23:14:38Z</time>
      </trkpt>
      <trkpt lat="23.064287" lon="113.273529">
        <time>2026-07-10T23:14:43Z</time>
      </trkpt>
      <trkpt lat="23.064394" lon="113.273432">
        <time>2026-07-10T23:14:48Z</time>
      </trkpt>
      <trkpt lat="23.064501" lon="113.273325">
        <time>2026-07-10T23:14:53Z</time>
      </trkpt>
      <trkpt lat="23.064551" lon="113.273238">
        <time>2026-07-10T23:14:58Z</time>
      </trkpt>
      <trkpt lat="23.064574" lon="113.273136">
        <time>2026-07-10T23:15:03Z</time>
      </trkpt>
      <trkpt lat="23.064552" lon="113.272985">
        <time>2026-07-10T23:15:08Z</time>
      </trkpt>
      <trkpt lat="23.064499" lon="113.272839">
        <time>2026-07-10T23:15:13Z</time>
      </trkpt>
      <trkpt lat="23.064466" lon="113.272741">
        <time>2026-07-10T23:15:18Z</time>
      </trkpt>
      <trkpt lat="23.064447" lon="113.272636">
        <time>2026-07-10T23:15:23Z</time>
      </trkpt>
      <trkpt lat="23.064472" lon="113.272488">
        <time>2026-07-10T23:15:28Z</time>
      </trkpt>
      <trkpt lat="23.064598" lon="113.272455">
        <time>2026-07-10T23:15:33Z</time>
      </trkpt>
      <trkpt lat="23.064694" lon="113.272495">
        <time>2026-07-10T23:15:38Z</time>
      </trkpt>
      <trkpt lat="23.064791" lon="113.272534">
        <time>2026-07-10T23:15:43Z</time>
      </trkpt>
      <trkpt lat="23.064933" lon="113.272574">
        <time>2026-07-10T23:15:48Z</time>
      </trkpt>
      <trkpt lat="23.065073" lon="113.272619">
        <time>2026-07-10T23:15:53Z</time>
      </trkpt>
      <trkpt lat="23.06516" lon="113.272651">
        <time>2026-07-10T23:15:58Z</time>
      </trkpt>
      <trkpt lat="23.065244" lon="113.272678">
        <time>2026-07-10T23:16:03Z</time>
      </trkpt>
      <trkpt lat="23.065364" lon="113.272719">
        <time>2026-07-10T23:16:08Z</time>
      </trkpt>
      <trkpt lat="23.065488" lon="113.272747">
        <time>2026-07-10T23:16:13Z</time>
      </trkpt>
      <trkpt lat="23.065579" lon="113.272766">
        <time>2026-07-10T23:16:18Z</time>
      </trkpt>
      <trkpt lat="23.065676" lon="113.272792">
        <time>2026-07-10T23:16:23Z</time>
      </trkpt>
      <trkpt lat="23.065825" lon="113.272831">
        <time>2026-07-10T23:16:28Z</time>
      </trkpt>
      <trkpt lat="23.065971" lon="113.272848">
        <time>2026-07-10T23:16:33Z</time>
      </trkpt>
      <trkpt lat="23.066069" lon="113.272839">
        <time>2026-07-10T23:16:38Z</time>
      </trkpt>
      <trkpt lat="23.06616" lon="113.272816">
        <time>2026-07-10T23:16:43Z</time>
      </trkpt>
      <trkpt lat="23.066283" lon="113.272741">
        <time>2026-07-10T23:16:48Z</time>
      </trkpt>
      <trkpt lat="23.066397" lon="113.27266">
        <time>2026-07-10T23:16:53Z</time>
      </trkpt>
      <trkpt lat="23.06643" lon="113.272574">
        <time>2026-07-10T23:16:58Z</time>
      </trkpt>
      <trkpt lat="23.066429" lon="113.272476">
        <time>2026-07-10T23:17:03Z</time>
      </trkpt>
      <trkpt lat="23.06642" lon="113.272331">
        <time>2026-07-10T23:17:08Z</time>
      </trkpt>
      <trkpt lat="23.066394" lon="113.272186">
        <time>2026-07-10T23:17:13Z</time>
      </trkpt>
      <trkpt lat="23.06639" lon="113.272087">
        <time>2026-07-10T23:17:18Z</time>
      </trkpt>
      <trkpt lat="23.066405" lon="113.271991">
        <time>2026-07-10T23:17:23Z</time>
      </trkpt>
      <trkpt lat="23.06643" lon="113.27184">
        <time>2026-07-10T23:17:28Z</time>
      </trkpt>
      <trkpt lat="23.066443" lon="113.271684">
        <time>2026-07-10T23:17:33Z</time>
      </trkpt>
      <trkpt lat="23.06646" lon="113.271586">
        <time>2026-07-10T23:17:38Z</time>
      </trkpt>
      <trkpt lat="23.06643" lon="113.271494">
        <time>2026-07-10T23:17:43Z</time>
      </trkpt>
      <trkpt lat="23.066341" lon="113.271404">
        <time>2026-07-10T23:17:48Z</time>
      </trkpt>
      <trkpt lat="23.066229" lon="113.271373">
        <time>2026-07-10T23:17:53Z</time>
      </trkpt>
      <trkpt lat="23.066128" lon="113.271353">
        <time>2026-07-10T23:17:58Z</time>
      </trkpt>
      <trkpt lat="23.066033" lon="113.271317">
        <time>2026-07-10T23:18:03Z</time>
      </trkpt>
      <trkpt lat="23.065876" lon="113.271271">
        <time>2026-07-10T23:18:08Z</time>
      </trkpt>
      <trkpt lat="23.065705" lon="113.271226">
        <time>2026-07-10T23:18:13Z</time>
      </trkpt>
      <trkpt lat="23.065606" lon="113.271201">
        <time>2026-07-10T23:18:18Z</time>
      </trkpt>
      <trkpt lat="23.065516" lon="113.27118">
        <time>2026-07-10T23:18:23Z</time>
      </trkpt>
      <trkpt lat="23.065387" lon="113.271148">
        <time>2026-07-10T23:18:28Z</time>
      </trkpt>
      <trkpt lat="23.065264" lon="113.2711">
        <time>2026-07-10T23:18:33Z</time>
      </trkpt>
      <trkpt lat="23.065191" lon="113.271033">
        <time>2026-07-10T23:18:38Z</time>
      </trkpt>
      <trkpt lat="23.065157" lon="113.270937">
        <time>2026-07-10T23:18:43Z</time>
      </trkpt>
      <trkpt lat="23.065202" lon="113.270784">
        <time>2026-07-10T23:18:48Z</time>
      </trkpt>
      <trkpt lat="23.065276" lon="113.270651">
        <time>2026-07-10T23:18:53Z</time>
      </trkpt>
      <trkpt lat="23.06532" lon="113.270563">
        <time>2026-07-10T23:18:58Z</time>
      </trkpt>
      <trkpt lat="23.065361" lon="113.270474">
        <time>2026-07-10T23:19:03Z</time>
      </trkpt>
      <trkpt lat="23.065422" lon="113.270341">
        <time>2026-07-10T23:19:08Z</time>
      </trkpt>
      <trkpt lat="23.065487" lon="113.270205">
        <time>2026-07-10T23:19:13Z</time>
      </trkpt>
      <trkpt lat="23.065523" lon="113.270117">
        <time>2026-07-10T23:19:18Z</time>
      </trkpt>
      <trkpt lat="23.065555" lon="113.270027">
        <time>2026-07-10T23:19:23Z</time>
      </trkpt>
      <trkpt lat="23.065602" lon="113.269894">
        <time>2026-07-10T23:19:28Z</time>
      </trkpt>
      <trkpt lat="23.06561" lon="113.26975">
        <time>2026-07-10T23:19:33Z</time>
      </trkpt>
      <trkpt lat="23.065592" lon="113.269662">
        <time>2026-07-10T23:19:38Z</time>
      </trkpt>
      <trkpt lat="23.065514" lon="113.269645">
        <time>2026-07-10T23:19:43Z</time>
      </trkpt>
      <trkpt lat="23.065426" lon="113.269765">
        <time>2026-07-10T23:19:48Z</time>
      </trkpt>
      <trkpt lat="23.065371" lon="113.269918">
        <time>2026-07-10T23:19:53Z</time>
      </trkpt>
      <trkpt lat="23.065339" lon="113.270011">
        <time>2026-07-10T23:19:58Z</time>
      </trkpt>
      <trkpt lat="23.065302" lon="113.270103">
        <time>2026-07-10T23:20:03Z</time>
      </trkpt>
      <trkpt lat="23.065239" lon="113.270238">
        <time>2026-07-10T23:20:08Z</time>
      </trkpt>
      <trkpt lat="23.065175" lon="113.270367">
        <time>2026-07-10T23:20:13Z</time>
      </trkpt>
      <trkpt lat="23.065133" lon="113.270458">
        <time>2026-07-10T23:20:18Z</time>
      </trkpt>
      <trkpt lat="23.065089" lon="113.270546">
        <time>2026-07-10T23:20:23Z</time>
      </trkpt>
      <trkpt lat="23.065028" lon="113.270681">
        <time>2026-07-10T23:20:28Z</time>
      </trkpt>
      <trkpt lat="23.064968" lon="113.270815">
        <time>2026-07-10T23:20:33Z</time>
      </trkpt>
      <trkpt lat="23.064926" lon="113.270905">
        <time>2026-07-10T23:20:38Z</time>
      </trkpt>
      <trkpt lat="23.064887" lon="113.270996">
        <time>2026-07-10T23:20:43Z</time>
      </trkpt>
      <trkpt lat="23.064824" lon="113.271126">
        <time>2026-07-10T23:20:48Z</time>
      </trkpt>
      <trkpt lat="23.064759" lon="113.271263">
        <time>2026-07-10T23:20:53Z</time>
      </trkpt>
      <trkpt lat="23.064719" lon="113.271354">
        <time>2026-07-10T23:20:58Z</time>
      </trkpt>
      <trkpt lat="23.064679" lon="113.271445">
        <time>2026-07-10T23:21:03Z</time>
      </trkpt>
      <trkpt lat="23.064614" lon="113.27158">
        <time>2026-07-10T23:21:08Z</time>
      </trkpt>
      <trkpt lat="23.064553" lon="113.271712">
        <time>2026-07-10T23:21:13Z</time>
      </trkpt>
      <trkpt lat="23.064517" lon="113.271805">
        <time>2026-07-10T23:21:18Z</time>
      </trkpt>
      <trkpt lat="23.064478" lon="113.271898">
        <time>2026-07-10T23:21:23Z</time>
      </trkpt>
      <trkpt lat="23.064413" lon="113.272039">
        <time>2026-07-10T23:21:28Z</time>
      </trkpt>
      <trkpt lat="23.064343" lon="113.272167">
        <time>2026-07-10T23:21:33Z</time>
      </trkpt>
      <trkpt lat="23.064319" lon="113.272259">
        <time>2026-07-10T23:21:38Z</time>
      </trkpt>
      <trkpt lat="23.064318" lon="113.272355">
        <time>2026-07-10T23:21:43Z</time>
      </trkpt>
      <trkpt lat="23.064315" lon="113.272495">
        <time>2026-07-10T23:21:48Z</time>
      </trkpt>
      <trkpt lat="23.064322" lon="113.272633">
        <time>2026-07-10T23:21:53Z</time>
      </trkpt>
      <trkpt lat="23.064345" lon="113.272729">
        <time>2026-07-10T23:21:58Z</time>
      </trkpt>
      <trkpt lat="23.064371" lon="113.272821">
        <time>2026-07-10T23:22:03Z</time>
      </trkpt>
      <trkpt lat="23.064412" lon="113.272944">
        <time>2026-07-10T23:22:08Z</time>
      </trkpt>
      <trkpt lat="23.064456" lon="113.273069">
        <time>2026-07-10T23:22:13Z</time>
      </trkpt>
      <trkpt lat="23.064469" lon="113.27316">
        <time>2026-07-10T23:22:18Z</time>
      </trkpt>
      <trkpt lat="23.064449" lon="113.273252">
        <time>2026-07-10T23:22:23Z</time>
      </trkpt>
      <trkpt lat="23.064356" lon="113.273361">
        <time>2026-07-10T23:22:28Z</time>
      </trkpt>
      <trkpt lat="23.064236" lon="113.273446">
        <time>2026-07-10T23:22:33Z</time>
      </trkpt>
      <trkpt lat="23.064158" lon="113.273501">
        <time>2026-07-10T23:22:38Z</time>
      </trkpt>
      <trkpt lat="23.064084" lon="113.273559">
        <time>2026-07-10T23:22:43Z</time>
      </trkpt>
      <trkpt lat="23.063981" lon="113.273649">
        <time>2026-07-10T23:22:48Z</time>
      </trkpt>
      <trkpt lat="23.063893" lon="113.273758">
        <time>2026-07-10T23:22:53Z</time>
      </trkpt>
      <trkpt lat="23.063846" lon="113.273836">
        <time>2026-07-10T23:22:58Z</time>
      </trkpt>
      <trkpt lat="23.0638" lon="113.273916">
        <time>2026-07-10T23:23:03Z</time>
      </trkpt>
      <trkpt lat="23.063727" lon="113.274039">
        <time>2026-07-10T23:23:08Z</time>
      </trkpt>
      <trkpt lat="23.063618" lon="113.274131">
        <time>2026-07-10T23:23:13Z</time>
      </trkpt>
      <trkpt lat="23.063547" lon="113.274189">
        <time>2026-07-10T23:23:18Z</time>
      </trkpt>
      <trkpt lat="23.063495" lon="113.274271">
        <time>2026-07-10T23:23:23Z</time>
      </trkpt>
      <trkpt lat="23.063431" lon="113.27442">
        <time>2026-07-10T23:23:28Z</time>
      </trkpt>
      <trkpt lat="23.063386" lon="113.274574">
        <time>2026-07-10T23:23:33Z</time>
      </trkpt>
      <trkpt lat="23.063359" lon="113.27467">
        <time>2026-07-10T23:23:38Z</time>
      </trkpt>
      <trkpt lat="23.063329" lon="113.274766">
        <time>2026-07-10T23:23:43Z</time>
      </trkpt>
      <trkpt lat="23.06328" lon="113.274913">
        <time>2026-07-10T23:23:48Z</time>
      </trkpt>
      <trkpt lat="23.063223" lon="113.275061">
        <time>2026-07-10T23:23:53Z</time>
      </trkpt>
      <trkpt lat="23.063173" lon="113.275152">
        <time>2026-07-10T23:23:58Z</time>
      </trkpt>
      <trkpt lat="23.063119" lon="113.275239">
        <time>2026-07-10T23:24:03Z</time>
      </trkpt>
      <trkpt lat="23.063043" lon="113.275367">
        <time>2026-07-10T23:24:08Z</time>
      </trkpt>
      <trkpt lat="23.062965" lon="113.275485">
        <time>2026-07-10T23:24:13Z</time>
      </trkpt>
      <trkpt lat="23.062898" lon="113.275563">
        <time>2026-07-10T23:24:18Z</time>
      </trkpt>
      <trkpt lat="23.062832" lon="113.275637">
        <time>2026-07-10T23:24:23Z</time>
      </trkpt>
      <trkpt lat="23.062729" lon="113.27574">
        <time>2026-07-10T23:24:28Z</time>
      </trkpt>
      <trkpt lat="23.062632" lon="113.275848">
        <time>2026-07-10T23:24:33Z</time>
      </trkpt>
      <trkpt lat="23.062575" lon="113.275922">
        <time>2026-07-10T23:24:38Z</time>
      </trkpt>
      <trkpt lat="23.062521" lon="113.276002">
        <time>2026-07-10T23:24:43Z</time>
      </trkpt>
      <trkpt lat="23.062454" lon="113.276128">
        <time>2026-07-10T23:24:48Z</time>
      </trkpt>
      <trkpt lat="23.062396" lon="113.276264">
        <time>2026-07-10T23:24:53Z</time>
      </trkpt>
      <trkpt lat="23.062366" lon="113.276355">
        <time>2026-07-10T23:24:58Z</time>
      </trkpt>
      <trkpt lat="23.062334" lon="113.276445">
        <time>2026-07-10T23:25:03Z</time>
      </trkpt>
      <trkpt lat="23.062281" lon="113.276583">
        <time>2026-07-10T23:25:08Z</time>
      </trkpt>
      <trkpt lat="23.062237" lon="113.276715">
        <time>2026-07-10T23:25:13Z</time>
      </trkpt>
      <trkpt lat="23.062204" lon="113.276804">
        <time>2026-07-10T23:25:18Z</time>
      </trkpt>
      <trkpt lat="23.062172" lon="113.276893">
        <time>2026-07-10T23:25:23Z</time>
      </trkpt>
      <trkpt lat="23.062124" lon="113.277024">
        <time>2026-07-10T23:25:28Z</time>
      </trkpt>
      <trkpt lat="23.062076" lon="113.277173">
        <time>2026-07-10T23:25:33Z</time>
      </trkpt>
      <trkpt lat="23.062039" lon="113.27727">
        <time>2026-07-10T23:25:38Z</time>
      </trkpt>
      <trkpt lat="23.061996" lon="113.277368">
        <time>2026-07-10T23:25:43Z</time>
      </trkpt>
      <trkpt lat="23.061935" lon="113.27751">
        <time>2026-07-10T23:25:48Z</time>
      </trkpt>
      <trkpt lat="23.061879" lon="113.277646">
        <time>2026-07-10T23:25:53Z</time>
      </trkpt>
      <trkpt lat="23.061853" lon="113.277741">
        <time>2026-07-10T23:25:58Z</time>
      </trkpt>
      <trkpt lat="23.061839" lon="113.277837">
        <time>2026-07-10T23:26:03Z</time>
      </trkpt>
      <trkpt lat="23.06184" lon="113.277983">
        <time>2026-07-10T23:26:08Z</time>
      </trkpt>
      <trkpt lat="23.061851" lon="113.278128">
        <time>2026-07-10T23:26:13Z</time>
      </trkpt>
      <trkpt lat="23.061855" lon="113.278227">
        <time>2026-07-10T23:26:18Z</time>
      </trkpt>
      <trkpt lat="23.061858" lon="113.278325">
        <time>2026-07-10T23:26:23Z</time>
      </trkpt>
      <trkpt lat="23.061864" lon="113.278471">
        <time>2026-07-10T23:26:28Z</time>
      </trkpt>
      <trkpt lat="23.061867" lon="113.278617">
        <time>2026-07-10T23:26:33Z</time>
      </trkpt>
      <trkpt lat="23.061851" lon="113.27871">
        <time>2026-07-10T23:26:38Z</time>
      </trkpt>
      <trkpt lat="23.061821" lon="113.278794">
        <time>2026-07-10T23:26:43Z</time>
      </trkpt>
      <trkpt lat="23.061761" lon="113.278909">
        <time>2026-07-10T23:26:48Z</time>
      </trkpt>
      <trkpt lat="23.061692" lon="113.279027">
        <time>2026-07-10T23:26:53Z</time>
      </trkpt>
      <trkpt lat="23.061647" lon="113.279107">
        <time>2026-07-10T23:26:58Z</time>
      </trkpt>
      <trkpt lat="23.06161" lon="113.27919">
        <time>2026-07-10T23:27:03Z</time>
      </trkpt>
      <trkpt lat="23.061563" lon="113.279321">
        <time>2026-07-10T23:27:08Z</time>
      </trkpt>
      <trkpt lat="23.061505" lon="113.279455">
        <time>2026-07-10T23:27:13Z</time>
      </trkpt>
      <trkpt lat="23.061466" lon="113.279542">
        <time>2026-07-10T23:27:18Z</time>
      </trkpt>
      <trkpt lat="23.061428" lon="113.279628">
        <time>2026-07-10T23:27:23Z</time>
      </trkpt>
      <trkpt lat="23.06137" lon="113.279764">
        <time>2026-07-10T23:27:28Z</time>
      </trkpt>
      <trkpt lat="23.061315" lon="113.279902">
        <time>2026-07-10T23:27:33Z</time>
      </trkpt>
      <trkpt lat="23.06128" lon="113.279994">
        <time>2026-07-10T23:27:38Z</time>
      </trkpt>
      <trkpt lat="23.061239" lon="113.280084">
        <time>2026-07-10T23:27:43Z</time>
      </trkpt>
      <trkpt lat="23.061181" lon="113.280214">
        <time>2026-07-10T23:27:48Z</time>
      </trkpt>
      <trkpt lat="23.061125" lon="113.280348">
        <time>2026-07-10T23:27:53Z</time>
      </trkpt>
      <trkpt lat="23.061084" lon="113.28044">
        <time>2026-07-10T23:27:58Z</time>
      </trkpt>
      <trkpt lat="23.061044" lon="113.280529">
        <time>2026-07-10T23:28:03Z</time>
      </trkpt>
      <trkpt lat="23.060979" lon="113.280653">
        <time>2026-07-10T23:28:08Z</time>
      </trkpt>
      <trkpt lat="23.060951" lon="113.280584">
        <time>2026-07-10T23:28:13Z</time>
      </trkpt>
      <trkpt lat="23.060997" lon="113.280482">
        <time>2026-07-10T23:28:18Z</time>
      </trkpt>
      <trkpt lat="23.061044" lon="113.280383">
        <time>2026-07-10T23:28:23Z</time>
      </trkpt>
      <trkpt lat="23.061113" lon="113.280248">
        <time>2026-07-10T23:28:28Z</time>
      </trkpt>
      <trkpt lat="23.061183" lon="113.280124">
        <time>2026-07-10T23:28:33Z</time>
      </trkpt>
      <trkpt lat="23.061228" lon="113.280038">
        <time>2026-07-10T23:28:38Z</time>
      </trkpt>
      <trkpt lat="23.061264" lon="113.279949">
        <time>2026-07-10T23:28:43Z</time>
      </trkpt>
      <trkpt lat="23.061325" lon="113.279819">
        <time>2026-07-10T23:28:48Z</time>
      </trkpt>
      <trkpt lat="23.061388" lon="113.279691">
        <time>2026-07-10T23:28:53Z</time>
      </trkpt>
      <trkpt lat="23.06143" lon="113.279604">
        <time>2026-07-10T23:28:58Z</time>
      </trkpt>
      <trkpt lat="23.061463" lon="113.279512">
        <time>2026-07-10T23:29:03Z</time>
      </trkpt>
      <trkpt lat="23.061507" lon="113.279367">
        <time>2026-07-10T23:29:08Z</time>
      </trkpt>
      <trkpt lat="23.06155" lon="113.279236">
        <time>2026-07-10T23:29:13Z</time>
      </trkpt>
      <trkpt lat="23.061579" lon="113.27916">
        <time>2026-07-10T23:29:18Z</time>
      </trkpt>
      <trkpt lat="23.061626" lon="113.279085">
        <time>2026-07-10T23:29:23Z</time>
      </trkpt>
      <trkpt lat="23.061698" lon="113.278952">
        <time>2026-07-10T23:29:28Z</time>
      </trkpt>
      <trkpt lat="23.061748" lon="113.278796">
        <time>2026-07-10T23:29:33Z</time>
      </trkpt>
      <trkpt lat="23.061793" lon="113.278724">
        <time>2026-07-10T23:29:38Z</time>
      </trkpt>
      <trkpt lat="23.061858" lon="113.278679">
        <time>2026-07-10T23:29:43Z</time>
      </trkpt>
      <trkpt lat="23.06188" lon="113.278505">
        <time>2026-07-10T23:29:48Z</time>
      </trkpt>
      <trkpt lat="23.061869" lon="113.278329">
        <time>2026-07-10T23:29:53Z</time>
      </trkpt>
      <trkpt lat="23.061866" lon="113.278214">
        <time>2026-07-10T23:29:58Z</time>
      </trkpt>
      <trkpt lat="23.061859" lon="113.278104">
        <time>2026-07-10T23:30:03Z</time>
      </trkpt>
      <trkpt lat="23.06185" lon="113.277942">
        <time>2026-07-10T23:30:08Z</time>
      </trkpt>
      <trkpt lat="23.06185" lon="113.27778">
        <time>2026-07-10T23:30:13Z</time>
      </trkpt>
      <trkpt lat="23.06187" lon="113.277684">
        <time>2026-07-10T23:30:18Z</time>
      </trkpt>
      <trkpt lat="23.061913" lon="113.277597">
        <time>2026-07-10T23:30:23Z</time>
      </trkpt>
      <trkpt lat="23.062025" lon="113.277493">
        <time>2026-07-10T23:30:28Z</time>
      </trkpt>
      <trkpt lat="23.06209" lon="113.277349">
        <time>2026-07-10T23:30:33Z</time>
      </trkpt>
      <trkpt lat="23.06213" lon="113.277257">
        <time>2026-07-10T23:30:38Z</time>
      </trkpt>
      <trkpt lat="23.062164" lon="113.277164">
        <time>2026-07-10T23:30:43Z</time>
      </trkpt>
      <trkpt lat="23.062212" lon="113.277032">
        <time>2026-07-10T23:30:48Z</time>
      </trkpt>
      <trkpt lat="23.062263" lon="113.276904">
        <time>2026-07-10T23:30:53Z</time>
      </trkpt>
      <trkpt lat="23.062294" lon="113.276817">
        <time>2026-07-10T23:30:58Z</time>
      </trkpt>
      <trkpt lat="23.062327" lon="113.276727">
        <time>2026-07-10T23:31:03Z</time>
      </trkpt>
      <trkpt lat="23.062377" lon="113.276597">
        <time>2026-07-10T23:31:08Z</time>
      </trkpt>
      <trkpt lat="23.062425" lon="113.276458">
        <time>2026-07-10T23:31:13Z</time>
      </trkpt>
      <trkpt lat="23.062459" lon="113.276364">
        <time>2026-07-10T23:31:18Z</time>
      </trkpt>
      <trkpt lat="23.062497" lon="113.276272">
        <time>2026-07-10T23:31:23Z</time>
      </trkpt>
      <trkpt lat="23.06256" lon="113.276138">
        <time>2026-07-10T23:31:28Z</time>
      </trkpt>
      <trkpt lat="23.062632" lon="113.276014">
        <time>2026-07-10T23:31:33Z</time>
      </trkpt>
      <trkpt lat="23.062688" lon="113.275936">
        <time>2026-07-10T23:31:38Z</time>
      </trkpt>
      <trkpt lat="23.062748" lon="113.275862">
        <time>2026-07-10T23:31:43Z</time>
      </trkpt>
      <trkpt lat="23.062846" lon="113.275763">
        <time>2026-07-10T23:31:48Z</time>
      </trkpt>
      <trkpt lat="23.062953" lon="113.275661">
        <time>2026-07-10T23:31:53Z</time>
      </trkpt>
      <trkpt lat="23.063018" lon="113.275591">
        <time>2026-07-10T23:31:58Z</time>
      </trkpt>
      <trkpt lat="23.063074" lon="113.275518">
        <time>2026-07-10T23:32:03Z</time>
      </trkpt>
      <trkpt lat="23.063143" lon="113.275399">
        <time>2026-07-10T23:32:08Z</time>
      </trkpt>
      <trkpt lat="23.063215" lon="113.275274">
        <time>2026-07-10T23:32:13Z</time>
      </trkpt>
      <trkpt lat="23.063267" lon="113.275193">
        <time>2026-07-10T23:32:18Z</time>
      </trkpt>
      <trkpt lat="23.063318" lon="113.275113">
        <time>2026-07-10T23:32:23Z</time>
      </trkpt>
      <trkpt lat="23.063379" lon="113.274978">
        <time>2026-07-10T23:32:28Z</time>
      </trkpt>
      <trkpt lat="23.063419" lon="113.274839">
        <time>2026-07-10T23:32:33Z</time>
      </trkpt>
      <trkpt lat="23.063446" lon="113.27475">
        <time>2026-07-10T23:32:38Z</time>
      </trkpt>
      <trkpt lat="23.063475" lon="113.274666">
        <time>2026-07-10T23:32:43Z</time>
      </trkpt>
      <trkpt lat="23.063525" lon="113.274528">
        <time>2026-07-10T23:32:48Z</time>
      </trkpt>
      <trkpt lat="23.063566" lon="113.274412">
        <time>2026-07-10T23:32:53Z</time>
      </trkpt>
      <trkpt lat="23.063602" lon="113.274344">
        <time>2026-07-10T23:32:58Z</time>
      </trkpt>
      <trkpt lat="23.063652" lon="113.274284">
        <time>2026-07-10T23:33:03Z</time>
      </trkpt>
      <trkpt lat="23.063761" lon="113.274189">
        <time>2026-07-10T23:33:08Z</time>
      </trkpt>
      <trkpt lat="23.063859" lon="113.27409">
        <time>2026-07-10T23:33:13Z</time>
      </trkpt>
      <trkpt lat="23.063906" lon="113.274009">
        <time>2026-07-10T23:33:18Z</time>
      </trkpt>
      <trkpt lat="23.063951" lon="113.273926">
        <time>2026-07-10T23:33:23Z</time>
      </trkpt>
      <trkpt lat="23.064021" lon="113.273804">
        <time>2026-07-10T23:33:28Z</time>
      </trkpt>
      <trkpt lat="23.064099" lon="113.273694">
        <time>2026-07-10T23:33:33Z</time>
      </trkpt>
      <trkpt lat="23.064159" lon="113.273641">
        <time>2026-07-10T23:33:38Z</time>
      </trkpt>
      <trkpt lat="23.064223" lon="113.273592">
        <time>2026-07-10T23:33:43Z</time>
      </trkpt>
      <trkpt lat="23.064324" lon="113.273516">
        <time>2026-07-10T23:33:48Z</time>
      </trkpt>
      <trkpt lat="23.064428" lon="113.273443">
        <time>2026-07-10T23:33:53Z</time>
      </trkpt>
      <trkpt lat="23.064488" lon="113.273383">
        <time>2026-07-10T23:33:58Z</time>
      </trkpt>
      <trkpt lat="23.064547" lon="113.273312">
        <time>2026-07-10T23:34:03Z</time>
      </trkpt>
      <trkpt lat="23.064597" lon="113.273176">
        <time>2026-07-10T23:34:08Z</time>
      </trkpt>
      <trkpt lat="23.064578" lon="113.273029">
        <time>2026-07-10T23:34:13Z</time>
      </trkpt>
      <trkpt lat="23.064541" lon="113.272936">
        <time>2026-07-10T23:34:18Z</time>
      </trkpt>
      <trkpt lat="23.064504" lon="113.272841">
        <time>2026-07-10T23:34:23Z</time>
      </trkpt>
      <trkpt lat="23.064471" lon="113.272702">
        <time>2026-07-10T23:34:28Z</time>
      </trkpt>
      <trkpt lat="23.064472" lon="113.272567">
        <time>2026-07-10T23:34:33Z</time>
      </trkpt>
      <trkpt lat="23.064512" lon="113.272486">
        <time>2026-07-10T23:34:38Z</time>
      </trkpt>
      <trkpt lat="23.064557" lon="113.272394">
        <time>2026-07-10T23:34:43Z</time>
      </trkpt>
      <trkpt lat="23.064578" lon="113.272245">
        <time>2026-07-10T23:34:48Z</time>
      </trkpt>
      <trkpt lat="23.064614" lon="113.272112">
        <time>2026-07-10T23:34:53Z</time>
      </trkpt>
      <trkpt lat="23.064652" lon="113.272032">
        <time>2026-07-10T23:34:58Z</time>
      </trkpt>
      <trkpt lat="23.064691" lon="113.271952">
        <time>2026-07-10T23:35:03Z</time>
      </trkpt>
      <trkpt lat="23.064746" lon="113.271836">
        <time>2026-07-10T23:35:08Z</time>
      </trkpt>
      <trkpt lat="23.064802" lon="113.271719">
        <time>2026-07-10T23:35:13Z</time>
      </trkpt>
      <trkpt lat="23.064843" lon="113.271638">
        <time>2026-07-10T23:35:18Z</time>
      </trkpt>
      <trkpt lat="23.064881" lon="113.271554">
        <time>2026-07-10T23:35:23Z</time>
      </trkpt>
      <trkpt lat="23.064943" lon="113.271427">
        <time>2026-07-10T23:35:28Z</time>
      </trkpt>
      <trkpt lat="23.065013" lon="113.271302">
        <time>2026-07-10T23:35:33Z</time>
      </trkpt>
      <trkpt lat="23.065051" lon="113.271211">
        <time>2026-07-10T23:35:38Z</time>
      </trkpt>
      <trkpt lat="23.065087" lon="113.271117">
        <time>2026-07-10T23:35:43Z</time>
      </trkpt>
      <trkpt lat="23.065147" lon="113.270984">
        <time>2026-07-10T23:35:48Z</time>
      </trkpt>
      <trkpt lat="23.065202" lon="113.270854">
        <time>2026-07-10T23:35:53Z</time>
      </trkpt>
      <trkpt lat="23.065238" lon="113.270769">
        <time>2026-07-10T23:35:58Z</time>
      </trkpt>
      <trkpt lat="23.065277" lon="113.27069">
        <time>2026-07-10T23:36:03Z</time>
      </trkpt>
      <trkpt lat="23.065327" lon="113.270573">
        <time>2026-07-10T23:36:08Z</time>
      </trkpt>
      <trkpt lat="23.065382" lon="113.270453">
        <time>2026-07-10T23:36:13Z</time>
      </trkpt>
      <trkpt lat="23.065416" lon="113.270369">
        <time>2026-07-10T23:36:18Z</time>
      </trkpt>
      <trkpt lat="23.065451" lon="113.270286">
        <time>2026-07-10T23:36:23Z</time>
      </trkpt>
      <trkpt lat="23.065509" lon="113.270158">
        <time>2026-07-10T23:36:28Z</time>
      </trkpt>
      <trkpt lat="23.065555" lon="113.27003">
        <time>2026-07-10T23:36:33Z</time>
      </trkpt>
      <trkpt lat="23.065585" lon="113.269946">
        <time>2026-07-10T23:36:38Z</time>
      </trkpt>
      <trkpt lat="23.065616" lon="113.269858">
        <time>2026-07-10T23:36:43Z</time>
      </trkpt>
      <trkpt lat="23.065661" lon="113.269726">
        <time>2026-07-10T23:36:48Z</time>
      </trkpt>
      <trkpt lat="23.065716" lon="113.269594">
        <time>2026-07-10T23:36:53Z</time>
      </trkpt>
      <trkpt lat="23.065741" lon="113.269503">
        <time>2026-07-10T23:36:58Z</time>
      </trkpt>
      <trkpt lat="23.065753" lon="113.269409">
        <time>2026-07-10T23:37:03Z</time>
      </trkpt>
      <trkpt lat="23.065779" lon="113.269265">
        <time>2026-07-10T23:37:08Z</time>
      </trkpt>
      <trkpt lat="23.065824" lon="113.269128">
        <time>2026-07-10T23:37:13Z</time>
      </trkpt>
      <trkpt lat="23.065854" lon="113.269044">
        <time>2026-07-10T23:37:18Z</time>
      </trkpt>
      <trkpt lat="23.065887" lon="113.268961">
        <time>2026-07-10T23:37:23Z</time>
      </trkpt>
      <trkpt lat="23.065933" lon="113.268833">
        <time>2026-07-10T23:37:28Z</time>
      </trkpt>
      <trkpt lat="23.065987" lon="113.268716">
        <time>2026-07-10T23:37:33Z</time>
      </trkpt>
      <trkpt lat="23.06603" lon="113.268639">
        <time>2026-07-10T23:37:38Z</time>
      </trkpt>
      <trkpt lat="23.066078" lon="113.268563">
        <time>2026-07-10T23:37:43Z</time>
      </trkpt>
      <trkpt lat="23.066154" lon="113.268444">
        <time>2026-07-10T23:37:48Z</time>
      </trkpt>
      <trkpt lat="23.066233" lon="113.268327">
        <time>2026-07-10T23:37:53Z</time>
      </trkpt>
      <trkpt lat="23.066291" lon="113.268253">
        <time>2026-07-10T23:37:58Z</time>
      </trkpt>
      <trkpt lat="23.066359" lon="113.268188">
        <time>2026-07-10T23:38:03Z</time>
      </trkpt>
      <trkpt lat="23.066484" lon="113.268139">
        <time>2026-07-10T23:38:08Z</time>
      </trkpt>
      <trkpt lat="23.066621" lon="113.268152">
        <time>2026-07-10T23:38:13Z</time>
      </trkpt>
      <trkpt lat="23.066714" lon="113.268166">
        <time>2026-07-10T23:38:18Z</time>
      </trkpt>
      <trkpt lat="23.066808" lon="113.268164">
        <time>2026-07-10T23:38:23Z</time>
      </trkpt>
      <trkpt lat="23.066942" lon="113.268169">
        <time>2026-07-10T23:38:28Z</time>
      </trkpt>
      <trkpt lat="23.067058" lon="113.268211">
        <time>2026-07-10T23:38:33Z</time>
      </trkpt>
      <trkpt lat="23.067131" lon="113.268251">
        <time>2026-07-10T23:38:38Z</time>
      </trkpt>
      <trkpt lat="23.067209" lon="113.268286">
        <time>2026-07-10T23:38:43Z</time>
      </trkpt>
      <trkpt lat="23.067323" lon="113.26835">
        <time>2026-07-10T23:38:48Z</time>
      </trkpt>
      <trkpt lat="23.06743" lon="113.268404">
        <time>2026-07-10T23:38:53Z</time>
      </trkpt>
      <trkpt lat="23.067511" lon="113.268441">
        <time>2026-07-10T23:38:58Z</time>
      </trkpt>
      <trkpt lat="23.067593" lon="113.26849">
        <time>2026-07-10T23:39:03Z</time>
      </trkpt>
      <trkpt lat="23.067724" lon="113.268561">
        <time>2026-07-10T23:39:08Z</time>
      </trkpt>
      <trkpt lat="23.067844" lon="113.268625">
        <time>2026-07-10T23:39:13Z</time>
      </trkpt>
      <trkpt lat="23.067921" lon="113.268674">
        <time>2026-07-10T23:39:18Z</time>
      </trkpt>
      <trkpt lat="23.067999" lon="113.268719">
        <time>2026-07-10T23:39:23Z</time>
      </trkpt>
      <trkpt lat="23.068109" lon="113.268774">
        <time>2026-07-10T23:39:28Z</time>
      </trkpt>
      <trkpt lat="23.06822" lon="113.268816">
        <time>2026-07-10T23:39:33Z</time>
      </trkpt>
      <trkpt lat="23.068298" lon="113.268846">
        <time>2026-07-10T23:39:38Z</time>
      </trkpt>
      <trkpt lat="23.068377" lon="113.268891">
        <time>2026-07-10T23:39:43Z</time>
      </trkpt>
      <trkpt lat="23.068499" lon="113.268943">
        <time>2026-07-10T23:39:48Z</time>
      </trkpt>
      <trkpt lat="23.068626" lon="113.268995">
        <time>2026-07-10T23:39:53Z</time>
      </trkpt>
      <trkpt lat="23.068702" lon="113.269036">
        <time>2026-07-10T23:39:58Z</time>
      </trkpt>
      <trkpt lat="23.068782" lon="113.269071">
        <time>2026-07-10T23:40:03Z</time>
      </trkpt>
      <trkpt lat="23.068914" lon="113.269119">
        <time>2026-07-10T23:40:08Z</time>
      </trkpt>
      <trkpt lat="23.069046" lon="113.269169">
        <time>2026-07-10T23:40:13Z</time>
      </trkpt>
      <trkpt lat="23.06913" lon="113.2692">
        <time>2026-07-10T23:40:18Z</time>
      </trkpt>
      <trkpt lat="23.069205" lon="113.269251">
        <time>2026-07-10T23:40:23Z</time>
      </trkpt>
      <trkpt lat="23.069316" lon="113.269346">
        <time>2026-07-10T23:40:28Z</time>
      </trkpt>
      <trkpt lat="23.069447" lon="113.269414">
        <time>2026-07-10T23:40:33Z</time>
      </trkpt>
      <trkpt lat="23.069531" lon="113.269446">
        <time>2026-07-10T23:40:38Z</time>
      </trkpt>
      <trkpt lat="23.069616" lon="113.269476">
        <time>2026-07-10T23:40:43Z</time>
      </trkpt>
      <trkpt lat="23.069734" lon="113.269543">
        <time>2026-07-10T23:40:48Z</time>
      </trkpt>
      <trkpt lat="23.069842" lon="113.269625">
        <time>2026-07-10T23:40:53Z</time>
      </trkpt>
      <trkpt lat="23.069921" lon="113.26966">
        <time>2026-07-10T23:40:58Z</time>
      </trkpt>
      <trkpt lat="23.070002" lon="113.269703">
        <time>2026-07-10T23:41:03Z</time>
      </trkpt>
      <trkpt lat="23.070119" lon="113.269789">
        <time>2026-07-10T23:41:08Z</time>
      </trkpt>
      <trkpt lat="23.070236" lon="113.26986">
        <time>2026-07-10T23:41:13Z</time>
      </trkpt>
      <trkpt lat="23.070313" lon="113.269903">
        <time>2026-07-10T23:41:18Z</time>
      </trkpt>
      <trkpt lat="23.070393" lon="113.26994">
        <time>2026-07-10T23:41:23Z</time>
      </trkpt>
      <trkpt lat="23.070532" lon="113.26996">
        <time>2026-07-10T23:41:28Z</time>
      </trkpt>
      <trkpt lat="23.07066" lon="113.269976">
        <time>2026-07-10T23:41:33Z</time>
      </trkpt>
      <trkpt lat="23.07074" lon="113.270004">
        <time>2026-07-10T23:41:38Z</time>
      </trkpt>
      <trkpt lat="23.070822" lon="113.270043">
        <time>2026-07-10T23:41:43Z</time>
      </trkpt>
      <trkpt lat="23.070933" lon="113.270123">
        <time>2026-07-10T23:41:48Z</time>
      </trkpt>
      <trkpt lat="23.071034" lon="113.270184">
        <time>2026-07-10T23:41:53Z</time>
      </trkpt>
      <trkpt lat="23.071103" lon="113.270219">
        <time>2026-07-10T23:41:58Z</time>
      </trkpt>
      <trkpt lat="23.07118" lon="113.270254">
        <time>2026-07-10T23:42:03Z</time>
      </trkpt>
      <trkpt lat="23.0713" lon="113.270311">
        <time>2026-07-10T23:42:08Z</time>
      </trkpt>
      <trkpt lat="23.071425" lon="113.270367">
        <time>2026-07-10T23:42:13Z</time>
      </trkpt>
      <trkpt lat="23.071503" lon="113.270402">
        <time>2026-07-10T23:42:18Z</time>
      </trkpt>
      <trkpt lat="23.071584" lon="113.270435">
        <time>2026-07-10T23:42:23Z</time>
      </trkpt>
      <trkpt lat="23.071703" lon="113.270478">
        <time>2026-07-10T23:42:28Z</time>
      </trkpt>
      <trkpt lat="23.071815" lon="113.27055">
        <time>2026-07-10T23:42:33Z</time>
      </trkpt>
      <trkpt lat="23.071884" lon="113.270597">
        <time>2026-07-10T23:42:38Z</time>
      </trkpt>
      <trkpt lat="23.071962" lon="113.270629">
        <time>2026-07-10T23:42:43Z</time>
      </trkpt>
      <trkpt lat="23.072085" lon="113.270676">
        <time>2026-07-10T23:42:48Z</time>
      </trkpt>
      <trkpt lat="23.072194" lon="113.270746">
        <time>2026-07-10T23:42:53Z</time>
      </trkpt>
      <trkpt lat="23.072265" lon="113.270789">
        <time>2026-07-10T23:42:58Z</time>
      </trkpt>
      <trkpt lat="23.072336" lon="113.270818">
        <time>2026-07-10T23:43:03Z</time>
      </trkpt>
      <trkpt lat="23.072456" lon="113.270865">
        <time>2026-07-10T23:43:08Z</time>
      </trkpt>
      <trkpt lat="23.072584" lon="113.270944">
        <time>2026-07-10T23:43:13Z</time>
      </trkpt>
      <trkpt lat="23.072675" lon="113.270969">
        <time>2026-07-10T23:43:18Z</time>
      </trkpt>
      <trkpt lat="23.07275" lon="113.271019">
        <time>2026-07-10T23:43:23Z</time>
      </trkpt>
      <trkpt lat="23.072843" lon="113.271089">
        <time>2026-07-10T23:43:28Z</time>
      </trkpt>
      <trkpt lat="23.072947" lon="113.271133">
        <time>2026-07-10T23:43:33Z</time>
      </trkpt>
      <trkpt lat="23.073027" lon="113.271168">
        <time>2026-07-10T23:43:38Z</time>
      </trkpt>
      <trkpt lat="23.07311" lon="113.271186">
        <time>2026-07-10T23:43:43Z</time>
      </trkpt>
      <trkpt lat="23.073223" lon="113.271238">
        <time>2026-07-10T23:43:48Z</time>
      </trkpt>
      <trkpt lat="23.073309" lon="113.271324">
        <time>2026-07-10T23:43:53Z</time>
      </trkpt>
      <trkpt lat="23.07339" lon="113.271382">
        <time>2026-07-10T23:43:58Z</time>
      </trkpt>
      <trkpt lat="23.073471" lon="113.271435">
        <time>2026-07-10T23:44:03Z</time>
      </trkpt>
      <trkpt lat="23.073595" lon="113.271525">
        <time>2026-07-10T23:44:08Z</time>
      </trkpt>
      <trkpt lat="23.07372" lon="113.271589">
        <time>2026-07-10T23:44:13Z</time>
      </trkpt>
      <trkpt lat="23.07379" lon="113.27163">
        <time>2026-07-10T23:44:18Z</time>
      </trkpt>
      <trkpt lat="23.073861" lon="113.271667">
        <time>2026-07-10T23:44:23Z</time>
      </trkpt>
      <trkpt lat="23.073966" lon="113.271741">
        <time>2026-07-10T23:44:28Z</time>
      </trkpt>
      <trkpt lat="23.074076" lon="113.271795">
        <time>2026-07-10T23:44:33Z</time>
      </trkpt>
      <trkpt lat="23.074092" lon="113.271844">
        <time>2026-07-10T23:44:38Z</time>
      </trkpt>
      <trkpt lat="23.074063" lon="113.271926">
        <time>2026-07-10T23:44:43Z</time>
      </trkpt>
      <trkpt lat="23.074013" lon="113.272065">
        <time>2026-07-10T23:44:48Z</time>
      </trkpt>
      <trkpt lat="23.073954" lon="113.272197">
        <time>2026-07-10T23:44:53Z</time>
      </trkpt>
      <trkpt lat="23.073907" lon="113.272288">
        <time>2026-07-10T23:44:58Z</time>
      </trkpt>
      <trkpt lat="23.073857" lon="113.27238">
        <time>2026-07-10T23:45:03Z</time>
      </trkpt>
      <trkpt lat="23.073794" lon="113.272521">
        <time>2026-07-10T23:45:08Z</time>
      </trkpt>
      <trkpt lat="23.073744" lon="113.272669">
        <time>2026-07-10T23:45:13Z</time>
      </trkpt>
      <trkpt lat="23.073739" lon="113.272767">
        <time>2026-07-10T23:45:18Z</time>
      </trkpt>
      <trkpt lat="23.073775" lon="113.272865">
        <time>2026-07-10T23:45:23Z</time>
      </trkpt>
      <trkpt lat="23.073899" lon="113.272957">
        <time>2026-07-10T23:45:28Z</time>
      </trkpt>
      <trkpt lat="23.074019" lon="113.272906">
        <time>2026-07-10T23:45:33Z</time>
      </trkpt>
      <trkpt lat="23.074065" lon="113.272829">
        <time>2026-07-10T23:45:38Z</time>
      </trkpt>
      <trkpt lat="23.074092" lon="113.272738">
        <time>2026-07-10T23:45:43Z</time>
      </trkpt>
      <trkpt lat="23.074144" lon="113.272608">
        <time>2026-07-10T23:45:48Z</time>
      </trkpt>
      <trkpt lat="23.074214" lon="113.272475">
        <time>2026-07-10T23:45:53Z</time>
      </trkpt>
      <trkpt lat="23.074262" lon="113.272385">
        <time>2026-07-10T23:45:58Z</time>
      </trkpt>
      <trkpt lat="23.074308" lon="113.272296">
        <time>2026-07-10T23:46:03Z</time>
      </trkpt>
      <trkpt lat="23.074384" lon="113.272169">
        <time>2026-07-10T23:46:08Z</time>
      </trkpt>
      <trkpt lat="23.074426" lon="113.27205">
        <time>2026-07-10T23:46:13Z</time>
      </trkpt>
      <trkpt lat="23.074481" lon="113.272002">
        <time>2026-07-10T23:46:18Z</time>
      </trkpt>
      <trkpt lat="23.074553" lon="113.272018">
        <time>2026-07-10T23:46:23Z</time>
      </trkpt>
      <trkpt lat="23.07466" lon="113.27209">
        <time>2026-07-10T23:46:28Z</time>
      </trkpt>
      <trkpt lat="23.074766" lon="113.272147">
        <time>2026-07-10T23:46:33Z</time>
      </trkpt>
      <trkpt lat="23.074836" lon="113.272171">
        <time>2026-07-10T23:46:38Z</time>
      </trkpt>
      <trkpt lat="23.0749" lon="113.272213">
        <time>2026-07-10T23:46:43Z</time>
      </trkpt>
      <trkpt lat="23.075012" lon="113.27229">
        <time>2026-07-10T23:46:48Z</time>
      </trkpt>
      <trkpt lat="23.07512" lon="113.272371">
        <time>2026-07-10T23:46:53Z</time>
      </trkpt>
      <trkpt lat="23.075222" lon="113.272467">
        <time>2026-07-10T23:46:58Z</time>
      </trkpt>
    </trkseg>
  </trk>
</gpx>