<?xml version="1.0" encoding="UTF-8"?>
<gpx xmlns="http://www.topografix.com/GPX/1/1" xmlns:gpxtpx="http://www.garmin.com/xmlschemas/TrackPointExtension/v1" xmlns:xsi="http://www.w3.org/2001/XMLSchema-instance" xsi:schemaLocation="http://www.topografix.com/GPX/1/1 http://www.topografix.com/GPX/1/1/gpx.xsd" version="1.1" creator="gpx.py -- https://github.com/tkrajina/gpxpy">
  <trk>
    <name>gpx from joyrun</name>
    <trkseg>
      <trkpt lat="23.075877" lon="113.272791">
        <time>2026-07-17T21:47:17Z</time>
      </trkpt>
      <trkpt lat="23.075986" lon="113.272718">
        <time>2026-07-17T21:47:22Z</time>
      </trkpt>
      <trkpt lat="23.075987" lon="113.272644">
        <time>2026-07-17T21:47:27Z</time>
      </trkpt>
      <trkpt lat="23.075905" lon="113.272627">
        <time>2026-07-17T21:47:32Z</time>
      </trkpt>
      <trkpt lat="23.075809" lon="113.272548">
        <time>2026-07-17T21:47:37Z</time>
      </trkpt>
      <trkpt lat="23.075706" lon="113.272452">
        <time>2026-07-17T21:47:42Z</time>
      </trkpt>
      <trkpt lat="23.075631" lon="113.272393">
        <time>2026-07-17T21:47:47Z</time>
      </trkpt>
      <trkpt lat="23.075552" lon="113.272332">
        <time>2026-07-17T21:47:52Z</time>
      </trkpt>
      <trkpt lat="23.075426" lon="113.272262">
        <time>2026-07-17T21:47:57Z</time>
      </trkpt>
      <trkpt lat="23.075287" lon="113.272229">
        <time>2026-07-17T21:48:02Z</time>
      </trkpt>
      <trkpt lat="23.075197" lon="113.272191">
        <time>2026-07-17T21:48:07Z</time>
      </trkpt>
      <trkpt lat="23.075111" lon="113.272161">
        <time>2026-07-17T21:48:12Z</time>
      </trkpt>
      <trkpt lat="23.074983" lon="113.272134">
        <time>2026-07-17T21:48:17Z</time>
      </trkpt>
      <trkpt lat="23.074853" lon="113.272099">
        <time>2026-07-17T21:48:22Z</time>
      </trkpt>
      <trkpt lat="23.074764" lon="113.272064">
        <time>2026-07-17T21:48:27Z</time>
      </trkpt>
      <trkpt lat="23.074667" lon="113.272023">
        <time>2026-07-17T21:48:32Z</time>
      </trkpt>
      <trkpt lat="23.074535" lon="113.271975">
        <time>2026-07-17T21:48:37Z</time>
      </trkpt>
      <trkpt lat="23.074444" lon="113.272073">
        <time>2026-07-17T21:48:42Z</time>
      </trkpt>
      <trkpt lat="23.074386" lon="113.272134">
        <time>2026-07-17T21:48:47Z</time>
      </trkpt>
      <trkpt lat="23.074346" lon="113.272217">
        <time>2026-07-17T21:48:52Z</time>
      </trkpt>
      <trkpt lat="23.07431" lon="113.27236">
        <time>2026-07-17T21:48:57Z</time>
      </trkpt>
      <trkpt lat="23.074237" lon="113.272496">
        <time>2026-07-17T21:49:02Z</time>
      </trkpt>
      <trkpt lat="23.074197" lon="113.272583">
        <time>2026-07-17T21:49:07Z</time>
      </trkpt>
      <trkpt lat="23.074156" lon="113.272665">
        <time>2026-07-17T21:49:12Z</time>
      </trkpt>
      <trkpt lat="23.074089" lon="113.272784">
        <time>2026-07-17T21:49:17Z</time>
      </trkpt>
      <trkpt lat="23.074022" lon="113.272905">
        <time>2026-07-17T21:49:22Z</time>
      </trkpt>
      <trkpt lat="23.07398" lon="113.272987">
        <time>2026-07-17T21:49:27Z</time>
      </trkpt>
      <trkpt lat="23.073941" lon="113.273081">
        <time>2026-07-17T21:49:32Z</time>
      </trkpt>
      <trkpt lat="23.073881" lon="113.273229">
        <time>2026-07-17T21:49:37Z</time>
      </trkpt>
      <trkpt lat="23.07386" lon="113.273236">
        <time>2026-07-17T21:49:42Z</time>
      </trkpt>
      <trkpt lat="23.073888" lon="113.273167">
        <time>2026-07-17T21:49:47Z</time>
      </trkpt>
      <trkpt lat="23.073916" lon="113.273081">
        <time>2026-07-17T21:49:52Z</time>
      </trkpt>
      <trkpt lat="23.073895" lon="113.272971">
        <time>2026-07-17T21:49:57Z</time>
      </trkpt>
      <trkpt lat="23.073787" lon="113.2729">
        <time>2026-07-17T21:50:02Z</time>
      </trkpt>
      <trkpt lat="23.073715" lon="113.27286">
        <time>2026-07-17T21:50:07Z</time>
      </trkpt>
      <trkpt lat="23.073693" lon="113.272793">
        <time>2026-07-17T21:50:12Z</time>
      </trkpt>
      <trkpt lat="23.07375" lon="113.272668">
        <time>2026-07-17T21:50:17Z</time>
      </trkpt>
      <trkpt lat="23.073812" lon="113.272543">
        <time>2026-07-17T21:50:22Z</time>
      </trkpt>
      <trkpt lat="23.073844" lon="113.272472">
        <time>2026-07-17T21:50:27Z</time>
      </trkpt>
      <trkpt lat="23.073873" lon="113.272397">
        <time>2026-07-17T21:50:32Z</time>
      </trkpt>
      <trkpt lat="23.07391" lon="113.272275">
        <time>2026-07-17T21:50:37Z</time>
      </trkpt>
      <trkpt lat="23.073956" lon="113.272167">
        <time>2026-07-17T21:50:42Z</time>
      </trkpt>
      <trkpt lat="23.073985" lon="113.272085">
        <time>2026-07-17T21:50:47Z</time>
      </trkpt>
      <trkpt lat="23.07401" lon="113.272009">
        <time>2026-07-17T21:50:52Z</time>
      </trkpt>
      <trkpt lat="23.074057" lon="113.271887">
        <time>2026-07-17T21:50:57Z</time>
      </trkpt>
      <trkpt lat="23.074075" lon="113.271755">
        <time>2026-07-17T21:51:02Z</time>
      </trkpt>
      <trkpt lat="23.074015" lon="113.271697">
        <time>2026-07-17T21:51:07Z</time>
      </trkpt>
      <trkpt lat="23.073947" lon="113.271655">
        <time>2026-07-17T21:51:12Z</time>
      </trkpt>
      <trkpt lat="23.073831" lon="113.271594">
        <time>2026-07-17T21:51:17Z</time>
      </trkpt>
      <trkpt lat="23.073711" lon="113.271531">
        <time>2026-07-17T21:51:22Z</time>
      </trkpt>
      <trkpt lat="23.073628" lon="113.271485">
        <time>2026-07-17T21:51:27Z</time>
      </trkpt>
      <trkpt lat="23.073545" lon="113.271445">
        <time>2026-07-17T21:51:32Z</time>
      </trkpt>
      <trkpt lat="23.073423" lon="113.271368">
        <time>2026-07-17T21:51:37Z</time>
      </trkpt>
      <trkpt lat="23.073296" lon="113.271259">
        <time>2026-07-17T21:51:42Z</time>
      </trkpt>
      <trkpt lat="23.073212" lon="113.271174">
        <time>2026-07-17T21:51:47Z</time>
      </trkpt>
      <trkpt lat="23.073117" lon="113.271119">
        <time>2026-07-17T21:51:52Z</time>
      </trkpt>
      <trkpt lat="23.072974" lon="113.271053">
        <time>2026-07-17T21:51:57Z</time>
      </trkpt>
      <trkpt lat="23.07284" lon="113.270977">
        <time>2026-07-17T21:52:02Z</time>
      </trkpt>
      <trkpt lat="23.072746" lon="113.270934">
        <time>2026-07-17T21:52:07Z</time>
      </trkpt>
      <trkpt lat="23.07265" lon="113.270886">
        <time>2026-07-17T21:52:12Z</time>
      </trkpt>
      <trkpt lat="23.072514" lon="113.270824">
        <time>2026-07-17T21:52:17Z</time>
      </trkpt>
      <trkpt lat="23.072369" lon="113.270765">
        <time>2026-07-17T21:52:22Z</time>
      </trkpt>
      <trkpt lat="23.072275" lon="113.270717">
        <time>2026-07-17T21:52:27Z</time>
      </trkpt>
      <trkpt lat="23.072186" lon="113.270672">
        <time>2026-07-17T21:52:32Z</time>
      </trkpt>
      <trkpt lat="23.072068" lon="113.2706">
        <time>2026-07-17T21:52:37Z</time>
      </trkpt>
      <trkpt lat="23.07194" lon="113.270545">
        <time>2026-07-17T21:52:42Z</time>
      </trkpt>
      <trkpt lat="23.07184" lon="113.270511">
        <time>2026-07-17T21:52:47Z</time>
      </trkpt>
      <trkpt lat="23.07175" lon="113.270468">
        <time>2026-07-17T21:52:52Z</time>
      </trkpt>
      <trkpt lat="23.071635" lon="113.270389">
        <time>2026-07-17T21:52:57Z</time>
      </trkpt>
      <trkpt lat="23.071504" lon="113.27033">
        <time>2026-07-17T21:53:02Z</time>
      </trkpt>
      <trkpt lat="23.071412" lon="113.270295">
        <time>2026-07-17T21:53:07Z</time>
      </trkpt>
      <trkpt lat="23.071317" lon="113.270256">
        <time>2026-07-17T21:53:12Z</time>
      </trkpt>
      <trkpt lat="23.071185" lon="113.270183">
        <time>2026-07-17T21:53:17Z</time>
      </trkpt>
      <trkpt lat="23.071058" lon="113.270116">
        <time>2026-07-17T21:53:22Z</time>
      </trkpt>
      <trkpt lat="23.070963" lon="113.270094">
        <time>2026-07-17T21:53:27Z</time>
      </trkpt>
      <trkpt lat="23.070864" lon="113.270085">
        <time>2026-07-17T21:53:32Z</time>
      </trkpt>
      <trkpt lat="23.070729" lon="113.270026">
        <time>2026-07-17T21:53:37Z</time>
      </trkpt>
      <trkpt lat="23.070605" lon="113.269935">
        <time>2026-07-17T21:53:42Z</time>
      </trkpt>
      <trkpt lat="23.070511" lon="113.269893">
        <time>2026-07-17T21:53:47Z</time>
      </trkpt>
      <trkpt lat="23.070438" lon="113.269834">
        <time>2026-07-17T21:53:52Z</time>
      </trkpt>
      <trkpt lat="23.070299" lon="113.269785">
        <time>2026-07-17T21:53:57Z</time>
      </trkpt>
      <trkpt lat="23.070153" lon="113.26975">
        <time>2026-07-17T21:54:02Z</time>
      </trkpt>
      <trkpt lat="23.070065" lon="113.269702">
        <time>2026-07-17T21:54:07Z</time>
      </trkpt>
      <trkpt lat="23.069987" lon="113.269651">
        <time>2026-07-17T21:54:12Z</time>
      </trkpt>
      <trkpt lat="23.069866" lon="113.269573">
        <time>2026-07-17T21:54:17Z</time>
      </trkpt>
      <trkpt lat="23.069742" lon="113.269496">
        <time>2026-07-17T21:54:22Z</time>
      </trkpt>
      <trkpt lat="23.069649" lon="113.269452">
        <time>2026-07-17T21:54:27Z</time>
      </trkpt>
      <trkpt lat="23.069562" lon="113.269409">
        <time>2026-07-17T21:54:32Z</time>
      </trkpt>
      <trkpt lat="23.069435" lon="113.269332">
        <time>2026-07-17T21:54:37Z</time>
      </trkpt>
      <trkpt lat="23.06931" lon="113.269256">
        <time>2026-07-17T21:54:42Z</time>
      </trkpt>
      <trkpt lat="23.069222" lon="113.269213">
        <time>2026-07-17T21:54:47Z</time>
      </trkpt>
      <trkpt lat="23.069129" lon="113.269177">
        <time>2026-07-17T21:54:52Z</time>
      </trkpt>
      <trkpt lat="23.068996" lon="113.269113">
        <time>2026-07-17T21:54:57Z</time>
      </trkpt>
      <trkpt lat="23.06886" lon="113.269044">
        <time>2026-07-17T21:55:02Z</time>
      </trkpt>
      <trkpt lat="23.06878" lon="113.269">
        <time>2026-07-17T21:55:07Z</time>
      </trkpt>
      <trkpt lat="23.068687" lon="113.268985">
        <time>2026-07-17T21:55:12Z</time>
      </trkpt>
      <trkpt lat="23.068546" lon="113.268957">
        <time>2026-07-17T21:55:17Z</time>
      </trkpt>
      <trkpt lat="23.068401" lon="113.268904">
        <time>2026-07-17T21:55:22Z</time>
      </trkpt>
      <trkpt lat="23.068309" lon="113.268861">
        <time>2026-07-17T21:55:27Z</time>
      </trkpt>
      <trkpt lat="23.068218" lon="113.268818">
        <time>2026-07-17T21:55:32Z</time>
      </trkpt>
      <trkpt lat="23.068095" lon="113.268759">
        <time>2026-07-17T21:55:37Z</time>
      </trkpt>
      <trkpt lat="23.067996" lon="113.268616">
        <time>2026-07-17T21:55:42Z</time>
      </trkpt>
      <trkpt lat="23.067929" lon="113.26852">
        <time>2026-07-17T21:55:47Z</time>
      </trkpt>
      <trkpt lat="23.06784" lon="113.268459">
        <time>2026-07-17T21:55:52Z</time>
      </trkpt>
      <trkpt lat="23.067708" lon="113.268386">
        <time>2026-07-17T21:55:57Z</time>
      </trkpt>
      <trkpt lat="23.06757" lon="113.268312">
        <time>2026-07-17T21:56:02Z</time>
      </trkpt>
      <trkpt lat="23.067475" lon="113.268275">
        <time>2026-07-17T21:56:07Z</time>
      </trkpt>
      <trkpt lat="23.067379" lon="113.268241">
        <time>2026-07-17T21:56:12Z</time>
      </trkpt>
      <trkpt lat="23.067245" lon="113.268193">
        <time>2026-07-17T21:56:17Z</time>
      </trkpt>
      <trkpt lat="23.067126" lon="113.268152">
        <time>2026-07-17T21:56:22Z</time>
      </trkpt>
      <trkpt lat="23.067048" lon="113.268115">
        <time>2026-07-17T21:56:27Z</time>
      </trkpt>
      <trkpt lat="23.066965" lon="113.268086">
        <time>2026-07-17T21:56:32Z</time>
      </trkpt>
      <trkpt lat="23.066837" lon="113.268036">
        <time>2026-07-17T21:56:37Z</time>
      </trkpt>
      <trkpt lat="23.066695" lon="113.26801">
        <time>2026-07-17T21:56:42Z</time>
      </trkpt>
      <trkpt lat="23.0666" lon="113.267991">
        <time>2026-07-17T21:56:47Z</time>
      </trkpt>
      <trkpt lat="23.066493" lon="113.267959">
        <time>2026-07-17T21:56:52Z</time>
      </trkpt>
      <trkpt lat="23.066354" lon="113.267941">
        <time>2026-07-17T21:56:57Z</time>
      </trkpt>
      <trkpt lat="23.06623" lon="113.268003">
        <time>2026-07-17T21:57:02Z</time>
      </trkpt>
      <trkpt lat="23.066164" lon="113.268082">
        <time>2026-07-17T21:57:07Z</time>
      </trkpt>
      <trkpt lat="23.066092" lon="113.268155">
        <time>2026-07-17T21:57:12Z</time>
      </trkpt>
      <trkpt lat="23.06599" lon="113.268273">
        <time>2026-07-17T21:57:17Z</time>
      </trkpt>
      <trkpt lat="23.065906" lon="113.268393">
        <time>2026-07-17T21:57:22Z</time>
      </trkpt>
      <trkpt lat="23.065855" lon="113.268474">
        <time>2026-07-17T21:57:27Z</time>
      </trkpt>
      <trkpt lat="23.065805" lon="113.268558">
        <time>2026-07-17T21:57:32Z</time>
      </trkpt>
      <trkpt lat="23.065741" lon="113.268691">
        <time>2026-07-17T21:57:37Z</time>
      </trkpt>
      <trkpt lat="23.065682" lon="113.268831">
        <time>2026-07-17T21:57:42Z</time>
      </trkpt>
      <trkpt lat="23.065647" lon="113.268926">
        <time>2026-07-17T21:57:47Z</time>
      </trkpt>
      <trkpt lat="23.065619" lon="113.269025">
        <time>2026-07-17T21:57:52Z</time>
      </trkpt>
      <trkpt lat="23.065578" lon="113.269168">
        <time>2026-07-17T21:57:57Z</time>
      </trkpt>
      <trkpt lat="23.065541" lon="113.269316">
        <time>2026-07-17T21:58:02Z</time>
      </trkpt>
      <trkpt lat="23.06552" lon="113.26942">
        <time>2026-07-17T21:58:07Z</time>
      </trkpt>
      <trkpt lat="23.065498" lon="113.269526">
        <time>2026-07-17T21:58:12Z</time>
      </trkpt>
      <trkpt lat="23.065456" lon="113.269681">
        <time>2026-07-17T21:58:17Z</time>
      </trkpt>
      <trkpt lat="23.065407" lon="113.26983">
        <time>2026-07-17T21:58:22Z</time>
      </trkpt>
      <trkpt lat="23.065372" lon="113.269926">
        <time>2026-07-17T21:58:27Z</time>
      </trkpt>
      <trkpt lat="23.065335" lon="113.270024">
        <time>2026-07-17T21:58:32Z</time>
      </trkpt>
      <trkpt lat="23.065273" lon="113.270175">
        <time>2026-07-17T21:58:37Z</time>
      </trkpt>
      <trkpt lat="23.065208" lon="113.270321">
        <time>2026-07-17T21:58:42Z</time>
      </trkpt>
      <trkpt lat="23.065165" lon="113.270417">
        <time>2026-07-17T21:58:47Z</time>
      </trkpt>
      <trkpt lat="23.065121" lon="113.270514">
        <time>2026-07-17T21:58:52Z</time>
      </trkpt>
      <trkpt lat="23.065058" lon="113.270656">
        <time>2026-07-17T21:58:57Z</time>
      </trkpt>
      <trkpt lat="23.064995" lon="113.270797">
        <time>2026-07-17T21:59:02Z</time>
      </trkpt>
      <trkpt lat="23.06495" lon="113.270892">
        <time>2026-07-17T21:59:07Z</time>
      </trkpt>
      <trkpt lat="23.064911" lon="113.270989">
        <time>2026-07-17T21:59:12Z</time>
      </trkpt>
      <trkpt lat="23.06485" lon="113.271136">
        <time>2026-07-17T21:59:17Z</time>
      </trkpt>
      <trkpt lat="23.064781" lon="113.271282">
        <time>2026-07-17T21:59:22Z</time>
      </trkpt>
      <trkpt lat="23.064732" lon="113.271382">
        <time>2026-07-17T21:59:27Z</time>
      </trkpt>
      <trkpt lat="23.064683" lon="113.271481">
        <time>2026-07-17T21:59:32Z</time>
      </trkpt>
      <trkpt lat="23.064611" lon="113.271629">
        <time>2026-07-17T21:59:37Z</time>
      </trkpt>
      <trkpt lat="23.064543" lon="113.271772">
        <time>2026-07-17T21:59:42Z</time>
      </trkpt>
      <trkpt lat="23.064499" lon="113.271871">
        <time>2026-07-17T21:59:47Z</time>
      </trkpt>
      <trkpt lat="23.06445" lon="113.271969">
        <time>2026-07-17T21:59:52Z</time>
      </trkpt>
      <trkpt lat="23.064381" lon="113.272111">
        <time>2026-07-17T21:59:57Z</time>
      </trkpt>
      <trkpt lat="23.064333" lon="113.272262">
        <time>2026-07-17T22:00:02Z</time>
      </trkpt>
      <trkpt lat="23.064329" lon="113.272364">
        <time>2026-07-17T22:00:07Z</time>
      </trkpt>
      <trkpt lat="23.064327" lon="113.272467">
        <time>2026-07-17T22:00:12Z</time>
      </trkpt>
      <trkpt lat="23.064334" lon="113.272624">
        <time>2026-07-17T22:00:17Z</time>
      </trkpt>
      <trkpt lat="23.064377" lon="113.272776">
        <time>2026-07-17T22:00:22Z</time>
      </trkpt>
      <trkpt lat="23.064407" lon="113.272872">
        <time>2026-07-17T22:00:27Z</time>
      </trkpt>
      <trkpt lat="23.064434" lon="113.272964">
        <time>2026-07-17T22:00:32Z</time>
      </trkpt>
      <trkpt lat="23.064478" lon="113.2731">
        <time>2026-07-17T22:00:37Z</time>
      </trkpt>
      <trkpt lat="23.064469" lon="113.273237">
        <time>2026-07-17T22:00:42Z</time>
      </trkpt>
      <trkpt lat="23.064407" lon="113.27331">
        <time>2026-07-17T22:00:47Z</time>
      </trkpt>
      <trkpt lat="23.064322" lon="113.273377">
        <time>2026-07-17T22:00:52Z</time>
      </trkpt>
      <trkpt lat="23.064191" lon="113.273473">
        <time>2026-07-17T22:00:57Z</time>
      </trkpt>
      <trkpt lat="23.06407" lon="113.273566">
        <time>2026-07-17T22:01:02Z</time>
      </trkpt>
      <trkpt lat="23.063994" lon="113.273632">
        <time>2026-07-17T22:01:07Z</time>
      </trkpt>
      <trkpt lat="23.063929" lon="113.273708">
        <time>2026-07-17T22:01:12Z</time>
      </trkpt>
      <trkpt lat="23.063843" lon="113.273834">
        <time>2026-07-17T22:01:17Z</time>
      </trkpt>
      <trkpt lat="23.063769" lon="113.273966">
        <time>2026-07-17T22:01:22Z</time>
      </trkpt>
      <trkpt lat="23.063715" lon="113.274048">
        <time>2026-07-17T22:01:27Z</time>
      </trkpt>
      <trkpt lat="23.063645" lon="113.274107">
        <time>2026-07-17T22:01:32Z</time>
      </trkpt>
      <trkpt lat="23.063539" lon="113.274203">
        <time>2026-07-17T22:01:37Z</time>
      </trkpt>
      <trkpt lat="23.063472" lon="113.274346">
        <time>2026-07-17T22:01:42Z</time>
      </trkpt>
      <trkpt lat="23.063442" lon="113.274449">
        <time>2026-07-17T22:01:47Z</time>
      </trkpt>
      <trkpt lat="23.06341" lon="113.274564">
        <time>2026-07-17T22:01:52Z</time>
      </trkpt>
      <trkpt lat="23.063358" lon="113.274719">
        <time>2026-07-17T22:01:57Z</time>
      </trkpt>
      <trkpt lat="23.063309" lon="113.274861">
        <time>2026-07-17T22:02:02Z</time>
      </trkpt>
      <trkpt lat="23.063275" lon="113.274963">
        <time>2026-07-17T22:02:07Z</time>
      </trkpt>
      <trkpt lat="23.063227" lon="113.275061">
        <time>2026-07-17T22:02:12Z</time>
      </trkpt>
      <trkpt lat="23.063143" lon="113.275199">
        <time>2026-07-17T22:02:17Z</time>
      </trkpt>
      <trkpt lat="23.063066" lon="113.275332">
        <time>2026-07-17T22:02:22Z</time>
      </trkpt>
      <trkpt lat="23.063014" lon="113.275416">
        <time>2026-07-17T22:02:27Z</time>
      </trkpt>
      <trkpt lat="23.062951" lon="113.275501">
        <time>2026-07-17T22:02:32Z</time>
      </trkpt>
      <trkpt lat="23.062845" lon="113.275625">
        <time>2026-07-17T22:02:37Z</time>
      </trkpt>
      <trkpt lat="23.062735" lon="113.275734">
        <time>2026-07-17T22:02:42Z</time>
      </trkpt>
      <trkpt lat="23.062663" lon="113.275808">
        <time>2026-07-17T22:02:47Z</time>
      </trkpt>
      <trkpt lat="23.062593" lon="113.27589">
        <time>2026-07-17T22:02:52Z</time>
      </trkpt>
      <trkpt lat="23.062501" lon="113.276024">
        <time>2026-07-17T22:02:57Z</time>
      </trkpt>
      <trkpt lat="23.062426" lon="113.276167">
        <time>2026-07-17T22:03:02Z</time>
      </trkpt>
      <trkpt lat="23.062387" lon="113.276266">
        <time>2026-07-17T22:03:07Z</time>
      </trkpt>
      <trkpt lat="23.062352" lon="113.276362">
        <time>2026-07-17T22:03:12Z</time>
      </trkpt>
      <trkpt lat="23.062301" lon="113.276504">
        <time>2026-07-17T22:03:17Z</time>
      </trkpt>
      <trkpt lat="23.062248" lon="113.276653">
        <time>2026-07-17T22:03:22Z</time>
      </trkpt>
      <trkpt lat="23.062211" lon="113.276751">
        <time>2026-07-17T22:03:27Z</time>
      </trkpt>
      <trkpt lat="23.06218" lon="113.276846">
        <time>2026-07-17T22:03:32Z</time>
      </trkpt>
      <trkpt lat="23.062132" lon="113.276985">
        <time>2026-07-17T22:03:37Z</time>
      </trkpt>
      <trkpt lat="23.062078" lon="113.277133">
        <time>2026-07-17T22:03:42Z</time>
      </trkpt>
      <trkpt lat="23.062037" lon="113.277239">
        <time>2026-07-17T22:03:47Z</time>
      </trkpt>
      <trkpt lat="23.061996" lon="113.277344">
        <time>2026-07-17T22:03:52Z</time>
      </trkpt>
      <trkpt lat="23.061935" lon="113.277502">
        <time>2026-07-17T22:03:57Z</time>
      </trkpt>
      <trkpt lat="23.061865" lon="113.277649">
        <time>2026-07-17T22:04:02Z</time>
      </trkpt>
      <trkpt lat="23.061842" lon="113.277754">
        <time>2026-07-17T22:04:07Z</time>
      </trkpt>
      <trkpt lat="23.061835" lon="113.277862">
        <time>2026-07-17T22:04:12Z</time>
      </trkpt>
      <trkpt lat="23.061833" lon="113.278023">
        <time>2026-07-17T22:04:17Z</time>
      </trkpt>
      <trkpt lat="23.061844" lon="113.27818">
        <time>2026-07-17T22:04:22Z</time>
      </trkpt>
      <trkpt lat="23.061848" lon="113.278282">
        <time>2026-07-17T22:04:27Z</time>
      </trkpt>
      <trkpt lat="23.061853" lon="113.278386">
        <time>2026-07-17T22:04:32Z</time>
      </trkpt>
      <trkpt lat="23.061863" lon="113.278546">
        <time>2026-07-17T22:04:37Z</time>
      </trkpt>
      <trkpt lat="23.061846" lon="113.278699">
        <time>2026-07-17T22:04:42Z</time>
      </trkpt>
      <trkpt lat="23.061788" lon="113.278743">
        <time>2026-07-17T22:04:47Z</time>
      </trkpt>
      <trkpt lat="23.061713" lon="113.278787">
        <time>2026-07-17T22:04:52Z</time>
      </trkpt>
      <trkpt lat="23.061644" lon="113.278924">
        <time>2026-07-17T22:04:57Z</time>
      </trkpt>
      <trkpt lat="23.061591" lon="113.27907">
        <time>2026-07-17T22:05:02Z</time>
      </trkpt>
      <trkpt lat="23.061558" lon="113.279156">
        <time>2026-07-17T22:05:07Z</time>
      </trkpt>
      <trkpt lat="23.061538" lon="113.279226">
        <time>2026-07-17T22:05:12Z</time>
      </trkpt>
      <trkpt lat="23.06148" lon="113.279378">
        <time>2026-07-17T22:05:17Z</time>
      </trkpt>
      <trkpt lat="23.061415" lon="113.279536">
        <time>2026-07-17T22:05:22Z</time>
      </trkpt>
      <trkpt lat="23.061372" lon="113.279641">
        <time>2026-07-17T22:05:27Z</time>
      </trkpt>
      <trkpt lat="23.061333" lon="113.279749">
        <time>2026-07-17T22:05:32Z</time>
      </trkpt>
      <trkpt lat="23.061272" lon="113.279909">
        <time>2026-07-17T22:05:37Z</time>
      </trkpt>
      <trkpt lat="23.061207" lon="113.280066">
        <time>2026-07-17T22:05:42Z</time>
      </trkpt>
      <trkpt lat="23.061165" lon="113.280171">
        <time>2026-07-17T22:05:47Z</time>
      </trkpt>
      <trkpt lat="23.061117" lon="113.280279">
        <time>2026-07-17T22:05:52Z</time>
      </trkpt>
      <trkpt lat="23.061044" lon="113.280444">
        <time>2026-07-17T22:05:57Z</time>
      </trkpt>
      <trkpt lat="23.06098" lon="113.280607">
        <time>2026-07-17T22:06:02Z</time>
      </trkpt>
      <trkpt lat="23.060938" lon="113.280709">
        <time>2026-07-17T22:06:07Z</time>
      </trkpt>
      <trkpt lat="23.060894" lon="113.280811">
        <time>2026-07-17T22:06:12Z</time>
      </trkpt>
      <trkpt lat="23.060824" lon="113.280968">
        <time>2026-07-17T22:06:17Z</time>
      </trkpt>
      <trkpt lat="23.060758" lon="113.281127">
        <time>2026-07-17T22:06:22Z</time>
      </trkpt>
      <trkpt lat="23.060714" lon="113.281229">
        <time>2026-07-17T22:06:27Z</time>
      </trkpt>
      <trkpt lat="23.06067" lon="113.281328">
        <time>2026-07-17T22:06:32Z</time>
      </trkpt>
      <trkpt lat="23.060599" lon="113.281471">
        <time>2026-07-17T22:06:37Z</time>
      </trkpt>
      <trkpt lat="23.060535" lon="113.281619">
        <time>2026-07-17T22:06:42Z</time>
      </trkpt>
      <trkpt lat="23.06049" lon="113.281718">
        <time>2026-07-17T22:06:47Z</time>
      </trkpt>
      <trkpt lat="23.06044" lon="113.281819">
        <time>2026-07-17T22:06:52Z</time>
      </trkpt>
      <trkpt lat="23.060371" lon="113.281974">
        <time>2026-07-17T22:06:57Z</time>
      </trkpt>
      <trkpt lat="23.060308" lon="113.282127">
        <time>2026-07-17T22:07:02Z</time>
      </trkpt>
      <trkpt lat="23.060274" lon="113.28223">
        <time>2026-07-17T22:07:07Z</time>
      </trkpt>
      <trkpt lat="23.060239" lon="113.282327">
        <time>2026-07-17T22:07:12Z</time>
      </trkpt>
      <trkpt lat="23.060185" lon="113.282466">
        <time>2026-07-17T22:07:17Z</time>
      </trkpt>
      <trkpt lat="23.060135" lon="113.282606">
        <time>2026-07-17T22:07:22Z</time>
      </trkpt>
      <trkpt lat="23.060096" lon="113.2827">
        <time>2026-07-17T22:07:27Z</time>
      </trkpt>
      <trkpt lat="23.060057" lon="113.282791">
        <time>2026-07-17T22:07:32Z</time>
      </trkpt>
      <trkpt lat="23.059994" lon="113.282934">
        <time>2026-07-17T22:07:37Z</time>
      </trkpt>
      <trkpt lat="23.059931" lon="113.28308">
        <time>2026-07-17T22:07:42Z</time>
      </trkpt>
      <trkpt lat="23.059882" lon="113.283179">
        <time>2026-07-17T22:07:47Z</time>
      </trkpt>
      <trkpt lat="23.059832" lon="113.283282">
        <time>2026-07-17T22:07:52Z</time>
      </trkpt>
      <trkpt lat="23.05976" lon="113.283427">
        <time>2026-07-17T22:07:57Z</time>
      </trkpt>
      <trkpt lat="23.059704" lon="113.283579">
        <time>2026-07-17T22:08:02Z</time>
      </trkpt>
      <trkpt lat="23.059663" lon="113.283685">
        <time>2026-07-17T22:08:07Z</time>
      </trkpt>
      <trkpt lat="23.059608" lon="113.283782">
        <time>2026-07-17T22:08:12Z</time>
      </trkpt>
      <trkpt lat="23.059542" lon="113.28393">
        <time>2026-07-17T22:08:17Z</time>
      </trkpt>
      <trkpt lat="23.059499" lon="113.284088">
        <time>2026-07-17T22:08:22Z</time>
      </trkpt>
      <trkpt lat="23.059463" lon="113.284197">
        <time>2026-07-17T22:08:27Z</time>
      </trkpt>
      <trkpt lat="23.059422" lon="113.2843">
        <time>2026-07-17T22:08:32Z</time>
      </trkpt>
      <trkpt lat="23.059366" lon="113.284451">
        <time>2026-07-17T22:08:37Z</time>
      </trkpt>
      <trkpt lat="23.059303" lon="113.284595">
        <time>2026-07-17T22:08:42Z</time>
      </trkpt>
      <trkpt lat="23.059262" lon="113.284693">
        <time>2026-07-17T22:08:47Z</time>
      </trkpt>
      <trkpt lat="23.059223" lon="113.284793">
        <time>2026-07-17T22:08:52Z</time>
      </trkpt>
      <trkpt lat="23.059163" lon="113.284934">
        <time>2026-07-17T22:08:57Z</time>
      </trkpt>
      <trkpt lat="23.059108" lon="113.28508">
        <time>2026-07-17T22:09:02Z</time>
      </trkpt>
      <trkpt lat="23.059066" lon="113.285175">
        <time>2026-07-17T22:09:07Z</time>
      </trkpt>
      <trkpt lat="23.059022" lon="113.285269">
        <time>2026-07-17T22:09:12Z</time>
      </trkpt>
      <trkpt lat="23.058959" lon="113.285417">
        <time>2026-07-17T22:09:17Z</time>
      </trkpt>
      <trkpt lat="23.058893" lon="113.285566">
        <time>2026-07-17T22:09:22Z</time>
      </trkpt>
      <trkpt lat="23.058847" lon="113.285667">
        <time>2026-07-17T22:09:27Z</time>
      </trkpt>
      <trkpt lat="23.058801" lon="113.285765">
        <time>2026-07-17T22:09:32Z</time>
      </trkpt>
      <trkpt lat="23.058736" lon="113.285911">
        <time>2026-07-17T22:09:37Z</time>
      </trkpt>
      <trkpt lat="23.058673" lon="113.286067">
        <time>2026-07-17T22:09:42Z</time>
      </trkpt>
      <trkpt lat="23.058666" lon="113.286178">
        <time>2026-07-17T22:09:47Z</time>
      </trkpt>
      <trkpt lat="23.058697" lon="113.28628">
        <time>2026-07-17T22:09:52Z</time>
      </trkpt>
      <trkpt lat="23.058828" lon="113.286351">
        <time>2026-07-17T22:09:57Z</time>
      </trkpt>
      <trkpt lat="23.05897" lon="113.286366">
        <time>2026-07-17T22:10:02Z</time>
      </trkpt>
      <trkpt lat="23.059061" lon="113.286379">
        <time>2026-07-17T22:10:07Z</time>
      </trkpt>
      <trkpt lat="23.059154" lon="113.286392">
        <time>2026-07-17T22:10:12Z</time>
      </trkpt>
      <trkpt lat="23.059295" lon="113.286413">
        <time>2026-07-17T22:10:17Z</time>
      </trkpt>
      <trkpt lat="23.059428" lon="113.286428">
        <time>2026-07-17T22:10:22Z</time>
      </trkpt>
      <trkpt lat="23.059516" lon="113.286432">
        <time>2026-07-17T22:10:27Z</time>
      </trkpt>
      <trkpt lat="23.059606" lon="113.286432">
        <time>2026-07-17T22:10:32Z</time>
      </trkpt>
      <trkpt lat="23.059739" lon="113.286437">
        <time>2026-07-17T22:10:37Z</time>
      </trkpt>
      <trkpt lat="23.059877" lon="113.286442">
        <time>2026-07-17T22:10:42Z</time>
      </trkpt>
      <trkpt lat="23.059971" lon="113.286448">
        <time>2026-07-17T22:10:47Z</time>
      </trkpt>
      <trkpt lat="23.060058" lon="113.286481">
        <time>2026-07-17T22:10:52Z</time>
      </trkpt>
      <trkpt lat="23.060115" lon="113.28663">
        <time>2026-07-17T22:10:57Z</time>
      </trkpt>
      <trkpt lat="23.060121" lon="113.286813">
        <time>2026-07-17T22:11:02Z</time>
      </trkpt>
      <trkpt lat="23.06014" lon="113.286934">
        <time>2026-07-17T22:11:07Z</time>
      </trkpt>
      <trkpt lat="23.060163" lon="113.287056">
        <time>2026-07-17T22:11:12Z</time>
      </trkpt>
      <trkpt lat="23.060217" lon="113.287223">
        <time>2026-07-17T22:11:17Z</time>
      </trkpt>
      <trkpt lat="23.06026" lon="113.287386">
        <time>2026-07-17T22:11:22Z</time>
      </trkpt>
      <trkpt lat="23.060282" lon="113.287497">
        <time>2026-07-17T22:11:27Z</time>
      </trkpt>
      <trkpt lat="23.060263" lon="113.287606">
        <time>2026-07-17T22:11:32Z</time>
      </trkpt>
      <trkpt lat="23.060226" lon="113.287765">
        <time>2026-07-17T22:11:37Z</time>
      </trkpt>
      <trkpt lat="23.060245" lon="113.287867">
        <time>2026-07-17T22:11:42Z</time>
      </trkpt>
      <trkpt lat="23.06029" lon="113.287816">
        <time>2026-07-17T22:11:47Z</time>
      </trkpt>
      <trkpt lat="23.06029" lon="113.287714">
        <time>2026-07-17T22:11:52Z</time>
      </trkpt>
      <trkpt lat="23.060286" lon="113.28754">
        <time>2026-07-17T22:11:57Z</time>
      </trkpt>
      <trkpt lat="23.060272" lon="113.287374">
        <time>2026-07-17T22:12:02Z</time>
      </trkpt>
      <trkpt lat="23.060244" lon="113.28726">
        <time>2026-07-17T22:12:07Z</time>
      </trkpt>
      <trkpt lat="23.06022" lon="113.287158">
        <time>2026-07-17T22:12:12Z</time>
      </trkpt>
      <trkpt lat="23.06021" lon="113.287012">
        <time>2026-07-17T22:12:17Z</time>
      </trkpt>
      <trkpt lat="23.06022" lon="113.286851">
        <time>2026-07-17T22:12:22Z</time>
      </trkpt>
      <trkpt lat="23.060204" lon="113.286744">
        <time>2026-07-17T22:12:27Z</time>
      </trkpt>
      <trkpt lat="23.0602" lon="113.286637">
        <time>2026-07-17T22:12:32Z</time>
      </trkpt>
      <trkpt lat="23.060215" lon="113.286512">
        <time>2026-07-17T22:12:37Z</time>
      </trkpt>
      <trkpt lat="23.06034" lon="113.286434">
        <time>2026-07-17T22:12:42Z</time>
      </trkpt>
      <trkpt lat="23.060424" lon="113.286377">
        <time>2026-07-17T22:12:47Z</time>
      </trkpt>
      <trkpt lat="23.060472" lon="113.286291">
        <time>2026-07-17T22:12:52Z</time>
      </trkpt>
      <trkpt lat="23.060506" lon="113.286146">
        <time>2026-07-17T22:12:57Z</time>
      </trkpt>
      <trkpt lat="23.060527" lon="113.285979">
        <time>2026-07-17T22:13:02Z</time>
      </trkpt>
      <trkpt lat="23.060543" lon="113.28587">
        <time>2026-07-17T22:13:07Z</time>
      </trkpt>
      <trkpt lat="23.060553" lon="113.285767">
        <time>2026-07-17T22:13:12Z</time>
      </trkpt>
      <trkpt lat="23.060568" lon="113.285608">
        <time>2026-07-17T22:13:17Z</time>
      </trkpt>
      <trkpt lat="23.06056" lon="113.285444">
        <time>2026-07-17T22:13:22Z</time>
      </trkpt>
      <trkpt lat="23.060574" lon="113.285344">
        <time>2026-07-17T22:13:27Z</time>
      </trkpt>
      <trkpt lat="23.060593" lon="113.285248">
        <time>2026-07-17T22:13:32Z</time>
      </trkpt>
      <trkpt lat="23.06063" lon="113.285087">
        <time>2026-07-17T22:13:37Z</time>
      </trkpt>
      <trkpt lat="23.060657" lon="113.284933">
        <time>2026-07-17T22:13:42Z</time>
      </trkpt>
      <trkpt lat="23.060671" lon="113.284839">
        <time>2026-07-17T22:13:47Z</time>
      </trkpt>
      <trkpt lat="23.060671" lon="113.284737">
        <time>2026-07-17T22:13:52Z</time>
      </trkpt>
      <trkpt lat="23.060661" lon="113.284585">
        <time>2026-07-17T22:13:57Z</time>
      </trkpt>
      <trkpt lat="23.060683" lon="113.284439">
        <time>2026-07-17T22:14:02Z</time>
      </trkpt>
      <trkpt lat="23.060693" lon="113.284339">
        <time>2026-07-17T22:14:07Z</time>
      </trkpt>
      <trkpt lat="23.060676" lon="113.284237">
        <time>2026-07-17T22:14:12Z</time>
      </trkpt>
      <trkpt lat="23.060644" lon="113.284065">
        <time>2026-07-17T22:14:17Z</time>
      </trkpt>
      <trkpt lat="23.060674" lon="113.283932">
        <time>2026-07-17T22:14:22Z</time>
      </trkpt>
      <trkpt lat="23.0607" lon="113.283826">
        <time>2026-07-17T22:14:27Z</time>
      </trkpt>
      <trkpt lat="23.060745" lon="113.283726">
        <time>2026-07-17T22:14:32Z</time>
      </trkpt>
      <trkpt lat="23.060806" lon="113.283568">
        <time>2026-07-17T22:14:37Z</time>
      </trkpt>
      <trkpt lat="23.060831" lon="113.283402">
        <time>2026-07-17T22:14:42Z</time>
      </trkpt>
      <trkpt lat="23.06086" lon="113.283305">
        <time>2026-07-17T22:14:47Z</time>
      </trkpt>
      <trkpt lat="23.060903" lon="113.283211">
        <time>2026-07-17T22:14:52Z</time>
      </trkpt>
      <trkpt lat="23.060988" lon="113.283067">
        <time>2026-07-17T22:14:57Z</time>
      </trkpt>
      <trkpt lat="23.06106" lon="113.282923">
        <time>2026-07-17T22:15:02Z</time>
      </trkpt>
      <trkpt lat="23.061097" lon="113.282816">
        <time>2026-07-17T22:15:07Z</time>
      </trkpt>
      <trkpt lat="23.061128" lon="113.282715">
        <time>2026-07-17T22:15:12Z</time>
      </trkpt>
      <trkpt lat="23.06119" lon="113.282584">
        <time>2026-07-17T22:15:17Z</time>
      </trkpt>
      <trkpt lat="23.061234" lon="113.28242">
        <time>2026-07-17T22:15:22Z</time>
      </trkpt>
      <trkpt lat="23.061231" lon="113.28229">
        <time>2026-07-17T22:15:27Z</time>
      </trkpt>
      <trkpt lat="23.061166" lon="113.282204">
        <time>2026-07-17T22:15:32Z</time>
      </trkpt>
      <trkpt lat="23.060992" lon="113.282203">
        <time>2026-07-17T22:15:37Z</time>
      </trkpt>
      <trkpt lat="23.060806" lon="113.282216">
        <time>2026-07-17T22:15:42Z</time>
      </trkpt>
      <trkpt lat="23.060672" lon="113.282226">
        <time>2026-07-17T22:15:47Z</time>
      </trkpt>
      <trkpt lat="23.060557" lon="113.282233">
        <time>2026-07-17T22:15:52Z</time>
      </trkpt>
      <trkpt lat="23.06047" lon="113.282356">
        <time>2026-07-17T22:15:57Z</time>
      </trkpt>
      <trkpt lat="23.060415" lon="113.282504">
        <time>2026-07-17T22:16:02Z</time>
      </trkpt>
      <trkpt lat="23.06038" lon="113.282593">
        <time>2026-07-17T22:16:07Z</time>
      </trkpt>
      <trkpt lat="23.060344" lon="113.28268">
        <time>2026-07-17T22:16:12Z</time>
      </trkpt>
      <trkpt lat="23.060288" lon="113.28281">
        <time>2026-07-17T22:16:17Z</time>
      </trkpt>
      <trkpt lat="23.060236" lon="113.282944">
        <time>2026-07-17T22:16:22Z</time>
      </trkpt>
      <trkpt lat="23.0602" lon="113.283037">
        <time>2026-07-17T22:16:27Z</time>
      </trkpt>
      <trkpt lat="23.060164" lon="113.283135">
        <time>2026-07-17T22:16:32Z</time>
      </trkpt>
      <trkpt lat="23.060115" lon="113.283281">
        <time>2026-07-17T22:16:37Z</time>
      </trkpt>
      <trkpt lat="23.060032" lon="113.283409">
        <time>2026-07-17T22:16:42Z</time>
      </trkpt>
      <trkpt lat="23.059952" lon="113.283464">
        <time>2026-07-17T22:16:47Z</time>
      </trkpt>
      <trkpt lat="23.059908" lon="113.283435">
        <time>2026-07-17T22:16:52Z</time>
      </trkpt>
      <trkpt lat="23.059968" lon="113.283289">
        <time>2026-07-17T22:16:57Z</time>
      </trkpt>
      <trkpt lat="23.060055" lon="113.283148">
        <time>2026-07-17T22:17:02Z</time>
      </trkpt>
      <trkpt lat="23.060105" lon="113.283046">
        <time>2026-07-17T22:17:07Z</time>
      </trkpt>
      <trkpt lat="23.060155" lon="113.282941">
        <time>2026-07-17T22:17:12Z</time>
      </trkpt>
      <trkpt lat="23.060218" lon="113.282787">
        <time>2026-07-17T22:17:17Z</time>
      </trkpt>
      <trkpt lat="23.060282" lon="113.282645">
        <time>2026-07-17T22:17:22Z</time>
      </trkpt>
      <trkpt lat="23.060324" lon="113.282546">
        <time>2026-07-17T22:17:27Z</time>
      </trkpt>
      <trkpt lat="23.060364" lon="113.28245">
        <time>2026-07-17T22:17:32Z</time>
      </trkpt>
      <trkpt lat="23.060423" lon="113.282315">
        <time>2026-07-17T22:17:37Z</time>
      </trkpt>
      <trkpt lat="23.060471" lon="113.282173">
        <time>2026-07-17T22:17:42Z</time>
      </trkpt>
      <trkpt lat="23.0605" lon="113.282075">
        <time>2026-07-17T22:17:47Z</time>
      </trkpt>
      <trkpt lat="23.060533" lon="113.281981">
        <time>2026-07-17T22:17:52Z</time>
      </trkpt>
      <trkpt lat="23.060594" lon="113.281832">
        <time>2026-07-17T22:17:57Z</time>
      </trkpt>
      <trkpt lat="23.060658" lon="113.281689">
        <time>2026-07-17T22:18:02Z</time>
      </trkpt>
      <trkpt lat="23.060695" lon="113.281595">
        <time>2026-07-17T22:18:07Z</time>
      </trkpt>
      <trkpt lat="23.060739" lon="113.281505">
        <time>2026-07-17T22:18:12Z</time>
      </trkpt>
      <trkpt lat="23.0608" lon="113.281366">
        <time>2026-07-17T22:18:17Z</time>
      </trkpt>
      <trkpt lat="23.060863" lon="113.281221">
        <time>2026-07-17T22:18:22Z</time>
      </trkpt>
      <trkpt lat="23.060905" lon="113.281123">
        <time>2026-07-17T22:18:27Z</time>
      </trkpt>
      <trkpt lat="23.060946" lon="113.281025">
        <time>2026-07-17T22:18:32Z</time>
      </trkpt>
      <trkpt lat="23.061005" lon="113.280873">
        <time>2026-07-17T22:18:37Z</time>
      </trkpt>
      <trkpt lat="23.061066" lon="113.280724">
        <time>2026-07-17T22:18:42Z</time>
      </trkpt>
      <trkpt lat="23.061114" lon="113.280624">
        <time>2026-07-17T22:18:47Z</time>
      </trkpt>
      <trkpt lat="23.061161" lon="113.280531">
        <time>2026-07-17T22:18:52Z</time>
      </trkpt>
      <trkpt lat="23.061223" lon="113.280382">
        <time>2026-07-17T22:18:57Z</time>
      </trkpt>
      <trkpt lat="23.061289" lon="113.280235">
        <time>2026-07-17T22:19:02Z</time>
      </trkpt>
      <trkpt lat="23.061341" lon="113.280142">
        <time>2026-07-17T22:19:07Z</time>
      </trkpt>
      <trkpt lat="23.061387" lon="113.280045">
        <time>2026-07-17T22:19:12Z</time>
      </trkpt>
      <trkpt lat="23.061448" lon="113.2799">
        <time>2026-07-17T22:19:17Z</time>
      </trkpt>
      <trkpt lat="23.061507" lon="113.279751">
        <time>2026-07-17T22:19:22Z</time>
      </trkpt>
      <trkpt lat="23.061544" lon="113.279655">
        <time>2026-07-17T22:19:27Z</time>
      </trkpt>
      <trkpt lat="23.061581" lon="113.279558">
        <time>2026-07-17T22:19:32Z</time>
      </trkpt>
      <trkpt lat="23.06164" lon="113.279413">
        <time>2026-07-17T22:19:37Z</time>
      </trkpt>
      <trkpt lat="23.061703" lon="113.279262">
        <time>2026-07-17T22:19:42Z</time>
      </trkpt>
      <trkpt lat="23.061751" lon="113.279166">
        <time>2026-07-17T22:19:47Z</time>
      </trkpt>
      <trkpt lat="23.061799" lon="113.279076">
        <time>2026-07-17T22:19:52Z</time>
      </trkpt>
      <trkpt lat="23.061884" lon="113.278943">
        <time>2026-07-17T22:19:57Z</time>
      </trkpt>
      <trkpt lat="23.061965" lon="113.278805">
        <time>2026-07-17T22:20:02Z</time>
      </trkpt>
      <trkpt lat="23.061988" lon="113.2787">
        <time>2026-07-17T22:20:07Z</time>
      </trkpt>
      <trkpt lat="23.061989" lon="113.278592">
        <time>2026-07-17T22:20:12Z</time>
      </trkpt>
      <trkpt lat="23.061975" lon="113.278427">
        <time>2026-07-17T22:20:17Z</time>
      </trkpt>
      <trkpt lat="23.061963" lon="113.278258">
        <time>2026-07-17T22:20:22Z</time>
      </trkpt>
      <trkpt lat="23.061957" lon="113.278149">
        <time>2026-07-17T22:20:27Z</time>
      </trkpt>
      <trkpt lat="23.061953" lon="113.278043">
        <time>2026-07-17T22:20:32Z</time>
      </trkpt>
      <trkpt lat="23.061947" lon="113.277881">
        <time>2026-07-17T22:20:37Z</time>
      </trkpt>
      <trkpt lat="23.061964" lon="113.277717">
        <time>2026-07-17T22:20:42Z</time>
      </trkpt>
      <trkpt lat="23.061995" lon="113.277615">
        <time>2026-07-17T22:20:47Z</time>
      </trkpt>
      <trkpt lat="23.062037" lon="113.277513">
        <time>2026-07-17T22:20:52Z</time>
      </trkpt>
      <trkpt lat="23.062098" lon="113.27736">
        <time>2026-07-17T22:20:57Z</time>
      </trkpt>
      <trkpt lat="23.06215" lon="113.277206">
        <time>2026-07-17T22:21:02Z</time>
      </trkpt>
      <trkpt lat="23.062182" lon="113.277104">
        <time>2026-07-17T22:21:07Z</time>
      </trkpt>
      <trkpt lat="23.06222" lon="113.277006">
        <time>2026-07-17T22:21:12Z</time>
      </trkpt>
      <trkpt lat="23.062276" lon="113.276859">
        <time>2026-07-17T22:21:17Z</time>
      </trkpt>
      <trkpt lat="23.062326" lon="113.276711">
        <time>2026-07-17T22:21:22Z</time>
      </trkpt>
      <trkpt lat="23.062362" lon="113.27661">
        <time>2026-07-17T22:21:27Z</time>
      </trkpt>
      <trkpt lat="23.062397" lon="113.276511">
        <time>2026-07-17T22:21:32Z</time>
      </trkpt>
      <trkpt lat="23.062452" lon="113.276361">
        <time>2026-07-17T22:21:37Z</time>
      </trkpt>
      <trkpt lat="23.062509" lon="113.276217">
        <time>2026-07-17T22:21:42Z</time>
      </trkpt>
      <trkpt lat="23.062553" lon="113.276126">
        <time>2026-07-17T22:21:47Z</time>
      </trkpt>
      <trkpt lat="23.062603" lon="113.27604">
        <time>2026-07-17T22:21:52Z</time>
      </trkpt>
      <trkpt lat="23.062686" lon="113.275914">
        <time>2026-07-17T22:21:57Z</time>
      </trkpt>
      <trkpt lat="23.062781" lon="113.275795">
        <time>2026-07-17T22:22:02Z</time>
      </trkpt>
      <trkpt lat="23.062854" lon="113.27572">
        <time>2026-07-17T22:22:07Z</time>
      </trkpt>
      <trkpt lat="23.062932" lon="113.275646">
        <time>2026-07-17T22:22:12Z</time>
      </trkpt>
      <trkpt lat="23.063039" lon="113.275523">
        <time>2026-07-17T22:22:17Z</time>
      </trkpt>
      <trkpt lat="23.063122" lon="113.275391">
        <time>2026-07-17T22:22:22Z</time>
      </trkpt>
      <trkpt lat="23.063176" lon="113.275306">
        <time>2026-07-17T22:22:27Z</time>
      </trkpt>
      <trkpt lat="23.063232" lon="113.27522">
        <time>2026-07-17T22:22:32Z</time>
      </trkpt>
      <trkpt lat="23.063311" lon="113.275086">
        <time>2026-07-17T22:22:37Z</time>
      </trkpt>
      <trkpt lat="23.063375" lon="113.274948">
        <time>2026-07-17T22:22:42Z</time>
      </trkpt>
      <trkpt lat="23.063406" lon="113.274856">
        <time>2026-07-17T22:22:47Z</time>
      </trkpt>
      <trkpt lat="23.063434" lon="113.27476">
        <time>2026-07-17T22:22:52Z</time>
      </trkpt>
      <trkpt lat="23.063475" lon="113.274625">
        <time>2026-07-17T22:22:57Z</time>
      </trkpt>
      <trkpt lat="23.063526" lon="113.274488">
        <time>2026-07-17T22:23:02Z</time>
      </trkpt>
      <trkpt lat="23.063561" lon="113.274398">
        <time>2026-07-17T22:23:07Z</time>
      </trkpt>
      <trkpt lat="23.063612" lon="113.274308">
        <time>2026-07-17T22:23:12Z</time>
      </trkpt>
      <trkpt lat="23.06373" lon="113.274203">
        <time>2026-07-17T22:23:17Z</time>
      </trkpt>
      <trkpt lat="23.063834" lon="113.274081">
        <time>2026-07-17T22:23:22Z</time>
      </trkpt>
      <trkpt lat="23.063894" lon="113.273984">
        <time>2026-07-17T22:23:27Z</time>
      </trkpt>
      <trkpt lat="23.06395" lon="113.273891">
        <time>2026-07-17T22:23:32Z</time>
      </trkpt>
      <trkpt lat="23.06403" lon="113.273757">
        <time>2026-07-17T22:23:37Z</time>
      </trkpt>
      <trkpt lat="23.064135" lon="113.273654">
        <time>2026-07-17T22:23:42Z</time>
      </trkpt>
      <trkpt lat="23.06421" lon="113.273596">
        <time>2026-07-17T22:23:47Z</time>
      </trkpt>
      <trkpt lat="23.064286" lon="113.273537">
        <time>2026-07-17T22:23:52Z</time>
      </trkpt>
      <trkpt lat="23.06441" lon="113.273442">
        <time>2026-07-17T22:23:57Z</time>
      </trkpt>
      <trkpt lat="23.064522" lon="113.27333">
        <time>2026-07-17T22:24:02Z</time>
      </trkpt>
      <trkpt lat="23.064569" lon="113.273232">
        <time>2026-07-17T22:24:07Z</time>
      </trkpt>
      <trkpt lat="23.064586" lon="113.273121">
        <time>2026-07-17T22:24:12Z</time>
      </trkpt>
      <trkpt lat="23.064551" lon="113.272955">
        <time>2026-07-17T22:24:17Z</time>
      </trkpt>
      <trkpt lat="23.064493" lon="113.272799">
        <time>2026-07-17T22:24:22Z</time>
      </trkpt>
      <trkpt lat="23.064459" lon="113.272694">
        <time>2026-07-17T22:24:27Z</time>
      </trkpt>
      <trkpt lat="23.064443" lon="113.272588">
        <time>2026-07-17T22:24:32Z</time>
      </trkpt>
      <trkpt lat="23.06449" lon="113.27244">
        <time>2026-07-17T22:24:37Z</time>
      </trkpt>
      <trkpt lat="23.064556" lon="113.272293">
        <time>2026-07-17T22:24:42Z</time>
      </trkpt>
      <trkpt lat="23.064576" lon="113.27219">
        <time>2026-07-17T22:24:47Z</time>
      </trkpt>
      <trkpt lat="23.064607" lon="113.272093">
        <time>2026-07-17T22:24:52Z</time>
      </trkpt>
      <trkpt lat="23.064679" lon="113.271954">
        <time>2026-07-17T22:24:57Z</time>
      </trkpt>
      <trkpt lat="23.064749" lon="113.271819">
        <time>2026-07-17T22:25:02Z</time>
      </trkpt>
      <trkpt lat="23.064794" lon="113.271725">
        <time>2026-07-17T22:25:07Z</time>
      </trkpt>
      <trkpt lat="23.064837" lon="113.271629">
        <time>2026-07-17T22:25:12Z</time>
      </trkpt>
      <trkpt lat="23.064902" lon="113.271481">
        <time>2026-07-17T22:25:17Z</time>
      </trkpt>
      <trkpt lat="23.064973" lon="113.27134">
        <time>2026-07-17T22:25:22Z</time>
      </trkpt>
      <trkpt lat="23.065017" lon="113.271253">
        <time>2026-07-17T22:25:27Z</time>
      </trkpt>
      <trkpt lat="23.065061" lon="113.27116">
        <time>2026-07-17T22:25:32Z</time>
      </trkpt>
      <trkpt lat="23.065133" lon="113.271014">
        <time>2026-07-17T22:25:37Z</time>
      </trkpt>
      <trkpt lat="23.065198" lon="113.270868">
        <time>2026-07-17T22:25:42Z</time>
      </trkpt>
      <trkpt lat="23.065238" lon="113.270776">
        <time>2026-07-17T22:25:47Z</time>
      </trkpt>
      <trkpt lat="23.065282" lon="113.270682">
        <time>2026-07-17T22:25:52Z</time>
      </trkpt>
      <trkpt lat="23.065352" lon="113.270544">
        <time>2026-07-17T22:25:57Z</time>
      </trkpt>
      <trkpt lat="23.065411" lon="113.270403">
        <time>2026-07-17T22:26:02Z</time>
      </trkpt>
      <trkpt lat="23.065453" lon="113.270311">
        <time>2026-07-17T22:26:07Z</time>
      </trkpt>
      <trkpt lat="23.065489" lon="113.270216">
        <time>2026-07-17T22:26:12Z</time>
      </trkpt>
      <trkpt lat="23.065547" lon="113.270078">
        <time>2026-07-17T22:26:17Z</time>
      </trkpt>
      <trkpt lat="23.0656" lon="113.269926">
        <time>2026-07-17T22:26:22Z</time>
      </trkpt>
      <trkpt lat="23.06563" lon="113.269824">
        <time>2026-07-17T22:26:27Z</time>
      </trkpt>
      <trkpt lat="23.065655" lon="113.269722">
        <time>2026-07-17T22:26:32Z</time>
      </trkpt>
      <trkpt lat="23.065701" lon="113.269571">
        <time>2026-07-17T22:26:37Z</time>
      </trkpt>
      <trkpt lat="23.065742" lon="113.269412">
        <time>2026-07-17T22:26:42Z</time>
      </trkpt>
      <trkpt lat="23.065764" lon="113.269306">
        <time>2026-07-17T22:26:47Z</time>
      </trkpt>
      <trkpt lat="23.065793" lon="113.269199">
        <time>2026-07-17T22:26:52Z</time>
      </trkpt>
      <trkpt lat="23.065843" lon="113.269046">
        <time>2026-07-17T22:26:57Z</time>
      </trkpt>
      <trkpt lat="23.065901" lon="113.268893">
        <time>2026-07-17T22:27:02Z</time>
      </trkpt>
      <trkpt lat="23.065942" lon="113.268792">
        <time>2026-07-17T22:27:07Z</time>
      </trkpt>
      <trkpt lat="23.065987" lon="113.268695">
        <time>2026-07-17T22:27:12Z</time>
      </trkpt>
      <trkpt lat="23.066063" lon="113.268557">
        <time>2026-07-17T22:27:17Z</time>
      </trkpt>
      <trkpt lat="23.066147" lon="113.268428">
        <time>2026-07-17T22:27:22Z</time>
      </trkpt>
      <trkpt lat="23.066204" lon="113.26834">
        <time>2026-07-17T22:27:27Z</time>
      </trkpt>
      <trkpt lat="23.066266" lon="113.268259">
        <time>2026-07-17T22:27:32Z</time>
      </trkpt>
      <trkpt lat="23.066379" lon="113.268154">
        <time>2026-07-17T22:27:37Z</time>
      </trkpt>
      <trkpt lat="23.066522" lon="113.268116">
        <time>2026-07-17T22:27:42Z</time>
      </trkpt>
      <trkpt lat="23.066619" lon="113.268127">
        <time>2026-07-17T22:27:47Z</time>
      </trkpt>
      <trkpt lat="23.066719" lon="113.268146">
        <time>2026-07-17T22:27:52Z</time>
      </trkpt>
      <trkpt lat="23.066868" lon="113.268146">
        <time>2026-07-17T22:27:57Z</time>
      </trkpt>
      <trkpt lat="23.06701" lon="113.268161">
        <time>2026-07-17T22:28:02Z</time>
      </trkpt>
      <trkpt lat="23.067092" lon="113.268196">
        <time>2026-07-17T22:28:07Z</time>
      </trkpt>
      <trkpt lat="23.067172" lon="113.268235">
        <time>2026-07-17T22:28:12Z</time>
      </trkpt>
      <trkpt lat="23.067296" lon="113.26832">
        <time>2026-07-17T22:28:17Z</time>
      </trkpt>
      <trkpt lat="23.067429" lon="113.268412">
        <time>2026-07-17T22:28:22Z</time>
      </trkpt>
      <trkpt lat="23.06752" lon="113.268456">
        <time>2026-07-17T22:28:27Z</time>
      </trkpt>
      <trkpt lat="23.067616" lon="113.268507">
        <time>2026-07-17T22:28:32Z</time>
      </trkpt>
      <trkpt lat="23.067762" lon="113.268575">
        <time>2026-07-17T22:28:37Z</time>
      </trkpt>
      <trkpt lat="23.067898" lon="113.26864">
        <time>2026-07-17T22:28:42Z</time>
      </trkpt>
      <trkpt lat="23.067984" lon="113.268685">
        <time>2026-07-17T22:28:47Z</time>
      </trkpt>
      <trkpt lat="23.068077" lon="113.268728">
        <time>2026-07-17T22:28:52Z</time>
      </trkpt>
      <trkpt lat="23.068211" lon="113.26878">
        <time>2026-07-17T22:28:57Z</time>
      </trkpt>
      <trkpt lat="23.068334" lon="113.268844">
        <time>2026-07-17T22:29:02Z</time>
      </trkpt>
      <trkpt lat="23.068412" lon="113.268887">
        <time>2026-07-17T22:29:07Z</time>
      </trkpt>
      <trkpt lat="23.068504" lon="113.268923">
        <time>2026-07-17T22:29:12Z</time>
      </trkpt>
      <trkpt lat="23.068647" lon="113.268969">
        <time>2026-07-17T22:29:17Z</time>
      </trkpt>
      <trkpt lat="23.068762" lon="113.26905">
        <time>2026-07-17T22:29:22Z</time>
      </trkpt>
      <trkpt lat="23.068833" lon="113.269107">
        <time>2026-07-17T22:29:27Z</time>
      </trkpt>
      <trkpt lat="23.068927" lon="113.269143">
        <time>2026-07-17T22:29:32Z</time>
      </trkpt>
      <trkpt lat="23.069068" lon="113.269155">
        <time>2026-07-17T22:29:37Z</time>
      </trkpt>
      <trkpt lat="23.069022" lon="113.269042">
        <time>2026-07-17T22:29:42Z</time>
      </trkpt>
      <trkpt lat="23.068935" lon="113.26899">
        <time>2026-07-17T22:29:47Z</time>
      </trkpt>
      <trkpt lat="23.068856" lon="113.268948">
        <time>2026-07-17T22:29:52Z</time>
      </trkpt>
      <trkpt lat="23.06873" lon="113.268887">
        <time>2026-07-17T22:29:57Z</time>
      </trkpt>
      <trkpt lat="23.0686" lon="113.268832">
        <time>2026-07-17T22:30:02Z</time>
      </trkpt>
      <trkpt lat="23.068518" lon="113.268791">
        <time>2026-07-17T22:30:07Z</time>
      </trkpt>
      <trkpt lat="23.068435" lon="113.26874">
        <time>2026-07-17T22:30:12Z</time>
      </trkpt>
      <trkpt lat="23.068311" lon="113.268668">
        <time>2026-07-17T22:30:17Z</time>
      </trkpt>
      <trkpt lat="23.068178" lon="113.2686">
        <time>2026-07-17T22:30:22Z</time>
      </trkpt>
      <trkpt lat="23.068078" lon="113.268557">
        <time>2026-07-17T22:30:27Z</time>
      </trkpt>
      <trkpt lat="23.067972" lon="113.268506">
        <time>2026-07-17T22:30:32Z</time>
      </trkpt>
      <trkpt lat="23.067821" lon="113.268441">
        <time>2026-07-17T22:30:37Z</time>
      </trkpt>
      <trkpt lat="23.067686" lon="113.268374">
        <time>2026-07-17T22:30:42Z</time>
      </trkpt>
      <trkpt lat="23.067598" lon="113.268327">
        <time>2026-07-17T22:30:47Z</time>
      </trkpt>
      <trkpt lat="23.067512" lon="113.268282">
        <time>2026-07-17T22:30:52Z</time>
      </trkpt>
      <trkpt lat="23.067374" lon="113.268241">
        <time>2026-07-17T22:30:57Z</time>
      </trkpt>
      <trkpt lat="23.067236" lon="113.268191">
        <time>2026-07-17T22:31:02Z</time>
      </trkpt>
      <trkpt lat="23.067145" lon="113.268165">
        <time>2026-07-17T22:31:07Z</time>
      </trkpt>
      <trkpt lat="23.067055" lon="113.268132">
        <time>2026-07-17T22:31:12Z</time>
      </trkpt>
      <trkpt lat="23.066908" lon="113.268069">
        <time>2026-07-17T22:31:17Z</time>
      </trkpt>
      <trkpt lat="23.066765" lon="113.268026">
        <time>2026-07-17T22:31:22Z</time>
      </trkpt>
      <trkpt lat="23.066674" lon="113.268009">
        <time>2026-07-17T22:31:27Z</time>
      </trkpt>
      <trkpt lat="23.066583" lon="113.267992">
        <time>2026-07-17T22:31:32Z</time>
      </trkpt>
      <trkpt lat="23.066443" lon="113.267948">
        <time>2026-07-17T22:31:37Z</time>
      </trkpt>
      <trkpt lat="23.066301" lon="113.267953">
        <time>2026-07-17T22:31:42Z</time>
      </trkpt>
      <trkpt lat="23.066218" lon="113.268004">
        <time>2026-07-17T22:31:47Z</time>
      </trkpt>
      <trkpt lat="23.066149" lon="113.268081">
        <time>2026-07-17T22:31:52Z</time>
      </trkpt>
      <trkpt lat="23.066046" lon="113.268193">
        <time>2026-07-17T22:31:57Z</time>
      </trkpt>
      <trkpt lat="23.065951" lon="113.268307">
        <time>2026-07-17T22:32:02Z</time>
      </trkpt>
      <trkpt lat="23.065891" lon="113.268387">
        <time>2026-07-17T22:32:07Z</time>
      </trkpt>
      <trkpt lat="23.065835" lon="113.268476">
        <time>2026-07-17T22:32:12Z</time>
      </trkpt>
      <trkpt lat="23.065761" lon="113.268615">
        <time>2026-07-17T22:32:17Z</time>
      </trkpt>
      <trkpt lat="23.065698" lon="113.268754">
        <time>2026-07-17T22:32:22Z</time>
      </trkpt>
      <trkpt lat="23.065661" lon="113.268849">
        <time>2026-07-17T22:32:27Z</time>
      </trkpt>
      <trkpt lat="23.065628" lon="113.268946">
        <time>2026-07-17T22:32:32Z</time>
      </trkpt>
      <trkpt lat="23.065589" lon="113.269093">
        <time>2026-07-17T22:32:37Z</time>
      </trkpt>
      <trkpt lat="23.065555" lon="113.26924">
        <time>2026-07-17T22:32:42Z</time>
      </trkpt>
      <trkpt lat="23.065529" lon="113.269342">
        <time>2026-07-17T22:32:47Z</time>
      </trkpt>
      <trkpt lat="23.065506" lon="113.269444">
        <time>2026-07-17T22:32:52Z</time>
      </trkpt>
      <trkpt lat="23.065471" lon="113.269595">
        <time>2026-07-17T22:32:57Z</time>
      </trkpt>
      <trkpt lat="23.065434" lon="113.269751">
        <time>2026-07-17T22:33:02Z</time>
      </trkpt>
      <trkpt lat="23.065402" lon="113.269852">
        <time>2026-07-17T22:33:07Z</time>
      </trkpt>
      <trkpt lat="23.065362" lon="113.269952">
        <time>2026-07-17T22:33:12Z</time>
      </trkpt>
      <trkpt lat="23.065299" lon="113.270098">
        <time>2026-07-17T22:33:17Z</time>
      </trkpt>
      <trkpt lat="23.065238" lon="113.270246">
        <time>2026-07-17T22:33:22Z</time>
      </trkpt>
      <trkpt lat="23.065197" lon="113.270342">
        <time>2026-07-17T22:33:27Z</time>
      </trkpt>
      <trkpt lat="23.065151" lon="113.27044">
        <time>2026-07-17T22:33:32Z</time>
      </trkpt>
      <trkpt lat="23.065079" lon="113.270589">
        <time>2026-07-17T22:33:37Z</time>
      </trkpt>
      <trkpt lat="23.065017" lon="113.270731">
        <time>2026-07-17T22:33:42Z</time>
      </trkpt>
      <trkpt lat="23.064975" lon="113.270823">
        <time>2026-07-17T22:33:47Z</time>
      </trkpt>
      <trkpt lat="23.064937" lon="113.270917">
        <time>2026-07-17T22:33:52Z</time>
      </trkpt>
      <trkpt lat="23.064879" lon="113.27106">
        <time>2026-07-17T22:33:57Z</time>
      </trkpt>
      <trkpt lat="23.064814" lon="113.271203">
        <time>2026-07-17T22:34:02Z</time>
      </trkpt>
      <trkpt lat="23.064768" lon="113.271293">
        <time>2026-07-17T22:34:07Z</time>
      </trkpt>
      <trkpt lat="23.064724" lon="113.271384">
        <time>2026-07-17T22:34:12Z</time>
      </trkpt>
      <trkpt lat="23.06466" lon="113.271529">
        <time>2026-07-17T22:34:17Z</time>
      </trkpt>
      <trkpt lat="23.064589" lon="113.271672">
        <time>2026-07-17T22:34:22Z</time>
      </trkpt>
      <trkpt lat="23.064544" lon="113.271766">
        <time>2026-07-17T22:34:27Z</time>
      </trkpt>
      <trkpt lat="23.0645" lon="113.271857">
        <time>2026-07-17T22:34:32Z</time>
      </trkpt>
      <trkpt lat="23.064433" lon="113.272003">
        <time>2026-07-17T22:34:37Z</time>
      </trkpt>
      <trkpt lat="23.064362" lon="113.272148">
        <time>2026-07-17T22:34:42Z</time>
      </trkpt>
      <trkpt lat="23.064334" lon="113.272246">
        <time>2026-07-17T22:34:47Z</time>
      </trkpt>
      <trkpt lat="23.064332" lon="113.272346">
        <time>2026-07-17T22:34:52Z</time>
      </trkpt>
      <trkpt lat="23.064327" lon="113.272497">
        <time>2026-07-17T22:34:57Z</time>
      </trkpt>
      <trkpt lat="23.06434" lon="113.272649">
        <time>2026-07-17T22:35:02Z</time>
      </trkpt>
      <trkpt lat="23.064366" lon="113.272748">
        <time>2026-07-17T22:35:07Z</time>
      </trkpt>
      <trkpt lat="23.064392" lon="113.272842">
        <time>2026-07-17T22:35:12Z</time>
      </trkpt>
      <trkpt lat="23.06443" lon="113.27299">
        <time>2026-07-17T22:35:17Z</time>
      </trkpt>
      <trkpt lat="23.064461" lon="113.273129">
        <time>2026-07-17T22:35:22Z</time>
      </trkpt>
      <trkpt lat="23.064454" lon="113.273226">
        <time>2026-07-17T22:35:27Z</time>
      </trkpt>
      <trkpt lat="23.064394" lon="113.273308">
        <time>2026-07-17T22:35:32Z</time>
      </trkpt>
      <trkpt lat="23.064264" lon="113.273396">
        <time>2026-07-17T22:35:37Z</time>
      </trkpt>
      <trkpt lat="23.06414" lon="113.273487">
        <time>2026-07-17T22:35:42Z</time>
      </trkpt>
      <trkpt lat="23.064064" lon="113.273548">
        <time>2026-07-17T22:35:47Z</time>
      </trkpt>
      <trkpt lat="23.063992" lon="113.273612">
        <time>2026-07-17T22:35:52Z</time>
      </trkpt>
      <trkpt lat="23.063901" lon="113.273723">
        <time>2026-07-17T22:35:57Z</time>
      </trkpt>
      <trkpt lat="23.063823" lon="113.273846">
        <time>2026-07-17T22:36:02Z</time>
      </trkpt>
      <trkpt lat="23.063773" lon="113.27393">
        <time>2026-07-17T22:36:07Z</time>
      </trkpt>
      <trkpt lat="23.063724" lon="113.274015">
        <time>2026-07-17T22:36:12Z</time>
      </trkpt>
      <trkpt lat="23.06362" lon="113.274109">
        <time>2026-07-17T22:36:17Z</time>
      </trkpt>
      <trkpt lat="23.0635" lon="113.274103">
        <time>2026-07-17T22:36:22Z</time>
      </trkpt>
      <trkpt lat="23.063418" lon="113.274086">
        <time>2026-07-17T22:36:27Z</time>
      </trkpt>
      <trkpt lat="23.063357" lon="113.274159">
        <time>2026-07-17T22:36:32Z</time>
      </trkpt>
      <trkpt lat="23.063293" lon="113.274332">
        <time>2026-07-17T22:36:37Z</time>
      </trkpt>
      <trkpt lat="23.063242" lon="113.274497">
        <time>2026-07-17T22:36:42Z</time>
      </trkpt>
      <trkpt lat="23.063207" lon="113.274597">
        <time>2026-07-17T22:36:47Z</time>
      </trkpt>
      <trkpt lat="23.063172" lon="113.274695">
        <time>2026-07-17T22:36:52Z</time>
      </trkpt>
      <trkpt lat="23.06312" lon="113.274841">
        <time>2026-07-17T22:36:57Z</time>
      </trkpt>
      <trkpt lat="23.063069" lon="113.274986">
        <time>2026-07-17T22:37:02Z</time>
      </trkpt>
      <trkpt lat="23.06304" lon="113.275086">
        <time>2026-07-17T22:37:07Z</time>
      </trkpt>
      <trkpt lat="23.062983" lon="113.275163">
        <time>2026-07-17T22:37:12Z</time>
      </trkpt>
      <trkpt lat="23.062889" lon="113.275269">
        <time>2026-07-17T22:37:17Z</time>
      </trkpt>
      <trkpt lat="23.062916" lon="113.275423">
        <time>2026-07-17T22:37:22Z</time>
      </trkpt>
      <trkpt lat="23.062909" lon="113.275522">
        <time>2026-07-17T22:37:27Z</time>
      </trkpt>
      <trkpt lat="23.062851" lon="113.275606">
        <time>2026-07-17T22:37:32Z</time>
      </trkpt>
      <trkpt lat="23.062737" lon="113.275714">
        <time>2026-07-17T22:37:37Z</time>
      </trkpt>
      <trkpt lat="23.062632" lon="113.275829">
        <time>2026-07-17T22:37:42Z</time>
      </trkpt>
      <trkpt lat="23.062576" lon="113.275909">
        <time>2026-07-17T22:37:47Z</time>
      </trkpt>
      <trkpt lat="23.062524" lon="113.275993">
        <time>2026-07-17T22:37:52Z</time>
      </trkpt>
      <trkpt lat="23.062441" lon="113.276124">
        <time>2026-07-17T22:37:57Z</time>
      </trkpt>
      <trkpt lat="23.062387" lon="113.276266">
        <time>2026-07-17T22:38:02Z</time>
      </trkpt>
      <trkpt lat="23.062354" lon="113.276355">
        <time>2026-07-17T22:38:07Z</time>
      </trkpt>
      <trkpt lat="23.06232" lon="113.276445">
        <time>2026-07-17T22:38:12Z</time>
      </trkpt>
      <trkpt lat="23.062267" lon="113.276586">
        <time>2026-07-17T22:38:17Z</time>
      </trkpt>
      <trkpt lat="23.062218" lon="113.276722">
        <time>2026-07-17T22:38:22Z</time>
      </trkpt>
      <trkpt lat="23.062189" lon="113.276812">
        <time>2026-07-17T22:38:27Z</time>
      </trkpt>
      <trkpt lat="23.062153" lon="113.276904">
        <time>2026-07-17T22:38:32Z</time>
      </trkpt>
      <trkpt lat="23.062098" lon="113.277053">
        <time>2026-07-17T22:38:37Z</time>
      </trkpt>
      <trkpt lat="23.06203" lon="113.277221">
        <time>2026-07-17T22:38:42Z</time>
      </trkpt>
      <trkpt lat="23.06199" lon="113.277331">
        <time>2026-07-17T22:38:47Z</time>
      </trkpt>
      <trkpt lat="23.061952" lon="113.27743">
        <time>2026-07-17T22:38:52Z</time>
      </trkpt>
      <trkpt lat="23.061898" lon="113.277568">
        <time>2026-07-17T22:38:57Z</time>
      </trkpt>
      <trkpt lat="23.061844" lon="113.277722">
        <time>2026-07-17T22:39:02Z</time>
      </trkpt>
      <trkpt lat="23.061834" lon="113.277825">
        <time>2026-07-17T22:39:07Z</time>
      </trkpt>
      <trkpt lat="23.061836" lon="113.277928">
        <time>2026-07-17T22:39:12Z</time>
      </trkpt>
      <trkpt lat="23.06184" lon="113.278084">
        <time>2026-07-17T22:39:17Z</time>
      </trkpt>
      <trkpt lat="23.061849" lon="113.278229">
        <time>2026-07-17T22:39:22Z</time>
      </trkpt>
      <trkpt lat="23.061853" lon="113.278327">
        <time>2026-07-17T22:39:27Z</time>
      </trkpt>
      <trkpt lat="23.061861" lon="113.278427">
        <time>2026-07-17T22:39:32Z</time>
      </trkpt>
      <trkpt lat="23.061863" lon="113.278573">
        <time>2026-07-17T22:39:37Z</time>
      </trkpt>
      <trkpt lat="23.061841" lon="113.278713">
        <time>2026-07-17T22:39:42Z</time>
      </trkpt>
      <trkpt lat="23.06178" lon="113.278737">
        <time>2026-07-17T22:39:47Z</time>
      </trkpt>
      <trkpt lat="23.061714" lon="113.27877">
        <time>2026-07-17T22:39:52Z</time>
      </trkpt>
      <trkpt lat="23.061662" lon="113.278894">
        <time>2026-07-17T22:39:57Z</time>
      </trkpt>
      <trkpt lat="23.061614" lon="113.279024">
        <time>2026-07-17T22:40:02Z</time>
      </trkpt>
      <trkpt lat="23.06158" lon="113.279107">
        <time>2026-07-17T22:40:07Z</time>
      </trkpt>
      <trkpt lat="23.061554" lon="113.279167">
        <time>2026-07-17T22:40:12Z</time>
      </trkpt>
      <trkpt lat="23.061534" lon="113.279222">
        <time>2026-07-17T22:40:17Z</time>
      </trkpt>
      <trkpt lat="23.061562" lon="113.279218">
        <time>2026-07-17T22:40:22Z</time>
      </trkpt>
      <trkpt lat="23.061573" lon="113.279184">
        <time>2026-07-17T22:40:27Z</time>
      </trkpt>
      <trkpt lat="23.061563" lon="113.279216">
        <time>2026-07-17T22:40:32Z</time>
      </trkpt>
      <trkpt lat="23.061509" lon="113.279365">
        <time>2026-07-17T22:40:37Z</time>
      </trkpt>
      <trkpt lat="23.061436" lon="113.279519">
        <time>2026-07-17T22:40:42Z</time>
      </trkpt>
      <trkpt lat="23.061389" lon="113.279619">
        <time>2026-07-17T22:40:47Z</time>
      </trkpt>
      <trkpt lat="23.061346" lon="113.279721">
        <time>2026-07-17T22:40:52Z</time>
      </trkpt>
      <trkpt lat="23.061291" lon="113.279878">
        <time>2026-07-17T22:40:57Z</time>
      </trkpt>
      <trkpt lat="23.061228" lon="113.280024">
        <time>2026-07-17T22:41:02Z</time>
      </trkpt>
      <trkpt lat="23.06119" lon="113.280119">
        <time>2026-07-17T22:41:07Z</time>
      </trkpt>
      <trkpt lat="23.061149" lon="113.280219">
        <time>2026-07-17T22:41:12Z</time>
      </trkpt>
      <trkpt lat="23.061085" lon="113.280363">
        <time>2026-07-17T22:41:17Z</time>
      </trkpt>
      <trkpt lat="23.061017" lon="113.280508">
        <time>2026-07-17T22:41:22Z</time>
      </trkpt>
      <trkpt lat="23.060974" lon="113.280605">
        <time>2026-07-17T22:41:27Z</time>
      </trkpt>
      <trkpt lat="23.060934" lon="113.280704">
        <time>2026-07-17T22:41:32Z</time>
      </trkpt>
      <trkpt lat="23.060872" lon="113.280853">
        <time>2026-07-17T22:41:37Z</time>
      </trkpt>
      <trkpt lat="23.060813" lon="113.280997">
        <time>2026-07-17T22:41:42Z</time>
      </trkpt>
      <trkpt lat="23.060775" lon="113.281086">
        <time>2026-07-17T22:41:47Z</time>
      </trkpt>
      <trkpt lat="23.060731" lon="113.281174">
        <time>2026-07-17T22:41:52Z</time>
      </trkpt>
      <trkpt lat="23.060666" lon="113.281314">
        <time>2026-07-17T22:41:57Z</time>
      </trkpt>
      <trkpt lat="23.060609" lon="113.281454">
        <time>2026-07-17T22:42:02Z</time>
      </trkpt>
      <trkpt lat="23.060569" lon="113.281549">
        <time>2026-07-17T22:42:07Z</time>
      </trkpt>
      <trkpt lat="23.060529" lon="113.281645">
        <time>2026-07-17T22:42:12Z</time>
      </trkpt>
      <trkpt lat="23.060465" lon="113.281786">
        <time>2026-07-17T22:42:17Z</time>
      </trkpt>
      <trkpt lat="23.060401" lon="113.281925">
        <time>2026-07-17T22:42:22Z</time>
      </trkpt>
      <trkpt lat="23.06036" lon="113.282018">
        <time>2026-07-17T22:42:27Z</time>
      </trkpt>
      <trkpt lat="23.060321" lon="113.282112">
        <time>2026-07-17T22:42:32Z</time>
      </trkpt>
      <trkpt lat="23.060262" lon="113.282253">
        <time>2026-07-17T22:42:37Z</time>
      </trkpt>
      <trkpt lat="23.060207" lon="113.282397">
        <time>2026-07-17T22:42:42Z</time>
      </trkpt>
      <trkpt lat="23.060171" lon="113.282492">
        <time>2026-07-17T22:42:47Z</time>
      </trkpt>
      <trkpt lat="23.060134" lon="113.282583">
        <time>2026-07-17T22:42:52Z</time>
      </trkpt>
      <trkpt lat="23.060081" lon="113.282721">
        <time>2026-07-17T22:42:57Z</time>
      </trkpt>
      <trkpt lat="23.06002" lon="113.28286">
        <time>2026-07-17T22:43:02Z</time>
      </trkpt>
      <trkpt lat="23.059981" lon="113.282953">
        <time>2026-07-17T22:43:07Z</time>
      </trkpt>
      <trkpt lat="23.059941" lon="113.283045">
        <time>2026-07-17T22:43:12Z</time>
      </trkpt>
      <trkpt lat="23.059885" lon="113.283183">
        <time>2026-07-17T22:43:17Z</time>
      </trkpt>
      <trkpt lat="23.059817" lon="113.28332">
        <time>2026-07-17T22:43:22Z</time>
      </trkpt>
      <trkpt lat="23.059769" lon="113.283414">
        <time>2026-07-17T22:43:27Z</time>
      </trkpt>
      <trkpt lat="23.059731" lon="113.283512">
        <time>2026-07-17T22:43:32Z</time>
      </trkpt>
      <trkpt lat="23.059676" lon="113.283658">
        <time>2026-07-17T22:43:37Z</time>
      </trkpt>
      <trkpt lat="23.059604" lon="113.283798">
        <time>2026-07-17T22:43:42Z</time>
      </trkpt>
      <trkpt lat="23.059561" lon="113.283891">
        <time>2026-07-17T22:43:47Z</time>
      </trkpt>
      <trkpt lat="23.059521" lon="113.283989">
        <time>2026-07-17T22:43:52Z</time>
      </trkpt>
      <trkpt lat="23.05944" lon="113.284125">
        <time>2026-07-17T22:43:57Z</time>
      </trkpt>
      <trkpt lat="23.059374" lon="113.284263">
        <time>2026-07-17T22:44:02Z</time>
      </trkpt>
      <trkpt lat="23.059339" lon="113.284358">
        <time>2026-07-17T22:44:07Z</time>
      </trkpt>
      <trkpt lat="23.059324" lon="113.284462">
        <time>2026-07-17T22:44:12Z</time>
      </trkpt>
      <trkpt lat="23.059291" lon="113.284608">
        <time>2026-07-17T22:44:17Z</time>
      </trkpt>
      <trkpt lat="23.05924" lon="113.284752">
        <time>2026-07-17T22:44:22Z</time>
      </trkpt>
      <trkpt lat="23.059201" lon="113.284847">
        <time>2026-07-17T22:44:27Z</time>
      </trkpt>
      <trkpt lat="23.059158" lon="113.284938">
        <time>2026-07-17T22:44:32Z</time>
      </trkpt>
      <trkpt lat="23.059095" lon="113.285081">
        <time>2026-07-17T22:44:37Z</time>
      </trkpt>
      <trkpt lat="23.059042" lon="113.28523">
        <time>2026-07-17T22:44:42Z</time>
      </trkpt>
      <trkpt lat="23.059001" lon="113.285331">
        <time>2026-07-17T22:44:47Z</time>
      </trkpt>
      <trkpt lat="23.058959" lon="113.285429">
        <time>2026-07-17T22:44:52Z</time>
      </trkpt>
      <trkpt lat="23.058895" lon="113.285567">
        <time>2026-07-17T22:44:57Z</time>
      </trkpt>
      <trkpt lat="23.058829" lon="113.285711">
        <time>2026-07-17T22:45:02Z</time>
      </trkpt>
      <trkpt lat="23.058789" lon="113.285806">
        <time>2026-07-17T22:45:07Z</time>
      </trkpt>
      <trkpt lat="23.058738" lon="113.285896">
        <time>2026-07-17T22:45:12Z</time>
      </trkpt>
      <trkpt lat="23.058672" lon="113.286047">
        <time>2026-07-17T22:45:17Z</time>
      </trkpt>
      <trkpt lat="23.058657" lon="113.286201">
        <time>2026-07-17T22:45:22Z</time>
      </trkpt>
      <trkpt lat="23.058705" lon="113.286289">
        <time>2026-07-17T22:45:27Z</time>
      </trkpt>
      <trkpt lat="23.05879" lon="113.286338">
        <time>2026-07-17T22:45:32Z</time>
      </trkpt>
      <trkpt lat="23.058928" lon="113.286356">
        <time>2026-07-17T22:45:37Z</time>
      </trkpt>
      <trkpt lat="23.059059" lon="113.286378">
        <time>2026-07-17T22:45:42Z</time>
      </trkpt>
      <trkpt lat="23.059152" lon="113.286393">
        <time>2026-07-17T22:45:47Z</time>
      </trkpt>
      <trkpt lat="23.059249" lon="113.286404">
        <time>2026-07-17T22:45:52Z</time>
      </trkpt>
      <trkpt lat="23.059389" lon="113.286428">
        <time>2026-07-17T22:45:57Z</time>
      </trkpt>
      <trkpt lat="23.059532" lon="113.286438">
        <time>2026-07-17T22:46:02Z</time>
      </trkpt>
      <trkpt lat="23.059627" lon="113.286436">
        <time>2026-07-17T22:46:07Z</time>
      </trkpt>
      <trkpt lat="23.059717" lon="113.286439">
        <time>2026-07-17T22:46:12Z</time>
      </trkpt>
      <trkpt lat="23.059849" lon="113.286446">
        <time>2026-07-17T22:46:17Z</time>
      </trkpt>
      <trkpt lat="23.059986" lon="113.286455">
        <time>2026-07-17T22:46:22Z</time>
      </trkpt>
      <trkpt lat="23.060063" lon="113.2865">
        <time>2026-07-17T22:46:27Z</time>
      </trkpt>
      <trkpt lat="23.060101" lon="113.286612">
        <time>2026-07-17T22:46:32Z</time>
      </trkpt>
      <trkpt lat="23.060122" lon="113.2868">
        <time>2026-07-17T22:46:37Z</time>
      </trkpt>
      <trkpt lat="23.060145" lon="113.286963">
        <time>2026-07-17T22:46:42Z</time>
      </trkpt>
      <trkpt lat="23.06016" lon="113.287073">
        <time>2026-07-17T22:46:47Z</time>
      </trkpt>
      <trkpt lat="23.060193" lon="113.287189">
        <time>2026-07-17T22:46:52Z</time>
      </trkpt>
      <trkpt lat="23.060269" lon="113.287332">
        <time>2026-07-17T22:46:57Z</time>
      </trkpt>
      <trkpt lat="23.060304" lon="113.287478">
        <time>2026-07-17T22:47:02Z</time>
      </trkpt>
      <trkpt lat="23.060284" lon="113.287582">
        <time>2026-07-17T22:47:07Z</time>
      </trkpt>
      <trkpt lat="23.060277" lon="113.287682">
        <time>2026-07-17T22:47:12Z</time>
      </trkpt>
      <trkpt lat="23.060209" lon="113.287862">
        <time>2026-07-17T22:47:17Z</time>
      </trkpt>
      <trkpt lat="23.060278" lon="113.287887">
        <time>2026-07-17T22:47:22Z</time>
      </trkpt>
      <trkpt lat="23.060292" lon="113.287779">
        <time>2026-07-17T22:47:27Z</time>
      </trkpt>
      <trkpt lat="23.060283" lon="113.287672">
        <time>2026-07-17T22:47:32Z</time>
      </trkpt>
      <trkpt lat="23.06027" lon="113.287502">
        <time>2026-07-17T22:47:37Z</time>
      </trkpt>
      <trkpt lat="23.060264" lon="113.28733">
        <time>2026-07-17T22:47:42Z</time>
      </trkpt>
      <trkpt lat="23.060252" lon="113.287221">
        <time>2026-07-17T22:47:47Z</time>
      </trkpt>
      <trkpt lat="23.060245" lon="113.287109">
        <time>2026-07-17T22:47:52Z</time>
      </trkpt>
      <trkpt lat="23.060273" lon="113.286942">
        <time>2026-07-17T22:47:57Z</time>
      </trkpt>
      <trkpt lat="23.06029" lon="113.286779">
        <time>2026-07-17T22:48:02Z</time>
      </trkpt>
      <trkpt lat="23.060273" lon="113.286683">
        <time>2026-07-17T22:48:07Z</time>
      </trkpt>
      <trkpt lat="23.060236" lon="113.286576">
        <time>2026-07-17T22:48:12Z</time>
      </trkpt>
      <trkpt lat="23.060311" lon="113.286474">
        <time>2026-07-17T22:48:17Z</time>
      </trkpt>
      <trkpt lat="23.060428" lon="113.28639">
        <time>2026-07-17T22:48:22Z</time>
      </trkpt>
      <trkpt lat="23.060475" lon="113.286297">
        <time>2026-07-17T22:48:27Z</time>
      </trkpt>
      <trkpt lat="23.060483" lon="113.286185">
        <time>2026-07-17T22:48:32Z</time>
      </trkpt>
      <trkpt lat="23.060495" lon="113.286028">
        <time>2026-07-17T22:48:37Z</time>
      </trkpt>
      <trkpt lat="23.060512" lon="113.285884">
        <time>2026-07-17T22:48:42Z</time>
      </trkpt>
      <trkpt lat="23.060521" lon="113.285789">
        <time>2026-07-17T22:48:47Z</time>
      </trkpt>
      <trkpt lat="23.060527" lon="113.285678">
        <time>2026-07-17T22:48:52Z</time>
      </trkpt>
      <trkpt lat="23.060503" lon="113.28551">
        <time>2026-07-17T22:48:57Z</time>
      </trkpt>
      <trkpt lat="23.060528" lon="113.285351">
        <time>2026-07-17T22:49:02Z</time>
      </trkpt>
      <trkpt lat="23.060544" lon="113.285241">
        <time>2026-07-17T22:49:07Z</time>
      </trkpt>
      <trkpt lat="23.060561" lon="113.285138">
        <time>2026-07-17T22:49:12Z</time>
      </trkpt>
      <trkpt lat="23.060574" lon="113.284985">
        <time>2026-07-17T22:49:17Z</time>
      </trkpt>
      <trkpt lat="23.060576" lon="113.284838">
        <time>2026-07-17T22:49:22Z</time>
      </trkpt>
      <trkpt lat="23.060599" lon="113.284746">
        <time>2026-07-17T22:49:27Z</time>
      </trkpt>
      <trkpt lat="23.060621" lon="113.284652">
        <time>2026-07-17T22:49:32Z</time>
      </trkpt>
      <trkpt lat="23.060651" lon="113.284502">
        <time>2026-07-17T22:49:37Z</time>
      </trkpt>
      <trkpt lat="23.060663" lon="113.284335">
        <time>2026-07-17T22:49:42Z</time>
      </trkpt>
      <trkpt lat="23.060623" lon="113.284218">
        <time>2026-07-17T22:49:47Z</time>
      </trkpt>
      <trkpt lat="23.060621" lon="113.284118">
        <time>2026-07-17T22:49:52Z</time>
      </trkpt>
      <trkpt lat="23.060633" lon="113.283968">
        <time>2026-07-17T22:49:57Z</time>
      </trkpt>
      <trkpt lat="23.060623" lon="113.283815">
        <time>2026-07-17T22:50:02Z</time>
      </trkpt>
      <trkpt lat="23.060664" lon="113.283715">
        <time>2026-07-17T22:50:07Z</time>
      </trkpt>
      <trkpt lat="23.060711" lon="113.283621">
        <time>2026-07-17T22:50:12Z</time>
      </trkpt>
      <trkpt lat="23.060738" lon="113.283477">
        <time>2026-07-17T22:50:17Z</time>
      </trkpt>
      <trkpt lat="23.060738" lon="113.283336">
        <time>2026-07-17T22:50:22Z</time>
      </trkpt>
      <trkpt lat="23.06076" lon="113.283236">
        <time>2026-07-17T22:50:27Z</time>
      </trkpt>
      <trkpt lat="23.060803" lon="113.283139">
        <time>2026-07-17T22:50:32Z</time>
      </trkpt>
      <trkpt lat="23.06088" lon="113.283">
        <time>2026-07-17T22:50:37Z</time>
      </trkpt>
      <trkpt lat="23.060973" lon="113.282853">
        <time>2026-07-17T22:50:42Z</time>
      </trkpt>
      <trkpt lat="23.061009" lon="113.282753">
        <time>2026-07-17T22:50:47Z</time>
      </trkpt>
      <trkpt lat="23.061027" lon="113.282658">
        <time>2026-07-17T22:50:52Z</time>
      </trkpt>
      <trkpt lat="23.061073" lon="113.28251">
        <time>2026-07-17T22:50:57Z</time>
      </trkpt>
      <trkpt lat="23.061133" lon="113.282355">
        <time>2026-07-17T22:51:02Z</time>
      </trkpt>
      <trkpt lat="23.061134" lon="113.282254">
        <time>2026-07-17T22:51:07Z</time>
      </trkpt>
      <trkpt lat="23.061052" lon="113.282204">
        <time>2026-07-17T22:51:12Z</time>
      </trkpt>
      <trkpt lat="23.060894" lon="113.282217">
        <time>2026-07-17T22:51:17Z</time>
      </trkpt>
      <trkpt lat="23.060735" lon="113.282238">
        <time>2026-07-17T22:51:22Z</time>
      </trkpt>
      <trkpt lat="23.060635" lon="113.282246">
        <time>2026-07-17T22:51:27Z</time>
      </trkpt>
      <trkpt lat="23.060535" lon="113.282269">
        <time>2026-07-17T22:51:32Z</time>
      </trkpt>
      <trkpt lat="23.060451" lon="113.282396">
        <time>2026-07-17T22:51:37Z</time>
      </trkpt>
      <trkpt lat="23.060391" lon="113.28254">
        <time>2026-07-17T22:51:42Z</time>
      </trkpt>
      <trkpt lat="23.060354" lon="113.282633">
        <time>2026-07-17T22:51:47Z</time>
      </trkpt>
      <trkpt lat="23.060317" lon="113.282723">
        <time>2026-07-17T22:51:52Z</time>
      </trkpt>
      <trkpt lat="23.060265" lon="113.282863">
        <time>2026-07-17T22:51:57Z</time>
      </trkpt>
      <trkpt lat="23.060213" lon="113.282997">
        <time>2026-07-17T22:52:02Z</time>
      </trkpt>
      <trkpt lat="23.060184" lon="113.283091">
        <time>2026-07-17T22:52:07Z</time>
      </trkpt>
      <trkpt lat="23.060148" lon="113.283184">
        <time>2026-07-17T22:52:12Z</time>
      </trkpt>
      <trkpt lat="23.060094" lon="113.283326">
        <time>2026-07-17T22:52:17Z</time>
      </trkpt>
      <trkpt lat="23.059999" lon="113.283443">
        <time>2026-07-17T22:52:22Z</time>
      </trkpt>
      <trkpt lat="23.05992" lon="113.28346">
        <time>2026-07-17T22:52:27Z</time>
      </trkpt>
      <trkpt lat="23.059921" lon="113.283372">
        <time>2026-07-17T22:52:32Z</time>
      </trkpt>
      <trkpt lat="23.059997" lon="113.283218">
        <time>2026-07-17T22:52:37Z</time>
      </trkpt>
      <trkpt lat="23.060072" lon="113.283088">
        <time>2026-07-17T22:52:42Z</time>
      </trkpt>
      <trkpt lat="23.060117" lon="113.282993">
        <time>2026-07-17T22:52:47Z</time>
      </trkpt>
      <trkpt lat="23.060161" lon="113.282894">
        <time>2026-07-17T22:52:52Z</time>
      </trkpt>
      <trkpt lat="23.06022" lon="113.28275">
        <time>2026-07-17T22:52:57Z</time>
      </trkpt>
      <trkpt lat="23.060287" lon="113.282608">
        <time>2026-07-17T22:53:02Z</time>
      </trkpt>
      <trkpt lat="23.060329" lon="113.282509">
        <time>2026-07-17T22:53:07Z</time>
      </trkpt>
      <trkpt lat="23.060368" lon="113.282412">
        <time>2026-07-17T22:53:12Z</time>
      </trkpt>
      <trkpt lat="23.060419" lon="113.282275">
        <time>2026-07-17T22:53:17Z</time>
      </trkpt>
      <trkpt lat="23.060465" lon="113.282133">
        <time>2026-07-17T22:53:22Z</time>
      </trkpt>
      <trkpt lat="23.060503" lon="113.282036">
        <time>2026-07-17T22:53:27Z</time>
      </trkpt>
      <trkpt lat="23.060545" lon="113.281942">
        <time>2026-07-17T22:53:32Z</time>
      </trkpt>
      <trkpt lat="23.060607" lon="113.2818">
        <time>2026-07-17T22:53:37Z</time>
      </trkpt>
      <trkpt lat="23.060667" lon="113.281658">
        <time>2026-07-17T22:53:42Z</time>
      </trkpt>
      <trkpt lat="23.06071" lon="113.281564">
        <time>2026-07-17T22:53:47Z</time>
      </trkpt>
      <trkpt lat="23.060747" lon="113.281465">
        <time>2026-07-17T22:53:52Z</time>
      </trkpt>
      <trkpt lat="23.060814" lon="113.281325">
        <time>2026-07-17T22:53:57Z</time>
      </trkpt>
      <trkpt lat="23.060876" lon="113.281188">
        <time>2026-07-17T22:54:02Z</time>
      </trkpt>
      <trkpt lat="23.060915" lon="113.281095">
        <time>2026-07-17T22:54:07Z</time>
      </trkpt>
      <trkpt lat="23.060952" lon="113.281001">
        <time>2026-07-17T22:54:12Z</time>
      </trkpt>
      <trkpt lat="23.061005" lon="113.280864">
        <time>2026-07-17T22:54:17Z</time>
      </trkpt>
      <trkpt lat="23.061066" lon="113.280719">
        <time>2026-07-17T22:54:22Z</time>
      </trkpt>
      <trkpt lat="23.061114" lon="113.280619">
        <time>2026-07-17T22:54:27Z</time>
      </trkpt>
      <trkpt lat="23.061159" lon="113.280518">
        <time>2026-07-17T22:54:32Z</time>
      </trkpt>
      <trkpt lat="23.061215" lon="113.280378">
        <time>2026-07-17T22:54:37Z</time>
      </trkpt>
      <trkpt lat="23.061283" lon="113.280234">
        <time>2026-07-17T22:54:42Z</time>
      </trkpt>
      <trkpt lat="23.061336" lon="113.280143">
        <time>2026-07-17T22:54:47Z</time>
      </trkpt>
      <trkpt lat="23.061378" lon="113.280049">
        <time>2026-07-17T22:54:52Z</time>
      </trkpt>
      <trkpt lat="23.061438" lon="113.279904">
        <time>2026-07-17T22:54:57Z</time>
      </trkpt>
      <trkpt lat="23.061493" lon="113.279757">
        <time>2026-07-17T22:55:02Z</time>
      </trkpt>
      <trkpt lat="23.061529" lon="113.279659">
        <time>2026-07-17T22:55:07Z</time>
      </trkpt>
      <trkpt lat="23.061563" lon="113.279559">
        <time>2026-07-17T22:55:12Z</time>
      </trkpt>
      <trkpt lat="23.061623" lon="113.27941">
        <time>2026-07-17T22:55:17Z</time>
      </trkpt>
      <trkpt lat="23.061684" lon="113.279266">
        <time>2026-07-17T22:55:22Z</time>
      </trkpt>
      <trkpt lat="23.061733" lon="113.279175">
        <time>2026-07-17T22:55:27Z</time>
      </trkpt>
      <trkpt lat="23.061784" lon="113.279091">
        <time>2026-07-17T22:55:32Z</time>
      </trkpt>
      <trkpt lat="23.061865" lon="113.278968">
        <time>2026-07-17T22:55:37Z</time>
      </trkpt>
      <trkpt lat="23.061947" lon="113.278836">
        <time>2026-07-17T22:55:42Z</time>
      </trkpt>
      <trkpt lat="23.061974" lon="113.278733">
        <time>2026-07-17T22:55:47Z</time>
      </trkpt>
      <trkpt lat="23.061979" lon="113.278623">
        <time>2026-07-17T22:55:52Z</time>
      </trkpt>
      <trkpt lat="23.061968" lon="113.278462">
        <time>2026-07-17T22:55:57Z</time>
      </trkpt>
      <trkpt lat="23.061956" lon="113.2783">
        <time>2026-07-17T22:56:02Z</time>
      </trkpt>
      <trkpt lat="23.061949" lon="113.278193">
        <time>2026-07-17T22:56:07Z</time>
      </trkpt>
      <trkpt lat="23.061944" lon="113.278084">
        <time>2026-07-17T22:56:12Z</time>
      </trkpt>
      <trkpt lat="23.061942" lon="113.277912">
        <time>2026-07-17T22:56:17Z</time>
      </trkpt>
      <trkpt lat="23.061953" lon="113.277752">
        <time>2026-07-17T22:56:22Z</time>
      </trkpt>
      <trkpt lat="23.06198" lon="113.277651">
        <time>2026-07-17T22:56:27Z</time>
      </trkpt>
      <trkpt lat="23.062017" lon="113.277551">
        <time>2026-07-17T22:56:32Z</time>
      </trkpt>
      <trkpt lat="23.062072" lon="113.277404">
        <time>2026-07-17T22:56:37Z</time>
      </trkpt>
      <trkpt lat="23.062126" lon="113.277261">
        <time>2026-07-17T22:56:42Z</time>
      </trkpt>
      <trkpt lat="23.062161" lon="113.277163">
        <time>2026-07-17T22:56:47Z</time>
      </trkpt>
      <trkpt lat="23.062193" lon="113.277066">
        <time>2026-07-17T22:56:52Z</time>
      </trkpt>
      <trkpt lat="23.062245" lon="113.27692">
        <time>2026-07-17T22:56:57Z</time>
      </trkpt>
      <trkpt lat="23.062304" lon="113.276769">
        <time>2026-07-17T22:57:02Z</time>
      </trkpt>
      <trkpt lat="23.062341" lon="113.276672">
        <time>2026-07-17T22:57:07Z</time>
      </trkpt>
      <trkpt lat="23.062375" lon="113.276576">
        <time>2026-07-17T22:57:12Z</time>
      </trkpt>
      <trkpt lat="23.062427" lon="113.276427">
        <time>2026-07-17T22:57:17Z</time>
      </trkpt>
      <trkpt lat="23.062484" lon="113.276281">
        <time>2026-07-17T22:57:22Z</time>
      </trkpt>
      <trkpt lat="23.062527" lon="113.276184">
        <time>2026-07-17T22:57:27Z</time>
      </trkpt>
      <trkpt lat="23.062573" lon="113.276091">
        <time>2026-07-17T22:57:32Z</time>
      </trkpt>
      <trkpt lat="23.062658" lon="113.275963">
        <time>2026-07-17T22:57:37Z</time>
      </trkpt>
      <trkpt lat="23.062755" lon="113.27584">
        <time>2026-07-17T22:57:42Z</time>
      </trkpt>
      <trkpt lat="23.062824" lon="113.275757">
        <time>2026-07-17T22:57:47Z</time>
      </trkpt>
      <trkpt lat="23.0629" lon="113.275685">
        <time>2026-07-17T22:57:52Z</time>
      </trkpt>
      <trkpt lat="23.063004" lon="113.275572">
        <time>2026-07-17T22:57:57Z</time>
      </trkpt>
      <trkpt lat="23.063095" lon="113.27545">
        <time>2026-07-17T22:58:02Z</time>
      </trkpt>
      <trkpt lat="23.063149" lon="113.275361">
        <time>2026-07-17T22:58:07Z</time>
      </trkpt>
      <trkpt lat="23.0632" lon="113.275273">
        <time>2026-07-17T22:58:12Z</time>
      </trkpt>
      <trkpt lat="23.063277" lon="113.275138">
        <time>2026-07-17T22:58:17Z</time>
      </trkpt>
      <trkpt lat="23.06335" lon="113.275001">
        <time>2026-07-17T22:58:22Z</time>
      </trkpt>
      <trkpt lat="23.063385" lon="113.274909">
        <time>2026-07-17T22:58:27Z</time>
      </trkpt>
      <trkpt lat="23.063414" lon="113.274815">
        <time>2026-07-17T22:58:32Z</time>
      </trkpt>
      <trkpt lat="23.063464" lon="113.274672">
        <time>2026-07-17T22:58:37Z</time>
      </trkpt>
      <trkpt lat="23.063507" lon="113.274524">
        <time>2026-07-17T22:58:42Z</time>
      </trkpt>
      <trkpt lat="23.063541" lon="113.274432">
        <time>2026-07-17T22:58:47Z</time>
      </trkpt>
      <trkpt lat="23.063584" lon="113.274347">
        <time>2026-07-17T22:58:52Z</time>
      </trkpt>
      <trkpt lat="23.063685" lon="113.27425">
        <time>2026-07-17T22:58:57Z</time>
      </trkpt>
      <trkpt lat="23.063792" lon="113.274139">
        <time>2026-07-17T22:59:02Z</time>
      </trkpt>
      <trkpt lat="23.063852" lon="113.274051">
        <time>2026-07-17T22:59:07Z</time>
      </trkpt>
      <trkpt lat="23.063908" lon="113.273956">
        <time>2026-07-17T22:59:12Z</time>
      </trkpt>
      <trkpt lat="23.063994" lon="113.27382">
        <time>2026-07-17T22:59:17Z</time>
      </trkpt>
      <trkpt lat="23.064098" lon="113.273694">
        <time>2026-07-17T22:59:22Z</time>
      </trkpt>
      <trkpt lat="23.064173" lon="113.273633">
        <time>2026-07-17T22:59:27Z</time>
      </trkpt>
      <trkpt lat="23.064254" lon="113.273573">
        <time>2026-07-17T22:59:32Z</time>
      </trkpt>
      <trkpt lat="23.06437" lon="113.273483">
        <time>2026-07-17T22:59:37Z</time>
      </trkpt>
      <trkpt lat="23.064479" lon="113.273384">
        <time>2026-07-17T22:59:42Z</time>
      </trkpt>
      <trkpt lat="23.06454" lon="113.273303">
        <time>2026-07-17T22:59:47Z</time>
      </trkpt>
      <trkpt lat="23.064576" lon="113.273205">
        <time>2026-07-17T22:59:52Z</time>
      </trkpt>
      <trkpt lat="23.064577" lon="113.273047">
        <time>2026-07-17T22:59:57Z</time>
      </trkpt>
      <trkpt lat="23.064528" lon="113.272898">
        <time>2026-07-17T23:00:02Z</time>
      </trkpt>
      <trkpt lat="23.06449" lon="113.2728">
        <time>2026-07-17T23:00:07Z</time>
      </trkpt>
      <trkpt lat="23.064461" lon="113.272698">
        <time>2026-07-17T23:00:12Z</time>
      </trkpt>
      <trkpt lat="23.06446" lon="113.272545">
        <time>2026-07-17T23:00:17Z</time>
      </trkpt>
      <trkpt lat="23.06453" lon="113.272399">
        <time>2026-07-17T23:00:22Z</time>
      </trkpt>
      <trkpt lat="23.064561" lon="113.272297">
        <time>2026-07-17T23:00:27Z</time>
      </trkpt>
      <trkpt lat="23.064578" lon="113.27219">
        <time>2026-07-17T23:00:32Z</time>
      </trkpt>
      <trkpt lat="23.06463" lon="113.272045">
        <time>2026-07-17T23:00:37Z</time>
      </trkpt>
      <trkpt lat="23.064697" lon="113.271907">
        <time>2026-07-17T23:00:42Z</time>
      </trkpt>
      <trkpt lat="23.064744" lon="113.271816">
        <time>2026-07-17T23:00:47Z</time>
      </trkpt>
      <trkpt lat="23.064789" lon="113.271726">
        <time>2026-07-17T23:00:52Z</time>
      </trkpt>
      <trkpt lat="23.064847" lon="113.271583">
        <time>2026-07-17T23:00:57Z</time>
      </trkpt>
      <trkpt lat="23.064913" lon="113.271444">
        <time>2026-07-17T23:01:02Z</time>
      </trkpt>
      <trkpt lat="23.064965" lon="113.271358">
        <time>2026-07-17T23:01:07Z</time>
      </trkpt>
      <trkpt lat="23.065012" lon="113.271273">
        <time>2026-07-17T23:01:12Z</time>
      </trkpt>
      <trkpt lat="23.065077" lon="113.271132">
        <time>2026-07-17T23:01:17Z</time>
      </trkpt>
      <trkpt lat="23.065144" lon="113.270983">
        <time>2026-07-17T23:01:22Z</time>
      </trkpt>
      <trkpt lat="23.065184" lon="113.270881">
        <time>2026-07-17T23:01:27Z</time>
      </trkpt>
      <trkpt lat="23.065232" lon="113.270777">
        <time>2026-07-17T23:01:32Z</time>
      </trkpt>
      <trkpt lat="23.065303" lon="113.270631">
        <time>2026-07-17T23:01:37Z</time>
      </trkpt>
      <trkpt lat="23.065371" lon="113.270485">
        <time>2026-07-17T23:01:42Z</time>
      </trkpt>
      <trkpt lat="23.065414" lon="113.270382">
        <time>2026-07-17T23:01:47Z</time>
      </trkpt>
      <trkpt lat="23.065457" lon="113.270279">
        <time>2026-07-17T23:01:52Z</time>
      </trkpt>
      <trkpt lat="23.065516" lon="113.27013">
        <time>2026-07-17T23:01:57Z</time>
      </trkpt>
      <trkpt lat="23.065567" lon="113.269985">
        <time>2026-07-17T23:02:02Z</time>
      </trkpt>
      <trkpt lat="23.0656" lon="113.269887">
        <time>2026-07-17T23:02:07Z</time>
      </trkpt>
      <trkpt lat="23.065635" lon="113.269784">
        <time>2026-07-17T23:02:12Z</time>
      </trkpt>
      <trkpt lat="23.065688" lon="113.269637">
        <time>2026-07-17T23:02:17Z</time>
      </trkpt>
      <trkpt lat="23.065727" lon="113.269479">
        <time>2026-07-17T23:02:22Z</time>
      </trkpt>
      <trkpt lat="23.065751" lon="113.269371">
        <time>2026-07-17T23:02:27Z</time>
      </trkpt>
      <trkpt lat="23.065778" lon="113.269264">
        <time>2026-07-17T23:02:32Z</time>
      </trkpt>
      <trkpt lat="23.065826" lon="113.269114">
        <time>2026-07-17T23:02:37Z</time>
      </trkpt>
      <trkpt lat="23.06588" lon="113.268968">
        <time>2026-07-17T23:02:42Z</time>
      </trkpt>
      <trkpt lat="23.065913" lon="113.268874">
        <time>2026-07-17T23:02:47Z</time>
      </trkpt>
      <trkpt lat="23.065947" lon="113.26878">
        <time>2026-07-17T23:02:52Z</time>
      </trkpt>
      <trkpt lat="23.06601" lon="113.268641">
        <time>2026-07-17T23:02:57Z</time>
      </trkpt>
      <trkpt lat="23.066094" lon="113.26851">
        <time>2026-07-17T23:03:02Z</time>
      </trkpt>
      <trkpt lat="23.06615" lon="113.268421">
        <time>2026-07-17T23:03:07Z</time>
      </trkpt>
      <trkpt lat="23.066207" lon="113.268336">
        <time>2026-07-17T23:03:12Z</time>
      </trkpt>
      <trkpt lat="23.066305" lon="113.268218">
        <time>2026-07-17T23:03:17Z</time>
      </trkpt>
      <trkpt lat="23.066436" lon="113.268135">
        <time>2026-07-17T23:03:22Z</time>
      </trkpt>
      <trkpt lat="23.066537" lon="113.268125">
        <time>2026-07-17T23:03:27Z</time>
      </trkpt>
      <trkpt lat="23.06664" lon="113.26814">
        <time>2026-07-17T23:03:32Z</time>
      </trkpt>
      <trkpt lat="23.06679" lon="113.268157">
        <time>2026-07-17T23:03:37Z</time>
      </trkpt>
      <trkpt lat="23.066933" lon="113.268155">
        <time>2026-07-17T23:03:42Z</time>
      </trkpt>
      <trkpt lat="23.067027" lon="113.268182">
        <time>2026-07-17T23:03:47Z</time>
      </trkpt>
      <trkpt lat="23.067118" lon="113.268219">
        <time>2026-07-17T23:03:52Z</time>
      </trkpt>
      <trkpt lat="23.067244" lon="113.268295">
        <time>2026-07-17T23:03:57Z</time>
      </trkpt>
      <trkpt lat="23.067369" lon="113.268368">
        <time>2026-07-17T23:04:02Z</time>
      </trkpt>
      <trkpt lat="23.067457" lon="113.268411">
        <time>2026-07-17T23:04:07Z</time>
      </trkpt>
      <trkpt lat="23.067549" lon="113.268458">
        <time>2026-07-17T23:04:12Z</time>
      </trkpt>
      <trkpt lat="23.067693" lon="113.268537">
        <time>2026-07-17T23:04:17Z</time>
      </trkpt>
      <trkpt lat="23.067834" lon="113.268614">
        <time>2026-07-17T23:04:22Z</time>
      </trkpt>
      <trkpt lat="23.067933" lon="113.268666">
        <time>2026-07-17T23:04:27Z</time>
      </trkpt>
      <trkpt lat="23.068027" lon="113.268713">
        <time>2026-07-17T23:04:32Z</time>
      </trkpt>
      <trkpt lat="23.068158" lon="113.268751">
        <time>2026-07-17T23:04:37Z</time>
      </trkpt>
      <trkpt lat="23.068303" lon="113.268823">
        <time>2026-07-17T23:04:42Z</time>
      </trkpt>
      <trkpt lat="23.068391" lon="113.268875">
        <time>2026-07-17T23:04:47Z</time>
      </trkpt>
      <trkpt lat="23.068471" lon="113.268908">
        <time>2026-07-17T23:04:52Z</time>
      </trkpt>
      <trkpt lat="23.068612" lon="113.268958">
        <time>2026-07-17T23:04:57Z</time>
      </trkpt>
      <trkpt lat="23.06874" lon="113.269025">
        <time>2026-07-17T23:05:02Z</time>
      </trkpt>
      <trkpt lat="23.068839" lon="113.269072">
        <time>2026-07-17T23:05:07Z</time>
      </trkpt>
      <trkpt lat="23.068959" lon="113.269087">
        <time>2026-07-17T23:05:12Z</time>
      </trkpt>
      <trkpt lat="23.068968" lon="113.269035">
        <time>2026-07-17T23:05:17Z</time>
      </trkpt>
      <trkpt lat="23.0688" lon="113.268953">
        <time>2026-07-17T23:05:22Z</time>
      </trkpt>
      <trkpt lat="23.068717" lon="113.268912">
        <time>2026-07-17T23:05:27Z</time>
      </trkpt>
      <trkpt lat="23.068632" lon="113.268867">
        <time>2026-07-17T23:05:32Z</time>
      </trkpt>
      <trkpt lat="23.068504" lon="113.268799">
        <time>2026-07-17T23:05:37Z</time>
      </trkpt>
      <trkpt lat="23.068385" lon="113.26874">
        <time>2026-07-17T23:05:42Z</time>
      </trkpt>
      <trkpt lat="23.068309" lon="113.268702">
        <time>2026-07-17T23:05:47Z</time>
      </trkpt>
      <trkpt lat="23.068223" lon="113.268658">
        <time>2026-07-17T23:05:52Z</time>
      </trkpt>
      <trkpt lat="23.068078" lon="113.268583">
        <time>2026-07-17T23:05:57Z</time>
      </trkpt>
      <trkpt lat="23.067908" lon="113.2685">
        <time>2026-07-17T23:06:02Z</time>
      </trkpt>
      <trkpt lat="23.067814" lon="113.268454">
        <time>2026-07-17T23:06:07Z</time>
      </trkpt>
      <trkpt lat="23.067723" lon="113.268407">
        <time>2026-07-17T23:06:12Z</time>
      </trkpt>
      <trkpt lat="23.067583" lon="113.268331">
        <time>2026-07-17T23:06:17Z</time>
      </trkpt>
      <trkpt lat="23.067442" lon="113.268263">
        <time>2026-07-17T23:06:22Z</time>
      </trkpt>
      <trkpt lat="23.067348" lon="113.268231">
        <time>2026-07-17T23:06:27Z</time>
      </trkpt>
      <trkpt lat="23.067257" lon="113.268205">
        <time>2026-07-17T23:06:32Z</time>
      </trkpt>
      <trkpt lat="23.067122" lon="113.268152">
        <time>2026-07-17T23:06:37Z</time>
      </trkpt>
      <trkpt lat="23.066989" lon="113.268084">
        <time>2026-07-17T23:06:42Z</time>
      </trkpt>
      <trkpt lat="23.066897" lon="113.268037">
        <time>2026-07-17T23:06:47Z</time>
      </trkpt>
      <trkpt lat="23.066796" lon="113.268013">
        <time>2026-07-17T23:06:52Z</time>
      </trkpt>
      <trkpt lat="23.066656" lon="113.267999">
        <time>2026-07-17T23:06:57Z</time>
      </trkpt>
      <trkpt lat="23.066516" lon="113.267969">
        <time>2026-07-17T23:07:02Z</time>
      </trkpt>
      <trkpt lat="23.06642" lon="113.267947">
        <time>2026-07-17T23:07:07Z</time>
      </trkpt>
      <trkpt lat="23.066324" lon="113.267948">
        <time>2026-07-17T23:07:12Z</time>
      </trkpt>
      <trkpt lat="23.066203" lon="113.268013">
        <time>2026-07-17T23:07:17Z</time>
      </trkpt>
      <trkpt lat="23.066103" lon="113.268128">
        <time>2026-07-17T23:07:22Z</time>
      </trkpt>
      <trkpt lat="23.066037" lon="113.268214">
        <time>2026-07-17T23:07:27Z</time>
      </trkpt>
      <trkpt lat="23.065971" lon="113.268292">
        <time>2026-07-17T23:07:32Z</time>
      </trkpt>
      <trkpt lat="23.065882" lon="113.268416">
        <time>2026-07-17T23:07:37Z</time>
      </trkpt>
      <trkpt lat="23.065802" lon="113.268549">
        <time>2026-07-17T23:07:42Z</time>
      </trkpt>
      <trkpt lat="23.065755" lon="113.268637">
        <time>2026-07-17T23:07:47Z</time>
      </trkpt>
      <trkpt lat="23.065716" lon="113.268729">
        <time>2026-07-17T23:07:52Z</time>
      </trkpt>
      <trkpt lat="23.065663" lon="113.26887">
        <time>2026-07-17T23:07:57Z</time>
      </trkpt>
      <trkpt lat="23.065609" lon="113.269009">
        <time>2026-07-17T23:08:02Z</time>
      </trkpt>
      <trkpt lat="23.065578" lon="113.269108">
        <time>2026-07-17T23:08:07Z</time>
      </trkpt>
      <trkpt lat="23.065551" lon="113.269206">
        <time>2026-07-17T23:08:12Z</time>
      </trkpt>
      <trkpt lat="23.065511" lon="113.269348">
        <time>2026-07-17T23:08:17Z</time>
      </trkpt>
      <trkpt lat="23.065473" lon="113.269497">
        <time>2026-07-17T23:08:22Z</time>
      </trkpt>
      <trkpt lat="23.065452" lon="113.269603">
        <time>2026-07-17T23:08:27Z</time>
      </trkpt>
      <trkpt lat="23.065435" lon="113.269709">
        <time>2026-07-17T23:08:32Z</time>
      </trkpt>
      <trkpt lat="23.065396" lon="113.269858">
        <time>2026-07-17T23:08:37Z</time>
      </trkpt>
      <trkpt lat="23.065345" lon="113.269999">
        <time>2026-07-17T23:08:42Z</time>
      </trkpt>
      <trkpt lat="23.065306" lon="113.270096">
        <time>2026-07-17T23:08:47Z</time>
      </trkpt>
      <trkpt lat="23.06526" lon="113.270196">
        <time>2026-07-17T23:08:52Z</time>
      </trkpt>
      <trkpt lat="23.065195" lon="113.27034">
        <time>2026-07-17T23:08:57Z</time>
      </trkpt>
      <trkpt lat="23.065132" lon="113.270484">
        <time>2026-07-17T23:09:02Z</time>
      </trkpt>
      <trkpt lat="23.065091" lon="113.270579">
        <time>2026-07-17T23:09:07Z</time>
      </trkpt>
      <trkpt lat="23.06505" lon="113.270679">
        <time>2026-07-17T23:09:12Z</time>
      </trkpt>
      <trkpt lat="23.064987" lon="113.270826">
        <time>2026-07-17T23:09:17Z</time>
      </trkpt>
      <trkpt lat="23.064921" lon="113.270965">
        <time>2026-07-17T23:09:22Z</time>
      </trkpt>
      <trkpt lat="23.064878" lon="113.271058">
        <time>2026-07-17T23:09:27Z</time>
      </trkpt>
      <trkpt lat="23.064832" lon="113.27115">
        <time>2026-07-17T23:09:32Z</time>
      </trkpt>
      <trkpt lat="23.064762" lon="113.271296">
        <time>2026-07-17T23:09:37Z</time>
      </trkpt>
      <trkpt lat="23.064697" lon="113.271438">
        <time>2026-07-17T23:09:42Z</time>
      </trkpt>
      <trkpt lat="23.064655" lon="113.271533">
        <time>2026-07-17T23:09:47Z</time>
      </trkpt>
      <trkpt lat="23.064609" lon="113.271631">
        <time>2026-07-17T23:09:52Z</time>
      </trkpt>
      <trkpt lat="23.064543" lon="113.271774">
        <time>2026-07-17T23:09:57Z</time>
      </trkpt>
      <trkpt lat="23.064482" lon="113.271922">
        <time>2026-07-17T23:10:02Z</time>
      </trkpt>
      <trkpt lat="23.064435" lon="113.272019">
        <time>2026-07-17T23:10:07Z</time>
      </trkpt>
      <trkpt lat="23.064389" lon="113.272114">
        <time>2026-07-17T23:10:12Z</time>
      </trkpt>
      <trkpt lat="23.064336" lon="113.272268">
        <time>2026-07-17T23:10:17Z</time>
      </trkpt>
      <trkpt lat="23.064323" lon="113.272423">
        <time>2026-07-17T23:10:22Z</time>
      </trkpt>
      <trkpt lat="23.064317" lon="113.272521">
        <time>2026-07-17T23:10:27Z</time>
      </trkpt>
      <trkpt lat="23.06432" lon="113.27262">
        <time>2026-07-17T23:10:32Z</time>
      </trkpt>
      <trkpt lat="23.064361" lon="113.272771">
        <time>2026-07-17T23:10:37Z</time>
      </trkpt>
      <trkpt lat="23.064408" lon="113.272917">
        <time>2026-07-17T23:10:42Z</time>
      </trkpt>
      <trkpt lat="23.064434" lon="113.273012">
        <time>2026-07-17T23:10:47Z</time>
      </trkpt>
      <trkpt lat="23.064459" lon="113.273107">
        <time>2026-07-17T23:10:52Z</time>
      </trkpt>
      <trkpt lat="23.064442" lon="113.273259">
        <time>2026-07-17T23:10:57Z</time>
      </trkpt>
      <trkpt lat="23.064339" lon="113.273383">
        <time>2026-07-17T23:11:02Z</time>
      </trkpt>
      <trkpt lat="23.064255" lon="113.27344">
        <time>2026-07-17T23:11:07Z</time>
      </trkpt>
      <trkpt lat="23.064172" lon="113.273497">
        <time>2026-07-17T23:11:12Z</time>
      </trkpt>
      <trkpt lat="23.064053" lon="113.273589">
        <time>2026-07-17T23:11:17Z</time>
      </trkpt>
      <trkpt lat="23.06394" lon="113.273685">
        <time>2026-07-17T23:11:22Z</time>
      </trkpt>
      <trkpt lat="23.063881" lon="113.273758">
        <time>2026-07-17T23:11:27Z</time>
      </trkpt>
      <trkpt lat="23.063833" lon="113.273842">
        <time>2026-07-17T23:11:32Z</time>
      </trkpt>
      <trkpt lat="23.063763" lon="113.273979">
        <time>2026-07-17T23:11:37Z</time>
      </trkpt>
      <trkpt lat="23.063675" lon="113.274091">
        <time>2026-07-17T23:11:42Z</time>
      </trkpt>
      <trkpt lat="23.063605" lon="113.274149">
        <time>2026-07-17T23:11:47Z</time>
      </trkpt>
      <trkpt lat="23.063552" lon="113.274228">
        <time>2026-07-17T23:11:52Z</time>
      </trkpt>
      <trkpt lat="23.063476" lon="113.274374">
        <time>2026-07-17T23:11:57Z</time>
      </trkpt>
      <trkpt lat="23.063405" lon="113.27452">
        <time>2026-07-17T23:12:02Z</time>
      </trkpt>
      <trkpt lat="23.063368" lon="113.274619">
        <time>2026-07-17T23:12:07Z</time>
      </trkpt>
      <trkpt lat="23.063333" lon="113.274716">
        <time>2026-07-17T23:12:12Z</time>
      </trkpt>
      <trkpt lat="23.063281" lon="113.274868">
        <time>2026-07-17T23:12:17Z</time>
      </trkpt>
      <trkpt lat="23.063226" lon="113.275025">
        <time>2026-07-17T23:12:22Z</time>
      </trkpt>
      <trkpt lat="23.063176" lon="113.275122">
        <time>2026-07-17T23:12:27Z</time>
      </trkpt>
      <trkpt lat="23.063122" lon="113.275217">
        <time>2026-07-17T23:12:32Z</time>
      </trkpt>
      <trkpt lat="23.063046" lon="113.275354">
        <time>2026-07-17T23:12:37Z</time>
      </trkpt>
      <trkpt lat="23.06297" lon="113.275481">
        <time>2026-07-17T23:12:42Z</time>
      </trkpt>
      <trkpt lat="23.06291" lon="113.275557">
        <time>2026-07-17T23:12:47Z</time>
      </trkpt>
      <trkpt lat="23.062843" lon="113.275631">
        <time>2026-07-17T23:12:52Z</time>
      </trkpt>
      <trkpt lat="23.062733" lon="113.275734">
        <time>2026-07-17T23:12:57Z</time>
      </trkpt>
      <trkpt lat="23.062631" lon="113.275849">
        <time>2026-07-17T23:13:02Z</time>
      </trkpt>
      <trkpt lat="23.06257" lon="113.275929">
        <time>2026-07-17T23:13:07Z</time>
      </trkpt>
      <trkpt lat="23.062516" lon="113.276013">
        <time>2026-07-17T23:13:12Z</time>
      </trkpt>
      <trkpt lat="23.062446" lon="113.27615">
        <time>2026-07-17T23:13:17Z</time>
      </trkpt>
      <trkpt lat="23.062388" lon="113.276292">
        <time>2026-07-17T23:13:22Z</time>
      </trkpt>
      <trkpt lat="23.062358" lon="113.276388">
        <time>2026-07-17T23:13:27Z</time>
      </trkpt>
      <trkpt lat="23.062328" lon="113.276485">
        <time>2026-07-17T23:13:32Z</time>
      </trkpt>
      <trkpt lat="23.062279" lon="113.276622">
        <time>2026-07-17T23:13:37Z</time>
      </trkpt>
      <trkpt lat="23.06223" lon="113.276752">
        <time>2026-07-17T23:13:42Z</time>
      </trkpt>
      <trkpt lat="23.062196" lon="113.276846">
        <time>2026-07-17T23:13:47Z</time>
      </trkpt>
      <trkpt lat="23.062159" lon="113.276946">
        <time>2026-07-17T23:13:52Z</time>
      </trkpt>
      <trkpt lat="23.062104" lon="113.277089">
        <time>2026-07-17T23:13:57Z</time>
      </trkpt>
      <trkpt lat="23.062045" lon="113.277235">
        <time>2026-07-17T23:14:02Z</time>
      </trkpt>
      <trkpt lat="23.062007" lon="113.27733">
        <time>2026-07-17T23:14:07Z</time>
      </trkpt>
      <trkpt lat="23.061969" lon="113.277427">
        <time>2026-07-17T23:14:12Z</time>
      </trkpt>
      <trkpt lat="23.061908" lon="113.277572">
        <time>2026-07-17T23:14:17Z</time>
      </trkpt>
      <trkpt lat="23.061848" lon="113.277719">
        <time>2026-07-17T23:14:22Z</time>
      </trkpt>
      <trkpt lat="23.061829" lon="113.27782">
        <time>2026-07-17T23:14:27Z</time>
      </trkpt>
      <trkpt lat="23.061821" lon="113.277921">
        <time>2026-07-17T23:14:32Z</time>
      </trkpt>
      <trkpt lat="23.06183" lon="113.278071">
        <time>2026-07-17T23:14:37Z</time>
      </trkpt>
      <trkpt lat="23.06184" lon="113.278217">
        <time>2026-07-17T23:14:42Z</time>
      </trkpt>
      <trkpt lat="23.061847" lon="113.27832">
        <time>2026-07-17T23:14:47Z</time>
      </trkpt>
      <trkpt lat="23.061855" lon="113.278421">
        <time>2026-07-17T23:14:52Z</time>
      </trkpt>
      <trkpt lat="23.061861" lon="113.278569">
        <time>2026-07-17T23:14:57Z</time>
      </trkpt>
      <trkpt lat="23.061842" lon="113.278714">
        <time>2026-07-17T23:15:02Z</time>
      </trkpt>
      <trkpt lat="23.061778" lon="113.27875">
        <time>2026-07-17T23:15:07Z</time>
      </trkpt>
      <trkpt lat="23.061705" lon="113.278791">
        <time>2026-07-17T23:15:12Z</time>
      </trkpt>
      <trkpt lat="23.061656" lon="113.278934">
        <time>2026-07-17T23:15:17Z</time>
      </trkpt>
      <trkpt lat="23.061598" lon="113.279069">
        <time>2026-07-17T23:15:22Z</time>
      </trkpt>
      <trkpt lat="23.061566" lon="113.279135">
        <time>2026-07-17T23:15:27Z</time>
      </trkpt>
      <trkpt lat="23.061555" lon="113.27917">
        <time>2026-07-17T23:15:32Z</time>
      </trkpt>
      <trkpt lat="23.06159" lon="113.279166">
        <time>2026-07-17T23:15:37Z</time>
      </trkpt>
      <trkpt lat="23.061577" lon="113.279139">
        <time>2026-07-17T23:15:42Z</time>
      </trkpt>
      <trkpt lat="23.061553" lon="113.279168">
        <time>2026-07-17T23:15:47Z</time>
      </trkpt>
      <trkpt lat="23.061538" lon="113.279239">
        <time>2026-07-17T23:15:52Z</time>
      </trkpt>
      <trkpt lat="23.061482" lon="113.279394">
        <time>2026-07-17T23:15:57Z</time>
      </trkpt>
      <trkpt lat="23.061411" lon="113.279555">
        <time>2026-07-17T23:16:02Z</time>
      </trkpt>
      <trkpt lat="23.061374" lon="113.279661">
        <time>2026-07-17T23:16:07Z</time>
      </trkpt>
      <trkpt lat="23.061341" lon="113.279766">
        <time>2026-07-17T23:16:12Z</time>
      </trkpt>
      <trkpt lat="23.06128" lon="113.27992">
        <time>2026-07-17T23:16:17Z</time>
      </trkpt>
      <trkpt lat="23.061212" lon="113.280077">
        <time>2026-07-17T23:16:22Z</time>
      </trkpt>
      <trkpt lat="23.061165" lon="113.28018">
        <time>2026-07-17T23:16:27Z</time>
      </trkpt>
      <trkpt lat="23.061119" lon="113.280283">
        <time>2026-07-17T23:16:32Z</time>
      </trkpt>
      <trkpt lat="23.061051" lon="113.280435">
        <time>2026-07-17T23:16:37Z</time>
      </trkpt>
      <trkpt lat="23.060997" lon="113.280583">
        <time>2026-07-17T23:16:42Z</time>
      </trkpt>
      <trkpt lat="23.060954" lon="113.28068">
        <time>2026-07-17T23:16:47Z</time>
      </trkpt>
      <trkpt lat="23.060915" lon="113.280777">
        <time>2026-07-17T23:16:52Z</time>
      </trkpt>
      <trkpt lat="23.060855" lon="113.280926">
        <time>2026-07-17T23:16:57Z</time>
      </trkpt>
      <trkpt lat="23.060792" lon="113.281069">
        <time>2026-07-17T23:17:02Z</time>
      </trkpt>
      <trkpt lat="23.060746" lon="113.281161">
        <time>2026-07-17T23:17:07Z</time>
      </trkpt>
      <trkpt lat="23.060707" lon="113.281253">
        <time>2026-07-17T23:17:12Z</time>
      </trkpt>
      <trkpt lat="23.060645" lon="113.281393">
        <time>2026-07-17T23:17:17Z</time>
      </trkpt>
      <trkpt lat="23.060582" lon="113.281535">
        <time>2026-07-17T23:17:22Z</time>
      </trkpt>
      <trkpt lat="23.060545" lon="113.281632">
        <time>2026-07-17T23:17:27Z</time>
      </trkpt>
      <trkpt lat="23.060503" lon="113.28173">
        <time>2026-07-17T23:17:32Z</time>
      </trkpt>
      <trkpt lat="23.060439" lon="113.281883">
        <time>2026-07-17T23:17:37Z</time>
      </trkpt>
      <trkpt lat="23.060378" lon="113.282033">
        <time>2026-07-17T23:17:42Z</time>
      </trkpt>
      <trkpt lat="23.060336" lon="113.282132">
        <time>2026-07-17T23:17:47Z</time>
      </trkpt>
      <trkpt lat="23.060292" lon="113.282234">
        <time>2026-07-17T23:17:52Z</time>
      </trkpt>
      <trkpt lat="23.060229" lon="113.282372">
        <time>2026-07-17T23:17:57Z</time>
      </trkpt>
      <trkpt lat="23.060168" lon="113.282512">
        <time>2026-07-17T23:18:02Z</time>
      </trkpt>
      <trkpt lat="23.060127" lon="113.282613">
        <time>2026-07-17T23:18:07Z</time>
      </trkpt>
      <trkpt lat="23.060089" lon="113.282716">
        <time>2026-07-17T23:18:12Z</time>
      </trkpt>
      <trkpt lat="23.060025" lon="113.282867">
        <time>2026-07-17T23:18:17Z</time>
      </trkpt>
      <trkpt lat="23.059967" lon="113.283013">
        <time>2026-07-17T23:18:22Z</time>
      </trkpt>
      <trkpt lat="23.059928" lon="113.283106">
        <time>2026-07-17T23:18:27Z</time>
      </trkpt>
      <trkpt lat="23.059888" lon="113.2832">
        <time>2026-07-17T23:18:32Z</time>
      </trkpt>
      <trkpt lat="23.059854" lon="113.283336">
        <time>2026-07-17T23:18:37Z</time>
      </trkpt>
      <trkpt lat="23.059958" lon="113.283325">
        <time>2026-07-17T23:18:42Z</time>
      </trkpt>
      <trkpt lat="23.060015" lon="113.283229">
        <time>2026-07-17T23:18:47Z</time>
      </trkpt>
      <trkpt lat="23.060059" lon="113.283129">
        <time>2026-07-17T23:18:52Z</time>
      </trkpt>
      <trkpt lat="23.060126" lon="113.282981">
        <time>2026-07-17T23:18:57Z</time>
      </trkpt>
      <trkpt lat="23.060199" lon="113.28284">
        <time>2026-07-17T23:19:02Z</time>
      </trkpt>
      <trkpt lat="23.060241" lon="113.282744">
        <time>2026-07-17T23:19:07Z</time>
      </trkpt>
      <trkpt lat="23.060283" lon="113.282646">
        <time>2026-07-17T23:19:12Z</time>
      </trkpt>
      <trkpt lat="23.060353" lon="113.282496">
        <time>2026-07-17T23:19:17Z</time>
      </trkpt>
      <trkpt lat="23.060409" lon="113.282346">
        <time>2026-07-17T23:19:22Z</time>
      </trkpt>
      <trkpt lat="23.060447" lon="113.28225">
        <time>2026-07-17T23:19:27Z</time>
      </trkpt>
      <trkpt lat="23.060483" lon="113.282148">
        <time>2026-07-17T23:19:32Z</time>
      </trkpt>
      <trkpt lat="23.060545" lon="113.282001">
        <time>2026-07-17T23:19:37Z</time>
      </trkpt>
      <trkpt lat="23.060603" lon="113.281855">
        <time>2026-07-17T23:19:42Z</time>
      </trkpt>
      <trkpt lat="23.060643" lon="113.281758">
        <time>2026-07-17T23:19:47Z</time>
      </trkpt>
      <trkpt lat="23.060682" lon="113.281662">
        <time>2026-07-17T23:19:52Z</time>
      </trkpt>
      <trkpt lat="23.060739" lon="113.281521">
        <time>2026-07-17T23:19:57Z</time>
      </trkpt>
      <trkpt lat="23.060803" lon="113.281373">
        <time>2026-07-17T23:20:02Z</time>
      </trkpt>
      <trkpt lat="23.060845" lon="113.281274">
        <time>2026-07-17T23:20:07Z</time>
      </trkpt>
      <trkpt lat="23.060886" lon="113.281178">
        <time>2026-07-17T23:20:12Z</time>
      </trkpt>
      <trkpt lat="23.06094" lon="113.28103">
        <time>2026-07-17T23:20:17Z</time>
      </trkpt>
      <trkpt lat="23.061003" lon="113.280877">
        <time>2026-07-17T23:20:22Z</time>
      </trkpt>
      <trkpt lat="23.061041" lon="113.280781">
        <time>2026-07-17T23:20:27Z</time>
      </trkpt>
      <trkpt lat="23.061085" lon="113.280677">
        <time>2026-07-17T23:20:32Z</time>
      </trkpt>
      <trkpt lat="23.061167" lon="113.280525">
        <time>2026-07-17T23:20:37Z</time>
      </trkpt>
      <trkpt lat="23.061222" lon="113.280371">
        <time>2026-07-17T23:20:42Z</time>
      </trkpt>
      <trkpt lat="23.061257" lon="113.280273">
        <time>2026-07-17T23:20:47Z</time>
      </trkpt>
      <trkpt lat="23.061305" lon="113.280186">
        <time>2026-07-17T23:20:52Z</time>
      </trkpt>
      <trkpt lat="23.061376" lon="113.280052">
        <time>2026-07-17T23:20:57Z</time>
      </trkpt>
      <trkpt lat="23.061435" lon="113.279915">
        <time>2026-07-17T23:21:02Z</time>
      </trkpt>
      <trkpt lat="23.061468" lon="113.279821">
        <time>2026-07-17T23:21:07Z</time>
      </trkpt>
      <trkpt lat="23.061504" lon="113.279725">
        <time>2026-07-17T23:21:12Z</time>
      </trkpt>
      <trkpt lat="23.061567" lon="113.279583">
        <time>2026-07-17T23:21:17Z</time>
      </trkpt>
      <trkpt lat="23.061641" lon="113.27944">
        <time>2026-07-17T23:21:22Z</time>
      </trkpt>
      <trkpt lat="23.061678" lon="113.279349">
        <time>2026-07-17T23:21:27Z</time>
      </trkpt>
      <trkpt lat="23.061712" lon="113.279265">
        <time>2026-07-17T23:21:32Z</time>
      </trkpt>
      <trkpt lat="23.061771" lon="113.279136">
        <time>2026-07-17T23:21:37Z</time>
      </trkpt>
      <trkpt lat="23.061846" lon="113.279017">
        <time>2026-07-17T23:21:42Z</time>
      </trkpt>
      <trkpt lat="23.061895" lon="113.278933">
        <time>2026-07-17T23:21:47Z</time>
      </trkpt>
      <trkpt lat="23.061943" lon="113.278845">
        <time>2026-07-17T23:21:52Z</time>
      </trkpt>
      <trkpt lat="23.061979" lon="113.278697">
        <time>2026-07-17T23:21:57Z</time>
      </trkpt>
      <trkpt lat="23.061978" lon="113.278549">
        <time>2026-07-17T23:22:02Z</time>
      </trkpt>
      <trkpt lat="23.061972" lon="113.278445">
        <time>2026-07-17T23:22:07Z</time>
      </trkpt>
      <trkpt lat="23.061967" lon="113.278339">
        <time>2026-07-17T23:22:12Z</time>
      </trkpt>
      <trkpt lat="23.061959" lon="113.278181">
        <time>2026-07-17T23:22:17Z</time>
      </trkpt>
      <trkpt lat="23.061947" lon="113.278026">
        <time>2026-07-17T23:22:22Z</time>
      </trkpt>
      <trkpt lat="23.06194" lon="113.27792">
        <time>2026-07-17T23:22:27Z</time>
      </trkpt>
      <trkpt lat="23.061941" lon="113.277815">
        <time>2026-07-17T23:22:32Z</time>
      </trkpt>
      <trkpt lat="23.061971" lon="113.277664">
        <time>2026-07-17T23:22:37Z</time>
      </trkpt>
      <trkpt lat="23.062026" lon="113.277516">
        <time>2026-07-17T23:22:42Z</time>
      </trkpt>
      <trkpt lat="23.062065" lon="113.277419">
        <time>2026-07-17T23:22:47Z</time>
      </trkpt>
      <trkpt lat="23.062106" lon="113.27732">
        <time>2026-07-17T23:22:52Z</time>
      </trkpt>
      <trkpt lat="23.06216" lon="113.277169">
        <time>2026-07-17T23:22:57Z</time>
      </trkpt>
      <trkpt lat="23.062212" lon="113.277021">
        <time>2026-07-17T23:23:02Z</time>
      </trkpt>
      <trkpt lat="23.062249" lon="113.276925">
        <time>2026-07-17T23:23:07Z</time>
      </trkpt>
      <trkpt lat="23.062284" lon="113.27683">
        <time>2026-07-17T23:23:12Z</time>
      </trkpt>
      <trkpt lat="23.062334" lon="113.276693">
        <time>2026-07-17T23:23:17Z</time>
      </trkpt>
      <trkpt lat="23.062388" lon="113.276552">
        <time>2026-07-17T23:23:22Z</time>
      </trkpt>
      <trkpt lat="23.062425" lon="113.276454">
        <time>2026-07-17T23:23:27Z</time>
      </trkpt>
      <trkpt lat="23.062464" lon="113.276357">
        <time>2026-07-17T23:23:32Z</time>
      </trkpt>
      <trkpt lat="23.06252" lon="113.276216">
        <time>2026-07-17T23:23:37Z</time>
      </trkpt>
      <trkpt lat="23.062584" lon="113.276076">
        <time>2026-07-17T23:23:42Z</time>
      </trkpt>
      <trkpt lat="23.062639" lon="113.27599">
        <time>2026-07-17T23:23:47Z</time>
      </trkpt>
      <trkpt lat="23.062695" lon="113.275913">
        <time>2026-07-17T23:23:52Z</time>
      </trkpt>
      <trkpt lat="23.062794" lon="113.275805">
        <time>2026-07-17T23:23:57Z</time>
      </trkpt>
      <trkpt lat="23.062907" lon="113.2757">
        <time>2026-07-17T23:24:02Z</time>
      </trkpt>
      <trkpt lat="23.062982" lon="113.275622">
        <time>2026-07-17T23:24:07Z</time>
      </trkpt>
      <trkpt lat="23.063051" lon="113.275534">
        <time>2026-07-17T23:24:12Z</time>
      </trkpt>
      <trkpt lat="23.063134" lon="113.275397">
        <time>2026-07-17T23:24:17Z</time>
      </trkpt>
      <trkpt lat="23.063217" lon="113.275257">
        <time>2026-07-17T23:24:22Z</time>
      </trkpt>
      <trkpt lat="23.063274" lon="113.275166">
        <time>2026-07-17T23:24:27Z</time>
      </trkpt>
      <trkpt lat="23.063332" lon="113.275074">
        <time>2026-07-17T23:24:32Z</time>
      </trkpt>
      <trkpt lat="23.0634" lon="113.274922">
        <time>2026-07-17T23:24:37Z</time>
      </trkpt>
      <trkpt lat="23.06344" lon="113.274776">
        <time>2026-07-17T23:24:42Z</time>
      </trkpt>
      <trkpt lat="23.063468" lon="113.274679">
        <time>2026-07-17T23:24:47Z</time>
      </trkpt>
      <trkpt lat="23.063498" lon="113.274583">
        <time>2026-07-17T23:24:52Z</time>
      </trkpt>
      <trkpt lat="23.063546" lon="113.274438">
        <time>2026-07-17T23:24:57Z</time>
      </trkpt>
      <trkpt lat="23.063618" lon="113.274306">
        <time>2026-07-17T23:25:02Z</time>
      </trkpt>
      <trkpt lat="23.063684" lon="113.274233">
        <time>2026-07-17T23:25:07Z</time>
      </trkpt>
      <trkpt lat="23.063765" lon="113.274159">
        <time>2026-07-17T23:25:12Z</time>
      </trkpt>
      <trkpt lat="23.063871" lon="113.274032">
        <time>2026-07-17T23:25:17Z</time>
      </trkpt>
      <trkpt lat="23.063957" lon="113.273893">
        <time>2026-07-17T23:25:22Z</time>
      </trkpt>
      <trkpt lat="23.064012" lon="113.273799">
        <time>2026-07-17T23:25:27Z</time>
      </trkpt>
      <trkpt lat="23.064079" lon="113.273716">
        <time>2026-07-17T23:25:32Z</time>
      </trkpt>
      <trkpt lat="23.064193" lon="113.273619">
        <time>2026-07-17T23:25:37Z</time>
      </trkpt>
      <trkpt lat="23.064313" lon="113.273526">
        <time>2026-07-17T23:25:42Z</time>
      </trkpt>
      <trkpt lat="23.064391" lon="113.273463">
        <time>2026-07-17T23:25:47Z</time>
      </trkpt>
      <trkpt lat="23.064469" lon="113.273398">
        <time>2026-07-17T23:25:52Z</time>
      </trkpt>
      <trkpt lat="23.064564" lon="113.27327">
        <time>2026-07-17T23:25:57Z</time>
      </trkpt>
      <trkpt lat="23.064583" lon="113.273105">
        <time>2026-07-17T23:26:02Z</time>
      </trkpt>
      <trkpt lat="23.064553" lon="113.272994">
        <time>2026-07-17T23:26:07Z</time>
      </trkpt>
      <trkpt lat="23.064513" lon="113.272892">
        <time>2026-07-17T23:26:12Z</time>
      </trkpt>
      <trkpt lat="23.064463" lon="113.272743">
        <time>2026-07-17T23:26:17Z</time>
      </trkpt>
      <trkpt lat="23.064434" lon="113.272591">
        <time>2026-07-17T23:26:22Z</time>
      </trkpt>
      <trkpt lat="23.064463" lon="113.27249">
        <time>2026-07-17T23:26:27Z</time>
      </trkpt>
      <trkpt lat="23.064525" lon="113.27239">
        <time>2026-07-17T23:26:32Z</time>
      </trkpt>
      <trkpt lat="23.064581" lon="113.272232">
        <time>2026-07-17T23:26:37Z</time>
      </trkpt>
      <trkpt lat="23.064621" lon="113.272086">
        <time>2026-07-17T23:26:42Z</time>
      </trkpt>
      <trkpt lat="23.06466" lon="113.271998">
        <time>2026-07-17T23:26:47Z</time>
      </trkpt>
      <trkpt lat="23.064703" lon="113.271911">
        <time>2026-07-17T23:26:52Z</time>
      </trkpt>
      <trkpt lat="23.064771" lon="113.271767">
        <time>2026-07-17T23:26:57Z</time>
      </trkpt>
      <trkpt lat="23.064837" lon="113.271619">
        <time>2026-07-17T23:27:02Z</time>
      </trkpt>
      <trkpt lat="23.064883" lon="113.27152">
        <time>2026-07-17T23:27:07Z</time>
      </trkpt>
      <trkpt lat="23.064935" lon="113.271431">
        <time>2026-07-17T23:27:12Z</time>
      </trkpt>
      <trkpt lat="23.065006" lon="113.271295">
        <time>2026-07-17T23:27:17Z</time>
      </trkpt>
      <trkpt lat="23.06507" lon="113.271158">
        <time>2026-07-17T23:27:22Z</time>
      </trkpt>
      <trkpt lat="23.065128" lon="113.271062">
        <time>2026-07-17T23:27:27Z</time>
      </trkpt>
      <trkpt lat="23.065175" lon="113.270955">
        <time>2026-07-17T23:27:32Z</time>
      </trkpt>
      <trkpt lat="23.065237" lon="113.270793">
        <time>2026-07-17T23:27:37Z</time>
      </trkpt>
      <trkpt lat="23.0653" lon="113.270639">
        <time>2026-07-17T23:27:42Z</time>
      </trkpt>
      <trkpt lat="23.065348" lon="113.270541">
        <time>2026-07-17T23:27:47Z</time>
      </trkpt>
      <trkpt lat="23.065395" lon="113.270444">
        <time>2026-07-17T23:27:52Z</time>
      </trkpt>
      <trkpt lat="23.065458" lon="113.270292">
        <time>2026-07-17T23:27:57Z</time>
      </trkpt>
      <trkpt lat="23.065519" lon="113.270135">
        <time>2026-07-17T23:28:02Z</time>
      </trkpt>
      <trkpt lat="23.065555" lon="113.270033">
        <time>2026-07-17T23:28:07Z</time>
      </trkpt>
      <trkpt lat="23.065587" lon="113.269928">
        <time>2026-07-17T23:28:12Z</time>
      </trkpt>
      <trkpt lat="23.065632" lon="113.269768">
        <time>2026-07-17T23:28:17Z</time>
      </trkpt>
      <trkpt lat="23.065681" lon="113.269612">
        <time>2026-07-17T23:28:22Z</time>
      </trkpt>
      <trkpt lat="23.065713" lon="113.269504">
        <time>2026-07-17T23:28:27Z</time>
      </trkpt>
      <trkpt lat="23.065745" lon="113.269396">
        <time>2026-07-17T23:28:32Z</time>
      </trkpt>
      <trkpt lat="23.065787" lon="113.269234">
        <time>2026-07-17T23:28:37Z</time>
      </trkpt>
      <trkpt lat="23.065831" lon="113.269079">
        <time>2026-07-17T23:28:42Z</time>
      </trkpt>
      <trkpt lat="23.065871" lon="113.26898">
        <time>2026-07-17T23:28:47Z</time>
      </trkpt>
      <trkpt lat="23.065918" lon="113.268881">
        <time>2026-07-17T23:28:52Z</time>
      </trkpt>
      <trkpt lat="23.065983" lon="113.268738">
        <time>2026-07-17T23:28:57Z</time>
      </trkpt>
      <trkpt lat="23.066056" lon="113.268599">
        <time>2026-07-17T23:29:02Z</time>
      </trkpt>
      <trkpt lat="23.06611" lon="113.268509">
        <time>2026-07-17T23:29:07Z</time>
      </trkpt>
      <trkpt lat="23.066164" lon="113.268419">
        <time>2026-07-17T23:29:12Z</time>
      </trkpt>
      <trkpt lat="23.066252" lon="113.268292">
        <time>2026-07-17T23:29:17Z</time>
      </trkpt>
      <trkpt lat="23.066353" lon="113.268177">
        <time>2026-07-17T23:29:22Z</time>
      </trkpt>
      <trkpt lat="23.06644" lon="113.268135">
        <time>2026-07-17T23:29:27Z</time>
      </trkpt>
      <trkpt lat="23.066539" lon="113.268129">
        <time>2026-07-17T23:29:32Z</time>
      </trkpt>
      <trkpt lat="23.066687" lon="113.268155">
        <time>2026-07-17T23:29:37Z</time>
      </trkpt>
      <trkpt lat="23.066824" lon="113.268165">
        <time>2026-07-17T23:29:42Z</time>
      </trkpt>
      <trkpt lat="23.066915" lon="113.268163">
        <time>2026-07-17T23:29:47Z</time>
      </trkpt>
      <trkpt lat="23.067006" lon="113.268188">
        <time>2026-07-17T23:29:52Z</time>
      </trkpt>
      <trkpt lat="23.067129" lon="113.268248">
        <time>2026-07-17T23:29:57Z</time>
      </trkpt>
      <trkpt lat="23.067244" lon="113.268302">
        <time>2026-07-17T23:30:02Z</time>
      </trkpt>
      <trkpt lat="23.067325" lon="113.268346">
        <time>2026-07-17T23:30:07Z</time>
      </trkpt>
      <trkpt lat="23.067399" lon="113.268387">
        <time>2026-07-17T23:30:12Z</time>
      </trkpt>
      <trkpt lat="23.067514" lon="113.268463">
        <time>2026-07-17T23:30:17Z</time>
      </trkpt>
      <trkpt lat="23.067645" lon="113.268542">
        <time>2026-07-17T23:30:22Z</time>
      </trkpt>
      <trkpt lat="23.067737" lon="113.268589">
        <time>2026-07-17T23:30:27Z</time>
      </trkpt>
      <trkpt lat="23.067827" lon="113.268633">
        <time>2026-07-17T23:30:32Z</time>
      </trkpt>
      <trkpt lat="23.067958" lon="113.268708">
        <time>2026-07-17T23:30:37Z</time>
      </trkpt>
      <trkpt lat="23.068088" lon="113.268767">
        <time>2026-07-17T23:30:42Z</time>
      </trkpt>
      <trkpt lat="23.068174" lon="113.268797">
        <time>2026-07-17T23:30:47Z</time>
      </trkpt>
      <trkpt lat="23.068262" lon="113.26883">
        <time>2026-07-17T23:30:52Z</time>
      </trkpt>
      <trkpt lat="23.06839" lon="113.268868">
        <time>2026-07-17T23:30:57Z</time>
      </trkpt>
      <trkpt lat="23.068535" lon="113.268922">
        <time>2026-07-17T23:31:02Z</time>
      </trkpt>
      <trkpt lat="23.068628" lon="113.268971">
        <time>2026-07-17T23:31:07Z</time>
      </trkpt>
      <trkpt lat="23.06872" lon="113.269003">
        <time>2026-07-17T23:31:12Z</time>
      </trkpt>
      <trkpt lat="23.068862" lon="113.269063">
        <time>2026-07-17T23:31:17Z</time>
      </trkpt>
      <trkpt lat="23.069003" lon="113.269096">
        <time>2026-07-17T23:31:22Z</time>
      </trkpt>
      <trkpt lat="23.069015" lon="113.269042">
        <time>2026-07-17T23:31:27Z</time>
      </trkpt>
      <trkpt lat="23.068941" lon="113.268986">
        <time>2026-07-17T23:31:32Z</time>
      </trkpt>
      <trkpt lat="23.068809" lon="113.268921">
        <time>2026-07-17T23:31:37Z</time>
      </trkpt>
      <trkpt lat="23.068681" lon="113.268867">
        <time>2026-07-17T23:31:42Z</time>
      </trkpt>
      <trkpt lat="23.068603" lon="113.268835">
        <time>2026-07-17T23:31:47Z</time>
      </trkpt>
      <trkpt lat="23.068527" lon="113.268801">
        <time>2026-07-17T23:31:52Z</time>
      </trkpt>
      <trkpt lat="23.068402" lon="113.268743">
        <time>2026-07-17T23:31:57Z</time>
      </trkpt>
      <trkpt lat="23.068261" lon="113.26867">
        <time>2026-07-17T23:32:02Z</time>
      </trkpt>
      <trkpt lat="23.068155" lon="113.268626">
        <time>2026-07-17T23:32:07Z</time>
      </trkpt>
      <trkpt lat="23.068051" lon="113.268574">
        <time>2026-07-17T23:32:12Z</time>
      </trkpt>
      <trkpt lat="23.067896" lon="113.268496">
        <time>2026-07-17T23:32:17Z</time>
      </trkpt>
      <trkpt lat="23.06775" lon="113.268427">
        <time>2026-07-17T23:32:22Z</time>
      </trkpt>
      <trkpt lat="23.067663" lon="113.268378">
        <time>2026-07-17T23:32:27Z</time>
      </trkpt>
      <trkpt lat="23.067576" lon="113.268331">
        <time>2026-07-17T23:32:32Z</time>
      </trkpt>
      <trkpt lat="23.067434" lon="113.268267">
        <time>2026-07-17T23:32:37Z</time>
      </trkpt>
      <trkpt lat="23.067296" lon="113.268212">
        <time>2026-07-17T23:32:42Z</time>
      </trkpt>
      <trkpt lat="23.067211" lon="113.268185">
        <time>2026-07-17T23:32:47Z</time>
      </trkpt>
      <trkpt lat="23.06713" lon="113.268144">
        <time>2026-07-17T23:32:52Z</time>
      </trkpt>
      <trkpt lat="23.066995" lon="113.268073">
        <time>2026-07-17T23:32:57Z</time>
      </trkpt>
      <trkpt lat="23.066844" lon="113.268018">
        <time>2026-07-17T23:33:02Z</time>
      </trkpt>
      <trkpt lat="23.066743" lon="113.268006">
        <time>2026-07-17T23:33:07Z</time>
      </trkpt>
      <trkpt lat="23.066644" lon="113.267994">
        <time>2026-07-17T23:33:12Z</time>
      </trkpt>
      <trkpt lat="23.066496" lon="113.267955">
        <time>2026-07-17T23:33:17Z</time>
      </trkpt>
      <trkpt lat="23.066353" lon="113.267938">
        <time>2026-07-17T23:33:22Z</time>
      </trkpt>
      <trkpt lat="23.066262" lon="113.267962">
        <time>2026-07-17T23:33:27Z</time>
      </trkpt>
      <trkpt lat="23.066185" lon="113.26802">
        <time>2026-07-17T23:33:32Z</time>
      </trkpt>
      <trkpt lat="23.066089" lon="113.268137">
        <time>2026-07-17T23:33:37Z</time>
      </trkpt>
      <trkpt lat="23.06599" lon="113.268254">
        <time>2026-07-17T23:33:42Z</time>
      </trkpt>
      <trkpt lat="23.065931" lon="113.268335">
        <time>2026-07-17T23:33:47Z</time>
      </trkpt>
      <trkpt lat="23.065877" lon="113.268417">
        <time>2026-07-17T23:33:52Z</time>
      </trkpt>
      <trkpt lat="23.065799" lon="113.268546">
        <time>2026-07-17T23:33:57Z</time>
      </trkpt>
      <trkpt lat="23.065728" lon="113.268682">
        <time>2026-07-17T23:34:02Z</time>
      </trkpt>
      <trkpt lat="23.065688" lon="113.268776">
        <time>2026-07-17T23:34:07Z</time>
      </trkpt>
      <trkpt lat="23.065652" lon="113.268868">
        <time>2026-07-17T23:34:12Z</time>
      </trkpt>
      <trkpt lat="23.065608" lon="113.269008">
        <time>2026-07-17T23:34:17Z</time>
      </trkpt>
      <trkpt lat="23.065563" lon="113.269162">
        <time>2026-07-17T23:34:22Z</time>
      </trkpt>
      <trkpt lat="23.065537" lon="113.269263">
        <time>2026-07-17T23:34:27Z</time>
      </trkpt>
      <trkpt lat="23.065513" lon="113.269364">
        <time>2026-07-17T23:34:32Z</time>
      </trkpt>
      <trkpt lat="23.065482" lon="113.26951">
        <time>2026-07-17T23:34:37Z</time>
      </trkpt>
      <trkpt lat="23.065448" lon="113.269658">
        <time>2026-07-17T23:34:42Z</time>
      </trkpt>
      <trkpt lat="23.065422" lon="113.269754">
        <time>2026-07-17T23:34:47Z</time>
      </trkpt>
      <trkpt lat="23.065388" lon="113.269846">
        <time>2026-07-17T23:34:52Z</time>
      </trkpt>
      <trkpt lat="23.065335" lon="113.269992">
        <time>2026-07-17T23:34:57Z</time>
      </trkpt>
      <trkpt lat="23.065283" lon="113.270139">
        <time>2026-07-17T23:35:02Z</time>
      </trkpt>
      <trkpt lat="23.065241" lon="113.270237">
        <time>2026-07-17T23:35:07Z</time>
      </trkpt>
      <trkpt lat="23.065197" lon="113.270337">
        <time>2026-07-17T23:35:12Z</time>
      </trkpt>
      <trkpt lat="23.065133" lon="113.270483">
        <time>2026-07-17T23:35:17Z</time>
      </trkpt>
      <trkpt lat="23.06507" lon="113.270629">
        <time>2026-07-17T23:35:22Z</time>
      </trkpt>
      <trkpt lat="23.065026" lon="113.270726">
        <time>2026-07-17T23:35:27Z</time>
      </trkpt>
      <trkpt lat="23.064982" lon="113.270816">
        <time>2026-07-17T23:35:32Z</time>
      </trkpt>
      <trkpt lat="23.064914" lon="113.27095">
        <time>2026-07-17T23:35:37Z</time>
      </trkpt>
      <trkpt lat="23.064857" lon="113.271087">
        <time>2026-07-17T23:35:42Z</time>
      </trkpt>
      <trkpt lat="23.064812" lon="113.271179">
        <time>2026-07-17T23:35:47Z</time>
      </trkpt>
      <trkpt lat="23.064768" lon="113.271273">
        <time>2026-07-17T23:35:52Z</time>
      </trkpt>
      <trkpt lat="23.064702" lon="113.271415">
        <time>2026-07-17T23:35:57Z</time>
      </trkpt>
      <trkpt lat="23.064631" lon="113.271556">
        <time>2026-07-17T23:36:02Z</time>
      </trkpt>
      <trkpt lat="23.064589" lon="113.271652">
        <time>2026-07-17T23:36:07Z</time>
      </trkpt>
      <trkpt lat="23.064548" lon="113.271748">
        <time>2026-07-17T23:36:12Z</time>
      </trkpt>
      <trkpt lat="23.064484" lon="113.27189">
        <time>2026-07-17T23:36:17Z</time>
      </trkpt>
      <trkpt lat="23.064419" lon="113.272031">
        <time>2026-07-17T23:36:22Z</time>
      </trkpt>
      <trkpt lat="23.064374" lon="113.272124">
        <time>2026-07-17T23:36:27Z</time>
      </trkpt>
      <trkpt lat="23.064337" lon="113.272221">
        <time>2026-07-17T23:36:32Z</time>
      </trkpt>
      <trkpt lat="23.064317" lon="113.272374">
        <time>2026-07-17T23:36:37Z</time>
      </trkpt>
      <trkpt lat="23.064308" lon="113.272528">
        <time>2026-07-17T23:36:42Z</time>
      </trkpt>
      <trkpt lat="23.064315" lon="113.272629">
        <time>2026-07-17T23:36:47Z</time>
      </trkpt>
      <trkpt lat="23.064342" lon="113.272726">
        <time>2026-07-17T23:36:52Z</time>
      </trkpt>
      <trkpt lat="23.064384" lon="113.27287">
        <time>2026-07-17T23:36:57Z</time>
      </trkpt>
      <trkpt lat="23.064425" lon="113.273012">
        <time>2026-07-17T23:37:02Z</time>
      </trkpt>
      <trkpt lat="23.064452" lon="113.273104">
        <time>2026-07-17T23:37:07Z</time>
      </trkpt>
      <trkpt lat="23.064455" lon="113.273204">
        <time>2026-07-17T23:37:12Z</time>
      </trkpt>
      <trkpt lat="23.064394" lon="113.273332">
        <time>2026-07-17T23:37:17Z</time>
      </trkpt>
      <trkpt lat="23.064272" lon="113.273421">
        <time>2026-07-17T23:37:22Z</time>
      </trkpt>
      <trkpt lat="23.064193" lon="113.273472">
        <time>2026-07-17T23:37:27Z</time>
      </trkpt>
      <trkpt lat="23.06412" lon="113.27353">
        <time>2026-07-17T23:37:32Z</time>
      </trkpt>
      <trkpt lat="23.064008" lon="113.27362">
        <time>2026-07-17T23:37:37Z</time>
      </trkpt>
      <trkpt lat="23.063908" lon="113.273728">
        <time>2026-07-17T23:37:42Z</time>
      </trkpt>
      <trkpt lat="23.063856" lon="113.27381">
        <time>2026-07-17T23:37:47Z</time>
      </trkpt>
      <trkpt lat="23.063811" lon="113.273895">
        <time>2026-07-17T23:37:52Z</time>
      </trkpt>
      <trkpt lat="23.063744" lon="113.274021">
        <time>2026-07-17T23:37:57Z</time>
      </trkpt>
      <trkpt lat="23.063646" lon="113.274112">
        <time>2026-07-17T23:38:02Z</time>
      </trkpt>
      <trkpt lat="23.063578" lon="113.274169">
        <time>2026-07-17T23:38:07Z</time>
      </trkpt>
      <trkpt lat="23.063527" lon="113.27425">
        <time>2026-07-17T23:38:12Z</time>
      </trkpt>
      <trkpt lat="23.063463" lon="113.274402">
        <time>2026-07-17T23:38:17Z</time>
      </trkpt>
      <trkpt lat="23.063402" lon="113.274564">
        <time>2026-07-17T23:38:22Z</time>
      </trkpt>
      <trkpt lat="23.06336" lon="113.274668">
        <time>2026-07-17T23:38:27Z</time>
      </trkpt>
      <trkpt lat="23.06332" lon="113.274772">
        <time>2026-07-17T23:38:32Z</time>
      </trkpt>
      <trkpt lat="23.063272" lon="113.274923">
        <time>2026-07-17T23:38:37Z</time>
      </trkpt>
      <trkpt lat="23.063215" lon="113.275068">
        <time>2026-07-17T23:38:42Z</time>
      </trkpt>
      <trkpt lat="23.06317" lon="113.275153">
        <time>2026-07-17T23:38:47Z</time>
      </trkpt>
      <trkpt lat="23.06312" lon="113.275238">
        <time>2026-07-17T23:38:52Z</time>
      </trkpt>
      <trkpt lat="23.063049" lon="113.275363">
        <time>2026-07-17T23:38:57Z</time>
      </trkpt>
      <trkpt lat="23.062966" lon="113.275489">
        <time>2026-07-17T23:39:02Z</time>
      </trkpt>
      <trkpt lat="23.062903" lon="113.275573">
        <time>2026-07-17T23:39:07Z</time>
      </trkpt>
      <trkpt lat="23.062829" lon="113.275647">
        <time>2026-07-17T23:39:12Z</time>
      </trkpt>
      <trkpt lat="23.062713" lon="113.275754">
        <time>2026-07-17T23:39:17Z</time>
      </trkpt>
      <trkpt lat="23.062611" lon="113.275867">
        <time>2026-07-17T23:39:22Z</time>
      </trkpt>
      <trkpt lat="23.062552" lon="113.275949">
        <time>2026-07-17T23:39:27Z</time>
      </trkpt>
      <trkpt lat="23.0625" lon="113.276036">
        <time>2026-07-17T23:39:32Z</time>
      </trkpt>
      <trkpt lat="23.062435" lon="113.276171">
        <time>2026-07-17T23:39:37Z</time>
      </trkpt>
      <trkpt lat="23.062381" lon="113.276313">
        <time>2026-07-17T23:39:42Z</time>
      </trkpt>
      <trkpt lat="23.062346" lon="113.276408">
        <time>2026-07-17T23:39:47Z</time>
      </trkpt>
      <trkpt lat="23.062309" lon="113.276506">
        <time>2026-07-17T23:39:52Z</time>
      </trkpt>
      <trkpt lat="23.062256" lon="113.276648">
        <time>2026-07-17T23:39:57Z</time>
      </trkpt>
      <trkpt lat="23.062209" lon="113.276789">
        <time>2026-07-17T23:40:02Z</time>
      </trkpt>
      <trkpt lat="23.062178" lon="113.276884">
        <time>2026-07-17T23:40:07Z</time>
      </trkpt>
      <trkpt lat="23.062146" lon="113.276974">
        <time>2026-07-17T23:40:12Z</time>
      </trkpt>
      <trkpt lat="23.062094" lon="113.277116">
        <time>2026-07-17T23:40:17Z</time>
      </trkpt>
      <trkpt lat="23.06203" lon="113.277267">
        <time>2026-07-17T23:40:22Z</time>
      </trkpt>
      <trkpt lat="23.061987" lon="113.277363">
        <time>2026-07-17T23:40:27Z</time>
      </trkpt>
      <trkpt lat="23.06195" lon="113.277458">
        <time>2026-07-17T23:40:32Z</time>
      </trkpt>
      <trkpt lat="23.061897" lon="113.277602">
        <time>2026-07-17T23:40:37Z</time>
      </trkpt>
      <trkpt lat="23.061849" lon="113.277747">
        <time>2026-07-17T23:40:42Z</time>
      </trkpt>
      <trkpt lat="23.061833" lon="113.277844">
        <time>2026-07-17T23:40:47Z</time>
      </trkpt>
      <trkpt lat="23.061829" lon="113.27794">
        <time>2026-07-17T23:40:52Z</time>
      </trkpt>
      <trkpt lat="23.061837" lon="113.278083">
        <time>2026-07-17T23:40:57Z</time>
      </trkpt>
      <trkpt lat="23.061846" lon="113.27823">
        <time>2026-07-17T23:41:02Z</time>
      </trkpt>
      <trkpt lat="23.061854" lon="113.278331">
        <time>2026-07-17T23:41:07Z</time>
      </trkpt>
      <trkpt lat="23.061859" lon="113.278434">
        <time>2026-07-17T23:41:12Z</time>
      </trkpt>
      <trkpt lat="23.061861" lon="113.278584">
        <time>2026-07-17T23:41:17Z</time>
      </trkpt>
      <trkpt lat="23.061844" lon="113.278731">
        <time>2026-07-17T23:41:22Z</time>
      </trkpt>
      <trkpt lat="23.061806" lon="113.278821">
        <time>2026-07-17T23:41:27Z</time>
      </trkpt>
      <trkpt lat="23.061756" lon="113.278908">
        <time>2026-07-17T23:41:32Z</time>
      </trkpt>
      <trkpt lat="23.061679" lon="113.279036">
        <time>2026-07-17T23:41:37Z</time>
      </trkpt>
      <trkpt lat="23.061606" lon="113.279166">
        <time>2026-07-17T23:41:42Z</time>
      </trkpt>
      <trkpt lat="23.061565" lon="113.279258">
        <time>2026-07-17T23:41:47Z</time>
      </trkpt>
      <trkpt lat="23.061525" lon="113.279349">
        <time>2026-07-17T23:41:52Z</time>
      </trkpt>
      <trkpt lat="23.06147" lon="113.279485">
        <time>2026-07-17T23:41:57Z</time>
      </trkpt>
      <trkpt lat="23.061418" lon="113.279627">
        <time>2026-07-17T23:42:02Z</time>
      </trkpt>
      <trkpt lat="23.061381" lon="113.279725">
        <time>2026-07-17T23:42:07Z</time>
      </trkpt>
      <trkpt lat="23.061339" lon="113.27982">
        <time>2026-07-17T23:42:12Z</time>
      </trkpt>
      <trkpt lat="23.061279" lon="113.279965">
        <time>2026-07-17T23:42:17Z</time>
      </trkpt>
      <trkpt lat="23.061214" lon="113.280115">
        <time>2026-07-17T23:42:22Z</time>
      </trkpt>
      <trkpt lat="23.06117" lon="113.280213">
        <time>2026-07-17T23:42:27Z</time>
      </trkpt>
      <trkpt lat="23.061128" lon="113.280313">
        <time>2026-07-17T23:42:32Z</time>
      </trkpt>
      <trkpt lat="23.06106" lon="113.280465">
        <time>2026-07-17T23:42:37Z</time>
      </trkpt>
      <trkpt lat="23.060996" lon="113.280609">
        <time>2026-07-17T23:42:42Z</time>
      </trkpt>
      <trkpt lat="23.06096" lon="113.280706">
        <time>2026-07-17T23:42:47Z</time>
      </trkpt>
      <trkpt lat="23.060924" lon="113.280799">
        <time>2026-07-17T23:42:52Z</time>
      </trkpt>
      <trkpt lat="23.060862" lon="113.280941">
        <time>2026-07-17T23:42:57Z</time>
      </trkpt>
      <trkpt lat="23.060799" lon="113.281082">
        <time>2026-07-17T23:43:02Z</time>
      </trkpt>
      <trkpt lat="23.060757" lon="113.281175">
        <time>2026-07-17T23:43:07Z</time>
      </trkpt>
      <trkpt lat="23.060715" lon="113.281268">
        <time>2026-07-17T23:43:12Z</time>
      </trkpt>
      <trkpt lat="23.060656" lon="113.281412">
        <time>2026-07-17T23:43:17Z</time>
      </trkpt>
      <trkpt lat="23.060593" lon="113.28156">
        <time>2026-07-17T23:43:22Z</time>
      </trkpt>
      <trkpt lat="23.060554" lon="113.281659">
        <time>2026-07-17T23:43:27Z</time>
      </trkpt>
      <trkpt lat="23.060514" lon="113.281758">
        <time>2026-07-17T23:43:32Z</time>
      </trkpt>
      <trkpt lat="23.060448" lon="113.281905">
        <time>2026-07-17T23:43:37Z</time>
      </trkpt>
      <trkpt lat="23.060386" lon="113.282053">
        <time>2026-07-17T23:43:42Z</time>
      </trkpt>
      <trkpt lat="23.060345" lon="113.282151">
        <time>2026-07-17T23:43:47Z</time>
      </trkpt>
      <trkpt lat="23.060301" lon="113.282247">
        <time>2026-07-17T23:43:52Z</time>
      </trkpt>
      <trkpt lat="23.060234" lon="113.282392">
        <time>2026-07-17T23:43:57Z</time>
      </trkpt>
      <trkpt lat="23.060176" lon="113.282533">
        <time>2026-07-17T23:44:02Z</time>
      </trkpt>
      <trkpt lat="23.06014" lon="113.282627">
        <time>2026-07-17T23:44:07Z</time>
      </trkpt>
      <trkpt lat="23.060099" lon="113.282726">
        <time>2026-07-17T23:44:12Z</time>
      </trkpt>
      <trkpt lat="23.060039" lon="113.282871">
        <time>2026-07-17T23:44:17Z</time>
      </trkpt>
      <trkpt lat="23.059977" lon="113.283014">
        <time>2026-07-17T23:44:22Z</time>
      </trkpt>
      <trkpt lat="23.059935" lon="113.283112">
        <time>2026-07-17T23:44:27Z</time>
      </trkpt>
      <trkpt lat="23.059898" lon="113.283209">
        <time>2026-07-17T23:44:32Z</time>
      </trkpt>
      <trkpt lat="23.059842" lon="113.283311">
        <time>2026-07-17T23:44:37Z</time>
      </trkpt>
      <trkpt lat="23.059876" lon="113.283197">
        <time>2026-07-17T23:44:42Z</time>
      </trkpt>
      <trkpt lat="23.059927" lon="113.283098">
        <time>2026-07-17T23:44:47Z</time>
      </trkpt>
      <trkpt lat="23.059969" lon="113.283001">
        <time>2026-07-17T23:44:52Z</time>
      </trkpt>
      <trkpt lat="23.060034" lon="113.282858">
        <time>2026-07-17T23:44:57Z</time>
      </trkpt>
      <trkpt lat="23.060095" lon="113.282712">
        <time>2026-07-17T23:45:02Z</time>
      </trkpt>
      <trkpt lat="23.060131" lon="113.282617">
        <time>2026-07-17T23:45:07Z</time>
      </trkpt>
      <trkpt lat="23.060168" lon="113.282527">
        <time>2026-07-17T23:45:12Z</time>
      </trkpt>
      <trkpt lat="23.060226" lon="113.282384">
        <time>2026-07-17T23:45:17Z</time>
      </trkpt>
      <trkpt lat="23.060285" lon="113.28224">
        <time>2026-07-17T23:45:22Z</time>
      </trkpt>
      <trkpt lat="23.060326" lon="113.28215">
        <time>2026-07-17T23:45:27Z</time>
      </trkpt>
      <trkpt lat="23.060364" lon="113.282066">
        <time>2026-07-17T23:45:32Z</time>
      </trkpt>
      <trkpt lat="23.060419" lon="113.281937">
        <time>2026-07-17T23:45:37Z</time>
      </trkpt>
      <trkpt lat="23.060473" lon="113.281804">
        <time>2026-07-17T23:45:42Z</time>
      </trkpt>
      <trkpt lat="23.060517" lon="113.281717">
        <time>2026-07-17T23:45:47Z</time>
      </trkpt>
      <trkpt lat="23.060558" lon="113.281629">
        <time>2026-07-17T23:45:52Z</time>
      </trkpt>
      <trkpt lat="23.060614" lon="113.281503">
        <time>2026-07-17T23:45:57Z</time>
      </trkpt>
      <trkpt lat="23.060673" lon="113.281372">
        <time>2026-07-17T23:46:02Z</time>
      </trkpt>
      <trkpt lat="23.060709" lon="113.281278">
        <time>2026-07-17T23:46:07Z</time>
      </trkpt>
      <trkpt lat="23.060746" lon="113.281181">
        <time>2026-07-17T23:46:12Z</time>
      </trkpt>
      <trkpt lat="23.060808" lon="113.28104">
        <time>2026-07-17T23:46:17Z</time>
      </trkpt>
      <trkpt lat="23.060867" lon="113.280901">
        <time>2026-07-17T23:46:22Z</time>
      </trkpt>
      <trkpt lat="23.060903" lon="113.280805">
        <time>2026-07-17T23:46:27Z</time>
      </trkpt>
      <trkpt lat="23.060939" lon="113.280705">
        <time>2026-07-17T23:46:32Z</time>
      </trkpt>
      <trkpt lat="23.060997" lon="113.280557">
        <time>2026-07-17T23:46:37Z</time>
      </trkpt>
      <trkpt lat="23.061062" lon="113.280411">
        <time>2026-07-17T23:46:42Z</time>
      </trkpt>
      <trkpt lat="23.061112" lon="113.280323">
        <time>2026-07-17T23:46:47Z</time>
      </trkpt>
      <trkpt lat="23.061158" lon="113.280237">
        <time>2026-07-17T23:46:52Z</time>
      </trkpt>
      <trkpt lat="23.061212" lon="113.280101">
        <time>2026-07-17T23:46:57Z</time>
      </trkpt>
      <trkpt lat="23.061267" lon="113.279964">
        <time>2026-07-17T23:47:02Z</time>
      </trkpt>
      <trkpt lat="23.0613" lon="113.279876">
        <time>2026-07-17T23:47:07Z</time>
      </trkpt>
      <trkpt lat="23.061338" lon="113.279785">
        <time>2026-07-17T23:47:12Z</time>
      </trkpt>
      <trkpt lat="23.061396" lon="113.27965">
        <time>2026-07-17T23:47:17Z</time>
      </trkpt>
      <trkpt lat="23.061448" lon="113.279526">
        <time>2026-07-17T23:47:22Z</time>
      </trkpt>
      <trkpt lat="23.061478" lon="113.279435">
        <time>2026-07-17T23:47:27Z</time>
      </trkpt>
      <trkpt lat="23.061505" lon="113.279341">
        <time>2026-07-17T23:47:32Z</time>
      </trkpt>
      <trkpt lat="23.061559" lon="113.279214">
        <time>2026-07-17T23:47:37Z</time>
      </trkpt>
      <trkpt lat="23.061609" lon="113.279102">
        <time>2026-07-17T23:47:42Z</time>
      </trkpt>
      <trkpt lat="23.061644" lon="113.279014">
        <time>2026-07-17T23:47:47Z</time>
      </trkpt>
      <trkpt lat="23.061679" lon="113.278923">
        <time>2026-07-17T23:47:52Z</time>
      </trkpt>
      <trkpt lat="23.061739" lon="113.278794">
        <time>2026-07-17T23:47:57Z</time>
      </trkpt>
      <trkpt lat="23.061824" lon="113.278735">
        <time>2026-07-17T23:48:02Z</time>
      </trkpt>
      <trkpt lat="23.061912" lon="113.278719">
        <time>2026-07-17T23:48:07Z</time>
      </trkpt>
      <trkpt lat="23.061973" lon="113.278642">
        <time>2026-07-17T23:48:12Z</time>
      </trkpt>
      <trkpt lat="23.061972" lon="113.278477">
        <time>2026-07-17T23:48:17Z</time>
      </trkpt>
      <trkpt lat="23.061963" lon="113.278313">
        <time>2026-07-17T23:48:22Z</time>
      </trkpt>
      <trkpt lat="23.061963" lon="113.278205">
        <time>2026-07-17T23:48:27Z</time>
      </trkpt>
      <trkpt lat="23.061959" lon="113.278104">
        <time>2026-07-17T23:48:32Z</time>
      </trkpt>
      <trkpt lat="23.061949" lon="113.277959">
        <time>2026-07-17T23:48:37Z</time>
      </trkpt>
      <trkpt lat="23.061949" lon="113.277812">
        <time>2026-07-17T23:48:42Z</time>
      </trkpt>
      <trkpt lat="23.061964" lon="113.277716">
        <time>2026-07-17T23:48:47Z</time>
      </trkpt>
      <trkpt lat="23.061987" lon="113.277619">
        <time>2026-07-17T23:48:52Z</time>
      </trkpt>
      <trkpt lat="23.062036" lon="113.277479">
        <time>2026-07-17T23:48:57Z</time>
      </trkpt>
      <trkpt lat="23.062094" lon="113.277345">
        <time>2026-07-17T23:49:02Z</time>
      </trkpt>
      <trkpt lat="23.062125" lon="113.277257">
        <time>2026-07-17T23:49:07Z</time>
      </trkpt>
      <trkpt lat="23.062154" lon="113.277169">
        <time>2026-07-17T23:49:12Z</time>
      </trkpt>
      <trkpt lat="23.0622" lon="113.277034">
        <time>2026-07-17T23:49:17Z</time>
      </trkpt>
      <trkpt lat="23.062259" lon="113.276902">
        <time>2026-07-17T23:49:22Z</time>
      </trkpt>
      <trkpt lat="23.062295" lon="113.276817">
        <time>2026-07-17T23:49:27Z</time>
      </trkpt>
      <trkpt lat="23.06233" lon="113.276732">
        <time>2026-07-17T23:49:32Z</time>
      </trkpt>
      <trkpt lat="23.062383" lon="113.276601">
        <time>2026-07-17T23:49:37Z</time>
      </trkpt>
      <trkpt lat="23.062437" lon="113.276459">
        <time>2026-07-17T23:49:42Z</time>
      </trkpt>
      <trkpt lat="23.062472" lon="113.276366">
        <time>2026-07-17T23:49:47Z</time>
      </trkpt>
      <trkpt lat="23.0625" lon="113.276273">
        <time>2026-07-17T23:49:52Z</time>
      </trkpt>
      <trkpt lat="23.062551" lon="113.276133">
        <time>2026-07-17T23:49:57Z</time>
      </trkpt>
      <trkpt lat="23.062629" lon="113.276009">
        <time>2026-07-17T23:50:02Z</time>
      </trkpt>
      <trkpt lat="23.062684" lon="113.275931">
        <time>2026-07-17T23:50:07Z</time>
      </trkpt>
      <trkpt lat="23.062744" lon="113.275858">
        <time>2026-07-17T23:50:12Z</time>
      </trkpt>
      <trkpt lat="23.062841" lon="113.275761">
        <time>2026-07-17T23:50:17Z</time>
      </trkpt>
      <trkpt lat="23.062937" lon="113.275666">
        <time>2026-07-17T23:50:22Z</time>
      </trkpt>
      <trkpt lat="23.063003" lon="113.275592">
        <time>2026-07-17T23:50:27Z</time>
      </trkpt>
      <trkpt lat="23.06306" lon="113.275513">
        <time>2026-07-17T23:50:32Z</time>
      </trkpt>
      <trkpt lat="23.063131" lon="113.275373">
        <time>2026-07-17T23:50:37Z</time>
      </trkpt>
      <trkpt lat="23.063215" lon="113.275242">
        <time>2026-07-17T23:50:42Z</time>
      </trkpt>
      <trkpt lat="23.063273" lon="113.275171">
        <time>2026-07-17T23:50:47Z</time>
      </trkpt>
      <trkpt lat="23.063311" lon="113.275129">
        <time>2026-07-17T23:50:52Z</time>
      </trkpt>
      <trkpt lat="23.063354" lon="113.275067">
        <time>2026-07-17T23:50:57Z</time>
      </trkpt>
      <trkpt lat="23.063386" lon="113.274994">
        <time>2026-07-17T23:51:02Z</time>
      </trkpt>
      <trkpt lat="23.063408" lon="113.274913">
        <time>2026-07-17T23:51:07Z</time>
      </trkpt>
      <trkpt lat="23.06344" lon="113.274821">
        <time>2026-07-17T23:51:12Z</time>
      </trkpt>
      <trkpt lat="23.063486" lon="113.274685">
        <time>2026-07-17T23:51:17Z</time>
      </trkpt>
      <trkpt lat="23.063523" lon="113.274548">
        <time>2026-07-17T23:51:22Z</time>
      </trkpt>
      <trkpt lat="23.063558" lon="113.274461">
        <time>2026-07-17T23:51:27Z</time>
      </trkpt>
      <trkpt lat="23.063606" lon="113.274381">
        <time>2026-07-17T23:51:32Z</time>
      </trkpt>
      <trkpt lat="23.063695" lon="113.274269">
        <time>2026-07-17T23:51:37Z</time>
      </trkpt>
      <trkpt lat="23.063782" lon="113.274161">
        <time>2026-07-17T23:51:42Z</time>
      </trkpt>
      <trkpt lat="23.063845" lon="113.274079">
        <time>2026-07-17T23:51:47Z</time>
      </trkpt>
      <trkpt lat="23.063905" lon="113.273986">
        <time>2026-07-17T23:51:52Z</time>
      </trkpt>
      <trkpt lat="23.063985" lon="113.273851">
        <time>2026-07-17T23:51:57Z</time>
      </trkpt>
      <trkpt lat="23.064076" lon="113.273731">
        <time>2026-07-17T23:52:02Z</time>
      </trkpt>
      <trkpt lat="23.064148" lon="113.273667">
        <time>2026-07-17T23:52:07Z</time>
      </trkpt>
      <trkpt lat="23.064223" lon="113.273607">
        <time>2026-07-17T23:52:12Z</time>
      </trkpt>
      <trkpt lat="23.064328" lon="113.273521">
        <time>2026-07-17T23:52:17Z</time>
      </trkpt>
      <trkpt lat="23.064441" lon="113.273432">
        <time>2026-07-17T23:52:22Z</time>
      </trkpt>
      <trkpt lat="23.064504" lon="113.273363">
        <time>2026-07-17T23:52:27Z</time>
      </trkpt>
      <trkpt lat="23.064557" lon="113.273288">
        <time>2026-07-17T23:52:32Z</time>
      </trkpt>
      <trkpt lat="23.064589" lon="113.273156">
        <time>2026-07-17T23:52:37Z</time>
      </trkpt>
      <trkpt lat="23.064557" lon="113.273009">
        <time>2026-07-17T23:52:42Z</time>
      </trkpt>
      <trkpt lat="23.064518" lon="113.272912">
        <time>2026-07-17T23:52:47Z</time>
      </trkpt>
      <trkpt lat="23.064485" lon="113.272815">
        <time>2026-07-17T23:52:52Z</time>
      </trkpt>
      <trkpt lat="23.064445" lon="113.27267">
        <time>2026-07-17T23:52:57Z</time>
      </trkpt>
      <trkpt lat="23.064462" lon="113.272521">
        <time>2026-07-17T23:53:02Z</time>
      </trkpt>
      <trkpt lat="23.064511" lon="113.272425">
        <time>2026-07-17T23:53:07Z</time>
      </trkpt>
      <trkpt lat="23.06454" lon="113.272323">
        <time>2026-07-17T23:53:12Z</time>
      </trkpt>
      <trkpt lat="23.064584" lon="113.272178">
        <time>2026-07-17T23:53:17Z</time>
      </trkpt>
      <trkpt lat="23.064639" lon="113.272051">
        <time>2026-07-17T23:53:22Z</time>
      </trkpt>
      <trkpt lat="23.064675" lon="113.271969">
        <time>2026-07-17T23:53:27Z</time>
      </trkpt>
      <trkpt lat="23.064717" lon="113.271889">
        <time>2026-07-17T23:53:32Z</time>
      </trkpt>
      <trkpt lat="23.064784" lon="113.271762">
        <time>2026-07-17T23:53:37Z</time>
      </trkpt>
      <trkpt lat="23.064849" lon="113.27162">
        <time>2026-07-17T23:53:42Z</time>
      </trkpt>
      <trkpt lat="23.064889" lon="113.271525">
        <time>2026-07-17T23:53:47Z</time>
      </trkpt>
      <trkpt lat="23.064932" lon="113.271439">
        <time>2026-07-17T23:53:52Z</time>
      </trkpt>
      <trkpt lat="23.064998" lon="113.271319">
        <time>2026-07-17T23:53:57Z</time>
      </trkpt>
      <trkpt lat="23.065055" lon="113.271185">
        <time>2026-07-17T23:54:02Z</time>
      </trkpt>
      <trkpt lat="23.065102" lon="113.271093">
        <time>2026-07-17T23:54:07Z</time>
      </trkpt>
      <trkpt lat="23.065145" lon="113.271">
        <time>2026-07-17T23:54:12Z</time>
      </trkpt>
      <trkpt lat="23.065198" lon="113.270865">
        <time>2026-07-17T23:54:17Z</time>
      </trkpt>
      <trkpt lat="23.065264" lon="113.270732">
        <time>2026-07-17T23:54:22Z</time>
      </trkpt>
      <trkpt lat="23.065303" lon="113.270646">
        <time>2026-07-17T23:54:27Z</time>
      </trkpt>
      <trkpt lat="23.065339" lon="113.270558">
        <time>2026-07-17T23:54:32Z</time>
      </trkpt>
      <trkpt lat="23.065394" lon="113.270426">
        <time>2026-07-17T23:54:37Z</time>
      </trkpt>
      <trkpt lat="23.065451" lon="113.270289">
        <time>2026-07-17T23:54:42Z</time>
      </trkpt>
      <trkpt lat="23.065488" lon="113.2702">
        <time>2026-07-17T23:54:47Z</time>
      </trkpt>
      <trkpt lat="23.065521" lon="113.270112">
        <time>2026-07-17T23:54:52Z</time>
      </trkpt>
      <trkpt lat="23.065568" lon="113.269977">
        <time>2026-07-17T23:54:57Z</time>
      </trkpt>
      <trkpt lat="23.065607" lon="113.269838">
        <time>2026-07-17T23:55:02Z</time>
      </trkpt>
      <trkpt lat="23.065634" lon="113.269746">
        <time>2026-07-17T23:55:07Z</time>
      </trkpt>
      <trkpt lat="23.065672" lon="113.269658">
        <time>2026-07-17T23:55:12Z</time>
      </trkpt>
      <trkpt lat="23.065719" lon="113.269518">
        <time>2026-07-17T23:55:17Z</time>
      </trkpt>
      <trkpt lat="23.065749" lon="113.269366">
        <time>2026-07-17T23:55:22Z</time>
      </trkpt>
      <trkpt lat="23.065775" lon="113.269263">
        <time>2026-07-17T23:55:27Z</time>
      </trkpt>
      <trkpt lat="23.065802" lon="113.269169">
        <time>2026-07-17T23:55:32Z</time>
      </trkpt>
      <trkpt lat="23.065849" lon="113.269035">
        <time>2026-07-17T23:55:37Z</time>
      </trkpt>
      <trkpt lat="23.065908" lon="113.268906">
        <time>2026-07-17T23:55:42Z</time>
      </trkpt>
      <trkpt lat="23.065945" lon="113.268819">
        <time>2026-07-17T23:55:47Z</time>
      </trkpt>
      <trkpt lat="23.065985" lon="113.268734">
        <time>2026-07-17T23:55:52Z</time>
      </trkpt>
      <trkpt lat="23.066055" lon="113.268613">
        <time>2026-07-17T23:55:57Z</time>
      </trkpt>
      <trkpt lat="23.066125" lon="113.268491">
        <time>2026-07-17T23:56:02Z</time>
      </trkpt>
      <trkpt lat="23.066174" lon="113.268411">
        <time>2026-07-17T23:56:07Z</time>
      </trkpt>
      <trkpt lat="23.06623" lon="113.26833">
        <time>2026-07-17T23:56:12Z</time>
      </trkpt>
      <trkpt lat="23.066322" lon="113.268215">
        <time>2026-07-17T23:56:17Z</time>
      </trkpt>
      <trkpt lat="23.06644" lon="113.268139">
        <time>2026-07-17T23:56:22Z</time>
      </trkpt>
      <trkpt lat="23.066528" lon="113.268129">
        <time>2026-07-17T23:56:27Z</time>
      </trkpt>
      <trkpt lat="23.066621" lon="113.26814">
        <time>2026-07-17T23:56:32Z</time>
      </trkpt>
      <trkpt lat="23.066763" lon="113.268163">
        <time>2026-07-17T23:56:37Z</time>
      </trkpt>
      <trkpt lat="23.066904" lon="113.268166">
        <time>2026-07-17T23:56:42Z</time>
      </trkpt>
      <trkpt lat="23.066994" lon="113.268181">
        <time>2026-07-17T23:56:47Z</time>
      </trkpt>
      <trkpt lat="23.067071" lon="113.268217">
        <time>2026-07-17T23:56:52Z</time>
      </trkpt>
      <trkpt lat="23.067178" lon="113.268275">
        <time>2026-07-17T23:56:57Z</time>
      </trkpt>
      <trkpt lat="23.06729" lon="113.268335">
        <time>2026-07-17T23:57:02Z</time>
      </trkpt>
      <trkpt lat="23.067363" lon="113.268384">
        <time>2026-07-17T23:57:07Z</time>
      </trkpt>
      <trkpt lat="23.067434" lon="113.26843">
        <time>2026-07-17T23:57:12Z</time>
      </trkpt>
      <trkpt lat="23.067555" lon="113.268506">
        <time>2026-07-17T23:57:17Z</time>
      </trkpt>
      <trkpt lat="23.067695" lon="113.268581">
        <time>2026-07-17T23:57:22Z</time>
      </trkpt>
      <trkpt lat="23.067788" lon="113.26862">
        <time>2026-07-17T23:57:27Z</time>
      </trkpt>
      <trkpt lat="23.067875" lon="113.268667">
        <time>2026-07-17T23:57:32Z</time>
      </trkpt>
      <trkpt lat="23.067986" lon="113.268746">
        <time>2026-07-17T23:57:37Z</time>
      </trkpt>
      <trkpt lat="23.068096" lon="113.268802">
        <time>2026-07-17T23:57:42Z</time>
      </trkpt>
      <trkpt lat="23.068176" lon="113.268824">
        <time>2026-07-17T23:57:47Z</time>
      </trkpt>
      <trkpt lat="23.068258" lon="113.268857">
        <time>2026-07-17T23:57:52Z</time>
      </trkpt>
      <trkpt lat="23.068376" lon="113.268963">
        <time>2026-07-17T23:57:57Z</time>
      </trkpt>
      <trkpt lat="23.068489" lon="113.26908">
        <time>2026-07-17T23:58:02Z</time>
      </trkpt>
      <trkpt lat="23.068573" lon="113.269131">
        <time>2026-07-17T23:58:07Z</time>
      </trkpt>
      <trkpt lat="23.068657" lon="113.269176">
        <time>2026-07-17T23:58:12Z</time>
      </trkpt>
      <trkpt lat="23.068808" lon="113.269215">
        <time>2026-07-17T23:58:17Z</time>
      </trkpt>
      <trkpt lat="23.068943" lon="113.269277">
        <time>2026-07-17T23:58:22Z</time>
      </trkpt>
      <trkpt lat="23.069037" lon="113.269288">
        <time>2026-07-17T23:58:27Z</time>
      </trkpt>
      <trkpt lat="23.069149" lon="113.269293">
        <time>2026-07-17T23:58:32Z</time>
      </trkpt>
      <trkpt lat="23.069308" lon="113.269323">
        <time>2026-07-17T23:58:37Z</time>
      </trkpt>
      <trkpt lat="23.06944" lon="113.269396">
        <time>2026-07-17T23:58:42Z</time>
      </trkpt>
      <trkpt lat="23.069521" lon="113.269443">
        <time>2026-07-17T23:58:47Z</time>
      </trkpt>
      <trkpt lat="23.069601" lon="113.269497">
        <time>2026-07-17T23:58:52Z</time>
      </trkpt>
      <trkpt lat="23.069725" lon="113.26959">
        <time>2026-07-17T23:58:57Z</time>
      </trkpt>
      <trkpt lat="23.069858" lon="113.26966">
        <time>2026-07-17T23:59:02Z</time>
      </trkpt>
      <trkpt lat="23.069938" lon="113.26971">
        <time>2026-07-17T23:59:07Z</time>
      </trkpt>
      <trkpt lat="23.070023" lon="113.269757">
        <time>2026-07-17T23:59:12Z</time>
      </trkpt>
      <trkpt lat="23.070149" lon="113.269822">
        <time>2026-07-17T23:59:17Z</time>
      </trkpt>
      <trkpt lat="23.070265" lon="113.269879">
        <time>2026-07-17T23:59:22Z</time>
      </trkpt>
      <trkpt lat="23.070341" lon="113.269916">
        <time>2026-07-17T23:59:27Z</time>
      </trkpt>
      <trkpt lat="23.070421" lon="113.269936">
        <time>2026-07-17T23:59:32Z</time>
      </trkpt>
      <trkpt lat="23.070507" lon="113.269963">
        <time>2026-07-17T23:59:37Z</time>
      </trkpt>
      <trkpt lat="23.070623" lon="113.269994">
        <time>2026-07-17T23:59:42Z</time>
      </trkpt>
      <trkpt lat="23.070705" lon="113.270038">
        <time>2026-07-17T23:59:47Z</time>
      </trkpt>
      <trkpt lat="23.070779" lon="113.2701">
        <time>2026-07-17T23:59:52Z</time>
      </trkpt>
      <trkpt lat="23.070897" lon="113.270173">
        <time>2026-07-17T23:59:57Z</time>
      </trkpt>
      <trkpt lat="23.071045" lon="113.270233">
        <time>2026-07-18T00:00:02Z</time>
      </trkpt>
      <trkpt lat="23.071123" lon="113.270263">
        <time>2026-07-18T00:00:07Z</time>
      </trkpt>
      <trkpt lat="23.071193" lon="113.270308">
        <time>2026-07-18T00:00:12Z</time>
      </trkpt>
      <trkpt lat="23.071296" lon="113.27038">
        <time>2026-07-18T00:00:17Z</time>
      </trkpt>
      <trkpt lat="23.071406" lon="113.270442">
        <time>2026-07-18T00:00:22Z</time>
      </trkpt>
      <trkpt lat="23.071489" lon="113.270495">
        <time>2026-07-18T00:00:27Z</time>
      </trkpt>
      <trkpt lat="23.071578" lon="113.270533">
        <time>2026-07-18T00:00:32Z</time>
      </trkpt>
      <trkpt lat="23.071695" lon="113.270609">
        <time>2026-07-18T00:00:37Z</time>
      </trkpt>
      <trkpt lat="23.071833" lon="113.270673">
        <time>2026-07-18T00:00:42Z</time>
      </trkpt>
      <trkpt lat="23.071927" lon="113.270689">
        <time>2026-07-18T00:00:47Z</time>
      </trkpt>
      <trkpt lat="23.072016" lon="113.270706">
        <time>2026-07-18T00:00:52Z</time>
      </trkpt>
      <trkpt lat="23.072141" lon="113.270778">
        <time>2026-07-18T00:00:57Z</time>
      </trkpt>
      <trkpt lat="23.07225" lon="113.270864">
        <time>2026-07-18T00:01:02Z</time>
      </trkpt>
      <trkpt lat="23.072335" lon="113.270902">
        <time>2026-07-18T00:01:07Z</time>
      </trkpt>
      <trkpt lat="23.072418" lon="113.270954">
        <time>2026-07-18T00:01:12Z</time>
      </trkpt>
      <trkpt lat="23.072529" lon="113.271031">
        <time>2026-07-18T00:01:17Z</time>
      </trkpt>
      <trkpt lat="23.072637" lon="113.271094">
        <time>2026-07-18T00:01:22Z</time>
      </trkpt>
      <trkpt lat="23.072726" lon="113.271123">
        <time>2026-07-18T00:01:27Z</time>
      </trkpt>
      <trkpt lat="23.072812" lon="113.271146">
        <time>2026-07-18T00:01:32Z</time>
      </trkpt>
      <trkpt lat="23.072934" lon="113.271173">
        <time>2026-07-18T00:01:37Z</time>
      </trkpt>
      <trkpt lat="23.07306" lon="113.271218">
        <time>2026-07-18T00:01:42Z</time>
      </trkpt>
      <trkpt lat="23.073161" lon="113.271243">
        <time>2026-07-18T00:01:47Z</time>
      </trkpt>
      <trkpt lat="23.073229" lon="113.271289">
        <time>2026-07-18T00:01:52Z</time>
      </trkpt>
      <trkpt lat="23.073331" lon="113.271366">
        <time>2026-07-18T00:01:57Z</time>
      </trkpt>
      <trkpt lat="23.073452" lon="113.271432">
        <time>2026-07-18T00:02:02Z</time>
      </trkpt>
      <trkpt lat="23.073534" lon="113.271494">
        <time>2026-07-18T00:02:07Z</time>
      </trkpt>
      <trkpt lat="23.073612" lon="113.271551">
        <time>2026-07-18T00:02:12Z</time>
      </trkpt>
      <trkpt lat="23.073745" lon="113.271605">
        <time>2026-07-18T00:02:17Z</time>
      </trkpt>
      <trkpt lat="23.073865" lon="113.271653">
        <time>2026-07-18T00:02:22Z</time>
      </trkpt>
      <trkpt lat="23.073935" lon="113.2717">
        <time>2026-07-18T00:02:27Z</time>
      </trkpt>
      <trkpt lat="23.074005" lon="113.271752">
        <time>2026-07-18T00:02:32Z</time>
      </trkpt>
      <trkpt lat="23.074057" lon="113.2718">
        <time>2026-07-18T00:02:37Z</time>
      </trkpt>
      <trkpt lat="23.074043" lon="113.271863">
        <time>2026-07-18T00:02:42Z</time>
      </trkpt>
      <trkpt lat="23.074004" lon="113.271945">
        <time>2026-07-18T00:02:47Z</time>
      </trkpt>
      <trkpt lat="23.073968" lon="113.272075">
        <time>2026-07-18T00:02:52Z</time>
      </trkpt>
      <trkpt lat="23.073904" lon="113.272196">
        <time>2026-07-18T00:02:57Z</time>
      </trkpt>
      <trkpt lat="23.073852" lon="113.272277">
        <time>2026-07-18T00:03:02Z</time>
      </trkpt>
      <trkpt lat="23.073795" lon="113.272361">
        <time>2026-07-18T00:03:07Z</time>
      </trkpt>
      <trkpt lat="23.073729" lon="113.272493">
        <time>2026-07-18T00:03:12Z</time>
      </trkpt>
      <trkpt lat="23.073677" lon="113.272641">
        <time>2026-07-18T00:03:17Z</time>
      </trkpt>
      <trkpt lat="23.073649" lon="113.272752">
        <time>2026-07-18T00:03:22Z</time>
      </trkpt>
      <trkpt lat="23.073653" lon="113.272858">
        <time>2026-07-18T00:03:27Z</time>
      </trkpt>
      <trkpt lat="23.07375" lon="113.272952">
        <time>2026-07-18T00:03:32Z</time>
      </trkpt>
      <trkpt lat="23.073903" lon="113.272998">
        <time>2026-07-18T00:03:37Z</time>
      </trkpt>
      <trkpt lat="23.073989" lon="113.272982">
        <time>2026-07-18T00:03:42Z</time>
      </trkpt>
      <trkpt lat="23.074037" lon="113.272902">
        <time>2026-07-18T00:03:47Z</time>
      </trkpt>
      <trkpt lat="23.074092" lon="113.272743">
        <time>2026-07-18T00:03:52Z</time>
      </trkpt>
      <trkpt lat="23.074149" lon="113.272614">
        <time>2026-07-18T00:03:57Z</time>
      </trkpt>
      <trkpt lat="23.074185" lon="113.272545">
        <time>2026-07-18T00:04:02Z</time>
      </trkpt>
      <trkpt lat="23.074228" lon="113.272449">
        <time>2026-07-18T00:04:07Z</time>
      </trkpt>
      <trkpt lat="23.07428" lon="113.272319">
        <time>2026-07-18T00:04:12Z</time>
      </trkpt>
      <trkpt lat="23.074319" lon="113.272231">
        <time>2026-07-18T00:04:17Z</time>
      </trkpt>
      <trkpt lat="23.074361" lon="113.272156">
        <time>2026-07-18T00:04:22Z</time>
      </trkpt>
      <trkpt lat="23.074412" lon="113.272061">
        <time>2026-07-18T00:04:27Z</time>
      </trkpt>
      <trkpt lat="23.07452" lon="113.272026">
        <time>2026-07-18T00:04:32Z</time>
      </trkpt>
      <trkpt lat="23.074642" lon="113.272088">
        <time>2026-07-18T00:04:37Z</time>
      </trkpt>
      <trkpt lat="23.074721" lon="113.272134">
        <time>2026-07-18T00:04:42Z</time>
      </trkpt>
      <trkpt lat="23.074798" lon="113.272166">
        <time>2026-07-18T00:04:47Z</time>
      </trkpt>
      <trkpt lat="23.074874" lon="113.272224">
        <time>2026-07-18T00:04:52Z</time>
      </trkpt>
      <trkpt lat="23.074981" lon="113.272317">
        <time>2026-07-18T00:04:57Z</time>
      </trkpt>
      <trkpt lat="23.075061" lon="113.272378">
        <time>2026-07-18T00:05:02Z</time>
      </trkpt>
      <trkpt lat="23.075154" lon="113.272421">
        <time>2026-07-18T00:05:07Z</time>
      </trkpt>
      <trkpt lat="23.07529" lon="113.272445">
        <time>2026-07-18T00:05:12Z</time>
      </trkpt>
      <trkpt lat="23.075405" lon="113.27249">
        <time>2026-07-18T00:05:17Z</time>
      </trkpt>
    </trkseg>
  </trk>
</gpx>