<?xml version="1.0" encoding="UTF-8"?>
<gpx xmlns="http://www.topografix.com/GPX/1/1" xmlns:gpxtpx="http://www.garmin.com/xmlschemas/TrackPointExtension/v1" xmlns:xsi="http://www.w3.org/2001/XMLSchema-instance" xsi:schemaLocation="http://www.topografix.com/GPX/1/1 http://www.topografix.com/GPX/1/1/gpx.xsd" version="1.1" creator="gpx.py -- https://github.com/tkrajina/gpxpy">
  <trk>
    <name>gpx from joyrun</name>
    <trkseg>
      <trkpt lat="23.076058" lon="113.2728">
        <time>2026-07-24T21:49:14Z</time>
      </trkpt>
      <trkpt lat="23.076063" lon="113.272774">
        <time>2026-07-24T21:49:19Z</time>
      </trkpt>
      <trkpt lat="23.076062" lon="113.272721">
        <time>2026-07-24T21:49:24Z</time>
      </trkpt>
      <trkpt lat="23.075957" lon="113.27265">
        <time>2026-07-24T21:49:29Z</time>
      </trkpt>
      <trkpt lat="23.075874" lon="113.272613">
        <time>2026-07-24T21:49:34Z</time>
      </trkpt>
      <trkpt lat="23.075824" lon="113.272571">
        <time>2026-07-24T21:49:39Z</time>
      </trkpt>
      <trkpt lat="23.075761" lon="113.272517">
        <time>2026-07-24T21:49:44Z</time>
      </trkpt>
      <trkpt lat="23.07565" lon="113.272426">
        <time>2026-07-24T21:49:49Z</time>
      </trkpt>
      <trkpt lat="23.07549" lon="113.272398">
        <time>2026-07-24T21:49:54Z</time>
      </trkpt>
      <trkpt lat="23.075378" lon="113.272376">
        <time>2026-07-24T21:49:59Z</time>
      </trkpt>
      <trkpt lat="23.075272" lon="113.272343">
        <time>2026-07-24T21:50:04Z</time>
      </trkpt>
      <trkpt lat="23.075137" lon="113.27231">
        <time>2026-07-24T21:50:09Z</time>
      </trkpt>
      <trkpt lat="23.075007" lon="113.272286">
        <time>2026-07-24T21:50:14Z</time>
      </trkpt>
      <trkpt lat="23.074909" lon="113.27226">
        <time>2026-07-24T21:50:19Z</time>
      </trkpt>
      <trkpt lat="23.074821" lon="113.272218">
        <time>2026-07-24T21:50:24Z</time>
      </trkpt>
      <trkpt lat="23.074688" lon="113.272155">
        <time>2026-07-24T21:50:29Z</time>
      </trkpt>
      <trkpt lat="23.074554" lon="113.272091">
        <time>2026-07-24T21:50:34Z</time>
      </trkpt>
      <trkpt lat="23.074473" lon="113.27207">
        <time>2026-07-24T21:50:39Z</time>
      </trkpt>
      <trkpt lat="23.074406" lon="113.272094">
        <time>2026-07-24T21:50:44Z</time>
      </trkpt>
      <trkpt lat="23.074317" lon="113.272166">
        <time>2026-07-24T21:50:49Z</time>
      </trkpt>
      <trkpt lat="23.074268" lon="113.272292">
        <time>2026-07-24T21:50:54Z</time>
      </trkpt>
      <trkpt lat="23.074234" lon="113.27237">
        <time>2026-07-24T21:50:59Z</time>
      </trkpt>
      <trkpt lat="23.074193" lon="113.272446">
        <time>2026-07-24T21:51:04Z</time>
      </trkpt>
      <trkpt lat="23.074141" lon="113.27256">
        <time>2026-07-24T21:51:09Z</time>
      </trkpt>
      <trkpt lat="23.074094" lon="113.272694">
        <time>2026-07-24T21:51:14Z</time>
      </trkpt>
      <trkpt lat="23.074061" lon="113.272791">
        <time>2026-07-24T21:51:19Z</time>
      </trkpt>
      <trkpt lat="23.074028" lon="113.272884">
        <time>2026-07-24T21:51:24Z</time>
      </trkpt>
      <trkpt lat="23.073963" lon="113.272972">
        <time>2026-07-24T21:51:29Z</time>
      </trkpt>
      <trkpt lat="23.073857" lon="113.272927">
        <time>2026-07-24T21:51:34Z</time>
      </trkpt>
      <trkpt lat="23.07378" lon="113.27288">
        <time>2026-07-24T21:51:39Z</time>
      </trkpt>
      <trkpt lat="23.073711" lon="113.272836">
        <time>2026-07-24T21:51:44Z</time>
      </trkpt>
      <trkpt lat="23.073719" lon="113.272745">
        <time>2026-07-24T21:51:49Z</time>
      </trkpt>
      <trkpt lat="23.073779" lon="113.272638">
        <time>2026-07-24T21:51:54Z</time>
      </trkpt>
      <trkpt lat="23.073815" lon="113.272562">
        <time>2026-07-24T21:51:59Z</time>
      </trkpt>
      <trkpt lat="23.073839" lon="113.272481">
        <time>2026-07-24T21:52:04Z</time>
      </trkpt>
      <trkpt lat="23.073873" lon="113.272358">
        <time>2026-07-24T21:52:09Z</time>
      </trkpt>
      <trkpt lat="23.073921" lon="113.272236">
        <time>2026-07-24T21:52:14Z</time>
      </trkpt>
      <trkpt lat="23.073957" lon="113.272182">
        <time>2026-07-24T21:52:19Z</time>
      </trkpt>
      <trkpt lat="23.073985" lon="113.272112">
        <time>2026-07-24T21:52:24Z</time>
      </trkpt>
      <trkpt lat="23.074028" lon="113.271987">
        <time>2026-07-24T21:52:29Z</time>
      </trkpt>
      <trkpt lat="23.074076" lon="113.271864">
        <time>2026-07-24T21:52:34Z</time>
      </trkpt>
      <trkpt lat="23.074101" lon="113.271771">
        <time>2026-07-24T21:52:39Z</time>
      </trkpt>
      <trkpt lat="23.074079" lon="113.271684">
        <time>2026-07-24T21:52:44Z</time>
      </trkpt>
      <trkpt lat="23.073992" lon="113.271656">
        <time>2026-07-24T21:52:49Z</time>
      </trkpt>
      <trkpt lat="23.073896" lon="113.271608">
        <time>2026-07-24T21:52:54Z</time>
      </trkpt>
      <trkpt lat="23.07382" lon="113.271568">
        <time>2026-07-24T21:52:59Z</time>
      </trkpt>
      <trkpt lat="23.073744" lon="113.271536">
        <time>2026-07-24T21:53:04Z</time>
      </trkpt>
      <trkpt lat="23.073618" lon="113.271495">
        <time>2026-07-24T21:53:09Z</time>
      </trkpt>
      <trkpt lat="23.073496" lon="113.271442">
        <time>2026-07-24T21:53:14Z</time>
      </trkpt>
      <trkpt lat="23.073416" lon="113.271406">
        <time>2026-07-24T21:53:19Z</time>
      </trkpt>
      <trkpt lat="23.07333" lon="113.271372">
        <time>2026-07-24T21:53:24Z</time>
      </trkpt>
      <trkpt lat="23.073226" lon="113.271271">
        <time>2026-07-24T21:53:29Z</time>
      </trkpt>
      <trkpt lat="23.073115" lon="113.271182">
        <time>2026-07-24T21:53:34Z</time>
      </trkpt>
      <trkpt lat="23.073037" lon="113.271133">
        <time>2026-07-24T21:53:39Z</time>
      </trkpt>
      <trkpt lat="23.072954" lon="113.271089">
        <time>2026-07-24T21:53:44Z</time>
      </trkpt>
      <trkpt lat="23.072836" lon="113.271027">
        <time>2026-07-24T21:53:49Z</time>
      </trkpt>
      <trkpt lat="23.072724" lon="113.270962">
        <time>2026-07-24T21:53:54Z</time>
      </trkpt>
      <trkpt lat="23.072634" lon="113.270925">
        <time>2026-07-24T21:53:59Z</time>
      </trkpt>
      <trkpt lat="23.072545" lon="113.270888">
        <time>2026-07-24T21:54:04Z</time>
      </trkpt>
      <trkpt lat="23.0724" lon="113.270837">
        <time>2026-07-24T21:54:09Z</time>
      </trkpt>
      <trkpt lat="23.072262" lon="113.270782">
        <time>2026-07-24T21:54:14Z</time>
      </trkpt>
      <trkpt lat="23.072176" lon="113.270742">
        <time>2026-07-24T21:54:19Z</time>
      </trkpt>
      <trkpt lat="23.072094" lon="113.270689">
        <time>2026-07-24T21:54:24Z</time>
      </trkpt>
      <trkpt lat="23.071962" lon="113.270633">
        <time>2026-07-24T21:54:29Z</time>
      </trkpt>
      <trkpt lat="23.071828" lon="113.270579">
        <time>2026-07-24T21:54:34Z</time>
      </trkpt>
      <trkpt lat="23.071749" lon="113.270534">
        <time>2026-07-24T21:54:39Z</time>
      </trkpt>
      <trkpt lat="23.071664" lon="113.270491">
        <time>2026-07-24T21:54:44Z</time>
      </trkpt>
      <trkpt lat="23.071534" lon="113.270428">
        <time>2026-07-24T21:54:49Z</time>
      </trkpt>
      <trkpt lat="23.071398" lon="113.270346">
        <time>2026-07-24T21:54:54Z</time>
      </trkpt>
      <trkpt lat="23.071309" lon="113.2703">
        <time>2026-07-24T21:54:59Z</time>
      </trkpt>
      <trkpt lat="23.071217" lon="113.270262">
        <time>2026-07-24T21:55:04Z</time>
      </trkpt>
      <trkpt lat="23.071084" lon="113.270204">
        <time>2026-07-24T21:55:09Z</time>
      </trkpt>
      <trkpt lat="23.070947" lon="113.270138">
        <time>2026-07-24T21:55:14Z</time>
      </trkpt>
      <trkpt lat="23.070849" lon="113.27009">
        <time>2026-07-24T21:55:19Z</time>
      </trkpt>
      <trkpt lat="23.070757" lon="113.270053">
        <time>2026-07-24T21:55:24Z</time>
      </trkpt>
      <trkpt lat="23.070635" lon="113.269998">
        <time>2026-07-24T21:55:29Z</time>
      </trkpt>
      <trkpt lat="23.070495" lon="113.269942">
        <time>2026-07-24T21:55:34Z</time>
      </trkpt>
      <trkpt lat="23.070402" lon="113.269923">
        <time>2026-07-24T21:55:39Z</time>
      </trkpt>
      <trkpt lat="23.070315" lon="113.269893">
        <time>2026-07-24T21:55:44Z</time>
      </trkpt>
      <trkpt lat="23.07019" lon="113.269829">
        <time>2026-07-24T21:55:49Z</time>
      </trkpt>
      <trkpt lat="23.070066" lon="113.269741">
        <time>2026-07-24T21:55:54Z</time>
      </trkpt>
      <trkpt lat="23.069982" lon="113.269683">
        <time>2026-07-24T21:55:59Z</time>
      </trkpt>
      <trkpt lat="23.069898" lon="113.269622">
        <time>2026-07-24T21:56:04Z</time>
      </trkpt>
      <trkpt lat="23.069771" lon="113.269548">
        <time>2026-07-24T21:56:09Z</time>
      </trkpt>
      <trkpt lat="23.069631" lon="113.269482">
        <time>2026-07-24T21:56:14Z</time>
      </trkpt>
      <trkpt lat="23.069542" lon="113.269429">
        <time>2026-07-24T21:56:19Z</time>
      </trkpt>
      <trkpt lat="23.069443" lon="113.26939">
        <time>2026-07-24T21:56:24Z</time>
      </trkpt>
      <trkpt lat="23.069294" lon="113.269349">
        <time>2026-07-24T21:56:29Z</time>
      </trkpt>
      <trkpt lat="23.06918" lon="113.269264">
        <time>2026-07-24T21:56:34Z</time>
      </trkpt>
      <trkpt lat="23.069098" lon="113.269225">
        <time>2026-07-24T21:56:39Z</time>
      </trkpt>
      <trkpt lat="23.069018" lon="113.269191">
        <time>2026-07-24T21:56:44Z</time>
      </trkpt>
      <trkpt lat="23.068895" lon="113.269163">
        <time>2026-07-24T21:56:49Z</time>
      </trkpt>
      <trkpt lat="23.068765" lon="113.269124">
        <time>2026-07-24T21:56:54Z</time>
      </trkpt>
      <trkpt lat="23.068682" lon="113.269082">
        <time>2026-07-24T21:56:59Z</time>
      </trkpt>
      <trkpt lat="23.068602" lon="113.269052">
        <time>2026-07-24T21:57:04Z</time>
      </trkpt>
      <trkpt lat="23.06848" lon="113.269001">
        <time>2026-07-24T21:57:09Z</time>
      </trkpt>
      <trkpt lat="23.068369" lon="113.268923">
        <time>2026-07-24T21:57:14Z</time>
      </trkpt>
      <trkpt lat="23.068289" lon="113.268878">
        <time>2026-07-24T21:57:19Z</time>
      </trkpt>
      <trkpt lat="23.068205" lon="113.268828">
        <time>2026-07-24T21:57:24Z</time>
      </trkpt>
      <trkpt lat="23.068077" lon="113.268749">
        <time>2026-07-24T21:57:29Z</time>
      </trkpt>
      <trkpt lat="23.067937" lon="113.268657">
        <time>2026-07-24T21:57:34Z</time>
      </trkpt>
      <trkpt lat="23.067844" lon="113.268603">
        <time>2026-07-24T21:57:39Z</time>
      </trkpt>
      <trkpt lat="23.067751" lon="113.268553">
        <time>2026-07-24T21:57:44Z</time>
      </trkpt>
      <trkpt lat="23.067616" lon="113.268481">
        <time>2026-07-24T21:57:49Z</time>
      </trkpt>
      <trkpt lat="23.06749" lon="113.268415">
        <time>2026-07-24T21:57:54Z</time>
      </trkpt>
      <trkpt lat="23.0674" lon="113.268372">
        <time>2026-07-24T21:57:59Z</time>
      </trkpt>
      <trkpt lat="23.067306" lon="113.26833">
        <time>2026-07-24T21:58:04Z</time>
      </trkpt>
      <trkpt lat="23.067176" lon="113.268247">
        <time>2026-07-24T21:58:09Z</time>
      </trkpt>
      <trkpt lat="23.067076" lon="113.268134">
        <time>2026-07-24T21:58:14Z</time>
      </trkpt>
      <trkpt lat="23.066988" lon="113.268088">
        <time>2026-07-24T21:58:19Z</time>
      </trkpt>
      <trkpt lat="23.066888" lon="113.268054">
        <time>2026-07-24T21:58:24Z</time>
      </trkpt>
      <trkpt lat="23.066743" lon="113.268034">
        <time>2026-07-24T21:58:29Z</time>
      </trkpt>
      <trkpt lat="23.06661" lon="113.268027">
        <time>2026-07-24T21:58:34Z</time>
      </trkpt>
      <trkpt lat="23.066524" lon="113.268001">
        <time>2026-07-24T21:58:39Z</time>
      </trkpt>
      <trkpt lat="23.066433" lon="113.267975">
        <time>2026-07-24T21:58:44Z</time>
      </trkpt>
      <trkpt lat="23.066304" lon="113.267976">
        <time>2026-07-24T21:58:49Z</time>
      </trkpt>
      <trkpt lat="23.066185" lon="113.268059">
        <time>2026-07-24T21:58:54Z</time>
      </trkpt>
      <trkpt lat="23.066115" lon="113.268133">
        <time>2026-07-24T21:58:59Z</time>
      </trkpt>
      <trkpt lat="23.066047" lon="113.268205">
        <time>2026-07-24T21:59:04Z</time>
      </trkpt>
      <trkpt lat="23.065959" lon="113.268317">
        <time>2026-07-24T21:59:09Z</time>
      </trkpt>
      <trkpt lat="23.065872" lon="113.268434">
        <time>2026-07-24T21:59:14Z</time>
      </trkpt>
      <trkpt lat="23.065816" lon="113.268516">
        <time>2026-07-24T21:59:19Z</time>
      </trkpt>
      <trkpt lat="23.06577" lon="113.268604">
        <time>2026-07-24T21:59:24Z</time>
      </trkpt>
      <trkpt lat="23.065708" lon="113.268741">
        <time>2026-07-24T21:59:29Z</time>
      </trkpt>
      <trkpt lat="23.065653" lon="113.26888">
        <time>2026-07-24T21:59:34Z</time>
      </trkpt>
      <trkpt lat="23.06562" lon="113.268975">
        <time>2026-07-24T21:59:39Z</time>
      </trkpt>
      <trkpt lat="23.065587" lon="113.269072">
        <time>2026-07-24T21:59:44Z</time>
      </trkpt>
      <trkpt lat="23.065539" lon="113.26922">
        <time>2026-07-24T21:59:49Z</time>
      </trkpt>
      <trkpt lat="23.0655" lon="113.269371">
        <time>2026-07-24T21:59:54Z</time>
      </trkpt>
      <trkpt lat="23.065484" lon="113.269473">
        <time>2026-07-24T21:59:59Z</time>
      </trkpt>
      <trkpt lat="23.065466" lon="113.269574">
        <time>2026-07-24T22:00:04Z</time>
      </trkpt>
      <trkpt lat="23.065425" lon="113.269723">
        <time>2026-07-24T22:00:09Z</time>
      </trkpt>
      <trkpt lat="23.065377" lon="113.26987">
        <time>2026-07-24T22:00:14Z</time>
      </trkpt>
      <trkpt lat="23.065341" lon="113.269964">
        <time>2026-07-24T22:00:19Z</time>
      </trkpt>
      <trkpt lat="23.065312" lon="113.270055">
        <time>2026-07-24T22:00:24Z</time>
      </trkpt>
      <trkpt lat="23.065265" lon="113.270198">
        <time>2026-07-24T22:00:29Z</time>
      </trkpt>
      <trkpt lat="23.065197" lon="113.270339">
        <time>2026-07-24T22:00:34Z</time>
      </trkpt>
      <trkpt lat="23.065154" lon="113.270435">
        <time>2026-07-24T22:00:39Z</time>
      </trkpt>
      <trkpt lat="23.06511" lon="113.270528">
        <time>2026-07-24T22:00:44Z</time>
      </trkpt>
      <trkpt lat="23.065047" lon="113.270674">
        <time>2026-07-24T22:00:49Z</time>
      </trkpt>
      <trkpt lat="23.064982" lon="113.270818">
        <time>2026-07-24T22:00:54Z</time>
      </trkpt>
      <trkpt lat="23.064936" lon="113.270912">
        <time>2026-07-24T22:00:59Z</time>
      </trkpt>
      <trkpt lat="23.064899" lon="113.27101">
        <time>2026-07-24T22:01:04Z</time>
      </trkpt>
      <trkpt lat="23.064838" lon="113.27115">
        <time>2026-07-24T22:01:09Z</time>
      </trkpt>
      <trkpt lat="23.064772" lon="113.271289">
        <time>2026-07-24T22:01:14Z</time>
      </trkpt>
      <trkpt lat="23.064728" lon="113.271382">
        <time>2026-07-24T22:01:19Z</time>
      </trkpt>
      <trkpt lat="23.064685" lon="113.271475">
        <time>2026-07-24T22:01:24Z</time>
      </trkpt>
      <trkpt lat="23.064619" lon="113.271608">
        <time>2026-07-24T22:01:29Z</time>
      </trkpt>
      <trkpt lat="23.064549" lon="113.271744">
        <time>2026-07-24T22:01:34Z</time>
      </trkpt>
      <trkpt lat="23.064503" lon="113.27184">
        <time>2026-07-24T22:01:39Z</time>
      </trkpt>
      <trkpt lat="23.064459" lon="113.271935">
        <time>2026-07-24T22:01:44Z</time>
      </trkpt>
      <trkpt lat="23.064394" lon="113.272081">
        <time>2026-07-24T22:01:49Z</time>
      </trkpt>
      <trkpt lat="23.064344" lon="113.272236">
        <time>2026-07-24T22:01:54Z</time>
      </trkpt>
      <trkpt lat="23.064327" lon="113.272342">
        <time>2026-07-24T22:01:59Z</time>
      </trkpt>
      <trkpt lat="23.064319" lon="113.272443">
        <time>2026-07-24T22:02:04Z</time>
      </trkpt>
      <trkpt lat="23.064316" lon="113.272589">
        <time>2026-07-24T22:02:09Z</time>
      </trkpt>
      <trkpt lat="23.064347" lon="113.272738">
        <time>2026-07-24T22:02:14Z</time>
      </trkpt>
      <trkpt lat="23.064381" lon="113.272829">
        <time>2026-07-24T22:02:19Z</time>
      </trkpt>
      <trkpt lat="23.064413" lon="113.272919">
        <time>2026-07-24T22:02:24Z</time>
      </trkpt>
      <trkpt lat="23.064462" lon="113.273057">
        <time>2026-07-24T22:02:29Z</time>
      </trkpt>
      <trkpt lat="23.06447" lon="113.273208">
        <time>2026-07-24T22:02:34Z</time>
      </trkpt>
      <trkpt lat="23.064427" lon="113.273296">
        <time>2026-07-24T22:02:39Z</time>
      </trkpt>
      <trkpt lat="23.064359" lon="113.273371">
        <time>2026-07-24T22:02:44Z</time>
      </trkpt>
      <trkpt lat="23.064235" lon="113.273464">
        <time>2026-07-24T22:02:49Z</time>
      </trkpt>
      <trkpt lat="23.064117" lon="113.273556">
        <time>2026-07-24T22:02:54Z</time>
      </trkpt>
      <trkpt lat="23.064035" lon="113.273617">
        <time>2026-07-24T22:02:59Z</time>
      </trkpt>
      <trkpt lat="23.063955" lon="113.273681">
        <time>2026-07-24T22:03:04Z</time>
      </trkpt>
      <trkpt lat="23.063866" lon="113.273797">
        <time>2026-07-24T22:03:09Z</time>
      </trkpt>
      <trkpt lat="23.063788" lon="113.27393">
        <time>2026-07-24T22:03:14Z</time>
      </trkpt>
      <trkpt lat="23.063736" lon="113.274021">
        <time>2026-07-24T22:03:19Z</time>
      </trkpt>
      <trkpt lat="23.063675" lon="113.274102">
        <time>2026-07-24T22:03:24Z</time>
      </trkpt>
      <trkpt lat="23.063557" lon="113.274191">
        <time>2026-07-24T22:03:29Z</time>
      </trkpt>
      <trkpt lat="23.063485" lon="113.274319">
        <time>2026-07-24T22:03:34Z</time>
      </trkpt>
      <trkpt lat="23.063446" lon="113.274414">
        <time>2026-07-24T22:03:39Z</time>
      </trkpt>
      <trkpt lat="23.063406" lon="113.274517">
        <time>2026-07-24T22:03:44Z</time>
      </trkpt>
      <trkpt lat="23.063341" lon="113.274678">
        <time>2026-07-24T22:03:49Z</time>
      </trkpt>
      <trkpt lat="23.063288" lon="113.274829">
        <time>2026-07-24T22:03:54Z</time>
      </trkpt>
      <trkpt lat="23.063255" lon="113.274931">
        <time>2026-07-24T22:03:59Z</time>
      </trkpt>
      <trkpt lat="23.063216" lon="113.275031">
        <time>2026-07-24T22:04:04Z</time>
      </trkpt>
      <trkpt lat="23.063139" lon="113.275173">
        <time>2026-07-24T22:04:09Z</time>
      </trkpt>
      <trkpt lat="23.063068" lon="113.275303">
        <time>2026-07-24T22:04:14Z</time>
      </trkpt>
      <trkpt lat="23.063019" lon="113.275389">
        <time>2026-07-24T22:04:19Z</time>
      </trkpt>
      <trkpt lat="23.062963" lon="113.275475">
        <time>2026-07-24T22:04:24Z</time>
      </trkpt>
      <trkpt lat="23.062865" lon="113.275599">
        <time>2026-07-24T22:04:29Z</time>
      </trkpt>
      <trkpt lat="23.062748" lon="113.275708">
        <time>2026-07-24T22:04:34Z</time>
      </trkpt>
      <trkpt lat="23.062673" lon="113.275781">
        <time>2026-07-24T22:04:39Z</time>
      </trkpt>
      <trkpt lat="23.062606" lon="113.27586">
        <time>2026-07-24T22:04:44Z</time>
      </trkpt>
      <trkpt lat="23.062517" lon="113.275989">
        <time>2026-07-24T22:04:49Z</time>
      </trkpt>
      <trkpt lat="23.062445" lon="113.276127">
        <time>2026-07-24T22:04:54Z</time>
      </trkpt>
      <trkpt lat="23.062404" lon="113.276221">
        <time>2026-07-24T22:04:59Z</time>
      </trkpt>
      <trkpt lat="23.062371" lon="113.276317">
        <time>2026-07-24T22:05:04Z</time>
      </trkpt>
      <trkpt lat="23.062324" lon="113.276457">
        <time>2026-07-24T22:05:09Z</time>
      </trkpt>
      <trkpt lat="23.062272" lon="113.276598">
        <time>2026-07-24T22:05:14Z</time>
      </trkpt>
      <trkpt lat="23.062234" lon="113.276691">
        <time>2026-07-24T22:05:19Z</time>
      </trkpt>
      <trkpt lat="23.062201" lon="113.276787">
        <time>2026-07-24T22:05:24Z</time>
      </trkpt>
      <trkpt lat="23.06216" lon="113.27693">
        <time>2026-07-24T22:05:29Z</time>
      </trkpt>
      <trkpt lat="23.062107" lon="113.277081">
        <time>2026-07-24T22:05:34Z</time>
      </trkpt>
      <trkpt lat="23.062067" lon="113.277188">
        <time>2026-07-24T22:05:39Z</time>
      </trkpt>
      <trkpt lat="23.062031" lon="113.277292">
        <time>2026-07-24T22:05:44Z</time>
      </trkpt>
      <trkpt lat="23.06197" lon="113.277443">
        <time>2026-07-24T22:05:49Z</time>
      </trkpt>
      <trkpt lat="23.061889" lon="113.277586">
        <time>2026-07-24T22:05:54Z</time>
      </trkpt>
      <trkpt lat="23.061854" lon="113.277685">
        <time>2026-07-24T22:05:59Z</time>
      </trkpt>
      <trkpt lat="23.061843" lon="113.277787">
        <time>2026-07-24T22:06:04Z</time>
      </trkpt>
      <trkpt lat="23.061836" lon="113.277935">
        <time>2026-07-24T22:06:09Z</time>
      </trkpt>
      <trkpt lat="23.061843" lon="113.278088">
        <time>2026-07-24T22:06:14Z</time>
      </trkpt>
      <trkpt lat="23.06185" lon="113.278193">
        <time>2026-07-24T22:06:19Z</time>
      </trkpt>
      <trkpt lat="23.06185" lon="113.278293">
        <time>2026-07-24T22:06:24Z</time>
      </trkpt>
      <trkpt lat="23.061862" lon="113.278447">
        <time>2026-07-24T22:06:29Z</time>
      </trkpt>
      <trkpt lat="23.061856" lon="113.278601">
        <time>2026-07-24T22:06:34Z</time>
      </trkpt>
      <trkpt lat="23.06184" lon="113.278699">
        <time>2026-07-24T22:06:39Z</time>
      </trkpt>
      <trkpt lat="23.061789" lon="113.278744">
        <time>2026-07-24T22:06:44Z</time>
      </trkpt>
      <trkpt lat="23.061699" lon="113.278829">
        <time>2026-07-24T22:06:49Z</time>
      </trkpt>
      <trkpt lat="23.061647" lon="113.27897">
        <time>2026-07-24T22:06:54Z</time>
      </trkpt>
      <trkpt lat="23.061611" lon="113.27906">
        <time>2026-07-24T22:06:59Z</time>
      </trkpt>
      <trkpt lat="23.061575" lon="113.279146">
        <time>2026-07-24T22:07:04Z</time>
      </trkpt>
      <trkpt lat="23.061541" lon="113.27926">
        <time>2026-07-24T22:07:09Z</time>
      </trkpt>
      <trkpt lat="23.061492" lon="113.279411">
        <time>2026-07-24T22:07:14Z</time>
      </trkpt>
      <trkpt lat="23.061447" lon="113.279514">
        <time>2026-07-24T22:07:19Z</time>
      </trkpt>
      <trkpt lat="23.061401" lon="113.279618">
        <time>2026-07-24T22:07:24Z</time>
      </trkpt>
      <trkpt lat="23.061339" lon="113.27977">
        <time>2026-07-24T22:07:29Z</time>
      </trkpt>
      <trkpt lat="23.061268" lon="113.279915">
        <time>2026-07-24T22:07:34Z</time>
      </trkpt>
      <trkpt lat="23.061221" lon="113.280009">
        <time>2026-07-24T22:07:39Z</time>
      </trkpt>
      <trkpt lat="23.061184" lon="113.280109">
        <time>2026-07-24T22:07:44Z</time>
      </trkpt>
      <trkpt lat="23.06113" lon="113.280266">
        <time>2026-07-24T22:07:49Z</time>
      </trkpt>
      <trkpt lat="23.061068" lon="113.280423">
        <time>2026-07-24T22:07:54Z</time>
      </trkpt>
      <trkpt lat="23.061021" lon="113.280523">
        <time>2026-07-24T22:07:59Z</time>
      </trkpt>
      <trkpt lat="23.060972" lon="113.280621">
        <time>2026-07-24T22:08:04Z</time>
      </trkpt>
      <trkpt lat="23.060893" lon="113.280777">
        <time>2026-07-24T22:08:09Z</time>
      </trkpt>
      <trkpt lat="23.060819" lon="113.280931">
        <time>2026-07-24T22:08:14Z</time>
      </trkpt>
      <trkpt lat="23.060774" lon="113.281033">
        <time>2026-07-24T22:08:19Z</time>
      </trkpt>
      <trkpt lat="23.060732" lon="113.281133">
        <time>2026-07-24T22:08:24Z</time>
      </trkpt>
      <trkpt lat="23.060672" lon="113.281279">
        <time>2026-07-24T22:08:29Z</time>
      </trkpt>
      <trkpt lat="23.060613" lon="113.281423">
        <time>2026-07-24T22:08:34Z</time>
      </trkpt>
      <trkpt lat="23.06057" lon="113.281519">
        <time>2026-07-24T22:08:39Z</time>
      </trkpt>
      <trkpt lat="23.060526" lon="113.281617">
        <time>2026-07-24T22:08:44Z</time>
      </trkpt>
      <trkpt lat="23.060466" lon="113.281761">
        <time>2026-07-24T22:08:49Z</time>
      </trkpt>
      <trkpt lat="23.060398" lon="113.281905">
        <time>2026-07-24T22:08:54Z</time>
      </trkpt>
      <trkpt lat="23.060348" lon="113.282004">
        <time>2026-07-24T22:08:59Z</time>
      </trkpt>
      <trkpt lat="23.060304" lon="113.282107">
        <time>2026-07-24T22:09:04Z</time>
      </trkpt>
      <trkpt lat="23.060255" lon="113.282264">
        <time>2026-07-24T22:09:09Z</time>
      </trkpt>
      <trkpt lat="23.060188" lon="113.282418">
        <time>2026-07-24T22:09:14Z</time>
      </trkpt>
      <trkpt lat="23.06014" lon="113.282522">
        <time>2026-07-24T22:09:19Z</time>
      </trkpt>
      <trkpt lat="23.060096" lon="113.282624">
        <time>2026-07-24T22:09:24Z</time>
      </trkpt>
      <trkpt lat="23.060036" lon="113.282777">
        <time>2026-07-24T22:09:29Z</time>
      </trkpt>
      <trkpt lat="23.059991" lon="113.282932">
        <time>2026-07-24T22:09:34Z</time>
      </trkpt>
      <trkpt lat="23.05995" lon="113.28303">
        <time>2026-07-24T22:09:39Z</time>
      </trkpt>
      <trkpt lat="23.059902" lon="113.283127">
        <time>2026-07-24T22:09:44Z</time>
      </trkpt>
      <trkpt lat="23.059828" lon="113.283274">
        <time>2026-07-24T22:09:49Z</time>
      </trkpt>
      <trkpt lat="23.059756" lon="113.283426">
        <time>2026-07-24T22:09:54Z</time>
      </trkpt>
      <trkpt lat="23.059712" lon="113.283528">
        <time>2026-07-24T22:09:59Z</time>
      </trkpt>
      <trkpt lat="23.05967" lon="113.283629">
        <time>2026-07-24T22:10:04Z</time>
      </trkpt>
      <trkpt lat="23.059602" lon="113.283775">
        <time>2026-07-24T22:10:09Z</time>
      </trkpt>
      <trkpt lat="23.059532" lon="113.28392">
        <time>2026-07-24T22:10:14Z</time>
      </trkpt>
      <trkpt lat="23.059498" lon="113.284016">
        <time>2026-07-24T22:10:19Z</time>
      </trkpt>
      <trkpt lat="23.059453" lon="113.284111">
        <time>2026-07-24T22:10:24Z</time>
      </trkpt>
      <trkpt lat="23.059382" lon="113.284254">
        <time>2026-07-24T22:10:29Z</time>
      </trkpt>
      <trkpt lat="23.059329" lon="113.284406">
        <time>2026-07-24T22:10:34Z</time>
      </trkpt>
      <trkpt lat="23.059307" lon="113.284513">
        <time>2026-07-24T22:10:39Z</time>
      </trkpt>
      <trkpt lat="23.059288" lon="113.284614">
        <time>2026-07-24T22:10:44Z</time>
      </trkpt>
      <trkpt lat="23.059239" lon="113.284759">
        <time>2026-07-24T22:10:49Z</time>
      </trkpt>
      <trkpt lat="23.059176" lon="113.284903">
        <time>2026-07-24T22:10:54Z</time>
      </trkpt>
      <trkpt lat="23.059138" lon="113.284997">
        <time>2026-07-24T22:10:59Z</time>
      </trkpt>
      <trkpt lat="23.059097" lon="113.285089">
        <time>2026-07-24T22:11:04Z</time>
      </trkpt>
      <trkpt lat="23.059041" lon="113.28523">
        <time>2026-07-24T22:11:09Z</time>
      </trkpt>
      <trkpt lat="23.058987" lon="113.285378">
        <time>2026-07-24T22:11:14Z</time>
      </trkpt>
      <trkpt lat="23.058942" lon="113.285471">
        <time>2026-07-24T22:11:19Z</time>
      </trkpt>
      <trkpt lat="23.058898" lon="113.285563">
        <time>2026-07-24T22:11:24Z</time>
      </trkpt>
      <trkpt lat="23.058831" lon="113.285706">
        <time>2026-07-24T22:11:29Z</time>
      </trkpt>
      <trkpt lat="23.058773" lon="113.285853">
        <time>2026-07-24T22:11:34Z</time>
      </trkpt>
      <trkpt lat="23.05873" lon="113.285951">
        <time>2026-07-24T22:11:39Z</time>
      </trkpt>
      <trkpt lat="23.058689" lon="113.286051">
        <time>2026-07-24T22:11:44Z</time>
      </trkpt>
      <trkpt lat="23.05866" lon="113.286209">
        <time>2026-07-24T22:11:49Z</time>
      </trkpt>
      <trkpt lat="23.058741" lon="113.286331">
        <time>2026-07-24T22:11:54Z</time>
      </trkpt>
      <trkpt lat="23.058825" lon="113.286358">
        <time>2026-07-24T22:11:59Z</time>
      </trkpt>
      <trkpt lat="23.058884" lon="113.286386">
        <time>2026-07-24T22:12:04Z</time>
      </trkpt>
      <trkpt lat="23.058993" lon="113.286378">
        <time>2026-07-24T22:12:09Z</time>
      </trkpt>
      <trkpt lat="23.059128" lon="113.286393">
        <time>2026-07-24T22:12:14Z</time>
      </trkpt>
      <trkpt lat="23.059221" lon="113.286398">
        <time>2026-07-24T22:12:19Z</time>
      </trkpt>
      <trkpt lat="23.059317" lon="113.286402">
        <time>2026-07-24T22:12:24Z</time>
      </trkpt>
      <trkpt lat="23.059452" lon="113.286411">
        <time>2026-07-24T22:12:29Z</time>
      </trkpt>
      <trkpt lat="23.059587" lon="113.286421">
        <time>2026-07-24T22:12:34Z</time>
      </trkpt>
      <trkpt lat="23.059682" lon="113.286432">
        <time>2026-07-24T22:12:39Z</time>
      </trkpt>
      <trkpt lat="23.059775" lon="113.28644">
        <time>2026-07-24T22:12:44Z</time>
      </trkpt>
      <trkpt lat="23.059913" lon="113.286446">
        <time>2026-07-24T22:12:49Z</time>
      </trkpt>
      <trkpt lat="23.060039" lon="113.28649">
        <time>2026-07-24T22:12:54Z</time>
      </trkpt>
      <trkpt lat="23.060092" lon="113.286589">
        <time>2026-07-24T22:12:59Z</time>
      </trkpt>
      <trkpt lat="23.060114" lon="113.286713">
        <time>2026-07-24T22:13:04Z</time>
      </trkpt>
      <trkpt lat="23.060155" lon="113.286877">
        <time>2026-07-24T22:13:09Z</time>
      </trkpt>
      <trkpt lat="23.06023" lon="113.287033">
        <time>2026-07-24T22:13:14Z</time>
      </trkpt>
      <trkpt lat="23.060263" lon="113.287143">
        <time>2026-07-24T22:13:19Z</time>
      </trkpt>
      <trkpt lat="23.060286" lon="113.287259">
        <time>2026-07-24T22:13:24Z</time>
      </trkpt>
      <trkpt lat="23.060332" lon="113.287412">
        <time>2026-07-24T22:13:29Z</time>
      </trkpt>
      <trkpt lat="23.060345" lon="113.287561">
        <time>2026-07-24T22:13:34Z</time>
      </trkpt>
      <trkpt lat="23.060352" lon="113.287667">
        <time>2026-07-24T22:13:39Z</time>
      </trkpt>
      <trkpt lat="23.060322" lon="113.287772">
        <time>2026-07-24T22:13:44Z</time>
      </trkpt>
      <trkpt lat="23.060265" lon="113.287908">
        <time>2026-07-24T22:13:49Z</time>
      </trkpt>
      <trkpt lat="23.060297" lon="113.287788">
        <time>2026-07-24T22:13:54Z</time>
      </trkpt>
      <trkpt lat="23.060287" lon="113.287683">
        <time>2026-07-24T22:13:59Z</time>
      </trkpt>
      <trkpt lat="23.060277" lon="113.287578">
        <time>2026-07-24T22:14:04Z</time>
      </trkpt>
      <trkpt lat="23.060257" lon="113.287431">
        <time>2026-07-24T22:14:09Z</time>
      </trkpt>
      <trkpt lat="23.06023" lon="113.287284">
        <time>2026-07-24T22:14:14Z</time>
      </trkpt>
      <trkpt lat="23.060215" lon="113.287177">
        <time>2026-07-24T22:14:19Z</time>
      </trkpt>
      <trkpt lat="23.060217" lon="113.287068">
        <time>2026-07-24T22:14:24Z</time>
      </trkpt>
      <trkpt lat="23.060264" lon="113.286912">
        <time>2026-07-24T22:14:29Z</time>
      </trkpt>
      <trkpt lat="23.060259" lon="113.286771">
        <time>2026-07-24T22:14:34Z</time>
      </trkpt>
      <trkpt lat="23.06022" lon="113.286684">
        <time>2026-07-24T22:14:39Z</time>
      </trkpt>
      <trkpt lat="23.060237" lon="113.286582">
        <time>2026-07-24T22:14:44Z</time>
      </trkpt>
      <trkpt lat="23.060167" lon="113.286455">
        <time>2026-07-24T22:14:49Z</time>
      </trkpt>
      <trkpt lat="23.059987" lon="113.286397">
        <time>2026-07-24T22:14:54Z</time>
      </trkpt>
      <trkpt lat="23.05989" lon="113.286372">
        <time>2026-07-24T22:14:59Z</time>
      </trkpt>
      <trkpt lat="23.059796" lon="113.286337">
        <time>2026-07-24T22:15:04Z</time>
      </trkpt>
      <trkpt lat="23.059638" lon="113.286288">
        <time>2026-07-24T22:15:09Z</time>
      </trkpt>
      <trkpt lat="23.059477" lon="113.28627">
        <time>2026-07-24T22:15:14Z</time>
      </trkpt>
      <trkpt lat="23.059378" lon="113.286263">
        <time>2026-07-24T22:15:19Z</time>
      </trkpt>
      <trkpt lat="23.059281" lon="113.286259">
        <time>2026-07-24T22:15:24Z</time>
      </trkpt>
      <trkpt lat="23.059143" lon="113.286244">
        <time>2026-07-24T22:15:29Z</time>
      </trkpt>
      <trkpt lat="23.059034" lon="113.286148">
        <time>2026-07-24T22:15:34Z</time>
      </trkpt>
      <trkpt lat="23.059" lon="113.286052">
        <time>2026-07-24T22:15:39Z</time>
      </trkpt>
      <trkpt lat="23.059008" lon="113.285947">
        <time>2026-07-24T22:15:44Z</time>
      </trkpt>
      <trkpt lat="23.059066" lon="113.2858">
        <time>2026-07-24T22:15:49Z</time>
      </trkpt>
      <trkpt lat="23.059129" lon="113.285669">
        <time>2026-07-24T22:15:54Z</time>
      </trkpt>
      <trkpt lat="23.059171" lon="113.28558">
        <time>2026-07-24T22:15:59Z</time>
      </trkpt>
      <trkpt lat="23.059207" lon="113.285491">
        <time>2026-07-24T22:16:04Z</time>
      </trkpt>
      <trkpt lat="23.059252" lon="113.285354">
        <time>2026-07-24T22:16:09Z</time>
      </trkpt>
      <trkpt lat="23.059296" lon="113.285217">
        <time>2026-07-24T22:16:14Z</time>
      </trkpt>
      <trkpt lat="23.059325" lon="113.285118">
        <time>2026-07-24T22:16:19Z</time>
      </trkpt>
      <trkpt lat="23.059354" lon="113.285018">
        <time>2026-07-24T22:16:24Z</time>
      </trkpt>
      <trkpt lat="23.059385" lon="113.284863">
        <time>2026-07-24T22:16:29Z</time>
      </trkpt>
      <trkpt lat="23.059402" lon="113.284716">
        <time>2026-07-24T22:16:34Z</time>
      </trkpt>
      <trkpt lat="23.059437" lon="113.284622">
        <time>2026-07-24T22:16:39Z</time>
      </trkpt>
      <trkpt lat="23.059475" lon="113.284529">
        <time>2026-07-24T22:16:44Z</time>
      </trkpt>
      <trkpt lat="23.05953" lon="113.28439">
        <time>2026-07-24T22:16:49Z</time>
      </trkpt>
      <trkpt lat="23.059579" lon="113.28425">
        <time>2026-07-24T22:16:54Z</time>
      </trkpt>
      <trkpt lat="23.059611" lon="113.284159">
        <time>2026-07-24T22:16:59Z</time>
      </trkpt>
      <trkpt lat="23.059651" lon="113.284067">
        <time>2026-07-24T22:17:04Z</time>
      </trkpt>
      <trkpt lat="23.059707" lon="113.283929">
        <time>2026-07-24T22:17:09Z</time>
      </trkpt>
      <trkpt lat="23.059769" lon="113.28379">
        <time>2026-07-24T22:17:14Z</time>
      </trkpt>
      <trkpt lat="23.059808" lon="113.283696">
        <time>2026-07-24T22:17:19Z</time>
      </trkpt>
      <trkpt lat="23.05985" lon="113.2836">
        <time>2026-07-24T22:17:24Z</time>
      </trkpt>
      <trkpt lat="23.059915" lon="113.283453">
        <time>2026-07-24T22:17:29Z</time>
      </trkpt>
      <trkpt lat="23.059993" lon="113.283312">
        <time>2026-07-24T22:17:34Z</time>
      </trkpt>
      <trkpt lat="23.060039" lon="113.283223">
        <time>2026-07-24T22:17:39Z</time>
      </trkpt>
      <trkpt lat="23.060078" lon="113.283129">
        <time>2026-07-24T22:17:44Z</time>
      </trkpt>
      <trkpt lat="23.060142" lon="113.282994">
        <time>2026-07-24T22:17:49Z</time>
      </trkpt>
      <trkpt lat="23.060211" lon="113.282853">
        <time>2026-07-24T22:17:54Z</time>
      </trkpt>
      <trkpt lat="23.060256" lon="113.28276">
        <time>2026-07-24T22:17:59Z</time>
      </trkpt>
      <trkpt lat="23.060294" lon="113.282663">
        <time>2026-07-24T22:18:04Z</time>
      </trkpt>
      <trkpt lat="23.060342" lon="113.282518">
        <time>2026-07-24T22:18:09Z</time>
      </trkpt>
      <trkpt lat="23.06039" lon="113.28237">
        <time>2026-07-24T22:18:14Z</time>
      </trkpt>
      <trkpt lat="23.060422" lon="113.282276">
        <time>2026-07-24T22:18:19Z</time>
      </trkpt>
      <trkpt lat="23.060458" lon="113.282181">
        <time>2026-07-24T22:18:24Z</time>
      </trkpt>
      <trkpt lat="23.060521" lon="113.282045">
        <time>2026-07-24T22:18:29Z</time>
      </trkpt>
      <trkpt lat="23.060585" lon="113.281907">
        <time>2026-07-24T22:18:34Z</time>
      </trkpt>
      <trkpt lat="23.060632" lon="113.281817">
        <time>2026-07-24T22:18:39Z</time>
      </trkpt>
      <trkpt lat="23.060672" lon="113.281724">
        <time>2026-07-24T22:18:44Z</time>
      </trkpt>
      <trkpt lat="23.060733" lon="113.281581">
        <time>2026-07-24T22:18:49Z</time>
      </trkpt>
      <trkpt lat="23.060792" lon="113.281443">
        <time>2026-07-24T22:18:54Z</time>
      </trkpt>
      <trkpt lat="23.060827" lon="113.281352">
        <time>2026-07-24T22:18:59Z</time>
      </trkpt>
      <trkpt lat="23.060863" lon="113.281257">
        <time>2026-07-24T22:19:04Z</time>
      </trkpt>
      <trkpt lat="23.060918" lon="113.281109">
        <time>2026-07-24T22:19:09Z</time>
      </trkpt>
      <trkpt lat="23.060982" lon="113.28096">
        <time>2026-07-24T22:19:14Z</time>
      </trkpt>
      <trkpt lat="23.061026" lon="113.280867">
        <time>2026-07-24T22:19:19Z</time>
      </trkpt>
      <trkpt lat="23.061069" lon="113.280776">
        <time>2026-07-24T22:19:24Z</time>
      </trkpt>
      <trkpt lat="23.061138" lon="113.280629">
        <time>2026-07-24T22:19:29Z</time>
      </trkpt>
      <trkpt lat="23.061204" lon="113.280477">
        <time>2026-07-24T22:19:34Z</time>
      </trkpt>
      <trkpt lat="23.061242" lon="113.280376">
        <time>2026-07-24T22:19:39Z</time>
      </trkpt>
      <trkpt lat="23.061284" lon="113.280278">
        <time>2026-07-24T22:19:44Z</time>
      </trkpt>
      <trkpt lat="23.061357" lon="113.280138">
        <time>2026-07-24T22:19:49Z</time>
      </trkpt>
      <trkpt lat="23.061416" lon="113.279994">
        <time>2026-07-24T22:19:54Z</time>
      </trkpt>
      <trkpt lat="23.061456" lon="113.279898">
        <time>2026-07-24T22:19:59Z</time>
      </trkpt>
      <trkpt lat="23.061497" lon="113.279803">
        <time>2026-07-24T22:20:04Z</time>
      </trkpt>
      <trkpt lat="23.061554" lon="113.279656">
        <time>2026-07-24T22:20:09Z</time>
      </trkpt>
      <trkpt lat="23.061612" lon="113.279515">
        <time>2026-07-24T22:20:14Z</time>
      </trkpt>
      <trkpt lat="23.061653" lon="113.279424">
        <time>2026-07-24T22:20:19Z</time>
      </trkpt>
      <trkpt lat="23.061693" lon="113.279333">
        <time>2026-07-24T22:20:24Z</time>
      </trkpt>
      <trkpt lat="23.061751" lon="113.279195">
        <time>2026-07-24T22:20:29Z</time>
      </trkpt>
      <trkpt lat="23.061824" lon="113.27906">
        <time>2026-07-24T22:20:34Z</time>
      </trkpt>
      <trkpt lat="23.061883" lon="113.278974">
        <time>2026-07-24T22:20:39Z</time>
      </trkpt>
      <trkpt lat="23.061943" lon="113.278883">
        <time>2026-07-24T22:20:44Z</time>
      </trkpt>
      <trkpt lat="23.061992" lon="113.278734">
        <time>2026-07-24T22:20:49Z</time>
      </trkpt>
      <trkpt lat="23.061991" lon="113.278575">
        <time>2026-07-24T22:20:54Z</time>
      </trkpt>
      <trkpt lat="23.061983" lon="113.278465">
        <time>2026-07-24T22:20:59Z</time>
      </trkpt>
      <trkpt lat="23.061979" lon="113.278355">
        <time>2026-07-24T22:21:04Z</time>
      </trkpt>
      <trkpt lat="23.061974" lon="113.278191">
        <time>2026-07-24T22:21:09Z</time>
      </trkpt>
      <trkpt lat="23.061963" lon="113.278026">
        <time>2026-07-24T22:21:14Z</time>
      </trkpt>
      <trkpt lat="23.061954" lon="113.277914">
        <time>2026-07-24T22:21:19Z</time>
      </trkpt>
      <trkpt lat="23.061955" lon="113.277807">
        <time>2026-07-24T22:21:24Z</time>
      </trkpt>
      <trkpt lat="23.061991" lon="113.277653">
        <time>2026-07-24T22:21:29Z</time>
      </trkpt>
      <trkpt lat="23.062045" lon="113.277501">
        <time>2026-07-24T22:21:34Z</time>
      </trkpt>
      <trkpt lat="23.062081" lon="113.277402">
        <time>2026-07-24T22:21:39Z</time>
      </trkpt>
      <trkpt lat="23.062118" lon="113.277305">
        <time>2026-07-24T22:21:44Z</time>
      </trkpt>
      <trkpt lat="23.062169" lon="113.277158">
        <time>2026-07-24T22:21:49Z</time>
      </trkpt>
      <trkpt lat="23.062221" lon="113.277016">
        <time>2026-07-24T22:21:54Z</time>
      </trkpt>
      <trkpt lat="23.062256" lon="113.276919">
        <time>2026-07-24T22:21:59Z</time>
      </trkpt>
      <trkpt lat="23.06229" lon="113.276821">
        <time>2026-07-24T22:22:04Z</time>
      </trkpt>
      <trkpt lat="23.062346" lon="113.276677">
        <time>2026-07-24T22:22:09Z</time>
      </trkpt>
      <trkpt lat="23.062407" lon="113.276533">
        <time>2026-07-24T22:22:14Z</time>
      </trkpt>
      <trkpt lat="23.062441" lon="113.276436">
        <time>2026-07-24T22:22:19Z</time>
      </trkpt>
      <trkpt lat="23.062475" lon="113.276339">
        <time>2026-07-24T22:22:24Z</time>
      </trkpt>
      <trkpt lat="23.062534" lon="113.276193">
        <time>2026-07-24T22:22:29Z</time>
      </trkpt>
      <trkpt lat="23.062602" lon="113.276054">
        <time>2026-07-24T22:22:34Z</time>
      </trkpt>
      <trkpt lat="23.062657" lon="113.27597">
        <time>2026-07-24T22:22:39Z</time>
      </trkpt>
      <trkpt lat="23.062724" lon="113.275886">
        <time>2026-07-24T22:22:44Z</time>
      </trkpt>
      <trkpt lat="23.062825" lon="113.275775">
        <time>2026-07-24T22:22:49Z</time>
      </trkpt>
      <trkpt lat="23.062933" lon="113.275664">
        <time>2026-07-24T22:22:54Z</time>
      </trkpt>
      <trkpt lat="23.063003" lon="113.275594">
        <time>2026-07-24T22:22:59Z</time>
      </trkpt>
      <trkpt lat="23.06306" lon="113.275515">
        <time>2026-07-24T22:23:04Z</time>
      </trkpt>
      <trkpt lat="23.063135" lon="113.275387">
        <time>2026-07-24T22:23:09Z</time>
      </trkpt>
      <trkpt lat="23.063215" lon="113.275256">
        <time>2026-07-24T22:23:14Z</time>
      </trkpt>
      <trkpt lat="23.063275" lon="113.275174">
        <time>2026-07-24T22:23:19Z</time>
      </trkpt>
      <trkpt lat="23.063335" lon="113.275085">
        <time>2026-07-24T22:23:24Z</time>
      </trkpt>
      <trkpt lat="23.063394" lon="113.274934">
        <time>2026-07-24T22:23:29Z</time>
      </trkpt>
      <trkpt lat="23.063433" lon="113.274791">
        <time>2026-07-24T22:23:34Z</time>
      </trkpt>
      <trkpt lat="23.063464" lon="113.274699">
        <time>2026-07-24T22:23:39Z</time>
      </trkpt>
      <trkpt lat="23.063496" lon="113.274611">
        <time>2026-07-24T22:23:44Z</time>
      </trkpt>
      <trkpt lat="23.063538" lon="113.274482">
        <time>2026-07-24T22:23:49Z</time>
      </trkpt>
      <trkpt lat="23.063609" lon="113.274361">
        <time>2026-07-24T22:23:54Z</time>
      </trkpt>
      <trkpt lat="23.063666" lon="113.27428">
        <time>2026-07-24T22:23:59Z</time>
      </trkpt>
      <trkpt lat="23.063738" lon="113.27421">
        <time>2026-07-24T22:24:04Z</time>
      </trkpt>
      <trkpt lat="23.063839" lon="113.274095">
        <time>2026-07-24T22:24:09Z</time>
      </trkpt>
      <trkpt lat="23.063914" lon="113.273949">
        <time>2026-07-24T22:24:14Z</time>
      </trkpt>
      <trkpt lat="23.063966" lon="113.27385">
        <time>2026-07-24T22:24:19Z</time>
      </trkpt>
      <trkpt lat="23.06403" lon="113.273762">
        <time>2026-07-24T22:24:24Z</time>
      </trkpt>
      <trkpt lat="23.064131" lon="113.273661">
        <time>2026-07-24T22:24:29Z</time>
      </trkpt>
      <trkpt lat="23.064249" lon="113.27357">
        <time>2026-07-24T22:24:34Z</time>
      </trkpt>
      <trkpt lat="23.064333" lon="113.273511">
        <time>2026-07-24T22:24:39Z</time>
      </trkpt>
      <trkpt lat="23.064414" lon="113.273444">
        <time>2026-07-24T22:24:44Z</time>
      </trkpt>
      <trkpt lat="23.064523" lon="113.273319">
        <time>2026-07-24T22:24:49Z</time>
      </trkpt>
      <trkpt lat="23.064581" lon="113.273151">
        <time>2026-07-24T22:24:54Z</time>
      </trkpt>
      <trkpt lat="23.064568" lon="113.273033">
        <time>2026-07-24T22:24:59Z</time>
      </trkpt>
      <trkpt lat="23.06453" lon="113.272918">
        <time>2026-07-24T22:25:04Z</time>
      </trkpt>
      <trkpt lat="23.064478" lon="113.272745">
        <time>2026-07-24T22:25:09Z</time>
      </trkpt>
      <trkpt lat="23.064457" lon="113.272575">
        <time>2026-07-24T22:25:14Z</time>
      </trkpt>
      <trkpt lat="23.064489" lon="113.272466">
        <time>2026-07-24T22:25:19Z</time>
      </trkpt>
      <trkpt lat="23.064528" lon="113.272357">
        <time>2026-07-24T22:25:24Z</time>
      </trkpt>
      <trkpt lat="23.064576" lon="113.272198">
        <time>2026-07-24T22:25:29Z</time>
      </trkpt>
      <trkpt lat="23.064637" lon="113.272059">
        <time>2026-07-24T22:25:34Z</time>
      </trkpt>
      <trkpt lat="23.064682" lon="113.271964">
        <time>2026-07-24T22:25:39Z</time>
      </trkpt>
      <trkpt lat="23.064726" lon="113.271867">
        <time>2026-07-24T22:25:44Z</time>
      </trkpt>
      <trkpt lat="23.064791" lon="113.271723">
        <time>2026-07-24T22:25:49Z</time>
      </trkpt>
      <trkpt lat="23.064856" lon="113.271576">
        <time>2026-07-24T22:25:54Z</time>
      </trkpt>
      <trkpt lat="23.064897" lon="113.271481">
        <time>2026-07-24T22:25:59Z</time>
      </trkpt>
      <trkpt lat="23.064939" lon="113.271387">
        <time>2026-07-24T22:26:04Z</time>
      </trkpt>
      <trkpt lat="23.065008" lon="113.27124">
        <time>2026-07-24T22:26:09Z</time>
      </trkpt>
      <trkpt lat="23.065081" lon="113.271096">
        <time>2026-07-24T22:26:14Z</time>
      </trkpt>
      <trkpt lat="23.065123" lon="113.270999">
        <time>2026-07-24T22:26:19Z</time>
      </trkpt>
      <trkpt lat="23.065168" lon="113.270904">
        <time>2026-07-24T22:26:24Z</time>
      </trkpt>
      <trkpt lat="23.065233" lon="113.270768">
        <time>2026-07-24T22:26:29Z</time>
      </trkpt>
      <trkpt lat="23.065301" lon="113.270625">
        <time>2026-07-24T22:26:34Z</time>
      </trkpt>
      <trkpt lat="23.065343" lon="113.270535">
        <time>2026-07-24T22:26:39Z</time>
      </trkpt>
      <trkpt lat="23.065389" lon="113.270444">
        <time>2026-07-24T22:26:44Z</time>
      </trkpt>
      <trkpt lat="23.065453" lon="113.270307">
        <time>2026-07-24T22:26:49Z</time>
      </trkpt>
      <trkpt lat="23.065514" lon="113.270166">
        <time>2026-07-24T22:26:54Z</time>
      </trkpt>
      <trkpt lat="23.065549" lon="113.270073">
        <time>2026-07-24T22:26:59Z</time>
      </trkpt>
      <trkpt lat="23.06558" lon="113.269978">
        <time>2026-07-24T22:27:04Z</time>
      </trkpt>
      <trkpt lat="23.065624" lon="113.269825">
        <time>2026-07-24T22:27:09Z</time>
      </trkpt>
      <trkpt lat="23.065666" lon="113.269673">
        <time>2026-07-24T22:27:14Z</time>
      </trkpt>
      <trkpt lat="23.065693" lon="113.269572">
        <time>2026-07-24T22:27:19Z</time>
      </trkpt>
      <trkpt lat="23.065721" lon="113.269469">
        <time>2026-07-24T22:27:24Z</time>
      </trkpt>
      <trkpt lat="23.065758" lon="113.269317">
        <time>2026-07-24T22:27:29Z</time>
      </trkpt>
      <trkpt lat="23.065808" lon="113.269168">
        <time>2026-07-24T22:27:34Z</time>
      </trkpt>
      <trkpt lat="23.065846" lon="113.26907">
        <time>2026-07-24T22:27:39Z</time>
      </trkpt>
      <trkpt lat="23.065885" lon="113.268973">
        <time>2026-07-24T22:27:44Z</time>
      </trkpt>
      <trkpt lat="23.065945" lon="113.268826">
        <time>2026-07-24T22:27:49Z</time>
      </trkpt>
      <trkpt lat="23.066005" lon="113.268686">
        <time>2026-07-24T22:27:54Z</time>
      </trkpt>
      <trkpt lat="23.066053" lon="113.268597">
        <time>2026-07-24T22:27:59Z</time>
      </trkpt>
      <trkpt lat="23.066104" lon="113.268512">
        <time>2026-07-24T22:28:04Z</time>
      </trkpt>
      <trkpt lat="23.066185" lon="113.268385">
        <time>2026-07-24T22:28:09Z</time>
      </trkpt>
      <trkpt lat="23.066273" lon="113.268256">
        <time>2026-07-24T22:28:14Z</time>
      </trkpt>
      <trkpt lat="23.066345" lon="113.268183">
        <time>2026-07-24T22:28:19Z</time>
      </trkpt>
      <trkpt lat="23.066432" lon="113.268136">
        <time>2026-07-24T22:28:24Z</time>
      </trkpt>
      <trkpt lat="23.066573" lon="113.268132">
        <time>2026-07-24T22:28:29Z</time>
      </trkpt>
      <trkpt lat="23.066717" lon="113.268176">
        <time>2026-07-24T22:28:34Z</time>
      </trkpt>
      <trkpt lat="23.06681" lon="113.268177">
        <time>2026-07-24T22:28:39Z</time>
      </trkpt>
      <trkpt lat="23.066904" lon="113.268165">
        <time>2026-07-24T22:28:44Z</time>
      </trkpt>
      <trkpt lat="23.067046" lon="113.268208">
        <time>2026-07-24T22:28:49Z</time>
      </trkpt>
      <trkpt lat="23.067168" lon="113.268279">
        <time>2026-07-24T22:28:54Z</time>
      </trkpt>
      <trkpt lat="23.067244" lon="113.26833">
        <time>2026-07-24T22:28:59Z</time>
      </trkpt>
      <trkpt lat="23.067331" lon="113.268378">
        <time>2026-07-24T22:29:04Z</time>
      </trkpt>
      <trkpt lat="23.067444" lon="113.268452">
        <time>2026-07-24T22:29:09Z</time>
      </trkpt>
      <trkpt lat="23.067568" lon="113.268522">
        <time>2026-07-24T22:29:14Z</time>
      </trkpt>
      <trkpt lat="23.067664" lon="113.268567">
        <time>2026-07-24T22:29:19Z</time>
      </trkpt>
      <trkpt lat="23.067768" lon="113.26861">
        <time>2026-07-24T22:29:24Z</time>
      </trkpt>
      <trkpt lat="23.067913" lon="113.268673">
        <time>2026-07-24T22:29:29Z</time>
      </trkpt>
      <trkpt lat="23.06805" lon="113.268736">
        <time>2026-07-24T22:29:34Z</time>
      </trkpt>
      <trkpt lat="23.068135" lon="113.268763">
        <time>2026-07-24T22:29:39Z</time>
      </trkpt>
      <trkpt lat="23.068212" lon="113.268782">
        <time>2026-07-24T22:29:44Z</time>
      </trkpt>
      <trkpt lat="23.068336" lon="113.268824">
        <time>2026-07-24T22:29:49Z</time>
      </trkpt>
      <trkpt lat="23.068449" lon="113.268872">
        <time>2026-07-24T22:29:54Z</time>
      </trkpt>
      <trkpt lat="23.068528" lon="113.268918">
        <time>2026-07-24T22:29:59Z</time>
      </trkpt>
      <trkpt lat="23.068616" lon="113.268942">
        <time>2026-07-24T22:30:04Z</time>
      </trkpt>
      <trkpt lat="23.068744" lon="113.268987">
        <time>2026-07-24T22:30:09Z</time>
      </trkpt>
      <trkpt lat="23.068883" lon="113.269057">
        <time>2026-07-24T22:30:14Z</time>
      </trkpt>
      <trkpt lat="23.068982" lon="113.269103">
        <time>2026-07-24T22:30:19Z</time>
      </trkpt>
      <trkpt lat="23.069052" lon="113.269061">
        <time>2026-07-24T22:30:24Z</time>
      </trkpt>
      <trkpt lat="23.068979" lon="113.26898">
        <time>2026-07-24T22:30:29Z</time>
      </trkpt>
      <trkpt lat="23.068858" lon="113.268948">
        <time>2026-07-24T22:30:34Z</time>
      </trkpt>
      <trkpt lat="23.068775" lon="113.268912">
        <time>2026-07-24T22:30:39Z</time>
      </trkpt>
      <trkpt lat="23.068689" lon="113.268861">
        <time>2026-07-24T22:30:44Z</time>
      </trkpt>
      <trkpt lat="23.068566" lon="113.268786">
        <time>2026-07-24T22:30:49Z</time>
      </trkpt>
      <trkpt lat="23.068441" lon="113.268749">
        <time>2026-07-24T22:30:54Z</time>
      </trkpt>
      <trkpt lat="23.068358" lon="113.268727">
        <time>2026-07-24T22:30:59Z</time>
      </trkpt>
      <trkpt lat="23.068273" lon="113.268696">
        <time>2026-07-24T22:31:04Z</time>
      </trkpt>
      <trkpt lat="23.068133" lon="113.268637">
        <time>2026-07-24T22:31:09Z</time>
      </trkpt>
      <trkpt lat="23.067967" lon="113.268559">
        <time>2026-07-24T22:31:14Z</time>
      </trkpt>
      <trkpt lat="23.067868" lon="113.268507">
        <time>2026-07-24T22:31:19Z</time>
      </trkpt>
      <trkpt lat="23.067779" lon="113.268455">
        <time>2026-07-24T22:31:24Z</time>
      </trkpt>
      <trkpt lat="23.067647" lon="113.268382">
        <time>2026-07-24T22:31:29Z</time>
      </trkpt>
      <trkpt lat="23.067517" lon="113.268309">
        <time>2026-07-24T22:31:34Z</time>
      </trkpt>
      <trkpt lat="23.067424" lon="113.268261">
        <time>2026-07-24T22:31:39Z</time>
      </trkpt>
      <trkpt lat="23.067327" lon="113.26823">
        <time>2026-07-24T22:31:44Z</time>
      </trkpt>
      <trkpt lat="23.067201" lon="113.26818">
        <time>2026-07-24T22:31:49Z</time>
      </trkpt>
      <trkpt lat="23.067081" lon="113.268124">
        <time>2026-07-24T22:31:54Z</time>
      </trkpt>
      <trkpt lat="23.066994" lon="113.268093">
        <time>2026-07-24T22:31:59Z</time>
      </trkpt>
      <trkpt lat="23.066903" lon="113.268059">
        <time>2026-07-24T22:32:04Z</time>
      </trkpt>
      <trkpt lat="23.066753" lon="113.268007">
        <time>2026-07-24T22:32:09Z</time>
      </trkpt>
      <trkpt lat="23.066604" lon="113.267986">
        <time>2026-07-24T22:32:14Z</time>
      </trkpt>
      <trkpt lat="23.06652" lon="113.267956">
        <time>2026-07-24T22:32:19Z</time>
      </trkpt>
      <trkpt lat="23.066431" lon="113.267933">
        <time>2026-07-24T22:32:24Z</time>
      </trkpt>
      <trkpt lat="23.066294" lon="113.267954">
        <time>2026-07-24T22:32:29Z</time>
      </trkpt>
      <trkpt lat="23.066176" lon="113.268034">
        <time>2026-07-24T22:32:34Z</time>
      </trkpt>
      <trkpt lat="23.066104" lon="113.268114">
        <time>2026-07-24T22:32:39Z</time>
      </trkpt>
      <trkpt lat="23.066038" lon="113.268193">
        <time>2026-07-24T22:32:44Z</time>
      </trkpt>
      <trkpt lat="23.065949" lon="113.268309">
        <time>2026-07-24T22:32:49Z</time>
      </trkpt>
      <trkpt lat="23.065867" lon="113.268441">
        <time>2026-07-24T22:32:54Z</time>
      </trkpt>
      <trkpt lat="23.065818" lon="113.26853">
        <time>2026-07-24T22:32:59Z</time>
      </trkpt>
      <trkpt lat="23.065775" lon="113.26862">
        <time>2026-07-24T22:33:04Z</time>
      </trkpt>
      <trkpt lat="23.065717" lon="113.26876">
        <time>2026-07-24T22:33:09Z</time>
      </trkpt>
      <trkpt lat="23.065658" lon="113.268898">
        <time>2026-07-24T22:33:14Z</time>
      </trkpt>
      <trkpt lat="23.065623" lon="113.268995">
        <time>2026-07-24T22:33:19Z</time>
      </trkpt>
      <trkpt lat="23.065589" lon="113.269092">
        <time>2026-07-24T22:33:24Z</time>
      </trkpt>
      <trkpt lat="23.065545" lon="113.269239">
        <time>2026-07-24T22:33:29Z</time>
      </trkpt>
      <trkpt lat="23.065509" lon="113.26938">
        <time>2026-07-24T22:33:34Z</time>
      </trkpt>
      <trkpt lat="23.065488" lon="113.269475">
        <time>2026-07-24T22:33:39Z</time>
      </trkpt>
      <trkpt lat="23.065468" lon="113.269577">
        <time>2026-07-24T22:33:44Z</time>
      </trkpt>
      <trkpt lat="23.065434" lon="113.269734">
        <time>2026-07-24T22:33:49Z</time>
      </trkpt>
      <trkpt lat="23.065388" lon="113.269883">
        <time>2026-07-24T22:33:54Z</time>
      </trkpt>
      <trkpt lat="23.065361" lon="113.269977">
        <time>2026-07-24T22:33:59Z</time>
      </trkpt>
      <trkpt lat="23.065327" lon="113.270069">
        <time>2026-07-24T22:34:04Z</time>
      </trkpt>
      <trkpt lat="23.065268" lon="113.27021">
        <time>2026-07-24T22:34:09Z</time>
      </trkpt>
      <trkpt lat="23.065201" lon="113.270352">
        <time>2026-07-24T22:34:14Z</time>
      </trkpt>
      <trkpt lat="23.065157" lon="113.270444">
        <time>2026-07-24T22:34:19Z</time>
      </trkpt>
      <trkpt lat="23.065112" lon="113.270534">
        <time>2026-07-24T22:34:24Z</time>
      </trkpt>
      <trkpt lat="23.065044" lon="113.270673">
        <time>2026-07-24T22:34:29Z</time>
      </trkpt>
      <trkpt lat="23.064979" lon="113.270814">
        <time>2026-07-24T22:34:34Z</time>
      </trkpt>
      <trkpt lat="23.064937" lon="113.270908">
        <time>2026-07-24T22:34:39Z</time>
      </trkpt>
      <trkpt lat="23.064898" lon="113.271001">
        <time>2026-07-24T22:34:44Z</time>
      </trkpt>
      <trkpt lat="23.064833" lon="113.271141">
        <time>2026-07-24T22:34:49Z</time>
      </trkpt>
      <trkpt lat="23.064766" lon="113.27128">
        <time>2026-07-24T22:34:54Z</time>
      </trkpt>
      <trkpt lat="23.064723" lon="113.271372">
        <time>2026-07-24T22:34:59Z</time>
      </trkpt>
      <trkpt lat="23.06468" lon="113.271463">
        <time>2026-07-24T22:35:04Z</time>
      </trkpt>
      <trkpt lat="23.064615" lon="113.271598">
        <time>2026-07-24T22:35:09Z</time>
      </trkpt>
      <trkpt lat="23.064545" lon="113.271742">
        <time>2026-07-24T22:35:14Z</time>
      </trkpt>
      <trkpt lat="23.064503" lon="113.27184">
        <time>2026-07-24T22:35:19Z</time>
      </trkpt>
      <trkpt lat="23.064461" lon="113.271937">
        <time>2026-07-24T22:35:24Z</time>
      </trkpt>
      <trkpt lat="23.064396" lon="113.27208">
        <time>2026-07-24T22:35:29Z</time>
      </trkpt>
      <trkpt lat="23.064334" lon="113.272224">
        <time>2026-07-24T22:35:34Z</time>
      </trkpt>
      <trkpt lat="23.064326" lon="113.272333">
        <time>2026-07-24T22:35:39Z</time>
      </trkpt>
      <trkpt lat="23.064321" lon="113.272435">
        <time>2026-07-24T22:35:44Z</time>
      </trkpt>
      <trkpt lat="23.064322" lon="113.272585">
        <time>2026-07-24T22:35:49Z</time>
      </trkpt>
      <trkpt lat="23.064359" lon="113.272745">
        <time>2026-07-24T22:35:54Z</time>
      </trkpt>
      <trkpt lat="23.064392" lon="113.272847">
        <time>2026-07-24T22:35:59Z</time>
      </trkpt>
      <trkpt lat="23.064421" lon="113.272946">
        <time>2026-07-24T22:36:04Z</time>
      </trkpt>
      <trkpt lat="23.064466" lon="113.273097">
        <time>2026-07-24T22:36:09Z</time>
      </trkpt>
      <trkpt lat="23.064462" lon="113.273244">
        <time>2026-07-24T22:36:14Z</time>
      </trkpt>
      <trkpt lat="23.064409" lon="113.273331">
        <time>2026-07-24T22:36:19Z</time>
      </trkpt>
      <trkpt lat="23.06433" lon="113.273396">
        <time>2026-07-24T22:36:24Z</time>
      </trkpt>
      <trkpt lat="23.064205" lon="113.273479">
        <time>2026-07-24T22:36:29Z</time>
      </trkpt>
      <trkpt lat="23.064082" lon="113.273567">
        <time>2026-07-24T22:36:34Z</time>
      </trkpt>
      <trkpt lat="23.064002" lon="113.27363">
        <time>2026-07-24T22:36:39Z</time>
      </trkpt>
      <trkpt lat="23.063932" lon="113.273702">
        <time>2026-07-24T22:36:44Z</time>
      </trkpt>
      <trkpt lat="23.06385" lon="113.27382">
        <time>2026-07-24T22:36:49Z</time>
      </trkpt>
      <trkpt lat="23.063776" lon="113.273952">
        <time>2026-07-24T22:36:54Z</time>
      </trkpt>
      <trkpt lat="23.063726" lon="113.274037">
        <time>2026-07-24T22:36:59Z</time>
      </trkpt>
      <trkpt lat="23.063662" lon="113.274111">
        <time>2026-07-24T22:37:04Z</time>
      </trkpt>
      <trkpt lat="23.06356" lon="113.274222">
        <time>2026-07-24T22:37:09Z</time>
      </trkpt>
      <trkpt lat="23.063486" lon="113.274364">
        <time>2026-07-24T22:37:14Z</time>
      </trkpt>
      <trkpt lat="23.063438" lon="113.274461">
        <time>2026-07-24T22:37:19Z</time>
      </trkpt>
      <trkpt lat="23.063396" lon="113.274564">
        <time>2026-07-24T22:37:24Z</time>
      </trkpt>
      <trkpt lat="23.063346" lon="113.274718">
        <time>2026-07-24T22:37:29Z</time>
      </trkpt>
      <trkpt lat="23.06329" lon="113.274871">
        <time>2026-07-24T22:37:34Z</time>
      </trkpt>
      <trkpt lat="23.063257" lon="113.274976">
        <time>2026-07-24T22:37:39Z</time>
      </trkpt>
      <trkpt lat="23.063215" lon="113.275075">
        <time>2026-07-24T22:37:44Z</time>
      </trkpt>
      <trkpt lat="23.063135" lon="113.275215">
        <time>2026-07-24T22:37:49Z</time>
      </trkpt>
      <trkpt lat="23.063057" lon="113.275351">
        <time>2026-07-24T22:37:54Z</time>
      </trkpt>
      <trkpt lat="23.063007" lon="113.275436">
        <time>2026-07-24T22:37:59Z</time>
      </trkpt>
      <trkpt lat="23.062952" lon="113.275518">
        <time>2026-07-24T22:38:04Z</time>
      </trkpt>
      <trkpt lat="23.062854" lon="113.275632">
        <time>2026-07-24T22:38:09Z</time>
      </trkpt>
      <trkpt lat="23.062738" lon="113.275737">
        <time>2026-07-24T22:38:14Z</time>
      </trkpt>
      <trkpt lat="23.062668" lon="113.275811">
        <time>2026-07-24T22:38:19Z</time>
      </trkpt>
      <trkpt lat="23.062604" lon="113.27589">
        <time>2026-07-24T22:38:24Z</time>
      </trkpt>
      <trkpt lat="23.062517" lon="113.27602">
        <time>2026-07-24T22:38:29Z</time>
      </trkpt>
      <trkpt lat="23.062445" lon="113.276154">
        <time>2026-07-24T22:38:34Z</time>
      </trkpt>
      <trkpt lat="23.062404" lon="113.276251">
        <time>2026-07-24T22:38:39Z</time>
      </trkpt>
      <trkpt lat="23.062371" lon="113.27635">
        <time>2026-07-24T22:38:44Z</time>
      </trkpt>
      <trkpt lat="23.062322" lon="113.276497">
        <time>2026-07-24T22:38:49Z</time>
      </trkpt>
      <trkpt lat="23.062271" lon="113.276642">
        <time>2026-07-24T22:38:54Z</time>
      </trkpt>
      <trkpt lat="23.062236" lon="113.276737">
        <time>2026-07-24T22:38:59Z</time>
      </trkpt>
      <trkpt lat="23.0622" lon="113.276834">
        <time>2026-07-24T22:39:04Z</time>
      </trkpt>
      <trkpt lat="23.062146" lon="113.27698">
        <time>2026-07-24T22:39:09Z</time>
      </trkpt>
      <trkpt lat="23.062096" lon="113.277131">
        <time>2026-07-24T22:39:14Z</time>
      </trkpt>
      <trkpt lat="23.062053" lon="113.277233">
        <time>2026-07-24T22:39:19Z</time>
      </trkpt>
      <trkpt lat="23.062009" lon="113.27733">
        <time>2026-07-24T22:39:24Z</time>
      </trkpt>
      <trkpt lat="23.061951" lon="113.277477">
        <time>2026-07-24T22:39:29Z</time>
      </trkpt>
      <trkpt lat="23.061894" lon="113.277617">
        <time>2026-07-24T22:39:34Z</time>
      </trkpt>
      <trkpt lat="23.061861" lon="113.277711">
        <time>2026-07-24T22:39:39Z</time>
      </trkpt>
      <trkpt lat="23.061843" lon="113.277811">
        <time>2026-07-24T22:39:44Z</time>
      </trkpt>
      <trkpt lat="23.061835" lon="113.277964">
        <time>2026-07-24T22:39:49Z</time>
      </trkpt>
      <trkpt lat="23.061844" lon="113.278114">
        <time>2026-07-24T22:39:54Z</time>
      </trkpt>
      <trkpt lat="23.061849" lon="113.278217">
        <time>2026-07-24T22:39:59Z</time>
      </trkpt>
      <trkpt lat="23.061854" lon="113.27832">
        <time>2026-07-24T22:40:04Z</time>
      </trkpt>
      <trkpt lat="23.061861" lon="113.278474">
        <time>2026-07-24T22:40:09Z</time>
      </trkpt>
      <trkpt lat="23.061867" lon="113.278626">
        <time>2026-07-24T22:40:14Z</time>
      </trkpt>
      <trkpt lat="23.061852" lon="113.278722">
        <time>2026-07-24T22:40:19Z</time>
      </trkpt>
      <trkpt lat="23.061815" lon="113.278811">
        <time>2026-07-24T22:40:24Z</time>
      </trkpt>
      <trkpt lat="23.061738" lon="113.27894">
        <time>2026-07-24T22:40:29Z</time>
      </trkpt>
      <trkpt lat="23.061661" lon="113.279068">
        <time>2026-07-24T22:40:34Z</time>
      </trkpt>
      <trkpt lat="23.061613" lon="113.279157">
        <time>2026-07-24T22:40:39Z</time>
      </trkpt>
      <trkpt lat="23.061572" lon="113.279248">
        <time>2026-07-24T22:40:44Z</time>
      </trkpt>
      <trkpt lat="23.061518" lon="113.279393">
        <time>2026-07-24T22:40:49Z</time>
      </trkpt>
      <trkpt lat="23.061461" lon="113.279538">
        <time>2026-07-24T22:40:54Z</time>
      </trkpt>
      <trkpt lat="23.061421" lon="113.279636">
        <time>2026-07-24T22:40:59Z</time>
      </trkpt>
      <trkpt lat="23.061382" lon="113.279741">
        <time>2026-07-24T22:41:04Z</time>
      </trkpt>
      <trkpt lat="23.061321" lon="113.279898">
        <time>2026-07-24T22:41:09Z</time>
      </trkpt>
      <trkpt lat="23.061257" lon="113.280054">
        <time>2026-07-24T22:41:14Z</time>
      </trkpt>
      <trkpt lat="23.061214" lon="113.280158">
        <time>2026-07-24T22:41:19Z</time>
      </trkpt>
      <trkpt lat="23.061168" lon="113.280264">
        <time>2026-07-24T22:41:24Z</time>
      </trkpt>
      <trkpt lat="23.061097" lon="113.280419">
        <time>2026-07-24T22:41:29Z</time>
      </trkpt>
      <trkpt lat="23.061035" lon="113.280577">
        <time>2026-07-24T22:41:34Z</time>
      </trkpt>
      <trkpt lat="23.06099" lon="113.280679">
        <time>2026-07-24T22:41:39Z</time>
      </trkpt>
      <trkpt lat="23.060943" lon="113.280781">
        <time>2026-07-24T22:41:44Z</time>
      </trkpt>
      <trkpt lat="23.060867" lon="113.280935">
        <time>2026-07-24T22:41:49Z</time>
      </trkpt>
      <trkpt lat="23.060793" lon="113.281098">
        <time>2026-07-24T22:41:54Z</time>
      </trkpt>
      <trkpt lat="23.060743" lon="113.281205">
        <time>2026-07-24T22:41:59Z</time>
      </trkpt>
      <trkpt lat="23.060698" lon="113.281313">
        <time>2026-07-24T22:42:04Z</time>
      </trkpt>
      <trkpt lat="23.060629" lon="113.281467">
        <time>2026-07-24T22:42:09Z</time>
      </trkpt>
      <trkpt lat="23.060571" lon="113.28162">
        <time>2026-07-24T22:42:14Z</time>
      </trkpt>
      <trkpt lat="23.060531" lon="113.281723">
        <time>2026-07-24T22:42:19Z</time>
      </trkpt>
      <trkpt lat="23.060486" lon="113.281825">
        <time>2026-07-24T22:42:24Z</time>
      </trkpt>
      <trkpt lat="23.06042" lon="113.281971">
        <time>2026-07-24T22:42:29Z</time>
      </trkpt>
      <trkpt lat="23.060354" lon="113.282117">
        <time>2026-07-24T22:42:34Z</time>
      </trkpt>
      <trkpt lat="23.060312" lon="113.282218">
        <time>2026-07-24T22:42:39Z</time>
      </trkpt>
      <trkpt lat="23.060268" lon="113.282324">
        <time>2026-07-24T22:42:44Z</time>
      </trkpt>
      <trkpt lat="23.060203" lon="113.282479">
        <time>2026-07-24T22:42:49Z</time>
      </trkpt>
      <trkpt lat="23.060134" lon="113.282621">
        <time>2026-07-24T22:42:54Z</time>
      </trkpt>
      <trkpt lat="23.060094" lon="113.282719">
        <time>2026-07-24T22:42:59Z</time>
      </trkpt>
      <trkpt lat="23.060056" lon="113.282817">
        <time>2026-07-24T22:43:04Z</time>
      </trkpt>
      <trkpt lat="23.059996" lon="113.282964">
        <time>2026-07-24T22:43:09Z</time>
      </trkpt>
      <trkpt lat="23.05993" lon="113.283118">
        <time>2026-07-24T22:43:14Z</time>
      </trkpt>
      <trkpt lat="23.059886" lon="113.28322">
        <time>2026-07-24T22:43:19Z</time>
      </trkpt>
      <trkpt lat="23.059841" lon="113.283323">
        <time>2026-07-24T22:43:24Z</time>
      </trkpt>
      <trkpt lat="23.059777" lon="113.283475">
        <time>2026-07-24T22:43:29Z</time>
      </trkpt>
      <trkpt lat="23.059719" lon="113.283622">
        <time>2026-07-24T22:43:34Z</time>
      </trkpt>
      <trkpt lat="23.059677" lon="113.283723">
        <time>2026-07-24T22:43:39Z</time>
      </trkpt>
      <trkpt lat="23.059634" lon="113.283827">
        <time>2026-07-24T22:43:44Z</time>
      </trkpt>
      <trkpt lat="23.059567" lon="113.283977">
        <time>2026-07-24T22:43:49Z</time>
      </trkpt>
      <trkpt lat="23.059503" lon="113.284129">
        <time>2026-07-24T22:43:54Z</time>
      </trkpt>
      <trkpt lat="23.059461" lon="113.284229">
        <time>2026-07-24T22:43:59Z</time>
      </trkpt>
      <trkpt lat="23.059419" lon="113.284328">
        <time>2026-07-24T22:44:04Z</time>
      </trkpt>
      <trkpt lat="23.059357" lon="113.284476">
        <time>2026-07-24T22:44:09Z</time>
      </trkpt>
      <trkpt lat="23.059297" lon="113.284625">
        <time>2026-07-24T22:44:14Z</time>
      </trkpt>
      <trkpt lat="23.059255" lon="113.284714">
        <time>2026-07-24T22:44:19Z</time>
      </trkpt>
      <trkpt lat="23.059217" lon="113.284805">
        <time>2026-07-24T22:44:24Z</time>
      </trkpt>
      <trkpt lat="23.05916" lon="113.284942">
        <time>2026-07-24T22:44:29Z</time>
      </trkpt>
      <trkpt lat="23.059101" lon="113.285084">
        <time>2026-07-24T22:44:34Z</time>
      </trkpt>
      <trkpt lat="23.059064" lon="113.285182">
        <time>2026-07-24T22:44:39Z</time>
      </trkpt>
      <trkpt lat="23.059021" lon="113.285285">
        <time>2026-07-24T22:44:44Z</time>
      </trkpt>
      <trkpt lat="23.058951" lon="113.285434">
        <time>2026-07-24T22:44:49Z</time>
      </trkpt>
      <trkpt lat="23.058883" lon="113.285585">
        <time>2026-07-24T22:44:54Z</time>
      </trkpt>
      <trkpt lat="23.058838" lon="113.285688">
        <time>2026-07-24T22:44:59Z</time>
      </trkpt>
      <trkpt lat="23.058795" lon="113.285792">
        <time>2026-07-24T22:45:04Z</time>
      </trkpt>
      <trkpt lat="23.05873" lon="113.285948">
        <time>2026-07-24T22:45:09Z</time>
      </trkpt>
      <trkpt lat="23.058671" lon="113.286103">
        <time>2026-07-24T22:45:14Z</time>
      </trkpt>
      <trkpt lat="23.058663" lon="113.286216">
        <time>2026-07-24T22:45:19Z</time>
      </trkpt>
      <trkpt lat="23.05871" lon="113.286311">
        <time>2026-07-24T22:45:24Z</time>
      </trkpt>
      <trkpt lat="23.058845" lon="113.286364">
        <time>2026-07-24T22:45:29Z</time>
      </trkpt>
      <trkpt lat="23.058987" lon="113.286377">
        <time>2026-07-24T22:45:34Z</time>
      </trkpt>
      <trkpt lat="23.059081" lon="113.286389">
        <time>2026-07-24T22:45:39Z</time>
      </trkpt>
      <trkpt lat="23.059177" lon="113.286405">
        <time>2026-07-24T22:45:44Z</time>
      </trkpt>
      <trkpt lat="23.059327" lon="113.28642">
        <time>2026-07-24T22:45:49Z</time>
      </trkpt>
      <trkpt lat="23.059473" lon="113.286428">
        <time>2026-07-24T22:45:54Z</time>
      </trkpt>
      <trkpt lat="23.059572" lon="113.28644">
        <time>2026-07-24T22:45:59Z</time>
      </trkpt>
      <trkpt lat="23.059669" lon="113.286462">
        <time>2026-07-24T22:46:04Z</time>
      </trkpt>
      <trkpt lat="23.059811" lon="113.286461">
        <time>2026-07-24T22:46:09Z</time>
      </trkpt>
      <trkpt lat="23.059958" lon="113.286451">
        <time>2026-07-24T22:46:14Z</time>
      </trkpt>
      <trkpt lat="23.060043" lon="113.286462">
        <time>2026-07-24T22:46:19Z</time>
      </trkpt>
      <trkpt lat="23.060102" lon="113.286529">
        <time>2026-07-24T22:46:24Z</time>
      </trkpt>
      <trkpt lat="23.060149" lon="113.286717">
        <time>2026-07-24T22:46:29Z</time>
      </trkpt>
      <trkpt lat="23.060172" lon="113.286927">
        <time>2026-07-24T22:46:34Z</time>
      </trkpt>
      <trkpt lat="23.060197" lon="113.287054">
        <time>2026-07-24T22:46:39Z</time>
      </trkpt>
      <trkpt lat="23.060223" lon="113.287168">
        <time>2026-07-24T22:46:44Z</time>
      </trkpt>
      <trkpt lat="23.060249" lon="113.287334">
        <time>2026-07-24T22:46:49Z</time>
      </trkpt>
      <trkpt lat="23.060267" lon="113.287504">
        <time>2026-07-24T22:46:54Z</time>
      </trkpt>
      <trkpt lat="23.060276" lon="113.28761">
        <time>2026-07-24T22:46:59Z</time>
      </trkpt>
      <trkpt lat="23.060287" lon="113.287711">
        <time>2026-07-24T22:47:04Z</time>
      </trkpt>
      <trkpt lat="23.060227" lon="113.287872">
        <time>2026-07-24T22:47:09Z</time>
      </trkpt>
      <trkpt lat="23.06027" lon="113.287946">
        <time>2026-07-24T22:47:14Z</time>
      </trkpt>
      <trkpt lat="23.060297" lon="113.287861">
        <time>2026-07-24T22:47:19Z</time>
      </trkpt>
      <trkpt lat="23.060288" lon="113.287735">
        <time>2026-07-24T22:47:24Z</time>
      </trkpt>
      <trkpt lat="23.060255" lon="113.287564">
        <time>2026-07-24T22:47:29Z</time>
      </trkpt>
      <trkpt lat="23.060226" lon="113.287404">
        <time>2026-07-24T22:47:34Z</time>
      </trkpt>
      <trkpt lat="23.0602" lon="113.287306">
        <time>2026-07-24T22:47:39Z</time>
      </trkpt>
      <trkpt lat="23.060171" lon="113.287205">
        <time>2026-07-24T22:47:44Z</time>
      </trkpt>
      <trkpt lat="23.060158" lon="113.287044">
        <time>2026-07-24T22:47:49Z</time>
      </trkpt>
      <trkpt lat="23.060137" lon="113.286887">
        <time>2026-07-24T22:47:54Z</time>
      </trkpt>
      <trkpt lat="23.060177" lon="113.286766">
        <time>2026-07-24T22:47:59Z</time>
      </trkpt>
      <trkpt lat="23.060189" lon="113.286648">
        <time>2026-07-24T22:48:04Z</time>
      </trkpt>
      <trkpt lat="23.060216" lon="113.286535">
        <time>2026-07-24T22:48:09Z</time>
      </trkpt>
      <trkpt lat="23.060319" lon="113.286461">
        <time>2026-07-24T22:48:14Z</time>
      </trkpt>
      <trkpt lat="23.060405" lon="113.286407">
        <time>2026-07-24T22:48:19Z</time>
      </trkpt>
      <trkpt lat="23.06047" lon="113.286338">
        <time>2026-07-24T22:48:24Z</time>
      </trkpt>
      <trkpt lat="23.060492" lon="113.286182">
        <time>2026-07-24T22:48:29Z</time>
      </trkpt>
      <trkpt lat="23.060495" lon="113.286035">
        <time>2026-07-24T22:48:34Z</time>
      </trkpt>
      <trkpt lat="23.060496" lon="113.285941">
        <time>2026-07-24T22:48:39Z</time>
      </trkpt>
      <trkpt lat="23.060485" lon="113.285851">
        <time>2026-07-24T22:48:44Z</time>
      </trkpt>
      <trkpt lat="23.060486" lon="113.285716">
        <time>2026-07-24T22:48:49Z</time>
      </trkpt>
      <trkpt lat="23.060499" lon="113.28557">
        <time>2026-07-24T22:48:54Z</time>
      </trkpt>
      <trkpt lat="23.060525" lon="113.285463">
        <time>2026-07-24T22:48:59Z</time>
      </trkpt>
      <trkpt lat="23.060559" lon="113.285353">
        <time>2026-07-24T22:49:04Z</time>
      </trkpt>
      <trkpt lat="23.060597" lon="113.285189">
        <time>2026-07-24T22:49:09Z</time>
      </trkpt>
      <trkpt lat="23.060609" lon="113.28503">
        <time>2026-07-24T22:49:14Z</time>
      </trkpt>
      <trkpt lat="23.060619" lon="113.284939">
        <time>2026-07-24T22:49:19Z</time>
      </trkpt>
      <trkpt lat="23.060631" lon="113.284837">
        <time>2026-07-24T22:49:24Z</time>
      </trkpt>
      <trkpt lat="23.060649" lon="113.28468">
        <time>2026-07-24T22:49:29Z</time>
      </trkpt>
      <trkpt lat="23.060673" lon="113.284522">
        <time>2026-07-24T22:49:34Z</time>
      </trkpt>
      <trkpt lat="23.060665" lon="113.28442">
        <time>2026-07-24T22:49:39Z</time>
      </trkpt>
      <trkpt lat="23.060673" lon="113.28431">
        <time>2026-07-24T22:49:44Z</time>
      </trkpt>
      <trkpt lat="23.060693" lon="113.284165">
        <time>2026-07-24T22:49:49Z</time>
      </trkpt>
      <trkpt lat="23.060673" lon="113.283999">
        <time>2026-07-24T22:49:54Z</time>
      </trkpt>
      <trkpt lat="23.060675" lon="113.283874">
        <time>2026-07-24T22:49:59Z</time>
      </trkpt>
      <trkpt lat="23.060671" lon="113.283739">
        <time>2026-07-24T22:50:04Z</time>
      </trkpt>
      <trkpt lat="23.060558" lon="113.283655">
        <time>2026-07-24T22:50:09Z</time>
      </trkpt>
      <trkpt lat="23.060412" lon="113.283647">
        <time>2026-07-24T22:50:14Z</time>
      </trkpt>
      <trkpt lat="23.06031" lon="113.283626">
        <time>2026-07-24T22:50:19Z</time>
      </trkpt>
      <trkpt lat="23.060205" lon="113.283615">
        <time>2026-07-24T22:50:24Z</time>
      </trkpt>
      <trkpt lat="23.060043" lon="113.283587">
        <time>2026-07-24T22:50:29Z</time>
      </trkpt>
      <trkpt lat="23.059922" lon="113.283524">
        <time>2026-07-24T22:50:34Z</time>
      </trkpt>
      <trkpt lat="23.059907" lon="113.283431">
        <time>2026-07-24T22:50:39Z</time>
      </trkpt>
      <trkpt lat="23.059944" lon="113.283329">
        <time>2026-07-24T22:50:44Z</time>
      </trkpt>
      <trkpt lat="23.060019" lon="113.283187">
        <time>2026-07-24T22:50:49Z</time>
      </trkpt>
      <trkpt lat="23.060098" lon="113.283056">
        <time>2026-07-24T22:50:54Z</time>
      </trkpt>
      <trkpt lat="23.060137" lon="113.282955">
        <time>2026-07-24T22:50:59Z</time>
      </trkpt>
      <trkpt lat="23.060177" lon="113.282862">
        <time>2026-07-24T22:51:04Z</time>
      </trkpt>
      <trkpt lat="23.060237" lon="113.282729">
        <time>2026-07-24T22:51:09Z</time>
      </trkpt>
      <trkpt lat="23.060294" lon="113.282585">
        <time>2026-07-24T22:51:14Z</time>
      </trkpt>
      <trkpt lat="23.060332" lon="113.282492">
        <time>2026-07-24T22:51:19Z</time>
      </trkpt>
      <trkpt lat="23.060372" lon="113.282398">
        <time>2026-07-24T22:51:24Z</time>
      </trkpt>
      <trkpt lat="23.06044" lon="113.282257">
        <time>2026-07-24T22:51:29Z</time>
      </trkpt>
      <trkpt lat="23.060498" lon="113.282108">
        <time>2026-07-24T22:51:34Z</time>
      </trkpt>
      <trkpt lat="23.060538" lon="113.282019">
        <time>2026-07-24T22:51:39Z</time>
      </trkpt>
      <trkpt lat="23.060578" lon="113.281932">
        <time>2026-07-24T22:51:44Z</time>
      </trkpt>
      <trkpt lat="23.060637" lon="113.281798">
        <time>2026-07-24T22:51:49Z</time>
      </trkpt>
      <trkpt lat="23.060698" lon="113.281655">
        <time>2026-07-24T22:51:54Z</time>
      </trkpt>
      <trkpt lat="23.060739" lon="113.28156">
        <time>2026-07-24T22:51:59Z</time>
      </trkpt>
      <trkpt lat="23.060778" lon="113.281462">
        <time>2026-07-24T22:52:04Z</time>
      </trkpt>
      <trkpt lat="23.060843" lon="113.281305">
        <time>2026-07-24T22:52:09Z</time>
      </trkpt>
      <trkpt lat="23.060901" lon="113.281158">
        <time>2026-07-24T22:52:14Z</time>
      </trkpt>
      <trkpt lat="23.060939" lon="113.281063">
        <time>2026-07-24T22:52:19Z</time>
      </trkpt>
      <trkpt lat="23.060975" lon="113.280967">
        <time>2026-07-24T22:52:24Z</time>
      </trkpt>
      <trkpt lat="23.061035" lon="113.280819">
        <time>2026-07-24T22:52:29Z</time>
      </trkpt>
      <trkpt lat="23.061102" lon="113.280662">
        <time>2026-07-24T22:52:34Z</time>
      </trkpt>
      <trkpt lat="23.061154" lon="113.280564">
        <time>2026-07-24T22:52:39Z</time>
      </trkpt>
      <trkpt lat="23.061198" lon="113.280468">
        <time>2026-07-24T22:52:44Z</time>
      </trkpt>
      <trkpt lat="23.061258" lon="113.280327">
        <time>2026-07-24T22:52:49Z</time>
      </trkpt>
      <trkpt lat="23.061329" lon="113.280192">
        <time>2026-07-24T22:52:54Z</time>
      </trkpt>
      <trkpt lat="23.061376" lon="113.280095">
        <time>2026-07-24T22:52:59Z</time>
      </trkpt>
      <trkpt lat="23.061419" lon="113.28">
        <time>2026-07-24T22:53:04Z</time>
      </trkpt>
      <trkpt lat="23.061477" lon="113.279854">
        <time>2026-07-24T22:53:09Z</time>
      </trkpt>
      <trkpt lat="23.061538" lon="113.279703">
        <time>2026-07-24T22:53:14Z</time>
      </trkpt>
      <trkpt lat="23.061579" lon="113.279604">
        <time>2026-07-24T22:53:19Z</time>
      </trkpt>
      <trkpt lat="23.061614" lon="113.279504">
        <time>2026-07-24T22:53:24Z</time>
      </trkpt>
      <trkpt lat="23.061669" lon="113.279354">
        <time>2026-07-24T22:53:29Z</time>
      </trkpt>
      <trkpt lat="23.061728" lon="113.279216">
        <time>2026-07-24T22:53:34Z</time>
      </trkpt>
      <trkpt lat="23.061774" lon="113.279129">
        <time>2026-07-24T22:53:39Z</time>
      </trkpt>
      <trkpt lat="23.061826" lon="113.279045">
        <time>2026-07-24T22:53:44Z</time>
      </trkpt>
      <trkpt lat="23.061909" lon="113.278922">
        <time>2026-07-24T22:53:49Z</time>
      </trkpt>
      <trkpt lat="23.061973" lon="113.278784">
        <time>2026-07-24T22:53:54Z</time>
      </trkpt>
      <trkpt lat="23.06198" lon="113.278682">
        <time>2026-07-24T22:53:59Z</time>
      </trkpt>
      <trkpt lat="23.061973" lon="113.278581">
        <time>2026-07-24T22:54:04Z</time>
      </trkpt>
      <trkpt lat="23.061964" lon="113.278433">
        <time>2026-07-24T22:54:09Z</time>
      </trkpt>
      <trkpt lat="23.061957" lon="113.278284">
        <time>2026-07-24T22:54:14Z</time>
      </trkpt>
      <trkpt lat="23.061953" lon="113.278181">
        <time>2026-07-24T22:54:19Z</time>
      </trkpt>
      <trkpt lat="23.06195" lon="113.278073">
        <time>2026-07-24T22:54:24Z</time>
      </trkpt>
      <trkpt lat="23.061941" lon="113.277913">
        <time>2026-07-24T22:54:29Z</time>
      </trkpt>
      <trkpt lat="23.061953" lon="113.277752">
        <time>2026-07-24T22:54:34Z</time>
      </trkpt>
      <trkpt lat="23.06198" lon="113.277652">
        <time>2026-07-24T22:54:39Z</time>
      </trkpt>
      <trkpt lat="23.062016" lon="113.277551">
        <time>2026-07-24T22:54:44Z</time>
      </trkpt>
      <trkpt lat="23.062073" lon="113.277401">
        <time>2026-07-24T22:54:49Z</time>
      </trkpt>
      <trkpt lat="23.062129" lon="113.277256">
        <time>2026-07-24T22:54:54Z</time>
      </trkpt>
      <trkpt lat="23.062163" lon="113.277158">
        <time>2026-07-24T22:54:59Z</time>
      </trkpt>
      <trkpt lat="23.062198" lon="113.277059">
        <time>2026-07-24T22:55:04Z</time>
      </trkpt>
      <trkpt lat="23.062251" lon="113.276915">
        <time>2026-07-24T22:55:09Z</time>
      </trkpt>
      <trkpt lat="23.062302" lon="113.276767">
        <time>2026-07-24T22:55:14Z</time>
      </trkpt>
      <trkpt lat="23.062336" lon="113.276667">
        <time>2026-07-24T22:55:19Z</time>
      </trkpt>
      <trkpt lat="23.06237" lon="113.276569">
        <time>2026-07-24T22:55:24Z</time>
      </trkpt>
      <trkpt lat="23.06243" lon="113.276424">
        <time>2026-07-24T22:55:29Z</time>
      </trkpt>
      <trkpt lat="23.062485" lon="113.27628">
        <time>2026-07-24T22:55:34Z</time>
      </trkpt>
      <trkpt lat="23.062529" lon="113.276188">
        <time>2026-07-24T22:55:39Z</time>
      </trkpt>
      <trkpt lat="23.062577" lon="113.276098">
        <time>2026-07-24T22:55:44Z</time>
      </trkpt>
      <trkpt lat="23.062655" lon="113.275967">
        <time>2026-07-24T22:55:49Z</time>
      </trkpt>
      <trkpt lat="23.062751" lon="113.275845">
        <time>2026-07-24T22:55:54Z</time>
      </trkpt>
      <trkpt lat="23.062826" lon="113.27577">
        <time>2026-07-24T22:55:59Z</time>
      </trkpt>
      <trkpt lat="23.062902" lon="113.275699">
        <time>2026-07-24T22:56:04Z</time>
      </trkpt>
      <trkpt lat="23.063011" lon="113.275581">
        <time>2026-07-24T22:56:09Z</time>
      </trkpt>
      <trkpt lat="23.063095" lon="113.275453">
        <time>2026-07-24T22:56:14Z</time>
      </trkpt>
      <trkpt lat="23.063151" lon="113.275366">
        <time>2026-07-24T22:56:19Z</time>
      </trkpt>
      <trkpt lat="23.063208" lon="113.275279">
        <time>2026-07-24T22:56:24Z</time>
      </trkpt>
      <trkpt lat="23.063295" lon="113.275143">
        <time>2026-07-24T22:56:29Z</time>
      </trkpt>
      <trkpt lat="23.063367" lon="113.275005">
        <time>2026-07-24T22:56:34Z</time>
      </trkpt>
      <trkpt lat="23.063392" lon="113.274914">
        <time>2026-07-24T22:56:39Z</time>
      </trkpt>
      <trkpt lat="23.063418" lon="113.274819">
        <time>2026-07-24T22:56:44Z</time>
      </trkpt>
      <trkpt lat="23.06346" lon="113.27468">
        <time>2026-07-24T22:56:49Z</time>
      </trkpt>
      <trkpt lat="23.06351" lon="113.274539">
        <time>2026-07-24T22:56:54Z</time>
      </trkpt>
      <trkpt lat="23.063554" lon="113.274444">
        <time>2026-07-24T22:56:59Z</time>
      </trkpt>
      <trkpt lat="23.063605" lon="113.27436">
        <time>2026-07-24T22:57:04Z</time>
      </trkpt>
      <trkpt lat="23.063697" lon="113.274239">
        <time>2026-07-24T22:57:09Z</time>
      </trkpt>
      <trkpt lat="23.06381" lon="113.274121">
        <time>2026-07-24T22:57:14Z</time>
      </trkpt>
      <trkpt lat="23.06387" lon="113.274029">
        <time>2026-07-24T22:57:19Z</time>
      </trkpt>
      <trkpt lat="23.063919" lon="113.27393">
        <time>2026-07-24T22:57:24Z</time>
      </trkpt>
      <trkpt lat="23.064003" lon="113.27379">
        <time>2026-07-24T22:57:29Z</time>
      </trkpt>
      <trkpt lat="23.064113" lon="113.273677">
        <time>2026-07-24T22:57:34Z</time>
      </trkpt>
      <trkpt lat="23.064195" lon="113.273613">
        <time>2026-07-24T22:57:39Z</time>
      </trkpt>
      <trkpt lat="23.064278" lon="113.273546">
        <time>2026-07-24T22:57:44Z</time>
      </trkpt>
      <trkpt lat="23.0644" lon="113.273448">
        <time>2026-07-24T22:57:49Z</time>
      </trkpt>
      <trkpt lat="23.064515" lon="113.273335">
        <time>2026-07-24T22:57:54Z</time>
      </trkpt>
      <trkpt lat="23.064572" lon="113.273238">
        <time>2026-07-24T22:57:59Z</time>
      </trkpt>
      <trkpt lat="23.064588" lon="113.273121">
        <time>2026-07-24T22:58:04Z</time>
      </trkpt>
      <trkpt lat="23.064541" lon="113.272945">
        <time>2026-07-24T22:58:09Z</time>
      </trkpt>
      <trkpt lat="23.064478" lon="113.272779">
        <time>2026-07-24T22:58:14Z</time>
      </trkpt>
      <trkpt lat="23.064446" lon="113.272671">
        <time>2026-07-24T22:58:19Z</time>
      </trkpt>
      <trkpt lat="23.064452" lon="113.272562">
        <time>2026-07-24T22:58:24Z</time>
      </trkpt>
      <trkpt lat="23.064513" lon="113.272397">
        <time>2026-07-24T22:58:29Z</time>
      </trkpt>
      <trkpt lat="23.064566" lon="113.272235">
        <time>2026-07-24T22:58:34Z</time>
      </trkpt>
      <trkpt lat="23.064599" lon="113.272136">
        <time>2026-07-24T22:58:39Z</time>
      </trkpt>
      <trkpt lat="23.064645" lon="113.272042">
        <time>2026-07-24T22:58:44Z</time>
      </trkpt>
      <trkpt lat="23.064719" lon="113.271892">
        <time>2026-07-24T22:58:49Z</time>
      </trkpt>
      <trkpt lat="23.064793" lon="113.27174">
        <time>2026-07-24T22:58:54Z</time>
      </trkpt>
      <trkpt lat="23.064841" lon="113.271639">
        <time>2026-07-24T22:58:59Z</time>
      </trkpt>
      <trkpt lat="23.064889" lon="113.271541">
        <time>2026-07-24T22:59:04Z</time>
      </trkpt>
      <trkpt lat="23.064969" lon="113.271397">
        <time>2026-07-24T22:59:09Z</time>
      </trkpt>
      <trkpt lat="23.065032" lon="113.27125">
        <time>2026-07-24T22:59:14Z</time>
      </trkpt>
      <trkpt lat="23.065077" lon="113.271155">
        <time>2026-07-24T22:59:19Z</time>
      </trkpt>
      <trkpt lat="23.065122" lon="113.271057">
        <time>2026-07-24T22:59:24Z</time>
      </trkpt>
      <trkpt lat="23.065193" lon="113.270905">
        <time>2026-07-24T22:59:29Z</time>
      </trkpt>
      <trkpt lat="23.065263" lon="113.270747">
        <time>2026-07-24T22:59:34Z</time>
      </trkpt>
      <trkpt lat="23.065304" lon="113.270648">
        <time>2026-07-24T22:59:39Z</time>
      </trkpt>
      <trkpt lat="23.065347" lon="113.270547">
        <time>2026-07-24T22:59:44Z</time>
      </trkpt>
      <trkpt lat="23.065416" lon="113.270395">
        <time>2026-07-24T22:59:49Z</time>
      </trkpt>
      <trkpt lat="23.06548" lon="113.270248">
        <time>2026-07-24T22:59:54Z</time>
      </trkpt>
      <trkpt lat="23.065522" lon="113.270151">
        <time>2026-07-24T22:59:59Z</time>
      </trkpt>
      <trkpt lat="23.065551" lon="113.270051">
        <time>2026-07-24T23:00:04Z</time>
      </trkpt>
      <trkpt lat="23.065598" lon="113.269901">
        <time>2026-07-24T23:00:09Z</time>
      </trkpt>
      <trkpt lat="23.065639" lon="113.269749">
        <time>2026-07-24T23:00:14Z</time>
      </trkpt>
      <trkpt lat="23.065675" lon="113.269643">
        <time>2026-07-24T23:00:19Z</time>
      </trkpt>
      <trkpt lat="23.065716" lon="113.26954">
        <time>2026-07-24T23:00:24Z</time>
      </trkpt>
      <trkpt lat="23.065759" lon="113.269384">
        <time>2026-07-24T23:00:29Z</time>
      </trkpt>
      <trkpt lat="23.0658" lon="113.26922">
        <time>2026-07-24T23:00:34Z</time>
      </trkpt>
      <trkpt lat="23.065835" lon="113.26912">
        <time>2026-07-24T23:00:39Z</time>
      </trkpt>
      <trkpt lat="23.065866" lon="113.269022">
        <time>2026-07-24T23:00:44Z</time>
      </trkpt>
      <trkpt lat="23.065926" lon="113.268883">
        <time>2026-07-24T23:00:49Z</time>
      </trkpt>
      <trkpt lat="23.065988" lon="113.268741">
        <time>2026-07-24T23:00:54Z</time>
      </trkpt>
      <trkpt lat="23.06603" lon="113.268645">
        <time>2026-07-24T23:00:59Z</time>
      </trkpt>
      <trkpt lat="23.066075" lon="113.268549">
        <time>2026-07-24T23:01:04Z</time>
      </trkpt>
      <trkpt lat="23.06615" lon="113.268418">
        <time>2026-07-24T23:01:09Z</time>
      </trkpt>
      <trkpt lat="23.066243" lon="113.2683">
        <time>2026-07-24T23:01:14Z</time>
      </trkpt>
      <trkpt lat="23.066313" lon="113.268227">
        <time>2026-07-24T23:01:19Z</time>
      </trkpt>
      <trkpt lat="23.066399" lon="113.268168">
        <time>2026-07-24T23:01:24Z</time>
      </trkpt>
      <trkpt lat="23.06655" lon="113.26814">
        <time>2026-07-24T23:01:29Z</time>
      </trkpt>
      <trkpt lat="23.066689" lon="113.268166">
        <time>2026-07-24T23:01:34Z</time>
      </trkpt>
      <trkpt lat="23.066783" lon="113.26817">
        <time>2026-07-24T23:01:39Z</time>
      </trkpt>
      <trkpt lat="23.06688" lon="113.268163">
        <time>2026-07-24T23:01:44Z</time>
      </trkpt>
      <trkpt lat="23.067023" lon="113.26819">
        <time>2026-07-24T23:01:49Z</time>
      </trkpt>
      <trkpt lat="23.067143" lon="113.26826">
        <time>2026-07-24T23:01:54Z</time>
      </trkpt>
      <trkpt lat="23.067223" lon="113.268303">
        <time>2026-07-24T23:01:59Z</time>
      </trkpt>
      <trkpt lat="23.067303" lon="113.268354">
        <time>2026-07-24T23:02:04Z</time>
      </trkpt>
      <trkpt lat="23.067416" lon="113.268439">
        <time>2026-07-24T23:02:09Z</time>
      </trkpt>
      <trkpt lat="23.067556" lon="113.268508">
        <time>2026-07-24T23:02:14Z</time>
      </trkpt>
      <trkpt lat="23.067653" lon="113.268557">
        <time>2026-07-24T23:02:19Z</time>
      </trkpt>
      <trkpt lat="23.067741" lon="113.268604">
        <time>2026-07-24T23:02:24Z</time>
      </trkpt>
      <trkpt lat="23.067879" lon="113.26865">
        <time>2026-07-24T23:02:29Z</time>
      </trkpt>
      <trkpt lat="23.06801" lon="113.268718">
        <time>2026-07-24T23:02:34Z</time>
      </trkpt>
      <trkpt lat="23.068091" lon="113.268752">
        <time>2026-07-24T23:02:39Z</time>
      </trkpt>
      <trkpt lat="23.068167" lon="113.268782">
        <time>2026-07-24T23:02:44Z</time>
      </trkpt>
      <trkpt lat="23.068292" lon="113.268837">
        <time>2026-07-24T23:02:49Z</time>
      </trkpt>
      <trkpt lat="23.068423" lon="113.268909">
        <time>2026-07-24T23:02:54Z</time>
      </trkpt>
      <trkpt lat="23.068512" lon="113.268956">
        <time>2026-07-24T23:02:59Z</time>
      </trkpt>
      <trkpt lat="23.068602" lon="113.268986">
        <time>2026-07-24T23:03:04Z</time>
      </trkpt>
      <trkpt lat="23.068733" lon="113.269031">
        <time>2026-07-24T23:03:09Z</time>
      </trkpt>
      <trkpt lat="23.068879" lon="113.269063">
        <time>2026-07-24T23:03:14Z</time>
      </trkpt>
      <trkpt lat="23.068962" lon="113.269054">
        <time>2026-07-24T23:03:19Z</time>
      </trkpt>
      <trkpt lat="23.068936" lon="113.269022">
        <time>2026-07-24T23:03:24Z</time>
      </trkpt>
      <trkpt lat="23.068817" lon="113.268957">
        <time>2026-07-24T23:03:29Z</time>
      </trkpt>
      <trkpt lat="23.068694" lon="113.268891">
        <time>2026-07-24T23:03:34Z</time>
      </trkpt>
      <trkpt lat="23.068607" lon="113.268839">
        <time>2026-07-24T23:03:39Z</time>
      </trkpt>
      <trkpt lat="23.068525" lon="113.26879">
        <time>2026-07-24T23:03:44Z</time>
      </trkpt>
      <trkpt lat="23.068396" lon="113.268718">
        <time>2026-07-24T23:03:49Z</time>
      </trkpt>
      <trkpt lat="23.068259" lon="113.268665">
        <time>2026-07-24T23:03:54Z</time>
      </trkpt>
      <trkpt lat="23.068162" lon="113.268629">
        <time>2026-07-24T23:03:59Z</time>
      </trkpt>
      <trkpt lat="23.068064" lon="113.268583">
        <time>2026-07-24T23:04:04Z</time>
      </trkpt>
      <trkpt lat="23.067907" lon="113.268509">
        <time>2026-07-24T23:04:09Z</time>
      </trkpt>
      <trkpt lat="23.067761" lon="113.268445">
        <time>2026-07-24T23:04:14Z</time>
      </trkpt>
      <trkpt lat="23.06767" lon="113.2684">
        <time>2026-07-24T23:04:19Z</time>
      </trkpt>
      <trkpt lat="23.067583" lon="113.268348">
        <time>2026-07-24T23:04:24Z</time>
      </trkpt>
      <trkpt lat="23.067451" lon="113.268281">
        <time>2026-07-24T23:04:29Z</time>
      </trkpt>
      <trkpt lat="23.067312" lon="113.268219">
        <time>2026-07-24T23:04:34Z</time>
      </trkpt>
      <trkpt lat="23.067228" lon="113.268186">
        <time>2026-07-24T23:04:39Z</time>
      </trkpt>
      <trkpt lat="23.067147" lon="113.268154">
        <time>2026-07-24T23:04:44Z</time>
      </trkpt>
      <trkpt lat="23.067018" lon="113.268096">
        <time>2026-07-24T23:04:49Z</time>
      </trkpt>
      <trkpt lat="23.066867" lon="113.268039">
        <time>2026-07-24T23:04:54Z</time>
      </trkpt>
      <trkpt lat="23.066762" lon="113.268011">
        <time>2026-07-24T23:04:59Z</time>
      </trkpt>
      <trkpt lat="23.066663" lon="113.268">
        <time>2026-07-24T23:05:04Z</time>
      </trkpt>
      <trkpt lat="23.066526" lon="113.267964">
        <time>2026-07-24T23:05:09Z</time>
      </trkpt>
      <trkpt lat="23.066383" lon="113.267939">
        <time>2026-07-24T23:05:14Z</time>
      </trkpt>
      <trkpt lat="23.066287" lon="113.267961">
        <time>2026-07-24T23:05:19Z</time>
      </trkpt>
      <trkpt lat="23.066201" lon="113.268011">
        <time>2026-07-24T23:05:24Z</time>
      </trkpt>
      <trkpt lat="23.066095" lon="113.268122">
        <time>2026-07-24T23:05:29Z</time>
      </trkpt>
      <trkpt lat="23.065997" lon="113.268242">
        <time>2026-07-24T23:05:34Z</time>
      </trkpt>
      <trkpt lat="23.065933" lon="113.268326">
        <time>2026-07-24T23:05:39Z</time>
      </trkpt>
      <trkpt lat="23.065875" lon="113.268416">
        <time>2026-07-24T23:05:44Z</time>
      </trkpt>
      <trkpt lat="23.065801" lon="113.268551">
        <time>2026-07-24T23:05:49Z</time>
      </trkpt>
      <trkpt lat="23.065733" lon="113.26869">
        <time>2026-07-24T23:05:54Z</time>
      </trkpt>
      <trkpt lat="23.065695" lon="113.268784">
        <time>2026-07-24T23:05:59Z</time>
      </trkpt>
      <trkpt lat="23.065658" lon="113.268882">
        <time>2026-07-24T23:06:04Z</time>
      </trkpt>
      <trkpt lat="23.065605" lon="113.269035">
        <time>2026-07-24T23:06:09Z</time>
      </trkpt>
      <trkpt lat="23.065562" lon="113.269186">
        <time>2026-07-24T23:06:14Z</time>
      </trkpt>
      <trkpt lat="23.065539" lon="113.269292">
        <time>2026-07-24T23:06:19Z</time>
      </trkpt>
      <trkpt lat="23.065509" lon="113.269397">
        <time>2026-07-24T23:06:24Z</time>
      </trkpt>
      <trkpt lat="23.065471" lon="113.269551">
        <time>2026-07-24T23:06:29Z</time>
      </trkpt>
      <trkpt lat="23.06544" lon="113.2697">
        <time>2026-07-24T23:06:34Z</time>
      </trkpt>
      <trkpt lat="23.065413" lon="113.269802">
        <time>2026-07-24T23:06:39Z</time>
      </trkpt>
      <trkpt lat="23.06538" lon="113.269897">
        <time>2026-07-24T23:06:44Z</time>
      </trkpt>
      <trkpt lat="23.065328" lon="113.270037">
        <time>2026-07-24T23:06:49Z</time>
      </trkpt>
      <trkpt lat="23.065271" lon="113.270182">
        <time>2026-07-24T23:06:54Z</time>
      </trkpt>
      <trkpt lat="23.065225" lon="113.270282">
        <time>2026-07-24T23:06:59Z</time>
      </trkpt>
      <trkpt lat="23.06518" lon="113.270379">
        <time>2026-07-24T23:07:04Z</time>
      </trkpt>
      <trkpt lat="23.06511" lon="113.270526">
        <time>2026-07-24T23:07:09Z</time>
      </trkpt>
      <trkpt lat="23.065039" lon="113.270675">
        <time>2026-07-24T23:07:14Z</time>
      </trkpt>
      <trkpt lat="23.064994" lon="113.27077">
        <time>2026-07-24T23:07:19Z</time>
      </trkpt>
      <trkpt lat="23.064951" lon="113.27086">
        <time>2026-07-24T23:07:24Z</time>
      </trkpt>
      <trkpt lat="23.064887" lon="113.270998">
        <time>2026-07-24T23:07:29Z</time>
      </trkpt>
      <trkpt lat="23.064829" lon="113.27114">
        <time>2026-07-24T23:07:34Z</time>
      </trkpt>
      <trkpt lat="23.064783" lon="113.271233">
        <time>2026-07-24T23:07:39Z</time>
      </trkpt>
      <trkpt lat="23.064743" lon="113.271326">
        <time>2026-07-24T23:07:44Z</time>
      </trkpt>
      <trkpt lat="23.06468" lon="113.271461">
        <time>2026-07-24T23:07:49Z</time>
      </trkpt>
      <trkpt lat="23.06461" lon="113.271599">
        <time>2026-07-24T23:07:54Z</time>
      </trkpt>
      <trkpt lat="23.064565" lon="113.271693">
        <time>2026-07-24T23:07:59Z</time>
      </trkpt>
      <trkpt lat="23.064522" lon="113.271792">
        <time>2026-07-24T23:08:04Z</time>
      </trkpt>
      <trkpt lat="23.06446" lon="113.271939">
        <time>2026-07-24T23:08:09Z</time>
      </trkpt>
      <trkpt lat="23.064391" lon="113.27209">
        <time>2026-07-24T23:08:14Z</time>
      </trkpt>
      <trkpt lat="23.064349" lon="113.272189">
        <time>2026-07-24T23:08:19Z</time>
      </trkpt>
      <trkpt lat="23.064331" lon="113.272295">
        <time>2026-07-24T23:08:24Z</time>
      </trkpt>
      <trkpt lat="23.064319" lon="113.27245">
        <time>2026-07-24T23:08:29Z</time>
      </trkpt>
      <trkpt lat="23.064322" lon="113.272607">
        <time>2026-07-24T23:08:34Z</time>
      </trkpt>
      <trkpt lat="23.064341" lon="113.272709">
        <time>2026-07-24T23:08:39Z</time>
      </trkpt>
      <trkpt lat="23.064372" lon="113.272804">
        <time>2026-07-24T23:08:44Z</time>
      </trkpt>
      <trkpt lat="23.064417" lon="113.272944">
        <time>2026-07-24T23:08:49Z</time>
      </trkpt>
      <trkpt lat="23.064461" lon="113.273091">
        <time>2026-07-24T23:08:54Z</time>
      </trkpt>
      <trkpt lat="23.06447" lon="113.27319">
        <time>2026-07-24T23:08:59Z</time>
      </trkpt>
      <trkpt lat="23.064444" lon="113.273281">
        <time>2026-07-24T23:09:04Z</time>
      </trkpt>
      <trkpt lat="23.064341" lon="113.273387">
        <time>2026-07-24T23:09:09Z</time>
      </trkpt>
      <trkpt lat="23.064215" lon="113.273472">
        <time>2026-07-24T23:09:14Z</time>
      </trkpt>
      <trkpt lat="23.064131" lon="113.27353">
        <time>2026-07-24T23:09:19Z</time>
      </trkpt>
      <trkpt lat="23.064049" lon="113.273591">
        <time>2026-07-24T23:09:24Z</time>
      </trkpt>
      <trkpt lat="23.063934" lon="113.2737">
        <time>2026-07-24T23:09:29Z</time>
      </trkpt>
      <trkpt lat="23.063844" lon="113.273834">
        <time>2026-07-24T23:09:34Z</time>
      </trkpt>
      <trkpt lat="23.063794" lon="113.273928">
        <time>2026-07-24T23:09:39Z</time>
      </trkpt>
      <trkpt lat="23.063743" lon="113.274017">
        <time>2026-07-24T23:09:44Z</time>
      </trkpt>
      <trkpt lat="23.063645" lon="113.274122">
        <time>2026-07-24T23:09:49Z</time>
      </trkpt>
      <trkpt lat="23.063543" lon="113.27422">
        <time>2026-07-24T23:09:54Z</time>
      </trkpt>
      <trkpt lat="23.063491" lon="113.274316">
        <time>2026-07-24T23:09:59Z</time>
      </trkpt>
      <trkpt lat="23.063446" lon="113.274422">
        <time>2026-07-24T23:10:04Z</time>
      </trkpt>
      <trkpt lat="23.06339" lon="113.274588">
        <time>2026-07-24T23:10:09Z</time>
      </trkpt>
      <trkpt lat="23.063324" lon="113.274749">
        <time>2026-07-24T23:10:14Z</time>
      </trkpt>
      <trkpt lat="23.063291" lon="113.274855">
        <time>2026-07-24T23:10:19Z</time>
      </trkpt>
      <trkpt lat="23.063259" lon="113.274961">
        <time>2026-07-24T23:10:24Z</time>
      </trkpt>
      <trkpt lat="23.063196" lon="113.275107">
        <time>2026-07-24T23:10:29Z</time>
      </trkpt>
      <trkpt lat="23.063121" lon="113.275246">
        <time>2026-07-24T23:10:34Z</time>
      </trkpt>
      <trkpt lat="23.063067" lon="113.275336">
        <time>2026-07-24T23:10:39Z</time>
      </trkpt>
      <trkpt lat="23.063011" lon="113.275428">
        <time>2026-07-24T23:10:44Z</time>
      </trkpt>
      <trkpt lat="23.062918" lon="113.275559">
        <time>2026-07-24T23:10:49Z</time>
      </trkpt>
      <trkpt lat="23.062809" lon="113.275676">
        <time>2026-07-24T23:10:54Z</time>
      </trkpt>
      <trkpt lat="23.062731" lon="113.27575">
        <time>2026-07-24T23:10:59Z</time>
      </trkpt>
      <trkpt lat="23.062653" lon="113.275827">
        <time>2026-07-24T23:11:04Z</time>
      </trkpt>
      <trkpt lat="23.062554" lon="113.275958">
        <time>2026-07-24T23:11:09Z</time>
      </trkpt>
      <trkpt lat="23.062471" lon="113.276097">
        <time>2026-07-24T23:11:14Z</time>
      </trkpt>
      <trkpt lat="23.062422" lon="113.2762">
        <time>2026-07-24T23:11:19Z</time>
      </trkpt>
      <trkpt lat="23.062383" lon="113.2763">
        <time>2026-07-24T23:11:24Z</time>
      </trkpt>
      <trkpt lat="23.06233" lon="113.276449">
        <time>2026-07-24T23:11:29Z</time>
      </trkpt>
      <trkpt lat="23.062275" lon="113.276592">
        <time>2026-07-24T23:11:34Z</time>
      </trkpt>
      <trkpt lat="23.062243" lon="113.27669">
        <time>2026-07-24T23:11:39Z</time>
      </trkpt>
      <trkpt lat="23.062209" lon="113.276793">
        <time>2026-07-24T23:11:44Z</time>
      </trkpt>
      <trkpt lat="23.062154" lon="113.276948">
        <time>2026-07-24T23:11:49Z</time>
      </trkpt>
      <trkpt lat="23.062098" lon="113.277103">
        <time>2026-07-24T23:11:54Z</time>
      </trkpt>
      <trkpt lat="23.062055" lon="113.277209">
        <time>2026-07-24T23:11:59Z</time>
      </trkpt>
      <trkpt lat="23.06201" lon="113.277311">
        <time>2026-07-24T23:12:04Z</time>
      </trkpt>
      <trkpt lat="23.061954" lon="113.277463">
        <time>2026-07-24T23:12:09Z</time>
      </trkpt>
      <trkpt lat="23.061891" lon="113.277611">
        <time>2026-07-24T23:12:14Z</time>
      </trkpt>
      <trkpt lat="23.061855" lon="113.277711">
        <time>2026-07-24T23:12:19Z</time>
      </trkpt>
      <trkpt lat="23.061839" lon="113.27782">
        <time>2026-07-24T23:12:24Z</time>
      </trkpt>
      <trkpt lat="23.061832" lon="113.277984">
        <time>2026-07-24T23:12:29Z</time>
      </trkpt>
      <trkpt lat="23.061842" lon="113.278144">
        <time>2026-07-24T23:12:34Z</time>
      </trkpt>
      <trkpt lat="23.061845" lon="113.27825">
        <time>2026-07-24T23:12:39Z</time>
      </trkpt>
      <trkpt lat="23.061844" lon="113.278355">
        <time>2026-07-24T23:12:44Z</time>
      </trkpt>
      <trkpt lat="23.061853" lon="113.278509">
        <time>2026-07-24T23:12:49Z</time>
      </trkpt>
      <trkpt lat="23.061846" lon="113.278663">
        <time>2026-07-24T23:12:54Z</time>
      </trkpt>
      <trkpt lat="23.061819" lon="113.278748">
        <time>2026-07-24T23:12:59Z</time>
      </trkpt>
      <trkpt lat="23.061752" lon="113.278774">
        <time>2026-07-24T23:13:04Z</time>
      </trkpt>
      <trkpt lat="23.061683" lon="113.278881">
        <time>2026-07-24T23:13:09Z</time>
      </trkpt>
      <trkpt lat="23.061625" lon="113.279016">
        <time>2026-07-24T23:13:14Z</time>
      </trkpt>
      <trkpt lat="23.061592" lon="113.279102">
        <time>2026-07-24T23:13:19Z</time>
      </trkpt>
      <trkpt lat="23.061564" lon="113.279167">
        <time>2026-07-24T23:13:24Z</time>
      </trkpt>
      <trkpt lat="23.061578" lon="113.279181">
        <time>2026-07-24T23:13:29Z</time>
      </trkpt>
      <trkpt lat="23.061625" lon="113.27914">
        <time>2026-07-24T23:13:34Z</time>
      </trkpt>
      <trkpt lat="23.061638" lon="113.279107">
        <time>2026-07-24T23:13:39Z</time>
      </trkpt>
      <trkpt lat="23.061616" lon="113.279103">
        <time>2026-07-24T23:13:44Z</time>
      </trkpt>
      <trkpt lat="23.061584" lon="113.27915">
        <time>2026-07-24T23:13:49Z</time>
      </trkpt>
      <trkpt lat="23.061574" lon="113.279185">
        <time>2026-07-24T23:13:54Z</time>
      </trkpt>
      <trkpt lat="23.061541" lon="113.279299">
        <time>2026-07-24T23:13:59Z</time>
      </trkpt>
      <trkpt lat="23.0615" lon="113.279404">
        <time>2026-07-24T23:14:04Z</time>
      </trkpt>
      <trkpt lat="23.061448" lon="113.279507">
        <time>2026-07-24T23:14:09Z</time>
      </trkpt>
      <trkpt lat="23.061381" lon="113.279656">
        <time>2026-07-24T23:14:14Z</time>
      </trkpt>
      <trkpt lat="23.061321" lon="113.279804">
        <time>2026-07-24T23:14:19Z</time>
      </trkpt>
      <trkpt lat="23.061281" lon="113.279907">
        <time>2026-07-24T23:14:24Z</time>
      </trkpt>
      <trkpt lat="23.061236" lon="113.280011">
        <time>2026-07-24T23:14:29Z</time>
      </trkpt>
      <trkpt lat="23.061186" lon="113.280161">
        <time>2026-07-24T23:14:34Z</time>
      </trkpt>
      <trkpt lat="23.061124" lon="113.280314">
        <time>2026-07-24T23:14:39Z</time>
      </trkpt>
      <trkpt lat="23.061078" lon="113.280415">
        <time>2026-07-24T23:14:44Z</time>
      </trkpt>
      <trkpt lat="23.061037" lon="113.280519">
        <time>2026-07-24T23:14:49Z</time>
      </trkpt>
      <trkpt lat="23.060971" lon="113.280674">
        <time>2026-07-24T23:14:54Z</time>
      </trkpt>
      <trkpt lat="23.060895" lon="113.280827">
        <time>2026-07-24T23:14:59Z</time>
      </trkpt>
      <trkpt lat="23.060849" lon="113.280933">
        <time>2026-07-24T23:15:04Z</time>
      </trkpt>
      <trkpt lat="23.060806" lon="113.281035">
        <time>2026-07-24T23:15:09Z</time>
      </trkpt>
      <trkpt lat="23.060738" lon="113.281184">
        <time>2026-07-24T23:15:14Z</time>
      </trkpt>
      <trkpt lat="23.060676" lon="113.281331">
        <time>2026-07-24T23:15:19Z</time>
      </trkpt>
      <trkpt lat="23.060633" lon="113.28143">
        <time>2026-07-24T23:15:24Z</time>
      </trkpt>
      <trkpt lat="23.060588" lon="113.281529">
        <time>2026-07-24T23:15:29Z</time>
      </trkpt>
      <trkpt lat="23.060535" lon="113.281685">
        <time>2026-07-24T23:15:34Z</time>
      </trkpt>
      <trkpt lat="23.060467" lon="113.281834">
        <time>2026-07-24T23:15:39Z</time>
      </trkpt>
      <trkpt lat="23.060415" lon="113.281929">
        <time>2026-07-24T23:15:44Z</time>
      </trkpt>
      <trkpt lat="23.060372" lon="113.282024">
        <time>2026-07-24T23:15:49Z</time>
      </trkpt>
      <trkpt lat="23.060311" lon="113.282173">
        <time>2026-07-24T23:15:54Z</time>
      </trkpt>
      <trkpt lat="23.06025" lon="113.282324">
        <time>2026-07-24T23:15:59Z</time>
      </trkpt>
      <trkpt lat="23.060211" lon="113.28242">
        <time>2026-07-24T23:16:04Z</time>
      </trkpt>
      <trkpt lat="23.06017" lon="113.282516">
        <time>2026-07-24T23:16:09Z</time>
      </trkpt>
      <trkpt lat="23.060108" lon="113.282663">
        <time>2026-07-24T23:16:14Z</time>
      </trkpt>
      <trkpt lat="23.060033" lon="113.282796">
        <time>2026-07-24T23:16:19Z</time>
      </trkpt>
      <trkpt lat="23.060001" lon="113.282894">
        <time>2026-07-24T23:16:24Z</time>
      </trkpt>
      <trkpt lat="23.059967" lon="113.282994">
        <time>2026-07-24T23:16:29Z</time>
      </trkpt>
      <trkpt lat="23.059902" lon="113.283145">
        <time>2026-07-24T23:16:34Z</time>
      </trkpt>
      <trkpt lat="23.059838" lon="113.283293">
        <time>2026-07-24T23:16:39Z</time>
      </trkpt>
      <trkpt lat="23.059795" lon="113.283397">
        <time>2026-07-24T23:16:44Z</time>
      </trkpt>
      <trkpt lat="23.059754" lon="113.283498">
        <time>2026-07-24T23:16:49Z</time>
      </trkpt>
      <trkpt lat="23.059692" lon="113.283639">
        <time>2026-07-24T23:16:54Z</time>
      </trkpt>
      <trkpt lat="23.059618" lon="113.283778">
        <time>2026-07-24T23:16:59Z</time>
      </trkpt>
      <trkpt lat="23.059568" lon="113.283875">
        <time>2026-07-24T23:17:04Z</time>
      </trkpt>
      <trkpt lat="23.059529" lon="113.283971">
        <time>2026-07-24T23:17:09Z</time>
      </trkpt>
      <trkpt lat="23.059459" lon="113.284109">
        <time>2026-07-24T23:17:14Z</time>
      </trkpt>
      <trkpt lat="23.059385" lon="113.284243">
        <time>2026-07-24T23:17:19Z</time>
      </trkpt>
      <trkpt lat="23.059346" lon="113.284334">
        <time>2026-07-24T23:17:24Z</time>
      </trkpt>
      <trkpt lat="23.059317" lon="113.28443">
        <time>2026-07-24T23:17:29Z</time>
      </trkpt>
      <trkpt lat="23.059291" lon="113.28459">
        <time>2026-07-24T23:17:34Z</time>
      </trkpt>
      <trkpt lat="23.059235" lon="113.284747">
        <time>2026-07-24T23:17:39Z</time>
      </trkpt>
      <trkpt lat="23.059191" lon="113.28485">
        <time>2026-07-24T23:17:44Z</time>
      </trkpt>
      <trkpt lat="23.059149" lon="113.284943">
        <time>2026-07-24T23:17:49Z</time>
      </trkpt>
      <trkpt lat="23.059093" lon="113.285084">
        <time>2026-07-24T23:17:54Z</time>
      </trkpt>
      <trkpt lat="23.059037" lon="113.285218">
        <time>2026-07-24T23:17:59Z</time>
      </trkpt>
      <trkpt lat="23.058999" lon="113.285316">
        <time>2026-07-24T23:18:04Z</time>
      </trkpt>
      <trkpt lat="23.058957" lon="113.285416">
        <time>2026-07-24T23:18:09Z</time>
      </trkpt>
      <trkpt lat="23.058897" lon="113.285568">
        <time>2026-07-24T23:18:14Z</time>
      </trkpt>
      <trkpt lat="23.058832" lon="113.285715">
        <time>2026-07-24T23:18:19Z</time>
      </trkpt>
      <trkpt lat="23.058792" lon="113.285811">
        <time>2026-07-24T23:18:24Z</time>
      </trkpt>
      <trkpt lat="23.058751" lon="113.285908">
        <time>2026-07-24T23:18:29Z</time>
      </trkpt>
      <trkpt lat="23.058686" lon="113.286054">
        <time>2026-07-24T23:18:34Z</time>
      </trkpt>
      <trkpt lat="23.058655" lon="113.286215">
        <time>2026-07-24T23:18:39Z</time>
      </trkpt>
      <trkpt lat="23.058698" lon="113.286308">
        <time>2026-07-24T23:18:44Z</time>
      </trkpt>
      <trkpt lat="23.058784" lon="113.286354">
        <time>2026-07-24T23:18:49Z</time>
      </trkpt>
      <trkpt lat="23.058936" lon="113.286373">
        <time>2026-07-24T23:18:54Z</time>
      </trkpt>
      <trkpt lat="23.059075" lon="113.286394">
        <time>2026-07-24T23:18:59Z</time>
      </trkpt>
      <trkpt lat="23.059172" lon="113.286405">
        <time>2026-07-24T23:19:04Z</time>
      </trkpt>
      <trkpt lat="23.059274" lon="113.286416">
        <time>2026-07-24T23:19:09Z</time>
      </trkpt>
      <trkpt lat="23.059415" lon="113.286436">
        <time>2026-07-24T23:19:14Z</time>
      </trkpt>
      <trkpt lat="23.059555" lon="113.286445">
        <time>2026-07-24T23:19:19Z</time>
      </trkpt>
      <trkpt lat="23.059652" lon="113.286449">
        <time>2026-07-24T23:19:24Z</time>
      </trkpt>
      <trkpt lat="23.059747" lon="113.286453">
        <time>2026-07-24T23:19:29Z</time>
      </trkpt>
      <trkpt lat="23.059885" lon="113.286458">
        <time>2026-07-24T23:19:34Z</time>
      </trkpt>
      <trkpt lat="23.060028" lon="113.286474">
        <time>2026-07-24T23:19:39Z</time>
      </trkpt>
      <trkpt lat="23.060103" lon="113.286537">
        <time>2026-07-24T23:19:44Z</time>
      </trkpt>
      <trkpt lat="23.060148" lon="113.286618">
        <time>2026-07-24T23:19:49Z</time>
      </trkpt>
      <trkpt lat="23.060187" lon="113.286762">
        <time>2026-07-24T23:19:54Z</time>
      </trkpt>
      <trkpt lat="23.060207" lon="113.286929">
        <time>2026-07-24T23:19:59Z</time>
      </trkpt>
      <trkpt lat="23.06023" lon="113.28704">
        <time>2026-07-24T23:20:04Z</time>
      </trkpt>
      <trkpt lat="23.060263" lon="113.287154">
        <time>2026-07-24T23:20:09Z</time>
      </trkpt>
      <trkpt lat="23.060278" lon="113.287336">
        <time>2026-07-24T23:20:14Z</time>
      </trkpt>
      <trkpt lat="23.060293" lon="113.28753">
        <time>2026-07-24T23:20:19Z</time>
      </trkpt>
      <trkpt lat="23.060298" lon="113.287641">
        <time>2026-07-24T23:20:24Z</time>
      </trkpt>
      <trkpt lat="23.060278" lon="113.287752">
        <time>2026-07-24T23:20:29Z</time>
      </trkpt>
      <trkpt lat="23.060213" lon="113.287916">
        <time>2026-07-24T23:20:34Z</time>
      </trkpt>
      <trkpt lat="23.060292" lon="113.287902">
        <time>2026-07-24T23:20:39Z</time>
      </trkpt>
      <trkpt lat="23.060287" lon="113.287805">
        <time>2026-07-24T23:20:44Z</time>
      </trkpt>
      <trkpt lat="23.060271" lon="113.287702">
        <time>2026-07-24T23:20:49Z</time>
      </trkpt>
      <trkpt lat="23.060257" lon="113.287534">
        <time>2026-07-24T23:20:54Z</time>
      </trkpt>
      <trkpt lat="23.060227" lon="113.287372">
        <time>2026-07-24T23:20:59Z</time>
      </trkpt>
      <trkpt lat="23.060199" lon="113.287251">
        <time>2026-07-24T23:21:04Z</time>
      </trkpt>
      <trkpt lat="23.060157" lon="113.28713">
        <time>2026-07-24T23:21:09Z</time>
      </trkpt>
      <trkpt lat="23.06013" lon="113.286936">
        <time>2026-07-24T23:21:14Z</time>
      </trkpt>
      <trkpt lat="23.060173" lon="113.286745">
        <time>2026-07-24T23:21:19Z</time>
      </trkpt>
      <trkpt lat="23.06019" lon="113.286622">
        <time>2026-07-24T23:21:24Z</time>
      </trkpt>
      <trkpt lat="23.060219" lon="113.286527">
        <time>2026-07-24T23:21:29Z</time>
      </trkpt>
      <trkpt lat="23.060332" lon="113.286436">
        <time>2026-07-24T23:21:34Z</time>
      </trkpt>
      <trkpt lat="23.060459" lon="113.286352">
        <time>2026-07-24T23:21:39Z</time>
      </trkpt>
      <trkpt lat="23.060486" lon="113.286258">
        <time>2026-07-24T23:21:44Z</time>
      </trkpt>
      <trkpt lat="23.0605" lon="113.286148">
        <time>2026-07-24T23:21:49Z</time>
      </trkpt>
      <trkpt lat="23.060493" lon="113.285991">
        <time>2026-07-24T23:21:54Z</time>
      </trkpt>
      <trkpt lat="23.060501" lon="113.285826">
        <time>2026-07-24T23:21:59Z</time>
      </trkpt>
      <trkpt lat="23.060502" lon="113.285728">
        <time>2026-07-24T23:22:04Z</time>
      </trkpt>
      <trkpt lat="23.060505" lon="113.285631">
        <time>2026-07-24T23:22:09Z</time>
      </trkpt>
      <trkpt lat="23.060521" lon="113.285487">
        <time>2026-07-24T23:22:14Z</time>
      </trkpt>
      <trkpt lat="23.060562" lon="113.28535">
        <time>2026-07-24T23:22:19Z</time>
      </trkpt>
      <trkpt lat="23.060578" lon="113.285242">
        <time>2026-07-24T23:22:24Z</time>
      </trkpt>
      <trkpt lat="23.060596" lon="113.285135">
        <time>2026-07-24T23:22:29Z</time>
      </trkpt>
      <trkpt lat="23.060614" lon="113.284965">
        <time>2026-07-24T23:22:34Z</time>
      </trkpt>
      <trkpt lat="23.060626" lon="113.284807">
        <time>2026-07-24T23:22:39Z</time>
      </trkpt>
      <trkpt lat="23.060641" lon="113.284716">
        <time>2026-07-24T23:22:44Z</time>
      </trkpt>
      <trkpt lat="23.060662" lon="113.284624">
        <time>2026-07-24T23:22:49Z</time>
      </trkpt>
      <trkpt lat="23.060699" lon="113.284492">
        <time>2026-07-24T23:22:54Z</time>
      </trkpt>
      <trkpt lat="23.060753" lon="113.284372">
        <time>2026-07-24T23:22:59Z</time>
      </trkpt>
      <trkpt lat="23.060746" lon="113.284266">
        <time>2026-07-24T23:23:04Z</time>
      </trkpt>
      <trkpt lat="23.060737" lon="113.284162">
        <time>2026-07-24T23:23:09Z</time>
      </trkpt>
      <trkpt lat="23.060714" lon="113.284014">
        <time>2026-07-24T23:23:14Z</time>
      </trkpt>
      <trkpt lat="23.060704" lon="113.283898">
        <time>2026-07-24T23:23:19Z</time>
      </trkpt>
      <trkpt lat="23.060655" lon="113.283798">
        <time>2026-07-24T23:23:24Z</time>
      </trkpt>
      <trkpt lat="23.060556" lon="113.283715">
        <time>2026-07-24T23:23:29Z</time>
      </trkpt>
      <trkpt lat="23.060376" lon="113.283649">
        <time>2026-07-24T23:23:34Z</time>
      </trkpt>
      <trkpt lat="23.06021" lon="113.283593">
        <time>2026-07-24T23:23:39Z</time>
      </trkpt>
      <trkpt lat="23.060101" lon="113.283579">
        <time>2026-07-24T23:23:44Z</time>
      </trkpt>
      <trkpt lat="23.059994" lon="113.283565">
        <time>2026-07-24T23:23:49Z</time>
      </trkpt>
      <trkpt lat="23.059905" lon="113.283471">
        <time>2026-07-24T23:23:54Z</time>
      </trkpt>
      <trkpt lat="23.059942" lon="113.283322">
        <time>2026-07-24T23:23:59Z</time>
      </trkpt>
      <trkpt lat="23.059998" lon="113.28323">
        <time>2026-07-24T23:24:04Z</time>
      </trkpt>
      <trkpt lat="23.060052" lon="113.283146">
        <time>2026-07-24T23:24:09Z</time>
      </trkpt>
      <trkpt lat="23.060133" lon="113.283011">
        <time>2026-07-24T23:24:14Z</time>
      </trkpt>
      <trkpt lat="23.060197" lon="113.282878">
        <time>2026-07-24T23:24:19Z</time>
      </trkpt>
      <trkpt lat="23.06024" lon="113.282775">
        <time>2026-07-24T23:24:24Z</time>
      </trkpt>
      <trkpt lat="23.060277" lon="113.282671">
        <time>2026-07-24T23:24:29Z</time>
      </trkpt>
      <trkpt lat="23.060338" lon="113.282519">
        <time>2026-07-24T23:24:34Z</time>
      </trkpt>
      <trkpt lat="23.060399" lon="113.282361">
        <time>2026-07-24T23:24:39Z</time>
      </trkpt>
      <trkpt lat="23.060439" lon="113.28226">
        <time>2026-07-24T23:24:44Z</time>
      </trkpt>
      <trkpt lat="23.060476" lon="113.282159">
        <time>2026-07-24T23:24:49Z</time>
      </trkpt>
      <trkpt lat="23.060537" lon="113.282014">
        <time>2026-07-24T23:24:54Z</time>
      </trkpt>
      <trkpt lat="23.0606" lon="113.28186">
        <time>2026-07-24T23:24:59Z</time>
      </trkpt>
      <trkpt lat="23.060647" lon="113.281755">
        <time>2026-07-24T23:25:04Z</time>
      </trkpt>
      <trkpt lat="23.060692" lon="113.28166">
        <time>2026-07-24T23:25:09Z</time>
      </trkpt>
      <trkpt lat="23.060757" lon="113.281525">
        <time>2026-07-24T23:25:14Z</time>
      </trkpt>
      <trkpt lat="23.060818" lon="113.281376">
        <time>2026-07-24T23:25:19Z</time>
      </trkpt>
      <trkpt lat="23.060863" lon="113.281274">
        <time>2026-07-24T23:25:24Z</time>
      </trkpt>
      <trkpt lat="23.060902" lon="113.281174">
        <time>2026-07-24T23:25:29Z</time>
      </trkpt>
      <trkpt lat="23.060958" lon="113.281026">
        <time>2026-07-24T23:25:34Z</time>
      </trkpt>
      <trkpt lat="23.061015" lon="113.280878">
        <time>2026-07-24T23:25:39Z</time>
      </trkpt>
      <trkpt lat="23.061056" lon="113.280781">
        <time>2026-07-24T23:25:44Z</time>
      </trkpt>
      <trkpt lat="23.061097" lon="113.280679">
        <time>2026-07-24T23:25:49Z</time>
      </trkpt>
      <trkpt lat="23.061162" lon="113.280532">
        <time>2026-07-24T23:25:54Z</time>
      </trkpt>
      <trkpt lat="23.061228" lon="113.280387">
        <time>2026-07-24T23:25:59Z</time>
      </trkpt>
      <trkpt lat="23.061273" lon="113.280289">
        <time>2026-07-24T23:26:04Z</time>
      </trkpt>
      <trkpt lat="23.061324" lon="113.280201">
        <time>2026-07-24T23:26:09Z</time>
      </trkpt>
      <trkpt lat="23.061395" lon="113.280062">
        <time>2026-07-24T23:26:14Z</time>
      </trkpt>
      <trkpt lat="23.06145" lon="113.279921">
        <time>2026-07-24T23:26:19Z</time>
      </trkpt>
      <trkpt lat="23.061486" lon="113.279826">
        <time>2026-07-24T23:26:24Z</time>
      </trkpt>
      <trkpt lat="23.061524" lon="113.279733">
        <time>2026-07-24T23:26:29Z</time>
      </trkpt>
      <trkpt lat="23.061577" lon="113.279592">
        <time>2026-07-24T23:26:34Z</time>
      </trkpt>
      <trkpt lat="23.061631" lon="113.279446">
        <time>2026-07-24T23:26:39Z</time>
      </trkpt>
      <trkpt lat="23.06167" lon="113.279355">
        <time>2026-07-24T23:26:44Z</time>
      </trkpt>
      <trkpt lat="23.06171" lon="113.27926">
        <time>2026-07-24T23:26:49Z</time>
      </trkpt>
      <trkpt lat="23.061776" lon="113.279123">
        <time>2026-07-24T23:26:54Z</time>
      </trkpt>
      <trkpt lat="23.06186" lon="113.278987">
        <time>2026-07-24T23:26:59Z</time>
      </trkpt>
      <trkpt lat="23.061919" lon="113.278901">
        <time>2026-07-24T23:27:04Z</time>
      </trkpt>
      <trkpt lat="23.061964" lon="113.278806">
        <time>2026-07-24T23:27:09Z</time>
      </trkpt>
      <trkpt lat="23.061983" lon="113.278644">
        <time>2026-07-24T23:27:14Z</time>
      </trkpt>
      <trkpt lat="23.061971" lon="113.278483">
        <time>2026-07-24T23:27:19Z</time>
      </trkpt>
      <trkpt lat="23.061965" lon="113.278376">
        <time>2026-07-24T23:27:24Z</time>
      </trkpt>
      <trkpt lat="23.061961" lon="113.278266">
        <time>2026-07-24T23:27:29Z</time>
      </trkpt>
      <trkpt lat="23.061956" lon="113.2781">
        <time>2026-07-24T23:27:34Z</time>
      </trkpt>
      <trkpt lat="23.061942" lon="113.277934">
        <time>2026-07-24T23:27:39Z</time>
      </trkpt>
      <trkpt lat="23.061943" lon="113.277823">
        <time>2026-07-24T23:27:44Z</time>
      </trkpt>
      <trkpt lat="23.061961" lon="113.277716">
        <time>2026-07-24T23:27:49Z</time>
      </trkpt>
      <trkpt lat="23.062013" lon="113.277561">
        <time>2026-07-24T23:27:54Z</time>
      </trkpt>
      <trkpt lat="23.062078" lon="113.277406">
        <time>2026-07-24T23:27:59Z</time>
      </trkpt>
      <trkpt lat="23.062117" lon="113.277305">
        <time>2026-07-24T23:28:04Z</time>
      </trkpt>
      <trkpt lat="23.062152" lon="113.277207">
        <time>2026-07-24T23:28:09Z</time>
      </trkpt>
      <trkpt lat="23.062199" lon="113.277061">
        <time>2026-07-24T23:28:14Z</time>
      </trkpt>
      <trkpt lat="23.062255" lon="113.276916">
        <time>2026-07-24T23:28:19Z</time>
      </trkpt>
      <trkpt lat="23.062289" lon="113.276817">
        <time>2026-07-24T23:28:24Z</time>
      </trkpt>
      <trkpt lat="23.062325" lon="113.276717">
        <time>2026-07-24T23:28:29Z</time>
      </trkpt>
      <trkpt lat="23.062385" lon="113.276566">
        <time>2026-07-24T23:28:34Z</time>
      </trkpt>
      <trkpt lat="23.062443" lon="113.276415">
        <time>2026-07-24T23:28:39Z</time>
      </trkpt>
      <trkpt lat="23.062481" lon="113.276315">
        <time>2026-07-24T23:28:44Z</time>
      </trkpt>
      <trkpt lat="23.062523" lon="113.276218">
        <time>2026-07-24T23:28:49Z</time>
      </trkpt>
      <trkpt lat="23.062598" lon="113.276081">
        <time>2026-07-24T23:28:54Z</time>
      </trkpt>
      <trkpt lat="23.062677" lon="113.275953">
        <time>2026-07-24T23:28:59Z</time>
      </trkpt>
      <trkpt lat="23.062741" lon="113.275872">
        <time>2026-07-24T23:29:04Z</time>
      </trkpt>
      <trkpt lat="23.062814" lon="113.275794">
        <time>2026-07-24T23:29:09Z</time>
      </trkpt>
      <trkpt lat="23.062936" lon="113.275679">
        <time>2026-07-24T23:29:14Z</time>
      </trkpt>
      <trkpt lat="23.063042" lon="113.275557">
        <time>2026-07-24T23:29:19Z</time>
      </trkpt>
      <trkpt lat="23.063098" lon="113.275473">
        <time>2026-07-24T23:29:24Z</time>
      </trkpt>
      <trkpt lat="23.063148" lon="113.275386">
        <time>2026-07-24T23:29:29Z</time>
      </trkpt>
      <trkpt lat="23.063228" lon="113.275249">
        <time>2026-07-24T23:29:34Z</time>
      </trkpt>
      <trkpt lat="23.063307" lon="113.275112">
        <time>2026-07-24T23:29:39Z</time>
      </trkpt>
      <trkpt lat="23.063354" lon="113.275017">
        <time>2026-07-24T23:29:44Z</time>
      </trkpt>
      <trkpt lat="23.063388" lon="113.27492">
        <time>2026-07-24T23:29:49Z</time>
      </trkpt>
      <trkpt lat="23.063438" lon="113.274775">
        <time>2026-07-24T23:29:54Z</time>
      </trkpt>
      <trkpt lat="23.063487" lon="113.274636">
        <time>2026-07-24T23:29:59Z</time>
      </trkpt>
      <trkpt lat="23.063515" lon="113.274546">
        <time>2026-07-24T23:30:04Z</time>
      </trkpt>
      <trkpt lat="23.063555" lon="113.274446">
        <time>2026-07-24T23:30:09Z</time>
      </trkpt>
      <trkpt lat="23.063639" lon="113.274298">
        <time>2026-07-24T23:30:14Z</time>
      </trkpt>
      <trkpt lat="23.063748" lon="113.274188">
        <time>2026-07-24T23:30:19Z</time>
      </trkpt>
      <trkpt lat="23.06383" lon="113.274102">
        <time>2026-07-24T23:30:24Z</time>
      </trkpt>
      <trkpt lat="23.063892" lon="113.273999">
        <time>2026-07-24T23:30:29Z</time>
      </trkpt>
      <trkpt lat="23.063975" lon="113.273844">
        <time>2026-07-24T23:30:34Z</time>
      </trkpt>
      <trkpt lat="23.06408" lon="113.273711">
        <time>2026-07-24T23:30:39Z</time>
      </trkpt>
      <trkpt lat="23.064162" lon="113.273644">
        <time>2026-07-24T23:30:44Z</time>
      </trkpt>
      <trkpt lat="23.064243" lon="113.273583">
        <time>2026-07-24T23:30:49Z</time>
      </trkpt>
      <trkpt lat="23.064361" lon="113.273491">
        <time>2026-07-24T23:30:54Z</time>
      </trkpt>
      <trkpt lat="23.064473" lon="113.27339">
        <time>2026-07-24T23:30:59Z</time>
      </trkpt>
      <trkpt lat="23.064543" lon="113.273305">
        <time>2026-07-24T23:31:04Z</time>
      </trkpt>
      <trkpt lat="23.064588" lon="113.273204">
        <time>2026-07-24T23:31:09Z</time>
      </trkpt>
      <trkpt lat="23.064576" lon="113.273045">
        <time>2026-07-24T23:31:14Z</time>
      </trkpt>
      <trkpt lat="23.064518" lon="113.272891">
        <time>2026-07-24T23:31:19Z</time>
      </trkpt>
      <trkpt lat="23.064481" lon="113.272793">
        <time>2026-07-24T23:31:24Z</time>
      </trkpt>
      <trkpt lat="23.064451" lon="113.272695">
        <time>2026-07-24T23:31:29Z</time>
      </trkpt>
      <trkpt lat="23.064451" lon="113.272543">
        <time>2026-07-24T23:31:34Z</time>
      </trkpt>
      <trkpt lat="23.064531" lon="113.272418">
        <time>2026-07-24T23:31:39Z</time>
      </trkpt>
      <trkpt lat="23.064558" lon="113.272317">
        <time>2026-07-24T23:31:44Z</time>
      </trkpt>
      <trkpt lat="23.064577" lon="113.272211">
        <time>2026-07-24T23:31:49Z</time>
      </trkpt>
      <trkpt lat="23.064632" lon="113.272084">
        <time>2026-07-24T23:31:54Z</time>
      </trkpt>
      <trkpt lat="23.064684" lon="113.271949">
        <time>2026-07-24T23:31:59Z</time>
      </trkpt>
      <trkpt lat="23.06472" lon="113.271859">
        <time>2026-07-24T23:32:04Z</time>
      </trkpt>
      <trkpt lat="23.064762" lon="113.271767">
        <time>2026-07-24T23:32:09Z</time>
      </trkpt>
      <trkpt lat="23.064836" lon="113.271619">
        <time>2026-07-24T23:32:14Z</time>
      </trkpt>
      <trkpt lat="23.06491" lon="113.271474">
        <time>2026-07-24T23:32:19Z</time>
      </trkpt>
      <trkpt lat="23.064957" lon="113.271385">
        <time>2026-07-24T23:32:24Z</time>
      </trkpt>
      <trkpt lat="23.064999" lon="113.271299">
        <time>2026-07-24T23:32:29Z</time>
      </trkpt>
      <trkpt lat="23.065072" lon="113.271158">
        <time>2026-07-24T23:32:34Z</time>
      </trkpt>
      <trkpt lat="23.065138" lon="113.271003">
        <time>2026-07-24T23:32:39Z</time>
      </trkpt>
      <trkpt lat="23.065179" lon="113.270903">
        <time>2026-07-24T23:32:44Z</time>
      </trkpt>
      <trkpt lat="23.065221" lon="113.270809">
        <time>2026-07-24T23:32:49Z</time>
      </trkpt>
      <trkpt lat="23.065289" lon="113.270674">
        <time>2026-07-24T23:32:54Z</time>
      </trkpt>
      <trkpt lat="23.065349" lon="113.270532">
        <time>2026-07-24T23:32:59Z</time>
      </trkpt>
      <trkpt lat="23.065391" lon="113.270437">
        <time>2026-07-24T23:33:04Z</time>
      </trkpt>
      <trkpt lat="23.065434" lon="113.270343">
        <time>2026-07-24T23:33:09Z</time>
      </trkpt>
      <trkpt lat="23.065503" lon="113.2702">
        <time>2026-07-24T23:33:14Z</time>
      </trkpt>
      <trkpt lat="23.065559" lon="113.270056">
        <time>2026-07-24T23:33:19Z</time>
      </trkpt>
      <trkpt lat="23.065586" lon="113.269966">
        <time>2026-07-24T23:33:24Z</time>
      </trkpt>
      <trkpt lat="23.065607" lon="113.269867">
        <time>2026-07-24T23:33:29Z</time>
      </trkpt>
      <trkpt lat="23.065661" lon="113.269714">
        <time>2026-07-24T23:33:34Z</time>
      </trkpt>
      <trkpt lat="23.065721" lon="113.269553">
        <time>2026-07-24T23:33:39Z</time>
      </trkpt>
      <trkpt lat="23.065749" lon="113.269443">
        <time>2026-07-24T23:33:44Z</time>
      </trkpt>
      <trkpt lat="23.065772" lon="113.269328">
        <time>2026-07-24T23:33:49Z</time>
      </trkpt>
      <trkpt lat="23.065821" lon="113.269157">
        <time>2026-07-24T23:33:54Z</time>
      </trkpt>
      <trkpt lat="23.065878" lon="113.268999">
        <time>2026-07-24T23:33:59Z</time>
      </trkpt>
      <trkpt lat="23.065917" lon="113.268904">
        <time>2026-07-24T23:34:04Z</time>
      </trkpt>
      <trkpt lat="23.065964" lon="113.26881">
        <time>2026-07-24T23:34:09Z</time>
      </trkpt>
      <trkpt lat="23.06603" lon="113.268668">
        <time>2026-07-24T23:34:14Z</time>
      </trkpt>
      <trkpt lat="23.066102" lon="113.26853">
        <time>2026-07-24T23:34:19Z</time>
      </trkpt>
      <trkpt lat="23.066158" lon="113.268447">
        <time>2026-07-24T23:34:24Z</time>
      </trkpt>
      <trkpt lat="23.066215" lon="113.268359">
        <time>2026-07-24T23:34:29Z</time>
      </trkpt>
      <trkpt lat="23.066323" lon="113.26823">
        <time>2026-07-24T23:34:34Z</time>
      </trkpt>
      <trkpt lat="23.066454" lon="113.268153">
        <time>2026-07-24T23:34:39Z</time>
      </trkpt>
      <trkpt lat="23.066553" lon="113.268143">
        <time>2026-07-24T23:34:44Z</time>
      </trkpt>
      <trkpt lat="23.066651" lon="113.268161">
        <time>2026-07-24T23:34:49Z</time>
      </trkpt>
      <trkpt lat="23.066801" lon="113.268169">
        <time>2026-07-24T23:34:54Z</time>
      </trkpt>
      <trkpt lat="23.066959" lon="113.268165">
        <time>2026-07-24T23:34:59Z</time>
      </trkpt>
      <trkpt lat="23.067051" lon="113.268196">
        <time>2026-07-24T23:35:04Z</time>
      </trkpt>
      <trkpt lat="23.067128" lon="113.268248">
        <time>2026-07-24T23:35:09Z</time>
      </trkpt>
      <trkpt lat="23.067242" lon="113.268313">
        <time>2026-07-24T23:35:14Z</time>
      </trkpt>
      <trkpt lat="23.06735" lon="113.268382">
        <time>2026-07-24T23:35:19Z</time>
      </trkpt>
      <trkpt lat="23.067419" lon="113.268428">
        <time>2026-07-24T23:35:24Z</time>
      </trkpt>
      <trkpt lat="23.067502" lon="113.26848">
        <time>2026-07-24T23:35:29Z</time>
      </trkpt>
      <trkpt lat="23.067653" lon="113.268553">
        <time>2026-07-24T23:35:34Z</time>
      </trkpt>
      <trkpt lat="23.067799" lon="113.268614">
        <time>2026-07-24T23:35:39Z</time>
      </trkpt>
      <trkpt lat="23.06789" lon="113.268656">
        <time>2026-07-24T23:35:44Z</time>
      </trkpt>
      <trkpt lat="23.067984" lon="113.26867">
        <time>2026-07-24T23:35:49Z</time>
      </trkpt>
      <trkpt lat="23.068101" lon="113.268747">
        <time>2026-07-24T23:35:54Z</time>
      </trkpt>
      <trkpt lat="23.068236" lon="113.268813">
        <time>2026-07-24T23:35:59Z</time>
      </trkpt>
      <trkpt lat="23.068328" lon="113.268848">
        <time>2026-07-24T23:36:04Z</time>
      </trkpt>
      <trkpt lat="23.068415" lon="113.2689">
        <time>2026-07-24T23:36:09Z</time>
      </trkpt>
      <trkpt lat="23.068545" lon="113.268991">
        <time>2026-07-24T23:36:14Z</time>
      </trkpt>
      <trkpt lat="23.068674" lon="113.269067">
        <time>2026-07-24T23:36:19Z</time>
      </trkpt>
      <trkpt lat="23.068765" lon="113.269122">
        <time>2026-07-24T23:36:24Z</time>
      </trkpt>
      <trkpt lat="23.06885" lon="113.26918">
        <time>2026-07-24T23:36:29Z</time>
      </trkpt>
      <trkpt lat="23.068968" lon="113.269196">
        <time>2026-07-24T23:36:34Z</time>
      </trkpt>
      <trkpt lat="23.068915" lon="113.269059">
        <time>2026-07-24T23:36:39Z</time>
      </trkpt>
      <trkpt lat="23.068844" lon="113.268987">
        <time>2026-07-24T23:36:44Z</time>
      </trkpt>
      <trkpt lat="23.068765" lon="113.268917">
        <time>2026-07-24T23:36:49Z</time>
      </trkpt>
      <trkpt lat="23.068635" lon="113.268843">
        <time>2026-07-24T23:36:54Z</time>
      </trkpt>
      <trkpt lat="23.068501" lon="113.268797">
        <time>2026-07-24T23:36:59Z</time>
      </trkpt>
      <trkpt lat="23.068413" lon="113.268757">
        <time>2026-07-24T23:37:04Z</time>
      </trkpt>
      <trkpt lat="23.068323" lon="113.268713">
        <time>2026-07-24T23:37:09Z</time>
      </trkpt>
      <trkpt lat="23.068174" lon="113.268647">
        <time>2026-07-24T23:37:14Z</time>
      </trkpt>
      <trkpt lat="23.068027" lon="113.268567">
        <time>2026-07-24T23:37:19Z</time>
      </trkpt>
      <trkpt lat="23.06792" lon="113.268527">
        <time>2026-07-24T23:37:24Z</time>
      </trkpt>
      <trkpt lat="23.067819" lon="113.268485">
        <time>2026-07-24T23:37:29Z</time>
      </trkpt>
      <trkpt lat="23.067684" lon="113.26841">
        <time>2026-07-24T23:37:34Z</time>
      </trkpt>
      <trkpt lat="23.067547" lon="113.268332">
        <time>2026-07-24T23:37:39Z</time>
      </trkpt>
      <trkpt lat="23.067452" lon="113.268287">
        <time>2026-07-24T23:37:44Z</time>
      </trkpt>
      <trkpt lat="23.067366" lon="113.268248">
        <time>2026-07-24T23:37:49Z</time>
      </trkpt>
      <trkpt lat="23.067244" lon="113.268191">
        <time>2026-07-24T23:37:54Z</time>
      </trkpt>
      <trkpt lat="23.067123" lon="113.268142">
        <time>2026-07-24T23:37:59Z</time>
      </trkpt>
      <trkpt lat="23.06704" lon="113.26811">
        <time>2026-07-24T23:38:04Z</time>
      </trkpt>
      <trkpt lat="23.066952" lon="113.26808">
        <time>2026-07-24T23:38:09Z</time>
      </trkpt>
      <trkpt lat="23.066797" lon="113.268037">
        <time>2026-07-24T23:38:14Z</time>
      </trkpt>
      <trkpt lat="23.066641" lon="113.268032">
        <time>2026-07-24T23:38:19Z</time>
      </trkpt>
      <trkpt lat="23.066549" lon="113.267999">
        <time>2026-07-24T23:38:24Z</time>
      </trkpt>
      <trkpt lat="23.066456" lon="113.267961">
        <time>2026-07-24T23:38:29Z</time>
      </trkpt>
      <trkpt lat="23.066311" lon="113.267967">
        <time>2026-07-24T23:38:34Z</time>
      </trkpt>
      <trkpt lat="23.066187" lon="113.268053">
        <time>2026-07-24T23:38:39Z</time>
      </trkpt>
      <trkpt lat="23.066114" lon="113.268126">
        <time>2026-07-24T23:38:44Z</time>
      </trkpt>
      <trkpt lat="23.066043" lon="113.268204">
        <time>2026-07-24T23:38:49Z</time>
      </trkpt>
      <trkpt lat="23.065949" lon="113.268327">
        <time>2026-07-24T23:38:54Z</time>
      </trkpt>
      <trkpt lat="23.06586" lon="113.268454">
        <time>2026-07-24T23:38:59Z</time>
      </trkpt>
      <trkpt lat="23.065806" lon="113.26854">
        <time>2026-07-24T23:39:04Z</time>
      </trkpt>
      <trkpt lat="23.065761" lon="113.268627">
        <time>2026-07-24T23:39:09Z</time>
      </trkpt>
      <trkpt lat="23.065705" lon="113.268773">
        <time>2026-07-24T23:39:14Z</time>
      </trkpt>
      <trkpt lat="23.065648" lon="113.26892">
        <time>2026-07-24T23:39:19Z</time>
      </trkpt>
      <trkpt lat="23.065616" lon="113.269021">
        <time>2026-07-24T23:39:24Z</time>
      </trkpt>
      <trkpt lat="23.065583" lon="113.269124">
        <time>2026-07-24T23:39:29Z</time>
      </trkpt>
      <trkpt lat="23.065537" lon="113.269282">
        <time>2026-07-24T23:39:34Z</time>
      </trkpt>
      <trkpt lat="23.065499" lon="113.269437">
        <time>2026-07-24T23:39:39Z</time>
      </trkpt>
      <trkpt lat="23.065477" lon="113.269537">
        <time>2026-07-24T23:39:44Z</time>
      </trkpt>
      <trkpt lat="23.065453" lon="113.269639">
        <time>2026-07-24T23:39:49Z</time>
      </trkpt>
      <trkpt lat="23.065416" lon="113.269794">
        <time>2026-07-24T23:39:54Z</time>
      </trkpt>
      <trkpt lat="23.065362" lon="113.269946">
        <time>2026-07-24T23:39:59Z</time>
      </trkpt>
      <trkpt lat="23.065328" lon="113.270047">
        <time>2026-07-24T23:40:04Z</time>
      </trkpt>
      <trkpt lat="23.065291" lon="113.270145">
        <time>2026-07-24T23:40:09Z</time>
      </trkpt>
      <trkpt lat="23.065224" lon="113.270283">
        <time>2026-07-24T23:40:14Z</time>
      </trkpt>
      <trkpt lat="23.065161" lon="113.270424">
        <time>2026-07-24T23:40:19Z</time>
      </trkpt>
      <trkpt lat="23.065116" lon="113.270521">
        <time>2026-07-24T23:40:24Z</time>
      </trkpt>
      <trkpt lat="23.065072" lon="113.27062">
        <time>2026-07-24T23:40:29Z</time>
      </trkpt>
      <trkpt lat="23.065003" lon="113.270768">
        <time>2026-07-24T23:40:34Z</time>
      </trkpt>
      <trkpt lat="23.064941" lon="113.270912">
        <time>2026-07-24T23:40:39Z</time>
      </trkpt>
      <trkpt lat="23.064896" lon="113.271011">
        <time>2026-07-24T23:40:44Z</time>
      </trkpt>
      <trkpt lat="23.064848" lon="113.271105">
        <time>2026-07-24T23:40:49Z</time>
      </trkpt>
      <trkpt lat="23.064783" lon="113.27125">
        <time>2026-07-24T23:40:54Z</time>
      </trkpt>
      <trkpt lat="23.064719" lon="113.271392">
        <time>2026-07-24T23:40:59Z</time>
      </trkpt>
      <trkpt lat="23.064673" lon="113.271489">
        <time>2026-07-24T23:41:04Z</time>
      </trkpt>
      <trkpt lat="23.064623" lon="113.271589">
        <time>2026-07-24T23:41:09Z</time>
      </trkpt>
      <trkpt lat="23.064551" lon="113.271734">
        <time>2026-07-24T23:41:14Z</time>
      </trkpt>
      <trkpt lat="23.064486" lon="113.271875">
        <time>2026-07-24T23:41:19Z</time>
      </trkpt>
      <trkpt lat="23.064449" lon="113.271982">
        <time>2026-07-24T23:41:24Z</time>
      </trkpt>
      <trkpt lat="23.064401" lon="113.272085">
        <time>2026-07-24T23:41:29Z</time>
      </trkpt>
      <trkpt lat="23.064335" lon="113.272241">
        <time>2026-07-24T23:41:34Z</time>
      </trkpt>
      <trkpt lat="23.064316" lon="113.272404">
        <time>2026-07-24T23:41:39Z</time>
      </trkpt>
      <trkpt lat="23.064308" lon="113.272506">
        <time>2026-07-24T23:41:44Z</time>
      </trkpt>
      <trkpt lat="23.064312" lon="113.272611">
        <time>2026-07-24T23:41:49Z</time>
      </trkpt>
      <trkpt lat="23.064355" lon="113.272773">
        <time>2026-07-24T23:41:54Z</time>
      </trkpt>
      <trkpt lat="23.064408" lon="113.272932">
        <time>2026-07-24T23:41:59Z</time>
      </trkpt>
      <trkpt lat="23.06444" lon="113.273034">
        <time>2026-07-24T23:42:04Z</time>
      </trkpt>
      <trkpt lat="23.064464" lon="113.273129">
        <time>2026-07-24T23:42:09Z</time>
      </trkpt>
      <trkpt lat="23.064435" lon="113.273277">
        <time>2026-07-24T23:42:14Z</time>
      </trkpt>
      <trkpt lat="23.06433" lon="113.273387">
        <time>2026-07-24T23:42:19Z</time>
      </trkpt>
      <trkpt lat="23.064247" lon="113.273448">
        <time>2026-07-24T23:42:24Z</time>
      </trkpt>
      <trkpt lat="23.064163" lon="113.273509">
        <time>2026-07-24T23:42:29Z</time>
      </trkpt>
      <trkpt lat="23.064036" lon="113.273609">
        <time>2026-07-24T23:42:34Z</time>
      </trkpt>
      <trkpt lat="23.06392" lon="113.27372">
        <time>2026-07-24T23:42:39Z</time>
      </trkpt>
      <trkpt lat="23.06386" lon="113.273805">
        <time>2026-07-24T23:42:44Z</time>
      </trkpt>
      <trkpt lat="23.063812" lon="113.273893">
        <time>2026-07-24T23:42:49Z</time>
      </trkpt>
      <trkpt lat="23.063736" lon="113.274023">
        <time>2026-07-24T23:42:54Z</time>
      </trkpt>
      <trkpt lat="23.06363" lon="113.274124">
        <time>2026-07-24T23:42:59Z</time>
      </trkpt>
      <trkpt lat="23.063554" lon="113.274195">
        <time>2026-07-24T23:43:04Z</time>
      </trkpt>
      <trkpt lat="23.063507" lon="113.274304">
        <time>2026-07-24T23:43:09Z</time>
      </trkpt>
      <trkpt lat="23.063435" lon="113.274469">
        <time>2026-07-24T23:43:14Z</time>
      </trkpt>
      <trkpt lat="23.063377" lon="113.274629">
        <time>2026-07-24T23:43:19Z</time>
      </trkpt>
      <trkpt lat="23.063343" lon="113.274734">
        <time>2026-07-24T23:43:24Z</time>
      </trkpt>
      <trkpt lat="23.06331" lon="113.274839">
        <time>2026-07-24T23:43:29Z</time>
      </trkpt>
      <trkpt lat="23.063253" lon="113.275002">
        <time>2026-07-24T23:43:34Z</time>
      </trkpt>
      <trkpt lat="23.063174" lon="113.275151">
        <time>2026-07-24T23:43:39Z</time>
      </trkpt>
      <trkpt lat="23.063117" lon="113.275245">
        <time>2026-07-24T23:43:44Z</time>
      </trkpt>
      <trkpt lat="23.063066" lon="113.275341">
        <time>2026-07-24T23:43:49Z</time>
      </trkpt>
      <trkpt lat="23.062982" lon="113.275475">
        <time>2026-07-24T23:43:54Z</time>
      </trkpt>
      <trkpt lat="23.062887" lon="113.275597">
        <time>2026-07-24T23:43:59Z</time>
      </trkpt>
      <trkpt lat="23.062815" lon="113.275672">
        <time>2026-07-24T23:44:04Z</time>
      </trkpt>
      <trkpt lat="23.062735" lon="113.275747">
        <time>2026-07-24T23:44:09Z</time>
      </trkpt>
      <trkpt lat="23.062622" lon="113.275866">
        <time>2026-07-24T23:44:14Z</time>
      </trkpt>
      <trkpt lat="23.062532" lon="113.275998">
        <time>2026-07-24T23:44:19Z</time>
      </trkpt>
      <trkpt lat="23.062483" lon="113.276089">
        <time>2026-07-24T23:44:24Z</time>
      </trkpt>
      <trkpt lat="23.06244" lon="113.276185">
        <time>2026-07-24T23:44:29Z</time>
      </trkpt>
      <trkpt lat="23.06238" lon="113.276338">
        <time>2026-07-24T23:44:34Z</time>
      </trkpt>
      <trkpt lat="23.062322" lon="113.276495">
        <time>2026-07-24T23:44:39Z</time>
      </trkpt>
      <trkpt lat="23.062283" lon="113.276598">
        <time>2026-07-24T23:44:44Z</time>
      </trkpt>
      <trkpt lat="23.062248" lon="113.276697">
        <time>2026-07-24T23:44:49Z</time>
      </trkpt>
      <trkpt lat="23.062195" lon="113.276841">
        <time>2026-07-24T23:44:54Z</time>
      </trkpt>
      <trkpt lat="23.062134" lon="113.276986">
        <time>2026-07-24T23:44:59Z</time>
      </trkpt>
      <trkpt lat="23.062093" lon="113.277088">
        <time>2026-07-24T23:45:04Z</time>
      </trkpt>
      <trkpt lat="23.062052" lon="113.277198">
        <time>2026-07-24T23:45:09Z</time>
      </trkpt>
      <trkpt lat="23.061991" lon="113.27736">
        <time>2026-07-24T23:45:14Z</time>
      </trkpt>
      <trkpt lat="23.06194" lon="113.277515">
        <time>2026-07-24T23:45:19Z</time>
      </trkpt>
      <trkpt lat="23.061893" lon="113.277614">
        <time>2026-07-24T23:45:24Z</time>
      </trkpt>
      <trkpt lat="23.061851" lon="113.277718">
        <time>2026-07-24T23:45:29Z</time>
      </trkpt>
      <trkpt lat="23.06183" lon="113.277888">
        <time>2026-07-24T23:45:34Z</time>
      </trkpt>
      <trkpt lat="23.06183" lon="113.278045">
        <time>2026-07-24T23:45:39Z</time>
      </trkpt>
      <trkpt lat="23.061841" lon="113.278147">
        <time>2026-07-24T23:45:44Z</time>
      </trkpt>
      <trkpt lat="23.061848" lon="113.278248">
        <time>2026-07-24T23:45:49Z</time>
      </trkpt>
      <trkpt lat="23.061858" lon="113.278403">
        <time>2026-07-24T23:45:54Z</time>
      </trkpt>
      <trkpt lat="23.061865" lon="113.278557">
        <time>2026-07-24T23:45:59Z</time>
      </trkpt>
      <trkpt lat="23.06186" lon="113.27866">
        <time>2026-07-24T23:46:04Z</time>
      </trkpt>
      <trkpt lat="23.061841" lon="113.278749">
        <time>2026-07-24T23:46:09Z</time>
      </trkpt>
      <trkpt lat="23.061748" lon="113.278762">
        <time>2026-07-24T23:46:14Z</time>
      </trkpt>
      <trkpt lat="23.061677" lon="113.278885">
        <time>2026-07-24T23:46:19Z</time>
      </trkpt>
      <trkpt lat="23.061645" lon="113.278984">
        <time>2026-07-24T23:46:24Z</time>
      </trkpt>
      <trkpt lat="23.061616" lon="113.279066">
        <time>2026-07-24T23:46:29Z</time>
      </trkpt>
      <trkpt lat="23.06158" lon="113.279139">
        <time>2026-07-24T23:46:34Z</time>
      </trkpt>
      <trkpt lat="23.061561" lon="113.279165">
        <time>2026-07-24T23:46:39Z</time>
      </trkpt>
      <trkpt lat="23.061597" lon="113.279167">
        <time>2026-07-24T23:46:44Z</time>
      </trkpt>
      <trkpt lat="23.061613" lon="113.279145">
        <time>2026-07-24T23:46:49Z</time>
      </trkpt>
      <trkpt lat="23.061597" lon="113.279146">
        <time>2026-07-24T23:46:54Z</time>
      </trkpt>
      <trkpt lat="23.061566" lon="113.279168">
        <time>2026-07-24T23:46:59Z</time>
      </trkpt>
      <trkpt lat="23.061543" lon="113.279247">
        <time>2026-07-24T23:47:04Z</time>
      </trkpt>
      <trkpt lat="23.061505" lon="113.279346">
        <time>2026-07-24T23:47:09Z</time>
      </trkpt>
      <trkpt lat="23.061453" lon="113.27944">
        <time>2026-07-24T23:47:14Z</time>
      </trkpt>
      <trkpt lat="23.061398" lon="113.279594">
        <time>2026-07-24T23:47:19Z</time>
      </trkpt>
      <trkpt lat="23.061348" lon="113.279737">
        <time>2026-07-24T23:47:24Z</time>
      </trkpt>
      <trkpt lat="23.061311" lon="113.279836">
        <time>2026-07-24T23:47:29Z</time>
      </trkpt>
      <trkpt lat="23.061272" lon="113.279938">
        <time>2026-07-24T23:47:34Z</time>
      </trkpt>
      <trkpt lat="23.0612" lon="113.28009">
        <time>2026-07-24T23:47:39Z</time>
      </trkpt>
      <trkpt lat="23.061133" lon="113.280244">
        <time>2026-07-24T23:47:44Z</time>
      </trkpt>
      <trkpt lat="23.061091" lon="113.280349">
        <time>2026-07-24T23:47:49Z</time>
      </trkpt>
      <trkpt lat="23.061047" lon="113.280453">
        <time>2026-07-24T23:47:54Z</time>
      </trkpt>
      <trkpt lat="23.060992" lon="113.280608">
        <time>2026-07-24T23:47:59Z</time>
      </trkpt>
      <trkpt lat="23.060921" lon="113.280762">
        <time>2026-07-24T23:48:04Z</time>
      </trkpt>
      <trkpt lat="23.060873" lon="113.280864">
        <time>2026-07-24T23:48:09Z</time>
      </trkpt>
      <trkpt lat="23.060835" lon="113.280966">
        <time>2026-07-24T23:48:14Z</time>
      </trkpt>
      <trkpt lat="23.060776" lon="113.281107">
        <time>2026-07-24T23:48:19Z</time>
      </trkpt>
      <trkpt lat="23.06071" lon="113.281244">
        <time>2026-07-24T23:48:24Z</time>
      </trkpt>
      <trkpt lat="23.060671" lon="113.281343">
        <time>2026-07-24T23:48:29Z</time>
      </trkpt>
      <trkpt lat="23.060627" lon="113.281443">
        <time>2026-07-24T23:48:34Z</time>
      </trkpt>
      <trkpt lat="23.060558" lon="113.281593">
        <time>2026-07-24T23:48:39Z</time>
      </trkpt>
      <trkpt lat="23.060488" lon="113.281739">
        <time>2026-07-24T23:48:44Z</time>
      </trkpt>
      <trkpt lat="23.060449" lon="113.281847">
        <time>2026-07-24T23:48:49Z</time>
      </trkpt>
      <trkpt lat="23.06041" lon="113.281956">
        <time>2026-07-24T23:48:54Z</time>
      </trkpt>
      <trkpt lat="23.060348" lon="113.282107">
        <time>2026-07-24T23:48:59Z</time>
      </trkpt>
      <trkpt lat="23.060282" lon="113.282256">
        <time>2026-07-24T23:49:04Z</time>
      </trkpt>
      <trkpt lat="23.060242" lon="113.282355">
        <time>2026-07-24T23:49:09Z</time>
      </trkpt>
      <trkpt lat="23.060198" lon="113.28245">
        <time>2026-07-24T23:49:14Z</time>
      </trkpt>
      <trkpt lat="23.060133" lon="113.282585">
        <time>2026-07-24T23:49:19Z</time>
      </trkpt>
      <trkpt lat="23.060071" lon="113.282731">
        <time>2026-07-24T23:49:24Z</time>
      </trkpt>
      <trkpt lat="23.060033" lon="113.282828">
        <time>2026-07-24T23:49:29Z</time>
      </trkpt>
      <trkpt lat="23.059991" lon="113.282928">
        <time>2026-07-24T23:49:34Z</time>
      </trkpt>
      <trkpt lat="23.05992" lon="113.283092">
        <time>2026-07-24T23:49:39Z</time>
      </trkpt>
      <trkpt lat="23.059844" lon="113.283257">
        <time>2026-07-24T23:49:44Z</time>
      </trkpt>
      <trkpt lat="23.059796" lon="113.283364">
        <time>2026-07-24T23:49:49Z</time>
      </trkpt>
      <trkpt lat="23.059749" lon="113.283468">
        <time>2026-07-24T23:49:54Z</time>
      </trkpt>
      <trkpt lat="23.059675" lon="113.283618">
        <time>2026-07-24T23:49:59Z</time>
      </trkpt>
      <trkpt lat="23.059618" lon="113.283773">
        <time>2026-07-24T23:50:04Z</time>
      </trkpt>
      <trkpt lat="23.059575" lon="113.283876">
        <time>2026-07-24T23:50:09Z</time>
      </trkpt>
      <trkpt lat="23.059531" lon="113.283976">
        <time>2026-07-24T23:50:14Z</time>
      </trkpt>
      <trkpt lat="23.059447" lon="113.284125">
        <time>2026-07-24T23:50:19Z</time>
      </trkpt>
      <trkpt lat="23.059381" lon="113.284286">
        <time>2026-07-24T23:50:24Z</time>
      </trkpt>
      <trkpt lat="23.059346" lon="113.284393">
        <time>2026-07-24T23:50:29Z</time>
      </trkpt>
      <trkpt lat="23.05932" lon="113.284505">
        <time>2026-07-24T23:50:34Z</time>
      </trkpt>
      <trkpt lat="23.059268" lon="113.284655">
        <time>2026-07-24T23:50:39Z</time>
      </trkpt>
      <trkpt lat="23.059213" lon="113.284806">
        <time>2026-07-24T23:50:44Z</time>
      </trkpt>
      <trkpt lat="23.05917" lon="113.284899">
        <time>2026-07-24T23:50:49Z</time>
      </trkpt>
      <trkpt lat="23.059124" lon="113.284994">
        <time>2026-07-24T23:50:54Z</time>
      </trkpt>
      <trkpt lat="23.059069" lon="113.285145">
        <time>2026-07-24T23:50:59Z</time>
      </trkpt>
      <trkpt lat="23.059006" lon="113.285298">
        <time>2026-07-24T23:51:04Z</time>
      </trkpt>
      <trkpt lat="23.058956" lon="113.285401">
        <time>2026-07-24T23:51:09Z</time>
      </trkpt>
      <trkpt lat="23.058909" lon="113.285501">
        <time>2026-07-24T23:51:14Z</time>
      </trkpt>
      <trkpt lat="23.058847" lon="113.285652">
        <time>2026-07-24T23:51:19Z</time>
      </trkpt>
      <trkpt lat="23.058786" lon="113.285805">
        <time>2026-07-24T23:51:24Z</time>
      </trkpt>
      <trkpt lat="23.058746" lon="113.285905">
        <time>2026-07-24T23:51:29Z</time>
      </trkpt>
      <trkpt lat="23.058702" lon="113.286002">
        <time>2026-07-24T23:51:34Z</time>
      </trkpt>
      <trkpt lat="23.058647" lon="113.286151">
        <time>2026-07-24T23:51:39Z</time>
      </trkpt>
      <trkpt lat="23.058694" lon="113.286298">
        <time>2026-07-24T23:51:44Z</time>
      </trkpt>
      <trkpt lat="23.058786" lon="113.286347">
        <time>2026-07-24T23:51:49Z</time>
      </trkpt>
      <trkpt lat="23.058894" lon="113.286359">
        <time>2026-07-24T23:51:54Z</time>
      </trkpt>
      <trkpt lat="23.059051" lon="113.286383">
        <time>2026-07-24T23:51:59Z</time>
      </trkpt>
      <trkpt lat="23.059195" lon="113.286405">
        <time>2026-07-24T23:52:04Z</time>
      </trkpt>
      <trkpt lat="23.059289" lon="113.286414">
        <time>2026-07-24T23:52:09Z</time>
      </trkpt>
      <trkpt lat="23.059381" lon="113.286426">
        <time>2026-07-24T23:52:14Z</time>
      </trkpt>
      <trkpt lat="23.059515" lon="113.286454">
        <time>2026-07-24T23:52:19Z</time>
      </trkpt>
      <trkpt lat="23.059652" lon="113.286462">
        <time>2026-07-24T23:52:24Z</time>
      </trkpt>
      <trkpt lat="23.059737" lon="113.286473">
        <time>2026-07-24T23:52:29Z</time>
      </trkpt>
      <trkpt lat="23.059817" lon="113.286485">
        <time>2026-07-24T23:52:34Z</time>
      </trkpt>
      <trkpt lat="23.059954" lon="113.28649">
        <time>2026-07-24T23:52:39Z</time>
      </trkpt>
      <trkpt lat="23.060074" lon="113.286529">
        <time>2026-07-24T23:52:44Z</time>
      </trkpt>
      <trkpt lat="23.060111" lon="113.28663">
        <time>2026-07-24T23:52:49Z</time>
      </trkpt>
      <trkpt lat="23.060126" lon="113.286748">
        <time>2026-07-24T23:52:54Z</time>
      </trkpt>
      <trkpt lat="23.060136" lon="113.28693">
        <time>2026-07-24T23:52:59Z</time>
      </trkpt>
      <trkpt lat="23.060146" lon="113.287091">
        <time>2026-07-24T23:53:04Z</time>
      </trkpt>
      <trkpt lat="23.060151" lon="113.28719">
        <time>2026-07-24T23:53:09Z</time>
      </trkpt>
      <trkpt lat="23.060143" lon="113.287283">
        <time>2026-07-24T23:53:14Z</time>
      </trkpt>
      <trkpt lat="23.060175" lon="113.287413">
        <time>2026-07-24T23:53:19Z</time>
      </trkpt>
      <trkpt lat="23.06021" lon="113.287547">
        <time>2026-07-24T23:53:24Z</time>
      </trkpt>
      <trkpt lat="23.060227" lon="113.287642">
        <time>2026-07-24T23:53:29Z</time>
      </trkpt>
      <trkpt lat="23.060214" lon="113.287739">
        <time>2026-07-24T23:53:34Z</time>
      </trkpt>
      <trkpt lat="23.060228" lon="113.287907">
        <time>2026-07-24T23:53:39Z</time>
      </trkpt>
      <trkpt lat="23.060298" lon="113.287834">
        <time>2026-07-24T23:53:44Z</time>
      </trkpt>
      <trkpt lat="23.060293" lon="113.287723">
        <time>2026-07-24T23:53:49Z</time>
      </trkpt>
      <trkpt lat="23.060276" lon="113.287618">
        <time>2026-07-24T23:53:54Z</time>
      </trkpt>
      <trkpt lat="23.060242" lon="113.28746">
        <time>2026-07-24T23:53:59Z</time>
      </trkpt>
      <trkpt lat="23.060222" lon="113.287306">
        <time>2026-07-24T23:54:04Z</time>
      </trkpt>
      <trkpt lat="23.06022" lon="113.287209">
        <time>2026-07-24T23:54:09Z</time>
      </trkpt>
      <trkpt lat="23.060203" lon="113.287116">
        <time>2026-07-24T23:54:14Z</time>
      </trkpt>
      <trkpt lat="23.060146" lon="113.286969">
        <time>2026-07-24T23:54:19Z</time>
      </trkpt>
      <trkpt lat="23.060153" lon="113.286794">
        <time>2026-07-24T23:54:24Z</time>
      </trkpt>
      <trkpt lat="23.06019" lon="113.286681">
        <time>2026-07-24T23:54:29Z</time>
      </trkpt>
      <trkpt lat="23.06019" lon="113.286594">
        <time>2026-07-24T23:54:34Z</time>
      </trkpt>
      <trkpt lat="23.060217" lon="113.286506">
        <time>2026-07-24T23:54:39Z</time>
      </trkpt>
      <trkpt lat="23.060326" lon="113.286415">
        <time>2026-07-24T23:54:44Z</time>
      </trkpt>
      <trkpt lat="23.060423" lon="113.286343">
        <time>2026-07-24T23:54:49Z</time>
      </trkpt>
      <trkpt lat="23.060474" lon="113.286264">
        <time>2026-07-24T23:54:54Z</time>
      </trkpt>
      <trkpt lat="23.060497" lon="113.286151">
        <time>2026-07-24T23:54:59Z</time>
      </trkpt>
      <trkpt lat="23.060504" lon="113.286008">
        <time>2026-07-24T23:55:04Z</time>
      </trkpt>
      <trkpt lat="23.06051" lon="113.285906">
        <time>2026-07-24T23:55:09Z</time>
      </trkpt>
      <trkpt lat="23.060519" lon="113.285806">
        <time>2026-07-24T23:55:14Z</time>
      </trkpt>
      <trkpt lat="23.060529" lon="113.285652">
        <time>2026-07-24T23:55:19Z</time>
      </trkpt>
      <trkpt lat="23.060552" lon="113.28546">
        <time>2026-07-24T23:55:24Z</time>
      </trkpt>
      <trkpt lat="23.060565" lon="113.285343">
        <time>2026-07-24T23:55:29Z</time>
      </trkpt>
      <trkpt lat="23.060574" lon="113.285233">
        <time>2026-07-24T23:55:34Z</time>
      </trkpt>
      <trkpt lat="23.060564" lon="113.285083">
        <time>2026-07-24T23:55:39Z</time>
      </trkpt>
      <trkpt lat="23.060565" lon="113.284947">
        <time>2026-07-24T23:55:44Z</time>
      </trkpt>
      <trkpt lat="23.060593" lon="113.284848">
        <time>2026-07-24T23:55:49Z</time>
      </trkpt>
      <trkpt lat="23.060627" lon="113.284747">
        <time>2026-07-24T23:55:54Z</time>
      </trkpt>
      <trkpt lat="23.060642" lon="113.284602">
        <time>2026-07-24T23:55:59Z</time>
      </trkpt>
      <trkpt lat="23.060644" lon="113.284445">
        <time>2026-07-24T23:56:04Z</time>
      </trkpt>
      <trkpt lat="23.060653" lon="113.284351">
        <time>2026-07-24T23:56:09Z</time>
      </trkpt>
      <trkpt lat="23.060683" lon="113.284263">
        <time>2026-07-24T23:56:14Z</time>
      </trkpt>
      <trkpt lat="23.060703" lon="113.284126">
        <time>2026-07-24T23:56:19Z</time>
      </trkpt>
      <trkpt lat="23.060703" lon="113.283959">
        <time>2026-07-24T23:56:24Z</time>
      </trkpt>
      <trkpt lat="23.060707" lon="113.283844">
        <time>2026-07-24T23:56:29Z</time>
      </trkpt>
      <trkpt lat="23.060713" lon="113.283738">
        <time>2026-07-24T23:56:34Z</time>
      </trkpt>
      <trkpt lat="23.060738" lon="113.283594">
        <time>2026-07-24T23:56:39Z</time>
      </trkpt>
      <trkpt lat="23.060753" lon="113.283437">
        <time>2026-07-24T23:56:44Z</time>
      </trkpt>
      <trkpt lat="23.060764" lon="113.283333">
        <time>2026-07-24T23:56:49Z</time>
      </trkpt>
      <trkpt lat="23.060795" lon="113.283241">
        <time>2026-07-24T23:56:54Z</time>
      </trkpt>
      <trkpt lat="23.060872" lon="113.283121">
        <time>2026-07-24T23:56:59Z</time>
      </trkpt>
      <trkpt lat="23.061" lon="113.283026">
        <time>2026-07-24T23:57:04Z</time>
      </trkpt>
      <trkpt lat="23.061044" lon="113.28294">
        <time>2026-07-24T23:57:09Z</time>
      </trkpt>
      <trkpt lat="23.06107" lon="113.28284">
        <time>2026-07-24T23:57:14Z</time>
      </trkpt>
      <trkpt lat="23.061107" lon="113.282687">
        <time>2026-07-24T23:57:19Z</time>
      </trkpt>
      <trkpt lat="23.06115" lon="113.282537">
        <time>2026-07-24T23:57:24Z</time>
      </trkpt>
      <trkpt lat="23.061157" lon="113.282437">
        <time>2026-07-24T23:57:29Z</time>
      </trkpt>
      <trkpt lat="23.06112" lon="113.282332">
        <time>2026-07-24T23:57:34Z</time>
      </trkpt>
      <trkpt lat="23.060996" lon="113.282246">
        <time>2026-07-24T23:57:39Z</time>
      </trkpt>
      <trkpt lat="23.060849" lon="113.282276">
        <time>2026-07-24T23:57:44Z</time>
      </trkpt>
      <trkpt lat="23.060739" lon="113.28229">
        <time>2026-07-24T23:57:49Z</time>
      </trkpt>
      <trkpt lat="23.060631" lon="113.282289">
        <time>2026-07-24T23:57:54Z</time>
      </trkpt>
      <trkpt lat="23.060513" lon="113.282361">
        <time>2026-07-24T23:57:59Z</time>
      </trkpt>
      <trkpt lat="23.060444" lon="113.282496">
        <time>2026-07-24T23:58:04Z</time>
      </trkpt>
      <trkpt lat="23.060406" lon="113.28259">
        <time>2026-07-24T23:58:09Z</time>
      </trkpt>
      <trkpt lat="23.060361" lon="113.28268">
        <time>2026-07-24T23:58:14Z</time>
      </trkpt>
      <trkpt lat="23.06031" lon="113.28282">
        <time>2026-07-24T23:58:19Z</time>
      </trkpt>
      <trkpt lat="23.060251" lon="113.282965">
        <time>2026-07-24T23:58:24Z</time>
      </trkpt>
      <trkpt lat="23.060215" lon="113.283056">
        <time>2026-07-24T23:58:29Z</time>
      </trkpt>
      <trkpt lat="23.060175" lon="113.283148">
        <time>2026-07-24T23:58:34Z</time>
      </trkpt>
      <trkpt lat="23.060118" lon="113.283298">
        <time>2026-07-24T23:58:39Z</time>
      </trkpt>
      <trkpt lat="23.060046" lon="113.283429">
        <time>2026-07-24T23:58:44Z</time>
      </trkpt>
      <trkpt lat="23.059979" lon="113.283415">
        <time>2026-07-24T23:58:49Z</time>
      </trkpt>
      <trkpt lat="23.059977" lon="113.283309">
        <time>2026-07-24T23:58:54Z</time>
      </trkpt>
      <trkpt lat="23.060056" lon="113.283164">
        <time>2026-07-24T23:58:59Z</time>
      </trkpt>
      <trkpt lat="23.060134" lon="113.283027">
        <time>2026-07-24T23:59:04Z</time>
      </trkpt>
      <trkpt lat="23.060185" lon="113.282942">
        <time>2026-07-24T23:59:09Z</time>
      </trkpt>
      <trkpt lat="23.060233" lon="113.282856">
        <time>2026-07-24T23:59:14Z</time>
      </trkpt>
      <trkpt lat="23.060288" lon="113.282708">
        <time>2026-07-24T23:59:19Z</time>
      </trkpt>
      <trkpt lat="23.060284" lon="113.282538">
        <time>2026-07-24T23:59:24Z</time>
      </trkpt>
      <trkpt lat="23.060302" lon="113.28243">
        <time>2026-07-24T23:59:29Z</time>
      </trkpt>
      <trkpt lat="23.060331" lon="113.282327">
        <time>2026-07-24T23:59:34Z</time>
      </trkpt>
      <trkpt lat="23.060345" lon="113.282166">
        <time>2026-07-24T23:59:39Z</time>
      </trkpt>
      <trkpt lat="23.060382" lon="113.282026">
        <time>2026-07-24T23:59:44Z</time>
      </trkpt>
      <trkpt lat="23.060424" lon="113.281947">
        <time>2026-07-24T23:59:49Z</time>
      </trkpt>
      <trkpt lat="23.060464" lon="113.281858">
        <time>2026-07-24T23:59:54Z</time>
      </trkpt>
      <trkpt lat="23.060524" lon="113.281721">
        <time>2026-07-24T23:59:59Z</time>
      </trkpt>
      <trkpt lat="23.060585" lon="113.281588">
        <time>2026-07-25T00:00:04Z</time>
      </trkpt>
      <trkpt lat="23.060621" lon="113.281496">
        <time>2026-07-25T00:00:09Z</time>
      </trkpt>
      <trkpt lat="23.060653" lon="113.281401">
        <time>2026-07-25T00:00:14Z</time>
      </trkpt>
      <trkpt lat="23.060714" lon="113.281267">
        <time>2026-07-25T00:00:19Z</time>
      </trkpt>
      <trkpt lat="23.060772" lon="113.28113">
        <time>2026-07-25T00:00:24Z</time>
      </trkpt>
      <trkpt lat="23.060813" lon="113.281039">
        <time>2026-07-25T00:00:29Z</time>
      </trkpt>
      <trkpt lat="23.060851" lon="113.280943">
        <time>2026-07-25T00:00:34Z</time>
      </trkpt>
      <trkpt lat="23.060911" lon="113.280792">
        <time>2026-07-25T00:00:39Z</time>
      </trkpt>
      <trkpt lat="23.06098" lon="113.280643">
        <time>2026-07-25T00:00:44Z</time>
      </trkpt>
      <trkpt lat="23.061024" lon="113.280544">
        <time>2026-07-25T00:00:49Z</time>
      </trkpt>
      <trkpt lat="23.061058" lon="113.280444">
        <time>2026-07-25T00:00:54Z</time>
      </trkpt>
      <trkpt lat="23.061114" lon="113.280298">
        <time>2026-07-25T00:00:59Z</time>
      </trkpt>
      <trkpt lat="23.061191" lon="113.28015">
        <time>2026-07-25T00:01:04Z</time>
      </trkpt>
      <trkpt lat="23.061241" lon="113.280055">
        <time>2026-07-25T00:01:09Z</time>
      </trkpt>
      <trkpt lat="23.061284" lon="113.279961">
        <time>2026-07-25T00:01:14Z</time>
      </trkpt>
      <trkpt lat="23.061335" lon="113.279824">
        <time>2026-07-25T00:01:19Z</time>
      </trkpt>
      <trkpt lat="23.06139" lon="113.279688">
        <time>2026-07-25T00:01:24Z</time>
      </trkpt>
      <trkpt lat="23.061427" lon="113.279593">
        <time>2026-07-25T00:01:29Z</time>
      </trkpt>
      <trkpt lat="23.061463" lon="113.279506">
        <time>2026-07-25T00:01:34Z</time>
      </trkpt>
      <trkpt lat="23.061517" lon="113.279377">
        <time>2026-07-25T00:01:39Z</time>
      </trkpt>
      <trkpt lat="23.061556" lon="113.279249">
        <time>2026-07-25T00:01:44Z</time>
      </trkpt>
      <trkpt lat="23.061573" lon="113.279176">
        <time>2026-07-25T00:01:49Z</time>
      </trkpt>
      <trkpt lat="23.061625" lon="113.279095">
        <time>2026-07-25T00:01:54Z</time>
      </trkpt>
      <trkpt lat="23.061688" lon="113.278944">
        <time>2026-07-25T00:01:59Z</time>
      </trkpt>
      <trkpt lat="23.061737" lon="113.278794">
        <time>2026-07-25T00:02:04Z</time>
      </trkpt>
      <trkpt lat="23.061788" lon="113.278739">
        <time>2026-07-25T00:02:09Z</time>
      </trkpt>
      <trkpt lat="23.061873" lon="113.278732">
        <time>2026-07-25T00:02:14Z</time>
      </trkpt>
      <trkpt lat="23.061976" lon="113.27863">
        <time>2026-07-25T00:02:19Z</time>
      </trkpt>
      <trkpt lat="23.061985" lon="113.27846">
        <time>2026-07-25T00:02:24Z</time>
      </trkpt>
      <trkpt lat="23.061977" lon="113.27835">
        <time>2026-07-25T00:02:29Z</time>
      </trkpt>
      <trkpt lat="23.06197" lon="113.278242">
        <time>2026-07-25T00:02:34Z</time>
      </trkpt>
      <trkpt lat="23.061963" lon="113.278079">
        <time>2026-07-25T00:02:39Z</time>
      </trkpt>
      <trkpt lat="23.061957" lon="113.277917">
        <time>2026-07-25T00:02:44Z</time>
      </trkpt>
      <trkpt lat="23.061961" lon="113.27781">
        <time>2026-07-25T00:02:49Z</time>
      </trkpt>
      <trkpt lat="23.06198" lon="113.277707">
        <time>2026-07-25T00:02:54Z</time>
      </trkpt>
      <trkpt lat="23.062031" lon="113.277548">
        <time>2026-07-25T00:02:59Z</time>
      </trkpt>
      <trkpt lat="23.062086" lon="113.277385">
        <time>2026-07-25T00:03:04Z</time>
      </trkpt>
      <trkpt lat="23.062127" lon="113.277283">
        <time>2026-07-25T00:03:09Z</time>
      </trkpt>
      <trkpt lat="23.062165" lon="113.277185">
        <time>2026-07-25T00:03:14Z</time>
      </trkpt>
      <trkpt lat="23.062214" lon="113.277045">
        <time>2026-07-25T00:03:19Z</time>
      </trkpt>
      <trkpt lat="23.062267" lon="113.276907">
        <time>2026-07-25T00:03:24Z</time>
      </trkpt>
      <trkpt lat="23.062304" lon="113.276812">
        <time>2026-07-25T00:03:29Z</time>
      </trkpt>
      <trkpt lat="23.06234" lon="113.27672">
        <time>2026-07-25T00:03:34Z</time>
      </trkpt>
      <trkpt lat="23.062397" lon="113.276577">
        <time>2026-07-25T00:03:39Z</time>
      </trkpt>
      <trkpt lat="23.062454" lon="113.276427">
        <time>2026-07-25T00:03:44Z</time>
      </trkpt>
      <trkpt lat="23.06249" lon="113.276328">
        <time>2026-07-25T00:03:49Z</time>
      </trkpt>
      <trkpt lat="23.062527" lon="113.276231">
        <time>2026-07-25T00:03:54Z</time>
      </trkpt>
      <trkpt lat="23.062592" lon="113.276096">
        <time>2026-07-25T00:03:59Z</time>
      </trkpt>
      <trkpt lat="23.062669" lon="113.275972">
        <time>2026-07-25T00:04:04Z</time>
      </trkpt>
      <trkpt lat="23.062729" lon="113.275893">
        <time>2026-07-25T00:04:09Z</time>
      </trkpt>
      <trkpt lat="23.062796" lon="113.275819">
        <time>2026-07-25T00:04:14Z</time>
      </trkpt>
      <trkpt lat="23.062909" lon="113.275715">
        <time>2026-07-25T00:04:19Z</time>
      </trkpt>
      <trkpt lat="23.063015" lon="113.275601">
        <time>2026-07-25T00:04:24Z</time>
      </trkpt>
      <trkpt lat="23.063076" lon="113.275516">
        <time>2026-07-25T00:04:29Z</time>
      </trkpt>
      <trkpt lat="23.063127" lon="113.275426">
        <time>2026-07-25T00:04:34Z</time>
      </trkpt>
      <trkpt lat="23.063209" lon="113.2753">
        <time>2026-07-25T00:04:39Z</time>
      </trkpt>
      <trkpt lat="23.063295" lon="113.275166">
        <time>2026-07-25T00:04:44Z</time>
      </trkpt>
      <trkpt lat="23.063353" lon="113.275072">
        <time>2026-07-25T00:04:49Z</time>
      </trkpt>
      <trkpt lat="23.063398" lon="113.274973">
        <time>2026-07-25T00:04:54Z</time>
      </trkpt>
      <trkpt lat="23.063456" lon="113.274834">
        <time>2026-07-25T00:04:59Z</time>
      </trkpt>
      <trkpt lat="23.063501" lon="113.274699">
        <time>2026-07-25T00:05:04Z</time>
      </trkpt>
      <trkpt lat="23.063521" lon="113.274611">
        <time>2026-07-25T00:05:09Z</time>
      </trkpt>
      <trkpt lat="23.063537" lon="113.274523">
        <time>2026-07-25T00:05:14Z</time>
      </trkpt>
      <trkpt lat="23.063588" lon="113.274423">
        <time>2026-07-25T00:05:19Z</time>
      </trkpt>
      <trkpt lat="23.063678" lon="113.274292">
        <time>2026-07-25T00:05:24Z</time>
      </trkpt>
      <trkpt lat="23.063755" lon="113.2742">
        <time>2026-07-25T00:05:29Z</time>
      </trkpt>
      <trkpt lat="23.063824" lon="113.274112">
        <time>2026-07-25T00:05:34Z</time>
      </trkpt>
      <trkpt lat="23.063905" lon="113.273978">
        <time>2026-07-25T00:05:39Z</time>
      </trkpt>
      <trkpt lat="23.063976" lon="113.273848">
        <time>2026-07-25T00:05:44Z</time>
      </trkpt>
      <trkpt lat="23.064038" lon="113.273765">
        <time>2026-07-25T00:05:49Z</time>
      </trkpt>
      <trkpt lat="23.064109" lon="113.273691">
        <time>2026-07-25T00:05:54Z</time>
      </trkpt>
      <trkpt lat="23.064226" lon="113.273594">
        <time>2026-07-25T00:05:59Z</time>
      </trkpt>
      <trkpt lat="23.064351" lon="113.273497">
        <time>2026-07-25T00:06:04Z</time>
      </trkpt>
      <trkpt lat="23.064428" lon="113.273424">
        <time>2026-07-25T00:06:09Z</time>
      </trkpt>
      <trkpt lat="23.064504" lon="113.273348">
        <time>2026-07-25T00:06:14Z</time>
      </trkpt>
      <trkpt lat="23.064583" lon="113.273204">
        <time>2026-07-25T00:06:19Z</time>
      </trkpt>
      <trkpt lat="23.06458" lon="113.273039">
        <time>2026-07-25T00:06:24Z</time>
      </trkpt>
      <trkpt lat="23.064543" lon="113.272932">
        <time>2026-07-25T00:06:29Z</time>
      </trkpt>
      <trkpt lat="23.064503" lon="113.272826">
        <time>2026-07-25T00:06:34Z</time>
      </trkpt>
      <trkpt lat="23.064454" lon="113.272668">
        <time>2026-07-25T00:06:39Z</time>
      </trkpt>
      <trkpt lat="23.064467" lon="113.272507">
        <time>2026-07-25T00:06:44Z</time>
      </trkpt>
      <trkpt lat="23.064505" lon="113.272399">
        <time>2026-07-25T00:06:49Z</time>
      </trkpt>
      <trkpt lat="23.064544" lon="113.272296">
        <time>2026-07-25T00:06:54Z</time>
      </trkpt>
      <trkpt lat="23.064595" lon="113.272151">
        <time>2026-07-25T00:06:59Z</time>
      </trkpt>
      <trkpt lat="23.064666" lon="113.272018">
        <time>2026-07-25T00:07:04Z</time>
      </trkpt>
      <trkpt lat="23.064705" lon="113.271923">
        <time>2026-07-25T00:07:09Z</time>
      </trkpt>
      <trkpt lat="23.064742" lon="113.271826">
        <time>2026-07-25T00:07:14Z</time>
      </trkpt>
      <trkpt lat="23.064805" lon="113.271684">
        <time>2026-07-25T00:07:19Z</time>
      </trkpt>
      <trkpt lat="23.064863" lon="113.271543">
        <time>2026-07-25T00:07:24Z</time>
      </trkpt>
      <trkpt lat="23.064906" lon="113.27145">
        <time>2026-07-25T00:07:29Z</time>
      </trkpt>
      <trkpt lat="23.064943" lon="113.271361">
        <time>2026-07-25T00:07:34Z</time>
      </trkpt>
      <trkpt lat="23.065011" lon="113.271219">
        <time>2026-07-25T00:07:39Z</time>
      </trkpt>
      <trkpt lat="23.065097" lon="113.271078">
        <time>2026-07-25T00:07:44Z</time>
      </trkpt>
      <trkpt lat="23.065144" lon="113.270976">
        <time>2026-07-25T00:07:49Z</time>
      </trkpt>
      <trkpt lat="23.065186" lon="113.270872">
        <time>2026-07-25T00:07:54Z</time>
      </trkpt>
      <trkpt lat="23.065254" lon="113.270728">
        <time>2026-07-25T00:07:59Z</time>
      </trkpt>
      <trkpt lat="23.065321" lon="113.270593">
        <time>2026-07-25T00:08:04Z</time>
      </trkpt>
      <trkpt lat="23.065368" lon="113.270497">
        <time>2026-07-25T00:08:09Z</time>
      </trkpt>
      <trkpt lat="23.065408" lon="113.270398">
        <time>2026-07-25T00:08:14Z</time>
      </trkpt>
      <trkpt lat="23.065473" lon="113.270252">
        <time>2026-07-25T00:08:19Z</time>
      </trkpt>
      <trkpt lat="23.065538" lon="113.270108">
        <time>2026-07-25T00:08:24Z</time>
      </trkpt>
      <trkpt lat="23.06558" lon="113.270019">
        <time>2026-07-25T00:08:29Z</time>
      </trkpt>
      <trkpt lat="23.065609" lon="113.269924">
        <time>2026-07-25T00:08:34Z</time>
      </trkpt>
      <trkpt lat="23.065646" lon="113.269783">
        <time>2026-07-25T00:08:39Z</time>
      </trkpt>
      <trkpt lat="23.065698" lon="113.269645">
        <time>2026-07-25T00:08:44Z</time>
      </trkpt>
      <trkpt lat="23.065726" lon="113.269546">
        <time>2026-07-25T00:08:49Z</time>
      </trkpt>
      <trkpt lat="23.065753" lon="113.269445">
        <time>2026-07-25T00:08:54Z</time>
      </trkpt>
      <trkpt lat="23.065786" lon="113.269296">
        <time>2026-07-25T00:08:59Z</time>
      </trkpt>
      <trkpt lat="23.065828" lon="113.269146">
        <time>2026-07-25T00:09:04Z</time>
      </trkpt>
      <trkpt lat="23.065858" lon="113.26905">
        <time>2026-07-25T00:09:09Z</time>
      </trkpt>
      <trkpt lat="23.065896" lon="113.268956">
        <time>2026-07-25T00:09:14Z</time>
      </trkpt>
      <trkpt lat="23.065955" lon="113.26881">
        <time>2026-07-25T00:09:19Z</time>
      </trkpt>
      <trkpt lat="23.066017" lon="113.268664">
        <time>2026-07-25T00:09:24Z</time>
      </trkpt>
      <trkpt lat="23.066069" lon="113.268576">
        <time>2026-07-25T00:09:29Z</time>
      </trkpt>
      <trkpt lat="23.066124" lon="113.268486">
        <time>2026-07-25T00:09:34Z</time>
      </trkpt>
      <trkpt lat="23.06621" lon="113.268357">
        <time>2026-07-25T00:09:39Z</time>
      </trkpt>
      <trkpt lat="23.066313" lon="113.268235">
        <time>2026-07-25T00:09:44Z</time>
      </trkpt>
      <trkpt lat="23.066396" lon="113.268168">
        <time>2026-07-25T00:09:49Z</time>
      </trkpt>
      <trkpt lat="23.066494" lon="113.268132">
        <time>2026-07-25T00:09:54Z</time>
      </trkpt>
      <trkpt lat="23.066644" lon="113.268143">
        <time>2026-07-25T00:09:59Z</time>
      </trkpt>
      <trkpt lat="23.066786" lon="113.268174">
        <time>2026-07-25T00:10:04Z</time>
      </trkpt>
      <trkpt lat="23.066882" lon="113.268167">
        <time>2026-07-25T00:10:09Z</time>
      </trkpt>
      <trkpt lat="23.066979" lon="113.268179">
        <time>2026-07-25T00:10:14Z</time>
      </trkpt>
      <trkpt lat="23.067106" lon="113.268236">
        <time>2026-07-25T00:10:19Z</time>
      </trkpt>
      <trkpt lat="23.067222" lon="113.268301">
        <time>2026-07-25T00:10:24Z</time>
      </trkpt>
      <trkpt lat="23.067303" lon="113.26835">
        <time>2026-07-25T00:10:29Z</time>
      </trkpt>
      <trkpt lat="23.06739" lon="113.268398">
        <time>2026-07-25T00:10:34Z</time>
      </trkpt>
      <trkpt lat="23.067529" lon="113.268489">
        <time>2026-07-25T00:10:39Z</time>
      </trkpt>
      <trkpt lat="23.067674" lon="113.268573">
        <time>2026-07-25T00:10:44Z</time>
      </trkpt>
      <trkpt lat="23.067772" lon="113.26862">
        <time>2026-07-25T00:10:49Z</time>
      </trkpt>
      <trkpt lat="23.067865" lon="113.268658">
        <time>2026-07-25T00:10:54Z</time>
      </trkpt>
      <trkpt lat="23.067972" lon="113.268743">
        <time>2026-07-25T00:10:59Z</time>
      </trkpt>
      <trkpt lat="23.068079" lon="113.268811">
        <time>2026-07-25T00:11:04Z</time>
      </trkpt>
      <trkpt lat="23.068154" lon="113.268824">
        <time>2026-07-25T00:11:09Z</time>
      </trkpt>
      <trkpt lat="23.068243" lon="113.268836">
        <time>2026-07-25T00:11:14Z</time>
      </trkpt>
      <trkpt lat="23.068387" lon="113.268911">
        <time>2026-07-25T00:11:19Z</time>
      </trkpt>
      <trkpt lat="23.068519" lon="113.269053">
        <time>2026-07-25T00:11:24Z</time>
      </trkpt>
      <trkpt lat="23.0686" lon="113.269114">
        <time>2026-07-25T00:11:29Z</time>
      </trkpt>
      <trkpt lat="23.068681" lon="113.269168">
        <time>2026-07-25T00:11:34Z</time>
      </trkpt>
      <trkpt lat="23.068831" lon="113.269208">
        <time>2026-07-25T00:11:39Z</time>
      </trkpt>
      <trkpt lat="23.068988" lon="113.269206">
        <time>2026-07-25T00:11:44Z</time>
      </trkpt>
      <trkpt lat="23.069094" lon="113.269222">
        <time>2026-07-25T00:11:49Z</time>
      </trkpt>
      <trkpt lat="23.069204" lon="113.269274">
        <time>2026-07-25T00:11:54Z</time>
      </trkpt>
      <trkpt lat="23.069359" lon="113.269359">
        <time>2026-07-25T00:11:59Z</time>
      </trkpt>
      <trkpt lat="23.069501" lon="113.269434">
        <time>2026-07-25T00:12:04Z</time>
      </trkpt>
      <trkpt lat="23.069594" lon="113.269481">
        <time>2026-07-25T00:12:09Z</time>
      </trkpt>
      <trkpt lat="23.069678" lon="113.269532">
        <time>2026-07-25T00:12:14Z</time>
      </trkpt>
      <trkpt lat="23.06981" lon="113.269617">
        <time>2026-07-25T00:12:19Z</time>
      </trkpt>
      <trkpt lat="23.069952" lon="113.2697">
        <time>2026-07-25T00:12:24Z</time>
      </trkpt>
      <trkpt lat="23.070046" lon="113.269739">
        <time>2026-07-25T00:12:29Z</time>
      </trkpt>
      <trkpt lat="23.070124" lon="113.26979">
        <time>2026-07-25T00:12:34Z</time>
      </trkpt>
      <trkpt lat="23.070235" lon="113.269866">
        <time>2026-07-25T00:12:39Z</time>
      </trkpt>
      <trkpt lat="23.070352" lon="113.269939">
        <time>2026-07-25T00:12:44Z</time>
      </trkpt>
      <trkpt lat="23.070438" lon="113.269982">
        <time>2026-07-25T00:12:49Z</time>
      </trkpt>
      <trkpt lat="23.070535" lon="113.270017">
        <time>2026-07-25T00:12:54Z</time>
      </trkpt>
      <trkpt lat="23.070671" lon="113.270051">
        <time>2026-07-25T00:12:59Z</time>
      </trkpt>
      <trkpt lat="23.070798" lon="113.270109">
        <time>2026-07-25T00:13:04Z</time>
      </trkpt>
      <trkpt lat="23.070873" lon="113.270172">
        <time>2026-07-25T00:13:09Z</time>
      </trkpt>
      <trkpt lat="23.070936" lon="113.270224">
        <time>2026-07-25T00:13:14Z</time>
      </trkpt>
      <trkpt lat="23.07103" lon="113.270247">
        <time>2026-07-25T00:13:19Z</time>
      </trkpt>
      <trkpt lat="23.071151" lon="113.270309">
        <time>2026-07-25T00:13:24Z</time>
      </trkpt>
      <trkpt lat="23.071251" lon="113.270349">
        <time>2026-07-25T00:13:29Z</time>
      </trkpt>
      <trkpt lat="23.071346" lon="113.270391">
        <time>2026-07-25T00:13:34Z</time>
      </trkpt>
      <trkpt lat="23.071485" lon="113.270435">
        <time>2026-07-25T00:13:39Z</time>
      </trkpt>
      <trkpt lat="23.071616" lon="113.270479">
        <time>2026-07-25T00:13:44Z</time>
      </trkpt>
      <trkpt lat="23.071706" lon="113.270509">
        <time>2026-07-25T00:13:49Z</time>
      </trkpt>
      <trkpt lat="23.071796" lon="113.270522">
        <time>2026-07-25T00:13:54Z</time>
      </trkpt>
      <trkpt lat="23.071917" lon="113.270607">
        <time>2026-07-25T00:13:59Z</time>
      </trkpt>
      <trkpt lat="23.072047" lon="113.270665">
        <time>2026-07-25T00:14:04Z</time>
      </trkpt>
      <trkpt lat="23.072125" lon="113.270669">
        <time>2026-07-25T00:14:09Z</time>
      </trkpt>
      <trkpt lat="23.072196" lon="113.270667">
        <time>2026-07-25T00:14:14Z</time>
      </trkpt>
      <trkpt lat="23.072301" lon="113.270732">
        <time>2026-07-25T00:14:19Z</time>
      </trkpt>
      <trkpt lat="23.07243" lon="113.270792">
        <time>2026-07-25T00:14:24Z</time>
      </trkpt>
      <trkpt lat="23.072531" lon="113.270841">
        <time>2026-07-25T00:14:29Z</time>
      </trkpt>
      <trkpt lat="23.072616" lon="113.2709">
        <time>2026-07-25T00:14:34Z</time>
      </trkpt>
      <trkpt lat="23.07273" lon="113.270965">
        <time>2026-07-25T00:14:39Z</time>
      </trkpt>
      <trkpt lat="23.072837" lon="113.271035">
        <time>2026-07-25T00:14:44Z</time>
      </trkpt>
      <trkpt lat="23.072921" lon="113.271061">
        <time>2026-07-25T00:14:49Z</time>
      </trkpt>
      <trkpt lat="23.073005" lon="113.271089">
        <time>2026-07-25T00:14:54Z</time>
      </trkpt>
      <trkpt lat="23.073136" lon="113.271141">
        <time>2026-07-25T00:14:59Z</time>
      </trkpt>
      <trkpt lat="23.073222" lon="113.271265">
        <time>2026-07-25T00:15:04Z</time>
      </trkpt>
      <trkpt lat="23.073289" lon="113.271326">
        <time>2026-07-25T00:15:09Z</time>
      </trkpt>
      <trkpt lat="23.073367" lon="113.271371">
        <time>2026-07-25T00:15:14Z</time>
      </trkpt>
      <trkpt lat="23.07349" lon="113.27146">
        <time>2026-07-25T00:15:19Z</time>
      </trkpt>
      <trkpt lat="23.073601" lon="113.271545">
        <time>2026-07-25T00:15:24Z</time>
      </trkpt>
      <trkpt lat="23.073673" lon="113.271586">
        <time>2026-07-25T00:15:29Z</time>
      </trkpt>
      <trkpt lat="23.073723" lon="113.271614">
        <time>2026-07-25T00:15:34Z</time>
      </trkpt>
      <trkpt lat="23.073767" lon="113.27165">
        <time>2026-07-25T00:15:39Z</time>
      </trkpt>
      <trkpt lat="23.073869" lon="113.271718">
        <time>2026-07-25T00:15:44Z</time>
      </trkpt>
      <trkpt lat="23.073959" lon="113.271761">
        <time>2026-07-25T00:15:49Z</time>
      </trkpt>
      <trkpt lat="23.074046" lon="113.271783">
        <time>2026-07-25T00:15:54Z</time>
      </trkpt>
      <trkpt lat="23.074088" lon="113.27186">
        <time>2026-07-25T00:15:59Z</time>
      </trkpt>
      <trkpt lat="23.074033" lon="113.27198">
        <time>2026-07-25T00:16:04Z</time>
      </trkpt>
      <trkpt lat="23.073994" lon="113.272064">
        <time>2026-07-25T00:16:09Z</time>
      </trkpt>
      <trkpt lat="23.073958" lon="113.272147">
        <time>2026-07-25T00:16:14Z</time>
      </trkpt>
      <trkpt lat="23.073895" lon="113.272256">
        <time>2026-07-25T00:16:19Z</time>
      </trkpt>
      <trkpt lat="23.073832" lon="113.272386">
        <time>2026-07-25T00:16:24Z</time>
      </trkpt>
      <trkpt lat="23.073806" lon="113.272476">
        <time>2026-07-25T00:16:29Z</time>
      </trkpt>
      <trkpt lat="23.073773" lon="113.272565">
        <time>2026-07-25T00:16:34Z</time>
      </trkpt>
      <trkpt lat="23.073701" lon="113.272684">
        <time>2026-07-25T00:16:39Z</time>
      </trkpt>
      <trkpt lat="23.07365" lon="113.272812">
        <time>2026-07-25T00:16:44Z</time>
      </trkpt>
      <trkpt lat="23.073619" lon="113.272892">
        <time>2026-07-25T00:16:49Z</time>
      </trkpt>
      <trkpt lat="23.073594" lon="113.272983">
        <time>2026-07-25T00:16:54Z</time>
      </trkpt>
      <trkpt lat="23.073566" lon="113.273114">
        <time>2026-07-25T00:16:59Z</time>
      </trkpt>
      <trkpt lat="23.073569" lon="113.273129">
        <time>2026-07-25T00:17:04Z</time>
      </trkpt>
      <trkpt lat="23.073599" lon="113.273055">
        <time>2026-07-25T00:17:09Z</time>
      </trkpt>
      <trkpt lat="23.073633" lon="113.272968">
        <time>2026-07-25T00:17:14Z</time>
      </trkpt>
      <trkpt lat="23.073674" lon="113.272855">
        <time>2026-07-25T00:17:19Z</time>
      </trkpt>
      <trkpt lat="23.073709" lon="113.272794">
        <time>2026-07-25T00:17:24Z</time>
      </trkpt>
      <trkpt lat="23.073709" lon="113.272801">
        <time>2026-07-25T00:17:29Z</time>
      </trkpt>
      <trkpt lat="23.073691" lon="113.272843">
        <time>2026-07-25T00:17:34Z</time>
      </trkpt>
      <trkpt lat="23.073706" lon="113.2729">
        <time>2026-07-25T00:17:39Z</time>
      </trkpt>
      <trkpt lat="23.073814" lon="113.272972">
        <time>2026-07-25T00:17:44Z</time>
      </trkpt>
      <trkpt lat="23.073958" lon="113.272976">
        <time>2026-07-25T00:17:49Z</time>
      </trkpt>
      <trkpt lat="23.074025" lon="113.27292">
        <time>2026-07-25T00:17:54Z</time>
      </trkpt>
      <trkpt lat="23.074073" lon="113.27283">
        <time>2026-07-25T00:17:59Z</time>
      </trkpt>
      <trkpt lat="23.074126" lon="113.272697">
        <time>2026-07-25T00:18:04Z</time>
      </trkpt>
      <trkpt lat="23.074166" lon="113.27257">
        <time>2026-07-25T00:18:09Z</time>
      </trkpt>
      <trkpt lat="23.074209" lon="113.272486">
        <time>2026-07-25T00:18:14Z</time>
      </trkpt>
      <trkpt lat="23.074251" lon="113.272398">
        <time>2026-07-25T00:18:19Z</time>
      </trkpt>
      <trkpt lat="23.074295" lon="113.272281">
        <time>2026-07-25T00:18:24Z</time>
      </trkpt>
      <trkpt lat="23.074326" lon="113.272154">
        <time>2026-07-25T00:18:26Z</time>
      </trkpt>
    </trkseg>
  </trk>
</gpx>