<?xml version="1.0" encoding="UTF-8"?>
<gpx xmlns="http://www.topografix.com/GPX/1/1" xmlns:gpxtpx="http://www.garmin.com/xmlschemas/TrackPointExtension/v1" xmlns:xsi="http://www.w3.org/2001/XMLSchema-instance" xsi:schemaLocation="http://www.topografix.com/GPX/1/1 http://www.topografix.com/GPX/1/1/gpx.xsd" version="1.1" creator="gpx.py -- https://github.com/tkrajina/gpxpy">
  <trk>
    <name>gpx from joyrun</name>
    <trkseg>
      <trkpt lat="23.075931" lon="113.273002">
        <time>2026-07-31T21:56:01Z</time>
      </trkpt>
      <trkpt lat="23.075977" lon="113.272914">
        <time>2026-07-31T21:56:06Z</time>
      </trkpt>
      <trkpt lat="23.075914" lon="113.27277">
        <time>2026-07-31T21:56:11Z</time>
      </trkpt>
      <trkpt lat="23.07578" lon="113.272679">
        <time>2026-07-31T21:56:16Z</time>
      </trkpt>
      <trkpt lat="23.075703" lon="113.272649">
        <time>2026-07-31T21:56:21Z</time>
      </trkpt>
      <trkpt lat="23.075569" lon="113.272544">
        <time>2026-07-31T21:56:26Z</time>
      </trkpt>
      <trkpt lat="23.075448" lon="113.272445">
        <time>2026-07-31T21:56:31Z</time>
      </trkpt>
      <trkpt lat="23.075354" lon="113.272404">
        <time>2026-07-31T21:56:36Z</time>
      </trkpt>
      <trkpt lat="23.075267" lon="113.272395">
        <time>2026-07-31T21:56:41Z</time>
      </trkpt>
      <trkpt lat="23.07515" lon="113.272347">
        <time>2026-07-31T21:56:46Z</time>
      </trkpt>
      <trkpt lat="23.075032" lon="113.272272">
        <time>2026-07-31T21:56:51Z</time>
      </trkpt>
      <trkpt lat="23.074957" lon="113.272209">
        <time>2026-07-31T21:56:56Z</time>
      </trkpt>
      <trkpt lat="23.074882" lon="113.272149">
        <time>2026-07-31T21:57:01Z</time>
      </trkpt>
      <trkpt lat="23.074764" lon="113.272076">
        <time>2026-07-31T21:57:06Z</time>
      </trkpt>
      <trkpt lat="23.074632" lon="113.272007">
        <time>2026-07-31T21:57:11Z</time>
      </trkpt>
      <trkpt lat="23.074539" lon="113.27197">
        <time>2026-07-31T21:57:16Z</time>
      </trkpt>
      <trkpt lat="23.074447" lon="113.271969">
        <time>2026-07-31T21:57:21Z</time>
      </trkpt>
      <trkpt lat="23.07435" lon="113.272088">
        <time>2026-07-31T21:57:26Z</time>
      </trkpt>
      <trkpt lat="23.074282" lon="113.272246">
        <time>2026-07-31T21:57:31Z</time>
      </trkpt>
      <trkpt lat="23.074238" lon="113.272343">
        <time>2026-07-31T21:57:36Z</time>
      </trkpt>
      <trkpt lat="23.074195" lon="113.272442">
        <time>2026-07-31T21:57:41Z</time>
      </trkpt>
      <trkpt lat="23.074134" lon="113.272583">
        <time>2026-07-31T21:57:46Z</time>
      </trkpt>
      <trkpt lat="23.074079" lon="113.272724">
        <time>2026-07-31T21:57:51Z</time>
      </trkpt>
      <trkpt lat="23.074036" lon="113.272811">
        <time>2026-07-31T21:57:56Z</time>
      </trkpt>
      <trkpt lat="23.073997" lon="113.272896">
        <time>2026-07-31T21:58:01Z</time>
      </trkpt>
      <trkpt lat="23.073945" lon="113.272974">
        <time>2026-07-31T21:58:06Z</time>
      </trkpt>
      <trkpt lat="23.073885" lon="113.27295">
        <time>2026-07-31T21:58:11Z</time>
      </trkpt>
      <trkpt lat="23.073824" lon="113.272911">
        <time>2026-07-31T21:58:16Z</time>
      </trkpt>
      <trkpt lat="23.073753" lon="113.272857">
        <time>2026-07-31T21:58:21Z</time>
      </trkpt>
      <trkpt lat="23.07374" lon="113.272744">
        <time>2026-07-31T21:58:26Z</time>
      </trkpt>
      <trkpt lat="23.073793" lon="113.272611">
        <time>2026-07-31T21:58:31Z</time>
      </trkpt>
      <trkpt lat="23.073827" lon="113.272527">
        <time>2026-07-31T21:58:36Z</time>
      </trkpt>
      <trkpt lat="23.073866" lon="113.272452">
        <time>2026-07-31T21:58:41Z</time>
      </trkpt>
      <trkpt lat="23.073928" lon="113.272332">
        <time>2026-07-31T21:58:46Z</time>
      </trkpt>
      <trkpt lat="23.073992" lon="113.272205">
        <time>2026-07-31T21:58:51Z</time>
      </trkpt>
      <trkpt lat="23.074028" lon="113.272117">
        <time>2026-07-31T21:58:56Z</time>
      </trkpt>
      <trkpt lat="23.074062" lon="113.272033">
        <time>2026-07-31T21:59:01Z</time>
      </trkpt>
      <trkpt lat="23.074111" lon="113.271906">
        <time>2026-07-31T21:59:06Z</time>
      </trkpt>
      <trkpt lat="23.074145" lon="113.271778">
        <time>2026-07-31T21:59:11Z</time>
      </trkpt>
      <trkpt lat="23.074111" lon="113.271706">
        <time>2026-07-31T21:59:16Z</time>
      </trkpt>
      <trkpt lat="23.074036" lon="113.27166">
        <time>2026-07-31T21:59:21Z</time>
      </trkpt>
      <trkpt lat="23.073908" lon="113.271589">
        <time>2026-07-31T21:59:26Z</time>
      </trkpt>
      <trkpt lat="23.073777" lon="113.271522">
        <time>2026-07-31T21:59:31Z</time>
      </trkpt>
      <trkpt lat="23.073687" lon="113.271485">
        <time>2026-07-31T21:59:36Z</time>
      </trkpt>
      <trkpt lat="23.073601" lon="113.27145">
        <time>2026-07-31T21:59:41Z</time>
      </trkpt>
      <trkpt lat="23.073472" lon="113.271398">
        <time>2026-07-31T21:59:46Z</time>
      </trkpt>
      <trkpt lat="23.073344" lon="113.27134">
        <time>2026-07-31T21:59:51Z</time>
      </trkpt>
      <trkpt lat="23.073278" lon="113.27126">
        <time>2026-07-31T21:59:56Z</time>
      </trkpt>
      <trkpt lat="23.073212" lon="113.271171">
        <time>2026-07-31T22:00:01Z</time>
      </trkpt>
      <trkpt lat="23.07309" lon="113.271102">
        <time>2026-07-31T22:00:06Z</time>
      </trkpt>
      <trkpt lat="23.072967" lon="113.271035">
        <time>2026-07-31T22:00:11Z</time>
      </trkpt>
      <trkpt lat="23.072886" lon="113.270985">
        <time>2026-07-31T22:00:16Z</time>
      </trkpt>
      <trkpt lat="23.072788" lon="113.270942">
        <time>2026-07-31T22:00:21Z</time>
      </trkpt>
      <trkpt lat="23.072631" lon="113.270889">
        <time>2026-07-31T22:00:26Z</time>
      </trkpt>
      <trkpt lat="23.072486" lon="113.270832">
        <time>2026-07-31T22:00:31Z</time>
      </trkpt>
      <trkpt lat="23.072388" lon="113.270791">
        <time>2026-07-31T22:00:36Z</time>
      </trkpt>
      <trkpt lat="23.072288" lon="113.270753">
        <time>2026-07-31T22:00:41Z</time>
      </trkpt>
      <trkpt lat="23.072152" lon="113.270675">
        <time>2026-07-31T22:00:46Z</time>
      </trkpt>
      <trkpt lat="23.072023" lon="113.27059">
        <time>2026-07-31T22:00:51Z</time>
      </trkpt>
      <trkpt lat="23.071933" lon="113.27053">
        <time>2026-07-31T22:00:56Z</time>
      </trkpt>
      <trkpt lat="23.071844" lon="113.270473">
        <time>2026-07-31T22:01:01Z</time>
      </trkpt>
      <trkpt lat="23.071703" lon="113.270411">
        <time>2026-07-31T22:01:06Z</time>
      </trkpt>
      <trkpt lat="23.071568" lon="113.270351">
        <time>2026-07-31T22:01:11Z</time>
      </trkpt>
      <trkpt lat="23.071478" lon="113.270308">
        <time>2026-07-31T22:01:16Z</time>
      </trkpt>
      <trkpt lat="23.071379" lon="113.270269">
        <time>2026-07-31T22:01:21Z</time>
      </trkpt>
      <trkpt lat="23.071232" lon="113.270196">
        <time>2026-07-31T22:01:26Z</time>
      </trkpt>
      <trkpt lat="23.071102" lon="113.270144">
        <time>2026-07-31T22:01:31Z</time>
      </trkpt>
      <trkpt lat="23.071009" lon="113.270115">
        <time>2026-07-31T22:01:36Z</time>
      </trkpt>
      <trkpt lat="23.070915" lon="113.270092">
        <time>2026-07-31T22:01:41Z</time>
      </trkpt>
      <trkpt lat="23.070787" lon="113.270023">
        <time>2026-07-31T22:01:46Z</time>
      </trkpt>
      <trkpt lat="23.070647" lon="113.269936">
        <time>2026-07-31T22:01:51Z</time>
      </trkpt>
      <trkpt lat="23.070543" lon="113.26989">
        <time>2026-07-31T22:01:56Z</time>
      </trkpt>
      <trkpt lat="23.070438" lon="113.269858">
        <time>2026-07-31T22:02:01Z</time>
      </trkpt>
      <trkpt lat="23.07031" lon="113.269771">
        <time>2026-07-31T22:02:06Z</time>
      </trkpt>
      <trkpt lat="23.070173" lon="113.269715">
        <time>2026-07-31T22:02:11Z</time>
      </trkpt>
      <trkpt lat="23.070084" lon="113.269677">
        <time>2026-07-31T22:02:16Z</time>
      </trkpt>
      <trkpt lat="23.069998" lon="113.269633">
        <time>2026-07-31T22:02:21Z</time>
      </trkpt>
      <trkpt lat="23.06987" lon="113.269551">
        <time>2026-07-31T22:02:26Z</time>
      </trkpt>
      <trkpt lat="23.06974" lon="113.269471">
        <time>2026-07-31T22:02:31Z</time>
      </trkpt>
      <trkpt lat="23.069651" lon="113.269424">
        <time>2026-07-31T22:02:36Z</time>
      </trkpt>
      <trkpt lat="23.069567" lon="113.269376">
        <time>2026-07-31T22:02:41Z</time>
      </trkpt>
      <trkpt lat="23.069444" lon="113.26931">
        <time>2026-07-31T22:02:46Z</time>
      </trkpt>
      <trkpt lat="23.069324" lon="113.269217">
        <time>2026-07-31T22:02:51Z</time>
      </trkpt>
      <trkpt lat="23.069261" lon="113.269137">
        <time>2026-07-31T22:02:56Z</time>
      </trkpt>
      <trkpt lat="23.069198" lon="113.269066">
        <time>2026-07-31T22:03:01Z</time>
      </trkpt>
      <trkpt lat="23.069071" lon="113.269009">
        <time>2026-07-31T22:03:06Z</time>
      </trkpt>
      <trkpt lat="23.068947" lon="113.268955">
        <time>2026-07-31T22:03:11Z</time>
      </trkpt>
      <trkpt lat="23.068867" lon="113.268912">
        <time>2026-07-31T22:03:16Z</time>
      </trkpt>
      <trkpt lat="23.068786" lon="113.268869">
        <time>2026-07-31T22:03:21Z</time>
      </trkpt>
      <trkpt lat="23.068668" lon="113.268813">
        <time>2026-07-31T22:03:26Z</time>
      </trkpt>
      <trkpt lat="23.068533" lon="113.268762">
        <time>2026-07-31T22:03:31Z</time>
      </trkpt>
      <trkpt lat="23.068446" lon="113.268725">
        <time>2026-07-31T22:03:36Z</time>
      </trkpt>
      <trkpt lat="23.068361" lon="113.268699">
        <time>2026-07-31T22:03:41Z</time>
      </trkpt>
      <trkpt lat="23.068229" lon="113.268653">
        <time>2026-07-31T22:03:46Z</time>
      </trkpt>
      <trkpt lat="23.068079" lon="113.268576">
        <time>2026-07-31T22:03:51Z</time>
      </trkpt>
      <trkpt lat="23.067976" lon="113.268525">
        <time>2026-07-31T22:03:56Z</time>
      </trkpt>
      <trkpt lat="23.067879" lon="113.268476">
        <time>2026-07-31T22:04:01Z</time>
      </trkpt>
      <trkpt lat="23.067742" lon="113.268401">
        <time>2026-07-31T22:04:06Z</time>
      </trkpt>
      <trkpt lat="23.067608" lon="113.268332">
        <time>2026-07-31T22:04:11Z</time>
      </trkpt>
      <trkpt lat="23.067521" lon="113.268288">
        <time>2026-07-31T22:04:16Z</time>
      </trkpt>
      <trkpt lat="23.067425" lon="113.268255">
        <time>2026-07-31T22:04:21Z</time>
      </trkpt>
      <trkpt lat="23.067281" lon="113.268201">
        <time>2026-07-31T22:04:26Z</time>
      </trkpt>
      <trkpt lat="23.067154" lon="113.268144">
        <time>2026-07-31T22:04:31Z</time>
      </trkpt>
      <trkpt lat="23.067074" lon="113.268108">
        <time>2026-07-31T22:04:36Z</time>
      </trkpt>
      <trkpt lat="23.06699" lon="113.268075">
        <time>2026-07-31T22:04:41Z</time>
      </trkpt>
      <trkpt lat="23.066853" lon="113.268027">
        <time>2026-07-31T22:04:46Z</time>
      </trkpt>
      <trkpt lat="23.066698" lon="113.267996">
        <time>2026-07-31T22:04:51Z</time>
      </trkpt>
      <trkpt lat="23.066598" lon="113.267966">
        <time>2026-07-31T22:04:56Z</time>
      </trkpt>
      <trkpt lat="23.066494" lon="113.267927">
        <time>2026-07-31T22:05:01Z</time>
      </trkpt>
      <trkpt lat="23.066346" lon="113.267927">
        <time>2026-07-31T22:05:06Z</time>
      </trkpt>
      <trkpt lat="23.066243" lon="113.267987">
        <time>2026-07-31T22:05:11Z</time>
      </trkpt>
      <trkpt lat="23.066184" lon="113.26805">
        <time>2026-07-31T22:05:16Z</time>
      </trkpt>
      <trkpt lat="23.066103" lon="113.268119">
        <time>2026-07-31T22:05:21Z</time>
      </trkpt>
      <trkpt lat="23.066012" lon="113.268245">
        <time>2026-07-31T22:05:26Z</time>
      </trkpt>
      <trkpt lat="23.065931" lon="113.268372">
        <time>2026-07-31T22:05:31Z</time>
      </trkpt>
      <trkpt lat="23.065881" lon="113.268466">
        <time>2026-07-31T22:05:36Z</time>
      </trkpt>
      <trkpt lat="23.065827" lon="113.268562">
        <time>2026-07-31T22:05:41Z</time>
      </trkpt>
      <trkpt lat="23.065752" lon="113.268704">
        <time>2026-07-31T22:05:46Z</time>
      </trkpt>
      <trkpt lat="23.065688" lon="113.268846">
        <time>2026-07-31T22:05:51Z</time>
      </trkpt>
      <trkpt lat="23.065651" lon="113.268944">
        <time>2026-07-31T22:05:56Z</time>
      </trkpt>
      <trkpt lat="23.065621" lon="113.269043">
        <time>2026-07-31T22:06:01Z</time>
      </trkpt>
      <trkpt lat="23.065578" lon="113.26919">
        <time>2026-07-31T22:06:06Z</time>
      </trkpt>
      <trkpt lat="23.065536" lon="113.269339">
        <time>2026-07-31T22:06:11Z</time>
      </trkpt>
      <trkpt lat="23.065511" lon="113.269439">
        <time>2026-07-31T22:06:16Z</time>
      </trkpt>
      <trkpt lat="23.065488" lon="113.269544">
        <time>2026-07-31T22:06:21Z</time>
      </trkpt>
      <trkpt lat="23.065455" lon="113.269706">
        <time>2026-07-31T22:06:26Z</time>
      </trkpt>
      <trkpt lat="23.065423" lon="113.269862">
        <time>2026-07-31T22:06:31Z</time>
      </trkpt>
      <trkpt lat="23.06538" lon="113.269958">
        <time>2026-07-31T22:06:36Z</time>
      </trkpt>
      <trkpt lat="23.065342" lon="113.270056">
        <time>2026-07-31T22:06:41Z</time>
      </trkpt>
      <trkpt lat="23.065282" lon="113.270203">
        <time>2026-07-31T22:06:46Z</time>
      </trkpt>
      <trkpt lat="23.065214" lon="113.27035">
        <time>2026-07-31T22:06:51Z</time>
      </trkpt>
      <trkpt lat="23.06517" lon="113.270445">
        <time>2026-07-31T22:06:56Z</time>
      </trkpt>
      <trkpt lat="23.065126" lon="113.270539">
        <time>2026-07-31T22:07:01Z</time>
      </trkpt>
      <trkpt lat="23.065063" lon="113.270678">
        <time>2026-07-31T22:07:06Z</time>
      </trkpt>
      <trkpt lat="23.064995" lon="113.270821">
        <time>2026-07-31T22:07:11Z</time>
      </trkpt>
      <trkpt lat="23.064957" lon="113.270917">
        <time>2026-07-31T22:07:16Z</time>
      </trkpt>
      <trkpt lat="23.064914" lon="113.271013">
        <time>2026-07-31T22:07:21Z</time>
      </trkpt>
      <trkpt lat="23.064847" lon="113.271157">
        <time>2026-07-31T22:07:26Z</time>
      </trkpt>
      <trkpt lat="23.064775" lon="113.271302">
        <time>2026-07-31T22:07:31Z</time>
      </trkpt>
      <trkpt lat="23.064727" lon="113.27139">
        <time>2026-07-31T22:07:36Z</time>
      </trkpt>
      <trkpt lat="23.064685" lon="113.27148">
        <time>2026-07-31T22:07:41Z</time>
      </trkpt>
      <trkpt lat="23.064623" lon="113.27162">
        <time>2026-07-31T22:07:46Z</time>
      </trkpt>
      <trkpt lat="23.064555" lon="113.271758">
        <time>2026-07-31T22:07:51Z</time>
      </trkpt>
      <trkpt lat="23.064512" lon="113.271856">
        <time>2026-07-31T22:07:56Z</time>
      </trkpt>
      <trkpt lat="23.06447" lon="113.271954">
        <time>2026-07-31T22:08:01Z</time>
      </trkpt>
      <trkpt lat="23.064403" lon="113.272098">
        <time>2026-07-31T22:08:06Z</time>
      </trkpt>
      <trkpt lat="23.064357" lon="113.272255">
        <time>2026-07-31T22:08:11Z</time>
      </trkpt>
      <trkpt lat="23.064352" lon="113.272362">
        <time>2026-07-31T22:08:16Z</time>
      </trkpt>
      <trkpt lat="23.064348" lon="113.272462">
        <time>2026-07-31T22:08:21Z</time>
      </trkpt>
      <trkpt lat="23.064353" lon="113.27261">
        <time>2026-07-31T22:08:26Z</time>
      </trkpt>
      <trkpt lat="23.064391" lon="113.272758">
        <time>2026-07-31T22:08:31Z</time>
      </trkpt>
      <trkpt lat="23.064422" lon="113.272851">
        <time>2026-07-31T22:08:36Z</time>
      </trkpt>
      <trkpt lat="23.064453" lon="113.272947">
        <time>2026-07-31T22:08:41Z</time>
      </trkpt>
      <trkpt lat="23.064492" lon="113.273097">
        <time>2026-07-31T22:08:46Z</time>
      </trkpt>
      <trkpt lat="23.06447" lon="113.273245">
        <time>2026-07-31T22:08:51Z</time>
      </trkpt>
      <trkpt lat="23.064412" lon="113.273323">
        <time>2026-07-31T22:08:56Z</time>
      </trkpt>
      <trkpt lat="23.064335" lon="113.27339">
        <time>2026-07-31T22:09:01Z</time>
      </trkpt>
      <trkpt lat="23.06421" lon="113.273481">
        <time>2026-07-31T22:09:06Z</time>
      </trkpt>
      <trkpt lat="23.064087" lon="113.273577">
        <time>2026-07-31T22:09:11Z</time>
      </trkpt>
      <trkpt lat="23.064009" lon="113.273647">
        <time>2026-07-31T22:09:16Z</time>
      </trkpt>
      <trkpt lat="23.063938" lon="113.273729">
        <time>2026-07-31T22:09:21Z</time>
      </trkpt>
      <trkpt lat="23.063853" lon="113.27387">
        <time>2026-07-31T22:09:26Z</time>
      </trkpt>
      <trkpt lat="23.063772" lon="113.274007">
        <time>2026-07-31T22:09:31Z</time>
      </trkpt>
      <trkpt lat="23.063709" lon="113.274084">
        <time>2026-07-31T22:09:36Z</time>
      </trkpt>
      <trkpt lat="23.063634" lon="113.274136">
        <time>2026-07-31T22:09:41Z</time>
      </trkpt>
      <trkpt lat="23.063541" lon="113.27425">
        <time>2026-07-31T22:09:46Z</time>
      </trkpt>
      <trkpt lat="23.063482" lon="113.274405">
        <time>2026-07-31T22:09:51Z</time>
      </trkpt>
      <trkpt lat="23.063444" lon="113.274512">
        <time>2026-07-31T22:09:56Z</time>
      </trkpt>
      <trkpt lat="23.063406" lon="113.27462">
        <time>2026-07-31T22:10:01Z</time>
      </trkpt>
      <trkpt lat="23.063349" lon="113.274778">
        <time>2026-07-31T22:10:06Z</time>
      </trkpt>
      <trkpt lat="23.063292" lon="113.274938">
        <time>2026-07-31T22:10:11Z</time>
      </trkpt>
      <trkpt lat="23.063249" lon="113.275039">
        <time>2026-07-31T22:10:16Z</time>
      </trkpt>
      <trkpt lat="23.063195" lon="113.275135">
        <time>2026-07-31T22:10:21Z</time>
      </trkpt>
      <trkpt lat="23.06311" lon="113.275279">
        <time>2026-07-31T22:10:26Z</time>
      </trkpt>
      <trkpt lat="23.063034" lon="113.275418">
        <time>2026-07-31T22:10:31Z</time>
      </trkpt>
      <trkpt lat="23.062974" lon="113.275505">
        <time>2026-07-31T22:10:36Z</time>
      </trkpt>
      <trkpt lat="23.062909" lon="113.27559">
        <time>2026-07-31T22:10:41Z</time>
      </trkpt>
      <trkpt lat="23.062806" lon="113.275702">
        <time>2026-07-31T22:10:46Z</time>
      </trkpt>
      <trkpt lat="23.062694" lon="113.275808">
        <time>2026-07-31T22:10:51Z</time>
      </trkpt>
      <trkpt lat="23.062629" lon="113.275887">
        <time>2026-07-31T22:10:56Z</time>
      </trkpt>
      <trkpt lat="23.062568" lon="113.275974">
        <time>2026-07-31T22:11:01Z</time>
      </trkpt>
      <trkpt lat="23.062486" lon="113.276112">
        <time>2026-07-31T22:11:06Z</time>
      </trkpt>
      <trkpt lat="23.062423" lon="113.276255">
        <time>2026-07-31T22:11:11Z</time>
      </trkpt>
      <trkpt lat="23.062392" lon="113.276349">
        <time>2026-07-31T22:11:16Z</time>
      </trkpt>
      <trkpt lat="23.062361" lon="113.27644">
        <time>2026-07-31T22:11:21Z</time>
      </trkpt>
      <trkpt lat="23.062311" lon="113.276579">
        <time>2026-07-31T22:11:26Z</time>
      </trkpt>
      <trkpt lat="23.062261" lon="113.276721">
        <time>2026-07-31T22:11:31Z</time>
      </trkpt>
      <trkpt lat="23.062227" lon="113.27682">
        <time>2026-07-31T22:11:36Z</time>
      </trkpt>
      <trkpt lat="23.062195" lon="113.276918">
        <time>2026-07-31T22:11:41Z</time>
      </trkpt>
      <trkpt lat="23.062145" lon="113.277062">
        <time>2026-07-31T22:11:46Z</time>
      </trkpt>
      <trkpt lat="23.062082" lon="113.277222">
        <time>2026-07-31T22:11:51Z</time>
      </trkpt>
      <trkpt lat="23.062035" lon="113.277326">
        <time>2026-07-31T22:11:56Z</time>
      </trkpt>
      <trkpt lat="23.061993" lon="113.277427">
        <time>2026-07-31T22:12:01Z</time>
      </trkpt>
      <trkpt lat="23.061938" lon="113.277575">
        <time>2026-07-31T22:12:06Z</time>
      </trkpt>
      <trkpt lat="23.061886" lon="113.277726">
        <time>2026-07-31T22:12:11Z</time>
      </trkpt>
      <trkpt lat="23.061866" lon="113.277832">
        <time>2026-07-31T22:12:16Z</time>
      </trkpt>
      <trkpt lat="23.061861" lon="113.277941">
        <time>2026-07-31T22:12:21Z</time>
      </trkpt>
      <trkpt lat="23.061869" lon="113.278096">
        <time>2026-07-31T22:12:26Z</time>
      </trkpt>
      <trkpt lat="23.061878" lon="113.278254">
        <time>2026-07-31T22:12:31Z</time>
      </trkpt>
      <trkpt lat="23.061883" lon="113.278355">
        <time>2026-07-31T22:12:36Z</time>
      </trkpt>
      <trkpt lat="23.061887" lon="113.278458">
        <time>2026-07-31T22:12:41Z</time>
      </trkpt>
      <trkpt lat="23.061892" lon="113.27861">
        <time>2026-07-31T22:12:46Z</time>
      </trkpt>
      <trkpt lat="23.061866" lon="113.278757">
        <time>2026-07-31T22:12:51Z</time>
      </trkpt>
      <trkpt lat="23.061818" lon="113.278847">
        <time>2026-07-31T22:12:56Z</time>
      </trkpt>
      <trkpt lat="23.061766" lon="113.278938">
        <time>2026-07-31T22:13:01Z</time>
      </trkpt>
      <trkpt lat="23.061687" lon="113.279075">
        <time>2026-07-31T22:13:06Z</time>
      </trkpt>
      <trkpt lat="23.061615" lon="113.279219">
        <time>2026-07-31T22:13:11Z</time>
      </trkpt>
      <trkpt lat="23.061579" lon="113.279321">
        <time>2026-07-31T22:13:16Z</time>
      </trkpt>
      <trkpt lat="23.061538" lon="113.279424">
        <time>2026-07-31T22:13:21Z</time>
      </trkpt>
      <trkpt lat="23.061482" lon="113.279565">
        <time>2026-07-31T22:13:26Z</time>
      </trkpt>
      <trkpt lat="23.061512" lon="113.279497">
        <time>2026-07-31T22:13:31Z</time>
      </trkpt>
      <trkpt lat="23.06156" lon="113.279385">
        <time>2026-07-31T22:13:36Z</time>
      </trkpt>
      <trkpt lat="23.061577" lon="113.279308">
        <time>2026-07-31T22:13:41Z</time>
      </trkpt>
      <trkpt lat="23.061584" lon="113.279195">
        <time>2026-07-31T22:13:46Z</time>
      </trkpt>
      <trkpt lat="23.061579" lon="113.27924">
        <time>2026-07-31T22:13:51Z</time>
      </trkpt>
      <trkpt lat="23.061537" lon="113.279354">
        <time>2026-07-31T22:13:56Z</time>
      </trkpt>
      <trkpt lat="23.061486" lon="113.279465">
        <time>2026-07-31T22:14:01Z</time>
      </trkpt>
      <trkpt lat="23.061411" lon="113.279623">
        <time>2026-07-31T22:14:06Z</time>
      </trkpt>
      <trkpt lat="23.061349" lon="113.279775">
        <time>2026-07-31T22:14:11Z</time>
      </trkpt>
      <trkpt lat="23.061308" lon="113.27987">
        <time>2026-07-31T22:14:16Z</time>
      </trkpt>
      <trkpt lat="23.061263" lon="113.279967">
        <time>2026-07-31T22:14:21Z</time>
      </trkpt>
      <trkpt lat="23.061209" lon="113.280121">
        <time>2026-07-31T22:14:26Z</time>
      </trkpt>
      <trkpt lat="23.061146" lon="113.280277">
        <time>2026-07-31T22:14:31Z</time>
      </trkpt>
      <trkpt lat="23.061099" lon="113.280378">
        <time>2026-07-31T22:14:36Z</time>
      </trkpt>
      <trkpt lat="23.061052" lon="113.280483">
        <time>2026-07-31T22:14:41Z</time>
      </trkpt>
      <trkpt lat="23.060985" lon="113.280633">
        <time>2026-07-31T22:14:46Z</time>
      </trkpt>
      <trkpt lat="23.060925" lon="113.280783">
        <time>2026-07-31T22:14:51Z</time>
      </trkpt>
      <trkpt lat="23.060886" lon="113.280882">
        <time>2026-07-31T22:14:56Z</time>
      </trkpt>
      <trkpt lat="23.060843" lon="113.28098">
        <time>2026-07-31T22:15:01Z</time>
      </trkpt>
      <trkpt lat="23.060772" lon="113.281127">
        <time>2026-07-31T22:15:06Z</time>
      </trkpt>
      <trkpt lat="23.060703" lon="113.281271">
        <time>2026-07-31T22:15:11Z</time>
      </trkpt>
      <trkpt lat="23.060658" lon="113.281367">
        <time>2026-07-31T22:15:16Z</time>
      </trkpt>
      <trkpt lat="23.060616" lon="113.281463">
        <time>2026-07-31T22:15:21Z</time>
      </trkpt>
      <trkpt lat="23.060554" lon="113.28161">
        <time>2026-07-31T22:15:26Z</time>
      </trkpt>
      <trkpt lat="23.060487" lon="113.281764">
        <time>2026-07-31T22:15:31Z</time>
      </trkpt>
      <trkpt lat="23.060446" lon="113.281867">
        <time>2026-07-31T22:15:36Z</time>
      </trkpt>
      <trkpt lat="23.060407" lon="113.281964">
        <time>2026-07-31T22:15:41Z</time>
      </trkpt>
      <trkpt lat="23.060343" lon="113.28211">
        <time>2026-07-31T22:15:46Z</time>
      </trkpt>
      <trkpt lat="23.060288" lon="113.282258">
        <time>2026-07-31T22:15:51Z</time>
      </trkpt>
      <trkpt lat="23.060254" lon="113.282354">
        <time>2026-07-31T22:15:56Z</time>
      </trkpt>
      <trkpt lat="23.060217" lon="113.282446">
        <time>2026-07-31T22:16:01Z</time>
      </trkpt>
      <trkpt lat="23.060161" lon="113.282585">
        <time>2026-07-31T22:16:06Z</time>
      </trkpt>
      <trkpt lat="23.060102" lon="113.282726">
        <time>2026-07-31T22:16:11Z</time>
      </trkpt>
      <trkpt lat="23.060063" lon="113.282819">
        <time>2026-07-31T22:16:16Z</time>
      </trkpt>
      <trkpt lat="23.060022" lon="113.282915">
        <time>2026-07-31T22:16:21Z</time>
      </trkpt>
      <trkpt lat="23.059952" lon="113.283053">
        <time>2026-07-31T22:16:26Z</time>
      </trkpt>
      <trkpt lat="23.059887" lon="113.2832">
        <time>2026-07-31T22:16:31Z</time>
      </trkpt>
      <trkpt lat="23.059843" lon="113.283303">
        <time>2026-07-31T22:16:36Z</time>
      </trkpt>
      <trkpt lat="23.059799" lon="113.283411">
        <time>2026-07-31T22:16:41Z</time>
      </trkpt>
      <trkpt lat="23.059721" lon="113.283561">
        <time>2026-07-31T22:16:46Z</time>
      </trkpt>
      <trkpt lat="23.059652" lon="113.283706">
        <time>2026-07-31T22:16:51Z</time>
      </trkpt>
      <trkpt lat="23.059614" lon="113.283806">
        <time>2026-07-31T22:16:56Z</time>
      </trkpt>
      <trkpt lat="23.059572" lon="113.283906">
        <time>2026-07-31T22:17:01Z</time>
      </trkpt>
      <trkpt lat="23.059505" lon="113.284048">
        <time>2026-07-31T22:17:06Z</time>
      </trkpt>
      <trkpt lat="23.05942" lon="113.284181">
        <time>2026-07-31T22:17:11Z</time>
      </trkpt>
      <trkpt lat="23.059377" lon="113.284281">
        <time>2026-07-31T22:17:16Z</time>
      </trkpt>
      <trkpt lat="23.059334" lon="113.284383">
        <time>2026-07-31T22:17:21Z</time>
      </trkpt>
      <trkpt lat="23.059293" lon="113.284539">
        <time>2026-07-31T22:17:26Z</time>
      </trkpt>
      <trkpt lat="23.059271" lon="113.284697">
        <time>2026-07-31T22:17:31Z</time>
      </trkpt>
      <trkpt lat="23.059234" lon="113.284799">
        <time>2026-07-31T22:17:36Z</time>
      </trkpt>
      <trkpt lat="23.059188" lon="113.284897">
        <time>2026-07-31T22:17:41Z</time>
      </trkpt>
      <trkpt lat="23.059118" lon="113.285043">
        <time>2026-07-31T22:17:46Z</time>
      </trkpt>
      <trkpt lat="23.05906" lon="113.285186">
        <time>2026-07-31T22:17:51Z</time>
      </trkpt>
      <trkpt lat="23.059022" lon="113.285286">
        <time>2026-07-31T22:17:56Z</time>
      </trkpt>
      <trkpt lat="23.05898" lon="113.285389">
        <time>2026-07-31T22:18:01Z</time>
      </trkpt>
      <trkpt lat="23.058921" lon="113.285536">
        <time>2026-07-31T22:18:06Z</time>
      </trkpt>
      <trkpt lat="23.058857" lon="113.285692">
        <time>2026-07-31T22:18:11Z</time>
      </trkpt>
      <trkpt lat="23.058776" lon="113.285872">
        <time>2026-07-31T22:18:16Z</time>
      </trkpt>
      <trkpt lat="23.058739" lon="113.285951">
        <time>2026-07-31T22:18:21Z</time>
      </trkpt>
      <trkpt lat="23.058699" lon="113.286079">
        <time>2026-07-31T22:18:26Z</time>
      </trkpt>
      <trkpt lat="23.058669" lon="113.286186">
        <time>2026-07-31T22:18:31Z</time>
      </trkpt>
      <trkpt lat="23.058687" lon="113.286288">
        <time>2026-07-31T22:18:36Z</time>
      </trkpt>
      <trkpt lat="23.058807" lon="113.286368">
        <time>2026-07-31T22:18:41Z</time>
      </trkpt>
      <trkpt lat="23.058942" lon="113.286407">
        <time>2026-07-31T22:18:46Z</time>
      </trkpt>
      <trkpt lat="23.059035" lon="113.286416">
        <time>2026-07-31T22:18:51Z</time>
      </trkpt>
      <trkpt lat="23.059136" lon="113.286422">
        <time>2026-07-31T22:18:56Z</time>
      </trkpt>
      <trkpt lat="23.059288" lon="113.286428">
        <time>2026-07-31T22:19:01Z</time>
      </trkpt>
      <trkpt lat="23.059432" lon="113.286439">
        <time>2026-07-31T22:19:06Z</time>
      </trkpt>
      <trkpt lat="23.059523" lon="113.286447">
        <time>2026-07-31T22:19:11Z</time>
      </trkpt>
      <trkpt lat="23.059616" lon="113.286454">
        <time>2026-07-31T22:19:16Z</time>
      </trkpt>
      <trkpt lat="23.05976" lon="113.286463">
        <time>2026-07-31T22:19:21Z</time>
      </trkpt>
      <trkpt lat="23.059896" lon="113.286465">
        <time>2026-07-31T22:19:26Z</time>
      </trkpt>
      <trkpt lat="23.059984" lon="113.286466">
        <time>2026-07-31T22:19:31Z</time>
      </trkpt>
      <trkpt lat="23.060071" lon="113.286497">
        <time>2026-07-31T22:19:36Z</time>
      </trkpt>
      <trkpt lat="23.060132" lon="113.286636">
        <time>2026-07-31T22:19:41Z</time>
      </trkpt>
      <trkpt lat="23.060145" lon="113.286844">
        <time>2026-07-31T22:19:46Z</time>
      </trkpt>
      <trkpt lat="23.060163" lon="113.286971">
        <time>2026-07-31T22:19:51Z</time>
      </trkpt>
      <trkpt lat="23.060199" lon="113.287098">
        <time>2026-07-31T22:19:56Z</time>
      </trkpt>
      <trkpt lat="23.060236" lon="113.287273">
        <time>2026-07-31T22:20:01Z</time>
      </trkpt>
      <trkpt lat="23.060281" lon="113.287452">
        <time>2026-07-31T22:20:06Z</time>
      </trkpt>
      <trkpt lat="23.060299" lon="113.287567">
        <time>2026-07-31T22:20:11Z</time>
      </trkpt>
      <trkpt lat="23.060311" lon="113.287679">
        <time>2026-07-31T22:20:16Z</time>
      </trkpt>
      <trkpt lat="23.060266" lon="113.287836">
        <time>2026-07-31T22:20:21Z</time>
      </trkpt>
      <trkpt lat="23.060281" lon="113.287919">
        <time>2026-07-31T22:20:26Z</time>
      </trkpt>
      <trkpt lat="23.060307" lon="113.287861">
        <time>2026-07-31T22:20:31Z</time>
      </trkpt>
      <trkpt lat="23.060293" lon="113.287757">
        <time>2026-07-31T22:20:36Z</time>
      </trkpt>
      <trkpt lat="23.060273" lon="113.287574">
        <time>2026-07-31T22:20:41Z</time>
      </trkpt>
      <trkpt lat="23.060248" lon="113.287388">
        <time>2026-07-31T22:20:46Z</time>
      </trkpt>
      <trkpt lat="23.060224" lon="113.287277">
        <time>2026-07-31T22:20:51Z</time>
      </trkpt>
      <trkpt lat="23.060204" lon="113.28717">
        <time>2026-07-31T22:20:56Z</time>
      </trkpt>
      <trkpt lat="23.060185" lon="113.287011">
        <time>2026-07-31T22:21:01Z</time>
      </trkpt>
      <trkpt lat="23.060197" lon="113.286856">
        <time>2026-07-31T22:21:06Z</time>
      </trkpt>
      <trkpt lat="23.060234" lon="113.28676">
        <time>2026-07-31T22:21:11Z</time>
      </trkpt>
      <trkpt lat="23.060253" lon="113.286679">
        <time>2026-07-31T22:21:16Z</time>
      </trkpt>
      <trkpt lat="23.060263" lon="113.286532">
        <time>2026-07-31T22:21:21Z</time>
      </trkpt>
      <trkpt lat="23.06014" lon="113.286439">
        <time>2026-07-31T22:21:26Z</time>
      </trkpt>
      <trkpt lat="23.060034" lon="113.286409">
        <time>2026-07-31T22:21:31Z</time>
      </trkpt>
      <trkpt lat="23.059933" lon="113.286385">
        <time>2026-07-31T22:21:36Z</time>
      </trkpt>
      <trkpt lat="23.059787" lon="113.286361">
        <time>2026-07-31T22:21:41Z</time>
      </trkpt>
      <trkpt lat="23.059634" lon="113.286341">
        <time>2026-07-31T22:21:46Z</time>
      </trkpt>
      <trkpt lat="23.059532" lon="113.286333">
        <time>2026-07-31T22:21:51Z</time>
      </trkpt>
      <trkpt lat="23.059437" lon="113.286326">
        <time>2026-07-31T22:21:56Z</time>
      </trkpt>
      <trkpt lat="23.059304" lon="113.286311">
        <time>2026-07-31T22:22:01Z</time>
      </trkpt>
      <trkpt lat="23.059165" lon="113.286282">
        <time>2026-07-31T22:22:06Z</time>
      </trkpt>
      <trkpt lat="23.059065" lon="113.286243">
        <time>2026-07-31T22:22:11Z</time>
      </trkpt>
      <trkpt lat="23.058995" lon="113.28617">
        <time>2026-07-31T22:22:16Z</time>
      </trkpt>
      <trkpt lat="23.058992" lon="113.285992">
        <time>2026-07-31T22:22:21Z</time>
      </trkpt>
      <trkpt lat="23.059052" lon="113.285817">
        <time>2026-07-31T22:22:26Z</time>
      </trkpt>
      <trkpt lat="23.059092" lon="113.285712">
        <time>2026-07-31T22:22:31Z</time>
      </trkpt>
      <trkpt lat="23.059129" lon="113.285612">
        <time>2026-07-31T22:22:36Z</time>
      </trkpt>
      <trkpt lat="23.059173" lon="113.285455">
        <time>2026-07-31T22:22:41Z</time>
      </trkpt>
      <trkpt lat="23.059234" lon="113.285313">
        <time>2026-07-31T22:22:46Z</time>
      </trkpt>
      <trkpt lat="23.059214" lon="113.28524">
        <time>2026-07-31T22:22:51Z</time>
      </trkpt>
      <trkpt lat="23.059176" lon="113.285212">
        <time>2026-07-31T22:22:56Z</time>
      </trkpt>
      <trkpt lat="23.059204" lon="113.285086">
        <time>2026-07-31T22:23:01Z</time>
      </trkpt>
      <trkpt lat="23.059279" lon="113.28492">
        <time>2026-07-31T22:23:06Z</time>
      </trkpt>
      <trkpt lat="23.059329" lon="113.284812">
        <time>2026-07-31T22:23:11Z</time>
      </trkpt>
      <trkpt lat="23.059376" lon="113.284702">
        <time>2026-07-31T22:23:16Z</time>
      </trkpt>
      <trkpt lat="23.059447" lon="113.284543">
        <time>2026-07-31T22:23:21Z</time>
      </trkpt>
      <trkpt lat="23.059515" lon="113.284389">
        <time>2026-07-31T22:23:26Z</time>
      </trkpt>
      <trkpt lat="23.059558" lon="113.284285">
        <time>2026-07-31T22:23:31Z</time>
      </trkpt>
      <trkpt lat="23.059603" lon="113.284181">
        <time>2026-07-31T22:23:36Z</time>
      </trkpt>
      <trkpt lat="23.059673" lon="113.284019">
        <time>2026-07-31T22:23:41Z</time>
      </trkpt>
      <trkpt lat="23.059745" lon="113.283866">
        <time>2026-07-31T22:23:46Z</time>
      </trkpt>
      <trkpt lat="23.059795" lon="113.283764">
        <time>2026-07-31T22:23:51Z</time>
      </trkpt>
      <trkpt lat="23.059843" lon="113.283656">
        <time>2026-07-31T22:23:56Z</time>
      </trkpt>
      <trkpt lat="23.059917" lon="113.283495">
        <time>2026-07-31T22:24:01Z</time>
      </trkpt>
      <trkpt lat="23.059991" lon="113.283334">
        <time>2026-07-31T22:24:06Z</time>
      </trkpt>
      <trkpt lat="23.060043" lon="113.283232">
        <time>2026-07-31T22:24:11Z</time>
      </trkpt>
      <trkpt lat="23.060091" lon="113.283131">
        <time>2026-07-31T22:24:16Z</time>
      </trkpt>
      <trkpt lat="23.060162" lon="113.282979">
        <time>2026-07-31T22:24:21Z</time>
      </trkpt>
      <trkpt lat="23.060227" lon="113.282815">
        <time>2026-07-31T22:24:26Z</time>
      </trkpt>
      <trkpt lat="23.06027" lon="113.282702">
        <time>2026-07-31T22:24:31Z</time>
      </trkpt>
      <trkpt lat="23.060305" lon="113.282589">
        <time>2026-07-31T22:24:36Z</time>
      </trkpt>
      <trkpt lat="23.060358" lon="113.282421">
        <time>2026-07-31T22:24:41Z</time>
      </trkpt>
      <trkpt lat="23.060421" lon="113.282261">
        <time>2026-07-31T22:24:46Z</time>
      </trkpt>
      <trkpt lat="23.060466" lon="113.282158">
        <time>2026-07-31T22:24:51Z</time>
      </trkpt>
      <trkpt lat="23.060512" lon="113.282054">
        <time>2026-07-31T22:24:56Z</time>
      </trkpt>
      <trkpt lat="23.060577" lon="113.281901">
        <time>2026-07-31T22:25:01Z</time>
      </trkpt>
      <trkpt lat="23.060643" lon="113.281756">
        <time>2026-07-31T22:25:06Z</time>
      </trkpt>
      <trkpt lat="23.060684" lon="113.281651">
        <time>2026-07-31T22:25:11Z</time>
      </trkpt>
      <trkpt lat="23.060726" lon="113.281546">
        <time>2026-07-31T22:25:16Z</time>
      </trkpt>
      <trkpt lat="23.060789" lon="113.28139">
        <time>2026-07-31T22:25:21Z</time>
      </trkpt>
      <trkpt lat="23.060848" lon="113.281231">
        <time>2026-07-31T22:25:26Z</time>
      </trkpt>
      <trkpt lat="23.06089" lon="113.281128">
        <time>2026-07-31T22:25:31Z</time>
      </trkpt>
      <trkpt lat="23.060936" lon="113.281027">
        <time>2026-07-31T22:25:36Z</time>
      </trkpt>
      <trkpt lat="23.061001" lon="113.280883">
        <time>2026-07-31T22:25:41Z</time>
      </trkpt>
      <trkpt lat="23.061069" lon="113.280737">
        <time>2026-07-31T22:25:46Z</time>
      </trkpt>
      <trkpt lat="23.061123" lon="113.280642">
        <time>2026-07-31T22:25:51Z</time>
      </trkpt>
      <trkpt lat="23.061169" lon="113.280542">
        <time>2026-07-31T22:25:56Z</time>
      </trkpt>
      <trkpt lat="23.061231" lon="113.280391">
        <time>2026-07-31T22:26:01Z</time>
      </trkpt>
      <trkpt lat="23.061295" lon="113.28025">
        <time>2026-07-31T22:26:06Z</time>
      </trkpt>
      <trkpt lat="23.061349" lon="113.280161">
        <time>2026-07-31T22:26:11Z</time>
      </trkpt>
      <trkpt lat="23.061396" lon="113.280062">
        <time>2026-07-31T22:26:16Z</time>
      </trkpt>
      <trkpt lat="23.061455" lon="113.279914">
        <time>2026-07-31T22:26:21Z</time>
      </trkpt>
      <trkpt lat="23.06151" lon="113.279764">
        <time>2026-07-31T22:26:26Z</time>
      </trkpt>
      <trkpt lat="23.061547" lon="113.279667">
        <time>2026-07-31T22:26:31Z</time>
      </trkpt>
      <trkpt lat="23.061584" lon="113.279569">
        <time>2026-07-31T22:26:36Z</time>
      </trkpt>
      <trkpt lat="23.061645" lon="113.279416">
        <time>2026-07-31T22:26:41Z</time>
      </trkpt>
      <trkpt lat="23.061707" lon="113.279263">
        <time>2026-07-31T22:26:46Z</time>
      </trkpt>
      <trkpt lat="23.061752" lon="113.279164">
        <time>2026-07-31T22:26:51Z</time>
      </trkpt>
      <trkpt lat="23.061802" lon="113.27907">
        <time>2026-07-31T22:26:56Z</time>
      </trkpt>
      <trkpt lat="23.061896" lon="113.278934">
        <time>2026-07-31T22:27:01Z</time>
      </trkpt>
      <trkpt lat="23.061965" lon="113.278777">
        <time>2026-07-31T22:27:06Z</time>
      </trkpt>
      <trkpt lat="23.061977" lon="113.278659">
        <time>2026-07-31T22:27:11Z</time>
      </trkpt>
      <trkpt lat="23.061972" lon="113.278546">
        <time>2026-07-31T22:27:16Z</time>
      </trkpt>
      <trkpt lat="23.061961" lon="113.278377">
        <time>2026-07-31T22:27:21Z</time>
      </trkpt>
      <trkpt lat="23.06195" lon="113.278214">
        <time>2026-07-31T22:27:26Z</time>
      </trkpt>
      <trkpt lat="23.061946" lon="113.278109">
        <time>2026-07-31T22:27:31Z</time>
      </trkpt>
      <trkpt lat="23.061943" lon="113.278002">
        <time>2026-07-31T22:27:36Z</time>
      </trkpt>
      <trkpt lat="23.061944" lon="113.277837">
        <time>2026-07-31T22:27:41Z</time>
      </trkpt>
      <trkpt lat="23.061977" lon="113.277675">
        <time>2026-07-31T22:27:46Z</time>
      </trkpt>
      <trkpt lat="23.062014" lon="113.277574">
        <time>2026-07-31T22:27:51Z</time>
      </trkpt>
      <trkpt lat="23.062056" lon="113.277475">
        <time>2026-07-31T22:27:56Z</time>
      </trkpt>
      <trkpt lat="23.062112" lon="113.277323">
        <time>2026-07-31T22:28:01Z</time>
      </trkpt>
      <trkpt lat="23.062164" lon="113.277177">
        <time>2026-07-31T22:28:06Z</time>
      </trkpt>
      <trkpt lat="23.062202" lon="113.277081">
        <time>2026-07-31T22:28:11Z</time>
      </trkpt>
      <trkpt lat="23.062235" lon="113.276984">
        <time>2026-07-31T22:28:16Z</time>
      </trkpt>
      <trkpt lat="23.062291" lon="113.276833">
        <time>2026-07-31T22:28:21Z</time>
      </trkpt>
      <trkpt lat="23.062351" lon="113.27667">
        <time>2026-07-31T22:28:26Z</time>
      </trkpt>
      <trkpt lat="23.062388" lon="113.276561">
        <time>2026-07-31T22:28:31Z</time>
      </trkpt>
      <trkpt lat="23.062426" lon="113.276453">
        <time>2026-07-31T22:28:36Z</time>
      </trkpt>
      <trkpt lat="23.06248" lon="113.276296">
        <time>2026-07-31T22:28:41Z</time>
      </trkpt>
      <trkpt lat="23.062549" lon="113.276148">
        <time>2026-07-31T22:28:46Z</time>
      </trkpt>
      <trkpt lat="23.062605" lon="113.276049">
        <time>2026-07-31T22:28:51Z</time>
      </trkpt>
      <trkpt lat="23.062665" lon="113.275954">
        <time>2026-07-31T22:28:56Z</time>
      </trkpt>
      <trkpt lat="23.06277" lon="113.275828">
        <time>2026-07-31T22:29:01Z</time>
      </trkpt>
      <trkpt lat="23.062894" lon="113.275711">
        <time>2026-07-31T22:29:06Z</time>
      </trkpt>
      <trkpt lat="23.06298" lon="113.275631">
        <time>2026-07-31T22:29:11Z</time>
      </trkpt>
      <trkpt lat="23.063058" lon="113.275544">
        <time>2026-07-31T22:29:16Z</time>
      </trkpt>
      <trkpt lat="23.063151" lon="113.275396">
        <time>2026-07-31T22:29:21Z</time>
      </trkpt>
      <trkpt lat="23.063236" lon="113.27524">
        <time>2026-07-31T22:29:26Z</time>
      </trkpt>
      <trkpt lat="23.063294" lon="113.275138">
        <time>2026-07-31T22:29:31Z</time>
      </trkpt>
      <trkpt lat="23.063352" lon="113.275035">
        <time>2026-07-31T22:29:36Z</time>
      </trkpt>
      <trkpt lat="23.063407" lon="113.274872">
        <time>2026-07-31T22:29:41Z</time>
      </trkpt>
      <trkpt lat="23.063458" lon="113.274716">
        <time>2026-07-31T22:29:46Z</time>
      </trkpt>
      <trkpt lat="23.063492" lon="113.274608">
        <time>2026-07-31T22:29:51Z</time>
      </trkpt>
      <trkpt lat="23.063521" lon="113.274498">
        <time>2026-07-31T22:29:56Z</time>
      </trkpt>
      <trkpt lat="23.063579" lon="113.274339">
        <time>2026-07-31T22:30:01Z</time>
      </trkpt>
      <trkpt lat="23.063683" lon="113.274216">
        <time>2026-07-31T22:30:06Z</time>
      </trkpt>
      <trkpt lat="23.063779" lon="113.274141">
        <time>2026-07-31T22:30:11Z</time>
      </trkpt>
      <trkpt lat="23.063864" lon="113.274052">
        <time>2026-07-31T22:30:16Z</time>
      </trkpt>
      <trkpt lat="23.063946" lon="113.273901">
        <time>2026-07-31T22:30:21Z</time>
      </trkpt>
      <trkpt lat="23.064029" lon="113.273759">
        <time>2026-07-31T22:30:26Z</time>
      </trkpt>
      <trkpt lat="23.064099" lon="113.273685">
        <time>2026-07-31T22:30:31Z</time>
      </trkpt>
      <trkpt lat="23.064178" lon="113.273618">
        <time>2026-07-31T22:30:36Z</time>
      </trkpt>
      <trkpt lat="23.064301" lon="113.273521">
        <time>2026-07-31T22:30:41Z</time>
      </trkpt>
      <trkpt lat="23.064422" lon="113.273425">
        <time>2026-07-31T22:30:46Z</time>
      </trkpt>
      <trkpt lat="23.064494" lon="113.273354">
        <time>2026-07-31T22:30:51Z</time>
      </trkpt>
      <trkpt lat="23.064548" lon="113.273271">
        <time>2026-07-31T22:30:56Z</time>
      </trkpt>
      <trkpt lat="23.064573" lon="113.273114">
        <time>2026-07-31T22:31:01Z</time>
      </trkpt>
      <trkpt lat="23.064524" lon="113.272949">
        <time>2026-07-31T22:31:06Z</time>
      </trkpt>
      <trkpt lat="23.064484" lon="113.272842">
        <time>2026-07-31T22:31:11Z</time>
      </trkpt>
      <trkpt lat="23.064451" lon="113.272732">
        <time>2026-07-31T22:31:16Z</time>
      </trkpt>
      <trkpt lat="23.064444" lon="113.272567">
        <time>2026-07-31T22:31:21Z</time>
      </trkpt>
      <trkpt lat="23.064509" lon="113.272408">
        <time>2026-07-31T22:31:26Z</time>
      </trkpt>
      <trkpt lat="23.064546" lon="113.272298">
        <time>2026-07-31T22:31:31Z</time>
      </trkpt>
      <trkpt lat="23.064578" lon="113.272185">
        <time>2026-07-31T22:31:36Z</time>
      </trkpt>
      <trkpt lat="23.064642" lon="113.272026">
        <time>2026-07-31T22:31:41Z</time>
      </trkpt>
      <trkpt lat="23.064709" lon="113.27188">
        <time>2026-07-31T22:31:46Z</time>
      </trkpt>
      <trkpt lat="23.064753" lon="113.271785">
        <time>2026-07-31T22:31:51Z</time>
      </trkpt>
      <trkpt lat="23.064804" lon="113.271684">
        <time>2026-07-31T22:31:56Z</time>
      </trkpt>
      <trkpt lat="23.064883" lon="113.271527">
        <time>2026-07-31T22:32:01Z</time>
      </trkpt>
      <trkpt lat="23.064963" lon="113.271368">
        <time>2026-07-31T22:32:06Z</time>
      </trkpt>
      <trkpt lat="23.065009" lon="113.271258">
        <time>2026-07-31T22:32:11Z</time>
      </trkpt>
      <trkpt lat="23.065065" lon="113.271159">
        <time>2026-07-31T22:32:16Z</time>
      </trkpt>
      <trkpt lat="23.065144" lon="113.271006">
        <time>2026-07-31T22:32:21Z</time>
      </trkpt>
      <trkpt lat="23.065214" lon="113.270843">
        <time>2026-07-31T22:32:26Z</time>
      </trkpt>
      <trkpt lat="23.065264" lon="113.27074">
        <time>2026-07-31T22:32:31Z</time>
      </trkpt>
      <trkpt lat="23.065311" lon="113.270636">
        <time>2026-07-31T22:32:36Z</time>
      </trkpt>
      <trkpt lat="23.065379" lon="113.270476">
        <time>2026-07-31T22:32:41Z</time>
      </trkpt>
      <trkpt lat="23.065448" lon="113.270318">
        <time>2026-07-31T22:32:46Z</time>
      </trkpt>
      <trkpt lat="23.065493" lon="113.270214">
        <time>2026-07-31T22:32:51Z</time>
      </trkpt>
      <trkpt lat="23.065534" lon="113.270113">
        <time>2026-07-31T22:32:56Z</time>
      </trkpt>
      <trkpt lat="23.065583" lon="113.269959">
        <time>2026-07-31T22:33:01Z</time>
      </trkpt>
      <trkpt lat="23.065632" lon="113.2698">
        <time>2026-07-31T22:33:06Z</time>
      </trkpt>
      <trkpt lat="23.065673" lon="113.269695">
        <time>2026-07-31T22:33:11Z</time>
      </trkpt>
      <trkpt lat="23.065717" lon="113.269593">
        <time>2026-07-31T22:33:16Z</time>
      </trkpt>
      <trkpt lat="23.065756" lon="113.269426">
        <time>2026-07-31T22:33:21Z</time>
      </trkpt>
      <trkpt lat="23.065784" lon="113.269253">
        <time>2026-07-31T22:33:26Z</time>
      </trkpt>
      <trkpt lat="23.065816" lon="113.269143">
        <time>2026-07-31T22:33:31Z</time>
      </trkpt>
      <trkpt lat="23.065849" lon="113.269039">
        <time>2026-07-31T22:33:36Z</time>
      </trkpt>
      <trkpt lat="23.06591" lon="113.268885">
        <time>2026-07-31T22:33:41Z</time>
      </trkpt>
      <trkpt lat="23.065984" lon="113.268735">
        <time>2026-07-31T22:33:46Z</time>
      </trkpt>
      <trkpt lat="23.066038" lon="113.26864">
        <time>2026-07-31T22:33:51Z</time>
      </trkpt>
      <trkpt lat="23.066092" lon="113.268546">
        <time>2026-07-31T22:33:56Z</time>
      </trkpt>
      <trkpt lat="23.06618" lon="113.268408">
        <time>2026-07-31T22:34:01Z</time>
      </trkpt>
      <trkpt lat="23.06629" lon="113.268278">
        <time>2026-07-31T22:34:06Z</time>
      </trkpt>
      <trkpt lat="23.066367" lon="113.268194">
        <time>2026-07-31T22:34:11Z</time>
      </trkpt>
      <trkpt lat="23.06646" lon="113.268139">
        <time>2026-07-31T22:34:16Z</time>
      </trkpt>
      <trkpt lat="23.066611" lon="113.268136">
        <time>2026-07-31T22:34:21Z</time>
      </trkpt>
      <trkpt lat="23.066664" lon="113.268044">
        <time>2026-07-31T22:34:26Z</time>
      </trkpt>
      <trkpt lat="23.066569" lon="113.267978">
        <time>2026-07-31T22:34:31Z</time>
      </trkpt>
      <trkpt lat="23.066448" lon="113.26795">
        <time>2026-07-31T22:34:36Z</time>
      </trkpt>
      <trkpt lat="23.066287" lon="113.267971">
        <time>2026-07-31T22:34:41Z</time>
      </trkpt>
      <trkpt lat="23.066156" lon="113.268073">
        <time>2026-07-31T22:34:46Z</time>
      </trkpt>
      <trkpt lat="23.066082" lon="113.268163">
        <time>2026-07-31T22:34:51Z</time>
      </trkpt>
      <trkpt lat="23.066015" lon="113.268253">
        <time>2026-07-31T22:34:56Z</time>
      </trkpt>
      <trkpt lat="23.065928" lon="113.268393">
        <time>2026-07-31T22:35:01Z</time>
      </trkpt>
      <trkpt lat="23.065841" lon="113.268533">
        <time>2026-07-31T22:35:06Z</time>
      </trkpt>
      <trkpt lat="23.065791" lon="113.268631">
        <time>2026-07-31T22:35:11Z</time>
      </trkpt>
      <trkpt lat="23.065742" lon="113.26873">
        <time>2026-07-31T22:35:16Z</time>
      </trkpt>
      <trkpt lat="23.065667" lon="113.268882">
        <time>2026-07-31T22:35:21Z</time>
      </trkpt>
      <trkpt lat="23.065607" lon="113.269035">
        <time>2026-07-31T22:35:26Z</time>
      </trkpt>
      <trkpt lat="23.065578" lon="113.269139">
        <time>2026-07-31T22:35:31Z</time>
      </trkpt>
      <trkpt lat="23.065552" lon="113.269246">
        <time>2026-07-31T22:35:36Z</time>
      </trkpt>
      <trkpt lat="23.065515" lon="113.269413">
        <time>2026-07-31T22:35:41Z</time>
      </trkpt>
      <trkpt lat="23.065477" lon="113.269577">
        <time>2026-07-31T22:35:46Z</time>
      </trkpt>
      <trkpt lat="23.065456" lon="113.269684">
        <time>2026-07-31T22:35:51Z</time>
      </trkpt>
      <trkpt lat="23.065439" lon="113.269791">
        <time>2026-07-31T22:35:56Z</time>
      </trkpt>
      <trkpt lat="23.065382" lon="113.269941">
        <time>2026-07-31T22:36:01Z</time>
      </trkpt>
      <trkpt lat="23.065322" lon="113.270096">
        <time>2026-07-31T22:36:06Z</time>
      </trkpt>
      <trkpt lat="23.065279" lon="113.270196">
        <time>2026-07-31T22:36:11Z</time>
      </trkpt>
      <trkpt lat="23.065227" lon="113.270293">
        <time>2026-07-31T22:36:16Z</time>
      </trkpt>
      <trkpt lat="23.065156" lon="113.270445">
        <time>2026-07-31T22:36:21Z</time>
      </trkpt>
      <trkpt lat="23.065092" lon="113.270593">
        <time>2026-07-31T22:36:26Z</time>
      </trkpt>
      <trkpt lat="23.065046" lon="113.270691">
        <time>2026-07-31T22:36:31Z</time>
      </trkpt>
      <trkpt lat="23.065" lon="113.270789">
        <time>2026-07-31T22:36:36Z</time>
      </trkpt>
      <trkpt lat="23.064923" lon="113.270933">
        <time>2026-07-31T22:36:41Z</time>
      </trkpt>
      <trkpt lat="23.064857" lon="113.271088">
        <time>2026-07-31T22:36:46Z</time>
      </trkpt>
      <trkpt lat="23.064821" lon="113.271186">
        <time>2026-07-31T22:36:51Z</time>
      </trkpt>
      <trkpt lat="23.064781" lon="113.271288">
        <time>2026-07-31T22:36:56Z</time>
      </trkpt>
      <trkpt lat="23.064709" lon="113.271432">
        <time>2026-07-31T22:37:01Z</time>
      </trkpt>
      <trkpt lat="23.06464" lon="113.271578">
        <time>2026-07-31T22:37:06Z</time>
      </trkpt>
      <trkpt lat="23.064594" lon="113.271677">
        <time>2026-07-31T22:37:11Z</time>
      </trkpt>
      <trkpt lat="23.064548" lon="113.271777">
        <time>2026-07-31T22:37:16Z</time>
      </trkpt>
      <trkpt lat="23.064478" lon="113.271928">
        <time>2026-07-31T22:37:21Z</time>
      </trkpt>
      <trkpt lat="23.06441" lon="113.272083">
        <time>2026-07-31T22:37:26Z</time>
      </trkpt>
      <trkpt lat="23.064366" lon="113.272185">
        <time>2026-07-31T22:37:31Z</time>
      </trkpt>
      <trkpt lat="23.064338" lon="113.272294">
        <time>2026-07-31T22:37:36Z</time>
      </trkpt>
      <trkpt lat="23.064321" lon="113.27246">
        <time>2026-07-31T22:37:41Z</time>
      </trkpt>
      <trkpt lat="23.064322" lon="113.272619">
        <time>2026-07-31T22:37:46Z</time>
      </trkpt>
      <trkpt lat="23.064347" lon="113.272726">
        <time>2026-07-31T22:37:51Z</time>
      </trkpt>
      <trkpt lat="23.064387" lon="113.27283">
        <time>2026-07-31T22:37:56Z</time>
      </trkpt>
      <trkpt lat="23.064448" lon="113.272987">
        <time>2026-07-31T22:38:01Z</time>
      </trkpt>
      <trkpt lat="23.064483" lon="113.273146">
        <time>2026-07-31T22:38:06Z</time>
      </trkpt>
      <trkpt lat="23.064471" lon="113.273251">
        <time>2026-07-31T22:38:11Z</time>
      </trkpt>
      <trkpt lat="23.064414" lon="113.273343">
        <time>2026-07-31T22:38:16Z</time>
      </trkpt>
      <trkpt lat="23.064281" lon="113.273446">
        <time>2026-07-31T22:38:21Z</time>
      </trkpt>
      <trkpt lat="23.064148" lon="113.273543">
        <time>2026-07-31T22:38:26Z</time>
      </trkpt>
      <trkpt lat="23.06406" lon="113.273612">
        <time>2026-07-31T22:38:31Z</time>
      </trkpt>
      <trkpt lat="23.063979" lon="113.273687">
        <time>2026-07-31T22:38:36Z</time>
      </trkpt>
      <trkpt lat="23.063879" lon="113.273813">
        <time>2026-07-31T22:38:41Z</time>
      </trkpt>
      <trkpt lat="23.063795" lon="113.273954">
        <time>2026-07-31T22:38:46Z</time>
      </trkpt>
      <trkpt lat="23.063739" lon="113.274048">
        <time>2026-07-31T22:38:51Z</time>
      </trkpt>
      <trkpt lat="23.063674" lon="113.274126">
        <time>2026-07-31T22:38:56Z</time>
      </trkpt>
      <trkpt lat="23.063563" lon="113.274227">
        <time>2026-07-31T22:39:01Z</time>
      </trkpt>
      <trkpt lat="23.063486" lon="113.274369">
        <time>2026-07-31T22:39:06Z</time>
      </trkpt>
      <trkpt lat="23.063447" lon="113.274477">
        <time>2026-07-31T22:39:11Z</time>
      </trkpt>
      <trkpt lat="23.063412" lon="113.274585">
        <time>2026-07-31T22:39:16Z</time>
      </trkpt>
      <trkpt lat="23.06336" lon="113.274743">
        <time>2026-07-31T22:39:21Z</time>
      </trkpt>
      <trkpt lat="23.063308" lon="113.274905">
        <time>2026-07-31T22:39:26Z</time>
      </trkpt>
      <trkpt lat="23.063269" lon="113.275016">
        <time>2026-07-31T22:39:31Z</time>
      </trkpt>
      <trkpt lat="23.063218" lon="113.275119">
        <time>2026-07-31T22:39:36Z</time>
      </trkpt>
      <trkpt lat="23.063133" lon="113.275252">
        <time>2026-07-31T22:39:41Z</time>
      </trkpt>
      <trkpt lat="23.063041" lon="113.275391">
        <time>2026-07-31T22:39:46Z</time>
      </trkpt>
      <trkpt lat="23.062986" lon="113.275487">
        <time>2026-07-31T22:39:51Z</time>
      </trkpt>
      <trkpt lat="23.062921" lon="113.275575">
        <time>2026-07-31T22:39:56Z</time>
      </trkpt>
      <trkpt lat="23.062811" lon="113.275691">
        <time>2026-07-31T22:40:01Z</time>
      </trkpt>
      <trkpt lat="23.062697" lon="113.275798">
        <time>2026-07-31T22:40:06Z</time>
      </trkpt>
      <trkpt lat="23.06263" lon="113.275877">
        <time>2026-07-31T22:40:11Z</time>
      </trkpt>
      <trkpt lat="23.06257" lon="113.275963">
        <time>2026-07-31T22:40:16Z</time>
      </trkpt>
      <trkpt lat="23.062489" lon="113.2761">
        <time>2026-07-31T22:40:21Z</time>
      </trkpt>
      <trkpt lat="23.062423" lon="113.276243">
        <time>2026-07-31T22:40:26Z</time>
      </trkpt>
      <trkpt lat="23.062384" lon="113.276342">
        <time>2026-07-31T22:40:31Z</time>
      </trkpt>
      <trkpt lat="23.062349" lon="113.276441">
        <time>2026-07-31T22:40:36Z</time>
      </trkpt>
      <trkpt lat="23.062295" lon="113.276595">
        <time>2026-07-31T22:40:41Z</time>
      </trkpt>
      <trkpt lat="23.062238" lon="113.276745">
        <time>2026-07-31T22:40:46Z</time>
      </trkpt>
      <trkpt lat="23.062201" lon="113.276844">
        <time>2026-07-31T22:40:51Z</time>
      </trkpt>
      <trkpt lat="23.062162" lon="113.276943">
        <time>2026-07-31T22:40:56Z</time>
      </trkpt>
      <trkpt lat="23.062108" lon="113.277101">
        <time>2026-07-31T22:41:01Z</time>
      </trkpt>
      <trkpt lat="23.062051" lon="113.277258">
        <time>2026-07-31T22:41:06Z</time>
      </trkpt>
      <trkpt lat="23.06201" lon="113.277358">
        <time>2026-07-31T22:41:11Z</time>
      </trkpt>
      <trkpt lat="23.06197" lon="113.277463">
        <time>2026-07-31T22:41:16Z</time>
      </trkpt>
      <trkpt lat="23.061912" lon="113.27762">
        <time>2026-07-31T22:41:21Z</time>
      </trkpt>
      <trkpt lat="23.061866" lon="113.277779">
        <time>2026-07-31T22:41:26Z</time>
      </trkpt>
      <trkpt lat="23.061852" lon="113.277887">
        <time>2026-07-31T22:41:31Z</time>
      </trkpt>
      <trkpt lat="23.061852" lon="113.277995">
        <time>2026-07-31T22:41:36Z</time>
      </trkpt>
      <trkpt lat="23.06186" lon="113.278157">
        <time>2026-07-31T22:41:41Z</time>
      </trkpt>
      <trkpt lat="23.061864" lon="113.278311">
        <time>2026-07-31T22:41:46Z</time>
      </trkpt>
      <trkpt lat="23.061868" lon="113.278415">
        <time>2026-07-31T22:41:51Z</time>
      </trkpt>
      <trkpt lat="23.061872" lon="113.278519">
        <time>2026-07-31T22:41:56Z</time>
      </trkpt>
      <trkpt lat="23.061875" lon="113.278672">
        <time>2026-07-31T22:42:01Z</time>
      </trkpt>
      <trkpt lat="23.061831" lon="113.278821">
        <time>2026-07-31T22:42:06Z</time>
      </trkpt>
      <trkpt lat="23.061774" lon="113.278914">
        <time>2026-07-31T22:42:11Z</time>
      </trkpt>
      <trkpt lat="23.061715" lon="113.279009">
        <time>2026-07-31T22:42:16Z</time>
      </trkpt>
      <trkpt lat="23.061632" lon="113.279153">
        <time>2026-07-31T22:42:21Z</time>
      </trkpt>
      <trkpt lat="23.061567" lon="113.279305">
        <time>2026-07-31T22:42:26Z</time>
      </trkpt>
      <trkpt lat="23.061529" lon="113.279413">
        <time>2026-07-31T22:42:31Z</time>
      </trkpt>
      <trkpt lat="23.061493" lon="113.279519">
        <time>2026-07-31T22:42:36Z</time>
      </trkpt>
      <trkpt lat="23.061434" lon="113.279676">
        <time>2026-07-31T22:42:41Z</time>
      </trkpt>
      <trkpt lat="23.061373" lon="113.279837">
        <time>2026-07-31T22:42:46Z</time>
      </trkpt>
      <trkpt lat="23.06134" lon="113.279949">
        <time>2026-07-31T22:42:51Z</time>
      </trkpt>
      <trkpt lat="23.061299" lon="113.280057">
        <time>2026-07-31T22:42:56Z</time>
      </trkpt>
      <trkpt lat="23.06123" lon="113.280209">
        <time>2026-07-31T22:43:01Z</time>
      </trkpt>
      <trkpt lat="23.061156" lon="113.280357">
        <time>2026-07-31T22:43:06Z</time>
      </trkpt>
      <trkpt lat="23.061093" lon="113.28045">
        <time>2026-07-31T22:43:11Z</time>
      </trkpt>
      <trkpt lat="23.061025" lon="113.280535">
        <time>2026-07-31T22:43:16Z</time>
      </trkpt>
      <trkpt lat="23.06095" lon="113.280682">
        <time>2026-07-31T22:43:21Z</time>
      </trkpt>
      <trkpt lat="23.060886" lon="113.280837">
        <time>2026-07-31T22:43:26Z</time>
      </trkpt>
      <trkpt lat="23.060844" lon="113.280939">
        <time>2026-07-31T22:43:31Z</time>
      </trkpt>
      <trkpt lat="23.060804" lon="113.281038">
        <time>2026-07-31T22:43:36Z</time>
      </trkpt>
      <trkpt lat="23.060739" lon="113.281181">
        <time>2026-07-31T22:43:41Z</time>
      </trkpt>
      <trkpt lat="23.060673" lon="113.281328">
        <time>2026-07-31T22:43:46Z</time>
      </trkpt>
      <trkpt lat="23.060628" lon="113.281428">
        <time>2026-07-31T22:43:51Z</time>
      </trkpt>
      <trkpt lat="23.060584" lon="113.281526">
        <time>2026-07-31T22:43:56Z</time>
      </trkpt>
      <trkpt lat="23.060518" lon="113.281673">
        <time>2026-07-31T22:44:01Z</time>
      </trkpt>
      <trkpt lat="23.060451" lon="113.28183">
        <time>2026-07-31T22:44:06Z</time>
      </trkpt>
      <trkpt lat="23.060407" lon="113.281936">
        <time>2026-07-31T22:44:11Z</time>
      </trkpt>
      <trkpt lat="23.060365" lon="113.282039">
        <time>2026-07-31T22:44:16Z</time>
      </trkpt>
      <trkpt lat="23.060303" lon="113.282192">
        <time>2026-07-31T22:44:21Z</time>
      </trkpt>
      <trkpt lat="23.060236" lon="113.282346">
        <time>2026-07-31T22:44:26Z</time>
      </trkpt>
      <trkpt lat="23.060193" lon="113.282451">
        <time>2026-07-31T22:44:31Z</time>
      </trkpt>
      <trkpt lat="23.060156" lon="113.282559">
        <time>2026-07-31T22:44:36Z</time>
      </trkpt>
      <trkpt lat="23.060101" lon="113.282717">
        <time>2026-07-31T22:44:41Z</time>
      </trkpt>
      <trkpt lat="23.060033" lon="113.282862">
        <time>2026-07-31T22:44:46Z</time>
      </trkpt>
      <trkpt lat="23.059988" lon="113.282965">
        <time>2026-07-31T22:44:51Z</time>
      </trkpt>
      <trkpt lat="23.059944" lon="113.283067">
        <time>2026-07-31T22:44:56Z</time>
      </trkpt>
      <trkpt lat="23.059872" lon="113.283212">
        <time>2026-07-31T22:45:01Z</time>
      </trkpt>
      <trkpt lat="23.059805" lon="113.283361">
        <time>2026-07-31T22:45:06Z</time>
      </trkpt>
      <trkpt lat="23.059758" lon="113.283463">
        <time>2026-07-31T22:45:11Z</time>
      </trkpt>
      <trkpt lat="23.059714" lon="113.28356">
        <time>2026-07-31T22:45:16Z</time>
      </trkpt>
      <trkpt lat="23.05966" lon="113.283704">
        <time>2026-07-31T22:45:21Z</time>
      </trkpt>
      <trkpt lat="23.059589" lon="113.28385">
        <time>2026-07-31T22:45:26Z</time>
      </trkpt>
      <trkpt lat="23.05955" lon="113.283956">
        <time>2026-07-31T22:45:31Z</time>
      </trkpt>
      <trkpt lat="23.059509" lon="113.284058">
        <time>2026-07-31T22:45:36Z</time>
      </trkpt>
      <trkpt lat="23.059452" lon="113.284218">
        <time>2026-07-31T22:45:41Z</time>
      </trkpt>
      <trkpt lat="23.059408" lon="113.28438">
        <time>2026-07-31T22:45:46Z</time>
      </trkpt>
      <trkpt lat="23.059365" lon="113.284481">
        <time>2026-07-31T22:45:51Z</time>
      </trkpt>
      <trkpt lat="23.059311" lon="113.284578">
        <time>2026-07-31T22:45:56Z</time>
      </trkpt>
      <trkpt lat="23.05925" lon="113.284722">
        <time>2026-07-31T22:46:01Z</time>
      </trkpt>
      <trkpt lat="23.059195" lon="113.284874">
        <time>2026-07-31T22:46:06Z</time>
      </trkpt>
      <trkpt lat="23.059151" lon="113.284977">
        <time>2026-07-31T22:46:11Z</time>
      </trkpt>
      <trkpt lat="23.059106" lon="113.285084">
        <time>2026-07-31T22:46:16Z</time>
      </trkpt>
      <trkpt lat="23.059048" lon="113.285236">
        <time>2026-07-31T22:46:21Z</time>
      </trkpt>
      <trkpt lat="23.058988" lon="113.285383">
        <time>2026-07-31T22:46:26Z</time>
      </trkpt>
      <trkpt lat="23.058942" lon="113.285477">
        <time>2026-07-31T22:46:31Z</time>
      </trkpt>
      <trkpt lat="23.0589" lon="113.285573">
        <time>2026-07-31T22:46:36Z</time>
      </trkpt>
      <trkpt lat="23.058836" lon="113.285724">
        <time>2026-07-31T22:46:41Z</time>
      </trkpt>
      <trkpt lat="23.058767" lon="113.285874">
        <time>2026-07-31T22:46:46Z</time>
      </trkpt>
      <trkpt lat="23.058721" lon="113.285975">
        <time>2026-07-31T22:46:51Z</time>
      </trkpt>
      <trkpt lat="23.058707" lon="113.286062">
        <time>2026-07-31T22:46:56Z</time>
      </trkpt>
      <trkpt lat="23.058809" lon="113.286042">
        <time>2026-07-31T22:47:01Z</time>
      </trkpt>
      <trkpt lat="23.058885" lon="113.285884">
        <time>2026-07-31T22:47:06Z</time>
      </trkpt>
      <trkpt lat="23.058917" lon="113.285775">
        <time>2026-07-31T22:47:11Z</time>
      </trkpt>
      <trkpt lat="23.058953" lon="113.285668">
        <time>2026-07-31T22:47:16Z</time>
      </trkpt>
      <trkpt lat="23.059022" lon="113.285519">
        <time>2026-07-31T22:47:21Z</time>
      </trkpt>
      <trkpt lat="23.059084" lon="113.285373">
        <time>2026-07-31T22:47:26Z</time>
      </trkpt>
      <trkpt lat="23.059126" lon="113.285273">
        <time>2026-07-31T22:47:31Z</time>
      </trkpt>
      <trkpt lat="23.059168" lon="113.285172">
        <time>2026-07-31T22:47:36Z</time>
      </trkpt>
      <trkpt lat="23.059232" lon="113.285019">
        <time>2026-07-31T22:47:41Z</time>
      </trkpt>
      <trkpt lat="23.059298" lon="113.284863">
        <time>2026-07-31T22:47:46Z</time>
      </trkpt>
      <trkpt lat="23.059342" lon="113.284759">
        <time>2026-07-31T22:47:51Z</time>
      </trkpt>
      <trkpt lat="23.059386" lon="113.284657">
        <time>2026-07-31T22:47:56Z</time>
      </trkpt>
      <trkpt lat="23.059452" lon="113.284503">
        <time>2026-07-31T22:48:01Z</time>
      </trkpt>
      <trkpt lat="23.059517" lon="113.284351">
        <time>2026-07-31T22:48:06Z</time>
      </trkpt>
      <trkpt lat="23.059557" lon="113.284248">
        <time>2026-07-31T22:48:11Z</time>
      </trkpt>
      <trkpt lat="23.0596" lon="113.284139">
        <time>2026-07-31T22:48:16Z</time>
      </trkpt>
      <trkpt lat="23.059669" lon="113.283984">
        <time>2026-07-31T22:48:21Z</time>
      </trkpt>
      <trkpt lat="23.05974" lon="113.283837">
        <time>2026-07-31T22:48:26Z</time>
      </trkpt>
      <trkpt lat="23.05979" lon="113.28373">
        <time>2026-07-31T22:48:31Z</time>
      </trkpt>
      <trkpt lat="23.059837" lon="113.283622">
        <time>2026-07-31T22:48:36Z</time>
      </trkpt>
      <trkpt lat="23.059911" lon="113.283465">
        <time>2026-07-31T22:48:41Z</time>
      </trkpt>
      <trkpt lat="23.059986" lon="113.28331">
        <time>2026-07-31T22:48:46Z</time>
      </trkpt>
      <trkpt lat="23.060037" lon="113.283212">
        <time>2026-07-31T22:48:51Z</time>
      </trkpt>
      <trkpt lat="23.060083" lon="113.283112">
        <time>2026-07-31T22:48:56Z</time>
      </trkpt>
      <trkpt lat="23.060145" lon="113.282957">
        <time>2026-07-31T22:49:01Z</time>
      </trkpt>
      <trkpt lat="23.060207" lon="113.2828">
        <time>2026-07-31T22:49:06Z</time>
      </trkpt>
      <trkpt lat="23.060249" lon="113.282699">
        <time>2026-07-31T22:49:11Z</time>
      </trkpt>
      <trkpt lat="23.060287" lon="113.282589">
        <time>2026-07-31T22:49:16Z</time>
      </trkpt>
      <trkpt lat="23.060344" lon="113.282429">
        <time>2026-07-31T22:49:21Z</time>
      </trkpt>
      <trkpt lat="23.060404" lon="113.28228">
        <time>2026-07-31T22:49:26Z</time>
      </trkpt>
      <trkpt lat="23.060444" lon="113.282181">
        <time>2026-07-31T22:49:31Z</time>
      </trkpt>
      <trkpt lat="23.060485" lon="113.282079">
        <time>2026-07-31T22:49:36Z</time>
      </trkpt>
      <trkpt lat="23.060544" lon="113.281931">
        <time>2026-07-31T22:49:41Z</time>
      </trkpt>
      <trkpt lat="23.060613" lon="113.281783">
        <time>2026-07-31T22:49:46Z</time>
      </trkpt>
      <trkpt lat="23.060656" lon="113.281682">
        <time>2026-07-31T22:49:51Z</time>
      </trkpt>
      <trkpt lat="23.060695" lon="113.281583">
        <time>2026-07-31T22:49:56Z</time>
      </trkpt>
      <trkpt lat="23.06076" lon="113.28144">
        <time>2026-07-31T22:50:01Z</time>
      </trkpt>
      <trkpt lat="23.060826" lon="113.281297">
        <time>2026-07-31T22:50:06Z</time>
      </trkpt>
      <trkpt lat="23.060866" lon="113.281202">
        <time>2026-07-31T22:50:11Z</time>
      </trkpt>
      <trkpt lat="23.060905" lon="113.281104">
        <time>2026-07-31T22:50:16Z</time>
      </trkpt>
      <trkpt lat="23.060964" lon="113.280956">
        <time>2026-07-31T22:50:21Z</time>
      </trkpt>
      <trkpt lat="23.061023" lon="113.28081">
        <time>2026-07-31T22:50:26Z</time>
      </trkpt>
      <trkpt lat="23.061067" lon="113.280709">
        <time>2026-07-31T22:50:31Z</time>
      </trkpt>
      <trkpt lat="23.061116" lon="113.28061">
        <time>2026-07-31T22:50:36Z</time>
      </trkpt>
      <trkpt lat="23.061189" lon="113.280462">
        <time>2026-07-31T22:50:41Z</time>
      </trkpt>
      <trkpt lat="23.06126" lon="113.280322">
        <time>2026-07-31T22:50:46Z</time>
      </trkpt>
      <trkpt lat="23.061306" lon="113.280229">
        <time>2026-07-31T22:50:51Z</time>
      </trkpt>
      <trkpt lat="23.061352" lon="113.280136">
        <time>2026-07-31T22:50:56Z</time>
      </trkpt>
      <trkpt lat="23.061406" lon="113.279988">
        <time>2026-07-31T22:51:01Z</time>
      </trkpt>
      <trkpt lat="23.061454" lon="113.279831">
        <time>2026-07-31T22:51:06Z</time>
      </trkpt>
      <trkpt lat="23.061495" lon="113.279731">
        <time>2026-07-31T22:51:11Z</time>
      </trkpt>
      <trkpt lat="23.061539" lon="113.279631">
        <time>2026-07-31T22:51:16Z</time>
      </trkpt>
      <trkpt lat="23.061602" lon="113.279477">
        <time>2026-07-31T22:51:21Z</time>
      </trkpt>
      <trkpt lat="23.061659" lon="113.279318">
        <time>2026-07-31T22:51:26Z</time>
      </trkpt>
      <trkpt lat="23.061701" lon="113.279217">
        <time>2026-07-31T22:51:31Z</time>
      </trkpt>
      <trkpt lat="23.061748" lon="113.279115">
        <time>2026-07-31T22:51:36Z</time>
      </trkpt>
      <trkpt lat="23.061832" lon="113.27898">
        <time>2026-07-31T22:51:41Z</time>
      </trkpt>
      <trkpt lat="23.061921" lon="113.27885">
        <time>2026-07-31T22:51:46Z</time>
      </trkpt>
      <trkpt lat="23.061962" lon="113.27875">
        <time>2026-07-31T22:51:51Z</time>
      </trkpt>
      <trkpt lat="23.061971" lon="113.278637">
        <time>2026-07-31T22:51:56Z</time>
      </trkpt>
      <trkpt lat="23.061958" lon="113.278464">
        <time>2026-07-31T22:52:01Z</time>
      </trkpt>
      <trkpt lat="23.061947" lon="113.278292">
        <time>2026-07-31T22:52:06Z</time>
      </trkpt>
      <trkpt lat="23.06194" lon="113.278179">
        <time>2026-07-31T22:52:11Z</time>
      </trkpt>
      <trkpt lat="23.061936" lon="113.278067">
        <time>2026-07-31T22:52:16Z</time>
      </trkpt>
      <trkpt lat="23.061932" lon="113.277892">
        <time>2026-07-31T22:52:21Z</time>
      </trkpt>
      <trkpt lat="23.061952" lon="113.27772">
        <time>2026-07-31T22:52:26Z</time>
      </trkpt>
      <trkpt lat="23.061988" lon="113.277613">
        <time>2026-07-31T22:52:31Z</time>
      </trkpt>
      <trkpt lat="23.06203" lon="113.277506">
        <time>2026-07-31T22:52:36Z</time>
      </trkpt>
      <trkpt lat="23.062089" lon="113.277345">
        <time>2026-07-31T22:52:41Z</time>
      </trkpt>
      <trkpt lat="23.062143" lon="113.277184">
        <time>2026-07-31T22:52:46Z</time>
      </trkpt>
      <trkpt lat="23.062182" lon="113.277084">
        <time>2026-07-31T22:52:51Z</time>
      </trkpt>
      <trkpt lat="23.06222" lon="113.276986">
        <time>2026-07-31T22:52:56Z</time>
      </trkpt>
      <trkpt lat="23.062274" lon="113.276841">
        <time>2026-07-31T22:53:01Z</time>
      </trkpt>
      <trkpt lat="23.062333" lon="113.27669">
        <time>2026-07-31T22:53:06Z</time>
      </trkpt>
      <trkpt lat="23.062369" lon="113.27658">
        <time>2026-07-31T22:53:11Z</time>
      </trkpt>
      <trkpt lat="23.062405" lon="113.276465">
        <time>2026-07-31T22:53:16Z</time>
      </trkpt>
      <trkpt lat="23.062465" lon="113.27629">
        <time>2026-07-31T22:53:21Z</time>
      </trkpt>
      <trkpt lat="23.062536" lon="113.276126">
        <time>2026-07-31T22:53:26Z</time>
      </trkpt>
      <trkpt lat="23.062593" lon="113.276028">
        <time>2026-07-31T22:53:31Z</time>
      </trkpt>
      <trkpt lat="23.062656" lon="113.275938">
        <time>2026-07-31T22:53:36Z</time>
      </trkpt>
      <trkpt lat="23.062763" lon="113.275817">
        <time>2026-07-31T22:53:41Z</time>
      </trkpt>
      <trkpt lat="23.062883" lon="113.275702">
        <time>2026-07-31T22:53:46Z</time>
      </trkpt>
      <trkpt lat="23.062962" lon="113.275626">
        <time>2026-07-31T22:53:51Z</time>
      </trkpt>
      <trkpt lat="23.063034" lon="113.275548">
        <time>2026-07-31T22:53:56Z</time>
      </trkpt>
      <trkpt lat="23.063118" lon="113.275417">
        <time>2026-07-31T22:54:01Z</time>
      </trkpt>
      <trkpt lat="23.063198" lon="113.275273">
        <time>2026-07-31T22:54:06Z</time>
      </trkpt>
      <trkpt lat="23.06326" lon="113.275175">
        <time>2026-07-31T22:54:11Z</time>
      </trkpt>
      <trkpt lat="23.063326" lon="113.275087">
        <time>2026-07-31T22:54:16Z</time>
      </trkpt>
      <trkpt lat="23.063408" lon="113.274955">
        <time>2026-07-31T22:54:21Z</time>
      </trkpt>
      <trkpt lat="23.063459" lon="113.274814">
        <time>2026-07-31T22:54:26Z</time>
      </trkpt>
      <trkpt lat="23.063496" lon="113.27472">
        <time>2026-07-31T22:54:31Z</time>
      </trkpt>
      <trkpt lat="23.063528" lon="113.274618">
        <time>2026-07-31T22:54:36Z</time>
      </trkpt>
      <trkpt lat="23.063559" lon="113.274464">
        <time>2026-07-31T22:54:41Z</time>
      </trkpt>
      <trkpt lat="23.063626" lon="113.274319">
        <time>2026-07-31T22:54:46Z</time>
      </trkpt>
      <trkpt lat="23.063696" lon="113.274225">
        <time>2026-07-31T22:54:51Z</time>
      </trkpt>
      <trkpt lat="23.063785" lon="113.274149">
        <time>2026-07-31T22:54:56Z</time>
      </trkpt>
      <trkpt lat="23.06389" lon="113.274012">
        <time>2026-07-31T22:55:01Z</time>
      </trkpt>
      <trkpt lat="23.063971" lon="113.273856">
        <time>2026-07-31T22:55:06Z</time>
      </trkpt>
      <trkpt lat="23.064031" lon="113.27376">
        <time>2026-07-31T22:55:11Z</time>
      </trkpt>
      <trkpt lat="23.064109" lon="113.273678">
        <time>2026-07-31T22:55:16Z</time>
      </trkpt>
      <trkpt lat="23.064237" lon="113.273585">
        <time>2026-07-31T22:55:21Z</time>
      </trkpt>
      <trkpt lat="23.06436" lon="113.2735">
        <time>2026-07-31T22:55:26Z</time>
      </trkpt>
      <trkpt lat="23.064436" lon="113.273433">
        <time>2026-07-31T22:55:31Z</time>
      </trkpt>
      <trkpt lat="23.064507" lon="113.273355">
        <time>2026-07-31T22:55:36Z</time>
      </trkpt>
      <trkpt lat="23.064577" lon="113.273209">
        <time>2026-07-31T22:55:41Z</time>
      </trkpt>
      <trkpt lat="23.064567" lon="113.27304">
        <time>2026-07-31T22:55:46Z</time>
      </trkpt>
      <trkpt lat="23.064532" lon="113.27293">
        <time>2026-07-31T22:55:51Z</time>
      </trkpt>
      <trkpt lat="23.064493" lon="113.272824">
        <time>2026-07-31T22:55:56Z</time>
      </trkpt>
      <trkpt lat="23.064455" lon="113.272664">
        <time>2026-07-31T22:56:01Z</time>
      </trkpt>
      <trkpt lat="23.064496" lon="113.272509">
        <time>2026-07-31T22:56:06Z</time>
      </trkpt>
      <trkpt lat="23.064548" lon="113.272406">
        <time>2026-07-31T22:56:11Z</time>
      </trkpt>
      <trkpt lat="23.064567" lon="113.272298">
        <time>2026-07-31T22:56:16Z</time>
      </trkpt>
      <trkpt lat="23.064601" lon="113.272147">
        <time>2026-07-31T22:56:21Z</time>
      </trkpt>
      <trkpt lat="23.06466" lon="113.271997">
        <time>2026-07-31T22:56:26Z</time>
      </trkpt>
      <trkpt lat="23.064707" lon="113.2719">
        <time>2026-07-31T22:56:31Z</time>
      </trkpt>
      <trkpt lat="23.064751" lon="113.271804">
        <time>2026-07-31T22:56:36Z</time>
      </trkpt>
      <trkpt lat="23.064832" lon="113.271628">
        <time>2026-07-31T22:56:41Z</time>
      </trkpt>
      <trkpt lat="23.064923" lon="113.27143">
        <time>2026-07-31T22:56:46Z</time>
      </trkpt>
      <trkpt lat="23.064983" lon="113.271305">
        <time>2026-07-31T22:56:51Z</time>
      </trkpt>
      <trkpt lat="23.06506" lon="113.271199">
        <time>2026-07-31T22:56:56Z</time>
      </trkpt>
      <trkpt lat="23.06523" lon="113.27116">
        <time>2026-07-31T22:57:01Z</time>
      </trkpt>
      <trkpt lat="23.06538" lon="113.271214">
        <time>2026-07-31T22:57:06Z</time>
      </trkpt>
      <trkpt lat="23.06547" lon="113.271253">
        <time>2026-07-31T22:57:11Z</time>
      </trkpt>
      <trkpt lat="23.065561" lon="113.271282">
        <time>2026-07-31T22:57:16Z</time>
      </trkpt>
      <trkpt lat="23.065708" lon="113.271341">
        <time>2026-07-31T22:57:21Z</time>
      </trkpt>
      <trkpt lat="23.065856" lon="113.271396">
        <time>2026-07-31T22:57:26Z</time>
      </trkpt>
      <trkpt lat="23.065952" lon="113.271425">
        <time>2026-07-31T22:57:31Z</time>
      </trkpt>
      <trkpt lat="23.066047" lon="113.271447">
        <time>2026-07-31T22:57:36Z</time>
      </trkpt>
      <trkpt lat="23.066182" lon="113.2715">
        <time>2026-07-31T22:57:41Z</time>
      </trkpt>
      <trkpt lat="23.066287" lon="113.271492">
        <time>2026-07-31T22:57:46Z</time>
      </trkpt>
      <trkpt lat="23.066237" lon="113.271433">
        <time>2026-07-31T22:57:51Z</time>
      </trkpt>
      <trkpt lat="23.066137" lon="113.2714">
        <time>2026-07-31T22:57:56Z</time>
      </trkpt>
      <trkpt lat="23.065988" lon="113.271375">
        <time>2026-07-31T22:58:01Z</time>
      </trkpt>
      <trkpt lat="23.065853" lon="113.271318">
        <time>2026-07-31T22:58:06Z</time>
      </trkpt>
      <trkpt lat="23.065761" lon="113.271274">
        <time>2026-07-31T22:58:11Z</time>
      </trkpt>
      <trkpt lat="23.065666" lon="113.271246">
        <time>2026-07-31T22:58:16Z</time>
      </trkpt>
      <trkpt lat="23.065521" lon="113.271214">
        <time>2026-07-31T22:58:21Z</time>
      </trkpt>
      <trkpt lat="23.06536" lon="113.271172">
        <time>2026-07-31T22:58:26Z</time>
      </trkpt>
      <trkpt lat="23.065249" lon="113.271139">
        <time>2026-07-31T22:58:31Z</time>
      </trkpt>
      <trkpt lat="23.065169" lon="113.271063">
        <time>2026-07-31T22:58:36Z</time>
      </trkpt>
      <trkpt lat="23.065147" lon="113.270894">
        <time>2026-07-31T22:58:41Z</time>
      </trkpt>
      <trkpt lat="23.065231" lon="113.270726">
        <time>2026-07-31T22:58:46Z</time>
      </trkpt>
      <trkpt lat="23.065288" lon="113.270622">
        <time>2026-07-31T22:58:51Z</time>
      </trkpt>
      <trkpt lat="23.065338" lon="113.27052">
        <time>2026-07-31T22:58:56Z</time>
      </trkpt>
      <trkpt lat="23.065414" lon="113.270368">
        <time>2026-07-31T22:59:01Z</time>
      </trkpt>
      <trkpt lat="23.065484" lon="113.270219">
        <time>2026-07-31T22:59:06Z</time>
      </trkpt>
      <trkpt lat="23.065521" lon="113.270123">
        <time>2026-07-31T22:59:11Z</time>
      </trkpt>
      <trkpt lat="23.065554" lon="113.270026">
        <time>2026-07-31T22:59:16Z</time>
      </trkpt>
      <trkpt lat="23.065598" lon="113.26988">
        <time>2026-07-31T22:59:21Z</time>
      </trkpt>
      <trkpt lat="23.065639" lon="113.26973">
        <time>2026-07-31T22:59:26Z</time>
      </trkpt>
      <trkpt lat="23.065674" lon="113.269631">
        <time>2026-07-31T22:59:31Z</time>
      </trkpt>
      <trkpt lat="23.065711" lon="113.269534">
        <time>2026-07-31T22:59:36Z</time>
      </trkpt>
      <trkpt lat="23.065752" lon="113.269377">
        <time>2026-07-31T22:59:41Z</time>
      </trkpt>
      <trkpt lat="23.065785" lon="113.269215">
        <time>2026-07-31T22:59:46Z</time>
      </trkpt>
      <trkpt lat="23.065819" lon="113.269112">
        <time>2026-07-31T22:59:51Z</time>
      </trkpt>
      <trkpt lat="23.065855" lon="113.269009">
        <time>2026-07-31T22:59:56Z</time>
      </trkpt>
      <trkpt lat="23.065914" lon="113.268857">
        <time>2026-07-31T23:00:01Z</time>
      </trkpt>
      <trkpt lat="23.065986" lon="113.268707">
        <time>2026-07-31T23:00:06Z</time>
      </trkpt>
      <trkpt lat="23.066042" lon="113.26861">
        <time>2026-07-31T23:00:11Z</time>
      </trkpt>
      <trkpt lat="23.066102" lon="113.268517">
        <time>2026-07-31T23:00:16Z</time>
      </trkpt>
      <trkpt lat="23.066191" lon="113.26838">
        <time>2026-07-31T23:00:21Z</time>
      </trkpt>
      <trkpt lat="23.066285" lon="113.268253">
        <time>2026-07-31T23:00:26Z</time>
      </trkpt>
      <trkpt lat="23.066361" lon="113.268175">
        <time>2026-07-31T23:00:31Z</time>
      </trkpt>
      <trkpt lat="23.06645" lon="113.268126">
        <time>2026-07-31T23:00:36Z</time>
      </trkpt>
      <trkpt lat="23.066594" lon="113.268131">
        <time>2026-07-31T23:00:41Z</time>
      </trkpt>
      <trkpt lat="23.066727" lon="113.268128">
        <time>2026-07-31T23:00:46Z</time>
      </trkpt>
      <trkpt lat="23.066719" lon="113.268059">
        <time>2026-07-31T23:00:51Z</time>
      </trkpt>
      <trkpt lat="23.066619" lon="113.268012">
        <time>2026-07-31T23:00:56Z</time>
      </trkpt>
      <trkpt lat="23.066449" lon="113.267969">
        <time>2026-07-31T23:01:01Z</time>
      </trkpt>
      <trkpt lat="23.066296" lon="113.267981">
        <time>2026-07-31T23:01:06Z</time>
      </trkpt>
      <trkpt lat="23.066205" lon="113.268024">
        <time>2026-07-31T23:01:11Z</time>
      </trkpt>
      <trkpt lat="23.066125" lon="113.268091">
        <time>2026-07-31T23:01:16Z</time>
      </trkpt>
      <trkpt lat="23.066026" lon="113.268214">
        <time>2026-07-31T23:01:21Z</time>
      </trkpt>
      <trkpt lat="23.065936" lon="113.268338">
        <time>2026-07-31T23:01:26Z</time>
      </trkpt>
      <trkpt lat="23.06588" lon="113.268424">
        <time>2026-07-31T23:01:31Z</time>
      </trkpt>
      <trkpt lat="23.065826" lon="113.268515">
        <time>2026-07-31T23:01:36Z</time>
      </trkpt>
      <trkpt lat="23.065748" lon="113.268655">
        <time>2026-07-31T23:01:41Z</time>
      </trkpt>
      <trkpt lat="23.065682" lon="113.268801">
        <time>2026-07-31T23:01:46Z</time>
      </trkpt>
      <trkpt lat="23.065646" lon="113.268898">
        <time>2026-07-31T23:01:51Z</time>
      </trkpt>
      <trkpt lat="23.065611" lon="113.268999">
        <time>2026-07-31T23:01:56Z</time>
      </trkpt>
      <trkpt lat="23.065568" lon="113.269151">
        <time>2026-07-31T23:02:01Z</time>
      </trkpt>
      <trkpt lat="23.06553" lon="113.269301">
        <time>2026-07-31T23:02:06Z</time>
      </trkpt>
      <trkpt lat="23.065504" lon="113.269405">
        <time>2026-07-31T23:02:11Z</time>
      </trkpt>
      <trkpt lat="23.06548" lon="113.269511">
        <time>2026-07-31T23:02:16Z</time>
      </trkpt>
      <trkpt lat="23.065442" lon="113.269671">
        <time>2026-07-31T23:02:21Z</time>
      </trkpt>
      <trkpt lat="23.065401" lon="113.26983">
        <time>2026-07-31T23:02:26Z</time>
      </trkpt>
      <trkpt lat="23.065365" lon="113.269939">
        <time>2026-07-31T23:02:31Z</time>
      </trkpt>
      <trkpt lat="23.065331" lon="113.270046">
        <time>2026-07-31T23:02:36Z</time>
      </trkpt>
      <trkpt lat="23.065271" lon="113.270199">
        <time>2026-07-31T23:02:41Z</time>
      </trkpt>
      <trkpt lat="23.0652" lon="113.27035">
        <time>2026-07-31T23:02:46Z</time>
      </trkpt>
      <trkpt lat="23.065154" lon="113.270451">
        <time>2026-07-31T23:02:51Z</time>
      </trkpt>
      <trkpt lat="23.065106" lon="113.270549">
        <time>2026-07-31T23:02:56Z</time>
      </trkpt>
      <trkpt lat="23.06504" lon="113.270695">
        <time>2026-07-31T23:03:01Z</time>
      </trkpt>
      <trkpt lat="23.06497" lon="113.270848">
        <time>2026-07-31T23:03:06Z</time>
      </trkpt>
      <trkpt lat="23.064926" lon="113.270949">
        <time>2026-07-31T23:03:11Z</time>
      </trkpt>
      <trkpt lat="23.064877" lon="113.271045">
        <time>2026-07-31T23:03:16Z</time>
      </trkpt>
      <trkpt lat="23.064805" lon="113.271196">
        <time>2026-07-31T23:03:21Z</time>
      </trkpt>
      <trkpt lat="23.06474" lon="113.271354">
        <time>2026-07-31T23:03:26Z</time>
      </trkpt>
      <trkpt lat="23.064692" lon="113.271451">
        <time>2026-07-31T23:03:31Z</time>
      </trkpt>
      <trkpt lat="23.064644" lon="113.271545">
        <time>2026-07-31T23:03:36Z</time>
      </trkpt>
      <trkpt lat="23.064574" lon="113.271683">
        <time>2026-07-31T23:03:41Z</time>
      </trkpt>
      <trkpt lat="23.064509" lon="113.271826">
        <time>2026-07-31T23:03:46Z</time>
      </trkpt>
      <trkpt lat="23.064473" lon="113.271925">
        <time>2026-07-31T23:03:51Z</time>
      </trkpt>
      <trkpt lat="23.06444" lon="113.272027">
        <time>2026-07-31T23:03:56Z</time>
      </trkpt>
      <trkpt lat="23.064362" lon="113.272162">
        <time>2026-07-31T23:04:01Z</time>
      </trkpt>
      <trkpt lat="23.064317" lon="113.272308">
        <time>2026-07-31T23:04:06Z</time>
      </trkpt>
      <trkpt lat="23.064312" lon="113.272411">
        <time>2026-07-31T23:04:11Z</time>
      </trkpt>
      <trkpt lat="23.064308" lon="113.272515">
        <time>2026-07-31T23:04:16Z</time>
      </trkpt>
      <trkpt lat="23.064323" lon="113.272669">
        <time>2026-07-31T23:04:21Z</time>
      </trkpt>
      <trkpt lat="23.064378" lon="113.27282">
        <time>2026-07-31T23:04:26Z</time>
      </trkpt>
      <trkpt lat="23.064415" lon="113.27292">
        <time>2026-07-31T23:04:31Z</time>
      </trkpt>
      <trkpt lat="23.064448" lon="113.27302">
        <time>2026-07-31T23:04:36Z</time>
      </trkpt>
      <trkpt lat="23.064475" lon="113.273172">
        <time>2026-07-31T23:04:41Z</time>
      </trkpt>
      <trkpt lat="23.06442" lon="113.273317">
        <time>2026-07-31T23:04:46Z</time>
      </trkpt>
      <trkpt lat="23.064346" lon="113.273391">
        <time>2026-07-31T23:04:51Z</time>
      </trkpt>
      <trkpt lat="23.064264" lon="113.273456">
        <time>2026-07-31T23:04:56Z</time>
      </trkpt>
      <trkpt lat="23.064141" lon="113.27355">
        <time>2026-07-31T23:05:01Z</time>
      </trkpt>
      <trkpt lat="23.064022" lon="113.273652">
        <time>2026-07-31T23:05:06Z</time>
      </trkpt>
      <trkpt lat="23.063948" lon="113.273726">
        <time>2026-07-31T23:05:11Z</time>
      </trkpt>
      <trkpt lat="23.063881" lon="113.273812">
        <time>2026-07-31T23:05:16Z</time>
      </trkpt>
      <trkpt lat="23.063797" lon="113.273953">
        <time>2026-07-31T23:05:21Z</time>
      </trkpt>
      <trkpt lat="23.063715" lon="113.274085">
        <time>2026-07-31T23:05:26Z</time>
      </trkpt>
      <trkpt lat="23.063645" lon="113.274153">
        <time>2026-07-31T23:05:31Z</time>
      </trkpt>
      <trkpt lat="23.063579" lon="113.274219">
        <time>2026-07-31T23:05:36Z</time>
      </trkpt>
      <trkpt lat="23.063496" lon="113.274361">
        <time>2026-07-31T23:05:41Z</time>
      </trkpt>
      <trkpt lat="23.063436" lon="113.274523">
        <time>2026-07-31T23:05:46Z</time>
      </trkpt>
      <trkpt lat="23.063401" lon="113.274632">
        <time>2026-07-31T23:05:51Z</time>
      </trkpt>
      <trkpt lat="23.063365" lon="113.274745">
        <time>2026-07-31T23:05:56Z</time>
      </trkpt>
      <trkpt lat="23.063314" lon="113.274902">
        <time>2026-07-31T23:06:01Z</time>
      </trkpt>
      <trkpt lat="23.063257" lon="113.275058">
        <time>2026-07-31T23:06:06Z</time>
      </trkpt>
      <trkpt lat="23.063206" lon="113.275158">
        <time>2026-07-31T23:06:11Z</time>
      </trkpt>
      <trkpt lat="23.063144" lon="113.275252">
        <time>2026-07-31T23:06:16Z</time>
      </trkpt>
      <trkpt lat="23.063055" lon="113.275389">
        <time>2026-07-31T23:06:21Z</time>
      </trkpt>
      <trkpt lat="23.062963" lon="113.275525">
        <time>2026-07-31T23:06:26Z</time>
      </trkpt>
      <trkpt lat="23.062895" lon="113.275607">
        <time>2026-07-31T23:06:31Z</time>
      </trkpt>
      <trkpt lat="23.062822" lon="113.275683">
        <time>2026-07-31T23:06:36Z</time>
      </trkpt>
      <trkpt lat="23.062707" lon="113.275791">
        <time>2026-07-31T23:06:41Z</time>
      </trkpt>
      <trkpt lat="23.062597" lon="113.275902">
        <time>2026-07-31T23:06:46Z</time>
      </trkpt>
      <trkpt lat="23.062537" lon="113.275984">
        <time>2026-07-31T23:06:51Z</time>
      </trkpt>
      <trkpt lat="23.062486" lon="113.276069">
        <time>2026-07-31T23:06:56Z</time>
      </trkpt>
      <trkpt lat="23.062418" lon="113.276195">
        <time>2026-07-31T23:07:01Z</time>
      </trkpt>
      <trkpt lat="23.06237" lon="113.276324">
        <time>2026-07-31T23:07:06Z</time>
      </trkpt>
      <trkpt lat="23.062337" lon="113.276411">
        <time>2026-07-31T23:07:11Z</time>
      </trkpt>
      <trkpt lat="23.062303" lon="113.276501">
        <time>2026-07-31T23:07:16Z</time>
      </trkpt>
      <trkpt lat="23.062258" lon="113.276639">
        <time>2026-07-31T23:07:21Z</time>
      </trkpt>
      <trkpt lat="23.062208" lon="113.276782">
        <time>2026-07-31T23:07:26Z</time>
      </trkpt>
      <trkpt lat="23.062172" lon="113.276881">
        <time>2026-07-31T23:07:31Z</time>
      </trkpt>
      <trkpt lat="23.062128" lon="113.27698">
        <time>2026-07-31T23:07:36Z</time>
      </trkpt>
      <trkpt lat="23.062076" lon="113.277132">
        <time>2026-07-31T23:07:41Z</time>
      </trkpt>
      <trkpt lat="23.062012" lon="113.277286">
        <time>2026-07-31T23:07:46Z</time>
      </trkpt>
      <trkpt lat="23.06197" lon="113.277391">
        <time>2026-07-31T23:07:51Z</time>
      </trkpt>
      <trkpt lat="23.06193" lon="113.277497">
        <time>2026-07-31T23:07:56Z</time>
      </trkpt>
      <trkpt lat="23.06188" lon="113.277653">
        <time>2026-07-31T23:08:01Z</time>
      </trkpt>
      <trkpt lat="23.061837" lon="113.277815">
        <time>2026-07-31T23:08:06Z</time>
      </trkpt>
      <trkpt lat="23.061824" lon="113.277927">
        <time>2026-07-31T23:08:11Z</time>
      </trkpt>
      <trkpt lat="23.061828" lon="113.278036">
        <time>2026-07-31T23:08:16Z</time>
      </trkpt>
      <trkpt lat="23.061848" lon="113.278195">
        <time>2026-07-31T23:08:21Z</time>
      </trkpt>
      <trkpt lat="23.061851" lon="113.278354">
        <time>2026-07-31T23:08:26Z</time>
      </trkpt>
      <trkpt lat="23.061856" lon="113.278461">
        <time>2026-07-31T23:08:31Z</time>
      </trkpt>
      <trkpt lat="23.061859" lon="113.278568">
        <time>2026-07-31T23:08:36Z</time>
      </trkpt>
      <trkpt lat="23.061842" lon="113.278723">
        <time>2026-07-31T23:08:41Z</time>
      </trkpt>
      <trkpt lat="23.061746" lon="113.278781">
        <time>2026-07-31T23:08:46Z</time>
      </trkpt>
      <trkpt lat="23.06171" lon="113.278853">
        <time>2026-07-31T23:08:51Z</time>
      </trkpt>
      <trkpt lat="23.061671" lon="113.278939">
        <time>2026-07-31T23:08:56Z</time>
      </trkpt>
      <trkpt lat="23.06161" lon="113.279059">
        <time>2026-07-31T23:09:01Z</time>
      </trkpt>
      <trkpt lat="23.061573" lon="113.279154">
        <time>2026-07-31T23:09:06Z</time>
      </trkpt>
      <trkpt lat="23.061565" lon="113.279186">
        <time>2026-07-31T23:09:11Z</time>
      </trkpt>
      <trkpt lat="23.061589" lon="113.27919">
        <time>2026-07-31T23:09:16Z</time>
      </trkpt>
      <trkpt lat="23.061626" lon="113.279151">
        <time>2026-07-31T23:09:21Z</time>
      </trkpt>
      <trkpt lat="23.061633" lon="113.279095">
        <time>2026-07-31T23:09:26Z</time>
      </trkpt>
      <trkpt lat="23.061612" lon="113.279076">
        <time>2026-07-31T23:09:31Z</time>
      </trkpt>
      <trkpt lat="23.061585" lon="113.279098">
        <time>2026-07-31T23:09:36Z</time>
      </trkpt>
      <trkpt lat="23.061546" lon="113.279242">
        <time>2026-07-31T23:09:41Z</time>
      </trkpt>
      <trkpt lat="23.061495" lon="113.279401">
        <time>2026-07-31T23:09:46Z</time>
      </trkpt>
      <trkpt lat="23.061458" lon="113.279503">
        <time>2026-07-31T23:09:51Z</time>
      </trkpt>
      <trkpt lat="23.061418" lon="113.279606">
        <time>2026-07-31T23:09:56Z</time>
      </trkpt>
      <trkpt lat="23.061361" lon="113.279758">
        <time>2026-07-31T23:10:01Z</time>
      </trkpt>
      <trkpt lat="23.0613" lon="113.279919">
        <time>2026-07-31T23:10:06Z</time>
      </trkpt>
      <trkpt lat="23.061255" lon="113.280025">
        <time>2026-07-31T23:10:11Z</time>
      </trkpt>
      <trkpt lat="23.061207" lon="113.280123">
        <time>2026-07-31T23:10:16Z</time>
      </trkpt>
      <trkpt lat="23.061142" lon="113.280265">
        <time>2026-07-31T23:10:21Z</time>
      </trkpt>
      <trkpt lat="23.061066" lon="113.280411">
        <time>2026-07-31T23:10:26Z</time>
      </trkpt>
      <trkpt lat="23.061019" lon="113.280515">
        <time>2026-07-31T23:10:31Z</time>
      </trkpt>
      <trkpt lat="23.060979" lon="113.280612">
        <time>2026-07-31T23:10:36Z</time>
      </trkpt>
      <trkpt lat="23.060918" lon="113.280758">
        <time>2026-07-31T23:10:41Z</time>
      </trkpt>
      <trkpt lat="23.060868" lon="113.280907">
        <time>2026-07-31T23:10:46Z</time>
      </trkpt>
      <trkpt lat="23.06083" lon="113.281004">
        <time>2026-07-31T23:10:51Z</time>
      </trkpt>
      <trkpt lat="23.060782" lon="113.281096">
        <time>2026-07-31T23:10:56Z</time>
      </trkpt>
      <trkpt lat="23.06071" lon="113.281247">
        <time>2026-07-31T23:11:01Z</time>
      </trkpt>
      <trkpt lat="23.060645" lon="113.281394">
        <time>2026-07-31T23:11:06Z</time>
      </trkpt>
      <trkpt lat="23.060602" lon="113.281492">
        <time>2026-07-31T23:11:11Z</time>
      </trkpt>
      <trkpt lat="23.060559" lon="113.28159">
        <time>2026-07-31T23:11:16Z</time>
      </trkpt>
      <trkpt lat="23.060494" lon="113.281736">
        <time>2026-07-31T23:11:21Z</time>
      </trkpt>
      <trkpt lat="23.060433" lon="113.281882">
        <time>2026-07-31T23:11:26Z</time>
      </trkpt>
      <trkpt lat="23.060391" lon="113.281982">
        <time>2026-07-31T23:11:31Z</time>
      </trkpt>
      <trkpt lat="23.060351" lon="113.282083">
        <time>2026-07-31T23:11:36Z</time>
      </trkpt>
      <trkpt lat="23.060292" lon="113.282234">
        <time>2026-07-31T23:11:41Z</time>
      </trkpt>
      <trkpt lat="23.060228" lon="113.282382">
        <time>2026-07-31T23:11:46Z</time>
      </trkpt>
      <trkpt lat="23.06019" lon="113.282482">
        <time>2026-07-31T23:11:51Z</time>
      </trkpt>
      <trkpt lat="23.060148" lon="113.28258">
        <time>2026-07-31T23:11:56Z</time>
      </trkpt>
      <trkpt lat="23.060078" lon="113.282728">
        <time>2026-07-31T23:12:01Z</time>
      </trkpt>
      <trkpt lat="23.060013" lon="113.282877">
        <time>2026-07-31T23:12:06Z</time>
      </trkpt>
      <trkpt lat="23.059974" lon="113.282975">
        <time>2026-07-31T23:12:11Z</time>
      </trkpt>
      <trkpt lat="23.059937" lon="113.283073">
        <time>2026-07-31T23:12:16Z</time>
      </trkpt>
      <trkpt lat="23.05988" lon="113.283225">
        <time>2026-07-31T23:12:21Z</time>
      </trkpt>
      <trkpt lat="23.059811" lon="113.283378">
        <time>2026-07-31T23:12:26Z</time>
      </trkpt>
      <trkpt lat="23.05976" lon="113.283475">
        <time>2026-07-31T23:12:31Z</time>
      </trkpt>
      <trkpt lat="23.059718" lon="113.28357">
        <time>2026-07-31T23:12:36Z</time>
      </trkpt>
      <trkpt lat="23.059663" lon="113.283716">
        <time>2026-07-31T23:12:41Z</time>
      </trkpt>
      <trkpt lat="23.059586" lon="113.283859">
        <time>2026-07-31T23:12:46Z</time>
      </trkpt>
      <trkpt lat="23.05954" lon="113.283955">
        <time>2026-07-31T23:12:51Z</time>
      </trkpt>
      <trkpt lat="23.059496" lon="113.284049">
        <time>2026-07-31T23:12:56Z</time>
      </trkpt>
      <trkpt lat="23.059424" lon="113.284188">
        <time>2026-07-31T23:13:01Z</time>
      </trkpt>
      <trkpt lat="23.059376" lon="113.28434">
        <time>2026-07-31T23:13:06Z</time>
      </trkpt>
      <trkpt lat="23.059348" lon="113.284446">
        <time>2026-07-31T23:13:11Z</time>
      </trkpt>
      <trkpt lat="23.059315" lon="113.284547">
        <time>2026-07-31T23:13:16Z</time>
      </trkpt>
      <trkpt lat="23.059257" lon="113.284691">
        <time>2026-07-31T23:13:21Z</time>
      </trkpt>
      <trkpt lat="23.059202" lon="113.284835">
        <time>2026-07-31T23:13:26Z</time>
      </trkpt>
      <trkpt lat="23.05916" lon="113.284927">
        <time>2026-07-31T23:13:31Z</time>
      </trkpt>
      <trkpt lat="23.059116" lon="113.285018">
        <time>2026-07-31T23:13:36Z</time>
      </trkpt>
      <trkpt lat="23.059052" lon="113.285151">
        <time>2026-07-31T23:13:41Z</time>
      </trkpt>
      <trkpt lat="23.058997" lon="113.285295">
        <time>2026-07-31T23:13:46Z</time>
      </trkpt>
      <trkpt lat="23.05896" lon="113.285397">
        <time>2026-07-31T23:13:51Z</time>
      </trkpt>
      <trkpt lat="23.058923" lon="113.285492">
        <time>2026-07-31T23:13:56Z</time>
      </trkpt>
      <trkpt lat="23.058869" lon="113.285635">
        <time>2026-07-31T23:14:01Z</time>
      </trkpt>
      <trkpt lat="23.058805" lon="113.285785">
        <time>2026-07-31T23:14:06Z</time>
      </trkpt>
      <trkpt lat="23.058761" lon="113.285884">
        <time>2026-07-31T23:14:11Z</time>
      </trkpt>
      <trkpt lat="23.058717" lon="113.285986">
        <time>2026-07-31T23:14:16Z</time>
      </trkpt>
      <trkpt lat="23.058715" lon="113.286114">
        <time>2026-07-31T23:14:21Z</time>
      </trkpt>
      <trkpt lat="23.058817" lon="113.28603">
        <time>2026-07-31T23:14:26Z</time>
      </trkpt>
      <trkpt lat="23.05886" lon="113.285918">
        <time>2026-07-31T23:14:31Z</time>
      </trkpt>
      <trkpt lat="23.0589" lon="113.285809">
        <time>2026-07-31T23:14:36Z</time>
      </trkpt>
      <trkpt lat="23.058959" lon="113.285657">
        <time>2026-07-31T23:14:41Z</time>
      </trkpt>
      <trkpt lat="23.059022" lon="113.285506">
        <time>2026-07-31T23:14:46Z</time>
      </trkpt>
      <trkpt lat="23.059065" lon="113.285404">
        <time>2026-07-31T23:14:51Z</time>
      </trkpt>
      <trkpt lat="23.059104" lon="113.285305">
        <time>2026-07-31T23:14:56Z</time>
      </trkpt>
      <trkpt lat="23.059167" lon="113.28516">
        <time>2026-07-31T23:15:01Z</time>
      </trkpt>
      <trkpt lat="23.059237" lon="113.285007">
        <time>2026-07-31T23:15:06Z</time>
      </trkpt>
      <trkpt lat="23.059282" lon="113.284904">
        <time>2026-07-31T23:15:11Z</time>
      </trkpt>
      <trkpt lat="23.059323" lon="113.284796">
        <time>2026-07-31T23:15:16Z</time>
      </trkpt>
      <trkpt lat="23.059388" lon="113.284633">
        <time>2026-07-31T23:15:21Z</time>
      </trkpt>
      <trkpt lat="23.059452" lon="113.284488">
        <time>2026-07-31T23:15:26Z</time>
      </trkpt>
      <trkpt lat="23.059494" lon="113.284393">
        <time>2026-07-31T23:15:31Z</time>
      </trkpt>
      <trkpt lat="23.059537" lon="113.284297">
        <time>2026-07-31T23:15:36Z</time>
      </trkpt>
      <trkpt lat="23.059608" lon="113.284153">
        <time>2026-07-31T23:15:41Z</time>
      </trkpt>
      <trkpt lat="23.059665" lon="113.284004">
        <time>2026-07-31T23:15:46Z</time>
      </trkpt>
      <trkpt lat="23.059703" lon="113.283903">
        <time>2026-07-31T23:15:51Z</time>
      </trkpt>
      <trkpt lat="23.059744" lon="113.283802">
        <time>2026-07-31T23:15:56Z</time>
      </trkpt>
      <trkpt lat="23.05981" lon="113.28365">
        <time>2026-07-31T23:16:01Z</time>
      </trkpt>
      <trkpt lat="23.059883" lon="113.2835">
        <time>2026-07-31T23:16:06Z</time>
      </trkpt>
      <trkpt lat="23.05993" lon="113.283401">
        <time>2026-07-31T23:16:11Z</time>
      </trkpt>
      <trkpt lat="23.059984" lon="113.28331">
        <time>2026-07-31T23:16:16Z</time>
      </trkpt>
      <trkpt lat="23.060061" lon="113.283176">
        <time>2026-07-31T23:16:21Z</time>
      </trkpt>
      <trkpt lat="23.060129" lon="113.283022">
        <time>2026-07-31T23:16:26Z</time>
      </trkpt>
      <trkpt lat="23.06017" lon="113.282914">
        <time>2026-07-31T23:16:31Z</time>
      </trkpt>
      <trkpt lat="23.060209" lon="113.282808">
        <time>2026-07-31T23:16:36Z</time>
      </trkpt>
      <trkpt lat="23.060267" lon="113.282653">
        <time>2026-07-31T23:16:41Z</time>
      </trkpt>
      <trkpt lat="23.060319" lon="113.282496">
        <time>2026-07-31T23:16:46Z</time>
      </trkpt>
      <trkpt lat="23.060355" lon="113.282391">
        <time>2026-07-31T23:16:51Z</time>
      </trkpt>
      <trkpt lat="23.060397" lon="113.282292">
        <time>2026-07-31T23:16:56Z</time>
      </trkpt>
      <trkpt lat="23.060461" lon="113.282145">
        <time>2026-07-31T23:17:01Z</time>
      </trkpt>
      <trkpt lat="23.060526" lon="113.281997">
        <time>2026-07-31T23:17:06Z</time>
      </trkpt>
      <trkpt lat="23.060564" lon="113.281898">
        <time>2026-07-31T23:17:11Z</time>
      </trkpt>
      <trkpt lat="23.060605" lon="113.281799">
        <time>2026-07-31T23:17:16Z</time>
      </trkpt>
      <trkpt lat="23.060666" lon="113.28165">
        <time>2026-07-31T23:17:21Z</time>
      </trkpt>
      <trkpt lat="23.060726" lon="113.281505">
        <time>2026-07-31T23:17:26Z</time>
      </trkpt>
      <trkpt lat="23.060769" lon="113.281403">
        <time>2026-07-31T23:17:31Z</time>
      </trkpt>
      <trkpt lat="23.060815" lon="113.281305">
        <time>2026-07-31T23:17:36Z</time>
      </trkpt>
      <trkpt lat="23.06088" lon="113.281162">
        <time>2026-07-31T23:17:41Z</time>
      </trkpt>
      <trkpt lat="23.060948" lon="113.281016">
        <time>2026-07-31T23:17:46Z</time>
      </trkpt>
      <trkpt lat="23.060992" lon="113.28092">
        <time>2026-07-31T23:17:51Z</time>
      </trkpt>
      <trkpt lat="23.061035" lon="113.280821">
        <time>2026-07-31T23:17:56Z</time>
      </trkpt>
      <trkpt lat="23.061105" lon="113.280674">
        <time>2026-07-31T23:18:01Z</time>
      </trkpt>
      <trkpt lat="23.06117" lon="113.280518">
        <time>2026-07-31T23:18:06Z</time>
      </trkpt>
      <trkpt lat="23.061215" lon="113.280423">
        <time>2026-07-31T23:18:11Z</time>
      </trkpt>
      <trkpt lat="23.061261" lon="113.280332">
        <time>2026-07-31T23:18:16Z</time>
      </trkpt>
      <trkpt lat="23.061336" lon="113.280199">
        <time>2026-07-31T23:18:21Z</time>
      </trkpt>
      <trkpt lat="23.061394" lon="113.280054">
        <time>2026-07-31T23:18:26Z</time>
      </trkpt>
      <trkpt lat="23.061429" lon="113.279956">
        <time>2026-07-31T23:18:31Z</time>
      </trkpt>
      <trkpt lat="23.061461" lon="113.279855">
        <time>2026-07-31T23:18:36Z</time>
      </trkpt>
      <trkpt lat="23.061509" lon="113.279707">
        <time>2026-07-31T23:18:41Z</time>
      </trkpt>
      <trkpt lat="23.061563" lon="113.279555">
        <time>2026-07-31T23:18:46Z</time>
      </trkpt>
      <trkpt lat="23.061602" lon="113.279455">
        <time>2026-07-31T23:18:51Z</time>
      </trkpt>
      <trkpt lat="23.061642" lon="113.279354">
        <time>2026-07-31T23:18:56Z</time>
      </trkpt>
      <trkpt lat="23.061708" lon="113.279209">
        <time>2026-07-31T23:19:01Z</time>
      </trkpt>
      <trkpt lat="23.061782" lon="113.279071">
        <time>2026-07-31T23:19:06Z</time>
      </trkpt>
      <trkpt lat="23.06184" lon="113.278982">
        <time>2026-07-31T23:19:11Z</time>
      </trkpt>
      <trkpt lat="23.061901" lon="113.278891">
        <time>2026-07-31T23:19:16Z</time>
      </trkpt>
      <trkpt lat="23.06196" lon="113.278733">
        <time>2026-07-31T23:19:21Z</time>
      </trkpt>
      <trkpt lat="23.061965" lon="113.278568">
        <time>2026-07-31T23:19:26Z</time>
      </trkpt>
      <trkpt lat="23.061957" lon="113.278453">
        <time>2026-07-31T23:19:31Z</time>
      </trkpt>
      <trkpt lat="23.061948" lon="113.278334">
        <time>2026-07-31T23:19:36Z</time>
      </trkpt>
      <trkpt lat="23.061938" lon="113.278156">
        <time>2026-07-31T23:19:41Z</time>
      </trkpt>
      <trkpt lat="23.061932" lon="113.277976">
        <time>2026-07-31T23:19:46Z</time>
      </trkpt>
      <trkpt lat="23.06193" lon="113.277856">
        <time>2026-07-31T23:19:51Z</time>
      </trkpt>
      <trkpt lat="23.061947" lon="113.277741">
        <time>2026-07-31T23:19:56Z</time>
      </trkpt>
      <trkpt lat="23.062007" lon="113.277572">
        <time>2026-07-31T23:20:01Z</time>
      </trkpt>
      <trkpt lat="23.062069" lon="113.277412">
        <time>2026-07-31T23:20:06Z</time>
      </trkpt>
      <trkpt lat="23.062108" lon="113.277304">
        <time>2026-07-31T23:20:11Z</time>
      </trkpt>
      <trkpt lat="23.062143" lon="113.277194">
        <time>2026-07-31T23:20:16Z</time>
      </trkpt>
      <trkpt lat="23.0622" lon="113.277033">
        <time>2026-07-31T23:20:21Z</time>
      </trkpt>
      <trkpt lat="23.062262" lon="113.276876">
        <time>2026-07-31T23:20:26Z</time>
      </trkpt>
      <trkpt lat="23.062299" lon="113.276773">
        <time>2026-07-31T23:20:31Z</time>
      </trkpt>
      <trkpt lat="23.062341" lon="113.27667">
        <time>2026-07-31T23:20:36Z</time>
      </trkpt>
      <trkpt lat="23.062402" lon="113.276513">
        <time>2026-07-31T23:20:41Z</time>
      </trkpt>
      <trkpt lat="23.062461" lon="113.276351">
        <time>2026-07-31T23:20:46Z</time>
      </trkpt>
      <trkpt lat="23.062502" lon="113.276242">
        <time>2026-07-31T23:20:51Z</time>
      </trkpt>
      <trkpt lat="23.062551" lon="113.276132">
        <time>2026-07-31T23:20:56Z</time>
      </trkpt>
      <trkpt lat="23.062639" lon="113.275985">
        <time>2026-07-31T23:21:01Z</time>
      </trkpt>
      <trkpt lat="23.06274" lon="113.275861">
        <time>2026-07-31T23:21:06Z</time>
      </trkpt>
      <trkpt lat="23.062815" lon="113.275781">
        <time>2026-07-31T23:21:11Z</time>
      </trkpt>
      <trkpt lat="23.062896" lon="113.275704">
        <time>2026-07-31T23:21:16Z</time>
      </trkpt>
      <trkpt lat="23.063012" lon="113.275581">
        <time>2026-07-31T23:21:21Z</time>
      </trkpt>
      <trkpt lat="23.063105" lon="113.275443">
        <time>2026-07-31T23:21:26Z</time>
      </trkpt>
      <trkpt lat="23.06316" lon="113.275349">
        <time>2026-07-31T23:21:31Z</time>
      </trkpt>
      <trkpt lat="23.063217" lon="113.275253">
        <time>2026-07-31T23:21:36Z</time>
      </trkpt>
      <trkpt lat="23.0633" lon="113.275105">
        <time>2026-07-31T23:21:41Z</time>
      </trkpt>
      <trkpt lat="23.063367" lon="113.274953">
        <time>2026-07-31T23:21:46Z</time>
      </trkpt>
      <trkpt lat="23.063397" lon="113.274849">
        <time>2026-07-31T23:21:51Z</time>
      </trkpt>
      <trkpt lat="23.063429" lon="113.274749">
        <time>2026-07-31T23:21:56Z</time>
      </trkpt>
      <trkpt lat="23.063477" lon="113.274595">
        <time>2026-07-31T23:22:01Z</time>
      </trkpt>
      <trkpt lat="23.063514" lon="113.274443">
        <time>2026-07-31T23:22:06Z</time>
      </trkpt>
      <trkpt lat="23.063552" lon="113.274347">
        <time>2026-07-31T23:22:11Z</time>
      </trkpt>
      <trkpt lat="23.063615" lon="113.274262">
        <time>2026-07-31T23:22:16Z</time>
      </trkpt>
      <trkpt lat="23.063758" lon="113.274163">
        <time>2026-07-31T23:22:21Z</time>
      </trkpt>
      <trkpt lat="23.06387" lon="113.274024">
        <time>2026-07-31T23:22:26Z</time>
      </trkpt>
      <trkpt lat="23.063923" lon="113.273925">
        <time>2026-07-31T23:22:31Z</time>
      </trkpt>
      <trkpt lat="23.063978" lon="113.273831">
        <time>2026-07-31T23:22:36Z</time>
      </trkpt>
      <trkpt lat="23.064083" lon="113.273704">
        <time>2026-07-31T23:22:41Z</time>
      </trkpt>
      <trkpt lat="23.064204" lon="113.273598">
        <time>2026-07-31T23:22:46Z</time>
      </trkpt>
      <trkpt lat="23.064286" lon="113.273528">
        <time>2026-07-31T23:22:51Z</time>
      </trkpt>
      <trkpt lat="23.064368" lon="113.27346">
        <time>2026-07-31T23:22:56Z</time>
      </trkpt>
      <trkpt lat="23.064488" lon="113.273352">
        <time>2026-07-31T23:23:01Z</time>
      </trkpt>
      <trkpt lat="23.064555" lon="113.273209">
        <time>2026-07-31T23:23:06Z</time>
      </trkpt>
      <trkpt lat="23.064557" lon="113.2731">
        <time>2026-07-31T23:23:11Z</time>
      </trkpt>
      <trkpt lat="23.064528" lon="113.272993">
        <time>2026-07-31T23:23:16Z</time>
      </trkpt>
      <trkpt lat="23.064471" lon="113.272829">
        <time>2026-07-31T23:23:21Z</time>
      </trkpt>
      <trkpt lat="23.064428" lon="113.27266">
        <time>2026-07-31T23:23:26Z</time>
      </trkpt>
      <trkpt lat="23.064432" lon="113.272545">
        <time>2026-07-31T23:23:31Z</time>
      </trkpt>
      <trkpt lat="23.064463" lon="113.272441">
        <time>2026-07-31T23:23:36Z</time>
      </trkpt>
      <trkpt lat="23.064531" lon="113.27232">
        <time>2026-07-31T23:23:41Z</time>
      </trkpt>
      <trkpt lat="23.064584" lon="113.272158">
        <time>2026-07-31T23:23:46Z</time>
      </trkpt>
      <trkpt lat="23.064627" lon="113.272057">
        <time>2026-07-31T23:23:51Z</time>
      </trkpt>
      <trkpt lat="23.064672" lon="113.271961">
        <time>2026-07-31T23:23:56Z</time>
      </trkpt>
      <trkpt lat="23.064743" lon="113.271823">
        <time>2026-07-31T23:24:01Z</time>
      </trkpt>
      <trkpt lat="23.064812" lon="113.271672">
        <time>2026-07-31T23:24:06Z</time>
      </trkpt>
      <trkpt lat="23.064856" lon="113.271559">
        <time>2026-07-31T23:24:11Z</time>
      </trkpt>
      <trkpt lat="23.064895" lon="113.271447">
        <time>2026-07-31T23:24:16Z</time>
      </trkpt>
      <trkpt lat="23.064968" lon="113.271291">
        <time>2026-07-31T23:24:21Z</time>
      </trkpt>
      <trkpt lat="23.065052" lon="113.271143">
        <time>2026-07-31T23:24:26Z</time>
      </trkpt>
      <trkpt lat="23.065099" lon="113.271036">
        <time>2026-07-31T23:24:31Z</time>
      </trkpt>
      <trkpt lat="23.065141" lon="113.270924">
        <time>2026-07-31T23:24:36Z</time>
      </trkpt>
      <trkpt lat="23.065208" lon="113.270767">
        <time>2026-07-31T23:24:41Z</time>
      </trkpt>
      <trkpt lat="23.065278" lon="113.270615">
        <time>2026-07-31T23:24:46Z</time>
      </trkpt>
      <trkpt lat="23.065321" lon="113.27051">
        <time>2026-07-31T23:24:51Z</time>
      </trkpt>
      <trkpt lat="23.065372" lon="113.270412">
        <time>2026-07-31T23:24:56Z</time>
      </trkpt>
      <trkpt lat="23.065445" lon="113.270258">
        <time>2026-07-31T23:25:01Z</time>
      </trkpt>
      <trkpt lat="23.06551" lon="113.270102">
        <time>2026-07-31T23:25:06Z</time>
      </trkpt>
      <trkpt lat="23.065546" lon="113.269998">
        <time>2026-07-31T23:25:11Z</time>
      </trkpt>
      <trkpt lat="23.065581" lon="113.269893">
        <time>2026-07-31T23:25:16Z</time>
      </trkpt>
      <trkpt lat="23.065641" lon="113.269731">
        <time>2026-07-31T23:25:21Z</time>
      </trkpt>
      <trkpt lat="23.065696" lon="113.269569">
        <time>2026-07-31T23:25:26Z</time>
      </trkpt>
      <trkpt lat="23.065722" lon="113.269453">
        <time>2026-07-31T23:25:31Z</time>
      </trkpt>
      <trkpt lat="23.065746" lon="113.269341">
        <time>2026-07-31T23:25:36Z</time>
      </trkpt>
      <trkpt lat="23.06579" lon="113.269172">
        <time>2026-07-31T23:25:41Z</time>
      </trkpt>
      <trkpt lat="23.065855" lon="113.269017">
        <time>2026-07-31T23:25:46Z</time>
      </trkpt>
      <trkpt lat="23.065901" lon="113.268916">
        <time>2026-07-31T23:25:51Z</time>
      </trkpt>
      <trkpt lat="23.065948" lon="113.268812">
        <time>2026-07-31T23:25:56Z</time>
      </trkpt>
      <trkpt lat="23.066023" lon="113.268647">
        <time>2026-07-31T23:26:01Z</time>
      </trkpt>
      <trkpt lat="23.066105" lon="113.268492">
        <time>2026-07-31T23:26:06Z</time>
      </trkpt>
      <trkpt lat="23.066165" lon="113.268397">
        <time>2026-07-31T23:26:11Z</time>
      </trkpt>
      <trkpt lat="23.066234" lon="113.268307">
        <time>2026-07-31T23:26:16Z</time>
      </trkpt>
      <trkpt lat="23.06635" lon="113.268183">
        <time>2026-07-31T23:26:21Z</time>
      </trkpt>
      <trkpt lat="23.066494" lon="113.268124">
        <time>2026-07-31T23:26:26Z</time>
      </trkpt>
      <trkpt lat="23.066599" lon="113.268134">
        <time>2026-07-31T23:26:31Z</time>
      </trkpt>
      <trkpt lat="23.066659" lon="113.26809">
        <time>2026-07-31T23:26:36Z</time>
      </trkpt>
      <trkpt lat="23.066554" lon="113.26797">
        <time>2026-07-31T23:26:41Z</time>
      </trkpt>
      <trkpt lat="23.066385" lon="113.26795">
        <time>2026-07-31T23:26:46Z</time>
      </trkpt>
      <trkpt lat="23.066285" lon="113.267981">
        <time>2026-07-31T23:26:51Z</time>
      </trkpt>
      <trkpt lat="23.066204" lon="113.26804">
        <time>2026-07-31T23:26:56Z</time>
      </trkpt>
      <trkpt lat="23.066094" lon="113.268161">
        <time>2026-07-31T23:27:01Z</time>
      </trkpt>
      <trkpt lat="23.065994" lon="113.268288">
        <time>2026-07-31T23:27:06Z</time>
      </trkpt>
      <trkpt lat="23.065931" lon="113.268375">
        <time>2026-07-31T23:27:11Z</time>
      </trkpt>
      <trkpt lat="23.065874" lon="113.268468">
        <time>2026-07-31T23:27:16Z</time>
      </trkpt>
      <trkpt lat="23.065797" lon="113.268608">
        <time>2026-07-31T23:27:21Z</time>
      </trkpt>
      <trkpt lat="23.065722" lon="113.268751">
        <time>2026-07-31T23:27:26Z</time>
      </trkpt>
      <trkpt lat="23.065678" lon="113.26885">
        <time>2026-07-31T23:27:31Z</time>
      </trkpt>
      <trkpt lat="23.065639" lon="113.268952">
        <time>2026-07-31T23:27:36Z</time>
      </trkpt>
      <trkpt lat="23.065586" lon="113.269106">
        <time>2026-07-31T23:27:41Z</time>
      </trkpt>
      <trkpt lat="23.065542" lon="113.269258">
        <time>2026-07-31T23:27:46Z</time>
      </trkpt>
      <trkpt lat="23.065514" lon="113.269365">
        <time>2026-07-31T23:27:51Z</time>
      </trkpt>
      <trkpt lat="23.06549" lon="113.269477">
        <time>2026-07-31T23:27:56Z</time>
      </trkpt>
      <trkpt lat="23.065449" lon="113.269641">
        <time>2026-07-31T23:28:01Z</time>
      </trkpt>
      <trkpt lat="23.065403" lon="113.269801">
        <time>2026-07-31T23:28:06Z</time>
      </trkpt>
      <trkpt lat="23.065368" lon="113.269906">
        <time>2026-07-31T23:28:11Z</time>
      </trkpt>
      <trkpt lat="23.065338" lon="113.270017">
        <time>2026-07-31T23:28:16Z</time>
      </trkpt>
      <trkpt lat="23.06528" lon="113.270175">
        <time>2026-07-31T23:28:21Z</time>
      </trkpt>
      <trkpt lat="23.065208" lon="113.270324">
        <time>2026-07-31T23:28:26Z</time>
      </trkpt>
      <trkpt lat="23.065161" lon="113.270424">
        <time>2026-07-31T23:28:31Z</time>
      </trkpt>
      <trkpt lat="23.065114" lon="113.270525">
        <time>2026-07-31T23:28:36Z</time>
      </trkpt>
      <trkpt lat="23.065049" lon="113.27068">
        <time>2026-07-31T23:28:41Z</time>
      </trkpt>
      <trkpt lat="23.064978" lon="113.270833">
        <time>2026-07-31T23:28:46Z</time>
      </trkpt>
      <trkpt lat="23.064928" lon="113.270929">
        <time>2026-07-31T23:28:51Z</time>
      </trkpt>
      <trkpt lat="23.064881" lon="113.271029">
        <time>2026-07-31T23:28:56Z</time>
      </trkpt>
      <trkpt lat="23.064808" lon="113.27118">
        <time>2026-07-31T23:29:01Z</time>
      </trkpt>
      <trkpt lat="23.064739" lon="113.271331">
        <time>2026-07-31T23:29:06Z</time>
      </trkpt>
      <trkpt lat="23.064692" lon="113.271427">
        <time>2026-07-31T23:29:11Z</time>
      </trkpt>
      <trkpt lat="23.064644" lon="113.271526">
        <time>2026-07-31T23:29:16Z</time>
      </trkpt>
      <trkpt lat="23.064573" lon="113.271678">
        <time>2026-07-31T23:29:21Z</time>
      </trkpt>
      <trkpt lat="23.064509" lon="113.271826">
        <time>2026-07-31T23:29:26Z</time>
      </trkpt>
      <trkpt lat="23.064463" lon="113.271928">
        <time>2026-07-31T23:29:31Z</time>
      </trkpt>
      <trkpt lat="23.064417" lon="113.272033">
        <time>2026-07-31T23:29:36Z</time>
      </trkpt>
      <trkpt lat="23.06437" lon="113.272201">
        <time>2026-07-31T23:29:41Z</time>
      </trkpt>
      <trkpt lat="23.064335" lon="113.272374">
        <time>2026-07-31T23:29:46Z</time>
      </trkpt>
      <trkpt lat="23.064315" lon="113.272486">
        <time>2026-07-31T23:29:51Z</time>
      </trkpt>
      <trkpt lat="23.064315" lon="113.272593">
        <time>2026-07-31T23:29:56Z</time>
      </trkpt>
      <trkpt lat="23.064358" lon="113.272753">
        <time>2026-07-31T23:30:01Z</time>
      </trkpt>
      <trkpt lat="23.064415" lon="113.272907">
        <time>2026-07-31T23:30:06Z</time>
      </trkpt>
      <trkpt lat="23.064453" lon="113.273008">
        <time>2026-07-31T23:30:11Z</time>
      </trkpt>
      <trkpt lat="23.064483" lon="113.27311">
        <time>2026-07-31T23:30:16Z</time>
      </trkpt>
      <trkpt lat="23.064466" lon="113.273268">
        <time>2026-07-31T23:30:21Z</time>
      </trkpt>
      <trkpt lat="23.064351" lon="113.273386">
        <time>2026-07-31T23:30:26Z</time>
      </trkpt>
      <trkpt lat="23.06426" lon="113.27345">
        <time>2026-07-31T23:30:31Z</time>
      </trkpt>
      <trkpt lat="23.064168" lon="113.27351">
        <time>2026-07-31T23:30:36Z</time>
      </trkpt>
      <trkpt lat="23.064042" lon="113.27361">
        <time>2026-07-31T23:30:41Z</time>
      </trkpt>
      <trkpt lat="23.063927" lon="113.273737">
        <time>2026-07-31T23:30:46Z</time>
      </trkpt>
      <trkpt lat="23.063864" lon="113.273831">
        <time>2026-07-31T23:30:51Z</time>
      </trkpt>
      <trkpt lat="23.063806" lon="113.273932">
        <time>2026-07-31T23:30:56Z</time>
      </trkpt>
      <trkpt lat="23.063722" lon="113.274061">
        <time>2026-07-31T23:31:01Z</time>
      </trkpt>
      <trkpt lat="23.063602" lon="113.274136">
        <time>2026-07-31T23:31:06Z</time>
      </trkpt>
      <trkpt lat="23.063516" lon="113.274122">
        <time>2026-07-31T23:31:11Z</time>
      </trkpt>
      <trkpt lat="23.063429" lon="113.27413">
        <time>2026-07-31T23:31:16Z</time>
      </trkpt>
      <trkpt lat="23.063343" lon="113.274291">
        <time>2026-07-31T23:31:21Z</time>
      </trkpt>
      <trkpt lat="23.063283" lon="113.274473">
        <time>2026-07-31T23:31:26Z</time>
      </trkpt>
      <trkpt lat="23.063245" lon="113.274582">
        <time>2026-07-31T23:31:31Z</time>
      </trkpt>
      <trkpt lat="23.06321" lon="113.274676">
        <time>2026-07-31T23:31:36Z</time>
      </trkpt>
      <trkpt lat="23.063157" lon="113.274818">
        <time>2026-07-31T23:31:41Z</time>
      </trkpt>
      <trkpt lat="23.063109" lon="113.274974">
        <time>2026-07-31T23:31:46Z</time>
      </trkpt>
      <trkpt lat="23.063079" lon="113.275079">
        <time>2026-07-31T23:31:51Z</time>
      </trkpt>
      <trkpt lat="23.063033" lon="113.275173">
        <time>2026-07-31T23:31:56Z</time>
      </trkpt>
      <trkpt lat="23.062925" lon="113.275272">
        <time>2026-07-31T23:32:01Z</time>
      </trkpt>
      <trkpt lat="23.06293" lon="113.275422">
        <time>2026-07-31T23:32:06Z</time>
      </trkpt>
      <trkpt lat="23.062935" lon="113.275524">
        <time>2026-07-31T23:32:11Z</time>
      </trkpt>
      <trkpt lat="23.06288" lon="113.275612">
        <time>2026-07-31T23:32:16Z</time>
      </trkpt>
      <trkpt lat="23.062758" lon="113.275723">
        <time>2026-07-31T23:32:21Z</time>
      </trkpt>
      <trkpt lat="23.06264" lon="113.275841">
        <time>2026-07-31T23:32:26Z</time>
      </trkpt>
      <trkpt lat="23.062576" lon="113.275928">
        <time>2026-07-31T23:32:31Z</time>
      </trkpt>
      <trkpt lat="23.062519" lon="113.276021">
        <time>2026-07-31T23:32:36Z</time>
      </trkpt>
      <trkpt lat="23.062438" lon="113.27616">
        <time>2026-07-31T23:32:41Z</time>
      </trkpt>
      <trkpt lat="23.062377" lon="113.276304">
        <time>2026-07-31T23:32:46Z</time>
      </trkpt>
      <trkpt lat="23.062343" lon="113.276403">
        <time>2026-07-31T23:32:51Z</time>
      </trkpt>
      <trkpt lat="23.062306" lon="113.276502">
        <time>2026-07-31T23:32:56Z</time>
      </trkpt>
      <trkpt lat="23.062244" lon="113.27665">
        <time>2026-07-31T23:33:01Z</time>
      </trkpt>
      <trkpt lat="23.062196" lon="113.276803">
        <time>2026-07-31T23:33:06Z</time>
      </trkpt>
      <trkpt lat="23.062156" lon="113.276903">
        <time>2026-07-31T23:33:11Z</time>
      </trkpt>
      <trkpt lat="23.06212" lon="113.276999">
        <time>2026-07-31T23:33:16Z</time>
      </trkpt>
      <trkpt lat="23.062064" lon="113.277154">
        <time>2026-07-31T23:33:21Z</time>
      </trkpt>
      <trkpt lat="23.062002" lon="113.277314">
        <time>2026-07-31T23:33:26Z</time>
      </trkpt>
      <trkpt lat="23.061962" lon="113.277421">
        <time>2026-07-31T23:33:31Z</time>
      </trkpt>
      <trkpt lat="23.061924" lon="113.277524">
        <time>2026-07-31T23:33:36Z</time>
      </trkpt>
      <trkpt lat="23.061864" lon="113.277674">
        <time>2026-07-31T23:33:41Z</time>
      </trkpt>
      <trkpt lat="23.06183" lon="113.277832">
        <time>2026-07-31T23:33:46Z</time>
      </trkpt>
      <trkpt lat="23.061824" lon="113.277943">
        <time>2026-07-31T23:33:51Z</time>
      </trkpt>
      <trkpt lat="23.061827" lon="113.27805">
        <time>2026-07-31T23:33:56Z</time>
      </trkpt>
      <trkpt lat="23.061834" lon="113.278204">
        <time>2026-07-31T23:34:01Z</time>
      </trkpt>
      <trkpt lat="23.061843" lon="113.278358">
        <time>2026-07-31T23:34:06Z</time>
      </trkpt>
      <trkpt lat="23.061854" lon="113.278458">
        <time>2026-07-31T23:34:11Z</time>
      </trkpt>
      <trkpt lat="23.061858" lon="113.278557">
        <time>2026-07-31T23:34:16Z</time>
      </trkpt>
      <trkpt lat="23.061837" lon="113.278704">
        <time>2026-07-31T23:34:21Z</time>
      </trkpt>
      <trkpt lat="23.06175" lon="113.278765">
        <time>2026-07-31T23:34:26Z</time>
      </trkpt>
      <trkpt lat="23.061701" lon="113.278826">
        <time>2026-07-31T23:34:31Z</time>
      </trkpt>
      <trkpt lat="23.061667" lon="113.278919">
        <time>2026-07-31T23:34:36Z</time>
      </trkpt>
      <trkpt lat="23.061609" lon="113.27905">
        <time>2026-07-31T23:34:41Z</time>
      </trkpt>
      <trkpt lat="23.061587" lon="113.279119">
        <time>2026-07-31T23:34:46Z</time>
      </trkpt>
      <trkpt lat="23.061592" lon="113.279151">
        <time>2026-07-31T23:34:51Z</time>
      </trkpt>
      <trkpt lat="23.061591" lon="113.279181">
        <time>2026-07-31T23:34:56Z</time>
      </trkpt>
      <trkpt lat="23.061554" lon="113.279221">
        <time>2026-07-31T23:35:01Z</time>
      </trkpt>
      <trkpt lat="23.061502" lon="113.279366">
        <time>2026-07-31T23:35:06Z</time>
      </trkpt>
      <trkpt lat="23.061462" lon="113.279475">
        <time>2026-07-31T23:35:11Z</time>
      </trkpt>
      <trkpt lat="23.061421" lon="113.279578">
        <time>2026-07-31T23:35:16Z</time>
      </trkpt>
      <trkpt lat="23.061361" lon="113.279723">
        <time>2026-07-31T23:35:21Z</time>
      </trkpt>
      <trkpt lat="23.061299" lon="113.279883">
        <time>2026-07-31T23:35:26Z</time>
      </trkpt>
      <trkpt lat="23.061257" lon="113.279985">
        <time>2026-07-31T23:35:31Z</time>
      </trkpt>
      <trkpt lat="23.061215" lon="113.280086">
        <time>2026-07-31T23:35:36Z</time>
      </trkpt>
      <trkpt lat="23.061148" lon="113.280239">
        <time>2026-07-31T23:35:41Z</time>
      </trkpt>
      <trkpt lat="23.061084" lon="113.280392">
        <time>2026-07-31T23:35:46Z</time>
      </trkpt>
      <trkpt lat="23.061035" lon="113.28049">
        <time>2026-07-31T23:35:51Z</time>
      </trkpt>
      <trkpt lat="23.060983" lon="113.280593">
        <time>2026-07-31T23:35:56Z</time>
      </trkpt>
      <trkpt lat="23.060919" lon="113.280756">
        <time>2026-07-31T23:36:01Z</time>
      </trkpt>
      <trkpt lat="23.060863" lon="113.280916">
        <time>2026-07-31T23:36:06Z</time>
      </trkpt>
      <trkpt lat="23.060818" lon="113.28102">
        <time>2026-07-31T23:36:11Z</time>
      </trkpt>
      <trkpt lat="23.060773" lon="113.28112">
        <time>2026-07-31T23:36:16Z</time>
      </trkpt>
      <trkpt lat="23.060698" lon="113.281266">
        <time>2026-07-31T23:36:21Z</time>
      </trkpt>
      <trkpt lat="23.060635" lon="113.281418">
        <time>2026-07-31T23:36:26Z</time>
      </trkpt>
      <trkpt lat="23.060593" lon="113.281514">
        <time>2026-07-31T23:36:31Z</time>
      </trkpt>
      <trkpt lat="23.060554" lon="113.28161">
        <time>2026-07-31T23:36:36Z</time>
      </trkpt>
      <trkpt lat="23.060494" lon="113.281752">
        <time>2026-07-31T23:36:41Z</time>
      </trkpt>
      <trkpt lat="23.060427" lon="113.281902">
        <time>2026-07-31T23:36:46Z</time>
      </trkpt>
      <trkpt lat="23.060385" lon="113.282002">
        <time>2026-07-31T23:36:51Z</time>
      </trkpt>
      <trkpt lat="23.060346" lon="113.282105">
        <time>2026-07-31T23:36:56Z</time>
      </trkpt>
      <trkpt lat="23.060279" lon="113.282253">
        <time>2026-07-31T23:37:01Z</time>
      </trkpt>
      <trkpt lat="23.060207" lon="113.282399">
        <time>2026-07-31T23:37:06Z</time>
      </trkpt>
      <trkpt lat="23.060161" lon="113.282497">
        <time>2026-07-31T23:37:11Z</time>
      </trkpt>
      <trkpt lat="23.060114" lon="113.282593">
        <time>2026-07-31T23:37:16Z</time>
      </trkpt>
      <trkpt lat="23.060057" lon="113.28274">
        <time>2026-07-31T23:37:21Z</time>
      </trkpt>
      <trkpt lat="23.059997" lon="113.282883">
        <time>2026-07-31T23:37:26Z</time>
      </trkpt>
      <trkpt lat="23.059963" lon="113.28298">
        <time>2026-07-31T23:37:31Z</time>
      </trkpt>
      <trkpt lat="23.059927" lon="113.283078">
        <time>2026-07-31T23:37:36Z</time>
      </trkpt>
      <trkpt lat="23.059868" lon="113.283225">
        <time>2026-07-31T23:37:41Z</time>
      </trkpt>
      <trkpt lat="23.059839" lon="113.283358">
        <time>2026-07-31T23:37:46Z</time>
      </trkpt>
      <trkpt lat="23.059919" lon="113.283386">
        <time>2026-07-31T23:37:51Z</time>
      </trkpt>
      <trkpt lat="23.059998" lon="113.283316">
        <time>2026-07-31T23:37:56Z</time>
      </trkpt>
      <trkpt lat="23.06007" lon="113.283155">
        <time>2026-07-31T23:38:01Z</time>
      </trkpt>
      <trkpt lat="23.060132" lon="113.28301">
        <time>2026-07-31T23:38:06Z</time>
      </trkpt>
      <trkpt lat="23.060175" lon="113.282914">
        <time>2026-07-31T23:38:11Z</time>
      </trkpt>
      <trkpt lat="23.060216" lon="113.282817">
        <time>2026-07-31T23:38:16Z</time>
      </trkpt>
      <trkpt lat="23.060269" lon="113.282662">
        <time>2026-07-31T23:38:21Z</time>
      </trkpt>
      <trkpt lat="23.06032" lon="113.282502">
        <time>2026-07-31T23:38:26Z</time>
      </trkpt>
      <trkpt lat="23.060355" lon="113.2824">
        <time>2026-07-31T23:38:31Z</time>
      </trkpt>
      <trkpt lat="23.060391" lon="113.282299">
        <time>2026-07-31T23:38:36Z</time>
      </trkpt>
      <trkpt lat="23.060455" lon="113.282147">
        <time>2026-07-31T23:38:41Z</time>
      </trkpt>
      <trkpt lat="23.06052" lon="113.282">
        <time>2026-07-31T23:38:46Z</time>
      </trkpt>
      <trkpt lat="23.060561" lon="113.281906">
        <time>2026-07-31T23:38:51Z</time>
      </trkpt>
      <trkpt lat="23.060601" lon="113.281808">
        <time>2026-07-31T23:38:56Z</time>
      </trkpt>
      <trkpt lat="23.060665" lon="113.281654">
        <time>2026-07-31T23:39:01Z</time>
      </trkpt>
      <trkpt lat="23.060728" lon="113.281497">
        <time>2026-07-31T23:39:06Z</time>
      </trkpt>
      <trkpt lat="23.060773" lon="113.281393">
        <time>2026-07-31T23:39:11Z</time>
      </trkpt>
      <trkpt lat="23.06082" lon="113.281288">
        <time>2026-07-31T23:39:16Z</time>
      </trkpt>
      <trkpt lat="23.06089" lon="113.281131">
        <time>2026-07-31T23:39:21Z</time>
      </trkpt>
      <trkpt lat="23.060958" lon="113.280979">
        <time>2026-07-31T23:39:26Z</time>
      </trkpt>
      <trkpt lat="23.061003" lon="113.280881">
        <time>2026-07-31T23:39:31Z</time>
      </trkpt>
      <trkpt lat="23.061048" lon="113.280785">
        <time>2026-07-31T23:39:36Z</time>
      </trkpt>
      <trkpt lat="23.061117" lon="113.280638">
        <time>2026-07-31T23:39:41Z</time>
      </trkpt>
      <trkpt lat="23.061189" lon="113.280486">
        <time>2026-07-31T23:39:46Z</time>
      </trkpt>
      <trkpt lat="23.061229" lon="113.280386">
        <time>2026-07-31T23:39:51Z</time>
      </trkpt>
      <trkpt lat="23.06127" lon="113.280286">
        <time>2026-07-31T23:39:56Z</time>
      </trkpt>
      <trkpt lat="23.061347" lon="113.280142">
        <time>2026-07-31T23:40:01Z</time>
      </trkpt>
      <trkpt lat="23.061407" lon="113.279993">
        <time>2026-07-31T23:40:06Z</time>
      </trkpt>
      <trkpt lat="23.061441" lon="113.279891">
        <time>2026-07-31T23:40:11Z</time>
      </trkpt>
      <trkpt lat="23.061476" lon="113.279787">
        <time>2026-07-31T23:40:16Z</time>
      </trkpt>
      <trkpt lat="23.061532" lon="113.279636">
        <time>2026-07-31T23:40:21Z</time>
      </trkpt>
      <trkpt lat="23.061592" lon="113.279482">
        <time>2026-07-31T23:40:26Z</time>
      </trkpt>
      <trkpt lat="23.061633" lon="113.279379">
        <time>2026-07-31T23:40:31Z</time>
      </trkpt>
      <trkpt lat="23.061679" lon="113.279278">
        <time>2026-07-31T23:40:36Z</time>
      </trkpt>
      <trkpt lat="23.061751" lon="113.279123">
        <time>2026-07-31T23:40:41Z</time>
      </trkpt>
      <trkpt lat="23.061837" lon="113.278983">
        <time>2026-07-31T23:40:46Z</time>
      </trkpt>
      <trkpt lat="23.061897" lon="113.278897">
        <time>2026-07-31T23:40:51Z</time>
      </trkpt>
      <trkpt lat="23.061941" lon="113.278801">
        <time>2026-07-31T23:40:56Z</time>
      </trkpt>
      <trkpt lat="23.061957" lon="113.278635">
        <time>2026-07-31T23:41:01Z</time>
      </trkpt>
      <trkpt lat="23.06195" lon="113.278463">
        <time>2026-07-31T23:41:06Z</time>
      </trkpt>
      <trkpt lat="23.061946" lon="113.278353">
        <time>2026-07-31T23:41:11Z</time>
      </trkpt>
      <trkpt lat="23.061939" lon="113.278241">
        <time>2026-07-31T23:41:16Z</time>
      </trkpt>
      <trkpt lat="23.06193" lon="113.278073">
        <time>2026-07-31T23:41:21Z</time>
      </trkpt>
      <trkpt lat="23.061928" lon="113.277901">
        <time>2026-07-31T23:41:26Z</time>
      </trkpt>
      <trkpt lat="23.061938" lon="113.277787">
        <time>2026-07-31T23:41:31Z</time>
      </trkpt>
      <trkpt lat="23.061965" lon="113.277677">
        <time>2026-07-31T23:41:36Z</time>
      </trkpt>
      <trkpt lat="23.062022" lon="113.277522">
        <time>2026-07-31T23:41:41Z</time>
      </trkpt>
      <trkpt lat="23.062084" lon="113.277367">
        <time>2026-07-31T23:41:46Z</time>
      </trkpt>
      <trkpt lat="23.062123" lon="113.277265">
        <time>2026-07-31T23:41:51Z</time>
      </trkpt>
      <trkpt lat="23.062157" lon="113.277161">
        <time>2026-07-31T23:41:56Z</time>
      </trkpt>
      <trkpt lat="23.062215" lon="113.277009">
        <time>2026-07-31T23:42:01Z</time>
      </trkpt>
      <trkpt lat="23.062272" lon="113.276854">
        <time>2026-07-31T23:42:06Z</time>
      </trkpt>
      <trkpt lat="23.062311" lon="113.276752">
        <time>2026-07-31T23:42:11Z</time>
      </trkpt>
      <trkpt lat="23.062349" lon="113.276647">
        <time>2026-07-31T23:42:16Z</time>
      </trkpt>
      <trkpt lat="23.062407" lon="113.276489">
        <time>2026-07-31T23:42:21Z</time>
      </trkpt>
      <trkpt lat="23.062463" lon="113.276335">
        <time>2026-07-31T23:42:26Z</time>
      </trkpt>
      <trkpt lat="23.062506" lon="113.27623">
        <time>2026-07-31T23:42:31Z</time>
      </trkpt>
      <trkpt lat="23.062555" lon="113.276127">
        <time>2026-07-31T23:42:36Z</time>
      </trkpt>
      <trkpt lat="23.06264" lon="113.275991">
        <time>2026-07-31T23:42:41Z</time>
      </trkpt>
      <trkpt lat="23.062741" lon="113.275859">
        <time>2026-07-31T23:42:46Z</time>
      </trkpt>
      <trkpt lat="23.062816" lon="113.275781">
        <time>2026-07-31T23:42:51Z</time>
      </trkpt>
      <trkpt lat="23.062898" lon="113.275707">
        <time>2026-07-31T23:42:56Z</time>
      </trkpt>
      <trkpt lat="23.063015" lon="113.275582">
        <time>2026-07-31T23:43:01Z</time>
      </trkpt>
      <trkpt lat="23.063099" lon="113.275433">
        <time>2026-07-31T23:43:06Z</time>
      </trkpt>
      <trkpt lat="23.063156" lon="113.275333">
        <time>2026-07-31T23:43:11Z</time>
      </trkpt>
      <trkpt lat="23.063216" lon="113.275232">
        <time>2026-07-31T23:43:16Z</time>
      </trkpt>
      <trkpt lat="23.063309" lon="113.275084">
        <time>2026-07-31T23:43:21Z</time>
      </trkpt>
      <trkpt lat="23.063376" lon="113.274928">
        <time>2026-07-31T23:43:26Z</time>
      </trkpt>
      <trkpt lat="23.063407" lon="113.274827">
        <time>2026-07-31T23:43:31Z</time>
      </trkpt>
      <trkpt lat="23.063438" lon="113.274729">
        <time>2026-07-31T23:43:36Z</time>
      </trkpt>
      <trkpt lat="23.063482" lon="113.274577">
        <time>2026-07-31T23:43:41Z</time>
      </trkpt>
      <trkpt lat="23.063526" lon="113.274424">
        <time>2026-07-31T23:43:46Z</time>
      </trkpt>
      <trkpt lat="23.06357" lon="113.274329">
        <time>2026-07-31T23:43:51Z</time>
      </trkpt>
      <trkpt lat="23.063652" lon="113.27425">
        <time>2026-07-31T23:43:56Z</time>
      </trkpt>
      <trkpt lat="23.063793" lon="113.274148">
        <time>2026-07-31T23:44:01Z</time>
      </trkpt>
      <trkpt lat="23.063882" lon="113.274001">
        <time>2026-07-31T23:44:06Z</time>
      </trkpt>
      <trkpt lat="23.063937" lon="113.273899">
        <time>2026-07-31T23:44:11Z</time>
      </trkpt>
      <trkpt lat="23.063994" lon="113.273808">
        <time>2026-07-31T23:44:16Z</time>
      </trkpt>
      <trkpt lat="23.064108" lon="113.273689">
        <time>2026-07-31T23:44:21Z</time>
      </trkpt>
      <trkpt lat="23.064228" lon="113.273593">
        <time>2026-07-31T23:44:26Z</time>
      </trkpt>
      <trkpt lat="23.064309" lon="113.273533">
        <time>2026-07-31T23:44:31Z</time>
      </trkpt>
      <trkpt lat="23.06439" lon="113.273457">
        <time>2026-07-31T23:44:36Z</time>
      </trkpt>
      <trkpt lat="23.064504" lon="113.273337">
        <time>2026-07-31T23:44:41Z</time>
      </trkpt>
      <trkpt lat="23.064557" lon="113.273179">
        <time>2026-07-31T23:44:46Z</time>
      </trkpt>
      <trkpt lat="23.064555" lon="113.273063">
        <time>2026-07-31T23:44:51Z</time>
      </trkpt>
      <trkpt lat="23.064522" lon="113.27295">
        <time>2026-07-31T23:44:56Z</time>
      </trkpt>
      <trkpt lat="23.064465" lon="113.272778">
        <time>2026-07-31T23:45:01Z</time>
      </trkpt>
      <trkpt lat="23.064437" lon="113.272609">
        <time>2026-07-31T23:45:06Z</time>
      </trkpt>
      <trkpt lat="23.064458" lon="113.272499">
        <time>2026-07-31T23:45:11Z</time>
      </trkpt>
      <trkpt lat="23.064498" lon="113.272388">
        <time>2026-07-31T23:45:16Z</time>
      </trkpt>
      <trkpt lat="23.064556" lon="113.272223">
        <time>2026-07-31T23:45:21Z</time>
      </trkpt>
      <trkpt lat="23.064625" lon="113.272061">
        <time>2026-07-31T23:45:26Z</time>
      </trkpt>
      <trkpt lat="23.064672" lon="113.271957">
        <time>2026-07-31T23:45:31Z</time>
      </trkpt>
      <trkpt lat="23.064714" lon="113.271858">
        <time>2026-07-31T23:45:36Z</time>
      </trkpt>
      <trkpt lat="23.064778" lon="113.271707">
        <time>2026-07-31T23:45:41Z</time>
      </trkpt>
      <trkpt lat="23.064848" lon="113.271561">
        <time>2026-07-31T23:45:46Z</time>
      </trkpt>
      <trkpt lat="23.06489" lon="113.271463">
        <time>2026-07-31T23:45:51Z</time>
      </trkpt>
      <trkpt lat="23.064929" lon="113.271371">
        <time>2026-07-31T23:45:56Z</time>
      </trkpt>
      <trkpt lat="23.064986" lon="113.271233">
        <time>2026-07-31T23:46:01Z</time>
      </trkpt>
      <trkpt lat="23.065061" lon="113.271093">
        <time>2026-07-31T23:46:06Z</time>
      </trkpt>
      <trkpt lat="23.065124" lon="113.270995">
        <time>2026-07-31T23:46:11Z</time>
      </trkpt>
      <trkpt lat="23.06517" lon="113.270891">
        <time>2026-07-31T23:46:16Z</time>
      </trkpt>
      <trkpt lat="23.065234" lon="113.270743">
        <time>2026-07-31T23:46:21Z</time>
      </trkpt>
      <trkpt lat="23.065304" lon="113.270603">
        <time>2026-07-31T23:46:26Z</time>
      </trkpt>
      <trkpt lat="23.06535" lon="113.270507">
        <time>2026-07-31T23:46:31Z</time>
      </trkpt>
      <trkpt lat="23.065395" lon="113.270414">
        <time>2026-07-31T23:46:36Z</time>
      </trkpt>
      <trkpt lat="23.065461" lon="113.270275">
        <time>2026-07-31T23:46:41Z</time>
      </trkpt>
      <trkpt lat="23.065524" lon="113.270129">
        <time>2026-07-31T23:46:46Z</time>
      </trkpt>
      <trkpt lat="23.065558" lon="113.270028">
        <time>2026-07-31T23:46:51Z</time>
      </trkpt>
      <trkpt lat="23.06559" lon="113.269925">
        <time>2026-07-31T23:46:56Z</time>
      </trkpt>
      <trkpt lat="23.065632" lon="113.269772">
        <time>2026-07-31T23:47:01Z</time>
      </trkpt>
      <trkpt lat="23.065678" lon="113.269627">
        <time>2026-07-31T23:47:06Z</time>
      </trkpt>
      <trkpt lat="23.065703" lon="113.269524">
        <time>2026-07-31T23:47:11Z</time>
      </trkpt>
      <trkpt lat="23.065721" lon="113.269414">
        <time>2026-07-31T23:47:16Z</time>
      </trkpt>
      <trkpt lat="23.06576" lon="113.269247">
        <time>2026-07-31T23:47:21Z</time>
      </trkpt>
      <trkpt lat="23.065802" lon="113.269084">
        <time>2026-07-31T23:47:26Z</time>
      </trkpt>
      <trkpt lat="23.065832" lon="113.268979">
        <time>2026-07-31T23:47:31Z</time>
      </trkpt>
      <trkpt lat="23.06587" lon="113.26888">
        <time>2026-07-31T23:47:36Z</time>
      </trkpt>
      <trkpt lat="23.065945" lon="113.268734">
        <time>2026-07-31T23:47:41Z</time>
      </trkpt>
      <trkpt lat="23.066031" lon="113.268596">
        <time>2026-07-31T23:47:46Z</time>
      </trkpt>
      <trkpt lat="23.066089" lon="113.268505">
        <time>2026-07-31T23:47:51Z</time>
      </trkpt>
      <trkpt lat="23.066148" lon="113.268414">
        <time>2026-07-31T23:47:56Z</time>
      </trkpt>
      <trkpt lat="23.066249" lon="113.268289">
        <time>2026-07-31T23:48:01Z</time>
      </trkpt>
      <trkpt lat="23.066364" lon="113.268177">
        <time>2026-07-31T23:48:06Z</time>
      </trkpt>
      <trkpt lat="23.066459" lon="113.268135">
        <time>2026-07-31T23:48:11Z</time>
      </trkpt>
      <trkpt lat="23.066562" lon="113.268135">
        <time>2026-07-31T23:48:16Z</time>
      </trkpt>
      <trkpt lat="23.066671" lon="113.268077">
        <time>2026-07-31T23:48:21Z</time>
      </trkpt>
      <trkpt lat="23.066559" lon="113.267965">
        <time>2026-07-31T23:48:26Z</time>
      </trkpt>
      <trkpt lat="23.066447" lon="113.267943">
        <time>2026-07-31T23:48:31Z</time>
      </trkpt>
      <trkpt lat="23.066343" lon="113.267947">
        <time>2026-07-31T23:48:36Z</time>
      </trkpt>
      <trkpt lat="23.066209" lon="113.268013">
        <time>2026-07-31T23:48:41Z</time>
      </trkpt>
      <trkpt lat="23.0661" lon="113.268134">
        <time>2026-07-31T23:48:46Z</time>
      </trkpt>
      <trkpt lat="23.066032" lon="113.268222">
        <time>2026-07-31T23:48:51Z</time>
      </trkpt>
      <trkpt lat="23.06597" lon="113.268311">
        <time>2026-07-31T23:48:56Z</time>
      </trkpt>
      <trkpt lat="23.065886" lon="113.268451">
        <time>2026-07-31T23:49:01Z</time>
      </trkpt>
      <trkpt lat="23.065797" lon="113.268598">
        <time>2026-07-31T23:49:06Z</time>
      </trkpt>
      <trkpt lat="23.065745" lon="113.268694">
        <time>2026-07-31T23:49:11Z</time>
      </trkpt>
      <trkpt lat="23.065702" lon="113.268795">
        <time>2026-07-31T23:49:16Z</time>
      </trkpt>
      <trkpt lat="23.065644" lon="113.268941">
        <time>2026-07-31T23:49:21Z</time>
      </trkpt>
      <trkpt lat="23.065593" lon="113.269087">
        <time>2026-07-31T23:49:26Z</time>
      </trkpt>
      <trkpt lat="23.065565" lon="113.269191">
        <time>2026-07-31T23:49:31Z</time>
      </trkpt>
      <trkpt lat="23.065543" lon="113.269297">
        <time>2026-07-31T23:49:36Z</time>
      </trkpt>
      <trkpt lat="23.065521" lon="113.269457">
        <time>2026-07-31T23:49:41Z</time>
      </trkpt>
      <trkpt lat="23.065479" lon="113.269609">
        <time>2026-07-31T23:49:46Z</time>
      </trkpt>
      <trkpt lat="23.065449" lon="113.269712">
        <time>2026-07-31T23:49:51Z</time>
      </trkpt>
      <trkpt lat="23.065415" lon="113.269813">
        <time>2026-07-31T23:49:56Z</time>
      </trkpt>
      <trkpt lat="23.065357" lon="113.269964">
        <time>2026-07-31T23:50:01Z</time>
      </trkpt>
      <trkpt lat="23.065305" lon="113.270116">
        <time>2026-07-31T23:50:06Z</time>
      </trkpt>
      <trkpt lat="23.065265" lon="113.270214">
        <time>2026-07-31T23:50:11Z</time>
      </trkpt>
      <trkpt lat="23.065221" lon="113.270309">
        <time>2026-07-31T23:50:16Z</time>
      </trkpt>
      <trkpt lat="23.065156" lon="113.270455">
        <time>2026-07-31T23:50:21Z</time>
      </trkpt>
      <trkpt lat="23.065081" lon="113.270597">
        <time>2026-07-31T23:50:26Z</time>
      </trkpt>
      <trkpt lat="23.065033" lon="113.270693">
        <time>2026-07-31T23:50:31Z</time>
      </trkpt>
      <trkpt lat="23.064985" lon="113.270791">
        <time>2026-07-31T23:50:36Z</time>
      </trkpt>
      <trkpt lat="23.064918" lon="113.27094">
        <time>2026-07-31T23:50:41Z</time>
      </trkpt>
      <trkpt lat="23.064849" lon="113.27108">
        <time>2026-07-31T23:50:46Z</time>
      </trkpt>
      <trkpt lat="23.064807" lon="113.271177">
        <time>2026-07-31T23:50:51Z</time>
      </trkpt>
      <trkpt lat="23.064765" lon="113.271271">
        <time>2026-07-31T23:50:56Z</time>
      </trkpt>
      <trkpt lat="23.064696" lon="113.271412">
        <time>2026-07-31T23:51:01Z</time>
      </trkpt>
      <trkpt lat="23.064627" lon="113.271552">
        <time>2026-07-31T23:51:06Z</time>
      </trkpt>
      <trkpt lat="23.06458" lon="113.271646">
        <time>2026-07-31T23:51:11Z</time>
      </trkpt>
      <trkpt lat="23.064536" lon="113.271744">
        <time>2026-07-31T23:51:16Z</time>
      </trkpt>
      <trkpt lat="23.064472" lon="113.271897">
        <time>2026-07-31T23:51:21Z</time>
      </trkpt>
      <trkpt lat="23.064403" lon="113.272045">
        <time>2026-07-31T23:51:26Z</time>
      </trkpt>
      <trkpt lat="23.064354" lon="113.272143">
        <time>2026-07-31T23:51:31Z</time>
      </trkpt>
      <trkpt lat="23.064323" lon="113.272248">
        <time>2026-07-31T23:51:36Z</time>
      </trkpt>
      <trkpt lat="23.064316" lon="113.272416">
        <time>2026-07-31T23:51:41Z</time>
      </trkpt>
      <trkpt lat="23.064319" lon="113.272579">
        <time>2026-07-31T23:51:46Z</time>
      </trkpt>
      <trkpt lat="23.064342" lon="113.272685">
        <time>2026-07-31T23:51:51Z</time>
      </trkpt>
      <trkpt lat="23.064375" lon="113.272788">
        <time>2026-07-31T23:51:56Z</time>
      </trkpt>
      <trkpt lat="23.064427" lon="113.272937">
        <time>2026-07-31T23:52:01Z</time>
      </trkpt>
      <trkpt lat="23.064477" lon="113.27309">
        <time>2026-07-31T23:52:06Z</time>
      </trkpt>
      <trkpt lat="23.064483" lon="113.273196">
        <time>2026-07-31T23:52:11Z</time>
      </trkpt>
      <trkpt lat="23.064444" lon="113.273297">
        <time>2026-07-31T23:52:16Z</time>
      </trkpt>
      <trkpt lat="23.064325" lon="113.273418">
        <time>2026-07-31T23:52:21Z</time>
      </trkpt>
      <trkpt lat="23.064184" lon="113.273516">
        <time>2026-07-31T23:52:26Z</time>
      </trkpt>
      <trkpt lat="23.064096" lon="113.273583">
        <time>2026-07-31T23:52:31Z</time>
      </trkpt>
      <trkpt lat="23.064016" lon="113.273652">
        <time>2026-07-31T23:52:36Z</time>
      </trkpt>
      <trkpt lat="23.063911" lon="113.273765">
        <time>2026-07-31T23:52:41Z</time>
      </trkpt>
      <trkpt lat="23.063828" lon="113.273898">
        <time>2026-07-31T23:52:46Z</time>
      </trkpt>
      <trkpt lat="23.063777" lon="113.27399">
        <time>2026-07-31T23:52:51Z</time>
      </trkpt>
      <trkpt lat="23.063722" lon="113.274072">
        <time>2026-07-31T23:52:56Z</time>
      </trkpt>
      <trkpt lat="23.063613" lon="113.274159">
        <time>2026-07-31T23:53:01Z</time>
      </trkpt>
      <trkpt lat="23.063522" lon="113.274281">
        <time>2026-07-31T23:53:06Z</time>
      </trkpt>
      <trkpt lat="23.06348" lon="113.274387">
        <time>2026-07-31T23:53:11Z</time>
      </trkpt>
      <trkpt lat="23.063441" lon="113.274497">
        <time>2026-07-31T23:53:16Z</time>
      </trkpt>
      <trkpt lat="23.063379" lon="113.274686">
        <time>2026-07-31T23:53:21Z</time>
      </trkpt>
      <trkpt lat="23.063325" lon="113.274855">
        <time>2026-07-31T23:53:26Z</time>
      </trkpt>
      <trkpt lat="23.063289" lon="113.274962">
        <time>2026-07-31T23:53:31Z</time>
      </trkpt>
      <trkpt lat="23.063242" lon="113.275068">
        <time>2026-07-31T23:53:36Z</time>
      </trkpt>
      <trkpt lat="23.063153" lon="113.275215">
        <time>2026-07-31T23:53:41Z</time>
      </trkpt>
      <trkpt lat="23.063054" lon="113.275349">
        <time>2026-07-31T23:53:46Z</time>
      </trkpt>
      <trkpt lat="23.063" lon="113.275451">
        <time>2026-07-31T23:53:51Z</time>
      </trkpt>
      <trkpt lat="23.06294" lon="113.27555">
        <time>2026-07-31T23:53:56Z</time>
      </trkpt>
      <trkpt lat="23.062833" lon="113.275675">
        <time>2026-07-31T23:54:01Z</time>
      </trkpt>
      <trkpt lat="23.062718" lon="113.27579">
        <time>2026-07-31T23:54:06Z</time>
      </trkpt>
      <trkpt lat="23.062646" lon="113.275869">
        <time>2026-07-31T23:54:11Z</time>
      </trkpt>
      <trkpt lat="23.062579" lon="113.275958">
        <time>2026-07-31T23:54:16Z</time>
      </trkpt>
      <trkpt lat="23.062487" lon="113.276104">
        <time>2026-07-31T23:54:21Z</time>
      </trkpt>
      <trkpt lat="23.062413" lon="113.276255">
        <time>2026-07-31T23:54:26Z</time>
      </trkpt>
      <trkpt lat="23.062371" lon="113.276363">
        <time>2026-07-31T23:54:31Z</time>
      </trkpt>
      <trkpt lat="23.062335" lon="113.276469">
        <time>2026-07-31T23:54:36Z</time>
      </trkpt>
      <trkpt lat="23.062275" lon="113.276624">
        <time>2026-07-31T23:54:41Z</time>
      </trkpt>
      <trkpt lat="23.06222" lon="113.276776">
        <time>2026-07-31T23:54:46Z</time>
      </trkpt>
      <trkpt lat="23.062178" lon="113.276877">
        <time>2026-07-31T23:54:51Z</time>
      </trkpt>
      <trkpt lat="23.062132" lon="113.276985">
        <time>2026-07-31T23:54:56Z</time>
      </trkpt>
      <trkpt lat="23.062071" lon="113.277161">
        <time>2026-07-31T23:55:01Z</time>
      </trkpt>
      <trkpt lat="23.062012" lon="113.277327">
        <time>2026-07-31T23:55:06Z</time>
      </trkpt>
      <trkpt lat="23.061971" lon="113.277437">
        <time>2026-07-31T23:55:11Z</time>
      </trkpt>
      <trkpt lat="23.061929" lon="113.277542">
        <time>2026-07-31T23:55:16Z</time>
      </trkpt>
      <trkpt lat="23.061858" lon="113.277698">
        <time>2026-07-31T23:55:21Z</time>
      </trkpt>
      <trkpt lat="23.06183" lon="113.277866">
        <time>2026-07-31T23:55:26Z</time>
      </trkpt>
      <trkpt lat="23.061832" lon="113.27798">
        <time>2026-07-31T23:55:31Z</time>
      </trkpt>
      <trkpt lat="23.06183" lon="113.278093">
        <time>2026-07-31T23:55:36Z</time>
      </trkpt>
      <trkpt lat="23.061836" lon="113.278261">
        <time>2026-07-31T23:55:41Z</time>
      </trkpt>
      <trkpt lat="23.061849" lon="113.278432">
        <time>2026-07-31T23:55:46Z</time>
      </trkpt>
      <trkpt lat="23.061852" lon="113.278543">
        <time>2026-07-31T23:55:51Z</time>
      </trkpt>
      <trkpt lat="23.061843" lon="113.278648">
        <time>2026-07-31T23:55:56Z</time>
      </trkpt>
      <trkpt lat="23.061792" lon="113.278753">
        <time>2026-07-31T23:56:01Z</time>
      </trkpt>
      <trkpt lat="23.061707" lon="113.278828">
        <time>2026-07-31T23:56:06Z</time>
      </trkpt>
      <trkpt lat="23.061665" lon="113.278928">
        <time>2026-07-31T23:56:11Z</time>
      </trkpt>
      <trkpt lat="23.061623" lon="113.279026">
        <time>2026-07-31T23:56:16Z</time>
      </trkpt>
      <trkpt lat="23.061578" lon="113.279144">
        <time>2026-07-31T23:56:21Z</time>
      </trkpt>
      <trkpt lat="23.061565" lon="113.279201">
        <time>2026-07-31T23:56:26Z</time>
      </trkpt>
      <trkpt lat="23.06159" lon="113.279193">
        <time>2026-07-31T23:56:31Z</time>
      </trkpt>
      <trkpt lat="23.061599" lon="113.279162">
        <time>2026-07-31T23:56:36Z</time>
      </trkpt>
      <trkpt lat="23.061566" lon="113.279159">
        <time>2026-07-31T23:56:41Z</time>
      </trkpt>
      <trkpt lat="23.06152" lon="113.279269">
        <time>2026-07-31T23:56:46Z</time>
      </trkpt>
      <trkpt lat="23.061478" lon="113.279385">
        <time>2026-07-31T23:56:51Z</time>
      </trkpt>
      <trkpt lat="23.061443" lon="113.279497">
        <time>2026-07-31T23:56:56Z</time>
      </trkpt>
      <trkpt lat="23.061391" lon="113.279658">
        <time>2026-07-31T23:57:01Z</time>
      </trkpt>
      <trkpt lat="23.061321" lon="113.279812">
        <time>2026-07-31T23:57:06Z</time>
      </trkpt>
      <trkpt lat="23.061277" lon="113.279915">
        <time>2026-07-31T23:57:11Z</time>
      </trkpt>
      <trkpt lat="23.061236" lon="113.280018">
        <time>2026-07-31T23:57:16Z</time>
      </trkpt>
      <trkpt lat="23.061166" lon="113.280175">
        <time>2026-07-31T23:57:21Z</time>
      </trkpt>
      <trkpt lat="23.061094" lon="113.280339">
        <time>2026-07-31T23:57:26Z</time>
      </trkpt>
      <trkpt lat="23.061052" lon="113.280449">
        <time>2026-07-31T23:57:31Z</time>
      </trkpt>
      <trkpt lat="23.061006" lon="113.280549">
        <time>2026-07-31T23:57:36Z</time>
      </trkpt>
      <trkpt lat="23.060938" lon="113.280695">
        <time>2026-07-31T23:57:41Z</time>
      </trkpt>
      <trkpt lat="23.060883" lon="113.280845">
        <time>2026-07-31T23:57:46Z</time>
      </trkpt>
      <trkpt lat="23.060853" lon="113.280942">
        <time>2026-07-31T23:57:51Z</time>
      </trkpt>
      <trkpt lat="23.060812" lon="113.281031">
        <time>2026-07-31T23:57:56Z</time>
      </trkpt>
      <trkpt lat="23.060745" lon="113.281172">
        <time>2026-07-31T23:58:01Z</time>
      </trkpt>
      <trkpt lat="23.060679" lon="113.281318">
        <time>2026-07-31T23:58:06Z</time>
      </trkpt>
      <trkpt lat="23.06064" lon="113.281421">
        <time>2026-07-31T23:58:11Z</time>
      </trkpt>
      <trkpt lat="23.060599" lon="113.281526">
        <time>2026-07-31T23:58:16Z</time>
      </trkpt>
      <trkpt lat="23.060533" lon="113.281673">
        <time>2026-07-31T23:58:21Z</time>
      </trkpt>
      <trkpt lat="23.060469" lon="113.281828">
        <time>2026-07-31T23:58:26Z</time>
      </trkpt>
      <trkpt lat="23.060426" lon="113.281931">
        <time>2026-07-31T23:58:31Z</time>
      </trkpt>
      <trkpt lat="23.060381" lon="113.282033">
        <time>2026-07-31T23:58:36Z</time>
      </trkpt>
      <trkpt lat="23.060315" lon="113.282186">
        <time>2026-07-31T23:58:41Z</time>
      </trkpt>
      <trkpt lat="23.060243" lon="113.282338">
        <time>2026-07-31T23:58:46Z</time>
      </trkpt>
      <trkpt lat="23.060202" lon="113.282438">
        <time>2026-07-31T23:58:51Z</time>
      </trkpt>
      <trkpt lat="23.060161" lon="113.282541">
        <time>2026-07-31T23:58:56Z</time>
      </trkpt>
      <trkpt lat="23.060095" lon="113.282698">
        <time>2026-07-31T23:59:01Z</time>
      </trkpt>
      <trkpt lat="23.06002" lon="113.282846">
        <time>2026-07-31T23:59:06Z</time>
      </trkpt>
      <trkpt lat="23.059974" lon="113.282946">
        <time>2026-07-31T23:59:11Z</time>
      </trkpt>
      <trkpt lat="23.059934" lon="113.28305">
        <time>2026-07-31T23:59:16Z</time>
      </trkpt>
      <trkpt lat="23.059872" lon="113.283203">
        <time>2026-07-31T23:59:21Z</time>
      </trkpt>
      <trkpt lat="23.059806" lon="113.283357">
        <time>2026-07-31T23:59:26Z</time>
      </trkpt>
      <trkpt lat="23.059762" lon="113.283453">
        <time>2026-07-31T23:59:31Z</time>
      </trkpt>
      <trkpt lat="23.059716" lon="113.28355">
        <time>2026-07-31T23:59:36Z</time>
      </trkpt>
      <trkpt lat="23.059646" lon="113.283701">
        <time>2026-07-31T23:59:41Z</time>
      </trkpt>
      <trkpt lat="23.059578" lon="113.283852">
        <time>2026-07-31T23:59:46Z</time>
      </trkpt>
      <trkpt lat="23.059531" lon="113.28395">
        <time>2026-07-31T23:59:51Z</time>
      </trkpt>
      <trkpt lat="23.059488" lon="113.284043">
        <time>2026-07-31T23:59:56Z</time>
      </trkpt>
      <trkpt lat="23.059418" lon="113.284183">
        <time>2026-08-01T00:00:01Z</time>
      </trkpt>
      <trkpt lat="23.059368" lon="113.284338">
        <time>2026-08-01T00:00:06Z</time>
      </trkpt>
      <trkpt lat="23.059342" lon="113.284446">
        <time>2026-08-01T00:00:11Z</time>
      </trkpt>
      <trkpt lat="23.059308" lon="113.284548">
        <time>2026-08-01T00:00:16Z</time>
      </trkpt>
      <trkpt lat="23.059255" lon="113.284694">
        <time>2026-08-01T00:00:21Z</time>
      </trkpt>
      <trkpt lat="23.059193" lon="113.284835">
        <time>2026-08-01T00:00:26Z</time>
      </trkpt>
      <trkpt lat="23.059149" lon="113.284931">
        <time>2026-08-01T00:00:31Z</time>
      </trkpt>
      <trkpt lat="23.059107" lon="113.285029">
        <time>2026-08-01T00:00:36Z</time>
      </trkpt>
      <trkpt lat="23.059045" lon="113.285174">
        <time>2026-08-01T00:00:41Z</time>
      </trkpt>
      <trkpt lat="23.058984" lon="113.285326">
        <time>2026-08-01T00:00:46Z</time>
      </trkpt>
      <trkpt lat="23.058946" lon="113.285433">
        <time>2026-08-01T00:00:51Z</time>
      </trkpt>
      <trkpt lat="23.058908" lon="113.285528">
        <time>2026-08-01T00:00:56Z</time>
      </trkpt>
      <trkpt lat="23.058853" lon="113.285669">
        <time>2026-08-01T00:01:01Z</time>
      </trkpt>
      <trkpt lat="23.058789" lon="113.285819">
        <time>2026-08-01T00:01:06Z</time>
      </trkpt>
      <trkpt lat="23.058748" lon="113.285916">
        <time>2026-08-01T00:01:11Z</time>
      </trkpt>
      <trkpt lat="23.058705" lon="113.286013">
        <time>2026-08-01T00:01:16Z</time>
      </trkpt>
      <trkpt lat="23.058726" lon="113.286108">
        <time>2026-08-01T00:01:21Z</time>
      </trkpt>
      <trkpt lat="23.05882" lon="113.285988">
        <time>2026-08-01T00:01:26Z</time>
      </trkpt>
      <trkpt lat="23.05886" lon="113.285877">
        <time>2026-08-01T00:01:31Z</time>
      </trkpt>
      <trkpt lat="23.058899" lon="113.285773">
        <time>2026-08-01T00:01:36Z</time>
      </trkpt>
      <trkpt lat="23.058959" lon="113.285619">
        <time>2026-08-01T00:01:41Z</time>
      </trkpt>
      <trkpt lat="23.059029" lon="113.28547">
        <time>2026-08-01T00:01:46Z</time>
      </trkpt>
      <trkpt lat="23.059072" lon="113.285372">
        <time>2026-08-01T00:01:51Z</time>
      </trkpt>
      <trkpt lat="23.059111" lon="113.285276">
        <time>2026-08-01T00:01:56Z</time>
      </trkpt>
      <trkpt lat="23.059165" lon="113.285133">
        <time>2026-08-01T00:02:01Z</time>
      </trkpt>
      <trkpt lat="23.059228" lon="113.284985">
        <time>2026-08-01T00:02:06Z</time>
      </trkpt>
      <trkpt lat="23.05927" lon="113.284886">
        <time>2026-08-01T00:02:11Z</time>
      </trkpt>
      <trkpt lat="23.059309" lon="113.284785">
        <time>2026-08-01T00:02:16Z</time>
      </trkpt>
      <trkpt lat="23.059373" lon="113.284641">
        <time>2026-08-01T00:02:21Z</time>
      </trkpt>
      <trkpt lat="23.059437" lon="113.2845">
        <time>2026-08-01T00:02:26Z</time>
      </trkpt>
      <trkpt lat="23.059482" lon="113.284404">
        <time>2026-08-01T00:02:31Z</time>
      </trkpt>
      <trkpt lat="23.059526" lon="113.28431">
        <time>2026-08-01T00:02:36Z</time>
      </trkpt>
      <trkpt lat="23.059588" lon="113.284173">
        <time>2026-08-01T00:02:41Z</time>
      </trkpt>
      <trkpt lat="23.059652" lon="113.284037">
        <time>2026-08-01T00:02:46Z</time>
      </trkpt>
      <trkpt lat="23.059698" lon="113.283942">
        <time>2026-08-01T00:02:51Z</time>
      </trkpt>
      <trkpt lat="23.059736" lon="113.283843">
        <time>2026-08-01T00:02:56Z</time>
      </trkpt>
      <trkpt lat="23.059793" lon="113.283691">
        <time>2026-08-01T00:03:01Z</time>
      </trkpt>
      <trkpt lat="23.05985" lon="113.283544">
        <time>2026-08-01T00:03:06Z</time>
      </trkpt>
      <trkpt lat="23.059891" lon="113.283446">
        <time>2026-08-01T00:03:11Z</time>
      </trkpt>
      <trkpt lat="23.059932" lon="113.283345">
        <time>2026-08-01T00:03:16Z</time>
      </trkpt>
      <trkpt lat="23.06001" lon="113.28321">
        <time>2026-08-01T00:03:21Z</time>
      </trkpt>
      <trkpt lat="23.060079" lon="113.283071">
        <time>2026-08-01T00:03:26Z</time>
      </trkpt>
      <trkpt lat="23.060124" lon="113.282981">
        <time>2026-08-01T00:03:31Z</time>
      </trkpt>
      <trkpt lat="23.060168" lon="113.282892">
        <time>2026-08-01T00:03:36Z</time>
      </trkpt>
      <trkpt lat="23.060234" lon="113.282756">
        <time>2026-08-01T00:03:41Z</time>
      </trkpt>
      <trkpt lat="23.060288" lon="113.282607">
        <time>2026-08-01T00:03:46Z</time>
      </trkpt>
      <trkpt lat="23.06032" lon="113.282508">
        <time>2026-08-01T00:03:51Z</time>
      </trkpt>
      <trkpt lat="23.060351" lon="113.282409">
        <time>2026-08-01T00:03:56Z</time>
      </trkpt>
      <trkpt lat="23.060402" lon="113.282264">
        <time>2026-08-01T00:04:01Z</time>
      </trkpt>
      <trkpt lat="23.060457" lon="113.282122">
        <time>2026-08-01T00:04:06Z</time>
      </trkpt>
      <trkpt lat="23.060493" lon="113.282028">
        <time>2026-08-01T00:04:11Z</time>
      </trkpt>
      <trkpt lat="23.060533" lon="113.281933">
        <time>2026-08-01T00:04:16Z</time>
      </trkpt>
      <trkpt lat="23.060596" lon="113.281794">
        <time>2026-08-01T00:04:21Z</time>
      </trkpt>
      <trkpt lat="23.060659" lon="113.281651">
        <time>2026-08-01T00:04:26Z</time>
      </trkpt>
      <trkpt lat="23.060703" lon="113.281559">
        <time>2026-08-01T00:04:31Z</time>
      </trkpt>
      <trkpt lat="23.060745" lon="113.281466">
        <time>2026-08-01T00:04:36Z</time>
      </trkpt>
      <trkpt lat="23.060811" lon="113.281317">
        <time>2026-08-01T00:04:41Z</time>
      </trkpt>
      <trkpt lat="23.060874" lon="113.281167">
        <time>2026-08-01T00:04:46Z</time>
      </trkpt>
      <trkpt lat="23.060916" lon="113.281068">
        <time>2026-08-01T00:04:51Z</time>
      </trkpt>
      <trkpt lat="23.06096" lon="113.280971">
        <time>2026-08-01T00:04:56Z</time>
      </trkpt>
      <trkpt lat="23.061025" lon="113.280819">
        <time>2026-08-01T00:05:01Z</time>
      </trkpt>
      <trkpt lat="23.061091" lon="113.280664">
        <time>2026-08-01T00:05:06Z</time>
      </trkpt>
      <trkpt lat="23.061136" lon="113.28056">
        <time>2026-08-01T00:05:11Z</time>
      </trkpt>
      <trkpt lat="23.061184" lon="113.280458">
        <time>2026-08-01T00:05:16Z</time>
      </trkpt>
      <trkpt lat="23.061254" lon="113.280305">
        <time>2026-08-01T00:05:21Z</time>
      </trkpt>
      <trkpt lat="23.061318" lon="113.280159">
        <time>2026-08-01T00:05:26Z</time>
      </trkpt>
      <trkpt lat="23.061361" lon="113.280063">
        <time>2026-08-01T00:05:31Z</time>
      </trkpt>
      <trkpt lat="23.061401" lon="113.279967">
        <time>2026-08-01T00:05:36Z</time>
      </trkpt>
      <trkpt lat="23.061458" lon="113.279822">
        <time>2026-08-01T00:05:41Z</time>
      </trkpt>
      <trkpt lat="23.061518" lon="113.279676">
        <time>2026-08-01T00:05:46Z</time>
      </trkpt>
      <trkpt lat="23.061559" lon="113.279581">
        <time>2026-08-01T00:05:51Z</time>
      </trkpt>
      <trkpt lat="23.061598" lon="113.279485">
        <time>2026-08-01T00:05:56Z</time>
      </trkpt>
      <trkpt lat="23.06165" lon="113.279336">
        <time>2026-08-01T00:06:01Z</time>
      </trkpt>
      <trkpt lat="23.061713" lon="113.279192">
        <time>2026-08-01T00:06:06Z</time>
      </trkpt>
      <trkpt lat="23.061764" lon="113.2791">
        <time>2026-08-01T00:06:11Z</time>
      </trkpt>
      <trkpt lat="23.061822" lon="113.279011">
        <time>2026-08-01T00:06:16Z</time>
      </trkpt>
      <trkpt lat="23.061913" lon="113.278875">
        <time>2026-08-01T00:06:21Z</time>
      </trkpt>
      <trkpt lat="23.061964" lon="113.278714">
        <time>2026-08-01T00:06:26Z</time>
      </trkpt>
      <trkpt lat="23.061965" lon="113.278596">
        <time>2026-08-01T00:06:31Z</time>
      </trkpt>
      <trkpt lat="23.061961" lon="113.278481">
        <time>2026-08-01T00:06:36Z</time>
      </trkpt>
      <trkpt lat="23.061952" lon="113.278318">
        <time>2026-08-01T00:06:41Z</time>
      </trkpt>
      <trkpt lat="23.061946" lon="113.278153">
        <time>2026-08-01T00:06:46Z</time>
      </trkpt>
      <trkpt lat="23.061942" lon="113.278041">
        <time>2026-08-01T00:06:51Z</time>
      </trkpt>
      <trkpt lat="23.061939" lon="113.277928">
        <time>2026-08-01T00:06:56Z</time>
      </trkpt>
      <trkpt lat="23.061952" lon="113.277759">
        <time>2026-08-01T00:07:01Z</time>
      </trkpt>
      <trkpt lat="23.061999" lon="113.277597">
        <time>2026-08-01T00:07:06Z</time>
      </trkpt>
      <trkpt lat="23.062039" lon="113.277491">
        <time>2026-08-01T00:07:11Z</time>
      </trkpt>
      <trkpt lat="23.062078" lon="113.277389">
        <time>2026-08-01T00:07:16Z</time>
      </trkpt>
      <trkpt lat="23.062133" lon="113.277237">
        <time>2026-08-01T00:07:21Z</time>
      </trkpt>
      <trkpt lat="23.062186" lon="113.277089">
        <time>2026-08-01T00:07:26Z</time>
      </trkpt>
      <trkpt lat="23.062223" lon="113.276992">
        <time>2026-08-01T00:07:31Z</time>
      </trkpt>
      <trkpt lat="23.062261" lon="113.276898">
        <time>2026-08-01T00:07:36Z</time>
      </trkpt>
      <trkpt lat="23.062314" lon="113.276753">
        <time>2026-08-01T00:07:41Z</time>
      </trkpt>
      <trkpt lat="23.062369" lon="113.276601">
        <time>2026-08-01T00:07:46Z</time>
      </trkpt>
      <trkpt lat="23.062409" lon="113.276497">
        <time>2026-08-01T00:07:51Z</time>
      </trkpt>
      <trkpt lat="23.062446" lon="113.276393">
        <time>2026-08-01T00:07:56Z</time>
      </trkpt>
      <trkpt lat="23.062503" lon="113.276242">
        <time>2026-08-01T00:08:01Z</time>
      </trkpt>
      <trkpt lat="23.06257" lon="113.276102">
        <time>2026-08-01T00:08:06Z</time>
      </trkpt>
      <trkpt lat="23.062621" lon="113.276014">
        <time>2026-08-01T00:08:11Z</time>
      </trkpt>
      <trkpt lat="23.062682" lon="113.27593">
        <time>2026-08-01T00:08:16Z</time>
      </trkpt>
      <trkpt lat="23.062783" lon="113.275816">
        <time>2026-08-01T00:08:21Z</time>
      </trkpt>
      <trkpt lat="23.062898" lon="113.275709">
        <time>2026-08-01T00:08:26Z</time>
      </trkpt>
      <trkpt lat="23.062974" lon="113.275634">
        <time>2026-08-01T00:08:31Z</time>
      </trkpt>
      <trkpt lat="23.063041" lon="113.275554">
        <time>2026-08-01T00:08:36Z</time>
      </trkpt>
      <trkpt lat="23.063119" lon="113.275426">
        <time>2026-08-01T00:08:41Z</time>
      </trkpt>
      <trkpt lat="23.063193" lon="113.27529">
        <time>2026-08-01T00:08:46Z</time>
      </trkpt>
      <trkpt lat="23.063241" lon="113.275198">
        <time>2026-08-01T00:08:51Z</time>
      </trkpt>
      <trkpt lat="23.063293" lon="113.275112">
        <time>2026-08-01T00:08:56Z</time>
      </trkpt>
      <trkpt lat="23.063377" lon="113.274983">
        <time>2026-08-01T00:09:01Z</time>
      </trkpt>
      <trkpt lat="23.063431" lon="113.274844">
        <time>2026-08-01T00:09:06Z</time>
      </trkpt>
      <trkpt lat="23.063465" lon="113.274752">
        <time>2026-08-01T00:09:11Z</time>
      </trkpt>
      <trkpt lat="23.063495" lon="113.274654">
        <time>2026-08-01T00:09:16Z</time>
      </trkpt>
      <trkpt lat="23.063538" lon="113.274492">
        <time>2026-08-01T00:09:21Z</time>
      </trkpt>
      <trkpt lat="23.063603" lon="113.274348">
        <time>2026-08-01T00:09:26Z</time>
      </trkpt>
      <trkpt lat="23.063663" lon="113.274268">
        <time>2026-08-01T00:09:31Z</time>
      </trkpt>
      <trkpt lat="23.063738" lon="113.274187">
        <time>2026-08-01T00:09:36Z</time>
      </trkpt>
      <trkpt lat="23.063853" lon="113.274063">
        <time>2026-08-01T00:09:41Z</time>
      </trkpt>
      <trkpt lat="23.063923" lon="113.273919">
        <time>2026-08-01T00:09:46Z</time>
      </trkpt>
      <trkpt lat="23.063984" lon="113.273826">
        <time>2026-08-01T00:09:51Z</time>
      </trkpt>
      <trkpt lat="23.064057" lon="113.273744">
        <time>2026-08-01T00:09:56Z</time>
      </trkpt>
      <trkpt lat="23.064181" lon="113.273646">
        <time>2026-08-01T00:10:01Z</time>
      </trkpt>
      <trkpt lat="23.064309" lon="113.273548">
        <time>2026-08-01T00:10:06Z</time>
      </trkpt>
      <trkpt lat="23.064386" lon="113.273468">
        <time>2026-08-01T00:10:11Z</time>
      </trkpt>
      <trkpt lat="23.064463" lon="113.27339">
        <time>2026-08-01T00:10:16Z</time>
      </trkpt>
      <trkpt lat="23.064543" lon="113.273243">
        <time>2026-08-01T00:10:21Z</time>
      </trkpt>
      <trkpt lat="23.06455" lon="113.273069">
        <time>2026-08-01T00:10:26Z</time>
      </trkpt>
      <trkpt lat="23.064519" lon="113.272955">
        <time>2026-08-01T00:10:31Z</time>
      </trkpt>
      <trkpt lat="23.064483" lon="113.272843">
        <time>2026-08-01T00:10:36Z</time>
      </trkpt>
      <trkpt lat="23.064433" lon="113.272677">
        <time>2026-08-01T00:10:41Z</time>
      </trkpt>
      <trkpt lat="23.064446" lon="113.272511">
        <time>2026-08-01T00:10:46Z</time>
      </trkpt>
      <trkpt lat="23.064491" lon="113.272401">
        <time>2026-08-01T00:10:51Z</time>
      </trkpt>
      <trkpt lat="23.064533" lon="113.272294">
        <time>2026-08-01T00:10:56Z</time>
      </trkpt>
      <trkpt lat="23.064587" lon="113.272136">
        <time>2026-08-01T00:11:01Z</time>
      </trkpt>
      <trkpt lat="23.064657" lon="113.271977">
        <time>2026-08-01T00:11:06Z</time>
      </trkpt>
      <trkpt lat="23.064702" lon="113.271879">
        <time>2026-08-01T00:11:11Z</time>
      </trkpt>
      <trkpt lat="23.064745" lon="113.271786">
        <time>2026-08-01T00:11:16Z</time>
      </trkpt>
      <trkpt lat="23.064811" lon="113.271649">
        <time>2026-08-01T00:11:21Z</time>
      </trkpt>
      <trkpt lat="23.064888" lon="113.271495">
        <time>2026-08-01T00:11:26Z</time>
      </trkpt>
      <trkpt lat="23.064938" lon="113.271389">
        <time>2026-08-01T00:11:31Z</time>
      </trkpt>
      <trkpt lat="23.064987" lon="113.271287">
        <time>2026-08-01T00:11:36Z</time>
      </trkpt>
      <trkpt lat="23.06506" lon="113.271141">
        <time>2026-08-01T00:11:41Z</time>
      </trkpt>
      <trkpt lat="23.065132" lon="113.270994">
        <time>2026-08-01T00:11:46Z</time>
      </trkpt>
      <trkpt lat="23.065178" lon="113.270879">
        <time>2026-08-01T00:11:51Z</time>
      </trkpt>
      <trkpt lat="23.065221" lon="113.270772">
        <time>2026-08-01T00:11:56Z</time>
      </trkpt>
      <trkpt lat="23.065289" lon="113.27062">
        <time>2026-08-01T00:12:01Z</time>
      </trkpt>
      <trkpt lat="23.065359" lon="113.270475">
        <time>2026-08-01T00:12:06Z</time>
      </trkpt>
      <trkpt lat="23.065407" lon="113.270377">
        <time>2026-08-01T00:12:11Z</time>
      </trkpt>
      <trkpt lat="23.065455" lon="113.270275">
        <time>2026-08-01T00:12:16Z</time>
      </trkpt>
      <trkpt lat="23.06552" lon="113.270116">
        <time>2026-08-01T00:12:21Z</time>
      </trkpt>
      <trkpt lat="23.065573" lon="113.269957">
        <time>2026-08-01T00:12:26Z</time>
      </trkpt>
      <trkpt lat="23.065608" lon="113.269853">
        <time>2026-08-01T00:12:31Z</time>
      </trkpt>
      <trkpt lat="23.065641" lon="113.26975">
        <time>2026-08-01T00:12:36Z</time>
      </trkpt>
      <trkpt lat="23.065679" lon="113.269586">
        <time>2026-08-01T00:12:41Z</time>
      </trkpt>
      <trkpt lat="23.065702" lon="113.269412">
        <time>2026-08-01T00:12:46Z</time>
      </trkpt>
      <trkpt lat="23.065737" lon="113.269299">
        <time>2026-08-01T00:12:51Z</time>
      </trkpt>
      <trkpt lat="23.065767" lon="113.269187">
        <time>2026-08-01T00:12:56Z</time>
      </trkpt>
      <trkpt lat="23.065817" lon="113.269031">
        <time>2026-08-01T00:13:01Z</time>
      </trkpt>
      <trkpt lat="23.065883" lon="113.268875">
        <time>2026-08-01T00:13:06Z</time>
      </trkpt>
      <trkpt lat="23.065929" lon="113.268769">
        <time>2026-08-01T00:13:11Z</time>
      </trkpt>
      <trkpt lat="23.06598" lon="113.268667">
        <time>2026-08-01T00:13:16Z</time>
      </trkpt>
      <trkpt lat="23.066067" lon="113.268517">
        <time>2026-08-01T00:13:21Z</time>
      </trkpt>
      <trkpt lat="23.066162" lon="113.268375">
        <time>2026-08-01T00:13:26Z</time>
      </trkpt>
      <trkpt lat="23.066232" lon="113.268294">
        <time>2026-08-01T00:13:31Z</time>
      </trkpt>
      <trkpt lat="23.066303" lon="113.268218">
        <time>2026-08-01T00:13:36Z</time>
      </trkpt>
      <trkpt lat="23.066437" lon="113.268146">
        <time>2026-08-01T00:13:41Z</time>
      </trkpt>
      <trkpt lat="23.066592" lon="113.268135">
        <time>2026-08-01T00:13:46Z</time>
      </trkpt>
      <trkpt lat="23.066662" lon="113.268096">
        <time>2026-08-01T00:13:51Z</time>
      </trkpt>
      <trkpt lat="23.066619" lon="113.268013">
        <time>2026-08-01T00:13:56Z</time>
      </trkpt>
      <trkpt lat="23.066457" lon="113.267952">
        <time>2026-08-01T00:14:01Z</time>
      </trkpt>
      <trkpt lat="23.066301" lon="113.267971">
        <time>2026-08-01T00:14:06Z</time>
      </trkpt>
      <trkpt lat="23.066213" lon="113.268024">
        <time>2026-08-01T00:14:11Z</time>
      </trkpt>
      <trkpt lat="23.066138" lon="113.268097">
        <time>2026-08-01T00:14:16Z</time>
      </trkpt>
      <trkpt lat="23.066036" lon="113.268218">
        <time>2026-08-01T00:14:21Z</time>
      </trkpt>
      <trkpt lat="23.065941" lon="113.268341">
        <time>2026-08-01T00:14:26Z</time>
      </trkpt>
      <trkpt lat="23.065882" lon="113.268428">
        <time>2026-08-01T00:14:31Z</time>
      </trkpt>
      <trkpt lat="23.06583" lon="113.26852">
        <time>2026-08-01T00:14:36Z</time>
      </trkpt>
      <trkpt lat="23.065756" lon="113.268668">
        <time>2026-08-01T00:14:41Z</time>
      </trkpt>
      <trkpt lat="23.065689" lon="113.268815">
        <time>2026-08-01T00:14:46Z</time>
      </trkpt>
      <trkpt lat="23.065649" lon="113.26891">
        <time>2026-08-01T00:14:51Z</time>
      </trkpt>
      <trkpt lat="23.065614" lon="113.269005">
        <time>2026-08-01T00:14:56Z</time>
      </trkpt>
      <trkpt lat="23.065573" lon="113.269151">
        <time>2026-08-01T00:15:01Z</time>
      </trkpt>
      <trkpt lat="23.065543" lon="113.269304">
        <time>2026-08-01T00:15:06Z</time>
      </trkpt>
      <trkpt lat="23.065524" lon="113.269407">
        <time>2026-08-01T00:15:11Z</time>
      </trkpt>
      <trkpt lat="23.065501" lon="113.26951">
        <time>2026-08-01T00:15:16Z</time>
      </trkpt>
      <trkpt lat="23.065462" lon="113.269675">
        <time>2026-08-01T00:15:21Z</time>
      </trkpt>
      <trkpt lat="23.06541" lon="113.269844">
        <time>2026-08-01T00:15:26Z</time>
      </trkpt>
      <trkpt lat="23.065372" lon="113.269954">
        <time>2026-08-01T00:15:31Z</time>
      </trkpt>
      <trkpt lat="23.065337" lon="113.27006">
        <time>2026-08-01T00:15:36Z</time>
      </trkpt>
      <trkpt lat="23.065275" lon="113.270208">
        <time>2026-08-01T00:15:41Z</time>
      </trkpt>
      <trkpt lat="23.065202" lon="113.270353">
        <time>2026-08-01T00:15:46Z</time>
      </trkpt>
      <trkpt lat="23.065158" lon="113.27045">
        <time>2026-08-01T00:15:51Z</time>
      </trkpt>
      <trkpt lat="23.065121" lon="113.270552">
        <time>2026-08-01T00:15:56Z</time>
      </trkpt>
      <trkpt lat="23.065049" lon="113.270689">
        <time>2026-08-01T00:16:01Z</time>
      </trkpt>
      <trkpt lat="23.064974" lon="113.270819">
        <time>2026-08-01T00:16:06Z</time>
      </trkpt>
      <trkpt lat="23.064929" lon="113.270909">
        <time>2026-08-01T00:16:11Z</time>
      </trkpt>
      <trkpt lat="23.064888" lon="113.271006">
        <time>2026-08-01T00:16:16Z</time>
      </trkpt>
      <trkpt lat="23.064829" lon="113.271151">
        <time>2026-08-01T00:16:21Z</time>
      </trkpt>
      <trkpt lat="23.064761" lon="113.271295">
        <time>2026-08-01T00:16:26Z</time>
      </trkpt>
      <trkpt lat="23.064718" lon="113.271394">
        <time>2026-08-01T00:16:31Z</time>
      </trkpt>
      <trkpt lat="23.064673" lon="113.271489">
        <time>2026-08-01T00:16:36Z</time>
      </trkpt>
      <trkpt lat="23.064613" lon="113.271635">
        <time>2026-08-01T00:16:41Z</time>
      </trkpt>
      <trkpt lat="23.064549" lon="113.27178">
        <time>2026-08-01T00:16:46Z</time>
      </trkpt>
      <trkpt lat="23.064504" lon="113.271871">
        <time>2026-08-01T00:16:51Z</time>
      </trkpt>
      <trkpt lat="23.064462" lon="113.271968">
        <time>2026-08-01T00:16:56Z</time>
      </trkpt>
      <trkpt lat="23.0644" lon="113.272117">
        <time>2026-08-01T00:17:01Z</time>
      </trkpt>
      <trkpt lat="23.064354" lon="113.272275">
        <time>2026-08-01T00:17:06Z</time>
      </trkpt>
      <trkpt lat="23.064346" lon="113.272381">
        <time>2026-08-01T00:17:11Z</time>
      </trkpt>
      <trkpt lat="23.064333" lon="113.272484">
        <time>2026-08-01T00:17:16Z</time>
      </trkpt>
      <trkpt lat="23.064335" lon="113.272642">
        <time>2026-08-01T00:17:21Z</time>
      </trkpt>
      <trkpt lat="23.064383" lon="113.272795">
        <time>2026-08-01T00:17:26Z</time>
      </trkpt>
      <trkpt lat="23.064421" lon="113.272894">
        <time>2026-08-01T00:17:31Z</time>
      </trkpt>
      <trkpt lat="23.064457" lon="113.272993">
        <time>2026-08-01T00:17:36Z</time>
      </trkpt>
      <trkpt lat="23.064501" lon="113.273145">
        <time>2026-08-01T00:17:41Z</time>
      </trkpt>
      <trkpt lat="23.064466" lon="113.27329">
        <time>2026-08-01T00:17:46Z</time>
      </trkpt>
      <trkpt lat="23.064388" lon="113.273371">
        <time>2026-08-01T00:17:51Z</time>
      </trkpt>
      <trkpt lat="23.064292" lon="113.273438">
        <time>2026-08-01T00:17:56Z</time>
      </trkpt>
      <trkpt lat="23.064159" lon="113.273536">
        <time>2026-08-01T00:18:01Z</time>
      </trkpt>
      <trkpt lat="23.064034" lon="113.273639">
        <time>2026-08-01T00:18:06Z</time>
      </trkpt>
      <trkpt lat="23.063959" lon="113.273714">
        <time>2026-08-01T00:18:11Z</time>
      </trkpt>
      <trkpt lat="23.063893" lon="113.273799">
        <time>2026-08-01T00:18:16Z</time>
      </trkpt>
      <trkpt lat="23.063814" lon="113.273936">
        <time>2026-08-01T00:18:21Z</time>
      </trkpt>
      <trkpt lat="23.06373" lon="113.274074">
        <time>2026-08-01T00:18:26Z</time>
      </trkpt>
      <trkpt lat="23.063648" lon="113.274148">
        <time>2026-08-01T00:18:31Z</time>
      </trkpt>
      <trkpt lat="23.06357" lon="113.27421">
        <time>2026-08-01T00:18:36Z</time>
      </trkpt>
      <trkpt lat="23.063494" lon="113.27435">
        <time>2026-08-01T00:18:41Z</time>
      </trkpt>
      <trkpt lat="23.063444" lon="113.274516">
        <time>2026-08-01T00:18:46Z</time>
      </trkpt>
      <trkpt lat="23.063409" lon="113.274617">
        <time>2026-08-01T00:18:51Z</time>
      </trkpt>
      <trkpt lat="23.063375" lon="113.274717">
        <time>2026-08-01T00:18:56Z</time>
      </trkpt>
      <trkpt lat="23.063323" lon="113.274875">
        <time>2026-08-01T00:19:01Z</time>
      </trkpt>
      <trkpt lat="23.063268" lon="113.275027">
        <time>2026-08-01T00:19:06Z</time>
      </trkpt>
      <trkpt lat="23.063216" lon="113.27512">
        <time>2026-08-01T00:19:11Z</time>
      </trkpt>
      <trkpt lat="23.06316" lon="113.275209">
        <time>2026-08-01T00:19:16Z</time>
      </trkpt>
      <trkpt lat="23.063074" lon="113.275343">
        <time>2026-08-01T00:19:21Z</time>
      </trkpt>
      <trkpt lat="23.062985" lon="113.275479">
        <time>2026-08-01T00:19:26Z</time>
      </trkpt>
      <trkpt lat="23.062921" lon="113.275568">
        <time>2026-08-01T00:19:31Z</time>
      </trkpt>
      <trkpt lat="23.062854" lon="113.275648">
        <time>2026-08-01T00:19:36Z</time>
      </trkpt>
      <trkpt lat="23.062744" lon="113.275758">
        <time>2026-08-01T00:19:41Z</time>
      </trkpt>
      <trkpt lat="23.062643" lon="113.275874">
        <time>2026-08-01T00:19:46Z</time>
      </trkpt>
      <trkpt lat="23.062583" lon="113.275958">
        <time>2026-08-01T00:19:51Z</time>
      </trkpt>
      <trkpt lat="23.062526" lon="113.276046">
        <time>2026-08-01T00:19:56Z</time>
      </trkpt>
      <trkpt lat="23.062453" lon="113.276186">
        <time>2026-08-01T00:20:01Z</time>
      </trkpt>
      <trkpt lat="23.062388" lon="113.276336">
        <time>2026-08-01T00:20:06Z</time>
      </trkpt>
      <trkpt lat="23.062352" lon="113.276437">
        <time>2026-08-01T00:20:11Z</time>
      </trkpt>
      <trkpt lat="23.062316" lon="113.276537">
        <time>2026-08-01T00:20:16Z</time>
      </trkpt>
      <trkpt lat="23.062261" lon="113.276682">
        <time>2026-08-01T00:20:21Z</time>
      </trkpt>
      <trkpt lat="23.062207" lon="113.27683">
        <time>2026-08-01T00:20:26Z</time>
      </trkpt>
      <trkpt lat="23.062173" lon="113.276927">
        <time>2026-08-01T00:20:31Z</time>
      </trkpt>
      <trkpt lat="23.062141" lon="113.277022">
        <time>2026-08-01T00:20:36Z</time>
      </trkpt>
      <trkpt lat="23.06209" lon="113.277171">
        <time>2026-08-01T00:20:41Z</time>
      </trkpt>
      <trkpt lat="23.06203" lon="113.277321">
        <time>2026-08-01T00:20:46Z</time>
      </trkpt>
      <trkpt lat="23.061991" lon="113.27742">
        <time>2026-08-01T00:20:51Z</time>
      </trkpt>
      <trkpt lat="23.061953" lon="113.277519">
        <time>2026-08-01T00:20:56Z</time>
      </trkpt>
      <trkpt lat="23.061903" lon="113.277658">
        <time>2026-08-01T00:21:01Z</time>
      </trkpt>
      <trkpt lat="23.061869" lon="113.277794">
        <time>2026-08-01T00:21:06Z</time>
      </trkpt>
      <trkpt lat="23.061859" lon="113.277889">
        <time>2026-08-01T00:21:11Z</time>
      </trkpt>
      <trkpt lat="23.061859" lon="113.277985">
        <time>2026-08-01T00:21:16Z</time>
      </trkpt>
      <trkpt lat="23.061866" lon="113.27813">
        <time>2026-08-01T00:21:21Z</time>
      </trkpt>
      <trkpt lat="23.061873" lon="113.278274">
        <time>2026-08-01T00:21:26Z</time>
      </trkpt>
      <trkpt lat="23.061878" lon="113.278368">
        <time>2026-08-01T00:21:31Z</time>
      </trkpt>
      <trkpt lat="23.061881" lon="113.278461">
        <time>2026-08-01T00:21:36Z</time>
      </trkpt>
      <trkpt lat="23.061879" lon="113.278605">
        <time>2026-08-01T00:21:41Z</time>
      </trkpt>
      <trkpt lat="23.061854" lon="113.27875">
        <time>2026-08-01T00:21:46Z</time>
      </trkpt>
      <trkpt lat="23.061812" lon="113.278843">
        <time>2026-08-01T00:21:51Z</time>
      </trkpt>
      <trkpt lat="23.061765" lon="113.278935">
        <time>2026-08-01T00:21:56Z</time>
      </trkpt>
      <trkpt lat="23.06169" lon="113.279066">
        <time>2026-08-01T00:22:01Z</time>
      </trkpt>
      <trkpt lat="23.061616" lon="113.279194">
        <time>2026-08-01T00:22:06Z</time>
      </trkpt>
      <trkpt lat="23.061574" lon="113.279285">
        <time>2026-08-01T00:22:11Z</time>
      </trkpt>
      <trkpt lat="23.061537" lon="113.279381">
        <time>2026-08-01T00:22:16Z</time>
      </trkpt>
      <trkpt lat="23.061477" lon="113.279529">
        <time>2026-08-01T00:22:21Z</time>
      </trkpt>
      <trkpt lat="23.061417" lon="113.279681">
        <time>2026-08-01T00:22:26Z</time>
      </trkpt>
      <trkpt lat="23.061377" lon="113.279778">
        <time>2026-08-01T00:22:31Z</time>
      </trkpt>
      <trkpt lat="23.061336" lon="113.279876">
        <time>2026-08-01T00:22:36Z</time>
      </trkpt>
      <trkpt lat="23.061274" lon="113.280032">
        <time>2026-08-01T00:22:41Z</time>
      </trkpt>
      <trkpt lat="23.061212" lon="113.280189">
        <time>2026-08-01T00:22:46Z</time>
      </trkpt>
      <trkpt lat="23.061171" lon="113.280291">
        <time>2026-08-01T00:22:51Z</time>
      </trkpt>
      <trkpt lat="23.061127" lon="113.280392">
        <time>2026-08-01T00:22:56Z</time>
      </trkpt>
      <trkpt lat="23.061063" lon="113.280548">
        <time>2026-08-01T00:23:01Z</time>
      </trkpt>
      <trkpt lat="23.060995" lon="113.280693">
        <time>2026-08-01T00:23:06Z</time>
      </trkpt>
      <trkpt lat="23.060927" lon="113.280775">
        <time>2026-08-01T00:23:11Z</time>
      </trkpt>
      <trkpt lat="23.060864" lon="113.280858">
        <time>2026-08-01T00:23:16Z</time>
      </trkpt>
      <trkpt lat="23.060799" lon="113.280991">
        <time>2026-08-01T00:23:21Z</time>
      </trkpt>
      <trkpt lat="23.060739" lon="113.28113">
        <time>2026-08-01T00:23:26Z</time>
      </trkpt>
      <trkpt lat="23.060701" lon="113.281227">
        <time>2026-08-01T00:23:31Z</time>
      </trkpt>
      <trkpt lat="23.060664" lon="113.281324">
        <time>2026-08-01T00:23:36Z</time>
      </trkpt>
      <trkpt lat="23.060607" lon="113.281467">
        <time>2026-08-01T00:23:41Z</time>
      </trkpt>
      <trkpt lat="23.060549" lon="113.281612">
        <time>2026-08-01T00:23:46Z</time>
      </trkpt>
      <trkpt lat="23.060518" lon="113.281708">
        <time>2026-08-01T00:23:51Z</time>
      </trkpt>
      <trkpt lat="23.06048" lon="113.281797">
        <time>2026-08-01T00:23:56Z</time>
      </trkpt>
      <trkpt lat="23.060406" lon="113.281927">
        <time>2026-08-01T00:24:01Z</time>
      </trkpt>
      <trkpt lat="23.06034" lon="113.282065">
        <time>2026-08-01T00:24:06Z</time>
      </trkpt>
      <trkpt lat="23.060297" lon="113.282154">
        <time>2026-08-01T00:24:11Z</time>
      </trkpt>
      <trkpt lat="23.060256" lon="113.282245">
        <time>2026-08-01T00:24:16Z</time>
      </trkpt>
      <trkpt lat="23.060217" lon="113.282399">
        <time>2026-08-01T00:24:21Z</time>
      </trkpt>
      <trkpt lat="23.060152" lon="113.282543">
        <time>2026-08-01T00:24:26Z</time>
      </trkpt>
      <trkpt lat="23.060106" lon="113.282638">
        <time>2026-08-01T00:24:31Z</time>
      </trkpt>
      <trkpt lat="23.06007" lon="113.282726">
        <time>2026-08-01T00:24:36Z</time>
      </trkpt>
      <trkpt lat="23.0601" lon="113.2827">
        <time>2026-08-01T00:24:41Z</time>
      </trkpt>
      <trkpt lat="23.060158" lon="113.28254">
        <time>2026-08-01T00:24:46Z</time>
      </trkpt>
      <trkpt lat="23.060195" lon="113.282444">
        <time>2026-08-01T00:24:51Z</time>
      </trkpt>
      <trkpt lat="23.060234" lon="113.28235">
        <time>2026-08-01T00:24:56Z</time>
      </trkpt>
      <trkpt lat="23.060297" lon="113.282205">
        <time>2026-08-01T00:25:01Z</time>
      </trkpt>
      <trkpt lat="23.060364" lon="113.282063">
        <time>2026-08-01T00:25:06Z</time>
      </trkpt>
      <trkpt lat="23.060407" lon="113.281969">
        <time>2026-08-01T00:25:11Z</time>
      </trkpt>
      <trkpt lat="23.060444" lon="113.281875">
        <time>2026-08-01T00:25:16Z</time>
      </trkpt>
      <trkpt lat="23.060504" lon="113.281734">
        <time>2026-08-01T00:25:21Z</time>
      </trkpt>
      <trkpt lat="23.060563" lon="113.28159">
        <time>2026-08-01T00:25:26Z</time>
      </trkpt>
      <trkpt lat="23.060598" lon="113.281495">
        <time>2026-08-01T00:25:31Z</time>
      </trkpt>
      <trkpt lat="23.060637" lon="113.2814">
        <time>2026-08-01T00:25:36Z</time>
      </trkpt>
      <trkpt lat="23.060706" lon="113.281251">
        <time>2026-08-01T00:25:41Z</time>
      </trkpt>
      <trkpt lat="23.060776" lon="113.28109">
        <time>2026-08-01T00:25:46Z</time>
      </trkpt>
      <trkpt lat="23.060823" lon="113.280984">
        <time>2026-08-01T00:25:51Z</time>
      </trkpt>
      <trkpt lat="23.060871" lon="113.280873">
        <time>2026-08-01T00:25:56Z</time>
      </trkpt>
      <trkpt lat="23.060942" lon="113.280711">
        <time>2026-08-01T00:26:01Z</time>
      </trkpt>
      <trkpt lat="23.061012" lon="113.280561">
        <time>2026-08-01T00:26:06Z</time>
      </trkpt>
      <trkpt lat="23.061058" lon="113.280462">
        <time>2026-08-01T00:26:11Z</time>
      </trkpt>
      <trkpt lat="23.061097" lon="113.280358">
        <time>2026-08-01T00:26:16Z</time>
      </trkpt>
      <trkpt lat="23.061163" lon="113.280203">
        <time>2026-08-01T00:26:21Z</time>
      </trkpt>
      <trkpt lat="23.061225" lon="113.280048">
        <time>2026-08-01T00:26:26Z</time>
      </trkpt>
      <trkpt lat="23.061268" lon="113.279934">
        <time>2026-08-01T00:26:31Z</time>
      </trkpt>
      <trkpt lat="23.061314" lon="113.279825">
        <time>2026-08-01T00:26:36Z</time>
      </trkpt>
      <trkpt lat="23.061381" lon="113.279667">
        <time>2026-08-01T00:26:41Z</time>
      </trkpt>
      <trkpt lat="23.061446" lon="113.279509">
        <time>2026-08-01T00:26:46Z</time>
      </trkpt>
      <trkpt lat="23.061489" lon="113.279406">
        <time>2026-08-01T00:26:51Z</time>
      </trkpt>
      <trkpt lat="23.061529" lon="113.2793">
        <time>2026-08-01T00:26:56Z</time>
      </trkpt>
      <trkpt lat="23.061571" lon="113.279161">
        <time>2026-08-01T00:27:01Z</time>
      </trkpt>
      <trkpt lat="23.061625" lon="113.279047">
        <time>2026-08-01T00:27:06Z</time>
      </trkpt>
      <trkpt lat="23.061673" lon="113.278938">
        <time>2026-08-01T00:27:11Z</time>
      </trkpt>
      <trkpt lat="23.06171" lon="113.278831">
        <time>2026-08-01T00:27:16Z</time>
      </trkpt>
      <trkpt lat="23.061804" lon="113.278731">
        <time>2026-08-01T00:27:21Z</time>
      </trkpt>
      <trkpt lat="23.061868" lon="113.278611">
        <time>2026-08-01T00:27:26Z</time>
      </trkpt>
      <trkpt lat="23.061869" lon="113.27848">
        <time>2026-08-01T00:27:31Z</time>
      </trkpt>
      <trkpt lat="23.061862" lon="113.278352">
        <time>2026-08-01T00:27:36Z</time>
      </trkpt>
      <trkpt lat="23.061858" lon="113.278166">
        <time>2026-08-01T00:27:41Z</time>
      </trkpt>
      <trkpt lat="23.061851" lon="113.27799">
        <time>2026-08-01T00:27:46Z</time>
      </trkpt>
      <trkpt lat="23.06185" lon="113.277871">
        <time>2026-08-01T00:27:51Z</time>
      </trkpt>
      <trkpt lat="23.061859" lon="113.277753">
        <time>2026-08-01T00:27:56Z</time>
      </trkpt>
      <trkpt lat="23.061908" lon="113.277588">
        <time>2026-08-01T00:28:01Z</time>
      </trkpt>
      <trkpt lat="23.061972" lon="113.277423">
        <time>2026-08-01T00:28:06Z</time>
      </trkpt>
      <trkpt lat="23.062013" lon="113.277313">
        <time>2026-08-01T00:28:11Z</time>
      </trkpt>
      <trkpt lat="23.062047" lon="113.277207">
        <time>2026-08-01T00:28:16Z</time>
      </trkpt>
      <trkpt lat="23.062102" lon="113.277055">
        <time>2026-08-01T00:28:21Z</time>
      </trkpt>
      <trkpt lat="23.062158" lon="113.276909">
        <time>2026-08-01T00:28:26Z</time>
      </trkpt>
      <trkpt lat="23.062198" lon="113.276808">
        <time>2026-08-01T00:28:31Z</time>
      </trkpt>
      <trkpt lat="23.062234" lon="113.276703">
        <time>2026-08-01T00:28:36Z</time>
      </trkpt>
      <trkpt lat="23.062293" lon="113.276545">
        <time>2026-08-01T00:28:41Z</time>
      </trkpt>
      <trkpt lat="23.062338" lon="113.276422">
        <time>2026-08-01T00:28:46Z</time>
      </trkpt>
      <trkpt lat="23.062353" lon="113.276374">
        <time>2026-08-01T00:28:51Z</time>
      </trkpt>
      <trkpt lat="23.062372" lon="113.276323">
        <time>2026-08-01T00:28:56Z</time>
      </trkpt>
      <trkpt lat="23.062405" lon="113.276248">
        <time>2026-08-01T00:29:01Z</time>
      </trkpt>
      <trkpt lat="23.062466" lon="113.276183">
        <time>2026-08-01T00:29:06Z</time>
      </trkpt>
      <trkpt lat="23.062549" lon="113.276142">
        <time>2026-08-01T00:29:11Z</time>
      </trkpt>
      <trkpt lat="23.062616" lon="113.276055">
        <time>2026-08-01T00:29:16Z</time>
      </trkpt>
      <trkpt lat="23.062708" lon="113.275916">
        <time>2026-08-01T00:29:21Z</time>
      </trkpt>
      <trkpt lat="23.062814" lon="113.275796">
        <time>2026-08-01T00:29:26Z</time>
      </trkpt>
      <trkpt lat="23.062894" lon="113.275725">
        <time>2026-08-01T00:29:31Z</time>
      </trkpt>
      <trkpt lat="23.062973" lon="113.275645">
        <time>2026-08-01T00:29:36Z</time>
      </trkpt>
      <trkpt lat="23.063075" lon="113.275512">
        <time>2026-08-01T00:29:41Z</time>
      </trkpt>
      <trkpt lat="23.063156" lon="113.27537">
        <time>2026-08-01T00:29:46Z</time>
      </trkpt>
      <trkpt lat="23.06321" lon="113.275271">
        <time>2026-08-01T00:29:51Z</time>
      </trkpt>
      <trkpt lat="23.063261" lon="113.27517">
        <time>2026-08-01T00:29:56Z</time>
      </trkpt>
      <trkpt lat="23.063337" lon="113.275027">
        <time>2026-08-01T00:30:01Z</time>
      </trkpt>
      <trkpt lat="23.063392" lon="113.274879">
        <time>2026-08-01T00:30:06Z</time>
      </trkpt>
      <trkpt lat="23.063425" lon="113.274787">
        <time>2026-08-01T00:30:11Z</time>
      </trkpt>
      <trkpt lat="23.063454" lon="113.274695">
        <time>2026-08-01T00:30:16Z</time>
      </trkpt>
      <trkpt lat="23.063499" lon="113.27455">
        <time>2026-08-01T00:30:21Z</time>
      </trkpt>
      <trkpt lat="23.063558" lon="113.274406">
        <time>2026-08-01T00:30:26Z</time>
      </trkpt>
      <trkpt lat="23.063603" lon="113.274313">
        <time>2026-08-01T00:30:31Z</time>
      </trkpt>
      <trkpt lat="23.063667" lon="113.274239">
        <time>2026-08-01T00:30:36Z</time>
      </trkpt>
      <trkpt lat="23.063799" lon="113.274148">
        <time>2026-08-01T00:30:41Z</time>
      </trkpt>
      <trkpt lat="23.063888" lon="113.274003">
        <time>2026-08-01T00:30:46Z</time>
      </trkpt>
      <trkpt lat="23.06394" lon="113.273896">
        <time>2026-08-01T00:30:51Z</time>
      </trkpt>
      <trkpt lat="23.063997" lon="113.273801">
        <time>2026-08-01T00:30:56Z</time>
      </trkpt>
      <trkpt lat="23.064099" lon="113.273686">
        <time>2026-08-01T00:31:01Z</time>
      </trkpt>
      <trkpt lat="23.064215" lon="113.273594">
        <time>2026-08-01T00:31:06Z</time>
      </trkpt>
      <trkpt lat="23.064292" lon="113.273535">
        <time>2026-08-01T00:31:11Z</time>
      </trkpt>
      <trkpt lat="23.064367" lon="113.273481">
        <time>2026-08-01T00:31:16Z</time>
      </trkpt>
      <trkpt lat="23.064475" lon="113.273392">
        <time>2026-08-01T00:31:21Z</time>
      </trkpt>
      <trkpt lat="23.064555" lon="113.273274">
        <time>2026-08-01T00:31:26Z</time>
      </trkpt>
      <trkpt lat="23.064581" lon="113.273181">
        <time>2026-08-01T00:31:31Z</time>
      </trkpt>
      <trkpt lat="23.064575" lon="113.27308">
        <time>2026-08-01T00:31:36Z</time>
      </trkpt>
      <trkpt lat="23.064527" lon="113.27293">
        <time>2026-08-01T00:31:41Z</time>
      </trkpt>
      <trkpt lat="23.064482" lon="113.27278">
        <time>2026-08-01T00:31:46Z</time>
      </trkpt>
      <trkpt lat="23.064458" lon="113.272683">
        <time>2026-08-01T00:31:51Z</time>
      </trkpt>
      <trkpt lat="23.064466" lon="113.272587">
        <time>2026-08-01T00:31:56Z</time>
      </trkpt>
      <trkpt lat="23.064529" lon="113.272448">
        <time>2026-08-01T00:32:01Z</time>
      </trkpt>
      <trkpt lat="23.064557" lon="113.272293">
        <time>2026-08-01T00:32:06Z</time>
      </trkpt>
      <trkpt lat="23.064575" lon="113.272196">
        <time>2026-08-01T00:32:11Z</time>
      </trkpt>
      <trkpt lat="23.064614" lon="113.272102">
        <time>2026-08-01T00:32:16Z</time>
      </trkpt>
      <trkpt lat="23.064686" lon="113.271969">
        <time>2026-08-01T00:32:21Z</time>
      </trkpt>
      <trkpt lat="23.064751" lon="113.271831">
        <time>2026-08-01T00:32:26Z</time>
      </trkpt>
      <trkpt lat="23.064786" lon="113.271739">
        <time>2026-08-01T00:32:31Z</time>
      </trkpt>
      <trkpt lat="23.064826" lon="113.271651">
        <time>2026-08-01T00:32:36Z</time>
      </trkpt>
      <trkpt lat="23.064885" lon="113.27152">
        <time>2026-08-01T00:32:41Z</time>
      </trkpt>
      <trkpt lat="23.064952" lon="113.27139">
        <time>2026-08-01T00:32:46Z</time>
      </trkpt>
      <trkpt lat="23.064991" lon="113.2713">
        <time>2026-08-01T00:32:51Z</time>
      </trkpt>
      <trkpt lat="23.065031" lon="113.271207">
        <time>2026-08-01T00:32:56Z</time>
      </trkpt>
      <trkpt lat="23.065092" lon="113.271078">
        <time>2026-08-01T00:33:01Z</time>
      </trkpt>
      <trkpt lat="23.065153" lon="113.270947">
        <time>2026-08-01T00:33:06Z</time>
      </trkpt>
      <trkpt lat="23.065185" lon="113.270847">
        <time>2026-08-01T00:33:11Z</time>
      </trkpt>
      <trkpt lat="23.06522" lon="113.270752">
        <time>2026-08-01T00:33:16Z</time>
      </trkpt>
      <trkpt lat="23.065284" lon="113.270617">
        <time>2026-08-01T00:33:21Z</time>
      </trkpt>
      <trkpt lat="23.065348" lon="113.270482">
        <time>2026-08-01T00:33:26Z</time>
      </trkpt>
      <trkpt lat="23.065393" lon="113.270394">
        <time>2026-08-01T00:33:31Z</time>
      </trkpt>
      <trkpt lat="23.065437" lon="113.270303">
        <time>2026-08-01T00:33:36Z</time>
      </trkpt>
      <trkpt lat="23.0655" lon="113.270157">
        <time>2026-08-01T00:33:41Z</time>
      </trkpt>
      <trkpt lat="23.06556" lon="113.270012">
        <time>2026-08-01T00:33:46Z</time>
      </trkpt>
      <trkpt lat="23.065597" lon="113.269913">
        <time>2026-08-01T00:33:51Z</time>
      </trkpt>
      <trkpt lat="23.065624" lon="113.269811">
        <time>2026-08-01T00:33:56Z</time>
      </trkpt>
      <trkpt lat="23.065659" lon="113.269662">
        <time>2026-08-01T00:34:01Z</time>
      </trkpt>
      <trkpt lat="23.065697" lon="113.269516">
        <time>2026-08-01T00:34:06Z</time>
      </trkpt>
      <trkpt lat="23.065734" lon="113.269413">
        <time>2026-08-01T00:34:11Z</time>
      </trkpt>
      <trkpt lat="23.065762" lon="113.269306">
        <time>2026-08-01T00:34:16Z</time>
      </trkpt>
      <trkpt lat="23.065796" lon="113.269153">
        <time>2026-08-01T00:34:21Z</time>
      </trkpt>
      <trkpt lat="23.065844" lon="113.269005">
        <time>2026-08-01T00:34:26Z</time>
      </trkpt>
      <trkpt lat="23.065884" lon="113.268911">
        <time>2026-08-01T00:34:31Z</time>
      </trkpt>
      <trkpt lat="23.065932" lon="113.268818">
        <time>2026-08-01T00:34:36Z</time>
      </trkpt>
      <trkpt lat="23.066007" lon="113.268676">
        <time>2026-08-01T00:34:41Z</time>
      </trkpt>
      <trkpt lat="23.06609" lon="113.268534">
        <time>2026-08-01T00:34:46Z</time>
      </trkpt>
      <trkpt lat="23.066147" lon="113.268446">
        <time>2026-08-01T00:34:51Z</time>
      </trkpt>
      <trkpt lat="23.066207" lon="113.268362">
        <time>2026-08-01T00:34:56Z</time>
      </trkpt>
      <trkpt lat="23.066301" lon="113.268244">
        <time>2026-08-01T00:35:01Z</time>
      </trkpt>
      <trkpt lat="23.066426" lon="113.268153">
        <time>2026-08-01T00:35:06Z</time>
      </trkpt>
      <trkpt lat="23.066525" lon="113.26813">
        <time>2026-08-01T00:35:11Z</time>
      </trkpt>
      <trkpt lat="23.066625" lon="113.268139">
        <time>2026-08-01T00:35:16Z</time>
      </trkpt>
      <trkpt lat="23.066773" lon="113.268136">
        <time>2026-08-01T00:35:21Z</time>
      </trkpt>
      <trkpt lat="23.066916" lon="113.268141">
        <time>2026-08-01T00:35:26Z</time>
      </trkpt>
      <trkpt lat="23.067009" lon="113.268169">
        <time>2026-08-01T00:35:31Z</time>
      </trkpt>
      <trkpt lat="23.067107" lon="113.268211">
        <time>2026-08-01T00:35:36Z</time>
      </trkpt>
      <trkpt lat="23.067256" lon="113.268283">
        <time>2026-08-01T00:35:41Z</time>
      </trkpt>
      <trkpt lat="23.067404" lon="113.268362">
        <time>2026-08-01T00:35:46Z</time>
      </trkpt>
      <trkpt lat="23.067502" lon="113.268412">
        <time>2026-08-01T00:35:51Z</time>
      </trkpt>
      <trkpt lat="23.067599" lon="113.268462">
        <time>2026-08-01T00:35:56Z</time>
      </trkpt>
      <trkpt lat="23.067745" lon="113.268539">
        <time>2026-08-01T00:36:01Z</time>
      </trkpt>
      <trkpt lat="23.06789" lon="113.268616">
        <time>2026-08-01T00:36:06Z</time>
      </trkpt>
      <trkpt lat="23.067975" lon="113.268678">
        <time>2026-08-01T00:36:11Z</time>
      </trkpt>
      <trkpt lat="23.068045" lon="113.26874">
        <time>2026-08-01T00:36:16Z</time>
      </trkpt>
      <trkpt lat="23.068151" lon="113.268808">
        <time>2026-08-01T00:36:21Z</time>
      </trkpt>
      <trkpt lat="23.068266" lon="113.268883">
        <time>2026-08-01T00:36:26Z</time>
      </trkpt>
      <trkpt lat="23.068343" lon="113.268925">
        <time>2026-08-01T00:36:31Z</time>
      </trkpt>
      <trkpt lat="23.068433" lon="113.268966">
        <time>2026-08-01T00:36:36Z</time>
      </trkpt>
      <trkpt lat="23.068585" lon="113.269026">
        <time>2026-08-01T00:36:41Z</time>
      </trkpt>
      <trkpt lat="23.06873" lon="113.26907">
        <time>2026-08-01T00:36:46Z</time>
      </trkpt>
      <trkpt lat="23.068818" lon="113.269103">
        <time>2026-08-01T00:36:51Z</time>
      </trkpt>
      <trkpt lat="23.068912" lon="113.269134">
        <time>2026-08-01T00:36:56Z</time>
      </trkpt>
      <trkpt lat="23.069043" lon="113.269194">
        <time>2026-08-01T00:37:01Z</time>
      </trkpt>
      <trkpt lat="23.069181" lon="113.269262">
        <time>2026-08-01T00:37:06Z</time>
      </trkpt>
      <trkpt lat="23.06928" lon="113.269309">
        <time>2026-08-01T00:37:11Z</time>
      </trkpt>
      <trkpt lat="23.069375" lon="113.269352">
        <time>2026-08-01T00:37:16Z</time>
      </trkpt>
      <trkpt lat="23.0695" lon="113.269415">
        <time>2026-08-01T00:37:21Z</time>
      </trkpt>
      <trkpt lat="23.06962" lon="113.26949">
        <time>2026-08-01T00:37:26Z</time>
      </trkpt>
      <trkpt lat="23.069709" lon="113.269538">
        <time>2026-08-01T00:37:31Z</time>
      </trkpt>
      <trkpt lat="23.069792" lon="113.269593">
        <time>2026-08-01T00:37:36Z</time>
      </trkpt>
      <trkpt lat="23.069917" lon="113.269674">
        <time>2026-08-01T00:37:41Z</time>
      </trkpt>
      <trkpt lat="23.070047" lon="113.269753">
        <time>2026-08-01T00:37:46Z</time>
      </trkpt>
      <trkpt lat="23.070133" lon="113.269803">
        <time>2026-08-01T00:37:51Z</time>
      </trkpt>
      <trkpt lat="23.070225" lon="113.269838">
        <time>2026-08-01T00:37:56Z</time>
      </trkpt>
      <trkpt lat="23.070355" lon="113.269888">
        <time>2026-08-01T00:38:01Z</time>
      </trkpt>
      <trkpt lat="23.070487" lon="113.269922">
        <time>2026-08-01T00:38:06Z</time>
      </trkpt>
      <trkpt lat="23.070577" lon="113.26995">
        <time>2026-08-01T00:38:11Z</time>
      </trkpt>
      <trkpt lat="23.070657" lon="113.269996">
        <time>2026-08-01T00:38:16Z</time>
      </trkpt>
      <trkpt lat="23.070801" lon="113.270041">
        <time>2026-08-01T00:38:21Z</time>
      </trkpt>
      <trkpt lat="23.070935" lon="113.270081">
        <time>2026-08-01T00:38:26Z</time>
      </trkpt>
      <trkpt lat="23.07102" lon="113.270106">
        <time>2026-08-01T00:38:31Z</time>
      </trkpt>
      <trkpt lat="23.071091" lon="113.270157">
        <time>2026-08-01T00:38:36Z</time>
      </trkpt>
      <trkpt lat="23.071176" lon="113.270221">
        <time>2026-08-01T00:38:41Z</time>
      </trkpt>
      <trkpt lat="23.07128" lon="113.270293">
        <time>2026-08-01T00:38:46Z</time>
      </trkpt>
      <trkpt lat="23.071353" lon="113.27033">
        <time>2026-08-01T00:38:51Z</time>
      </trkpt>
      <trkpt lat="23.071436" lon="113.270372">
        <time>2026-08-01T00:38:56Z</time>
      </trkpt>
      <trkpt lat="23.071553" lon="113.270444">
        <time>2026-08-01T00:39:01Z</time>
      </trkpt>
      <trkpt lat="23.071678" lon="113.270491">
        <time>2026-08-01T00:39:06Z</time>
      </trkpt>
      <trkpt lat="23.071769" lon="113.270508">
        <time>2026-08-01T00:39:11Z</time>
      </trkpt>
      <trkpt lat="23.071856" lon="113.270527">
        <time>2026-08-01T00:39:16Z</time>
      </trkpt>
      <trkpt lat="23.071981" lon="113.270577">
        <time>2026-08-01T00:39:21Z</time>
      </trkpt>
      <trkpt lat="23.072093" lon="113.270627">
        <time>2026-08-01T00:39:26Z</time>
      </trkpt>
      <trkpt lat="23.072155" lon="113.270679">
        <time>2026-08-01T00:39:31Z</time>
      </trkpt>
      <trkpt lat="23.072235" lon="113.270734">
        <time>2026-08-01T00:39:36Z</time>
      </trkpt>
      <trkpt lat="23.072358" lon="113.270806">
        <time>2026-08-01T00:39:41Z</time>
      </trkpt>
      <trkpt lat="23.072462" lon="113.270871">
        <time>2026-08-01T00:39:46Z</time>
      </trkpt>
      <trkpt lat="23.072524" lon="113.270891">
        <time>2026-08-01T00:39:51Z</time>
      </trkpt>
      <trkpt lat="23.072574" lon="113.270911">
        <time>2026-08-01T00:39:56Z</time>
      </trkpt>
      <trkpt lat="23.072648" lon="113.270936">
        <time>2026-08-01T00:40:01Z</time>
      </trkpt>
      <trkpt lat="23.072739" lon="113.270949">
        <time>2026-08-01T00:40:06Z</time>
      </trkpt>
      <trkpt lat="23.07279" lon="113.270964">
        <time>2026-08-01T00:40:11Z</time>
      </trkpt>
      <trkpt lat="23.072839" lon="113.270988">
        <time>2026-08-01T00:40:16Z</time>
      </trkpt>
      <trkpt lat="23.072903" lon="113.271031">
        <time>2026-08-01T00:40:21Z</time>
      </trkpt>
      <trkpt lat="23.072972" lon="113.271074">
        <time>2026-08-01T00:40:26Z</time>
      </trkpt>
      <trkpt lat="23.073028" lon="113.271092">
        <time>2026-08-01T00:40:31Z</time>
      </trkpt>
      <trkpt lat="23.0731" lon="113.271108">
        <time>2026-08-01T00:40:36Z</time>
      </trkpt>
      <trkpt lat="23.073237" lon="113.271158">
        <time>2026-08-01T00:40:41Z</time>
      </trkpt>
      <trkpt lat="23.073324" lon="113.271272">
        <time>2026-08-01T00:40:46Z</time>
      </trkpt>
      <trkpt lat="23.07338" lon="113.271317">
        <time>2026-08-01T00:40:51Z</time>
      </trkpt>
      <trkpt lat="23.073446" lon="113.271359">
        <time>2026-08-01T00:40:56Z</time>
      </trkpt>
      <trkpt lat="23.073552" lon="113.271428">
        <time>2026-08-01T00:41:01Z</time>
      </trkpt>
      <trkpt lat="23.07365" lon="113.271497">
        <time>2026-08-01T00:41:06Z</time>
      </trkpt>
      <trkpt lat="23.073731" lon="113.271534">
        <time>2026-08-01T00:41:11Z</time>
      </trkpt>
      <trkpt lat="23.073826" lon="113.271569">
        <time>2026-08-01T00:41:16Z</time>
      </trkpt>
      <trkpt lat="23.073953" lon="113.271619">
        <time>2026-08-01T00:41:21Z</time>
      </trkpt>
      <trkpt lat="23.074067" lon="113.271689">
        <time>2026-08-01T00:41:26Z</time>
      </trkpt>
      <trkpt lat="23.074127" lon="113.271715">
        <time>2026-08-01T00:41:31Z</time>
      </trkpt>
      <trkpt lat="23.074135" lon="113.271758">
        <time>2026-08-01T00:41:36Z</time>
      </trkpt>
      <trkpt lat="23.074081" lon="113.271885">
        <time>2026-08-01T00:41:41Z</time>
      </trkpt>
      <trkpt lat="23.074047" lon="113.271985">
        <time>2026-08-01T00:41:46Z</time>
      </trkpt>
      <trkpt lat="23.074032" lon="113.27203">
        <time>2026-08-01T00:41:51Z</time>
      </trkpt>
      <trkpt lat="23.074014" lon="113.272076">
        <time>2026-08-01T00:41:56Z</time>
      </trkpt>
      <trkpt lat="23.073992" lon="113.272164">
        <time>2026-08-01T00:42:01Z</time>
      </trkpt>
      <trkpt lat="23.073959" lon="113.272246">
        <time>2026-08-01T00:42:06Z</time>
      </trkpt>
      <trkpt lat="23.073936" lon="113.272305">
        <time>2026-08-01T00:42:11Z</time>
      </trkpt>
      <trkpt lat="23.073913" lon="113.272363">
        <time>2026-08-01T00:42:16Z</time>
      </trkpt>
      <trkpt lat="23.073872" lon="113.27244">
        <time>2026-08-01T00:42:21Z</time>
      </trkpt>
      <trkpt lat="23.073829" lon="113.272533">
        <time>2026-08-01T00:42:26Z</time>
      </trkpt>
      <trkpt lat="23.073798" lon="113.272617">
        <time>2026-08-01T00:42:31Z</time>
      </trkpt>
      <trkpt lat="23.07377" lon="113.272712">
        <time>2026-08-01T00:42:36Z</time>
      </trkpt>
      <trkpt lat="23.073716" lon="113.272825">
        <time>2026-08-01T00:42:41Z</time>
      </trkpt>
      <trkpt lat="23.073656" lon="113.272943">
        <time>2026-08-01T00:42:46Z</time>
      </trkpt>
      <trkpt lat="23.073621" lon="113.273029">
        <time>2026-08-01T00:42:51Z</time>
      </trkpt>
      <trkpt lat="23.073599" lon="113.273082">
        <time>2026-08-01T00:42:56Z</time>
      </trkpt>
      <trkpt lat="23.073634" lon="113.273028">
        <time>2026-08-01T00:43:01Z</time>
      </trkpt>
      <trkpt lat="23.073717" lon="113.272965">
        <time>2026-08-01T00:43:06Z</time>
      </trkpt>
      <trkpt lat="23.07379" lon="113.272978">
        <time>2026-08-01T00:43:11Z</time>
      </trkpt>
      <trkpt lat="23.073866" lon="113.272999">
        <time>2026-08-01T00:43:16Z</time>
      </trkpt>
      <trkpt lat="23.073983" lon="113.272999">
        <time>2026-08-01T00:43:21Z</time>
      </trkpt>
      <trkpt lat="23.074043" lon="113.27289">
        <time>2026-08-01T00:43:26Z</time>
      </trkpt>
      <trkpt lat="23.074082" lon="113.272806">
        <time>2026-08-01T00:43:31Z</time>
      </trkpt>
      <trkpt lat="23.074113" lon="113.27272">
        <time>2026-08-01T00:43:36Z</time>
      </trkpt>
      <trkpt lat="23.074157" lon="113.272607">
        <time>2026-08-01T00:43:41Z</time>
      </trkpt>
      <trkpt lat="23.074218" lon="113.272485">
        <time>2026-08-01T00:43:47Z</time>
      </trkpt>
    </trkseg>
  </trk>
</gpx>