<?xml version="1.0" encoding="UTF-8"?>
<gpx xmlns="http://www.topografix.com/GPX/1/1" xmlns:gpxtpx="http://www.garmin.com/xmlschemas/TrackPointExtension/v1" xmlns:xsi="http://www.w3.org/2001/XMLSchema-instance" xsi:schemaLocation="http://www.topografix.com/GPX/1/1 http://www.topografix.com/GPX/1/1/gpx.xsd" version="1.1" creator="gpx.py -- https://github.com/tkrajina/gpxpy">
  <trk>
    <name>gpx from joyrun</name>
    <trkseg>
      <trkpt lat="23.07604" lon="113.272633">
        <time>2026-08-07T21:14:57Z</time>
      </trkpt>
      <trkpt lat="23.075971" lon="113.272621">
        <time>2026-08-07T21:15:02Z</time>
      </trkpt>
      <trkpt lat="23.075828" lon="113.272596">
        <time>2026-08-07T21:15:07Z</time>
      </trkpt>
      <trkpt lat="23.075727" lon="113.272558">
        <time>2026-08-07T21:15:12Z</time>
      </trkpt>
      <trkpt lat="23.075629" lon="113.272511">
        <time>2026-08-07T21:15:17Z</time>
      </trkpt>
      <trkpt lat="23.075469" lon="113.27245">
        <time>2026-08-07T21:15:22Z</time>
      </trkpt>
      <trkpt lat="23.075316" lon="113.272404">
        <time>2026-08-07T21:15:27Z</time>
      </trkpt>
      <trkpt lat="23.075223" lon="113.272377">
        <time>2026-08-07T21:15:32Z</time>
      </trkpt>
      <trkpt lat="23.075144" lon="113.272334">
        <time>2026-08-07T21:15:37Z</time>
      </trkpt>
      <trkpt lat="23.075025" lon="113.272237">
        <time>2026-08-07T21:15:42Z</time>
      </trkpt>
      <trkpt lat="23.074888" lon="113.272137">
        <time>2026-08-07T21:15:47Z</time>
      </trkpt>
      <trkpt lat="23.07481" lon="113.272102">
        <time>2026-08-07T21:15:52Z</time>
      </trkpt>
      <trkpt lat="23.074726" lon="113.272057">
        <time>2026-08-07T21:15:57Z</time>
      </trkpt>
      <trkpt lat="23.074589" lon="113.271999">
        <time>2026-08-07T21:16:02Z</time>
      </trkpt>
      <trkpt lat="23.074441" lon="113.271973">
        <time>2026-08-07T21:16:07Z</time>
      </trkpt>
      <trkpt lat="23.074366" lon="113.272019">
        <time>2026-08-07T21:16:12Z</time>
      </trkpt>
      <trkpt lat="23.074323" lon="113.272112">
        <time>2026-08-07T21:16:17Z</time>
      </trkpt>
      <trkpt lat="23.074275" lon="113.272257">
        <time>2026-08-07T21:16:22Z</time>
      </trkpt>
      <trkpt lat="23.07421" lon="113.272395">
        <time>2026-08-07T21:16:27Z</time>
      </trkpt>
      <trkpt lat="23.074164" lon="113.272492">
        <time>2026-08-07T21:16:32Z</time>
      </trkpt>
      <trkpt lat="23.07412" lon="113.272594">
        <time>2026-08-07T21:16:37Z</time>
      </trkpt>
      <trkpt lat="23.074075" lon="113.27274">
        <time>2026-08-07T21:16:42Z</time>
      </trkpt>
      <trkpt lat="23.074015" lon="113.27288">
        <time>2026-08-07T21:16:47Z</time>
      </trkpt>
      <trkpt lat="23.073973" lon="113.272972">
        <time>2026-08-07T21:16:52Z</time>
      </trkpt>
      <trkpt lat="23.073932" lon="113.273055">
        <time>2026-08-07T21:16:57Z</time>
      </trkpt>
      <trkpt lat="23.073951" lon="113.273012">
        <time>2026-08-07T21:17:02Z</time>
      </trkpt>
      <trkpt lat="23.07388" lon="113.272928">
        <time>2026-08-07T21:17:07Z</time>
      </trkpt>
      <trkpt lat="23.07379" lon="113.27288">
        <time>2026-08-07T21:17:12Z</time>
      </trkpt>
      <trkpt lat="23.073706" lon="113.272829">
        <time>2026-08-07T21:17:17Z</time>
      </trkpt>
      <trkpt lat="23.07371" lon="113.272732">
        <time>2026-08-07T21:17:22Z</time>
      </trkpt>
      <trkpt lat="23.073778" lon="113.272608">
        <time>2026-08-07T21:17:27Z</time>
      </trkpt>
      <trkpt lat="23.073812" lon="113.272526">
        <time>2026-08-07T21:17:32Z</time>
      </trkpt>
      <trkpt lat="23.073839" lon="113.272453">
        <time>2026-08-07T21:17:37Z</time>
      </trkpt>
      <trkpt lat="23.073887" lon="113.272337">
        <time>2026-08-07T21:17:42Z</time>
      </trkpt>
      <trkpt lat="23.073944" lon="113.272211">
        <time>2026-08-07T21:17:47Z</time>
      </trkpt>
      <trkpt lat="23.073986" lon="113.272123">
        <time>2026-08-07T21:17:52Z</time>
      </trkpt>
      <trkpt lat="23.074016" lon="113.272038">
        <time>2026-08-07T21:17:57Z</time>
      </trkpt>
      <trkpt lat="23.074059" lon="113.271909">
        <time>2026-08-07T21:18:02Z</time>
      </trkpt>
      <trkpt lat="23.07409" lon="113.271776">
        <time>2026-08-07T21:18:07Z</time>
      </trkpt>
      <trkpt lat="23.074045" lon="113.271711">
        <time>2026-08-07T21:18:12Z</time>
      </trkpt>
      <trkpt lat="23.073969" lon="113.27166">
        <time>2026-08-07T21:18:17Z</time>
      </trkpt>
      <trkpt lat="23.073846" lon="113.271602">
        <time>2026-08-07T21:18:22Z</time>
      </trkpt>
      <trkpt lat="23.073712" lon="113.271542">
        <time>2026-08-07T21:18:27Z</time>
      </trkpt>
      <trkpt lat="23.073624" lon="113.271501">
        <time>2026-08-07T21:18:32Z</time>
      </trkpt>
      <trkpt lat="23.07354" lon="113.271459">
        <time>2026-08-07T21:18:37Z</time>
      </trkpt>
      <trkpt lat="23.07342" lon="113.271404">
        <time>2026-08-07T21:18:42Z</time>
      </trkpt>
      <trkpt lat="23.073293" lon="113.271329">
        <time>2026-08-07T21:18:47Z</time>
      </trkpt>
      <trkpt lat="23.073218" lon="113.271243">
        <time>2026-08-07T21:18:52Z</time>
      </trkpt>
      <trkpt lat="23.073134" lon="113.271172">
        <time>2026-08-07T21:18:57Z</time>
      </trkpt>
      <trkpt lat="23.072993" lon="113.271084">
        <time>2026-08-07T21:19:02Z</time>
      </trkpt>
      <trkpt lat="23.072872" lon="113.271001">
        <time>2026-08-07T21:19:07Z</time>
      </trkpt>
      <trkpt lat="23.07278" lon="113.270952">
        <time>2026-08-07T21:19:12Z</time>
      </trkpt>
      <trkpt lat="23.07268" lon="113.27091">
        <time>2026-08-07T21:19:17Z</time>
      </trkpt>
      <trkpt lat="23.072524" lon="113.27085">
        <time>2026-08-07T21:19:22Z</time>
      </trkpt>
      <trkpt lat="23.072375" lon="113.270795">
        <time>2026-08-07T21:19:27Z</time>
      </trkpt>
      <trkpt lat="23.072283" lon="113.270746">
        <time>2026-08-07T21:19:32Z</time>
      </trkpt>
      <trkpt lat="23.072192" lon="113.270697">
        <time>2026-08-07T21:19:37Z</time>
      </trkpt>
      <trkpt lat="23.072063" lon="113.270608">
        <time>2026-08-07T21:19:42Z</time>
      </trkpt>
      <trkpt lat="23.071921" lon="113.270551">
        <time>2026-08-07T21:19:47Z</time>
      </trkpt>
      <trkpt lat="23.071825" lon="113.270499">
        <time>2026-08-07T21:19:52Z</time>
      </trkpt>
      <trkpt lat="23.071729" lon="113.270451">
        <time>2026-08-07T21:19:57Z</time>
      </trkpt>
      <trkpt lat="23.071593" lon="113.2704">
        <time>2026-08-07T21:20:02Z</time>
      </trkpt>
      <trkpt lat="23.07145" lon="113.27035">
        <time>2026-08-07T21:20:07Z</time>
      </trkpt>
      <trkpt lat="23.07135" lon="113.27032">
        <time>2026-08-07T21:20:12Z</time>
      </trkpt>
      <trkpt lat="23.071254" lon="113.27027">
        <time>2026-08-07T21:20:17Z</time>
      </trkpt>
      <trkpt lat="23.071115" lon="113.270205">
        <time>2026-08-07T21:20:22Z</time>
      </trkpt>
      <trkpt lat="23.070974" lon="113.270134">
        <time>2026-08-07T21:20:27Z</time>
      </trkpt>
      <trkpt lat="23.070893" lon="113.270084">
        <time>2026-08-07T21:20:32Z</time>
      </trkpt>
      <trkpt lat="23.070807" lon="113.270035">
        <time>2026-08-07T21:20:37Z</time>
      </trkpt>
      <trkpt lat="23.070656" lon="113.269974">
        <time>2026-08-07T21:20:42Z</time>
      </trkpt>
      <trkpt lat="23.07051" lon="113.269895">
        <time>2026-08-07T21:20:47Z</time>
      </trkpt>
      <trkpt lat="23.070414" lon="113.269845">
        <time>2026-08-07T21:20:52Z</time>
      </trkpt>
      <trkpt lat="23.070329" lon="113.269784">
        <time>2026-08-07T21:20:57Z</time>
      </trkpt>
      <trkpt lat="23.070202" lon="113.269709">
        <time>2026-08-07T21:21:02Z</time>
      </trkpt>
      <trkpt lat="23.070057" lon="113.269654">
        <time>2026-08-07T21:21:07Z</time>
      </trkpt>
      <trkpt lat="23.069963" lon="113.269608">
        <time>2026-08-07T21:21:12Z</time>
      </trkpt>
      <trkpt lat="23.06987" lon="113.269558">
        <time>2026-08-07T21:21:17Z</time>
      </trkpt>
      <trkpt lat="23.06973" lon="113.26949">
        <time>2026-08-07T21:21:22Z</time>
      </trkpt>
      <trkpt lat="23.069591" lon="113.269412">
        <time>2026-08-07T21:21:27Z</time>
      </trkpt>
      <trkpt lat="23.069498" lon="113.269365">
        <time>2026-08-07T21:21:32Z</time>
      </trkpt>
      <trkpt lat="23.069409" lon="113.26932">
        <time>2026-08-07T21:21:37Z</time>
      </trkpt>
      <trkpt lat="23.06928" lon="113.269228">
        <time>2026-08-07T21:21:42Z</time>
      </trkpt>
      <trkpt lat="23.069136" lon="113.269149">
        <time>2026-08-07T21:21:47Z</time>
      </trkpt>
      <trkpt lat="23.069045" lon="113.269092">
        <time>2026-08-07T21:21:52Z</time>
      </trkpt>
      <trkpt lat="23.068956" lon="113.269038">
        <time>2026-08-07T21:21:57Z</time>
      </trkpt>
      <trkpt lat="23.068815" lon="113.268972">
        <time>2026-08-07T21:22:02Z</time>
      </trkpt>
      <trkpt lat="23.068684" lon="113.268898">
        <time>2026-08-07T21:22:07Z</time>
      </trkpt>
      <trkpt lat="23.068591" lon="113.268857">
        <time>2026-08-07T21:22:12Z</time>
      </trkpt>
      <trkpt lat="23.068504" lon="113.268823">
        <time>2026-08-07T21:22:17Z</time>
      </trkpt>
      <trkpt lat="23.068381" lon="113.268762">
        <time>2026-08-07T21:22:22Z</time>
      </trkpt>
      <trkpt lat="23.068249" lon="113.268701">
        <time>2026-08-07T21:22:27Z</time>
      </trkpt>
      <trkpt lat="23.06814" lon="113.268656">
        <time>2026-08-07T21:22:32Z</time>
      </trkpt>
      <trkpt lat="23.068038" lon="113.268592">
        <time>2026-08-07T21:22:37Z</time>
      </trkpt>
      <trkpt lat="23.067884" lon="113.268517">
        <time>2026-08-07T21:22:42Z</time>
      </trkpt>
      <trkpt lat="23.06774" lon="113.26846">
        <time>2026-08-07T21:22:47Z</time>
      </trkpt>
      <trkpt lat="23.067643" lon="113.268427">
        <time>2026-08-07T21:22:52Z</time>
      </trkpt>
      <trkpt lat="23.067544" lon="113.268391">
        <time>2026-08-07T21:22:57Z</time>
      </trkpt>
      <trkpt lat="23.067402" lon="113.268336">
        <time>2026-08-07T21:23:02Z</time>
      </trkpt>
      <trkpt lat="23.067255" lon="113.268261">
        <time>2026-08-07T21:23:07Z</time>
      </trkpt>
      <trkpt lat="23.067159" lon="113.268206">
        <time>2026-08-07T21:23:12Z</time>
      </trkpt>
      <trkpt lat="23.067085" lon="113.268144">
        <time>2026-08-07T21:23:17Z</time>
      </trkpt>
      <trkpt lat="23.066972" lon="113.26805">
        <time>2026-08-07T21:23:22Z</time>
      </trkpt>
      <trkpt lat="23.066821" lon="113.267998">
        <time>2026-08-07T21:23:27Z</time>
      </trkpt>
      <trkpt lat="23.066715" lon="113.267979">
        <time>2026-08-07T21:23:32Z</time>
      </trkpt>
      <trkpt lat="23.066614" lon="113.267972">
        <time>2026-08-07T21:23:37Z</time>
      </trkpt>
      <trkpt lat="23.06647" lon="113.267933">
        <time>2026-08-07T21:23:42Z</time>
      </trkpt>
      <trkpt lat="23.066322" lon="113.26794">
        <time>2026-08-07T21:23:47Z</time>
      </trkpt>
      <trkpt lat="23.066231" lon="113.267983">
        <time>2026-08-07T21:23:52Z</time>
      </trkpt>
      <trkpt lat="23.06615" lon="113.268054">
        <time>2026-08-07T21:23:57Z</time>
      </trkpt>
      <trkpt lat="23.066036" lon="113.268176">
        <time>2026-08-07T21:24:02Z</time>
      </trkpt>
      <trkpt lat="23.065931" lon="113.268305">
        <time>2026-08-07T21:24:07Z</time>
      </trkpt>
      <trkpt lat="23.065869" lon="113.268392">
        <time>2026-08-07T21:24:12Z</time>
      </trkpt>
      <trkpt lat="23.065814" lon="113.268483">
        <time>2026-08-07T21:24:17Z</time>
      </trkpt>
      <trkpt lat="23.06574" lon="113.268626">
        <time>2026-08-07T21:24:22Z</time>
      </trkpt>
      <trkpt lat="23.065671" lon="113.268781">
        <time>2026-08-07T21:24:27Z</time>
      </trkpt>
      <trkpt lat="23.065629" lon="113.26889">
        <time>2026-08-07T21:24:32Z</time>
      </trkpt>
      <trkpt lat="23.065588" lon="113.269">
        <time>2026-08-07T21:24:37Z</time>
      </trkpt>
      <trkpt lat="23.065544" lon="113.269161">
        <time>2026-08-07T21:24:42Z</time>
      </trkpt>
      <trkpt lat="23.065514" lon="113.26932">
        <time>2026-08-07T21:24:47Z</time>
      </trkpt>
      <trkpt lat="23.065491" lon="113.269434">
        <time>2026-08-07T21:24:52Z</time>
      </trkpt>
      <trkpt lat="23.065466" lon="113.269542">
        <time>2026-08-07T21:24:57Z</time>
      </trkpt>
      <trkpt lat="23.065427" lon="113.269707">
        <time>2026-08-07T21:25:02Z</time>
      </trkpt>
      <trkpt lat="23.065388" lon="113.269881">
        <time>2026-08-07T21:25:07Z</time>
      </trkpt>
      <trkpt lat="23.065351" lon="113.269993">
        <time>2026-08-07T21:25:12Z</time>
      </trkpt>
      <trkpt lat="23.065307" lon="113.270101">
        <time>2026-08-07T21:25:17Z</time>
      </trkpt>
      <trkpt lat="23.065231" lon="113.270257">
        <time>2026-08-07T21:25:22Z</time>
      </trkpt>
      <trkpt lat="23.065155" lon="113.270411">
        <time>2026-08-07T21:25:27Z</time>
      </trkpt>
      <trkpt lat="23.065108" lon="113.270517">
        <time>2026-08-07T21:25:32Z</time>
      </trkpt>
      <trkpt lat="23.065063" lon="113.270623">
        <time>2026-08-07T21:25:37Z</time>
      </trkpt>
      <trkpt lat="23.064991" lon="113.270778">
        <time>2026-08-07T21:25:42Z</time>
      </trkpt>
      <trkpt lat="23.064922" lon="113.270921">
        <time>2026-08-07T21:25:47Z</time>
      </trkpt>
      <trkpt lat="23.064878" lon="113.27102">
        <time>2026-08-07T21:25:52Z</time>
      </trkpt>
      <trkpt lat="23.064834" lon="113.271124">
        <time>2026-08-07T21:25:57Z</time>
      </trkpt>
      <trkpt lat="23.064764" lon="113.271276">
        <time>2026-08-07T21:26:02Z</time>
      </trkpt>
      <trkpt lat="23.064696" lon="113.271427">
        <time>2026-08-07T21:26:07Z</time>
      </trkpt>
      <trkpt lat="23.064654" lon="113.271531">
        <time>2026-08-07T21:26:12Z</time>
      </trkpt>
      <trkpt lat="23.064606" lon="113.271634">
        <time>2026-08-07T21:26:17Z</time>
      </trkpt>
      <trkpt lat="23.064534" lon="113.271793">
        <time>2026-08-07T21:26:22Z</time>
      </trkpt>
      <trkpt lat="23.064457" lon="113.271949">
        <time>2026-08-07T21:26:27Z</time>
      </trkpt>
      <trkpt lat="23.064406" lon="113.272053">
        <time>2026-08-07T21:26:32Z</time>
      </trkpt>
      <trkpt lat="23.064355" lon="113.272156">
        <time>2026-08-07T21:26:37Z</time>
      </trkpt>
      <trkpt lat="23.064325" lon="113.272321">
        <time>2026-08-07T21:26:42Z</time>
      </trkpt>
      <trkpt lat="23.064312" lon="113.272485">
        <time>2026-08-07T21:26:47Z</time>
      </trkpt>
      <trkpt lat="23.064317" lon="113.272591">
        <time>2026-08-07T21:26:52Z</time>
      </trkpt>
      <trkpt lat="23.064343" lon="113.272699">
        <time>2026-08-07T21:26:57Z</time>
      </trkpt>
      <trkpt lat="23.064395" lon="113.272851">
        <time>2026-08-07T21:27:02Z</time>
      </trkpt>
      <trkpt lat="23.06444" lon="113.273005">
        <time>2026-08-07T21:27:07Z</time>
      </trkpt>
      <trkpt lat="23.064466" lon="113.273105">
        <time>2026-08-07T21:27:12Z</time>
      </trkpt>
      <trkpt lat="23.064462" lon="113.273209">
        <time>2026-08-07T21:27:17Z</time>
      </trkpt>
      <trkpt lat="23.064378" lon="113.273336">
        <time>2026-08-07T21:27:22Z</time>
      </trkpt>
      <trkpt lat="23.064243" lon="113.273434">
        <time>2026-08-07T21:27:27Z</time>
      </trkpt>
      <trkpt lat="23.064151" lon="113.2735">
        <time>2026-08-07T21:27:32Z</time>
      </trkpt>
      <trkpt lat="23.064061" lon="113.273568">
        <time>2026-08-07T21:27:37Z</time>
      </trkpt>
      <trkpt lat="23.06394" lon="113.273676">
        <time>2026-08-07T21:27:42Z</time>
      </trkpt>
      <trkpt lat="23.063844" lon="113.273806">
        <time>2026-08-07T21:27:47Z</time>
      </trkpt>
      <trkpt lat="23.06379" lon="113.273902">
        <time>2026-08-07T21:27:52Z</time>
      </trkpt>
      <trkpt lat="23.063735" lon="113.273994">
        <time>2026-08-07T21:27:57Z</time>
      </trkpt>
      <trkpt lat="23.063627" lon="113.274113">
        <time>2026-08-07T21:28:02Z</time>
      </trkpt>
      <trkpt lat="23.063535" lon="113.274246">
        <time>2026-08-07T21:28:07Z</time>
      </trkpt>
      <trkpt lat="23.063489" lon="113.274355">
        <time>2026-08-07T21:28:12Z</time>
      </trkpt>
      <trkpt lat="23.063449" lon="113.274468">
        <time>2026-08-07T21:28:17Z</time>
      </trkpt>
      <trkpt lat="23.063382" lon="113.27465">
        <time>2026-08-07T21:28:22Z</time>
      </trkpt>
      <trkpt lat="23.063311" lon="113.274825">
        <time>2026-08-07T21:28:27Z</time>
      </trkpt>
      <trkpt lat="23.063271" lon="113.274942">
        <time>2026-08-07T21:28:32Z</time>
      </trkpt>
      <trkpt lat="23.063226" lon="113.275052">
        <time>2026-08-07T21:28:37Z</time>
      </trkpt>
      <trkpt lat="23.063141" lon="113.275203">
        <time>2026-08-07T21:28:42Z</time>
      </trkpt>
      <trkpt lat="23.06305" lon="113.275345">
        <time>2026-08-07T21:28:47Z</time>
      </trkpt>
      <trkpt lat="23.062994" lon="113.275435">
        <time>2026-08-07T21:28:52Z</time>
      </trkpt>
      <trkpt lat="23.062932" lon="113.275525">
        <time>2026-08-07T21:28:57Z</time>
      </trkpt>
      <trkpt lat="23.062814" lon="113.275658">
        <time>2026-08-07T21:29:02Z</time>
      </trkpt>
      <trkpt lat="23.062696" lon="113.275766">
        <time>2026-08-07T21:29:07Z</time>
      </trkpt>
      <trkpt lat="23.062628" lon="113.275846">
        <time>2026-08-07T21:29:12Z</time>
      </trkpt>
      <trkpt lat="23.062562" lon="113.275931">
        <time>2026-08-07T21:29:17Z</time>
      </trkpt>
      <trkpt lat="23.06247" lon="113.276078">
        <time>2026-08-07T21:29:22Z</time>
      </trkpt>
      <trkpt lat="23.062395" lon="113.276229">
        <time>2026-08-07T21:29:27Z</time>
      </trkpt>
      <trkpt lat="23.062355" lon="113.276333">
        <time>2026-08-07T21:29:32Z</time>
      </trkpt>
      <trkpt lat="23.062326" lon="113.276436">
        <time>2026-08-07T21:29:37Z</time>
      </trkpt>
      <trkpt lat="23.062275" lon="113.276597">
        <time>2026-08-07T21:29:42Z</time>
      </trkpt>
      <trkpt lat="23.062218" lon="113.27674">
        <time>2026-08-07T21:29:47Z</time>
      </trkpt>
      <trkpt lat="23.062178" lon="113.27684">
        <time>2026-08-07T21:29:52Z</time>
      </trkpt>
      <trkpt lat="23.062145" lon="113.27694">
        <time>2026-08-07T21:29:57Z</time>
      </trkpt>
      <trkpt lat="23.062095" lon="113.277098">
        <time>2026-08-07T21:30:02Z</time>
      </trkpt>
      <trkpt lat="23.06203" lon="113.277264">
        <time>2026-08-07T21:30:07Z</time>
      </trkpt>
      <trkpt lat="23.061985" lon="113.277376">
        <time>2026-08-07T21:30:12Z</time>
      </trkpt>
      <trkpt lat="23.061944" lon="113.277485">
        <time>2026-08-07T21:30:17Z</time>
      </trkpt>
      <trkpt lat="23.061873" lon="113.277647">
        <time>2026-08-07T21:30:22Z</time>
      </trkpt>
      <trkpt lat="23.061836" lon="113.277814">
        <time>2026-08-07T21:30:27Z</time>
      </trkpt>
      <trkpt lat="23.061833" lon="113.277928">
        <time>2026-08-07T21:30:32Z</time>
      </trkpt>
      <trkpt lat="23.061836" lon="113.278039">
        <time>2026-08-07T21:30:37Z</time>
      </trkpt>
      <trkpt lat="23.061846" lon="113.278197">
        <time>2026-08-07T21:30:42Z</time>
      </trkpt>
      <trkpt lat="23.061849" lon="113.27836">
        <time>2026-08-07T21:30:47Z</time>
      </trkpt>
      <trkpt lat="23.061854" lon="113.278469">
        <time>2026-08-07T21:30:52Z</time>
      </trkpt>
      <trkpt lat="23.061855" lon="113.278579">
        <time>2026-08-07T21:30:57Z</time>
      </trkpt>
      <trkpt lat="23.061826" lon="113.278726">
        <time>2026-08-07T21:31:02Z</time>
      </trkpt>
      <trkpt lat="23.061718" lon="113.278802">
        <time>2026-08-07T21:31:07Z</time>
      </trkpt>
      <trkpt lat="23.061661" lon="113.278885">
        <time>2026-08-07T21:31:12Z</time>
      </trkpt>
      <trkpt lat="23.061638" lon="113.278964">
        <time>2026-08-07T21:31:17Z</time>
      </trkpt>
      <trkpt lat="23.061613" lon="113.279073">
        <time>2026-08-07T21:31:22Z</time>
      </trkpt>
      <trkpt lat="23.061544" lon="113.279236">
        <time>2026-08-07T21:31:27Z</time>
      </trkpt>
      <trkpt lat="23.061474" lon="113.2794">
        <time>2026-08-07T21:31:32Z</time>
      </trkpt>
      <trkpt lat="23.061433" lon="113.279512">
        <time>2026-08-07T21:31:37Z</time>
      </trkpt>
      <trkpt lat="23.061392" lon="113.279621">
        <time>2026-08-07T21:31:42Z</time>
      </trkpt>
      <trkpt lat="23.061328" lon="113.279783">
        <time>2026-08-07T21:31:47Z</time>
      </trkpt>
      <trkpt lat="23.061261" lon="113.279945">
        <time>2026-08-07T21:31:52Z</time>
      </trkpt>
      <trkpt lat="23.061214" lon="113.28005">
        <time>2026-08-07T21:31:57Z</time>
      </trkpt>
      <trkpt lat="23.061165" lon="113.280158">
        <time>2026-08-07T21:32:02Z</time>
      </trkpt>
      <trkpt lat="23.061093" lon="113.280324">
        <time>2026-08-07T21:32:07Z</time>
      </trkpt>
      <trkpt lat="23.061023" lon="113.280486">
        <time>2026-08-07T21:32:12Z</time>
      </trkpt>
      <trkpt lat="23.060978" lon="113.280591">
        <time>2026-08-07T21:32:17Z</time>
      </trkpt>
      <trkpt lat="23.060932" lon="113.280698">
        <time>2026-08-07T21:32:22Z</time>
      </trkpt>
      <trkpt lat="23.060874" lon="113.28086">
        <time>2026-08-07T21:32:27Z</time>
      </trkpt>
      <trkpt lat="23.060808" lon="113.281011">
        <time>2026-08-07T21:32:32Z</time>
      </trkpt>
      <trkpt lat="23.06076" lon="113.281114">
        <time>2026-08-07T21:32:37Z</time>
      </trkpt>
      <trkpt lat="23.060711" lon="113.281217">
        <time>2026-08-07T21:32:42Z</time>
      </trkpt>
      <trkpt lat="23.060638" lon="113.281375">
        <time>2026-08-07T21:32:47Z</time>
      </trkpt>
      <trkpt lat="23.06057" lon="113.281535">
        <time>2026-08-07T21:32:52Z</time>
      </trkpt>
      <trkpt lat="23.060532" lon="113.281637">
        <time>2026-08-07T21:32:57Z</time>
      </trkpt>
      <trkpt lat="23.060492" lon="113.281739">
        <time>2026-08-07T21:33:02Z</time>
      </trkpt>
      <trkpt lat="23.060424" lon="113.281894">
        <time>2026-08-07T21:33:07Z</time>
      </trkpt>
      <trkpt lat="23.060356" lon="113.28205">
        <time>2026-08-07T21:33:12Z</time>
      </trkpt>
      <trkpt lat="23.060311" lon="113.282159">
        <time>2026-08-07T21:33:17Z</time>
      </trkpt>
      <trkpt lat="23.060264" lon="113.282272">
        <time>2026-08-07T21:33:22Z</time>
      </trkpt>
      <trkpt lat="23.0602" lon="113.282431">
        <time>2026-08-07T21:33:27Z</time>
      </trkpt>
      <trkpt lat="23.060134" lon="113.282583">
        <time>2026-08-07T21:33:32Z</time>
      </trkpt>
      <trkpt lat="23.060089" lon="113.282685">
        <time>2026-08-07T21:33:37Z</time>
      </trkpt>
      <trkpt lat="23.060048" lon="113.282792">
        <time>2026-08-07T21:33:42Z</time>
      </trkpt>
      <trkpt lat="23.059976" lon="113.282952">
        <time>2026-08-07T21:33:47Z</time>
      </trkpt>
      <trkpt lat="23.0599" lon="113.283112">
        <time>2026-08-07T21:33:52Z</time>
      </trkpt>
      <trkpt lat="23.059849" lon="113.283226">
        <time>2026-08-07T21:33:57Z</time>
      </trkpt>
      <trkpt lat="23.059799" lon="113.28334">
        <time>2026-08-07T21:34:02Z</time>
      </trkpt>
      <trkpt lat="23.059727" lon="113.283503">
        <time>2026-08-07T21:34:07Z</time>
      </trkpt>
      <trkpt lat="23.05965" lon="113.283657">
        <time>2026-08-07T21:34:12Z</time>
      </trkpt>
      <trkpt lat="23.059607" lon="113.283761">
        <time>2026-08-07T21:34:17Z</time>
      </trkpt>
      <trkpt lat="23.059559" lon="113.283864">
        <time>2026-08-07T21:34:22Z</time>
      </trkpt>
      <trkpt lat="23.059489" lon="113.284018">
        <time>2026-08-07T21:34:27Z</time>
      </trkpt>
      <trkpt lat="23.059403" lon="113.284163">
        <time>2026-08-07T21:34:32Z</time>
      </trkpt>
      <trkpt lat="23.059361" lon="113.284275">
        <time>2026-08-07T21:34:37Z</time>
      </trkpt>
      <trkpt lat="23.059324" lon="113.284389">
        <time>2026-08-07T21:34:42Z</time>
      </trkpt>
      <trkpt lat="23.059283" lon="113.284554">
        <time>2026-08-07T21:34:47Z</time>
      </trkpt>
      <trkpt lat="23.059247" lon="113.284713">
        <time>2026-08-07T21:34:52Z</time>
      </trkpt>
      <trkpt lat="23.059212" lon="113.284817">
        <time>2026-08-07T21:34:57Z</time>
      </trkpt>
      <trkpt lat="23.059167" lon="113.284921">
        <time>2026-08-07T21:35:02Z</time>
      </trkpt>
      <trkpt lat="23.059097" lon="113.28508">
        <time>2026-08-07T21:35:07Z</time>
      </trkpt>
      <trkpt lat="23.059031" lon="113.285233">
        <time>2026-08-07T21:35:12Z</time>
      </trkpt>
      <trkpt lat="23.058985" lon="113.285335">
        <time>2026-08-07T21:35:17Z</time>
      </trkpt>
      <trkpt lat="23.058939" lon="113.285435">
        <time>2026-08-07T21:35:22Z</time>
      </trkpt>
      <trkpt lat="23.058877" lon="113.285587">
        <time>2026-08-07T21:35:27Z</time>
      </trkpt>
      <trkpt lat="23.058812" lon="113.285746">
        <time>2026-08-07T21:35:32Z</time>
      </trkpt>
      <trkpt lat="23.05877" lon="113.285853">
        <time>2026-08-07T21:35:37Z</time>
      </trkpt>
      <trkpt lat="23.058728" lon="113.285956">
        <time>2026-08-07T21:35:42Z</time>
      </trkpt>
      <trkpt lat="23.058681" lon="113.286122">
        <time>2026-08-07T21:35:47Z</time>
      </trkpt>
      <trkpt lat="23.058688" lon="113.286284">
        <time>2026-08-07T21:35:52Z</time>
      </trkpt>
      <trkpt lat="23.058778" lon="113.286348">
        <time>2026-08-07T21:35:57Z</time>
      </trkpt>
      <trkpt lat="23.058885" lon="113.286387">
        <time>2026-08-07T21:36:02Z</time>
      </trkpt>
      <trkpt lat="23.058912" lon="113.286347">
        <time>2026-08-07T21:36:07Z</time>
      </trkpt>
      <trkpt lat="23.058757" lon="113.286253">
        <time>2026-08-07T21:36:12Z</time>
      </trkpt>
      <trkpt lat="23.058742" lon="113.286145">
        <time>2026-08-07T21:36:17Z</time>
      </trkpt>
      <trkpt lat="23.058785" lon="113.286031">
        <time>2026-08-07T21:36:22Z</time>
      </trkpt>
      <trkpt lat="23.058856" lon="113.285873">
        <time>2026-08-07T21:36:27Z</time>
      </trkpt>
      <trkpt lat="23.058918" lon="113.285727">
        <time>2026-08-07T21:36:32Z</time>
      </trkpt>
      <trkpt lat="23.058961" lon="113.285626">
        <time>2026-08-07T21:36:37Z</time>
      </trkpt>
      <trkpt lat="23.05901" lon="113.285527">
        <time>2026-08-07T21:36:42Z</time>
      </trkpt>
      <trkpt lat="23.059083" lon="113.285369">
        <time>2026-08-07T21:36:47Z</time>
      </trkpt>
      <trkpt lat="23.059147" lon="113.285217">
        <time>2026-08-07T21:36:52Z</time>
      </trkpt>
      <trkpt lat="23.059193" lon="113.285112">
        <time>2026-08-07T21:36:57Z</time>
      </trkpt>
      <trkpt lat="23.059238" lon="113.285005">
        <time>2026-08-07T21:37:02Z</time>
      </trkpt>
      <trkpt lat="23.059307" lon="113.284843">
        <time>2026-08-07T21:37:07Z</time>
      </trkpt>
      <trkpt lat="23.059375" lon="113.284687">
        <time>2026-08-07T21:37:12Z</time>
      </trkpt>
      <trkpt lat="23.059416" lon="113.284587">
        <time>2026-08-07T21:37:17Z</time>
      </trkpt>
      <trkpt lat="23.059457" lon="113.284489">
        <time>2026-08-07T21:37:22Z</time>
      </trkpt>
      <trkpt lat="23.059527" lon="113.284338">
        <time>2026-08-07T21:37:27Z</time>
      </trkpt>
      <trkpt lat="23.059591" lon="113.284184">
        <time>2026-08-07T21:37:32Z</time>
      </trkpt>
      <trkpt lat="23.059631" lon="113.284081">
        <time>2026-08-07T21:37:37Z</time>
      </trkpt>
      <trkpt lat="23.059676" lon="113.283982">
        <time>2026-08-07T21:37:42Z</time>
      </trkpt>
      <trkpt lat="23.05975" lon="113.283834">
        <time>2026-08-07T21:37:47Z</time>
      </trkpt>
      <trkpt lat="23.059804" lon="113.283672">
        <time>2026-08-07T21:37:52Z</time>
      </trkpt>
      <trkpt lat="23.059854" lon="113.28356">
        <time>2026-08-07T21:37:57Z</time>
      </trkpt>
      <trkpt lat="23.059913" lon="113.283459">
        <time>2026-08-07T21:38:02Z</time>
      </trkpt>
      <trkpt lat="23.059986" lon="113.283317">
        <time>2026-08-07T21:38:07Z</time>
      </trkpt>
      <trkpt lat="23.06005" lon="113.283173">
        <time>2026-08-07T21:38:12Z</time>
      </trkpt>
      <trkpt lat="23.060095" lon="113.283073">
        <time>2026-08-07T21:38:17Z</time>
      </trkpt>
      <trkpt lat="23.060146" lon="113.282972">
        <time>2026-08-07T21:38:22Z</time>
      </trkpt>
      <trkpt lat="23.060211" lon="113.282819">
        <time>2026-08-07T21:38:27Z</time>
      </trkpt>
      <trkpt lat="23.060279" lon="113.282664">
        <time>2026-08-07T21:38:32Z</time>
      </trkpt>
      <trkpt lat="23.060321" lon="113.28256">
        <time>2026-08-07T21:38:37Z</time>
      </trkpt>
      <trkpt lat="23.060361" lon="113.282455">
        <time>2026-08-07T21:38:42Z</time>
      </trkpt>
      <trkpt lat="23.060421" lon="113.28231">
        <time>2026-08-07T21:38:47Z</time>
      </trkpt>
      <trkpt lat="23.060487" lon="113.28216">
        <time>2026-08-07T21:38:52Z</time>
      </trkpt>
      <trkpt lat="23.060529" lon="113.282055">
        <time>2026-08-07T21:38:57Z</time>
      </trkpt>
      <trkpt lat="23.060565" lon="113.281951">
        <time>2026-08-07T21:39:02Z</time>
      </trkpt>
      <trkpt lat="23.06062" lon="113.281794">
        <time>2026-08-07T21:39:07Z</time>
      </trkpt>
      <trkpt lat="23.060687" lon="113.281644">
        <time>2026-08-07T21:39:12Z</time>
      </trkpt>
      <trkpt lat="23.060731" lon="113.281544">
        <time>2026-08-07T21:39:17Z</time>
      </trkpt>
      <trkpt lat="23.06077" lon="113.281445">
        <time>2026-08-07T21:39:22Z</time>
      </trkpt>
      <trkpt lat="23.060831" lon="113.281288">
        <time>2026-08-07T21:39:27Z</time>
      </trkpt>
      <trkpt lat="23.060898" lon="113.281138">
        <time>2026-08-07T21:39:32Z</time>
      </trkpt>
      <trkpt lat="23.060936" lon="113.281044">
        <time>2026-08-07T21:39:37Z</time>
      </trkpt>
      <trkpt lat="23.060976" lon="113.280941">
        <time>2026-08-07T21:39:42Z</time>
      </trkpt>
      <trkpt lat="23.061043" lon="113.280785">
        <time>2026-08-07T21:39:47Z</time>
      </trkpt>
      <trkpt lat="23.061119" lon="113.280623">
        <time>2026-08-07T21:39:52Z</time>
      </trkpt>
      <trkpt lat="23.061171" lon="113.280516">
        <time>2026-08-07T21:39:57Z</time>
      </trkpt>
      <trkpt lat="23.06122" lon="113.280411">
        <time>2026-08-07T21:40:02Z</time>
      </trkpt>
      <trkpt lat="23.061282" lon="113.280254">
        <time>2026-08-07T21:40:07Z</time>
      </trkpt>
      <trkpt lat="23.06135" lon="113.280111">
        <time>2026-08-07T21:40:12Z</time>
      </trkpt>
      <trkpt lat="23.061394" lon="113.280018">
        <time>2026-08-07T21:40:17Z</time>
      </trkpt>
      <trkpt lat="23.061436" lon="113.279924">
        <time>2026-08-07T21:40:22Z</time>
      </trkpt>
      <trkpt lat="23.061495" lon="113.279783">
        <time>2026-08-07T21:40:27Z</time>
      </trkpt>
      <trkpt lat="23.061555" lon="113.279626">
        <time>2026-08-07T21:40:32Z</time>
      </trkpt>
      <trkpt lat="23.061604" lon="113.279522">
        <time>2026-08-07T21:40:37Z</time>
      </trkpt>
      <trkpt lat="23.061644" lon="113.279421">
        <time>2026-08-07T21:40:42Z</time>
      </trkpt>
      <trkpt lat="23.0617" lon="113.279275">
        <time>2026-08-07T21:40:47Z</time>
      </trkpt>
      <trkpt lat="23.061759" lon="113.27913">
        <time>2026-08-07T21:40:52Z</time>
      </trkpt>
      <trkpt lat="23.061787" lon="113.279068">
        <time>2026-08-07T21:40:57Z</time>
      </trkpt>
      <trkpt lat="23.061839" lon="113.278993">
        <time>2026-08-07T21:41:02Z</time>
      </trkpt>
      <trkpt lat="23.061931" lon="113.278841">
        <time>2026-08-07T21:41:07Z</time>
      </trkpt>
      <trkpt lat="23.061977" lon="113.278666">
        <time>2026-08-07T21:41:12Z</time>
      </trkpt>
      <trkpt lat="23.06198" lon="113.278548">
        <time>2026-08-07T21:41:17Z</time>
      </trkpt>
      <trkpt lat="23.061975" lon="113.278433">
        <time>2026-08-07T21:41:22Z</time>
      </trkpt>
      <trkpt lat="23.061967" lon="113.278255">
        <time>2026-08-07T21:41:27Z</time>
      </trkpt>
      <trkpt lat="23.061955" lon="113.278078">
        <time>2026-08-07T21:41:32Z</time>
      </trkpt>
      <trkpt lat="23.061946" lon="113.277963">
        <time>2026-08-07T21:41:37Z</time>
      </trkpt>
      <trkpt lat="23.061943" lon="113.277848">
        <time>2026-08-07T21:41:42Z</time>
      </trkpt>
      <trkpt lat="23.061969" lon="113.277681">
        <time>2026-08-07T21:41:47Z</time>
      </trkpt>
      <trkpt lat="23.06203" lon="113.277515">
        <time>2026-08-07T21:41:52Z</time>
      </trkpt>
      <trkpt lat="23.062072" lon="113.277408">
        <time>2026-08-07T21:41:57Z</time>
      </trkpt>
      <trkpt lat="23.062111" lon="113.277302">
        <time>2026-08-07T21:42:02Z</time>
      </trkpt>
      <trkpt lat="23.062165" lon="113.277142">
        <time>2026-08-07T21:42:07Z</time>
      </trkpt>
      <trkpt lat="23.06222" lon="113.276987">
        <time>2026-08-07T21:42:12Z</time>
      </trkpt>
      <trkpt lat="23.062262" lon="113.276886">
        <time>2026-08-07T21:42:17Z</time>
      </trkpt>
      <trkpt lat="23.0623" lon="113.276784">
        <time>2026-08-07T21:42:22Z</time>
      </trkpt>
      <trkpt lat="23.06236" lon="113.276632">
        <time>2026-08-07T21:42:27Z</time>
      </trkpt>
      <trkpt lat="23.062417" lon="113.276477">
        <time>2026-08-07T21:42:32Z</time>
      </trkpt>
      <trkpt lat="23.062451" lon="113.276377">
        <time>2026-08-07T21:42:37Z</time>
      </trkpt>
      <trkpt lat="23.062486" lon="113.27628">
        <time>2026-08-07T21:42:42Z</time>
      </trkpt>
      <trkpt lat="23.062554" lon="113.276138">
        <time>2026-08-07T21:42:47Z</time>
      </trkpt>
      <trkpt lat="23.062635" lon="113.276004">
        <time>2026-08-07T21:42:52Z</time>
      </trkpt>
      <trkpt lat="23.062696" lon="113.275915">
        <time>2026-08-07T21:42:57Z</time>
      </trkpt>
      <trkpt lat="23.06276" lon="113.275832">
        <time>2026-08-07T21:43:02Z</time>
      </trkpt>
      <trkpt lat="23.062876" lon="113.275718">
        <time>2026-08-07T21:43:07Z</time>
      </trkpt>
      <trkpt lat="23.062994" lon="113.275604">
        <time>2026-08-07T21:43:12Z</time>
      </trkpt>
      <trkpt lat="23.063059" lon="113.275518">
        <time>2026-08-07T21:43:17Z</time>
      </trkpt>
      <trkpt lat="23.063112" lon="113.275427">
        <time>2026-08-07T21:43:22Z</time>
      </trkpt>
      <trkpt lat="23.063194" lon="113.275289">
        <time>2026-08-07T21:43:27Z</time>
      </trkpt>
      <trkpt lat="23.063284" lon="113.275147">
        <time>2026-08-07T21:43:32Z</time>
      </trkpt>
      <trkpt lat="23.063336" lon="113.275049">
        <time>2026-08-07T21:43:37Z</time>
      </trkpt>
      <trkpt lat="23.063378" lon="113.274949">
        <time>2026-08-07T21:43:42Z</time>
      </trkpt>
      <trkpt lat="23.063427" lon="113.2748">
        <time>2026-08-07T21:43:47Z</time>
      </trkpt>
      <trkpt lat="23.063477" lon="113.274652">
        <time>2026-08-07T21:43:52Z</time>
      </trkpt>
      <trkpt lat="23.063511" lon="113.274557">
        <time>2026-08-07T21:43:57Z</time>
      </trkpt>
      <trkpt lat="23.063539" lon="113.274467">
        <time>2026-08-07T21:44:02Z</time>
      </trkpt>
      <trkpt lat="23.063608" lon="113.274333">
        <time>2026-08-07T21:44:07Z</time>
      </trkpt>
      <trkpt lat="23.063704" lon="113.274194">
        <time>2026-08-07T21:44:12Z</time>
      </trkpt>
      <trkpt lat="23.063785" lon="113.27412">
        <time>2026-08-07T21:44:17Z</time>
      </trkpt>
      <trkpt lat="23.063862" lon="113.274037">
        <time>2026-08-07T21:44:22Z</time>
      </trkpt>
      <trkpt lat="23.063951" lon="113.273893">
        <time>2026-08-07T21:44:27Z</time>
      </trkpt>
      <trkpt lat="23.064045" lon="113.273755">
        <time>2026-08-07T21:44:32Z</time>
      </trkpt>
      <trkpt lat="23.064117" lon="113.273675">
        <time>2026-08-07T21:44:37Z</time>
      </trkpt>
      <trkpt lat="23.064196" lon="113.273605">
        <time>2026-08-07T21:44:42Z</time>
      </trkpt>
      <trkpt lat="23.064318" lon="113.273506">
        <time>2026-08-07T21:44:47Z</time>
      </trkpt>
      <trkpt lat="23.064435" lon="113.273401">
        <time>2026-08-07T21:44:52Z</time>
      </trkpt>
      <trkpt lat="23.064513" lon="113.273326">
        <time>2026-08-07T21:44:57Z</time>
      </trkpt>
      <trkpt lat="23.064573" lon="113.273227">
        <time>2026-08-07T21:45:02Z</time>
      </trkpt>
      <trkpt lat="23.064578" lon="113.273054">
        <time>2026-08-07T21:45:07Z</time>
      </trkpt>
      <trkpt lat="23.064517" lon="113.272887">
        <time>2026-08-07T21:45:12Z</time>
      </trkpt>
      <trkpt lat="23.064474" lon="113.27278">
        <time>2026-08-07T21:45:17Z</time>
      </trkpt>
      <trkpt lat="23.064444" lon="113.272668">
        <time>2026-08-07T21:45:22Z</time>
      </trkpt>
      <trkpt lat="23.064468" lon="113.272495">
        <time>2026-08-07T21:45:27Z</time>
      </trkpt>
      <trkpt lat="23.064528" lon="113.272326">
        <time>2026-08-07T21:45:32Z</time>
      </trkpt>
      <trkpt lat="23.06456" lon="113.272208">
        <time>2026-08-07T21:45:37Z</time>
      </trkpt>
      <trkpt lat="23.064604" lon="113.272099">
        <time>2026-08-07T21:45:42Z</time>
      </trkpt>
      <trkpt lat="23.064675" lon="113.27195">
        <time>2026-08-07T21:45:47Z</time>
      </trkpt>
      <trkpt lat="23.064748" lon="113.271803">
        <time>2026-08-07T21:45:52Z</time>
      </trkpt>
      <trkpt lat="23.064798" lon="113.271703">
        <time>2026-08-07T21:45:57Z</time>
      </trkpt>
      <trkpt lat="23.064848" lon="113.271598">
        <time>2026-08-07T21:46:02Z</time>
      </trkpt>
      <trkpt lat="23.064921" lon="113.271443">
        <time>2026-08-07T21:46:07Z</time>
      </trkpt>
      <trkpt lat="23.064994" lon="113.271287">
        <time>2026-08-07T21:46:12Z</time>
      </trkpt>
      <trkpt lat="23.065043" lon="113.271186">
        <time>2026-08-07T21:46:17Z</time>
      </trkpt>
      <trkpt lat="23.065085" lon="113.271081">
        <time>2026-08-07T21:46:22Z</time>
      </trkpt>
      <trkpt lat="23.065154" lon="113.270924">
        <time>2026-08-07T21:46:27Z</time>
      </trkpt>
      <trkpt lat="23.065227" lon="113.270766">
        <time>2026-08-07T21:46:32Z</time>
      </trkpt>
      <trkpt lat="23.065277" lon="113.270664">
        <time>2026-08-07T21:46:37Z</time>
      </trkpt>
      <trkpt lat="23.065326" lon="113.270558">
        <time>2026-08-07T21:46:42Z</time>
      </trkpt>
      <trkpt lat="23.065395" lon="113.270398">
        <time>2026-08-07T21:46:47Z</time>
      </trkpt>
      <trkpt lat="23.065468" lon="113.270241">
        <time>2026-08-07T21:46:52Z</time>
      </trkpt>
      <trkpt lat="23.065514" lon="113.270138">
        <time>2026-08-07T21:46:57Z</time>
      </trkpt>
      <trkpt lat="23.065555" lon="113.270034">
        <time>2026-08-07T21:47:02Z</time>
      </trkpt>
      <trkpt lat="23.065606" lon="113.269875">
        <time>2026-08-07T21:47:07Z</time>
      </trkpt>
      <trkpt lat="23.065651" lon="113.269713">
        <time>2026-08-07T21:47:12Z</time>
      </trkpt>
      <trkpt lat="23.065696" lon="113.269604">
        <time>2026-08-07T21:47:17Z</time>
      </trkpt>
      <trkpt lat="23.065734" lon="113.269496">
        <time>2026-08-07T21:47:22Z</time>
      </trkpt>
      <trkpt lat="23.065776" lon="113.269327">
        <time>2026-08-07T21:47:27Z</time>
      </trkpt>
      <trkpt lat="23.06582" lon="113.269161">
        <time>2026-08-07T21:47:32Z</time>
      </trkpt>
      <trkpt lat="23.065851" lon="113.269056">
        <time>2026-08-07T21:47:37Z</time>
      </trkpt>
      <trkpt lat="23.065891" lon="113.268957">
        <time>2026-08-07T21:47:42Z</time>
      </trkpt>
      <trkpt lat="23.065956" lon="113.26881">
        <time>2026-08-07T21:47:47Z</time>
      </trkpt>
      <trkpt lat="23.066027" lon="113.268665">
        <time>2026-08-07T21:47:52Z</time>
      </trkpt>
      <trkpt lat="23.06608" lon="113.26857">
        <time>2026-08-07T21:47:57Z</time>
      </trkpt>
      <trkpt lat="23.066134" lon="113.268479">
        <time>2026-08-07T21:48:02Z</time>
      </trkpt>
      <trkpt lat="23.066222" lon="113.268343">
        <time>2026-08-07T21:48:07Z</time>
      </trkpt>
      <trkpt lat="23.06632" lon="113.268215">
        <time>2026-08-07T21:48:12Z</time>
      </trkpt>
      <trkpt lat="23.066406" lon="113.268148">
        <time>2026-08-07T21:48:17Z</time>
      </trkpt>
      <trkpt lat="23.066502" lon="113.268119">
        <time>2026-08-07T21:48:22Z</time>
      </trkpt>
      <trkpt lat="23.06666" lon="113.268132">
        <time>2026-08-07T21:48:27Z</time>
      </trkpt>
      <trkpt lat="23.066824" lon="113.268151">
        <time>2026-08-07T21:48:32Z</time>
      </trkpt>
      <trkpt lat="23.06693" lon="113.268164">
        <time>2026-08-07T21:48:37Z</time>
      </trkpt>
      <trkpt lat="23.067029" lon="113.268199">
        <time>2026-08-07T21:48:42Z</time>
      </trkpt>
      <trkpt lat="23.067166" lon="113.268265">
        <time>2026-08-07T21:48:47Z</time>
      </trkpt>
      <trkpt lat="23.067301" lon="113.268354">
        <time>2026-08-07T21:48:52Z</time>
      </trkpt>
      <trkpt lat="23.067391" lon="113.268409">
        <time>2026-08-07T21:48:57Z</time>
      </trkpt>
      <trkpt lat="23.067482" lon="113.268474">
        <time>2026-08-07T21:49:02Z</time>
      </trkpt>
      <trkpt lat="23.067636" lon="113.268579">
        <time>2026-08-07T21:49:07Z</time>
      </trkpt>
      <trkpt lat="23.067792" lon="113.268646">
        <time>2026-08-07T21:49:12Z</time>
      </trkpt>
      <trkpt lat="23.067898" lon="113.268683">
        <time>2026-08-07T21:49:17Z</time>
      </trkpt>
      <trkpt lat="23.067997" lon="113.268722">
        <time>2026-08-07T21:49:22Z</time>
      </trkpt>
      <trkpt lat="23.068132" lon="113.268771">
        <time>2026-08-07T21:49:27Z</time>
      </trkpt>
      <trkpt lat="23.068256" lon="113.268812">
        <time>2026-08-07T21:49:32Z</time>
      </trkpt>
      <trkpt lat="23.068339" lon="113.268852">
        <time>2026-08-07T21:49:37Z</time>
      </trkpt>
      <trkpt lat="23.068433" lon="113.268905">
        <time>2026-08-07T21:49:42Z</time>
      </trkpt>
      <trkpt lat="23.068579" lon="113.268982">
        <time>2026-08-07T21:49:47Z</time>
      </trkpt>
      <trkpt lat="23.068711" lon="113.269054">
        <time>2026-08-07T21:49:52Z</time>
      </trkpt>
      <trkpt lat="23.068809" lon="113.269097">
        <time>2026-08-07T21:49:57Z</time>
      </trkpt>
      <trkpt lat="23.068897" lon="113.269134">
        <time>2026-08-07T21:50:02Z</time>
      </trkpt>
      <trkpt lat="23.069027" lon="113.269224">
        <time>2026-08-07T21:50:07Z</time>
      </trkpt>
      <trkpt lat="23.069178" lon="113.269276">
        <time>2026-08-07T21:50:12Z</time>
      </trkpt>
      <trkpt lat="23.069219" lon="113.269208">
        <time>2026-08-07T21:50:17Z</time>
      </trkpt>
      <trkpt lat="23.069164" lon="113.26912">
        <time>2026-08-07T21:50:22Z</time>
      </trkpt>
      <trkpt lat="23.069023" lon="113.269038">
        <time>2026-08-07T21:50:27Z</time>
      </trkpt>
      <trkpt lat="23.068891" lon="113.268971">
        <time>2026-08-07T21:50:32Z</time>
      </trkpt>
      <trkpt lat="23.068805" lon="113.268924">
        <time>2026-08-07T21:50:37Z</time>
      </trkpt>
      <trkpt lat="23.068713" lon="113.268878">
        <time>2026-08-07T21:50:42Z</time>
      </trkpt>
      <trkpt lat="23.068576" lon="113.268817">
        <time>2026-08-07T21:50:47Z</time>
      </trkpt>
      <trkpt lat="23.068439" lon="113.268762">
        <time>2026-08-07T21:50:52Z</time>
      </trkpt>
      <trkpt lat="23.06835" lon="113.268713">
        <time>2026-08-07T21:50:57Z</time>
      </trkpt>
      <trkpt lat="23.068262" lon="113.268665">
        <time>2026-08-07T21:51:02Z</time>
      </trkpt>
      <trkpt lat="23.068114" lon="113.268615">
        <time>2026-08-07T21:51:07Z</time>
      </trkpt>
      <trkpt lat="23.067946" lon="113.268527">
        <time>2026-08-07T21:51:12Z</time>
      </trkpt>
      <trkpt lat="23.067836" lon="113.268475">
        <time>2026-08-07T21:51:17Z</time>
      </trkpt>
      <trkpt lat="23.067734" lon="113.268424">
        <time>2026-08-07T21:51:22Z</time>
      </trkpt>
      <trkpt lat="23.067588" lon="113.268341">
        <time>2026-08-07T21:51:27Z</time>
      </trkpt>
      <trkpt lat="23.067442" lon="113.268274">
        <time>2026-08-07T21:51:32Z</time>
      </trkpt>
      <trkpt lat="23.067342" lon="113.268236">
        <time>2026-08-07T21:51:37Z</time>
      </trkpt>
      <trkpt lat="23.067244" lon="113.268203">
        <time>2026-08-07T21:51:42Z</time>
      </trkpt>
      <trkpt lat="23.067111" lon="113.268135">
        <time>2026-08-07T21:51:47Z</time>
      </trkpt>
      <trkpt lat="23.066976" lon="113.268065">
        <time>2026-08-07T21:51:52Z</time>
      </trkpt>
      <trkpt lat="23.066875" lon="113.268033">
        <time>2026-08-07T21:51:57Z</time>
      </trkpt>
      <trkpt lat="23.066764" lon="113.268021">
        <time>2026-08-07T21:52:02Z</time>
      </trkpt>
      <trkpt lat="23.066602" lon="113.268007">
        <time>2026-08-07T21:52:07Z</time>
      </trkpt>
      <trkpt lat="23.066451" lon="113.267959">
        <time>2026-08-07T21:52:12Z</time>
      </trkpt>
      <trkpt lat="23.066351" lon="113.267951">
        <time>2026-08-07T21:52:17Z</time>
      </trkpt>
      <trkpt lat="23.066252" lon="113.267976">
        <time>2026-08-07T21:52:22Z</time>
      </trkpt>
      <trkpt lat="23.066131" lon="113.26808">
        <time>2026-08-07T21:52:27Z</time>
      </trkpt>
      <trkpt lat="23.066026" lon="113.268213">
        <time>2026-08-07T21:52:32Z</time>
      </trkpt>
      <trkpt lat="23.065962" lon="113.268303">
        <time>2026-08-07T21:52:37Z</time>
      </trkpt>
      <trkpt lat="23.065898" lon="113.268389">
        <time>2026-08-07T21:52:42Z</time>
      </trkpt>
      <trkpt lat="23.065819" lon="113.26853">
        <time>2026-08-07T21:52:47Z</time>
      </trkpt>
      <trkpt lat="23.065742" lon="113.268677">
        <time>2026-08-07T21:52:52Z</time>
      </trkpt>
      <trkpt lat="23.065694" lon="113.268775">
        <time>2026-08-07T21:52:57Z</time>
      </trkpt>
      <trkpt lat="23.065657" lon="113.268874">
        <time>2026-08-07T21:53:02Z</time>
      </trkpt>
      <trkpt lat="23.06561" lon="113.269024">
        <time>2026-08-07T21:53:07Z</time>
      </trkpt>
      <trkpt lat="23.065571" lon="113.269173">
        <time>2026-08-07T21:53:12Z</time>
      </trkpt>
      <trkpt lat="23.065543" lon="113.269277">
        <time>2026-08-07T21:53:17Z</time>
      </trkpt>
      <trkpt lat="23.065514" lon="113.269384">
        <time>2026-08-07T21:53:22Z</time>
      </trkpt>
      <trkpt lat="23.065478" lon="113.269543">
        <time>2026-08-07T21:53:27Z</time>
      </trkpt>
      <trkpt lat="23.065443" lon="113.269703">
        <time>2026-08-07T21:53:32Z</time>
      </trkpt>
      <trkpt lat="23.065419" lon="113.269808">
        <time>2026-08-07T21:53:37Z</time>
      </trkpt>
      <trkpt lat="23.065389" lon="113.269914">
        <time>2026-08-07T21:53:42Z</time>
      </trkpt>
      <trkpt lat="23.065324" lon="113.270077">
        <time>2026-08-07T21:53:47Z</time>
      </trkpt>
      <trkpt lat="23.065252" lon="113.270233">
        <time>2026-08-07T21:53:52Z</time>
      </trkpt>
      <trkpt lat="23.065203" lon="113.270336">
        <time>2026-08-07T21:53:57Z</time>
      </trkpt>
      <trkpt lat="23.065154" lon="113.270436">
        <time>2026-08-07T21:54:02Z</time>
      </trkpt>
      <trkpt lat="23.065081" lon="113.270583">
        <time>2026-08-07T21:54:07Z</time>
      </trkpt>
      <trkpt lat="23.065014" lon="113.270741">
        <time>2026-08-07T21:54:12Z</time>
      </trkpt>
      <trkpt lat="23.064967" lon="113.270842">
        <time>2026-08-07T21:54:17Z</time>
      </trkpt>
      <trkpt lat="23.064924" lon="113.270943">
        <time>2026-08-07T21:54:22Z</time>
      </trkpt>
      <trkpt lat="23.064856" lon="113.271088">
        <time>2026-08-07T21:54:27Z</time>
      </trkpt>
      <trkpt lat="23.06479" lon="113.271238">
        <time>2026-08-07T21:54:32Z</time>
      </trkpt>
      <trkpt lat="23.064741" lon="113.271337">
        <time>2026-08-07T21:54:37Z</time>
      </trkpt>
      <trkpt lat="23.064691" lon="113.271441">
        <time>2026-08-07T21:54:42Z</time>
      </trkpt>
      <trkpt lat="23.064619" lon="113.271601">
        <time>2026-08-07T21:54:47Z</time>
      </trkpt>
      <trkpt lat="23.06455" lon="113.271757">
        <time>2026-08-07T21:54:52Z</time>
      </trkpt>
      <trkpt lat="23.064506" lon="113.271857">
        <time>2026-08-07T21:54:57Z</time>
      </trkpt>
      <trkpt lat="23.064457" lon="113.271957">
        <time>2026-08-07T21:55:02Z</time>
      </trkpt>
      <trkpt lat="23.064388" lon="113.272105">
        <time>2026-08-07T21:55:07Z</time>
      </trkpt>
      <trkpt lat="23.064335" lon="113.27226">
        <time>2026-08-07T21:55:12Z</time>
      </trkpt>
      <trkpt lat="23.064322" lon="113.272371">
        <time>2026-08-07T21:55:17Z</time>
      </trkpt>
      <trkpt lat="23.064315" lon="113.27248">
        <time>2026-08-07T21:55:22Z</time>
      </trkpt>
      <trkpt lat="23.064327" lon="113.272641">
        <time>2026-08-07T21:55:27Z</time>
      </trkpt>
      <trkpt lat="23.064378" lon="113.272796">
        <time>2026-08-07T21:55:32Z</time>
      </trkpt>
      <trkpt lat="23.064409" lon="113.272902">
        <time>2026-08-07T21:55:37Z</time>
      </trkpt>
      <trkpt lat="23.064438" lon="113.273008">
        <time>2026-08-07T21:55:42Z</time>
      </trkpt>
      <trkpt lat="23.064468" lon="113.273157">
        <time>2026-08-07T21:55:47Z</time>
      </trkpt>
      <trkpt lat="23.064414" lon="113.273305">
        <time>2026-08-07T21:55:52Z</time>
      </trkpt>
      <trkpt lat="23.064332" lon="113.273378">
        <time>2026-08-07T21:55:57Z</time>
      </trkpt>
      <trkpt lat="23.064242" lon="113.273442">
        <time>2026-08-07T21:56:02Z</time>
      </trkpt>
      <trkpt lat="23.064112" lon="113.273542">
        <time>2026-08-07T21:56:07Z</time>
      </trkpt>
      <trkpt lat="23.063987" lon="113.273644">
        <time>2026-08-07T21:56:12Z</time>
      </trkpt>
      <trkpt lat="23.06391" lon="113.273724">
        <time>2026-08-07T21:56:17Z</time>
      </trkpt>
      <trkpt lat="23.063846" lon="113.273814">
        <time>2026-08-07T21:56:22Z</time>
      </trkpt>
      <trkpt lat="23.063766" lon="113.27395">
        <time>2026-08-07T21:56:27Z</time>
      </trkpt>
      <trkpt lat="23.06367" lon="113.274078">
        <time>2026-08-07T21:56:32Z</time>
      </trkpt>
      <trkpt lat="23.063589" lon="113.274143">
        <time>2026-08-07T21:56:37Z</time>
      </trkpt>
      <trkpt lat="23.063535" lon="113.274237">
        <time>2026-08-07T21:56:42Z</time>
      </trkpt>
      <trkpt lat="23.063479" lon="113.274419">
        <time>2026-08-07T21:56:47Z</time>
      </trkpt>
      <trkpt lat="23.0634" lon="113.27459">
        <time>2026-08-07T21:56:52Z</time>
      </trkpt>
      <trkpt lat="23.063355" lon="113.274702">
        <time>2026-08-07T21:56:57Z</time>
      </trkpt>
      <trkpt lat="23.063312" lon="113.274814">
        <time>2026-08-07T21:57:02Z</time>
      </trkpt>
      <trkpt lat="23.063256" lon="113.274978">
        <time>2026-08-07T21:57:07Z</time>
      </trkpt>
      <trkpt lat="23.063181" lon="113.275136">
        <time>2026-08-07T21:57:12Z</time>
      </trkpt>
      <trkpt lat="23.063123" lon="113.275237">
        <time>2026-08-07T21:57:17Z</time>
      </trkpt>
      <trkpt lat="23.063063" lon="113.27533">
        <time>2026-08-07T21:57:22Z</time>
      </trkpt>
      <trkpt lat="23.062975" lon="113.275466">
        <time>2026-08-07T21:57:27Z</time>
      </trkpt>
      <trkpt lat="23.062871" lon="113.275596">
        <time>2026-08-07T21:57:32Z</time>
      </trkpt>
      <trkpt lat="23.062796" lon="113.275677">
        <time>2026-08-07T21:57:37Z</time>
      </trkpt>
      <trkpt lat="23.062719" lon="113.275753">
        <time>2026-08-07T21:57:42Z</time>
      </trkpt>
      <trkpt lat="23.062613" lon="113.275868">
        <time>2026-08-07T21:57:47Z</time>
      </trkpt>
      <trkpt lat="23.062517" lon="113.276">
        <time>2026-08-07T21:57:52Z</time>
      </trkpt>
      <trkpt lat="23.062462" lon="113.276102">
        <time>2026-08-07T21:57:57Z</time>
      </trkpt>
      <trkpt lat="23.062417" lon="113.276208">
        <time>2026-08-07T21:58:02Z</time>
      </trkpt>
      <trkpt lat="23.062361" lon="113.276365">
        <time>2026-08-07T21:58:07Z</time>
      </trkpt>
      <trkpt lat="23.06231" lon="113.276521">
        <time>2026-08-07T21:58:12Z</time>
      </trkpt>
      <trkpt lat="23.062272" lon="113.276625">
        <time>2026-08-07T21:58:17Z</time>
      </trkpt>
      <trkpt lat="23.06223" lon="113.276723">
        <time>2026-08-07T21:58:22Z</time>
      </trkpt>
      <trkpt lat="23.062172" lon="113.276875">
        <time>2026-08-07T21:58:27Z</time>
      </trkpt>
      <trkpt lat="23.062111" lon="113.277036">
        <time>2026-08-07T21:58:32Z</time>
      </trkpt>
      <trkpt lat="23.062068" lon="113.277147">
        <time>2026-08-07T21:58:37Z</time>
      </trkpt>
      <trkpt lat="23.062026" lon="113.277257">
        <time>2026-08-07T21:58:42Z</time>
      </trkpt>
      <trkpt lat="23.061961" lon="113.277419">
        <time>2026-08-07T21:58:47Z</time>
      </trkpt>
      <trkpt lat="23.061906" lon="113.277578">
        <time>2026-08-07T21:58:52Z</time>
      </trkpt>
      <trkpt lat="23.061874" lon="113.277687">
        <time>2026-08-07T21:58:57Z</time>
      </trkpt>
      <trkpt lat="23.061853" lon="113.277799">
        <time>2026-08-07T21:59:02Z</time>
      </trkpt>
      <trkpt lat="23.061846" lon="113.277966">
        <time>2026-08-07T21:59:07Z</time>
      </trkpt>
      <trkpt lat="23.061853" lon="113.278128">
        <time>2026-08-07T21:59:12Z</time>
      </trkpt>
      <trkpt lat="23.061858" lon="113.278236">
        <time>2026-08-07T21:59:17Z</time>
      </trkpt>
      <trkpt lat="23.061862" lon="113.278346">
        <time>2026-08-07T21:59:22Z</time>
      </trkpt>
      <trkpt lat="23.061866" lon="113.278507">
        <time>2026-08-07T21:59:27Z</time>
      </trkpt>
      <trkpt lat="23.061857" lon="113.278667">
        <time>2026-08-07T21:59:32Z</time>
      </trkpt>
      <trkpt lat="23.061829" lon="113.278772">
        <time>2026-08-07T21:59:37Z</time>
      </trkpt>
      <trkpt lat="23.061782" lon="113.278872">
        <time>2026-08-07T21:59:42Z</time>
      </trkpt>
      <trkpt lat="23.061701" lon="113.279014">
        <time>2026-08-07T21:59:47Z</time>
      </trkpt>
      <trkpt lat="23.061621" lon="113.279158">
        <time>2026-08-07T21:59:52Z</time>
      </trkpt>
      <trkpt lat="23.061579" lon="113.279259">
        <time>2026-08-07T21:59:57Z</time>
      </trkpt>
      <trkpt lat="23.06154" lon="113.27936">
        <time>2026-08-07T22:00:02Z</time>
      </trkpt>
      <trkpt lat="23.061478" lon="113.279514">
        <time>2026-08-07T22:00:07Z</time>
      </trkpt>
      <trkpt lat="23.061413" lon="113.279678">
        <time>2026-08-07T22:00:12Z</time>
      </trkpt>
      <trkpt lat="23.061372" lon="113.27979">
        <time>2026-08-07T22:00:17Z</time>
      </trkpt>
      <trkpt lat="23.061332" lon="113.279895">
        <time>2026-08-07T22:00:22Z</time>
      </trkpt>
      <trkpt lat="23.061265" lon="113.280054">
        <time>2026-08-07T22:00:27Z</time>
      </trkpt>
      <trkpt lat="23.061193" lon="113.280208">
        <time>2026-08-07T22:00:32Z</time>
      </trkpt>
      <trkpt lat="23.061149" lon="113.280274">
        <time>2026-08-07T22:00:37Z</time>
      </trkpt>
      <trkpt lat="23.061155" lon="113.28022">
        <time>2026-08-07T22:00:42Z</time>
      </trkpt>
      <trkpt lat="23.061214" lon="113.280084">
        <time>2026-08-07T22:00:47Z</time>
      </trkpt>
      <trkpt lat="23.061267" lon="113.279956">
        <time>2026-08-07T22:00:52Z</time>
      </trkpt>
      <trkpt lat="23.061302" lon="113.279873">
        <time>2026-08-07T22:00:57Z</time>
      </trkpt>
      <trkpt lat="23.061341" lon="113.279797">
        <time>2026-08-07T22:01:02Z</time>
      </trkpt>
      <trkpt lat="23.061399" lon="113.279682">
        <time>2026-08-07T22:01:07Z</time>
      </trkpt>
      <trkpt lat="23.06145" lon="113.279555">
        <time>2026-08-07T22:01:12Z</time>
      </trkpt>
      <trkpt lat="23.061487" lon="113.279472">
        <time>2026-08-07T22:01:17Z</time>
      </trkpt>
      <trkpt lat="23.061519" lon="113.27939">
        <time>2026-08-07T22:01:22Z</time>
      </trkpt>
      <trkpt lat="23.061559" lon="113.279264">
        <time>2026-08-07T22:01:27Z</time>
      </trkpt>
      <trkpt lat="23.061611" lon="113.27912">
        <time>2026-08-07T22:01:32Z</time>
      </trkpt>
      <trkpt lat="23.061634" lon="113.279023">
        <time>2026-08-07T22:01:37Z</time>
      </trkpt>
      <trkpt lat="23.061661" lon="113.278931">
        <time>2026-08-07T22:01:42Z</time>
      </trkpt>
      <trkpt lat="23.061697" lon="113.278873">
        <time>2026-08-07T22:01:47Z</time>
      </trkpt>
      <trkpt lat="23.061708" lon="113.278836">
        <time>2026-08-07T22:01:52Z</time>
      </trkpt>
      <trkpt lat="23.06169" lon="113.278841">
        <time>2026-08-07T22:01:57Z</time>
      </trkpt>
      <trkpt lat="23.061668" lon="113.278924">
        <time>2026-08-07T22:02:02Z</time>
      </trkpt>
      <trkpt lat="23.061617" lon="113.279087">
        <time>2026-08-07T22:02:07Z</time>
      </trkpt>
      <trkpt lat="23.061544" lon="113.27924">
        <time>2026-08-07T22:02:12Z</time>
      </trkpt>
      <trkpt lat="23.061492" lon="113.279341">
        <time>2026-08-07T22:02:17Z</time>
      </trkpt>
      <trkpt lat="23.061445" lon="113.279445">
        <time>2026-08-07T22:02:22Z</time>
      </trkpt>
      <trkpt lat="23.061384" lon="113.279612">
        <time>2026-08-07T22:02:27Z</time>
      </trkpt>
      <trkpt lat="23.061322" lon="113.279769">
        <time>2026-08-07T22:02:32Z</time>
      </trkpt>
      <trkpt lat="23.061279" lon="113.279871">
        <time>2026-08-07T22:02:37Z</time>
      </trkpt>
      <trkpt lat="23.061234" lon="113.279966">
        <time>2026-08-07T22:02:42Z</time>
      </trkpt>
      <trkpt lat="23.061172" lon="113.280112">
        <time>2026-08-07T22:02:47Z</time>
      </trkpt>
      <trkpt lat="23.061118" lon="113.280263">
        <time>2026-08-07T22:02:52Z</time>
      </trkpt>
      <trkpt lat="23.061063" lon="113.280363">
        <time>2026-08-07T22:02:57Z</time>
      </trkpt>
      <trkpt lat="23.061012" lon="113.280472">
        <time>2026-08-07T22:03:02Z</time>
      </trkpt>
      <trkpt lat="23.060946" lon="113.280632">
        <time>2026-08-07T22:03:07Z</time>
      </trkpt>
      <trkpt lat="23.060873" lon="113.280791">
        <time>2026-08-07T22:03:12Z</time>
      </trkpt>
      <trkpt lat="23.060829" lon="113.280897">
        <time>2026-08-07T22:03:17Z</time>
      </trkpt>
      <trkpt lat="23.060787" lon="113.280999">
        <time>2026-08-07T22:03:22Z</time>
      </trkpt>
      <trkpt lat="23.060725" lon="113.281154">
        <time>2026-08-07T22:03:27Z</time>
      </trkpt>
      <trkpt lat="23.060663" lon="113.281305">
        <time>2026-08-07T22:03:32Z</time>
      </trkpt>
      <trkpt lat="23.060622" lon="113.281404">
        <time>2026-08-07T22:03:37Z</time>
      </trkpt>
      <trkpt lat="23.06058" lon="113.281502">
        <time>2026-08-07T22:03:42Z</time>
      </trkpt>
      <trkpt lat="23.060511" lon="113.28165">
        <time>2026-08-07T22:03:47Z</time>
      </trkpt>
      <trkpt lat="23.060441" lon="113.28181">
        <time>2026-08-07T22:03:52Z</time>
      </trkpt>
      <trkpt lat="23.060402" lon="113.281916">
        <time>2026-08-07T22:03:57Z</time>
      </trkpt>
      <trkpt lat="23.060366" lon="113.282022">
        <time>2026-08-07T22:04:02Z</time>
      </trkpt>
      <trkpt lat="23.060299" lon="113.282172">
        <time>2026-08-07T22:04:07Z</time>
      </trkpt>
      <trkpt lat="23.060233" lon="113.28232">
        <time>2026-08-07T22:04:12Z</time>
      </trkpt>
      <trkpt lat="23.060189" lon="113.282419">
        <time>2026-08-07T22:04:17Z</time>
      </trkpt>
      <trkpt lat="23.060148" lon="113.282521">
        <time>2026-08-07T22:04:22Z</time>
      </trkpt>
      <trkpt lat="23.060082" lon="113.282675">
        <time>2026-08-07T22:04:27Z</time>
      </trkpt>
      <trkpt lat="23.060024" lon="113.282824">
        <time>2026-08-07T22:04:32Z</time>
      </trkpt>
      <trkpt lat="23.059985" lon="113.282923">
        <time>2026-08-07T22:04:37Z</time>
      </trkpt>
      <trkpt lat="23.059941" lon="113.283024">
        <time>2026-08-07T22:04:42Z</time>
      </trkpt>
      <trkpt lat="23.059866" lon="113.283169">
        <time>2026-08-07T22:04:47Z</time>
      </trkpt>
      <trkpt lat="23.059796" lon="113.283323">
        <time>2026-08-07T22:04:52Z</time>
      </trkpt>
      <trkpt lat="23.059751" lon="113.283426">
        <time>2026-08-07T22:04:57Z</time>
      </trkpt>
      <trkpt lat="23.059706" lon="113.283524">
        <time>2026-08-07T22:05:02Z</time>
      </trkpt>
      <trkpt lat="23.059643" lon="113.283671">
        <time>2026-08-07T22:05:07Z</time>
      </trkpt>
      <trkpt lat="23.059594" lon="113.283834">
        <time>2026-08-07T22:05:12Z</time>
      </trkpt>
      <trkpt lat="23.059552" lon="113.283945">
        <time>2026-08-07T22:05:17Z</time>
      </trkpt>
      <trkpt lat="23.059508" lon="113.28405">
        <time>2026-08-07T22:05:22Z</time>
      </trkpt>
      <trkpt lat="23.059438" lon="113.284213">
        <time>2026-08-07T22:05:27Z</time>
      </trkpt>
      <trkpt lat="23.059375" lon="113.284371">
        <time>2026-08-07T22:05:32Z</time>
      </trkpt>
      <trkpt lat="23.059331" lon="113.284466">
        <time>2026-08-07T22:05:37Z</time>
      </trkpt>
      <trkpt lat="23.05929" lon="113.284559">
        <time>2026-08-07T22:05:42Z</time>
      </trkpt>
      <trkpt lat="23.05924" lon="113.284704">
        <time>2026-08-07T22:05:47Z</time>
      </trkpt>
      <trkpt lat="23.059181" lon="113.284859">
        <time>2026-08-07T22:05:52Z</time>
      </trkpt>
      <trkpt lat="23.059136" lon="113.284958">
        <time>2026-08-07T22:05:57Z</time>
      </trkpt>
      <trkpt lat="23.059092" lon="113.285061">
        <time>2026-08-07T22:06:02Z</time>
      </trkpt>
      <trkpt lat="23.059028" lon="113.285213">
        <time>2026-08-07T22:06:07Z</time>
      </trkpt>
      <trkpt lat="23.058964" lon="113.285362">
        <time>2026-08-07T22:06:12Z</time>
      </trkpt>
      <trkpt lat="23.058921" lon="113.285462">
        <time>2026-08-07T22:06:17Z</time>
      </trkpt>
      <trkpt lat="23.058881" lon="113.28556">
        <time>2026-08-07T22:06:22Z</time>
      </trkpt>
      <trkpt lat="23.05882" lon="113.285705">
        <time>2026-08-07T22:06:27Z</time>
      </trkpt>
      <trkpt lat="23.058761" lon="113.285846">
        <time>2026-08-07T22:06:32Z</time>
      </trkpt>
      <trkpt lat="23.05872" lon="113.285939">
        <time>2026-08-07T22:06:37Z</time>
      </trkpt>
      <trkpt lat="23.058686" lon="113.28604">
        <time>2026-08-07T22:06:42Z</time>
      </trkpt>
      <trkpt lat="23.058651" lon="113.286208">
        <time>2026-08-07T22:06:47Z</time>
      </trkpt>
      <trkpt lat="23.058728" lon="113.286327">
        <time>2026-08-07T22:06:52Z</time>
      </trkpt>
      <trkpt lat="23.058778" lon="113.286256">
        <time>2026-08-07T22:06:57Z</time>
      </trkpt>
      <trkpt lat="23.058837" lon="113.286153">
        <time>2026-08-07T22:07:02Z</time>
      </trkpt>
      <trkpt lat="23.05894" lon="113.286049">
        <time>2026-08-07T22:07:07Z</time>
      </trkpt>
      <trkpt lat="23.059027" lon="113.286165">
        <time>2026-08-07T22:07:12Z</time>
      </trkpt>
      <trkpt lat="23.059117" lon="113.286164">
        <time>2026-08-07T22:07:17Z</time>
      </trkpt>
      <trkpt lat="23.059203" lon="113.286097">
        <time>2026-08-07T22:07:22Z</time>
      </trkpt>
      <trkpt lat="23.059243" lon="113.28594">
        <time>2026-08-07T22:07:27Z</time>
      </trkpt>
      <trkpt lat="23.059314" lon="113.285789">
        <time>2026-08-07T22:07:32Z</time>
      </trkpt>
      <trkpt lat="23.059371" lon="113.285698">
        <time>2026-08-07T22:07:37Z</time>
      </trkpt>
      <trkpt lat="23.059422" lon="113.285605">
        <time>2026-08-07T22:07:42Z</time>
      </trkpt>
      <trkpt lat="23.059501" lon="113.285473">
        <time>2026-08-07T22:07:47Z</time>
      </trkpt>
      <trkpt lat="23.059602" lon="113.285339">
        <time>2026-08-07T22:07:52Z</time>
      </trkpt>
      <trkpt lat="23.0596" lon="113.285233">
        <time>2026-08-07T22:07:57Z</time>
      </trkpt>
      <trkpt lat="23.059532" lon="113.285138">
        <time>2026-08-07T22:08:02Z</time>
      </trkpt>
      <trkpt lat="23.059381" lon="113.285009">
        <time>2026-08-07T22:08:07Z</time>
      </trkpt>
      <trkpt lat="23.059293" lon="113.284884">
        <time>2026-08-07T22:08:12Z</time>
      </trkpt>
      <trkpt lat="23.059323" lon="113.28478">
        <time>2026-08-07T22:08:17Z</time>
      </trkpt>
      <trkpt lat="23.059369" lon="113.28468">
        <time>2026-08-07T22:08:22Z</time>
      </trkpt>
      <trkpt lat="23.059444" lon="113.284535">
        <time>2026-08-07T22:08:27Z</time>
      </trkpt>
      <trkpt lat="23.059514" lon="113.284392">
        <time>2026-08-07T22:08:32Z</time>
      </trkpt>
      <trkpt lat="23.059558" lon="113.284298">
        <time>2026-08-07T22:08:37Z</time>
      </trkpt>
      <trkpt lat="23.059598" lon="113.284207">
        <time>2026-08-07T22:08:42Z</time>
      </trkpt>
      <trkpt lat="23.059658" lon="113.284061">
        <time>2026-08-07T22:08:47Z</time>
      </trkpt>
      <trkpt lat="23.059722" lon="113.283912">
        <time>2026-08-07T22:08:52Z</time>
      </trkpt>
      <trkpt lat="23.059763" lon="113.283808">
        <time>2026-08-07T22:08:57Z</time>
      </trkpt>
      <trkpt lat="23.059809" lon="113.283714">
        <time>2026-08-07T22:09:02Z</time>
      </trkpt>
      <trkpt lat="23.059878" lon="113.283572">
        <time>2026-08-07T22:09:07Z</time>
      </trkpt>
      <trkpt lat="23.059942" lon="113.283428">
        <time>2026-08-07T22:09:12Z</time>
      </trkpt>
      <trkpt lat="23.059981" lon="113.283329">
        <time>2026-08-07T22:09:17Z</time>
      </trkpt>
      <trkpt lat="23.060022" lon="113.283233">
        <time>2026-08-07T22:09:22Z</time>
      </trkpt>
      <trkpt lat="23.060094" lon="113.283094">
        <time>2026-08-07T22:09:27Z</time>
      </trkpt>
      <trkpt lat="23.06016" lon="113.282952">
        <time>2026-08-07T22:09:32Z</time>
      </trkpt>
      <trkpt lat="23.060205" lon="113.28286">
        <time>2026-08-07T22:09:37Z</time>
      </trkpt>
      <trkpt lat="23.060253" lon="113.282772">
        <time>2026-08-07T22:09:42Z</time>
      </trkpt>
      <trkpt lat="23.060315" lon="113.282641">
        <time>2026-08-07T22:09:47Z</time>
      </trkpt>
      <trkpt lat="23.060365" lon="113.282499">
        <time>2026-08-07T22:09:52Z</time>
      </trkpt>
      <trkpt lat="23.060401" lon="113.282404">
        <time>2026-08-07T22:09:57Z</time>
      </trkpt>
      <trkpt lat="23.060438" lon="113.282305">
        <time>2026-08-07T22:10:02Z</time>
      </trkpt>
      <trkpt lat="23.060502" lon="113.282155">
        <time>2026-08-07T22:10:07Z</time>
      </trkpt>
      <trkpt lat="23.060557" lon="113.282006">
        <time>2026-08-07T22:10:12Z</time>
      </trkpt>
      <trkpt lat="23.060598" lon="113.281908">
        <time>2026-08-07T22:10:17Z</time>
      </trkpt>
      <trkpt lat="23.060636" lon="113.281808">
        <time>2026-08-07T22:10:22Z</time>
      </trkpt>
      <trkpt lat="23.060697" lon="113.281654">
        <time>2026-08-07T22:10:27Z</time>
      </trkpt>
      <trkpt lat="23.06075" lon="113.281492">
        <time>2026-08-07T22:10:32Z</time>
      </trkpt>
      <trkpt lat="23.060795" lon="113.281386">
        <time>2026-08-07T22:10:37Z</time>
      </trkpt>
      <trkpt lat="23.06084" lon="113.281286">
        <time>2026-08-07T22:10:42Z</time>
      </trkpt>
      <trkpt lat="23.060898" lon="113.281142">
        <time>2026-08-07T22:10:47Z</time>
      </trkpt>
      <trkpt lat="23.060956" lon="113.281007">
        <time>2026-08-07T22:10:52Z</time>
      </trkpt>
      <trkpt lat="23.060993" lon="113.28091">
        <time>2026-08-07T22:10:57Z</time>
      </trkpt>
      <trkpt lat="23.061036" lon="113.280814">
        <time>2026-08-07T22:11:02Z</time>
      </trkpt>
      <trkpt lat="23.061107" lon="113.280668">
        <time>2026-08-07T22:11:07Z</time>
      </trkpt>
      <trkpt lat="23.061174" lon="113.280522">
        <time>2026-08-07T22:11:12Z</time>
      </trkpt>
      <trkpt lat="23.061212" lon="113.280426">
        <time>2026-08-07T22:11:17Z</time>
      </trkpt>
      <trkpt lat="23.061247" lon="113.280331">
        <time>2026-08-07T22:11:22Z</time>
      </trkpt>
      <trkpt lat="23.061318" lon="113.280194">
        <time>2026-08-07T22:11:27Z</time>
      </trkpt>
      <trkpt lat="23.061394" lon="113.280065">
        <time>2026-08-07T22:11:32Z</time>
      </trkpt>
      <trkpt lat="23.061437" lon="113.279976">
        <time>2026-08-07T22:11:37Z</time>
      </trkpt>
      <trkpt lat="23.061473" lon="113.279886">
        <time>2026-08-07T22:11:42Z</time>
      </trkpt>
      <trkpt lat="23.061525" lon="113.279749">
        <time>2026-08-07T22:11:47Z</time>
      </trkpt>
      <trkpt lat="23.061561" lon="113.279603">
        <time>2026-08-07T22:11:52Z</time>
      </trkpt>
      <trkpt lat="23.061594" lon="113.279506">
        <time>2026-08-07T22:11:57Z</time>
      </trkpt>
      <trkpt lat="23.06163" lon="113.279412">
        <time>2026-08-07T22:12:02Z</time>
      </trkpt>
      <trkpt lat="23.061688" lon="113.279277">
        <time>2026-08-07T22:12:07Z</time>
      </trkpt>
      <trkpt lat="23.061756" lon="113.279135">
        <time>2026-08-07T22:12:12Z</time>
      </trkpt>
      <trkpt lat="23.061812" lon="113.279042">
        <time>2026-08-07T22:12:17Z</time>
      </trkpt>
      <trkpt lat="23.06187" lon="113.278951">
        <time>2026-08-07T22:12:22Z</time>
      </trkpt>
      <trkpt lat="23.061948" lon="113.278813">
        <time>2026-08-07T22:12:27Z</time>
      </trkpt>
      <trkpt lat="23.061994" lon="113.278657">
        <time>2026-08-07T22:12:32Z</time>
      </trkpt>
      <trkpt lat="23.06199" lon="113.278542">
        <time>2026-08-07T22:12:37Z</time>
      </trkpt>
      <trkpt lat="23.061979" lon="113.278424">
        <time>2026-08-07T22:12:42Z</time>
      </trkpt>
      <trkpt lat="23.061972" lon="113.278248">
        <time>2026-08-07T22:12:47Z</time>
      </trkpt>
      <trkpt lat="23.061962" lon="113.278078">
        <time>2026-08-07T22:12:52Z</time>
      </trkpt>
      <trkpt lat="23.061957" lon="113.277969">
        <time>2026-08-07T22:12:57Z</time>
      </trkpt>
      <trkpt lat="23.061954" lon="113.277854">
        <time>2026-08-07T22:13:02Z</time>
      </trkpt>
      <trkpt lat="23.061978" lon="113.277685">
        <time>2026-08-07T22:13:07Z</time>
      </trkpt>
      <trkpt lat="23.062038" lon="113.277516">
        <time>2026-08-07T22:13:12Z</time>
      </trkpt>
      <trkpt lat="23.062079" lon="113.277401">
        <time>2026-08-07T22:13:17Z</time>
      </trkpt>
      <trkpt lat="23.062117" lon="113.277293">
        <time>2026-08-07T22:13:22Z</time>
      </trkpt>
      <trkpt lat="23.062169" lon="113.277126">
        <time>2026-08-07T22:13:27Z</time>
      </trkpt>
      <trkpt lat="23.062237" lon="113.276973">
        <time>2026-08-07T22:13:32Z</time>
      </trkpt>
      <trkpt lat="23.062286" lon="113.276868">
        <time>2026-08-07T22:13:37Z</time>
      </trkpt>
      <trkpt lat="23.062332" lon="113.276763">
        <time>2026-08-07T22:13:42Z</time>
      </trkpt>
      <trkpt lat="23.062387" lon="113.276612">
        <time>2026-08-07T22:13:47Z</time>
      </trkpt>
      <trkpt lat="23.06244" lon="113.276466">
        <time>2026-08-07T22:13:52Z</time>
      </trkpt>
      <trkpt lat="23.062477" lon="113.276364">
        <time>2026-08-07T22:13:57Z</time>
      </trkpt>
      <trkpt lat="23.06251" lon="113.276255">
        <time>2026-08-07T22:14:02Z</time>
      </trkpt>
      <trkpt lat="23.062575" lon="113.276105">
        <time>2026-08-07T22:14:07Z</time>
      </trkpt>
      <trkpt lat="23.062666" lon="113.275969">
        <time>2026-08-07T22:14:12Z</time>
      </trkpt>
      <trkpt lat="23.06273" lon="113.275886">
        <time>2026-08-07T22:14:17Z</time>
      </trkpt>
      <trkpt lat="23.062798" lon="113.275812">
        <time>2026-08-07T22:14:22Z</time>
      </trkpt>
      <trkpt lat="23.062906" lon="113.275695">
        <time>2026-08-07T22:14:27Z</time>
      </trkpt>
      <trkpt lat="23.06301" lon="113.275582">
        <time>2026-08-07T22:14:32Z</time>
      </trkpt>
      <trkpt lat="23.063063" lon="113.275502">
        <time>2026-08-07T22:14:37Z</time>
      </trkpt>
      <trkpt lat="23.06311" lon="113.275418">
        <time>2026-08-07T22:14:42Z</time>
      </trkpt>
      <trkpt lat="23.063187" lon="113.275288">
        <time>2026-08-07T22:14:47Z</time>
      </trkpt>
      <trkpt lat="23.063275" lon="113.275159">
        <time>2026-08-07T22:14:52Z</time>
      </trkpt>
      <trkpt lat="23.063333" lon="113.275078">
        <time>2026-08-07T22:14:57Z</time>
      </trkpt>
      <trkpt lat="23.063386" lon="113.274997">
        <time>2026-08-07T22:15:02Z</time>
      </trkpt>
      <trkpt lat="23.063431" lon="113.274859">
        <time>2026-08-07T22:15:07Z</time>
      </trkpt>
      <trkpt lat="23.063468" lon="113.274724">
        <time>2026-08-07T22:15:12Z</time>
      </trkpt>
      <trkpt lat="23.0635" lon="113.274638">
        <time>2026-08-07T22:15:17Z</time>
      </trkpt>
      <trkpt lat="23.063527" lon="113.274547">
        <time>2026-08-07T22:15:22Z</time>
      </trkpt>
      <trkpt lat="23.063583" lon="113.274412">
        <time>2026-08-07T22:15:27Z</time>
      </trkpt>
      <trkpt lat="23.063664" lon="113.274293">
        <time>2026-08-07T22:15:32Z</time>
      </trkpt>
      <trkpt lat="23.06373" lon="113.274223">
        <time>2026-08-07T22:15:37Z</time>
      </trkpt>
      <trkpt lat="23.063794" lon="113.27415">
        <time>2026-08-07T22:15:42Z</time>
      </trkpt>
      <trkpt lat="23.063873" lon="113.274028">
        <time>2026-08-07T22:15:47Z</time>
      </trkpt>
      <trkpt lat="23.063952" lon="113.273889">
        <time>2026-08-07T22:15:52Z</time>
      </trkpt>
      <trkpt lat="23.064011" lon="113.273798">
        <time>2026-08-07T22:15:57Z</time>
      </trkpt>
      <trkpt lat="23.064079" lon="113.273719">
        <time>2026-08-07T22:16:02Z</time>
      </trkpt>
      <trkpt lat="23.06419" lon="113.273623">
        <time>2026-08-07T22:16:07Z</time>
      </trkpt>
      <trkpt lat="23.064299" lon="113.273532">
        <time>2026-08-07T22:16:12Z</time>
      </trkpt>
      <trkpt lat="23.064377" lon="113.27347">
        <time>2026-08-07T22:16:17Z</time>
      </trkpt>
      <trkpt lat="23.064453" lon="113.273408">
        <time>2026-08-07T22:16:22Z</time>
      </trkpt>
      <trkpt lat="23.064552" lon="113.273286">
        <time>2026-08-07T22:16:27Z</time>
      </trkpt>
      <trkpt lat="23.064584" lon="113.273125">
        <time>2026-08-07T22:16:32Z</time>
      </trkpt>
      <trkpt lat="23.064566" lon="113.273014">
        <time>2026-08-07T22:16:37Z</time>
      </trkpt>
      <trkpt lat="23.064534" lon="113.27291">
        <time>2026-08-07T22:16:42Z</time>
      </trkpt>
      <trkpt lat="23.064484" lon="113.272758">
        <time>2026-08-07T22:16:47Z</time>
      </trkpt>
      <trkpt lat="23.064457" lon="113.272598">
        <time>2026-08-07T22:16:52Z</time>
      </trkpt>
      <trkpt lat="23.064486" lon="113.272496">
        <time>2026-08-07T22:16:57Z</time>
      </trkpt>
      <trkpt lat="23.064522" lon="113.272383">
        <time>2026-08-07T22:17:02Z</time>
      </trkpt>
      <trkpt lat="23.064552" lon="113.272217">
        <time>2026-08-07T22:17:07Z</time>
      </trkpt>
      <trkpt lat="23.064619" lon="113.272073">
        <time>2026-08-07T22:17:12Z</time>
      </trkpt>
      <trkpt lat="23.064669" lon="113.271979">
        <time>2026-08-07T22:17:17Z</time>
      </trkpt>
      <trkpt lat="23.064718" lon="113.27189">
        <time>2026-08-07T22:17:22Z</time>
      </trkpt>
      <trkpt lat="23.064784" lon="113.271758">
        <time>2026-08-07T22:17:27Z</time>
      </trkpt>
      <trkpt lat="23.064858" lon="113.271625">
        <time>2026-08-07T22:17:32Z</time>
      </trkpt>
      <trkpt lat="23.064909" lon="113.271534">
        <time>2026-08-07T22:17:37Z</time>
      </trkpt>
      <trkpt lat="23.064954" lon="113.271438">
        <time>2026-08-07T22:17:42Z</time>
      </trkpt>
      <trkpt lat="23.065014" lon="113.271293">
        <time>2026-08-07T22:17:47Z</time>
      </trkpt>
      <trkpt lat="23.065066" lon="113.271145">
        <time>2026-08-07T22:17:52Z</time>
      </trkpt>
      <trkpt lat="23.065114" lon="113.271049">
        <time>2026-08-07T22:17:57Z</time>
      </trkpt>
      <trkpt lat="23.06516" lon="113.270954">
        <time>2026-08-07T22:18:02Z</time>
      </trkpt>
      <trkpt lat="23.065234" lon="113.270808">
        <time>2026-08-07T22:18:07Z</time>
      </trkpt>
      <trkpt lat="23.065305" lon="113.270664">
        <time>2026-08-07T22:18:12Z</time>
      </trkpt>
      <trkpt lat="23.065349" lon="113.270567">
        <time>2026-08-07T22:18:17Z</time>
      </trkpt>
      <trkpt lat="23.065391" lon="113.270473">
        <time>2026-08-07T22:18:22Z</time>
      </trkpt>
      <trkpt lat="23.065451" lon="113.270333">
        <time>2026-08-07T22:18:27Z</time>
      </trkpt>
      <trkpt lat="23.065511" lon="113.270195">
        <time>2026-08-07T22:18:32Z</time>
      </trkpt>
      <trkpt lat="23.065547" lon="113.270102">
        <time>2026-08-07T22:18:37Z</time>
      </trkpt>
      <trkpt lat="23.065579" lon="113.27001">
        <time>2026-08-07T22:18:42Z</time>
      </trkpt>
      <trkpt lat="23.065621" lon="113.269861">
        <time>2026-08-07T22:18:47Z</time>
      </trkpt>
      <trkpt lat="23.065664" lon="113.269719">
        <time>2026-08-07T22:18:52Z</time>
      </trkpt>
      <trkpt lat="23.065705" lon="113.269627">
        <time>2026-08-07T22:18:57Z</time>
      </trkpt>
      <trkpt lat="23.065732" lon="113.26953">
        <time>2026-08-07T22:19:02Z</time>
      </trkpt>
      <trkpt lat="23.065753" lon="113.269382">
        <time>2026-08-07T22:19:07Z</time>
      </trkpt>
      <trkpt lat="23.065791" lon="113.269228">
        <time>2026-08-07T22:19:12Z</time>
      </trkpt>
      <trkpt lat="23.065819" lon="113.269129">
        <time>2026-08-07T22:19:17Z</time>
      </trkpt>
      <trkpt lat="23.065849" lon="113.269031">
        <time>2026-08-07T22:19:22Z</time>
      </trkpt>
      <trkpt lat="23.06591" lon="113.268881">
        <time>2026-08-07T22:19:27Z</time>
      </trkpt>
      <trkpt lat="23.065969" lon="113.268737">
        <time>2026-08-07T22:19:32Z</time>
      </trkpt>
      <trkpt lat="23.066016" lon="113.268645">
        <time>2026-08-07T22:19:37Z</time>
      </trkpt>
      <trkpt lat="23.066073" lon="113.268559">
        <time>2026-08-07T22:19:42Z</time>
      </trkpt>
      <trkpt lat="23.066157" lon="113.268436">
        <time>2026-08-07T22:19:47Z</time>
      </trkpt>
      <trkpt lat="23.066242" lon="113.268315">
        <time>2026-08-07T22:19:52Z</time>
      </trkpt>
      <trkpt lat="23.066308" lon="113.268238">
        <time>2026-08-07T22:19:57Z</time>
      </trkpt>
      <trkpt lat="23.066385" lon="113.268172">
        <time>2026-08-07T22:20:02Z</time>
      </trkpt>
      <trkpt lat="23.066518" lon="113.268131">
        <time>2026-08-07T22:20:07Z</time>
      </trkpt>
      <trkpt lat="23.066662" lon="113.268148">
        <time>2026-08-07T22:20:12Z</time>
      </trkpt>
      <trkpt lat="23.066758" lon="113.268149">
        <time>2026-08-07T22:20:17Z</time>
      </trkpt>
      <trkpt lat="23.066855" lon="113.268144">
        <time>2026-08-07T22:20:22Z</time>
      </trkpt>
      <trkpt lat="23.067001" lon="113.268176">
        <time>2026-08-07T22:20:27Z</time>
      </trkpt>
      <trkpt lat="23.067133" lon="113.268244">
        <time>2026-08-07T22:20:32Z</time>
      </trkpt>
      <trkpt lat="23.06722" lon="113.268301">
        <time>2026-08-07T22:20:37Z</time>
      </trkpt>
      <trkpt lat="23.067292" lon="113.268368">
        <time>2026-08-07T22:20:42Z</time>
      </trkpt>
      <trkpt lat="23.067408" lon="113.268451">
        <time>2026-08-07T22:20:47Z</time>
      </trkpt>
      <trkpt lat="23.067552" lon="113.268524">
        <time>2026-08-07T22:20:52Z</time>
      </trkpt>
      <trkpt lat="23.067653" lon="113.268576">
        <time>2026-08-07T22:20:57Z</time>
      </trkpt>
      <trkpt lat="23.067746" lon="113.268619">
        <time>2026-08-07T22:21:02Z</time>
      </trkpt>
      <trkpt lat="23.067889" lon="113.268683">
        <time>2026-08-07T22:21:07Z</time>
      </trkpt>
      <trkpt lat="23.068032" lon="113.268757">
        <time>2026-08-07T22:21:12Z</time>
      </trkpt>
      <trkpt lat="23.068111" lon="113.268785">
        <time>2026-08-07T22:21:17Z</time>
      </trkpt>
      <trkpt lat="23.06819" lon="113.268797">
        <time>2026-08-07T22:21:22Z</time>
      </trkpt>
      <trkpt lat="23.068332" lon="113.26885">
        <time>2026-08-07T22:21:27Z</time>
      </trkpt>
      <trkpt lat="23.06846" lon="113.268957">
        <time>2026-08-07T22:21:32Z</time>
      </trkpt>
      <trkpt lat="23.068555" lon="113.269029">
        <time>2026-08-07T22:21:37Z</time>
      </trkpt>
      <trkpt lat="23.06865" lon="113.269081">
        <time>2026-08-07T22:21:42Z</time>
      </trkpt>
      <trkpt lat="23.068778" lon="113.269119">
        <time>2026-08-07T22:21:47Z</time>
      </trkpt>
      <trkpt lat="23.068884" lon="113.269114">
        <time>2026-08-07T22:21:52Z</time>
      </trkpt>
      <trkpt lat="23.068946" lon="113.269087">
        <time>2026-08-07T22:21:57Z</time>
      </trkpt>
      <trkpt lat="23.068945" lon="113.269042">
        <time>2026-08-07T22:22:02Z</time>
      </trkpt>
      <trkpt lat="23.068829" lon="113.268963">
        <time>2026-08-07T22:22:07Z</time>
      </trkpt>
      <trkpt lat="23.068718" lon="113.268865">
        <time>2026-08-07T22:22:12Z</time>
      </trkpt>
      <trkpt lat="23.068641" lon="113.268808">
        <time>2026-08-07T22:22:17Z</time>
      </trkpt>
      <trkpt lat="23.068566" lon="113.268771">
        <time>2026-08-07T22:22:22Z</time>
      </trkpt>
      <trkpt lat="23.068446" lon="113.268719">
        <time>2026-08-07T22:22:27Z</time>
      </trkpt>
      <trkpt lat="23.068329" lon="113.268672">
        <time>2026-08-07T22:22:32Z</time>
      </trkpt>
      <trkpt lat="23.068242" lon="113.268644">
        <time>2026-08-07T22:22:37Z</time>
      </trkpt>
      <trkpt lat="23.068151" lon="113.268612">
        <time>2026-08-07T22:22:42Z</time>
      </trkpt>
      <trkpt lat="23.067999" lon="113.268555">
        <time>2026-08-07T22:22:47Z</time>
      </trkpt>
      <trkpt lat="23.067841" lon="113.268491">
        <time>2026-08-07T22:22:52Z</time>
      </trkpt>
      <trkpt lat="23.067747" lon="113.268446">
        <time>2026-08-07T22:22:57Z</time>
      </trkpt>
      <trkpt lat="23.067654" lon="113.268397">
        <time>2026-08-07T22:23:02Z</time>
      </trkpt>
      <trkpt lat="23.06752" lon="113.268331">
        <time>2026-08-07T22:23:07Z</time>
      </trkpt>
      <trkpt lat="23.067394" lon="113.268269">
        <time>2026-08-07T22:23:12Z</time>
      </trkpt>
      <trkpt lat="23.067308" lon="113.268235">
        <time>2026-08-07T22:23:17Z</time>
      </trkpt>
      <trkpt lat="23.067225" lon="113.268208">
        <time>2026-08-07T22:23:22Z</time>
      </trkpt>
      <trkpt lat="23.067109" lon="113.268153">
        <time>2026-08-07T22:23:27Z</time>
      </trkpt>
      <trkpt lat="23.066978" lon="113.268086">
        <time>2026-08-07T22:23:32Z</time>
      </trkpt>
      <trkpt lat="23.06689" lon="113.268042">
        <time>2026-08-07T22:23:37Z</time>
      </trkpt>
      <trkpt lat="23.066788" lon="113.268019">
        <time>2026-08-07T22:23:42Z</time>
      </trkpt>
      <trkpt lat="23.066634" lon="113.26801">
        <time>2026-08-07T22:23:47Z</time>
      </trkpt>
      <trkpt lat="23.066493" lon="113.267956">
        <time>2026-08-07T22:23:52Z</time>
      </trkpt>
      <trkpt lat="23.066399" lon="113.267937">
        <time>2026-08-07T22:23:57Z</time>
      </trkpt>
      <trkpt lat="23.066304" lon="113.267953">
        <time>2026-08-07T22:24:02Z</time>
      </trkpt>
      <trkpt lat="23.06618" lon="113.268029">
        <time>2026-08-07T22:24:07Z</time>
      </trkpt>
      <trkpt lat="23.066073" lon="113.268139">
        <time>2026-08-07T22:24:12Z</time>
      </trkpt>
      <trkpt lat="23.066009" lon="113.268214">
        <time>2026-08-07T22:24:17Z</time>
      </trkpt>
      <trkpt lat="23.06595" lon="113.268292">
        <time>2026-08-07T22:24:22Z</time>
      </trkpt>
      <trkpt lat="23.065862" lon="113.268411">
        <time>2026-08-07T22:24:27Z</time>
      </trkpt>
      <trkpt lat="23.065781" lon="113.268542">
        <time>2026-08-07T22:24:32Z</time>
      </trkpt>
      <trkpt lat="23.065733" lon="113.268635">
        <time>2026-08-07T22:24:37Z</time>
      </trkpt>
      <trkpt lat="23.065688" lon="113.268731">
        <time>2026-08-07T22:24:42Z</time>
      </trkpt>
      <trkpt lat="23.065632" lon="113.268877">
        <time>2026-08-07T22:24:47Z</time>
      </trkpt>
      <trkpt lat="23.065593" lon="113.269035">
        <time>2026-08-07T22:24:52Z</time>
      </trkpt>
      <trkpt lat="23.065573" lon="113.269145">
        <time>2026-08-07T22:24:57Z</time>
      </trkpt>
      <trkpt lat="23.065552" lon="113.269245">
        <time>2026-08-07T22:25:02Z</time>
      </trkpt>
      <trkpt lat="23.065501" lon="113.269385">
        <time>2026-08-07T22:25:07Z</time>
      </trkpt>
      <trkpt lat="23.065463" lon="113.269534">
        <time>2026-08-07T22:25:12Z</time>
      </trkpt>
      <trkpt lat="23.065439" lon="113.269636">
        <time>2026-08-07T22:25:17Z</time>
      </trkpt>
      <trkpt lat="23.065421" lon="113.269734">
        <time>2026-08-07T22:25:22Z</time>
      </trkpt>
      <trkpt lat="23.065384" lon="113.269878">
        <time>2026-08-07T22:25:27Z</time>
      </trkpt>
      <trkpt lat="23.065333" lon="113.270024">
        <time>2026-08-07T22:25:32Z</time>
      </trkpt>
      <trkpt lat="23.065291" lon="113.270121">
        <time>2026-08-07T22:25:37Z</time>
      </trkpt>
      <trkpt lat="23.065248" lon="113.270218">
        <time>2026-08-07T22:25:42Z</time>
      </trkpt>
      <trkpt lat="23.065177" lon="113.270366">
        <time>2026-08-07T22:25:47Z</time>
      </trkpt>
      <trkpt lat="23.065107" lon="113.270516">
        <time>2026-08-07T22:25:52Z</time>
      </trkpt>
      <trkpt lat="23.065066" lon="113.27061">
        <time>2026-08-07T22:25:57Z</time>
      </trkpt>
      <trkpt lat="23.065022" lon="113.270703">
        <time>2026-08-07T22:26:02Z</time>
      </trkpt>
      <trkpt lat="23.064952" lon="113.270842">
        <time>2026-08-07T22:26:07Z</time>
      </trkpt>
      <trkpt lat="23.064889" lon="113.270985">
        <time>2026-08-07T22:26:12Z</time>
      </trkpt>
      <trkpt lat="23.064849" lon="113.271079">
        <time>2026-08-07T22:26:17Z</time>
      </trkpt>
      <trkpt lat="23.064802" lon="113.271174">
        <time>2026-08-07T22:26:22Z</time>
      </trkpt>
      <trkpt lat="23.064737" lon="113.271317">
        <time>2026-08-07T22:26:27Z</time>
      </trkpt>
      <trkpt lat="23.064672" lon="113.271455">
        <time>2026-08-07T22:26:32Z</time>
      </trkpt>
      <trkpt lat="23.064623" lon="113.27155">
        <time>2026-08-07T22:26:37Z</time>
      </trkpt>
      <trkpt lat="23.064572" lon="113.271643">
        <time>2026-08-07T22:26:42Z</time>
      </trkpt>
      <trkpt lat="23.064509" lon="113.271795">
        <time>2026-08-07T22:26:47Z</time>
      </trkpt>
      <trkpt lat="23.064446" lon="113.271949">
        <time>2026-08-07T22:26:52Z</time>
      </trkpt>
      <trkpt lat="23.064403" lon="113.272052">
        <time>2026-08-07T22:26:57Z</time>
      </trkpt>
      <trkpt lat="23.064353" lon="113.272154">
        <time>2026-08-07T22:27:02Z</time>
      </trkpt>
      <trkpt lat="23.06432" lon="113.272317">
        <time>2026-08-07T22:27:07Z</time>
      </trkpt>
      <trkpt lat="23.064308" lon="113.272474">
        <time>2026-08-07T22:27:12Z</time>
      </trkpt>
      <trkpt lat="23.064307" lon="113.272573">
        <time>2026-08-07T22:27:17Z</time>
      </trkpt>
      <trkpt lat="23.064321" lon="113.272674">
        <time>2026-08-07T22:27:22Z</time>
      </trkpt>
      <trkpt lat="23.064364" lon="113.272819">
        <time>2026-08-07T22:27:27Z</time>
      </trkpt>
      <trkpt lat="23.064412" lon="113.272959">
        <time>2026-08-07T22:27:32Z</time>
      </trkpt>
      <trkpt lat="23.06444" lon="113.273054">
        <time>2026-08-07T22:27:37Z</time>
      </trkpt>
      <trkpt lat="23.064458" lon="113.273153">
        <time>2026-08-07T22:27:42Z</time>
      </trkpt>
      <trkpt lat="23.064419" lon="113.273287">
        <time>2026-08-07T22:27:47Z</time>
      </trkpt>
      <trkpt lat="23.064304" lon="113.273386">
        <time>2026-08-07T22:27:52Z</time>
      </trkpt>
      <trkpt lat="23.064221" lon="113.273444">
        <time>2026-08-07T22:27:57Z</time>
      </trkpt>
      <trkpt lat="23.064139" lon="113.273504">
        <time>2026-08-07T22:28:02Z</time>
      </trkpt>
      <trkpt lat="23.064022" lon="113.273599">
        <time>2026-08-07T22:28:07Z</time>
      </trkpt>
      <trkpt lat="23.063914" lon="113.273706">
        <time>2026-08-07T22:28:12Z</time>
      </trkpt>
      <trkpt lat="23.063857" lon="113.273786">
        <time>2026-08-07T22:28:17Z</time>
      </trkpt>
      <trkpt lat="23.063808" lon="113.273872">
        <time>2026-08-07T22:28:22Z</time>
      </trkpt>
      <trkpt lat="23.063737" lon="113.274007">
        <time>2026-08-07T22:28:27Z</time>
      </trkpt>
      <trkpt lat="23.063641" lon="113.27411">
        <time>2026-08-07T22:28:32Z</time>
      </trkpt>
      <trkpt lat="23.063567" lon="113.274168">
        <time>2026-08-07T22:28:37Z</time>
      </trkpt>
      <trkpt lat="23.063507" lon="113.274259">
        <time>2026-08-07T22:28:42Z</time>
      </trkpt>
      <trkpt lat="23.063447" lon="113.274425">
        <time>2026-08-07T22:28:47Z</time>
      </trkpt>
      <trkpt lat="23.063383" lon="113.274592">
        <time>2026-08-07T22:28:52Z</time>
      </trkpt>
      <trkpt lat="23.063347" lon="113.274701">
        <time>2026-08-07T22:28:57Z</time>
      </trkpt>
      <trkpt lat="23.063307" lon="113.274807">
        <time>2026-08-07T22:29:02Z</time>
      </trkpt>
      <trkpt lat="23.063258" lon="113.274961">
        <time>2026-08-07T22:29:07Z</time>
      </trkpt>
      <trkpt lat="23.063191" lon="113.275107">
        <time>2026-08-07T22:29:12Z</time>
      </trkpt>
      <trkpt lat="23.063141" lon="113.275201">
        <time>2026-08-07T22:29:17Z</time>
      </trkpt>
      <trkpt lat="23.063091" lon="113.275288">
        <time>2026-08-07T22:29:22Z</time>
      </trkpt>
      <trkpt lat="23.063013" lon="113.275421">
        <time>2026-08-07T22:29:27Z</time>
      </trkpt>
      <trkpt lat="23.062915" lon="113.275554">
        <time>2026-08-07T22:29:32Z</time>
      </trkpt>
      <trkpt lat="23.062843" lon="113.275633">
        <time>2026-08-07T22:29:37Z</time>
      </trkpt>
      <trkpt lat="23.062771" lon="113.275707">
        <time>2026-08-07T22:29:42Z</time>
      </trkpt>
      <trkpt lat="23.062667" lon="113.275816">
        <time>2026-08-07T22:29:47Z</time>
      </trkpt>
      <trkpt lat="23.062569" lon="113.275939">
        <time>2026-08-07T22:29:52Z</time>
      </trkpt>
      <trkpt lat="23.062511" lon="113.276026">
        <time>2026-08-07T22:29:57Z</time>
      </trkpt>
      <trkpt lat="23.062462" lon="113.276118">
        <time>2026-08-07T22:30:02Z</time>
      </trkpt>
      <trkpt lat="23.062401" lon="113.276259">
        <time>2026-08-07T22:30:07Z</time>
      </trkpt>
      <trkpt lat="23.062352" lon="113.276403">
        <time>2026-08-07T22:30:12Z</time>
      </trkpt>
      <trkpt lat="23.062314" lon="113.276498">
        <time>2026-08-07T22:30:17Z</time>
      </trkpt>
      <trkpt lat="23.062277" lon="113.276593">
        <time>2026-08-07T22:30:22Z</time>
      </trkpt>
      <trkpt lat="23.062225" lon="113.276735">
        <time>2026-08-07T22:30:27Z</time>
      </trkpt>
      <trkpt lat="23.062174" lon="113.276886">
        <time>2026-08-07T22:30:32Z</time>
      </trkpt>
      <trkpt lat="23.06214" lon="113.276984">
        <time>2026-08-07T22:30:37Z</time>
      </trkpt>
      <trkpt lat="23.062105" lon="113.277082">
        <time>2026-08-07T22:30:42Z</time>
      </trkpt>
      <trkpt lat="23.062044" lon="113.277238">
        <time>2026-08-07T22:30:47Z</time>
      </trkpt>
      <trkpt lat="23.061982" lon="113.277384">
        <time>2026-08-07T22:30:52Z</time>
      </trkpt>
      <trkpt lat="23.061943" lon="113.277482">
        <time>2026-08-07T22:30:57Z</time>
      </trkpt>
      <trkpt lat="23.0619" lon="113.277579">
        <time>2026-08-07T22:31:02Z</time>
      </trkpt>
      <trkpt lat="23.061846" lon="113.277731">
        <time>2026-08-07T22:31:07Z</time>
      </trkpt>
      <trkpt lat="23.061828" lon="113.277887">
        <time>2026-08-07T22:31:12Z</time>
      </trkpt>
      <trkpt lat="23.061827" lon="113.277989">
        <time>2026-08-07T22:31:17Z</time>
      </trkpt>
      <trkpt lat="23.061834" lon="113.27809">
        <time>2026-08-07T22:31:22Z</time>
      </trkpt>
      <trkpt lat="23.061834" lon="113.278243">
        <time>2026-08-07T22:31:27Z</time>
      </trkpt>
      <trkpt lat="23.06185" lon="113.278391">
        <time>2026-08-07T22:31:32Z</time>
      </trkpt>
      <trkpt lat="23.061853" lon="113.278488">
        <time>2026-08-07T22:31:37Z</time>
      </trkpt>
      <trkpt lat="23.061851" lon="113.278584">
        <time>2026-08-07T22:31:42Z</time>
      </trkpt>
      <trkpt lat="23.061827" lon="113.278713">
        <time>2026-08-07T22:31:47Z</time>
      </trkpt>
      <trkpt lat="23.061736" lon="113.278745">
        <time>2026-08-07T22:31:52Z</time>
      </trkpt>
      <trkpt lat="23.061689" lon="113.278799">
        <time>2026-08-07T22:31:57Z</time>
      </trkpt>
      <trkpt lat="23.061679" lon="113.27885">
        <time>2026-08-07T22:32:02Z</time>
      </trkpt>
      <trkpt lat="23.061689" lon="113.278914">
        <time>2026-08-07T22:32:07Z</time>
      </trkpt>
      <trkpt lat="23.061645" lon="113.278962">
        <time>2026-08-07T22:32:12Z</time>
      </trkpt>
      <trkpt lat="23.061616" lon="113.278993">
        <time>2026-08-07T22:32:17Z</time>
      </trkpt>
      <trkpt lat="23.061602" lon="113.279055">
        <time>2026-08-07T22:32:22Z</time>
      </trkpt>
      <trkpt lat="23.061565" lon="113.279203">
        <time>2026-08-07T22:32:27Z</time>
      </trkpt>
      <trkpt lat="23.061509" lon="113.279356">
        <time>2026-08-07T22:32:32Z</time>
      </trkpt>
      <trkpt lat="23.061459" lon="113.279453">
        <time>2026-08-07T22:32:37Z</time>
      </trkpt>
      <trkpt lat="23.061407" lon="113.279553">
        <time>2026-08-07T22:32:42Z</time>
      </trkpt>
      <trkpt lat="23.061337" lon="113.279709">
        <time>2026-08-07T22:32:47Z</time>
      </trkpt>
      <trkpt lat="23.061272" lon="113.279854">
        <time>2026-08-07T22:32:52Z</time>
      </trkpt>
      <trkpt lat="23.061232" lon="113.279953">
        <time>2026-08-07T22:32:57Z</time>
      </trkpt>
      <trkpt lat="23.061191" lon="113.280052">
        <time>2026-08-07T22:33:02Z</time>
      </trkpt>
      <trkpt lat="23.061134" lon="113.280199">
        <time>2026-08-07T22:33:07Z</time>
      </trkpt>
      <trkpt lat="23.06108" lon="113.280348">
        <time>2026-08-07T22:33:12Z</time>
      </trkpt>
      <trkpt lat="23.061042" lon="113.280447">
        <time>2026-08-07T22:33:17Z</time>
      </trkpt>
      <trkpt lat="23.061005" lon="113.28054">
        <time>2026-08-07T22:33:22Z</time>
      </trkpt>
      <trkpt lat="23.060935" lon="113.280677">
        <time>2026-08-07T22:33:27Z</time>
      </trkpt>
      <trkpt lat="23.060872" lon="113.280818">
        <time>2026-08-07T22:33:32Z</time>
      </trkpt>
      <trkpt lat="23.060833" lon="113.280915">
        <time>2026-08-07T22:33:37Z</time>
      </trkpt>
      <trkpt lat="23.060791" lon="113.281009">
        <time>2026-08-07T22:33:42Z</time>
      </trkpt>
      <trkpt lat="23.060732" lon="113.281152">
        <time>2026-08-07T22:33:47Z</time>
      </trkpt>
      <trkpt lat="23.060672" lon="113.28129">
        <time>2026-08-07T22:33:52Z</time>
      </trkpt>
      <trkpt lat="23.060633" lon="113.281382">
        <time>2026-08-07T22:33:57Z</time>
      </trkpt>
      <trkpt lat="23.060595" lon="113.281477">
        <time>2026-08-07T22:34:02Z</time>
      </trkpt>
      <trkpt lat="23.060536" lon="113.281616">
        <time>2026-08-07T22:34:07Z</time>
      </trkpt>
      <trkpt lat="23.06047" lon="113.28176">
        <time>2026-08-07T22:34:12Z</time>
      </trkpt>
      <trkpt lat="23.060426" lon="113.281858">
        <time>2026-08-07T22:34:17Z</time>
      </trkpt>
      <trkpt lat="23.060385" lon="113.281954">
        <time>2026-08-07T22:34:22Z</time>
      </trkpt>
      <trkpt lat="23.060321" lon="113.282096">
        <time>2026-08-07T22:34:27Z</time>
      </trkpt>
      <trkpt lat="23.060261" lon="113.282233">
        <time>2026-08-07T22:34:32Z</time>
      </trkpt>
      <trkpt lat="23.060226" lon="113.282326">
        <time>2026-08-07T22:34:37Z</time>
      </trkpt>
      <trkpt lat="23.060189" lon="113.282417">
        <time>2026-08-07T22:34:42Z</time>
      </trkpt>
      <trkpt lat="23.06012" lon="113.28256">
        <time>2026-08-07T22:34:47Z</time>
      </trkpt>
      <trkpt lat="23.060066" lon="113.2827">
        <time>2026-08-07T22:34:52Z</time>
      </trkpt>
      <trkpt lat="23.060025" lon="113.282793">
        <time>2026-08-07T22:34:57Z</time>
      </trkpt>
      <trkpt lat="23.059987" lon="113.282886">
        <time>2026-08-07T22:35:02Z</time>
      </trkpt>
      <trkpt lat="23.059927" lon="113.283023">
        <time>2026-08-07T22:35:07Z</time>
      </trkpt>
      <trkpt lat="23.05987" lon="113.283172">
        <time>2026-08-07T22:35:12Z</time>
      </trkpt>
      <trkpt lat="23.059836" lon="113.283272">
        <time>2026-08-07T22:35:17Z</time>
      </trkpt>
      <trkpt lat="23.059843" lon="113.283357">
        <time>2026-08-07T22:35:22Z</time>
      </trkpt>
      <trkpt lat="23.059948" lon="113.283317">
        <time>2026-08-07T22:35:27Z</time>
      </trkpt>
      <trkpt lat="23.060013" lon="113.28318">
        <time>2026-08-07T22:35:32Z</time>
      </trkpt>
      <trkpt lat="23.060058" lon="113.283094">
        <time>2026-08-07T22:35:37Z</time>
      </trkpt>
      <trkpt lat="23.060108" lon="113.283012">
        <time>2026-08-07T22:35:42Z</time>
      </trkpt>
      <trkpt lat="23.060171" lon="113.282875">
        <time>2026-08-07T22:35:47Z</time>
      </trkpt>
      <trkpt lat="23.060243" lon="113.282734">
        <time>2026-08-07T22:35:52Z</time>
      </trkpt>
      <trkpt lat="23.060291" lon="113.282644">
        <time>2026-08-07T22:35:57Z</time>
      </trkpt>
      <trkpt lat="23.060333" lon="113.282551">
        <time>2026-08-07T22:36:02Z</time>
      </trkpt>
      <trkpt lat="23.060392" lon="113.282408">
        <time>2026-08-07T22:36:07Z</time>
      </trkpt>
      <trkpt lat="23.060443" lon="113.282266">
        <time>2026-08-07T22:36:12Z</time>
      </trkpt>
      <trkpt lat="23.060466" lon="113.282173">
        <time>2026-08-07T22:36:17Z</time>
      </trkpt>
      <trkpt lat="23.060499" lon="113.282084">
        <time>2026-08-07T22:36:22Z</time>
      </trkpt>
      <trkpt lat="23.060558" lon="113.281949">
        <time>2026-08-07T22:36:27Z</time>
      </trkpt>
      <trkpt lat="23.060623" lon="113.281811">
        <time>2026-08-07T22:36:32Z</time>
      </trkpt>
      <trkpt lat="23.060663" lon="113.281724">
        <time>2026-08-07T22:36:37Z</time>
      </trkpt>
      <trkpt lat="23.060693" lon="113.281637">
        <time>2026-08-07T22:36:42Z</time>
      </trkpt>
      <trkpt lat="23.060741" lon="113.28151">
        <time>2026-08-07T22:36:47Z</time>
      </trkpt>
      <trkpt lat="23.060814" lon="113.281357">
        <time>2026-08-07T22:36:52Z</time>
      </trkpt>
      <trkpt lat="23.060858" lon="113.281243">
        <time>2026-08-07T22:36:57Z</time>
      </trkpt>
      <trkpt lat="23.060902" lon="113.281141">
        <time>2026-08-07T22:37:02Z</time>
      </trkpt>
      <trkpt lat="23.060961" lon="113.280999">
        <time>2026-08-07T22:37:07Z</time>
      </trkpt>
      <trkpt lat="23.061026" lon="113.28085">
        <time>2026-08-07T22:37:12Z</time>
      </trkpt>
      <trkpt lat="23.061071" lon="113.280747">
        <time>2026-08-07T22:37:17Z</time>
      </trkpt>
      <trkpt lat="23.061113" lon="113.280648">
        <time>2026-08-07T22:37:22Z</time>
      </trkpt>
      <trkpt lat="23.06118" lon="113.280513">
        <time>2026-08-07T22:37:27Z</time>
      </trkpt>
      <trkpt lat="23.061241" lon="113.280373">
        <time>2026-08-07T22:37:32Z</time>
      </trkpt>
      <trkpt lat="23.061273" lon="113.280269">
        <time>2026-08-07T22:37:37Z</time>
      </trkpt>
      <trkpt lat="23.061309" lon="113.280174">
        <time>2026-08-07T22:37:42Z</time>
      </trkpt>
      <trkpt lat="23.061373" lon="113.280036">
        <time>2026-08-07T22:37:47Z</time>
      </trkpt>
      <trkpt lat="23.061437" lon="113.279894">
        <time>2026-08-07T22:37:52Z</time>
      </trkpt>
      <trkpt lat="23.061471" lon="113.279804">
        <time>2026-08-07T22:37:57Z</time>
      </trkpt>
      <trkpt lat="23.06151" lon="113.279717">
        <time>2026-08-07T22:38:02Z</time>
      </trkpt>
      <trkpt lat="23.061574" lon="113.27958">
        <time>2026-08-07T22:38:07Z</time>
      </trkpt>
      <trkpt lat="23.061626" lon="113.279439">
        <time>2026-08-07T22:38:12Z</time>
      </trkpt>
      <trkpt lat="23.061664" lon="113.279352">
        <time>2026-08-07T22:38:17Z</time>
      </trkpt>
      <trkpt lat="23.061704" lon="113.279252">
        <time>2026-08-07T22:38:22Z</time>
      </trkpt>
      <trkpt lat="23.061769" lon="113.279106">
        <time>2026-08-07T22:38:27Z</time>
      </trkpt>
      <trkpt lat="23.061855" lon="113.278977">
        <time>2026-08-07T22:38:32Z</time>
      </trkpt>
      <trkpt lat="23.061919" lon="113.278894">
        <time>2026-08-07T22:38:37Z</time>
      </trkpt>
      <trkpt lat="23.061961" lon="113.278796">
        <time>2026-08-07T22:38:42Z</time>
      </trkpt>
      <trkpt lat="23.061976" lon="113.278638">
        <time>2026-08-07T22:38:47Z</time>
      </trkpt>
      <trkpt lat="23.061974" lon="113.278478">
        <time>2026-08-07T22:38:52Z</time>
      </trkpt>
      <trkpt lat="23.06197" lon="113.278374">
        <time>2026-08-07T22:38:57Z</time>
      </trkpt>
      <trkpt lat="23.061968" lon="113.278271">
        <time>2026-08-07T22:39:02Z</time>
      </trkpt>
      <trkpt lat="23.061961" lon="113.278116">
        <time>2026-08-07T22:39:07Z</time>
      </trkpt>
      <trkpt lat="23.061952" lon="113.277959">
        <time>2026-08-07T22:39:12Z</time>
      </trkpt>
      <trkpt lat="23.061949" lon="113.277851">
        <time>2026-08-07T22:39:17Z</time>
      </trkpt>
      <trkpt lat="23.061964" lon="113.277742">
        <time>2026-08-07T22:39:22Z</time>
      </trkpt>
      <trkpt lat="23.062006" lon="113.277588">
        <time>2026-08-07T22:39:27Z</time>
      </trkpt>
      <trkpt lat="23.062058" lon="113.277436">
        <time>2026-08-07T22:39:32Z</time>
      </trkpt>
      <trkpt lat="23.062094" lon="113.277335">
        <time>2026-08-07T22:39:37Z</time>
      </trkpt>
      <trkpt lat="23.062132" lon="113.277234">
        <time>2026-08-07T22:39:42Z</time>
      </trkpt>
      <trkpt lat="23.062176" lon="113.277079">
        <time>2026-08-07T22:39:47Z</time>
      </trkpt>
      <trkpt lat="23.062233" lon="113.276934">
        <time>2026-08-07T22:39:52Z</time>
      </trkpt>
      <trkpt lat="23.062274" lon="113.276838">
        <time>2026-08-07T22:39:57Z</time>
      </trkpt>
      <trkpt lat="23.062313" lon="113.276742">
        <time>2026-08-07T22:40:02Z</time>
      </trkpt>
      <trkpt lat="23.062368" lon="113.276596">
        <time>2026-08-07T22:40:07Z</time>
      </trkpt>
      <trkpt lat="23.062425" lon="113.276449">
        <time>2026-08-07T22:40:12Z</time>
      </trkpt>
      <trkpt lat="23.06246" lon="113.276352">
        <time>2026-08-07T22:40:17Z</time>
      </trkpt>
      <trkpt lat="23.062496" lon="113.27626">
        <time>2026-08-07T22:40:22Z</time>
      </trkpt>
      <trkpt lat="23.06256" lon="113.276128">
        <time>2026-08-07T22:40:27Z</time>
      </trkpt>
      <trkpt lat="23.062634" lon="113.276001">
        <time>2026-08-07T22:40:32Z</time>
      </trkpt>
      <trkpt lat="23.062696" lon="113.275924">
        <time>2026-08-07T22:40:37Z</time>
      </trkpt>
      <trkpt lat="23.062758" lon="113.275853">
        <time>2026-08-07T22:40:42Z</time>
      </trkpt>
      <trkpt lat="23.062861" lon="113.27575">
        <time>2026-08-07T22:40:47Z</time>
      </trkpt>
      <trkpt lat="23.062965" lon="113.275641">
        <time>2026-08-07T22:40:52Z</time>
      </trkpt>
      <trkpt lat="23.063027" lon="113.275566">
        <time>2026-08-07T22:40:57Z</time>
      </trkpt>
      <trkpt lat="23.063077" lon="113.275489">
        <time>2026-08-07T22:41:02Z</time>
      </trkpt>
      <trkpt lat="23.063148" lon="113.275361">
        <time>2026-08-07T22:41:07Z</time>
      </trkpt>
      <trkpt lat="23.063227" lon="113.275235">
        <time>2026-08-07T22:41:12Z</time>
      </trkpt>
      <trkpt lat="23.063289" lon="113.275155">
        <time>2026-08-07T22:41:17Z</time>
      </trkpt>
      <trkpt lat="23.063342" lon="113.275068">
        <time>2026-08-07T22:41:22Z</time>
      </trkpt>
      <trkpt lat="23.063396" lon="113.274932">
        <time>2026-08-07T22:41:27Z</time>
      </trkpt>
      <trkpt lat="23.063436" lon="113.274802">
        <time>2026-08-07T22:41:32Z</time>
      </trkpt>
      <trkpt lat="23.063466" lon="113.274717">
        <time>2026-08-07T22:41:37Z</time>
      </trkpt>
      <trkpt lat="23.063494" lon="113.274631">
        <time>2026-08-07T22:41:42Z</time>
      </trkpt>
      <trkpt lat="23.063539" lon="113.274499">
        <time>2026-08-07T22:41:47Z</time>
      </trkpt>
      <trkpt lat="23.063598" lon="113.274366">
        <time>2026-08-07T22:41:52Z</time>
      </trkpt>
      <trkpt lat="23.063645" lon="113.274275">
        <time>2026-08-07T22:41:57Z</time>
      </trkpt>
      <trkpt lat="23.063723" lon="113.274211">
        <time>2026-08-07T22:42:02Z</time>
      </trkpt>
      <trkpt lat="23.063833" lon="113.274095">
        <time>2026-08-07T22:42:07Z</time>
      </trkpt>
      <trkpt lat="23.063907" lon="113.273953">
        <time>2026-08-07T22:42:12Z</time>
      </trkpt>
      <trkpt lat="23.063953" lon="113.273864">
        <time>2026-08-07T22:42:17Z</time>
      </trkpt>
      <trkpt lat="23.064007" lon="113.27378">
        <time>2026-08-07T22:42:22Z</time>
      </trkpt>
      <trkpt lat="23.064105" lon="113.273673">
        <time>2026-08-07T22:42:27Z</time>
      </trkpt>
      <trkpt lat="23.064216" lon="113.273582">
        <time>2026-08-07T22:42:32Z</time>
      </trkpt>
      <trkpt lat="23.064295" lon="113.273524">
        <time>2026-08-07T22:42:37Z</time>
      </trkpt>
      <trkpt lat="23.064372" lon="113.273465">
        <time>2026-08-07T22:42:42Z</time>
      </trkpt>
      <trkpt lat="23.064482" lon="113.273376">
        <time>2026-08-07T22:42:47Z</time>
      </trkpt>
      <trkpt lat="23.064564" lon="113.273252">
        <time>2026-08-07T22:42:52Z</time>
      </trkpt>
      <trkpt lat="23.064585" lon="113.273153">
        <time>2026-08-07T22:42:57Z</time>
      </trkpt>
      <trkpt lat="23.064574" lon="113.273049">
        <time>2026-08-07T22:43:02Z</time>
      </trkpt>
      <trkpt lat="23.064523" lon="113.272899">
        <time>2026-08-07T22:43:07Z</time>
      </trkpt>
      <trkpt lat="23.064472" lon="113.272755">
        <time>2026-08-07T22:43:12Z</time>
      </trkpt>
      <trkpt lat="23.064448" lon="113.272658">
        <time>2026-08-07T22:43:17Z</time>
      </trkpt>
      <trkpt lat="23.064455" lon="113.272554">
        <time>2026-08-07T22:43:22Z</time>
      </trkpt>
      <trkpt lat="23.064524" lon="113.272406">
        <time>2026-08-07T22:43:27Z</time>
      </trkpt>
      <trkpt lat="23.06457" lon="113.272251">
        <time>2026-08-07T22:43:32Z</time>
      </trkpt>
      <trkpt lat="23.064596" lon="113.272149">
        <time>2026-08-07T22:43:37Z</time>
      </trkpt>
      <trkpt lat="23.064634" lon="113.272055">
        <time>2026-08-07T22:43:42Z</time>
      </trkpt>
      <trkpt lat="23.064694" lon="113.271925">
        <time>2026-08-07T22:43:47Z</time>
      </trkpt>
      <trkpt lat="23.064758" lon="113.271787">
        <time>2026-08-07T22:43:52Z</time>
      </trkpt>
      <trkpt lat="23.064803" lon="113.2717">
        <time>2026-08-07T22:43:57Z</time>
      </trkpt>
      <trkpt lat="23.064848" lon="113.271613">
        <time>2026-08-07T22:44:02Z</time>
      </trkpt>
      <trkpt lat="23.064909" lon="113.271475">
        <time>2026-08-07T22:44:07Z</time>
      </trkpt>
      <trkpt lat="23.064982" lon="113.271341">
        <time>2026-08-07T22:44:12Z</time>
      </trkpt>
      <trkpt lat="23.065023" lon="113.271245">
        <time>2026-08-07T22:44:17Z</time>
      </trkpt>
      <trkpt lat="23.065061" lon="113.271145">
        <time>2026-08-07T22:44:22Z</time>
      </trkpt>
      <trkpt lat="23.065135" lon="113.271005">
        <time>2026-08-07T22:44:27Z</time>
      </trkpt>
      <trkpt lat="23.065206" lon="113.270868">
        <time>2026-08-07T22:44:32Z</time>
      </trkpt>
      <trkpt lat="23.065248" lon="113.270777">
        <time>2026-08-07T22:44:37Z</time>
      </trkpt>
      <trkpt lat="23.065291" lon="113.270686">
        <time>2026-08-07T22:44:42Z</time>
      </trkpt>
      <trkpt lat="23.06535" lon="113.270542">
        <time>2026-08-07T22:44:47Z</time>
      </trkpt>
      <trkpt lat="23.06541" lon="113.270399">
        <time>2026-08-07T22:44:52Z</time>
      </trkpt>
      <trkpt lat="23.065449" lon="113.270304">
        <time>2026-08-07T22:44:57Z</time>
      </trkpt>
      <trkpt lat="23.065491" lon="113.27021">
        <time>2026-08-07T22:45:02Z</time>
      </trkpt>
      <trkpt lat="23.065541" lon="113.270065">
        <time>2026-08-07T22:45:07Z</time>
      </trkpt>
      <trkpt lat="23.065586" lon="113.26992">
        <time>2026-08-07T22:45:12Z</time>
      </trkpt>
      <trkpt lat="23.065616" lon="113.269827">
        <time>2026-08-07T22:45:17Z</time>
      </trkpt>
      <trkpt lat="23.06565" lon="113.269738">
        <time>2026-08-07T22:45:22Z</time>
      </trkpt>
      <trkpt lat="23.065712" lon="113.269602">
        <time>2026-08-07T22:45:27Z</time>
      </trkpt>
      <trkpt lat="23.065753" lon="113.269446">
        <time>2026-08-07T22:45:32Z</time>
      </trkpt>
      <trkpt lat="23.065774" lon="113.26934">
        <time>2026-08-07T22:45:37Z</time>
      </trkpt>
      <trkpt lat="23.065803" lon="113.269238">
        <time>2026-08-07T22:45:42Z</time>
      </trkpt>
      <trkpt lat="23.065846" lon="113.269092">
        <time>2026-08-07T22:45:47Z</time>
      </trkpt>
      <trkpt lat="23.065899" lon="113.268951">
        <time>2026-08-07T22:45:52Z</time>
      </trkpt>
      <trkpt lat="23.065936" lon="113.268864">
        <time>2026-08-07T22:45:57Z</time>
      </trkpt>
      <trkpt lat="23.065972" lon="113.268769">
        <time>2026-08-07T22:46:02Z</time>
      </trkpt>
      <trkpt lat="23.066034" lon="113.268638">
        <time>2026-08-07T22:46:07Z</time>
      </trkpt>
      <trkpt lat="23.066101" lon="113.26851">
        <time>2026-08-07T22:46:12Z</time>
      </trkpt>
      <trkpt lat="23.066151" lon="113.26843">
        <time>2026-08-07T22:46:17Z</time>
      </trkpt>
      <trkpt lat="23.066206" lon="113.268348">
        <time>2026-08-07T22:46:22Z</time>
      </trkpt>
      <trkpt lat="23.066307" lon="113.268224">
        <time>2026-08-07T22:46:27Z</time>
      </trkpt>
      <trkpt lat="23.066425" lon="113.268145">
        <time>2026-08-07T22:46:32Z</time>
      </trkpt>
      <trkpt lat="23.066519" lon="113.268136">
        <time>2026-08-07T22:46:37Z</time>
      </trkpt>
      <trkpt lat="23.066613" lon="113.268144">
        <time>2026-08-07T22:46:42Z</time>
      </trkpt>
      <trkpt lat="23.066646" lon="113.268033">
        <time>2026-08-07T22:46:47Z</time>
      </trkpt>
      <trkpt lat="23.066507" lon="113.267953">
        <time>2026-08-07T22:46:52Z</time>
      </trkpt>
      <trkpt lat="23.066401" lon="113.267943">
        <time>2026-08-07T22:46:57Z</time>
      </trkpt>
      <trkpt lat="23.066299" lon="113.26796">
        <time>2026-08-07T22:47:02Z</time>
      </trkpt>
      <trkpt lat="23.06617" lon="113.268042">
        <time>2026-08-07T22:47:07Z</time>
      </trkpt>
      <trkpt lat="23.066061" lon="113.268155">
        <time>2026-08-07T22:47:12Z</time>
      </trkpt>
      <trkpt lat="23.065994" lon="113.268233">
        <time>2026-08-07T22:47:17Z</time>
      </trkpt>
      <trkpt lat="23.065935" lon="113.268314">
        <time>2026-08-07T22:47:22Z</time>
      </trkpt>
      <trkpt lat="23.06585" lon="113.268442">
        <time>2026-08-07T22:47:27Z</time>
      </trkpt>
      <trkpt lat="23.065778" lon="113.268569">
        <time>2026-08-07T22:47:32Z</time>
      </trkpt>
      <trkpt lat="23.065735" lon="113.268662">
        <time>2026-08-07T22:47:37Z</time>
      </trkpt>
      <trkpt lat="23.065692" lon="113.268759">
        <time>2026-08-07T22:47:42Z</time>
      </trkpt>
      <trkpt lat="23.065636" lon="113.268904">
        <time>2026-08-07T22:47:47Z</time>
      </trkpt>
      <trkpt lat="23.065591" lon="113.269052">
        <time>2026-08-07T22:47:52Z</time>
      </trkpt>
      <trkpt lat="23.065564" lon="113.269147">
        <time>2026-08-07T22:47:57Z</time>
      </trkpt>
      <trkpt lat="23.065535" lon="113.269241">
        <time>2026-08-07T22:48:02Z</time>
      </trkpt>
      <trkpt lat="23.065495" lon="113.269382">
        <time>2026-08-07T22:48:07Z</time>
      </trkpt>
      <trkpt lat="23.065457" lon="113.26953">
        <time>2026-08-07T22:48:12Z</time>
      </trkpt>
      <trkpt lat="23.065432" lon="113.269631">
        <time>2026-08-07T22:48:17Z</time>
      </trkpt>
      <trkpt lat="23.065416" lon="113.269732">
        <time>2026-08-07T22:48:22Z</time>
      </trkpt>
      <trkpt lat="23.06537" lon="113.269881">
        <time>2026-08-07T22:48:27Z</time>
      </trkpt>
      <trkpt lat="23.065311" lon="113.270029">
        <time>2026-08-07T22:48:32Z</time>
      </trkpt>
      <trkpt lat="23.065272" lon="113.270124">
        <time>2026-08-07T22:48:37Z</time>
      </trkpt>
      <trkpt lat="23.065229" lon="113.270221">
        <time>2026-08-07T22:48:42Z</time>
      </trkpt>
      <trkpt lat="23.065162" lon="113.270362">
        <time>2026-08-07T22:48:47Z</time>
      </trkpt>
      <trkpt lat="23.065095" lon="113.2705">
        <time>2026-08-07T22:48:52Z</time>
      </trkpt>
      <trkpt lat="23.065051" lon="113.270589">
        <time>2026-08-07T22:48:57Z</time>
      </trkpt>
      <trkpt lat="23.06501" lon="113.270683">
        <time>2026-08-07T22:49:02Z</time>
      </trkpt>
      <trkpt lat="23.06495" lon="113.270826">
        <time>2026-08-07T22:49:07Z</time>
      </trkpt>
      <trkpt lat="23.064887" lon="113.270964">
        <time>2026-08-07T22:49:12Z</time>
      </trkpt>
      <trkpt lat="23.064848" lon="113.271055">
        <time>2026-08-07T22:49:17Z</time>
      </trkpt>
      <trkpt lat="23.064807" lon="113.271148">
        <time>2026-08-07T22:49:22Z</time>
      </trkpt>
      <trkpt lat="23.064742" lon="113.27129">
        <time>2026-08-07T22:49:27Z</time>
      </trkpt>
      <trkpt lat="23.064676" lon="113.271432">
        <time>2026-08-07T22:49:32Z</time>
      </trkpt>
      <trkpt lat="23.064632" lon="113.271522">
        <time>2026-08-07T22:49:37Z</time>
      </trkpt>
      <trkpt lat="23.064587" lon="113.271614">
        <time>2026-08-07T22:49:42Z</time>
      </trkpt>
      <trkpt lat="23.064522" lon="113.271751">
        <time>2026-08-07T22:49:47Z</time>
      </trkpt>
      <trkpt lat="23.06445" lon="113.271885">
        <time>2026-08-07T22:49:52Z</time>
      </trkpt>
      <trkpt lat="23.064404" lon="113.271982">
        <time>2026-08-07T22:49:57Z</time>
      </trkpt>
      <trkpt lat="23.064361" lon="113.272079">
        <time>2026-08-07T22:50:02Z</time>
      </trkpt>
      <trkpt lat="23.064309" lon="113.272226">
        <time>2026-08-07T22:50:07Z</time>
      </trkpt>
      <trkpt lat="23.064299" lon="113.272377">
        <time>2026-08-07T22:50:12Z</time>
      </trkpt>
      <trkpt lat="23.064295" lon="113.272476">
        <time>2026-08-07T22:50:17Z</time>
      </trkpt>
      <trkpt lat="23.064301" lon="113.272577">
        <time>2026-08-07T22:50:22Z</time>
      </trkpt>
      <trkpt lat="23.064337" lon="113.272729">
        <time>2026-08-07T22:50:27Z</time>
      </trkpt>
      <trkpt lat="23.064387" lon="113.272881">
        <time>2026-08-07T22:50:32Z</time>
      </trkpt>
      <trkpt lat="23.064416" lon="113.272979">
        <time>2026-08-07T22:50:37Z</time>
      </trkpt>
      <trkpt lat="23.064447" lon="113.273071">
        <time>2026-08-07T22:50:42Z</time>
      </trkpt>
      <trkpt lat="23.064458" lon="113.273214">
        <time>2026-08-07T22:50:47Z</time>
      </trkpt>
      <trkpt lat="23.064388" lon="113.273336">
        <time>2026-08-07T22:50:52Z</time>
      </trkpt>
      <trkpt lat="23.064305" lon="113.273396">
        <time>2026-08-07T22:50:57Z</time>
      </trkpt>
      <trkpt lat="23.064221" lon="113.273451">
        <time>2026-08-07T22:51:02Z</time>
      </trkpt>
      <trkpt lat="23.064107" lon="113.273534">
        <time>2026-08-07T22:51:07Z</time>
      </trkpt>
      <trkpt lat="23.063995" lon="113.27363">
        <time>2026-08-07T22:51:12Z</time>
      </trkpt>
      <trkpt lat="23.063923" lon="113.273704">
        <time>2026-08-07T22:51:17Z</time>
      </trkpt>
      <trkpt lat="23.063863" lon="113.273789">
        <time>2026-08-07T22:51:22Z</time>
      </trkpt>
      <trkpt lat="23.063793" lon="113.273923">
        <time>2026-08-07T22:51:27Z</time>
      </trkpt>
      <trkpt lat="23.063719" lon="113.274042">
        <time>2026-08-07T22:51:32Z</time>
      </trkpt>
      <trkpt lat="23.063654" lon="113.274102">
        <time>2026-08-07T22:51:37Z</time>
      </trkpt>
      <trkpt lat="23.063579" lon="113.274155">
        <time>2026-08-07T22:51:42Z</time>
      </trkpt>
      <trkpt lat="23.063498" lon="113.274293">
        <time>2026-08-07T22:51:47Z</time>
      </trkpt>
      <trkpt lat="23.063434" lon="113.274459">
        <time>2026-08-07T22:51:52Z</time>
      </trkpt>
      <trkpt lat="23.063391" lon="113.274566">
        <time>2026-08-07T22:51:57Z</time>
      </trkpt>
      <trkpt lat="23.063347" lon="113.274674">
        <time>2026-08-07T22:52:02Z</time>
      </trkpt>
      <trkpt lat="23.063295" lon="113.274825">
        <time>2026-08-07T22:52:07Z</time>
      </trkpt>
      <trkpt lat="23.063242" lon="113.274981">
        <time>2026-08-07T22:52:12Z</time>
      </trkpt>
      <trkpt lat="23.063197" lon="113.275083">
        <time>2026-08-07T22:52:17Z</time>
      </trkpt>
      <trkpt lat="23.063146" lon="113.275177">
        <time>2026-08-07T22:52:22Z</time>
      </trkpt>
      <trkpt lat="23.063067" lon="113.27531">
        <time>2026-08-07T22:52:27Z</time>
      </trkpt>
      <trkpt lat="23.062989" lon="113.275433">
        <time>2026-08-07T22:52:32Z</time>
      </trkpt>
      <trkpt lat="23.062932" lon="113.275515">
        <time>2026-08-07T22:52:37Z</time>
      </trkpt>
      <trkpt lat="23.062867" lon="113.275593">
        <time>2026-08-07T22:52:42Z</time>
      </trkpt>
      <trkpt lat="23.062755" lon="113.275707">
        <time>2026-08-07T22:52:47Z</time>
      </trkpt>
      <trkpt lat="23.062638" lon="113.275829">
        <time>2026-08-07T22:52:52Z</time>
      </trkpt>
      <trkpt lat="23.062569" lon="113.275914">
        <time>2026-08-07T22:52:57Z</time>
      </trkpt>
      <trkpt lat="23.062509" lon="113.276001">
        <time>2026-08-07T22:53:02Z</time>
      </trkpt>
      <trkpt lat="23.06243" lon="113.276144">
        <time>2026-08-07T22:53:07Z</time>
      </trkpt>
      <trkpt lat="23.062367" lon="113.27629">
        <time>2026-08-07T22:53:12Z</time>
      </trkpt>
      <trkpt lat="23.062334" lon="113.276392">
        <time>2026-08-07T22:53:17Z</time>
      </trkpt>
      <trkpt lat="23.062299" lon="113.276496">
        <time>2026-08-07T22:53:22Z</time>
      </trkpt>
      <trkpt lat="23.062247" lon="113.276648">
        <time>2026-08-07T22:53:27Z</time>
      </trkpt>
      <trkpt lat="23.062188" lon="113.276792">
        <time>2026-08-07T22:53:32Z</time>
      </trkpt>
      <trkpt lat="23.062148" lon="113.276894">
        <time>2026-08-07T22:53:37Z</time>
      </trkpt>
      <trkpt lat="23.062112" lon="113.276998">
        <time>2026-08-07T22:53:42Z</time>
      </trkpt>
      <trkpt lat="23.06205" lon="113.277169">
        <time>2026-08-07T22:53:47Z</time>
      </trkpt>
      <trkpt lat="23.061988" lon="113.277336">
        <time>2026-08-07T22:53:52Z</time>
      </trkpt>
      <trkpt lat="23.061944" lon="113.277444">
        <time>2026-08-07T22:53:57Z</time>
      </trkpt>
      <trkpt lat="23.061905" lon="113.277549">
        <time>2026-08-07T22:54:02Z</time>
      </trkpt>
      <trkpt lat="23.061845" lon="113.277707">
        <time>2026-08-07T22:54:07Z</time>
      </trkpt>
      <trkpt lat="23.061816" lon="113.277869">
        <time>2026-08-07T22:54:12Z</time>
      </trkpt>
      <trkpt lat="23.061815" lon="113.27797">
        <time>2026-08-07T22:54:17Z</time>
      </trkpt>
      <trkpt lat="23.061823" lon="113.278066">
        <time>2026-08-07T22:54:22Z</time>
      </trkpt>
      <trkpt lat="23.061832" lon="113.278205">
        <time>2026-08-07T22:54:27Z</time>
      </trkpt>
      <trkpt lat="23.061841" lon="113.278347">
        <time>2026-08-07T22:54:32Z</time>
      </trkpt>
      <trkpt lat="23.061848" lon="113.27845">
        <time>2026-08-07T22:54:37Z</time>
      </trkpt>
      <trkpt lat="23.061854" lon="113.278556">
        <time>2026-08-07T22:54:42Z</time>
      </trkpt>
      <trkpt lat="23.061836" lon="113.278703">
        <time>2026-08-07T22:54:47Z</time>
      </trkpt>
      <trkpt lat="23.06177" lon="113.278749">
        <time>2026-08-07T22:54:52Z</time>
      </trkpt>
      <trkpt lat="23.061714" lon="113.278785">
        <time>2026-08-07T22:54:57Z</time>
      </trkpt>
      <trkpt lat="23.061679" lon="113.278855">
        <time>2026-08-07T22:55:02Z</time>
      </trkpt>
      <trkpt lat="23.061638" lon="113.278958">
        <time>2026-08-07T22:55:07Z</time>
      </trkpt>
      <trkpt lat="23.061614" lon="113.279024">
        <time>2026-08-07T22:55:12Z</time>
      </trkpt>
      <trkpt lat="23.06163" lon="113.279047">
        <time>2026-08-07T22:55:17Z</time>
      </trkpt>
      <trkpt lat="23.061655" lon="113.279025">
        <time>2026-08-07T22:55:22Z</time>
      </trkpt>
      <trkpt lat="23.061633" lon="113.279017">
        <time>2026-08-07T22:55:27Z</time>
      </trkpt>
      <trkpt lat="23.061601" lon="113.2791">
        <time>2026-08-07T22:55:32Z</time>
      </trkpt>
      <trkpt lat="23.06158" lon="113.279193">
        <time>2026-08-07T22:55:37Z</time>
      </trkpt>
      <trkpt lat="23.061546" lon="113.279283">
        <time>2026-08-07T22:55:42Z</time>
      </trkpt>
      <trkpt lat="23.061474" lon="113.279423">
        <time>2026-08-07T22:55:47Z</time>
      </trkpt>
      <trkpt lat="23.061408" lon="113.279573">
        <time>2026-08-07T22:55:52Z</time>
      </trkpt>
      <trkpt lat="23.061369" lon="113.279675">
        <time>2026-08-07T22:55:57Z</time>
      </trkpt>
      <trkpt lat="23.061327" lon="113.279771">
        <time>2026-08-07T22:56:02Z</time>
      </trkpt>
      <trkpt lat="23.061257" lon="113.279917">
        <time>2026-08-07T22:56:07Z</time>
      </trkpt>
      <trkpt lat="23.061189" lon="113.280072">
        <time>2026-08-07T22:56:12Z</time>
      </trkpt>
      <trkpt lat="23.061141" lon="113.280174">
        <time>2026-08-07T22:56:17Z</time>
      </trkpt>
      <trkpt lat="23.061097" lon="113.280275">
        <time>2026-08-07T22:56:22Z</time>
      </trkpt>
      <trkpt lat="23.061043" lon="113.280431">
        <time>2026-08-07T22:56:27Z</time>
      </trkpt>
      <trkpt lat="23.060973" lon="113.280577">
        <time>2026-08-07T22:56:32Z</time>
      </trkpt>
      <trkpt lat="23.060925" lon="113.280677">
        <time>2026-08-07T22:56:37Z</time>
      </trkpt>
      <trkpt lat="23.060886" lon="113.280789">
        <time>2026-08-07T22:56:42Z</time>
      </trkpt>
      <trkpt lat="23.060823" lon="113.280945">
        <time>2026-08-07T22:56:47Z</time>
      </trkpt>
      <trkpt lat="23.060768" lon="113.281094">
        <time>2026-08-07T22:56:52Z</time>
      </trkpt>
      <trkpt lat="23.06073" lon="113.28119">
        <time>2026-08-07T22:56:57Z</time>
      </trkpt>
      <trkpt lat="23.060688" lon="113.281287">
        <time>2026-08-07T22:57:02Z</time>
      </trkpt>
      <trkpt lat="23.060627" lon="113.281434">
        <time>2026-08-07T22:57:07Z</time>
      </trkpt>
      <trkpt lat="23.060566" lon="113.28158">
        <time>2026-08-07T22:57:12Z</time>
      </trkpt>
      <trkpt lat="23.060528" lon="113.281678">
        <time>2026-08-07T22:57:17Z</time>
      </trkpt>
      <trkpt lat="23.060493" lon="113.28178">
        <time>2026-08-07T22:57:22Z</time>
      </trkpt>
      <trkpt lat="23.060434" lon="113.281926">
        <time>2026-08-07T22:57:27Z</time>
      </trkpt>
      <trkpt lat="23.060361" lon="113.282066">
        <time>2026-08-07T22:57:32Z</time>
      </trkpt>
      <trkpt lat="23.060309" lon="113.282159">
        <time>2026-08-07T22:57:37Z</time>
      </trkpt>
      <trkpt lat="23.060262" lon="113.282255">
        <time>2026-08-07T22:57:42Z</time>
      </trkpt>
      <trkpt lat="23.060194" lon="113.282398">
        <time>2026-08-07T22:57:47Z</time>
      </trkpt>
      <trkpt lat="23.060126" lon="113.282536">
        <time>2026-08-07T22:57:52Z</time>
      </trkpt>
      <trkpt lat="23.060091" lon="113.282636">
        <time>2026-08-07T22:57:57Z</time>
      </trkpt>
      <trkpt lat="23.06005" lon="113.282728">
        <time>2026-08-07T22:58:02Z</time>
      </trkpt>
      <trkpt lat="23.059995" lon="113.282863">
        <time>2026-08-07T22:58:07Z</time>
      </trkpt>
      <trkpt lat="23.059944" lon="113.283002">
        <time>2026-08-07T22:58:12Z</time>
      </trkpt>
      <trkpt lat="23.059901" lon="113.283094">
        <time>2026-08-07T22:58:17Z</time>
      </trkpt>
      <trkpt lat="23.059856" lon="113.283186">
        <time>2026-08-07T22:58:22Z</time>
      </trkpt>
      <trkpt lat="23.059808" lon="113.283329">
        <time>2026-08-07T22:58:27Z</time>
      </trkpt>
      <trkpt lat="23.059886" lon="113.283396">
        <time>2026-08-07T22:58:32Z</time>
      </trkpt>
      <trkpt lat="23.059956" lon="113.283334">
        <time>2026-08-07T22:58:37Z</time>
      </trkpt>
      <trkpt lat="23.060005" lon="113.28325">
        <time>2026-08-07T22:58:42Z</time>
      </trkpt>
      <trkpt lat="23.060062" lon="113.283117">
        <time>2026-08-07T22:58:47Z</time>
      </trkpt>
      <trkpt lat="23.060128" lon="113.282981">
        <time>2026-08-07T22:58:52Z</time>
      </trkpt>
      <trkpt lat="23.060173" lon="113.282894">
        <time>2026-08-07T22:58:57Z</time>
      </trkpt>
      <trkpt lat="23.060213" lon="113.282798">
        <time>2026-08-07T22:59:02Z</time>
      </trkpt>
      <trkpt lat="23.060277" lon="113.282663">
        <time>2026-08-07T22:59:07Z</time>
      </trkpt>
      <trkpt lat="23.060335" lon="113.282523">
        <time>2026-08-07T22:59:12Z</time>
      </trkpt>
      <trkpt lat="23.060368" lon="113.282424">
        <time>2026-08-07T22:59:17Z</time>
      </trkpt>
      <trkpt lat="23.060404" lon="113.28233">
        <time>2026-08-07T22:59:22Z</time>
      </trkpt>
      <trkpt lat="23.060462" lon="113.282192">
        <time>2026-08-07T22:59:27Z</time>
      </trkpt>
      <trkpt lat="23.060524" lon="113.282055">
        <time>2026-08-07T22:59:32Z</time>
      </trkpt>
      <trkpt lat="23.060567" lon="113.281963">
        <time>2026-08-07T22:59:37Z</time>
      </trkpt>
      <trkpt lat="23.060606" lon="113.281867">
        <time>2026-08-07T22:59:42Z</time>
      </trkpt>
      <trkpt lat="23.060663" lon="113.281728">
        <time>2026-08-07T22:59:47Z</time>
      </trkpt>
      <trkpt lat="23.060722" lon="113.281593">
        <time>2026-08-07T22:59:52Z</time>
      </trkpt>
      <trkpt lat="23.060755" lon="113.281511">
        <time>2026-08-07T22:59:57Z</time>
      </trkpt>
      <trkpt lat="23.060789" lon="113.281424">
        <time>2026-08-07T23:00:02Z</time>
      </trkpt>
      <trkpt lat="23.060848" lon="113.281279">
        <time>2026-08-07T23:00:07Z</time>
      </trkpt>
      <trkpt lat="23.060907" lon="113.281133">
        <time>2026-08-07T23:00:12Z</time>
      </trkpt>
      <trkpt lat="23.060945" lon="113.281036">
        <time>2026-08-07T23:00:17Z</time>
      </trkpt>
      <trkpt lat="23.060981" lon="113.280937">
        <time>2026-08-07T23:00:22Z</time>
      </trkpt>
      <trkpt lat="23.061048" lon="113.280793">
        <time>2026-08-07T23:00:27Z</time>
      </trkpt>
      <trkpt lat="23.061118" lon="113.280654">
        <time>2026-08-07T23:00:32Z</time>
      </trkpt>
      <trkpt lat="23.061161" lon="113.280559">
        <time>2026-08-07T23:00:37Z</time>
      </trkpt>
      <trkpt lat="23.061207" lon="113.280467">
        <time>2026-08-07T23:00:42Z</time>
      </trkpt>
      <trkpt lat="23.061276" lon="113.280332">
        <time>2026-08-07T23:00:47Z</time>
      </trkpt>
      <trkpt lat="23.06134" lon="113.280208">
        <time>2026-08-07T23:00:52Z</time>
      </trkpt>
      <trkpt lat="23.061383" lon="113.280126">
        <time>2026-08-07T23:00:57Z</time>
      </trkpt>
      <trkpt lat="23.061415" lon="113.280039">
        <time>2026-08-07T23:01:02Z</time>
      </trkpt>
      <trkpt lat="23.061461" lon="113.279897">
        <time>2026-08-07T23:01:07Z</time>
      </trkpt>
      <trkpt lat="23.06151" lon="113.279752">
        <time>2026-08-07T23:01:12Z</time>
      </trkpt>
      <trkpt lat="23.061545" lon="113.27966">
        <time>2026-08-07T23:01:17Z</time>
      </trkpt>
      <trkpt lat="23.061579" lon="113.27957">
        <time>2026-08-07T23:01:22Z</time>
      </trkpt>
      <trkpt lat="23.061631" lon="113.279435">
        <time>2026-08-07T23:01:27Z</time>
      </trkpt>
      <trkpt lat="23.061682" lon="113.279299">
        <time>2026-08-07T23:01:32Z</time>
      </trkpt>
      <trkpt lat="23.061719" lon="113.279209">
        <time>2026-08-07T23:01:37Z</time>
      </trkpt>
      <trkpt lat="23.061765" lon="113.279122">
        <time>2026-08-07T23:01:42Z</time>
      </trkpt>
      <trkpt lat="23.06184" lon="113.279">
        <time>2026-08-07T23:01:47Z</time>
      </trkpt>
      <trkpt lat="23.061924" lon="113.278884">
        <time>2026-08-07T23:01:52Z</time>
      </trkpt>
      <trkpt lat="23.06196" lon="113.278786">
        <time>2026-08-07T23:01:57Z</time>
      </trkpt>
      <trkpt lat="23.061972" lon="113.278681">
        <time>2026-08-07T23:02:02Z</time>
      </trkpt>
      <trkpt lat="23.061968" lon="113.278517">
        <time>2026-08-07T23:02:07Z</time>
      </trkpt>
      <trkpt lat="23.061956" lon="113.278358">
        <time>2026-08-07T23:02:12Z</time>
      </trkpt>
      <trkpt lat="23.061954" lon="113.278252">
        <time>2026-08-07T23:02:17Z</time>
      </trkpt>
      <trkpt lat="23.061955" lon="113.278141">
        <time>2026-08-07T23:02:22Z</time>
      </trkpt>
      <trkpt lat="23.061946" lon="113.277983">
        <time>2026-08-07T23:02:27Z</time>
      </trkpt>
      <trkpt lat="23.061942" lon="113.27783">
        <time>2026-08-07T23:02:32Z</time>
      </trkpt>
      <trkpt lat="23.061956" lon="113.277725">
        <time>2026-08-07T23:02:37Z</time>
      </trkpt>
      <trkpt lat="23.061988" lon="113.277624">
        <time>2026-08-07T23:02:42Z</time>
      </trkpt>
      <trkpt lat="23.062048" lon="113.277477">
        <time>2026-08-07T23:02:47Z</time>
      </trkpt>
      <trkpt lat="23.062104" lon="113.27733">
        <time>2026-08-07T23:02:52Z</time>
      </trkpt>
      <trkpt lat="23.062142" lon="113.277234">
        <time>2026-08-07T23:02:57Z</time>
      </trkpt>
      <trkpt lat="23.062175" lon="113.277139">
        <time>2026-08-07T23:03:02Z</time>
      </trkpt>
      <trkpt lat="23.062221" lon="113.277003">
        <time>2026-08-07T23:03:07Z</time>
      </trkpt>
      <trkpt lat="23.062272" lon="113.276861">
        <time>2026-08-07T23:03:12Z</time>
      </trkpt>
      <trkpt lat="23.062309" lon="113.276765">
        <time>2026-08-07T23:03:17Z</time>
      </trkpt>
      <trkpt lat="23.062345" lon="113.27667">
        <time>2026-08-07T23:03:22Z</time>
      </trkpt>
      <trkpt lat="23.062402" lon="113.276531">
        <time>2026-08-07T23:03:27Z</time>
      </trkpt>
      <trkpt lat="23.062454" lon="113.276395">
        <time>2026-08-07T23:03:32Z</time>
      </trkpt>
      <trkpt lat="23.062487" lon="113.276299">
        <time>2026-08-07T23:03:37Z</time>
      </trkpt>
      <trkpt lat="23.062526" lon="113.276207">
        <time>2026-08-07T23:03:42Z</time>
      </trkpt>
      <trkpt lat="23.062597" lon="113.276074">
        <time>2026-08-07T23:03:47Z</time>
      </trkpt>
      <trkpt lat="23.06268" lon="113.275951">
        <time>2026-08-07T23:03:52Z</time>
      </trkpt>
      <trkpt lat="23.062744" lon="113.275871">
        <time>2026-08-07T23:03:57Z</time>
      </trkpt>
      <trkpt lat="23.062815" lon="113.275796">
        <time>2026-08-07T23:04:02Z</time>
      </trkpt>
      <trkpt lat="23.06293" lon="113.275689">
        <time>2026-08-07T23:04:07Z</time>
      </trkpt>
      <trkpt lat="23.063032" lon="113.275577">
        <time>2026-08-07T23:04:12Z</time>
      </trkpt>
      <trkpt lat="23.063084" lon="113.275493">
        <time>2026-08-07T23:04:17Z</time>
      </trkpt>
      <trkpt lat="23.063131" lon="113.275405">
        <time>2026-08-07T23:04:22Z</time>
      </trkpt>
      <trkpt lat="23.06321" lon="113.275276">
        <time>2026-08-07T23:04:27Z</time>
      </trkpt>
      <trkpt lat="23.063303" lon="113.275142">
        <time>2026-08-07T23:04:32Z</time>
      </trkpt>
      <trkpt lat="23.063357" lon="113.27505">
        <time>2026-08-07T23:04:37Z</time>
      </trkpt>
      <trkpt lat="23.063389" lon="113.274954">
        <time>2026-08-07T23:04:42Z</time>
      </trkpt>
      <trkpt lat="23.063426" lon="113.274805">
        <time>2026-08-07T23:04:47Z</time>
      </trkpt>
      <trkpt lat="23.063479" lon="113.274663">
        <time>2026-08-07T23:04:52Z</time>
      </trkpt>
      <trkpt lat="23.063514" lon="113.274571">
        <time>2026-08-07T23:04:57Z</time>
      </trkpt>
      <trkpt lat="23.063543" lon="113.274477">
        <time>2026-08-07T23:05:02Z</time>
      </trkpt>
      <trkpt lat="23.063584" lon="113.274354">
        <time>2026-08-07T23:05:07Z</time>
      </trkpt>
      <trkpt lat="23.063659" lon="113.274242">
        <time>2026-08-07T23:05:12Z</time>
      </trkpt>
      <trkpt lat="23.063745" lon="113.274178">
        <time>2026-08-07T23:05:17Z</time>
      </trkpt>
      <trkpt lat="23.06382" lon="113.274102">
        <time>2026-08-07T23:05:22Z</time>
      </trkpt>
      <trkpt lat="23.063896" lon="113.273971">
        <time>2026-08-07T23:05:27Z</time>
      </trkpt>
      <trkpt lat="23.063969" lon="113.273843">
        <time>2026-08-07T23:05:32Z</time>
      </trkpt>
      <trkpt lat="23.064023" lon="113.273764">
        <time>2026-08-07T23:05:37Z</time>
      </trkpt>
      <trkpt lat="23.064085" lon="113.273696">
        <time>2026-08-07T23:05:42Z</time>
      </trkpt>
      <trkpt lat="23.064197" lon="113.273608">
        <time>2026-08-07T23:05:47Z</time>
      </trkpt>
      <trkpt lat="23.064308" lon="113.27352">
        <time>2026-08-07T23:05:52Z</time>
      </trkpt>
      <trkpt lat="23.064382" lon="113.273456">
        <time>2026-08-07T23:05:57Z</time>
      </trkpt>
      <trkpt lat="23.064454" lon="113.273393">
        <time>2026-08-07T23:06:02Z</time>
      </trkpt>
      <trkpt lat="23.064549" lon="113.273276">
        <time>2026-08-07T23:06:07Z</time>
      </trkpt>
      <trkpt lat="23.064584" lon="113.27313">
        <time>2026-08-07T23:06:12Z</time>
      </trkpt>
      <trkpt lat="23.064567" lon="113.273027">
        <time>2026-08-07T23:06:17Z</time>
      </trkpt>
      <trkpt lat="23.064531" lon="113.272928">
        <time>2026-08-07T23:06:22Z</time>
      </trkpt>
      <trkpt lat="23.064476" lon="113.272777">
        <time>2026-08-07T23:06:27Z</time>
      </trkpt>
      <trkpt lat="23.064438" lon="113.272625">
        <time>2026-08-07T23:06:32Z</time>
      </trkpt>
      <trkpt lat="23.064455" lon="113.272524">
        <time>2026-08-07T23:06:37Z</time>
      </trkpt>
      <trkpt lat="23.064525" lon="113.272459">
        <time>2026-08-07T23:06:42Z</time>
      </trkpt>
      <trkpt lat="23.064671" lon="113.272488">
        <time>2026-08-07T23:06:47Z</time>
      </trkpt>
      <trkpt lat="23.064802" lon="113.272537">
        <time>2026-08-07T23:06:52Z</time>
      </trkpt>
      <trkpt lat="23.064888" lon="113.272567">
        <time>2026-08-07T23:06:57Z</time>
      </trkpt>
      <trkpt lat="23.064978" lon="113.272597">
        <time>2026-08-07T23:07:02Z</time>
      </trkpt>
      <trkpt lat="23.065117" lon="113.272639">
        <time>2026-08-07T23:07:07Z</time>
      </trkpt>
      <trkpt lat="23.065244" lon="113.272682">
        <time>2026-08-07T23:07:12Z</time>
      </trkpt>
      <trkpt lat="23.065326" lon="113.272704">
        <time>2026-08-07T23:07:17Z</time>
      </trkpt>
      <trkpt lat="23.065408" lon="113.272723">
        <time>2026-08-07T23:07:22Z</time>
      </trkpt>
      <trkpt lat="23.065543" lon="113.272759">
        <time>2026-08-07T23:07:27Z</time>
      </trkpt>
      <trkpt lat="23.065691" lon="113.272806">
        <time>2026-08-07T23:07:32Z</time>
      </trkpt>
      <trkpt lat="23.065791" lon="113.27283">
        <time>2026-08-07T23:07:37Z</time>
      </trkpt>
      <trkpt lat="23.065883" lon="113.27285">
        <time>2026-08-07T23:07:42Z</time>
      </trkpt>
      <trkpt lat="23.066023" lon="113.272854">
        <time>2026-08-07T23:07:47Z</time>
      </trkpt>
      <trkpt lat="23.066152" lon="113.27283">
        <time>2026-08-07T23:07:52Z</time>
      </trkpt>
      <trkpt lat="23.06623" lon="113.2728">
        <time>2026-08-07T23:07:57Z</time>
      </trkpt>
      <trkpt lat="23.066303" lon="113.272748">
        <time>2026-08-07T23:08:02Z</time>
      </trkpt>
      <trkpt lat="23.066403" lon="113.272653">
        <time>2026-08-07T23:08:07Z</time>
      </trkpt>
      <trkpt lat="23.066422" lon="113.272525">
        <time>2026-08-07T23:08:12Z</time>
      </trkpt>
      <trkpt lat="23.066432" lon="113.272433">
        <time>2026-08-07T23:08:17Z</time>
      </trkpt>
      <trkpt lat="23.066435" lon="113.272338">
        <time>2026-08-07T23:08:22Z</time>
      </trkpt>
      <trkpt lat="23.066443" lon="113.272203">
        <time>2026-08-07T23:08:27Z</time>
      </trkpt>
      <trkpt lat="23.066477" lon="113.272054">
        <time>2026-08-07T23:08:32Z</time>
      </trkpt>
      <trkpt lat="23.066484" lon="113.271953">
        <time>2026-08-07T23:08:37Z</time>
      </trkpt>
      <trkpt lat="23.066483" lon="113.271855">
        <time>2026-08-07T23:08:42Z</time>
      </trkpt>
      <trkpt lat="23.066465" lon="113.271725">
        <time>2026-08-07T23:08:47Z</time>
      </trkpt>
      <trkpt lat="23.066478" lon="113.271577">
        <time>2026-08-07T23:08:52Z</time>
      </trkpt>
      <trkpt lat="23.066445" lon="113.271484">
        <time>2026-08-07T23:08:57Z</time>
      </trkpt>
      <trkpt lat="23.066375" lon="113.271412">
        <time>2026-08-07T23:09:02Z</time>
      </trkpt>
      <trkpt lat="23.066248" lon="113.271368">
        <time>2026-08-07T23:09:07Z</time>
      </trkpt>
      <trkpt lat="23.066103" lon="113.27133">
        <time>2026-08-07T23:09:12Z</time>
      </trkpt>
      <trkpt lat="23.065998" lon="113.271318">
        <time>2026-08-07T23:09:17Z</time>
      </trkpt>
      <trkpt lat="23.065915" lon="113.271287">
        <time>2026-08-07T23:09:22Z</time>
      </trkpt>
      <trkpt lat="23.065778" lon="113.271242">
        <time>2026-08-07T23:09:27Z</time>
      </trkpt>
      <trkpt lat="23.065637" lon="113.271187">
        <time>2026-08-07T23:09:32Z</time>
      </trkpt>
      <trkpt lat="23.065547" lon="113.271156">
        <time>2026-08-07T23:09:37Z</time>
      </trkpt>
      <trkpt lat="23.06546" lon="113.271124">
        <time>2026-08-07T23:09:42Z</time>
      </trkpt>
      <trkpt lat="23.065321" lon="113.271084">
        <time>2026-08-07T23:09:47Z</time>
      </trkpt>
      <trkpt lat="23.065189" lon="113.27101">
        <time>2026-08-07T23:09:52Z</time>
      </trkpt>
      <trkpt lat="23.065153" lon="113.270917">
        <time>2026-08-07T23:09:57Z</time>
      </trkpt>
      <trkpt lat="23.065181" lon="113.27082">
        <time>2026-08-07T23:10:02Z</time>
      </trkpt>
      <trkpt lat="23.065262" lon="113.27068">
        <time>2026-08-07T23:10:07Z</time>
      </trkpt>
      <trkpt lat="23.065332" lon="113.270549">
        <time>2026-08-07T23:10:12Z</time>
      </trkpt>
      <trkpt lat="23.065373" lon="113.27046">
        <time>2026-08-07T23:10:17Z</time>
      </trkpt>
      <trkpt lat="23.065417" lon="113.27037">
        <time>2026-08-07T23:10:22Z</time>
      </trkpt>
      <trkpt lat="23.065484" lon="113.27024">
        <time>2026-08-07T23:10:27Z</time>
      </trkpt>
      <trkpt lat="23.06554" lon="113.270104">
        <time>2026-08-07T23:10:32Z</time>
      </trkpt>
      <trkpt lat="23.065571" lon="113.270016">
        <time>2026-08-07T23:10:37Z</time>
      </trkpt>
      <trkpt lat="23.065601" lon="113.269925">
        <time>2026-08-07T23:10:42Z</time>
      </trkpt>
      <trkpt lat="23.065644" lon="113.269787">
        <time>2026-08-07T23:10:47Z</time>
      </trkpt>
      <trkpt lat="23.065689" lon="113.269653">
        <time>2026-08-07T23:10:52Z</time>
      </trkpt>
      <trkpt lat="23.065722" lon="113.269562">
        <time>2026-08-07T23:10:57Z</time>
      </trkpt>
      <trkpt lat="23.065747" lon="113.269464">
        <time>2026-08-07T23:11:02Z</time>
      </trkpt>
      <trkpt lat="23.065774" lon="113.269315">
        <time>2026-08-07T23:11:07Z</time>
      </trkpt>
      <trkpt lat="23.06581" lon="113.269166">
        <time>2026-08-07T23:11:12Z</time>
      </trkpt>
      <trkpt lat="23.065842" lon="113.269069">
        <time>2026-08-07T23:11:17Z</time>
      </trkpt>
      <trkpt lat="23.06588" lon="113.268974">
        <time>2026-08-07T23:11:22Z</time>
      </trkpt>
      <trkpt lat="23.065938" lon="113.268835">
        <time>2026-08-07T23:11:27Z</time>
      </trkpt>
      <trkpt lat="23.065999" lon="113.268692">
        <time>2026-08-07T23:11:32Z</time>
      </trkpt>
      <trkpt lat="23.066047" lon="113.268608">
        <time>2026-08-07T23:11:37Z</time>
      </trkpt>
      <trkpt lat="23.066096" lon="113.26853">
        <time>2026-08-07T23:11:42Z</time>
      </trkpt>
      <trkpt lat="23.066172" lon="113.268408">
        <time>2026-08-07T23:11:47Z</time>
      </trkpt>
      <trkpt lat="23.066261" lon="113.268292">
        <time>2026-08-07T23:11:52Z</time>
      </trkpt>
      <trkpt lat="23.066326" lon="113.26822">
        <time>2026-08-07T23:11:57Z</time>
      </trkpt>
      <trkpt lat="23.066402" lon="113.268168">
        <time>2026-08-07T23:12:02Z</time>
      </trkpt>
      <trkpt lat="23.066529" lon="113.268139">
        <time>2026-08-07T23:12:07Z</time>
      </trkpt>
      <trkpt lat="23.066648" lon="113.268156">
        <time>2026-08-07T23:12:12Z</time>
      </trkpt>
      <trkpt lat="23.066733" lon="113.268162">
        <time>2026-08-07T23:12:17Z</time>
      </trkpt>
      <trkpt lat="23.066827" lon="113.268159">
        <time>2026-08-07T23:12:22Z</time>
      </trkpt>
      <trkpt lat="23.066968" lon="113.268169">
        <time>2026-08-07T23:12:27Z</time>
      </trkpt>
      <trkpt lat="23.067085" lon="113.268225">
        <time>2026-08-07T23:12:32Z</time>
      </trkpt>
      <trkpt lat="23.067154" lon="113.268266">
        <time>2026-08-07T23:12:37Z</time>
      </trkpt>
      <trkpt lat="23.067233" lon="113.268308">
        <time>2026-08-07T23:12:42Z</time>
      </trkpt>
      <trkpt lat="23.067338" lon="113.268375">
        <time>2026-08-07T23:12:47Z</time>
      </trkpt>
      <trkpt lat="23.067445" lon="113.268446">
        <time>2026-08-07T23:12:52Z</time>
      </trkpt>
      <trkpt lat="23.067531" lon="113.268492">
        <time>2026-08-07T23:12:57Z</time>
      </trkpt>
      <trkpt lat="23.067623" lon="113.268529">
        <time>2026-08-07T23:13:02Z</time>
      </trkpt>
      <trkpt lat="23.067759" lon="113.268589">
        <time>2026-08-07T23:13:07Z</time>
      </trkpt>
      <trkpt lat="23.067893" lon="113.268658">
        <time>2026-08-07T23:13:12Z</time>
      </trkpt>
      <trkpt lat="23.06798" lon="113.268703">
        <time>2026-08-07T23:13:17Z</time>
      </trkpt>
      <trkpt lat="23.068066" lon="113.268738">
        <time>2026-08-07T23:13:22Z</time>
      </trkpt>
      <trkpt lat="23.068189" lon="113.268783">
        <time>2026-08-07T23:13:27Z</time>
      </trkpt>
      <trkpt lat="23.068312" lon="113.268816">
        <time>2026-08-07T23:13:32Z</time>
      </trkpt>
      <trkpt lat="23.068397" lon="113.268849">
        <time>2026-08-07T23:13:37Z</time>
      </trkpt>
      <trkpt lat="23.068484" lon="113.268883">
        <time>2026-08-07T23:13:42Z</time>
      </trkpt>
      <trkpt lat="23.068629" lon="113.268954">
        <time>2026-08-07T23:13:47Z</time>
      </trkpt>
      <trkpt lat="23.068743" lon="113.269015">
        <time>2026-08-07T23:13:52Z</time>
      </trkpt>
      <trkpt lat="23.068816" lon="113.269069">
        <time>2026-08-07T23:13:57Z</time>
      </trkpt>
      <trkpt lat="23.068901" lon="113.269112">
        <time>2026-08-07T23:14:02Z</time>
      </trkpt>
      <trkpt lat="23.069042" lon="113.269166">
        <time>2026-08-07T23:14:07Z</time>
      </trkpt>
      <trkpt lat="23.06917" lon="113.269243">
        <time>2026-08-07T23:14:12Z</time>
      </trkpt>
      <trkpt lat="23.069252" lon="113.269284">
        <time>2026-08-07T23:14:17Z</time>
      </trkpt>
      <trkpt lat="23.069339" lon="113.269315">
        <time>2026-08-07T23:14:22Z</time>
      </trkpt>
      <trkpt lat="23.069484" lon="113.269377">
        <time>2026-08-07T23:14:27Z</time>
      </trkpt>
      <trkpt lat="23.069611" lon="113.269442">
        <time>2026-08-07T23:14:32Z</time>
      </trkpt>
      <trkpt lat="23.069693" lon="113.269478">
        <time>2026-08-07T23:14:37Z</time>
      </trkpt>
      <trkpt lat="23.06974" lon="113.26945">
        <time>2026-08-07T23:14:42Z</time>
      </trkpt>
      <trkpt lat="23.06965" lon="113.269361">
        <time>2026-08-07T23:14:47Z</time>
      </trkpt>
      <trkpt lat="23.069521" lon="113.269284">
        <time>2026-08-07T23:14:52Z</time>
      </trkpt>
      <trkpt lat="23.06944" lon="113.269234">
        <time>2026-08-07T23:14:57Z</time>
      </trkpt>
      <trkpt lat="23.069354" lon="113.269185">
        <time>2026-08-07T23:15:02Z</time>
      </trkpt>
      <trkpt lat="23.069232" lon="113.269114">
        <time>2026-08-07T23:15:07Z</time>
      </trkpt>
      <trkpt lat="23.06911" lon="113.269049">
        <time>2026-08-07T23:15:12Z</time>
      </trkpt>
      <trkpt lat="23.06903" lon="113.26902">
        <time>2026-08-07T23:15:17Z</time>
      </trkpt>
      <trkpt lat="23.068951" lon="113.268985">
        <time>2026-08-07T23:15:22Z</time>
      </trkpt>
      <trkpt lat="23.068841" lon="113.268931">
        <time>2026-08-07T23:15:27Z</time>
      </trkpt>
      <trkpt lat="23.068723" lon="113.268871">
        <time>2026-08-07T23:15:32Z</time>
      </trkpt>
      <trkpt lat="23.068641" lon="113.26883">
        <time>2026-08-07T23:15:37Z</time>
      </trkpt>
      <trkpt lat="23.068562" lon="113.268796">
        <time>2026-08-07T23:15:42Z</time>
      </trkpt>
      <trkpt lat="23.068432" lon="113.268774">
        <time>2026-08-07T23:15:47Z</time>
      </trkpt>
      <trkpt lat="23.068296" lon="113.268716">
        <time>2026-08-07T23:15:52Z</time>
      </trkpt>
      <trkpt lat="23.068202" lon="113.268661">
        <time>2026-08-07T23:15:57Z</time>
      </trkpt>
      <trkpt lat="23.068111" lon="113.268598">
        <time>2026-08-07T23:16:02Z</time>
      </trkpt>
      <trkpt lat="23.067956" lon="113.268512">
        <time>2026-08-07T23:16:07Z</time>
      </trkpt>
      <trkpt lat="23.06782" lon="113.268448">
        <time>2026-08-07T23:16:12Z</time>
      </trkpt>
      <trkpt lat="23.067738" lon="113.268408">
        <time>2026-08-07T23:16:17Z</time>
      </trkpt>
      <trkpt lat="23.067656" lon="113.26837">
        <time>2026-08-07T23:16:22Z</time>
      </trkpt>
      <trkpt lat="23.067533" lon="113.268313">
        <time>2026-08-07T23:16:27Z</time>
      </trkpt>
      <trkpt lat="23.067404" lon="113.268273">
        <time>2026-08-07T23:16:32Z</time>
      </trkpt>
      <trkpt lat="23.067317" lon="113.268236">
        <time>2026-08-07T23:16:37Z</time>
      </trkpt>
      <trkpt lat="23.06723" lon="113.268205">
        <time>2026-08-07T23:16:42Z</time>
      </trkpt>
      <trkpt lat="23.067105" lon="113.268142">
        <time>2026-08-07T23:16:47Z</time>
      </trkpt>
      <trkpt lat="23.066982" lon="113.268075">
        <time>2026-08-07T23:16:52Z</time>
      </trkpt>
      <trkpt lat="23.066899" lon="113.268038">
        <time>2026-08-07T23:16:57Z</time>
      </trkpt>
      <trkpt lat="23.066812" lon="113.268012">
        <time>2026-08-07T23:17:02Z</time>
      </trkpt>
      <trkpt lat="23.06668" lon="113.267994">
        <time>2026-08-07T23:17:07Z</time>
      </trkpt>
      <trkpt lat="23.066551" lon="113.267965">
        <time>2026-08-07T23:17:12Z</time>
      </trkpt>
      <trkpt lat="23.06646" lon="113.267936">
        <time>2026-08-07T23:17:17Z</time>
      </trkpt>
      <trkpt lat="23.066369" lon="113.267931">
        <time>2026-08-07T23:17:22Z</time>
      </trkpt>
      <trkpt lat="23.066246" lon="113.267983">
        <time>2026-08-07T23:17:27Z</time>
      </trkpt>
      <trkpt lat="23.066133" lon="113.268088">
        <time>2026-08-07T23:17:32Z</time>
      </trkpt>
      <trkpt lat="23.066062" lon="113.268164">
        <time>2026-08-07T23:17:37Z</time>
      </trkpt>
      <trkpt lat="23.065996" lon="113.26824">
        <time>2026-08-07T23:17:42Z</time>
      </trkpt>
      <trkpt lat="23.065903" lon="113.268358">
        <time>2026-08-07T23:17:47Z</time>
      </trkpt>
      <trkpt lat="23.065822" lon="113.268489">
        <time>2026-08-07T23:17:52Z</time>
      </trkpt>
      <trkpt lat="23.065772" lon="113.268576">
        <time>2026-08-07T23:17:57Z</time>
      </trkpt>
      <trkpt lat="23.06573" lon="113.268668">
        <time>2026-08-07T23:18:02Z</time>
      </trkpt>
      <trkpt lat="23.065677" lon="113.268803">
        <time>2026-08-07T23:18:07Z</time>
      </trkpt>
      <trkpt lat="23.06563" lon="113.268939">
        <time>2026-08-07T23:18:12Z</time>
      </trkpt>
      <trkpt lat="23.065603" lon="113.269031">
        <time>2026-08-07T23:18:17Z</time>
      </trkpt>
      <trkpt lat="23.06558" lon="113.269127">
        <time>2026-08-07T23:18:22Z</time>
      </trkpt>
      <trkpt lat="23.065536" lon="113.269267">
        <time>2026-08-07T23:18:27Z</time>
      </trkpt>
      <trkpt lat="23.065497" lon="113.269408">
        <time>2026-08-07T23:18:32Z</time>
      </trkpt>
      <trkpt lat="23.065475" lon="113.269501">
        <time>2026-08-07T23:18:37Z</time>
      </trkpt>
      <trkpt lat="23.065457" lon="113.269594">
        <time>2026-08-07T23:18:42Z</time>
      </trkpt>
      <trkpt lat="23.065429" lon="113.26974">
        <time>2026-08-07T23:18:47Z</time>
      </trkpt>
      <trkpt lat="23.065386" lon="113.269883">
        <time>2026-08-07T23:18:52Z</time>
      </trkpt>
      <trkpt lat="23.065352" lon="113.269975">
        <time>2026-08-07T23:18:57Z</time>
      </trkpt>
      <trkpt lat="23.065316" lon="113.270064">
        <time>2026-08-07T23:19:02Z</time>
      </trkpt>
      <trkpt lat="23.065257" lon="113.270199">
        <time>2026-08-07T23:19:07Z</time>
      </trkpt>
      <trkpt lat="23.065192" lon="113.270332">
        <time>2026-08-07T23:19:12Z</time>
      </trkpt>
      <trkpt lat="23.065153" lon="113.270423">
        <time>2026-08-07T23:19:17Z</time>
      </trkpt>
      <trkpt lat="23.065115" lon="113.270511">
        <time>2026-08-07T23:19:22Z</time>
      </trkpt>
      <trkpt lat="23.065056" lon="113.270646">
        <time>2026-08-07T23:19:27Z</time>
      </trkpt>
      <trkpt lat="23.064994" lon="113.270781">
        <time>2026-08-07T23:19:32Z</time>
      </trkpt>
      <trkpt lat="23.06495" lon="113.270869">
        <time>2026-08-07T23:19:37Z</time>
      </trkpt>
      <trkpt lat="23.064907" lon="113.270956">
        <time>2026-08-07T23:19:42Z</time>
      </trkpt>
      <trkpt lat="23.064844" lon="113.271085">
        <time>2026-08-07T23:19:47Z</time>
      </trkpt>
      <trkpt lat="23.06478" lon="113.27122">
        <time>2026-08-07T23:19:52Z</time>
      </trkpt>
      <trkpt lat="23.064736" lon="113.271313">
        <time>2026-08-07T23:19:57Z</time>
      </trkpt>
      <trkpt lat="23.064693" lon="113.271407">
        <time>2026-08-07T23:20:02Z</time>
      </trkpt>
      <trkpt lat="23.064628" lon="113.271542">
        <time>2026-08-07T23:20:07Z</time>
      </trkpt>
      <trkpt lat="23.064565" lon="113.271678">
        <time>2026-08-07T23:20:12Z</time>
      </trkpt>
      <trkpt lat="23.064527" lon="113.271767">
        <time>2026-08-07T23:20:17Z</time>
      </trkpt>
      <trkpt lat="23.064494" lon="113.271856">
        <time>2026-08-07T23:20:22Z</time>
      </trkpt>
      <trkpt lat="23.064433" lon="113.271995">
        <time>2026-08-07T23:20:27Z</time>
      </trkpt>
      <trkpt lat="23.064368" lon="113.272127">
        <time>2026-08-07T23:20:32Z</time>
      </trkpt>
      <trkpt lat="23.064334" lon="113.272219">
        <time>2026-08-07T23:20:37Z</time>
      </trkpt>
      <trkpt lat="23.064324" lon="113.272315">
        <time>2026-08-07T23:20:42Z</time>
      </trkpt>
      <trkpt lat="23.064322" lon="113.272453">
        <time>2026-08-07T23:20:47Z</time>
      </trkpt>
      <trkpt lat="23.064323" lon="113.272587">
        <time>2026-08-07T23:20:52Z</time>
      </trkpt>
      <trkpt lat="23.064339" lon="113.272674">
        <time>2026-08-07T23:20:57Z</time>
      </trkpt>
      <trkpt lat="23.064363" lon="113.272761">
        <time>2026-08-07T23:21:02Z</time>
      </trkpt>
      <trkpt lat="23.064403" lon="113.272895">
        <time>2026-08-07T23:21:07Z</time>
      </trkpt>
      <trkpt lat="23.064448" lon="113.273029">
        <time>2026-08-07T23:21:12Z</time>
      </trkpt>
      <trkpt lat="23.064471" lon="113.273113">
        <time>2026-08-07T23:21:17Z</time>
      </trkpt>
      <trkpt lat="23.064461" lon="113.273205">
        <time>2026-08-07T23:21:22Z</time>
      </trkpt>
      <trkpt lat="23.064399" lon="113.273322">
        <time>2026-08-07T23:21:27Z</time>
      </trkpt>
      <trkpt lat="23.064288" lon="113.273403">
        <time>2026-08-07T23:21:32Z</time>
      </trkpt>
      <trkpt lat="23.06421" lon="113.273455">
        <time>2026-08-07T23:21:37Z</time>
      </trkpt>
      <trkpt lat="23.064134" lon="113.27351">
        <time>2026-08-07T23:21:42Z</time>
      </trkpt>
      <trkpt lat="23.064023" lon="113.273593">
        <time>2026-08-07T23:21:47Z</time>
      </trkpt>
      <trkpt lat="23.063923" lon="113.273693">
        <time>2026-08-07T23:21:52Z</time>
      </trkpt>
      <trkpt lat="23.063868" lon="113.273768">
        <time>2026-08-07T23:21:57Z</time>
      </trkpt>
      <trkpt lat="23.063822" lon="113.273848">
        <time>2026-08-07T23:22:02Z</time>
      </trkpt>
      <trkpt lat="23.06376" lon="113.273971">
        <time>2026-08-07T23:22:07Z</time>
      </trkpt>
      <trkpt lat="23.063692" lon="113.274081">
        <time>2026-08-07T23:22:12Z</time>
      </trkpt>
      <trkpt lat="23.063622" lon="113.274129">
        <time>2026-08-07T23:22:17Z</time>
      </trkpt>
      <trkpt lat="23.063557" lon="113.274192">
        <time>2026-08-07T23:22:22Z</time>
      </trkpt>
      <trkpt lat="23.063487" lon="113.274332">
        <time>2026-08-07T23:22:27Z</time>
      </trkpt>
      <trkpt lat="23.063423" lon="113.274481">
        <time>2026-08-07T23:22:32Z</time>
      </trkpt>
      <trkpt lat="23.063384" lon="113.274583">
        <time>2026-08-07T23:22:37Z</time>
      </trkpt>
      <trkpt lat="23.063349" lon="113.274682">
        <time>2026-08-07T23:22:42Z</time>
      </trkpt>
      <trkpt lat="23.063298" lon="113.274832">
        <time>2026-08-07T23:22:47Z</time>
      </trkpt>
      <trkpt lat="23.063249" lon="113.27499">
        <time>2026-08-07T23:22:52Z</time>
      </trkpt>
      <trkpt lat="23.063204" lon="113.275088">
        <time>2026-08-07T23:22:57Z</time>
      </trkpt>
      <trkpt lat="23.063153" lon="113.275181">
        <time>2026-08-07T23:23:02Z</time>
      </trkpt>
      <trkpt lat="23.063075" lon="113.275311">
        <time>2026-08-07T23:23:07Z</time>
      </trkpt>
      <trkpt lat="23.063001" lon="113.275433">
        <time>2026-08-07T23:23:12Z</time>
      </trkpt>
      <trkpt lat="23.062944" lon="113.27551">
        <time>2026-08-07T23:23:17Z</time>
      </trkpt>
      <trkpt lat="23.06288" lon="113.275588">
        <time>2026-08-07T23:23:22Z</time>
      </trkpt>
      <trkpt lat="23.062782" lon="113.275696">
        <time>2026-08-07T23:23:27Z</time>
      </trkpt>
      <trkpt lat="23.062682" lon="113.275801">
        <time>2026-08-07T23:23:32Z</time>
      </trkpt>
      <trkpt lat="23.062622" lon="113.275872">
        <time>2026-08-07T23:23:37Z</time>
      </trkpt>
      <trkpt lat="23.062565" lon="113.275953">
        <time>2026-08-07T23:23:42Z</time>
      </trkpt>
      <trkpt lat="23.062486" lon="113.276089">
        <time>2026-08-07T23:23:47Z</time>
      </trkpt>
      <trkpt lat="23.062418" lon="113.276229">
        <time>2026-08-07T23:23:52Z</time>
      </trkpt>
      <trkpt lat="23.062381" lon="113.276321">
        <time>2026-08-07T23:23:57Z</time>
      </trkpt>
      <trkpt lat="23.062348" lon="113.27641">
        <time>2026-08-07T23:24:02Z</time>
      </trkpt>
      <trkpt lat="23.062298" lon="113.276546">
        <time>2026-08-07T23:24:07Z</time>
      </trkpt>
      <trkpt lat="23.06225" lon="113.276683">
        <time>2026-08-07T23:24:12Z</time>
      </trkpt>
      <trkpt lat="23.062218" lon="113.276778">
        <time>2026-08-07T23:24:17Z</time>
      </trkpt>
      <trkpt lat="23.062182" lon="113.276872">
        <time>2026-08-07T23:24:22Z</time>
      </trkpt>
      <trkpt lat="23.062132" lon="113.277013">
        <time>2026-08-07T23:24:27Z</time>
      </trkpt>
      <trkpt lat="23.062079" lon="113.277152">
        <time>2026-08-07T23:24:32Z</time>
      </trkpt>
      <trkpt lat="23.06204" lon="113.277244">
        <time>2026-08-07T23:24:37Z</time>
      </trkpt>
      <trkpt lat="23.062003" lon="113.277336">
        <time>2026-08-07T23:24:42Z</time>
      </trkpt>
      <trkpt lat="23.061957" lon="113.277477">
        <time>2026-08-07T23:24:47Z</time>
      </trkpt>
      <trkpt lat="23.061901" lon="113.277609">
        <time>2026-08-07T23:24:52Z</time>
      </trkpt>
      <trkpt lat="23.061862" lon="113.277698">
        <time>2026-08-07T23:24:57Z</time>
      </trkpt>
      <trkpt lat="23.061838" lon="113.277794">
        <time>2026-08-07T23:25:02Z</time>
      </trkpt>
      <trkpt lat="23.061826" lon="113.277941">
        <time>2026-08-07T23:25:07Z</time>
      </trkpt>
      <trkpt lat="23.06183" lon="113.27808">
        <time>2026-08-07T23:25:12Z</time>
      </trkpt>
      <trkpt lat="23.061832" lon="113.278169">
        <time>2026-08-07T23:25:17Z</time>
      </trkpt>
      <trkpt lat="23.061836" lon="113.278259">
        <time>2026-08-07T23:25:22Z</time>
      </trkpt>
      <trkpt lat="23.061842" lon="113.278392">
        <time>2026-08-07T23:25:27Z</time>
      </trkpt>
      <trkpt lat="23.061849" lon="113.278531">
        <time>2026-08-07T23:25:32Z</time>
      </trkpt>
      <trkpt lat="23.061847" lon="113.27862">
        <time>2026-08-07T23:25:37Z</time>
      </trkpt>
      <trkpt lat="23.061835" lon="113.2787">
        <time>2026-08-07T23:25:42Z</time>
      </trkpt>
      <trkpt lat="23.061764" lon="113.278744">
        <time>2026-08-07T23:25:47Z</time>
      </trkpt>
      <trkpt lat="23.06169" lon="113.278835">
        <time>2026-08-07T23:25:52Z</time>
      </trkpt>
      <trkpt lat="23.061658" lon="113.278927">
        <time>2026-08-07T23:25:57Z</time>
      </trkpt>
      <trkpt lat="23.061626" lon="113.279012">
        <time>2026-08-07T23:26:02Z</time>
      </trkpt>
      <trkpt lat="23.0616" lon="113.279081">
        <time>2026-08-07T23:26:07Z</time>
      </trkpt>
      <trkpt lat="23.06162" lon="113.279111">
        <time>2026-08-07T23:26:12Z</time>
      </trkpt>
      <trkpt lat="23.061638" lon="113.279077">
        <time>2026-08-07T23:26:17Z</time>
      </trkpt>
      <trkpt lat="23.061635" lon="113.279038">
        <time>2026-08-07T23:26:22Z</time>
      </trkpt>
      <trkpt lat="23.061599" lon="113.279081">
        <time>2026-08-07T23:26:27Z</time>
      </trkpt>
      <trkpt lat="23.06157" lon="113.279146">
        <time>2026-08-07T23:26:32Z</time>
      </trkpt>
      <trkpt lat="23.061551" lon="113.279187">
        <time>2026-08-07T23:26:37Z</time>
      </trkpt>
      <trkpt lat="23.061546" lon="113.279237">
        <time>2026-08-07T23:26:42Z</time>
      </trkpt>
      <trkpt lat="23.061514" lon="113.27933">
        <time>2026-08-07T23:26:47Z</time>
      </trkpt>
      <trkpt lat="23.061444" lon="113.279487">
        <time>2026-08-07T23:26:52Z</time>
      </trkpt>
      <trkpt lat="23.061395" lon="113.279592">
        <time>2026-08-07T23:26:57Z</time>
      </trkpt>
      <trkpt lat="23.061356" lon="113.279693">
        <time>2026-08-07T23:27:02Z</time>
      </trkpt>
      <trkpt lat="23.061296" lon="113.279839">
        <time>2026-08-07T23:27:07Z</time>
      </trkpt>
      <trkpt lat="23.061233" lon="113.279989">
        <time>2026-08-07T23:27:12Z</time>
      </trkpt>
      <trkpt lat="23.061189" lon="113.280089">
        <time>2026-08-07T23:27:17Z</time>
      </trkpt>
      <trkpt lat="23.061146" lon="113.280191">
        <time>2026-08-07T23:27:22Z</time>
      </trkpt>
      <trkpt lat="23.061082" lon="113.280338">
        <time>2026-08-07T23:27:27Z</time>
      </trkpt>
      <trkpt lat="23.061026" lon="113.280492">
        <time>2026-08-07T23:27:32Z</time>
      </trkpt>
      <trkpt lat="23.060983" lon="113.280589">
        <time>2026-08-07T23:27:37Z</time>
      </trkpt>
      <trkpt lat="23.06094" lon="113.280687">
        <time>2026-08-07T23:27:42Z</time>
      </trkpt>
      <trkpt lat="23.060882" lon="113.280829">
        <time>2026-08-07T23:27:47Z</time>
      </trkpt>
      <trkpt lat="23.06082" lon="113.280974">
        <time>2026-08-07T23:27:52Z</time>
      </trkpt>
      <trkpt lat="23.060779" lon="113.281067">
        <time>2026-08-07T23:27:57Z</time>
      </trkpt>
      <trkpt lat="23.060738" lon="113.281159">
        <time>2026-08-07T23:28:02Z</time>
      </trkpt>
      <trkpt lat="23.060669" lon="113.281296">
        <time>2026-08-07T23:28:07Z</time>
      </trkpt>
      <trkpt lat="23.060622" lon="113.281439">
        <time>2026-08-07T23:28:12Z</time>
      </trkpt>
      <trkpt lat="23.060585" lon="113.281531">
        <time>2026-08-07T23:28:17Z</time>
      </trkpt>
      <trkpt lat="23.060547" lon="113.281626">
        <time>2026-08-07T23:28:22Z</time>
      </trkpt>
      <trkpt lat="23.060483" lon="113.281764">
        <time>2026-08-07T23:28:27Z</time>
      </trkpt>
      <trkpt lat="23.060421" lon="113.281896">
        <time>2026-08-07T23:28:32Z</time>
      </trkpt>
      <trkpt lat="23.060384" lon="113.281983">
        <time>2026-08-07T23:28:37Z</time>
      </trkpt>
      <trkpt lat="23.06035" lon="113.282072">
        <time>2026-08-07T23:28:42Z</time>
      </trkpt>
      <trkpt lat="23.060292" lon="113.282207">
        <time>2026-08-07T23:28:47Z</time>
      </trkpt>
      <trkpt lat="23.060233" lon="113.282334">
        <time>2026-08-07T23:28:52Z</time>
      </trkpt>
      <trkpt lat="23.060194" lon="113.28242">
        <time>2026-08-07T23:28:57Z</time>
      </trkpt>
      <trkpt lat="23.060156" lon="113.282512">
        <time>2026-08-07T23:29:02Z</time>
      </trkpt>
      <trkpt lat="23.0601" lon="113.282653">
        <time>2026-08-07T23:29:07Z</time>
      </trkpt>
      <trkpt lat="23.060043" lon="113.282787">
        <time>2026-08-07T23:29:12Z</time>
      </trkpt>
      <trkpt lat="23.059999" lon="113.282876">
        <time>2026-08-07T23:29:17Z</time>
      </trkpt>
      <trkpt lat="23.059957" lon="113.282969">
        <time>2026-08-07T23:29:22Z</time>
      </trkpt>
      <trkpt lat="23.059893" lon="113.283103">
        <time>2026-08-07T23:29:27Z</time>
      </trkpt>
      <trkpt lat="23.059824" lon="113.283237">
        <time>2026-08-07T23:29:32Z</time>
      </trkpt>
      <trkpt lat="23.059782" lon="113.283323">
        <time>2026-08-07T23:29:37Z</time>
      </trkpt>
      <trkpt lat="23.059784" lon="113.283391">
        <time>2026-08-07T23:29:42Z</time>
      </trkpt>
      <trkpt lat="23.059908" lon="113.283375">
        <time>2026-08-07T23:29:47Z</time>
      </trkpt>
      <trkpt lat="23.059997" lon="113.283254">
        <time>2026-08-07T23:29:52Z</time>
      </trkpt>
      <trkpt lat="23.060049" lon="113.283166">
        <time>2026-08-07T23:29:57Z</time>
      </trkpt>
      <trkpt lat="23.060108" lon="113.283076">
        <time>2026-08-07T23:30:02Z</time>
      </trkpt>
      <trkpt lat="23.060175" lon="113.282943">
        <time>2026-08-07T23:30:07Z</time>
      </trkpt>
      <trkpt lat="23.06023" lon="113.28281">
        <time>2026-08-07T23:30:12Z</time>
      </trkpt>
      <trkpt lat="23.060268" lon="113.282718">
        <time>2026-08-07T23:30:17Z</time>
      </trkpt>
      <trkpt lat="23.060304" lon="113.282624">
        <time>2026-08-07T23:30:22Z</time>
      </trkpt>
      <trkpt lat="23.060345" lon="113.28248">
        <time>2026-08-07T23:30:27Z</time>
      </trkpt>
      <trkpt lat="23.060395" lon="113.282348">
        <time>2026-08-07T23:30:32Z</time>
      </trkpt>
      <trkpt lat="23.06043" lon="113.282268">
        <time>2026-08-07T23:30:37Z</time>
      </trkpt>
      <trkpt lat="23.060466" lon="113.282175">
        <time>2026-08-07T23:30:42Z</time>
      </trkpt>
      <trkpt lat="23.060525" lon="113.282034">
        <time>2026-08-07T23:30:47Z</time>
      </trkpt>
      <trkpt lat="23.060584" lon="113.281898">
        <time>2026-08-07T23:30:52Z</time>
      </trkpt>
      <trkpt lat="23.060618" lon="113.28181">
        <time>2026-08-07T23:30:57Z</time>
      </trkpt>
      <trkpt lat="23.060651" lon="113.281726">
        <time>2026-08-07T23:31:02Z</time>
      </trkpt>
      <trkpt lat="23.060695" lon="113.281605">
        <time>2026-08-07T23:31:07Z</time>
      </trkpt>
      <trkpt lat="23.060747" lon="113.28148">
        <time>2026-08-07T23:31:12Z</time>
      </trkpt>
      <trkpt lat="23.060785" lon="113.281389">
        <time>2026-08-07T23:31:17Z</time>
      </trkpt>
      <trkpt lat="23.060826" lon="113.281297">
        <time>2026-08-07T23:31:22Z</time>
      </trkpt>
      <trkpt lat="23.060881" lon="113.281165">
        <time>2026-08-07T23:31:27Z</time>
      </trkpt>
      <trkpt lat="23.060938" lon="113.281035">
        <time>2026-08-07T23:31:32Z</time>
      </trkpt>
      <trkpt lat="23.060982" lon="113.280948">
        <time>2026-08-07T23:31:37Z</time>
      </trkpt>
      <trkpt lat="23.061023" lon="113.280858">
        <time>2026-08-07T23:31:42Z</time>
      </trkpt>
      <trkpt lat="23.06108" lon="113.280723">
        <time>2026-08-07T23:31:47Z</time>
      </trkpt>
      <trkpt lat="23.061148" lon="113.280582">
        <time>2026-08-07T23:31:52Z</time>
      </trkpt>
      <trkpt lat="23.061193" lon="113.280491">
        <time>2026-08-07T23:31:57Z</time>
      </trkpt>
      <trkpt lat="23.061235" lon="113.280403">
        <time>2026-08-07T23:32:02Z</time>
      </trkpt>
      <trkpt lat="23.061289" lon="113.28027">
        <time>2026-08-07T23:32:07Z</time>
      </trkpt>
      <trkpt lat="23.061357" lon="113.280147">
        <time>2026-08-07T23:32:12Z</time>
      </trkpt>
      <trkpt lat="23.061392" lon="113.280058">
        <time>2026-08-07T23:32:17Z</time>
      </trkpt>
      <trkpt lat="23.061423" lon="113.279972">
        <time>2026-08-07T23:32:22Z</time>
      </trkpt>
      <trkpt lat="23.061469" lon="113.279838">
        <time>2026-08-07T23:32:27Z</time>
      </trkpt>
      <trkpt lat="23.06152" lon="113.27971">
        <time>2026-08-07T23:32:32Z</time>
      </trkpt>
      <trkpt lat="23.061552" lon="113.279623">
        <time>2026-08-07T23:32:37Z</time>
      </trkpt>
      <trkpt lat="23.061584" lon="113.279536">
        <time>2026-08-07T23:32:42Z</time>
      </trkpt>
      <trkpt lat="23.061634" lon="113.279397">
        <time>2026-08-07T23:32:47Z</time>
      </trkpt>
      <trkpt lat="23.061697" lon="113.279256">
        <time>2026-08-07T23:32:52Z</time>
      </trkpt>
      <trkpt lat="23.061745" lon="113.279167">
        <time>2026-08-07T23:32:57Z</time>
      </trkpt>
      <trkpt lat="23.061794" lon="113.279085">
        <time>2026-08-07T23:33:02Z</time>
      </trkpt>
      <trkpt lat="23.061874" lon="113.278965">
        <time>2026-08-07T23:33:07Z</time>
      </trkpt>
      <trkpt lat="23.061942" lon="113.278837">
        <time>2026-08-07T23:33:12Z</time>
      </trkpt>
      <trkpt lat="23.061962" lon="113.278738">
        <time>2026-08-07T23:33:17Z</time>
      </trkpt>
      <trkpt lat="23.061964" lon="113.278636">
        <time>2026-08-07T23:33:22Z</time>
      </trkpt>
      <trkpt lat="23.061957" lon="113.278485">
        <time>2026-08-07T23:33:27Z</time>
      </trkpt>
      <trkpt lat="23.061953" lon="113.278332">
        <time>2026-08-07T23:33:32Z</time>
      </trkpt>
      <trkpt lat="23.06195" lon="113.27823">
        <time>2026-08-07T23:33:37Z</time>
      </trkpt>
      <trkpt lat="23.061945" lon="113.27813">
        <time>2026-08-07T23:33:42Z</time>
      </trkpt>
      <trkpt lat="23.061938" lon="113.277979">
        <time>2026-08-07T23:33:47Z</time>
      </trkpt>
      <trkpt lat="23.061942" lon="113.277826">
        <time>2026-08-07T23:33:52Z</time>
      </trkpt>
      <trkpt lat="23.061956" lon="113.277725">
        <time>2026-08-07T23:33:57Z</time>
      </trkpt>
      <trkpt lat="23.061984" lon="113.277627">
        <time>2026-08-07T23:34:02Z</time>
      </trkpt>
      <trkpt lat="23.062035" lon="113.277486">
        <time>2026-08-07T23:34:07Z</time>
      </trkpt>
      <trkpt lat="23.062086" lon="113.277356">
        <time>2026-08-07T23:34:12Z</time>
      </trkpt>
      <trkpt lat="23.062123" lon="113.277268">
        <time>2026-08-07T23:34:17Z</time>
      </trkpt>
      <trkpt lat="23.062156" lon="113.277177">
        <time>2026-08-07T23:34:22Z</time>
      </trkpt>
      <trkpt lat="23.062194" lon="113.277048">
        <time>2026-08-07T23:34:27Z</time>
      </trkpt>
      <trkpt lat="23.062246" lon="113.27692">
        <time>2026-08-07T23:34:32Z</time>
      </trkpt>
      <trkpt lat="23.062285" lon="113.276829">
        <time>2026-08-07T23:34:37Z</time>
      </trkpt>
      <trkpt lat="23.062322" lon="113.276736">
        <time>2026-08-07T23:34:42Z</time>
      </trkpt>
      <trkpt lat="23.062377" lon="113.2766">
        <time>2026-08-07T23:34:47Z</time>
      </trkpt>
      <trkpt lat="23.062425" lon="113.276463">
        <time>2026-08-07T23:34:52Z</time>
      </trkpt>
      <trkpt lat="23.062456" lon="113.276373">
        <time>2026-08-07T23:34:57Z</time>
      </trkpt>
      <trkpt lat="23.062489" lon="113.276283">
        <time>2026-08-07T23:35:02Z</time>
      </trkpt>
      <trkpt lat="23.06255" lon="113.276146">
        <time>2026-08-07T23:35:07Z</time>
      </trkpt>
      <trkpt lat="23.062628" lon="113.27602">
        <time>2026-08-07T23:35:12Z</time>
      </trkpt>
      <trkpt lat="23.062684" lon="113.275945">
        <time>2026-08-07T23:35:17Z</time>
      </trkpt>
      <trkpt lat="23.062744" lon="113.275872">
        <time>2026-08-07T23:35:22Z</time>
      </trkpt>
      <trkpt lat="23.062842" lon="113.27577">
        <time>2026-08-07T23:35:27Z</time>
      </trkpt>
      <trkpt lat="23.062951" lon="113.275668">
        <time>2026-08-07T23:35:32Z</time>
      </trkpt>
      <trkpt lat="23.063019" lon="113.275593">
        <time>2026-08-07T23:35:37Z</time>
      </trkpt>
      <trkpt lat="23.063078" lon="113.275512">
        <time>2026-08-07T23:35:42Z</time>
      </trkpt>
      <trkpt lat="23.063149" lon="113.275382">
        <time>2026-08-07T23:35:47Z</time>
      </trkpt>
      <trkpt lat="23.063222" lon="113.275252">
        <time>2026-08-07T23:35:52Z</time>
      </trkpt>
      <trkpt lat="23.063273" lon="113.275165">
        <time>2026-08-07T23:35:57Z</time>
      </trkpt>
      <trkpt lat="23.063315" lon="113.275076">
        <time>2026-08-07T23:36:02Z</time>
      </trkpt>
      <trkpt lat="23.063377" lon="113.274945">
        <time>2026-08-07T23:36:07Z</time>
      </trkpt>
      <trkpt lat="23.063415" lon="113.274822">
        <time>2026-08-07T23:36:12Z</time>
      </trkpt>
      <trkpt lat="23.063444" lon="113.274735">
        <time>2026-08-07T23:36:17Z</time>
      </trkpt>
      <trkpt lat="23.06347" lon="113.274653">
        <time>2026-08-07T23:36:22Z</time>
      </trkpt>
      <trkpt lat="23.063515" lon="113.274518">
        <time>2026-08-07T23:36:27Z</time>
      </trkpt>
      <trkpt lat="23.063566" lon="113.274392">
        <time>2026-08-07T23:36:32Z</time>
      </trkpt>
      <trkpt lat="23.063613" lon="113.274324">
        <time>2026-08-07T23:36:37Z</time>
      </trkpt>
      <trkpt lat="23.063669" lon="113.274263">
        <time>2026-08-07T23:36:42Z</time>
      </trkpt>
      <trkpt lat="23.063765" lon="113.274168">
        <time>2026-08-07T23:36:47Z</time>
      </trkpt>
      <trkpt lat="23.063849" lon="113.274055">
        <time>2026-08-07T23:36:52Z</time>
      </trkpt>
      <trkpt lat="23.063892" lon="113.273977">
        <time>2026-08-07T23:36:57Z</time>
      </trkpt>
      <trkpt lat="23.063935" lon="113.273899">
        <time>2026-08-07T23:37:02Z</time>
      </trkpt>
      <trkpt lat="23.064008" lon="113.273775">
        <time>2026-08-07T23:37:07Z</time>
      </trkpt>
      <trkpt lat="23.06411" lon="113.273676">
        <time>2026-08-07T23:37:12Z</time>
      </trkpt>
      <trkpt lat="23.064181" lon="113.273621">
        <time>2026-08-07T23:37:17Z</time>
      </trkpt>
      <trkpt lat="23.064255" lon="113.273568">
        <time>2026-08-07T23:37:22Z</time>
      </trkpt>
      <trkpt lat="23.064356" lon="113.273489">
        <time>2026-08-07T23:37:27Z</time>
      </trkpt>
      <trkpt lat="23.064459" lon="113.273397">
        <time>2026-08-07T23:37:32Z</time>
      </trkpt>
      <trkpt lat="23.064521" lon="113.273327">
        <time>2026-08-07T23:37:37Z</time>
      </trkpt>
      <trkpt lat="23.064563" lon="113.273237">
        <time>2026-08-07T23:37:42Z</time>
      </trkpt>
      <trkpt lat="23.064567" lon="113.273081">
        <time>2026-08-07T23:37:47Z</time>
      </trkpt>
      <trkpt lat="23.064521" lon="113.272937">
        <time>2026-08-07T23:37:52Z</time>
      </trkpt>
      <trkpt lat="23.064483" lon="113.272839">
        <time>2026-08-07T23:37:57Z</time>
      </trkpt>
      <trkpt lat="23.064446" lon="113.272746">
        <time>2026-08-07T23:38:02Z</time>
      </trkpt>
      <trkpt lat="23.064421" lon="113.272605">
        <time>2026-08-07T23:38:07Z</time>
      </trkpt>
      <trkpt lat="23.064474" lon="113.272456">
        <time>2026-08-07T23:38:12Z</time>
      </trkpt>
      <trkpt lat="23.06452" lon="113.27236">
        <time>2026-08-07T23:38:17Z</time>
      </trkpt>
      <trkpt lat="23.06455" lon="113.272263">
        <time>2026-08-07T23:38:22Z</time>
      </trkpt>
      <trkpt lat="23.064596" lon="113.272127">
        <time>2026-08-07T23:38:27Z</time>
      </trkpt>
      <trkpt lat="23.064666" lon="113.271997">
        <time>2026-08-07T23:38:32Z</time>
      </trkpt>
      <trkpt lat="23.06471" lon="113.271914">
        <time>2026-08-07T23:38:37Z</time>
      </trkpt>
      <trkpt lat="23.064752" lon="113.271825">
        <time>2026-08-07T23:38:42Z</time>
      </trkpt>
      <trkpt lat="23.06482" lon="113.271689">
        <time>2026-08-07T23:38:47Z</time>
      </trkpt>
      <trkpt lat="23.064879" lon="113.271556">
        <time>2026-08-07T23:38:52Z</time>
      </trkpt>
      <trkpt lat="23.064914" lon="113.271461">
        <time>2026-08-07T23:38:57Z</time>
      </trkpt>
      <trkpt lat="23.064949" lon="113.271363">
        <time>2026-08-07T23:39:02Z</time>
      </trkpt>
      <trkpt lat="23.065016" lon="113.271232">
        <time>2026-08-07T23:39:07Z</time>
      </trkpt>
      <trkpt lat="23.065096" lon="113.271122">
        <time>2026-08-07T23:39:12Z</time>
      </trkpt>
      <trkpt lat="23.06514" lon="113.271042">
        <time>2026-08-07T23:39:17Z</time>
      </trkpt>
      <trkpt lat="23.065174" lon="113.270954">
        <time>2026-08-07T23:39:22Z</time>
      </trkpt>
      <trkpt lat="23.065222" lon="113.270822">
        <time>2026-08-07T23:39:27Z</time>
      </trkpt>
      <trkpt lat="23.065279" lon="113.270695">
        <time>2026-08-07T23:39:32Z</time>
      </trkpt>
      <trkpt lat="23.065317" lon="113.270612">
        <time>2026-08-07T23:39:37Z</time>
      </trkpt>
      <trkpt lat="23.065353" lon="113.270527">
        <time>2026-08-07T23:39:42Z</time>
      </trkpt>
      <trkpt lat="23.065407" lon="113.270403">
        <time>2026-08-07T23:39:47Z</time>
      </trkpt>
      <trkpt lat="23.065467" lon="113.270276">
        <time>2026-08-07T23:39:52Z</time>
      </trkpt>
      <trkpt lat="23.065509" lon="113.270187">
        <time>2026-08-07T23:39:57Z</time>
      </trkpt>
      <trkpt lat="23.065537" lon="113.270095">
        <time>2026-08-07T23:40:02Z</time>
      </trkpt>
      <trkpt lat="23.065574" lon="113.269959">
        <time>2026-08-07T23:40:07Z</time>
      </trkpt>
      <trkpt lat="23.065613" lon="113.269825">
        <time>2026-08-07T23:40:12Z</time>
      </trkpt>
      <trkpt lat="23.065648" lon="113.269735">
        <time>2026-08-07T23:40:17Z</time>
      </trkpt>
      <trkpt lat="23.06569" lon="113.269642">
        <time>2026-08-07T23:40:22Z</time>
      </trkpt>
      <trkpt lat="23.065733" lon="113.269494">
        <time>2026-08-07T23:40:27Z</time>
      </trkpt>
      <trkpt lat="23.065759" lon="113.269344">
        <time>2026-08-07T23:40:32Z</time>
      </trkpt>
      <trkpt lat="23.065782" lon="113.269249">
        <time>2026-08-07T23:40:37Z</time>
      </trkpt>
      <trkpt lat="23.065806" lon="113.269155">
        <time>2026-08-07T23:40:42Z</time>
      </trkpt>
      <trkpt lat="23.065852" lon="113.269022">
        <time>2026-08-07T23:40:47Z</time>
      </trkpt>
      <trkpt lat="23.065912" lon="113.268894">
        <time>2026-08-07T23:40:52Z</time>
      </trkpt>
      <trkpt lat="23.065954" lon="113.268807">
        <time>2026-08-07T23:40:57Z</time>
      </trkpt>
      <trkpt lat="23.065998" lon="113.268718">
        <time>2026-08-07T23:41:02Z</time>
      </trkpt>
      <trkpt lat="23.066063" lon="113.26858">
        <time>2026-08-07T23:41:07Z</time>
      </trkpt>
      <trkpt lat="23.066147" lon="113.268451">
        <time>2026-08-07T23:41:12Z</time>
      </trkpt>
      <trkpt lat="23.066201" lon="113.268373">
        <time>2026-08-07T23:41:17Z</time>
      </trkpt>
      <trkpt lat="23.066256" lon="113.268298">
        <time>2026-08-07T23:41:22Z</time>
      </trkpt>
      <trkpt lat="23.066348" lon="113.268201">
        <time>2026-08-07T23:41:27Z</time>
      </trkpt>
      <trkpt lat="23.066468" lon="113.26815">
        <time>2026-08-07T23:41:32Z</time>
      </trkpt>
      <trkpt lat="23.066554" lon="113.268148">
        <time>2026-08-07T23:41:37Z</time>
      </trkpt>
      <trkpt lat="23.066639" lon="113.268162">
        <time>2026-08-07T23:41:42Z</time>
      </trkpt>
      <trkpt lat="23.066775" lon="113.268158">
        <time>2026-08-07T23:41:47Z</time>
      </trkpt>
      <trkpt lat="23.066919" lon="113.26817">
        <time>2026-08-07T23:41:52Z</time>
      </trkpt>
      <trkpt lat="23.067006" lon="113.268196">
        <time>2026-08-07T23:41:57Z</time>
      </trkpt>
      <trkpt lat="23.067083" lon="113.268242">
        <time>2026-08-07T23:42:02Z</time>
      </trkpt>
      <trkpt lat="23.067196" lon="113.268286">
        <time>2026-08-07T23:42:07Z</time>
      </trkpt>
      <trkpt lat="23.067312" lon="113.268363">
        <time>2026-08-07T23:42:12Z</time>
      </trkpt>
      <trkpt lat="23.067379" lon="113.268421">
        <time>2026-08-07T23:42:17Z</time>
      </trkpt>
      <trkpt lat="23.067451" lon="113.268461">
        <time>2026-08-07T23:42:22Z</time>
      </trkpt>
      <trkpt lat="23.067573" lon="113.268525">
        <time>2026-08-07T23:42:27Z</time>
      </trkpt>
      <trkpt lat="23.067706" lon="113.268593">
        <time>2026-08-07T23:42:32Z</time>
      </trkpt>
      <trkpt lat="23.067793" lon="113.268637">
        <time>2026-08-07T23:42:37Z</time>
      </trkpt>
      <trkpt lat="23.067878" lon="113.268663">
        <time>2026-08-07T23:42:42Z</time>
      </trkpt>
      <trkpt lat="23.067934" lon="113.268584">
        <time>2026-08-07T23:42:47Z</time>
      </trkpt>
      <trkpt lat="23.067813" lon="113.268493">
        <time>2026-08-07T23:42:52Z</time>
      </trkpt>
      <trkpt lat="23.067727" lon="113.268444">
        <time>2026-08-07T23:42:57Z</time>
      </trkpt>
      <trkpt lat="23.067642" lon="113.268401">
        <time>2026-08-07T23:43:02Z</time>
      </trkpt>
      <trkpt lat="23.067515" lon="113.268335">
        <time>2026-08-07T23:43:07Z</time>
      </trkpt>
      <trkpt lat="23.067392" lon="113.268285">
        <time>2026-08-07T23:43:12Z</time>
      </trkpt>
      <trkpt lat="23.067315" lon="113.268246">
        <time>2026-08-07T23:43:17Z</time>
      </trkpt>
      <trkpt lat="23.067235" lon="113.268217">
        <time>2026-08-07T23:43:22Z</time>
      </trkpt>
      <trkpt lat="23.067123" lon="113.268158">
        <time>2026-08-07T23:43:27Z</time>
      </trkpt>
      <trkpt lat="23.067012" lon="113.268095">
        <time>2026-08-07T23:43:32Z</time>
      </trkpt>
      <trkpt lat="23.066935" lon="113.26806">
        <time>2026-08-07T23:43:37Z</time>
      </trkpt>
      <trkpt lat="23.066855" lon="113.268033">
        <time>2026-08-07T23:43:42Z</time>
      </trkpt>
      <trkpt lat="23.066728" lon="113.268037">
        <time>2026-08-07T23:43:47Z</time>
      </trkpt>
      <trkpt lat="23.066618" lon="113.268123">
        <time>2026-08-07T23:43:52Z</time>
      </trkpt>
      <trkpt lat="23.066535" lon="113.268133">
        <time>2026-08-07T23:43:57Z</time>
      </trkpt>
      <trkpt lat="23.066448" lon="113.268133">
        <time>2026-08-07T23:44:02Z</time>
      </trkpt>
      <trkpt lat="23.066326" lon="113.268179">
        <time>2026-08-07T23:44:07Z</time>
      </trkpt>
      <trkpt lat="23.066229" lon="113.268278">
        <time>2026-08-07T23:44:12Z</time>
      </trkpt>
      <trkpt lat="23.066172" lon="113.268352">
        <time>2026-08-07T23:44:17Z</time>
      </trkpt>
      <trkpt lat="23.066116" lon="113.268425">
        <time>2026-08-07T23:44:22Z</time>
      </trkpt>
      <trkpt lat="23.066035" lon="113.268541">
        <time>2026-08-07T23:44:27Z</time>
      </trkpt>
      <trkpt lat="23.065966" lon="113.26867">
        <time>2026-08-07T23:44:32Z</time>
      </trkpt>
      <trkpt lat="23.065925" lon="113.268762">
        <time>2026-08-07T23:44:37Z</time>
      </trkpt>
      <trkpt lat="23.065889" lon="113.268854">
        <time>2026-08-07T23:44:42Z</time>
      </trkpt>
      <trkpt lat="23.065832" lon="113.26899">
        <time>2026-08-07T23:44:47Z</time>
      </trkpt>
      <trkpt lat="23.06578" lon="113.269125">
        <time>2026-08-07T23:44:52Z</time>
      </trkpt>
      <trkpt lat="23.065752" lon="113.269219">
        <time>2026-08-07T23:44:57Z</time>
      </trkpt>
      <trkpt lat="23.06573" lon="113.269315">
        <time>2026-08-07T23:45:02Z</time>
      </trkpt>
      <trkpt lat="23.06571" lon="113.26946">
        <time>2026-08-07T23:45:07Z</time>
      </trkpt>
      <trkpt lat="23.065671" lon="113.269601">
        <time>2026-08-07T23:45:12Z</time>
      </trkpt>
      <trkpt lat="23.065637" lon="113.269692">
        <time>2026-08-07T23:45:17Z</time>
      </trkpt>
      <trkpt lat="23.065615" lon="113.269788">
        <time>2026-08-07T23:45:22Z</time>
      </trkpt>
      <trkpt lat="23.065581" lon="113.269928">
        <time>2026-08-07T23:45:27Z</time>
      </trkpt>
      <trkpt lat="23.065537" lon="113.270062">
        <time>2026-08-07T23:45:32Z</time>
      </trkpt>
      <trkpt lat="23.065507" lon="113.270153">
        <time>2026-08-07T23:45:37Z</time>
      </trkpt>
      <trkpt lat="23.065471" lon="113.270242">
        <time>2026-08-07T23:45:42Z</time>
      </trkpt>
      <trkpt lat="23.065412" lon="113.270379">
        <time>2026-08-07T23:45:47Z</time>
      </trkpt>
      <trkpt lat="23.065344" lon="113.270514">
        <time>2026-08-07T23:45:52Z</time>
      </trkpt>
      <trkpt lat="23.065296" lon="113.270608">
        <time>2026-08-07T23:45:57Z</time>
      </trkpt>
      <trkpt lat="23.065252" lon="113.270701">
        <time>2026-08-07T23:46:02Z</time>
      </trkpt>
      <trkpt lat="23.065184" lon="113.270846">
        <time>2026-08-07T23:46:07Z</time>
      </trkpt>
      <trkpt lat="23.065127" lon="113.270987">
        <time>2026-08-07T23:46:12Z</time>
      </trkpt>
      <trkpt lat="23.065088" lon="113.271078">
        <time>2026-08-07T23:46:17Z</time>
      </trkpt>
      <trkpt lat="23.065045" lon="113.271164">
        <time>2026-08-07T23:46:22Z</time>
      </trkpt>
      <trkpt lat="23.06498" lon="113.271293">
        <time>2026-08-07T23:46:27Z</time>
      </trkpt>
      <trkpt lat="23.064921" lon="113.271431">
        <time>2026-08-07T23:46:32Z</time>
      </trkpt>
      <trkpt lat="23.064882" lon="113.271525">
        <time>2026-08-07T23:46:37Z</time>
      </trkpt>
      <trkpt lat="23.06484" lon="113.27162">
        <time>2026-08-07T23:46:42Z</time>
      </trkpt>
      <trkpt lat="23.064773" lon="113.271762">
        <time>2026-08-07T23:46:47Z</time>
      </trkpt>
      <trkpt lat="23.064713" lon="113.271899">
        <time>2026-08-07T23:46:52Z</time>
      </trkpt>
      <trkpt lat="23.064668" lon="113.271987">
        <time>2026-08-07T23:46:57Z</time>
      </trkpt>
      <trkpt lat="23.064625" lon="113.272077">
        <time>2026-08-07T23:47:02Z</time>
      </trkpt>
      <trkpt lat="23.06456" lon="113.272216">
        <time>2026-08-07T23:47:07Z</time>
      </trkpt>
      <trkpt lat="23.064523" lon="113.27236">
        <time>2026-08-07T23:47:12Z</time>
      </trkpt>
      <trkpt lat="23.064497" lon="113.272457">
        <time>2026-08-07T23:47:17Z</time>
      </trkpt>
      <trkpt lat="23.064467" lon="113.272554">
        <time>2026-08-07T23:47:22Z</time>
      </trkpt>
      <trkpt lat="23.064459" lon="113.2727">
        <time>2026-08-07T23:47:27Z</time>
      </trkpt>
      <trkpt lat="23.064501" lon="113.272841">
        <time>2026-08-07T23:47:32Z</time>
      </trkpt>
      <trkpt lat="23.064534" lon="113.272934">
        <time>2026-08-07T23:47:37Z</time>
      </trkpt>
      <trkpt lat="23.064561" lon="113.273031">
        <time>2026-08-07T23:47:42Z</time>
      </trkpt>
      <trkpt lat="23.064575" lon="113.273198">
        <time>2026-08-07T23:47:47Z</time>
      </trkpt>
      <trkpt lat="23.064511" lon="113.273354">
        <time>2026-08-07T23:47:52Z</time>
      </trkpt>
      <trkpt lat="23.064433" lon="113.273437">
        <time>2026-08-07T23:47:57Z</time>
      </trkpt>
      <trkpt lat="23.064357" lon="113.273497">
        <time>2026-08-07T23:48:02Z</time>
      </trkpt>
      <trkpt lat="23.064231" lon="113.273585">
        <time>2026-08-07T23:48:07Z</time>
      </trkpt>
      <trkpt lat="23.064098" lon="113.273683">
        <time>2026-08-07T23:48:12Z</time>
      </trkpt>
      <trkpt lat="23.064011" lon="113.273751">
        <time>2026-08-07T23:48:17Z</time>
      </trkpt>
      <trkpt lat="23.063941" lon="113.273834">
        <time>2026-08-07T23:48:22Z</time>
      </trkpt>
      <trkpt lat="23.06387" lon="113.273979">
        <time>2026-08-07T23:48:27Z</time>
      </trkpt>
      <trkpt lat="23.063798" lon="113.274123">
        <time>2026-08-07T23:48:32Z</time>
      </trkpt>
      <trkpt lat="23.063734" lon="113.274203">
        <time>2026-08-07T23:48:37Z</time>
      </trkpt>
      <trkpt lat="23.063662" lon="113.274274">
        <time>2026-08-07T23:48:42Z</time>
      </trkpt>
      <trkpt lat="23.063584" lon="113.274414">
        <time>2026-08-07T23:48:47Z</time>
      </trkpt>
      <trkpt lat="23.063516" lon="113.274559">
        <time>2026-08-07T23:48:52Z</time>
      </trkpt>
      <trkpt lat="23.063487" lon="113.274663">
        <time>2026-08-07T23:48:57Z</time>
      </trkpt>
      <trkpt lat="23.063457" lon="113.27477">
        <time>2026-08-07T23:49:02Z</time>
      </trkpt>
      <trkpt lat="23.063396" lon="113.274924">
        <time>2026-08-07T23:49:07Z</time>
      </trkpt>
      <trkpt lat="23.063307" lon="113.275065">
        <time>2026-08-07T23:49:12Z</time>
      </trkpt>
      <trkpt lat="23.063259" lon="113.275163">
        <time>2026-08-07T23:49:17Z</time>
      </trkpt>
      <trkpt lat="23.063209" lon="113.275254">
        <time>2026-08-07T23:49:22Z</time>
      </trkpt>
      <trkpt lat="23.063131" lon="113.275382">
        <time>2026-08-07T23:49:27Z</time>
      </trkpt>
      <trkpt lat="23.063048" lon="113.275512">
        <time>2026-08-07T23:49:32Z</time>
      </trkpt>
      <trkpt lat="23.06299" lon="113.275594">
        <time>2026-08-07T23:49:37Z</time>
      </trkpt>
      <trkpt lat="23.062924" lon="113.27567">
        <time>2026-08-07T23:49:42Z</time>
      </trkpt>
      <trkpt lat="23.062818" lon="113.275781">
        <time>2026-08-07T23:49:47Z</time>
      </trkpt>
      <trkpt lat="23.062719" lon="113.275894">
        <time>2026-08-07T23:49:52Z</time>
      </trkpt>
      <trkpt lat="23.062657" lon="113.275968">
        <time>2026-08-07T23:49:57Z</time>
      </trkpt>
      <trkpt lat="23.062607" lon="113.276046">
        <time>2026-08-07T23:50:02Z</time>
      </trkpt>
      <trkpt lat="23.062535" lon="113.276168">
        <time>2026-08-07T23:50:07Z</time>
      </trkpt>
      <trkpt lat="23.062482" lon="113.276298">
        <time>2026-08-07T23:50:12Z</time>
      </trkpt>
      <trkpt lat="23.062448" lon="113.276384">
        <time>2026-08-07T23:50:17Z</time>
      </trkpt>
      <trkpt lat="23.062414" lon="113.276472">
        <time>2026-08-07T23:50:22Z</time>
      </trkpt>
      <trkpt lat="23.062369" lon="113.27661">
        <time>2026-08-07T23:50:27Z</time>
      </trkpt>
      <trkpt lat="23.062315" lon="113.276742">
        <time>2026-08-07T23:50:32Z</time>
      </trkpt>
      <trkpt lat="23.06228" lon="113.27683">
        <time>2026-08-07T23:50:37Z</time>
      </trkpt>
      <trkpt lat="23.062247" lon="113.276919">
        <time>2026-08-07T23:50:42Z</time>
      </trkpt>
      <trkpt lat="23.062197" lon="113.277048">
        <time>2026-08-07T23:50:47Z</time>
      </trkpt>
      <trkpt lat="23.062144" lon="113.277188">
        <time>2026-08-07T23:50:52Z</time>
      </trkpt>
      <trkpt lat="23.062119" lon="113.277282">
        <time>2026-08-07T23:50:57Z</time>
      </trkpt>
      <trkpt lat="23.062089" lon="113.277368">
        <time>2026-08-07T23:51:02Z</time>
      </trkpt>
      <trkpt lat="23.062037" lon="113.277502">
        <time>2026-08-07T23:51:07Z</time>
      </trkpt>
      <trkpt lat="23.061987" lon="113.277641">
        <time>2026-08-07T23:51:12Z</time>
      </trkpt>
      <trkpt lat="23.061959" lon="113.277734">
        <time>2026-08-07T23:51:17Z</time>
      </trkpt>
      <trkpt lat="23.061936" lon="113.277825">
        <time>2026-08-07T23:51:22Z</time>
      </trkpt>
      <trkpt lat="23.061939" lon="113.277962">
        <time>2026-08-07T23:51:27Z</time>
      </trkpt>
      <trkpt lat="23.061946" lon="113.278103">
        <time>2026-08-07T23:51:32Z</time>
      </trkpt>
      <trkpt lat="23.061952" lon="113.278199">
        <time>2026-08-07T23:51:37Z</time>
      </trkpt>
      <trkpt lat="23.061958" lon="113.278293">
        <time>2026-08-07T23:51:42Z</time>
      </trkpt>
      <trkpt lat="23.061963" lon="113.278432">
        <time>2026-08-07T23:51:47Z</time>
      </trkpt>
      <trkpt lat="23.061967" lon="113.278575">
        <time>2026-08-07T23:51:52Z</time>
      </trkpt>
      <trkpt lat="23.061969" lon="113.278667">
        <time>2026-08-07T23:51:57Z</time>
      </trkpt>
      <trkpt lat="23.061949" lon="113.278762">
        <time>2026-08-07T23:52:02Z</time>
      </trkpt>
      <trkpt lat="23.061886" lon="113.278898">
        <time>2026-08-07T23:52:07Z</time>
      </trkpt>
      <trkpt lat="23.061814" lon="113.279014">
        <time>2026-08-07T23:52:12Z</time>
      </trkpt>
      <trkpt lat="23.061761" lon="113.279089">
        <time>2026-08-07T23:52:17Z</time>
      </trkpt>
      <trkpt lat="23.061716" lon="113.279166">
        <time>2026-08-07T23:52:22Z</time>
      </trkpt>
      <trkpt lat="23.061667" lon="113.27927">
        <time>2026-08-07T23:52:27Z</time>
      </trkpt>
      <trkpt lat="23.061629" lon="113.279383">
        <time>2026-08-07T23:52:32Z</time>
      </trkpt>
      <trkpt lat="23.061593" lon="113.279473">
        <time>2026-08-07T23:52:37Z</time>
      </trkpt>
      <trkpt lat="23.061554" lon="113.279564">
        <time>2026-08-07T23:52:42Z</time>
      </trkpt>
      <trkpt lat="23.061499" lon="113.279695">
        <time>2026-08-07T23:52:47Z</time>
      </trkpt>
      <trkpt lat="23.061438" lon="113.279817">
        <time>2026-08-07T23:52:52Z</time>
      </trkpt>
      <trkpt lat="23.061405" lon="113.279903">
        <time>2026-08-07T23:52:57Z</time>
      </trkpt>
      <trkpt lat="23.061374" lon="113.279993">
        <time>2026-08-07T23:53:02Z</time>
      </trkpt>
      <trkpt lat="23.061318" lon="113.280127">
        <time>2026-08-07T23:53:07Z</time>
      </trkpt>
      <trkpt lat="23.061262" lon="113.280263">
        <time>2026-08-07T23:53:12Z</time>
      </trkpt>
      <trkpt lat="23.061215" lon="113.280341">
        <time>2026-08-07T23:53:17Z</time>
      </trkpt>
      <trkpt lat="23.061152" lon="113.28032">
        <time>2026-08-07T23:53:22Z</time>
      </trkpt>
      <trkpt lat="23.061157" lon="113.280196">
        <time>2026-08-07T23:53:27Z</time>
      </trkpt>
      <trkpt lat="23.061211" lon="113.280065">
        <time>2026-08-07T23:53:32Z</time>
      </trkpt>
      <trkpt lat="23.061252" lon="113.279974">
        <time>2026-08-07T23:53:37Z</time>
      </trkpt>
      <trkpt lat="23.061293" lon="113.279883">
        <time>2026-08-07T23:53:42Z</time>
      </trkpt>
      <trkpt lat="23.061354" lon="113.279745">
        <time>2026-08-07T23:53:47Z</time>
      </trkpt>
      <trkpt lat="23.061417" lon="113.279612">
        <time>2026-08-07T23:53:52Z</time>
      </trkpt>
      <trkpt lat="23.061446" lon="113.279524">
        <time>2026-08-07T23:53:57Z</time>
      </trkpt>
      <trkpt lat="23.061478" lon="113.279444">
        <time>2026-08-07T23:54:02Z</time>
      </trkpt>
      <trkpt lat="23.06153" lon="113.279324">
        <time>2026-08-07T23:54:07Z</time>
      </trkpt>
      <trkpt lat="23.061582" lon="113.279216">
        <time>2026-08-07T23:54:12Z</time>
      </trkpt>
      <trkpt lat="23.061615" lon="113.279146">
        <time>2026-08-07T23:54:17Z</time>
      </trkpt>
      <trkpt lat="23.061646" lon="113.279074">
        <time>2026-08-07T23:54:22Z</time>
      </trkpt>
      <trkpt lat="23.061691" lon="113.27895">
        <time>2026-08-07T23:54:27Z</time>
      </trkpt>
      <trkpt lat="23.061743" lon="113.278814">
        <time>2026-08-07T23:54:32Z</time>
      </trkpt>
      <trkpt lat="23.061779" lon="113.278741">
        <time>2026-08-07T23:54:37Z</time>
      </trkpt>
      <trkpt lat="23.061848" lon="113.278735">
        <time>2026-08-07T23:54:42Z</time>
      </trkpt>
      <trkpt lat="23.061965" lon="113.278679">
        <time>2026-08-07T23:54:47Z</time>
      </trkpt>
      <trkpt lat="23.06198" lon="113.278587">
        <time>2026-08-07T23:54:52Z</time>
      </trkpt>
      <trkpt lat="23.061974" lon="113.278529">
        <time>2026-08-07T23:54:57Z</time>
      </trkpt>
      <trkpt lat="23.061978" lon="113.278471">
        <time>2026-08-07T23:55:02Z</time>
      </trkpt>
      <trkpt lat="23.061981" lon="113.278388">
        <time>2026-08-07T23:55:07Z</time>
      </trkpt>
      <trkpt lat="23.061975" lon="113.278307">
        <time>2026-08-07T23:55:12Z</time>
      </trkpt>
      <trkpt lat="23.061973" lon="113.278247">
        <time>2026-08-07T23:55:17Z</time>
      </trkpt>
      <trkpt lat="23.061969" lon="113.278188">
        <time>2026-08-07T23:55:22Z</time>
      </trkpt>
      <trkpt lat="23.061962" lon="113.278102">
        <time>2026-08-07T23:55:27Z</time>
      </trkpt>
      <trkpt lat="23.061955" lon="113.278016">
        <time>2026-08-07T23:55:32Z</time>
      </trkpt>
      <trkpt lat="23.061953" lon="113.277958">
        <time>2026-08-07T23:55:37Z</time>
      </trkpt>
      <trkpt lat="23.061953" lon="113.277897">
        <time>2026-08-07T23:55:42Z</time>
      </trkpt>
      <trkpt lat="23.061963" lon="113.277805">
        <time>2026-08-07T23:55:47Z</time>
      </trkpt>
      <trkpt lat="23.061984" lon="113.277722">
        <time>2026-08-07T23:55:52Z</time>
      </trkpt>
      <trkpt lat="23.061996" lon="113.277679">
        <time>2026-08-07T23:55:57Z</time>
      </trkpt>
      <trkpt lat="23.062011" lon="113.277634">
        <time>2026-08-07T23:56:02Z</time>
      </trkpt>
      <trkpt lat="23.062032" lon="113.277563">
        <time>2026-08-07T23:56:07Z</time>
      </trkpt>
      <trkpt lat="23.062065" lon="113.277455">
        <time>2026-08-07T23:56:12Z</time>
      </trkpt>
      <trkpt lat="23.062099" lon="113.277358">
        <time>2026-08-07T23:56:17Z</time>
      </trkpt>
      <trkpt lat="23.062138" lon="113.277259">
        <time>2026-08-07T23:56:22Z</time>
      </trkpt>
      <trkpt lat="23.062179" lon="113.277103">
        <time>2026-08-07T23:56:27Z</time>
      </trkpt>
      <trkpt lat="23.062231" lon="113.27696">
        <time>2026-08-07T23:56:32Z</time>
      </trkpt>
      <trkpt lat="23.062268" lon="113.276865">
        <time>2026-08-07T23:56:37Z</time>
      </trkpt>
      <trkpt lat="23.062304" lon="113.276769">
        <time>2026-08-07T23:56:42Z</time>
      </trkpt>
      <trkpt lat="23.062356" lon="113.276628">
        <time>2026-08-07T23:56:47Z</time>
      </trkpt>
      <trkpt lat="23.062407" lon="113.276483">
        <time>2026-08-07T23:56:52Z</time>
      </trkpt>
      <trkpt lat="23.06244" lon="113.276391">
        <time>2026-08-07T23:56:57Z</time>
      </trkpt>
      <trkpt lat="23.062475" lon="113.276301">
        <time>2026-08-07T23:57:02Z</time>
      </trkpt>
      <trkpt lat="23.062537" lon="113.276171">
        <time>2026-08-07T23:57:07Z</time>
      </trkpt>
      <trkpt lat="23.062612" lon="113.276046">
        <time>2026-08-07T23:57:12Z</time>
      </trkpt>
      <trkpt lat="23.062667" lon="113.275966">
        <time>2026-08-07T23:57:17Z</time>
      </trkpt>
      <trkpt lat="23.062728" lon="113.275888">
        <time>2026-08-07T23:57:22Z</time>
      </trkpt>
      <trkpt lat="23.062825" lon="113.275786">
        <time>2026-08-07T23:57:27Z</time>
      </trkpt>
      <trkpt lat="23.062931" lon="113.275692">
        <time>2026-08-07T23:57:32Z</time>
      </trkpt>
      <trkpt lat="23.062995" lon="113.275625">
        <time>2026-08-07T23:57:37Z</time>
      </trkpt>
      <trkpt lat="23.063055" lon="113.275554">
        <time>2026-08-07T23:57:42Z</time>
      </trkpt>
      <trkpt lat="23.063123" lon="113.275442">
        <time>2026-08-07T23:57:47Z</time>
      </trkpt>
      <trkpt lat="23.063182" lon="113.275332">
        <time>2026-08-07T23:57:52Z</time>
      </trkpt>
      <trkpt lat="23.063223" lon="113.275261">
        <time>2026-08-07T23:57:57Z</time>
      </trkpt>
      <trkpt lat="23.06328" lon="113.275198">
        <time>2026-08-07T23:58:02Z</time>
      </trkpt>
      <trkpt lat="23.063358" lon="113.275099">
        <time>2026-08-07T23:58:07Z</time>
      </trkpt>
      <trkpt lat="23.063416" lon="113.274978">
        <time>2026-08-07T23:58:12Z</time>
      </trkpt>
      <trkpt lat="23.063443" lon="113.274901">
        <time>2026-08-07T23:58:17Z</time>
      </trkpt>
      <trkpt lat="23.063463" lon="113.274825">
        <time>2026-08-07T23:58:22Z</time>
      </trkpt>
      <trkpt lat="23.063501" lon="113.27471">
        <time>2026-08-07T23:58:27Z</time>
      </trkpt>
      <trkpt lat="23.063536" lon="113.274591">
        <time>2026-08-07T23:58:32Z</time>
      </trkpt>
      <trkpt lat="23.063555" lon="113.274505">
        <time>2026-08-07T23:58:37Z</time>
      </trkpt>
      <trkpt lat="23.06359" lon="113.274421">
        <time>2026-08-07T23:58:42Z</time>
      </trkpt>
      <trkpt lat="23.063662" lon="113.274308">
        <time>2026-08-07T23:58:47Z</time>
      </trkpt>
      <trkpt lat="23.063773" lon="113.27423">
        <time>2026-08-07T23:58:52Z</time>
      </trkpt>
      <trkpt lat="23.063838" lon="113.274166">
        <time>2026-08-07T23:58:57Z</time>
      </trkpt>
      <trkpt lat="23.063882" lon="113.274089">
        <time>2026-08-07T23:59:02Z</time>
      </trkpt>
      <trkpt lat="23.06392" lon="113.273998">
        <time>2026-08-07T23:59:07Z</time>
      </trkpt>
      <trkpt lat="23.063955" lon="113.273923">
        <time>2026-08-07T23:59:12Z</time>
      </trkpt>
      <trkpt lat="23.06398" lon="113.273874">
        <time>2026-08-07T23:59:17Z</time>
      </trkpt>
      <trkpt lat="23.064006" lon="113.273828">
        <time>2026-08-07T23:59:22Z</time>
      </trkpt>
      <trkpt lat="23.064055" lon="113.273763">
        <time>2026-08-07T23:59:27Z</time>
      </trkpt>
      <trkpt lat="23.064112" lon="113.273703">
        <time>2026-08-07T23:59:32Z</time>
      </trkpt>
      <trkpt lat="23.064175" lon="113.27365">
        <time>2026-08-07T23:59:37Z</time>
      </trkpt>
      <trkpt lat="23.064246" lon="113.27359">
        <time>2026-08-07T23:59:42Z</time>
      </trkpt>
      <trkpt lat="23.064356" lon="113.273497">
        <time>2026-08-07T23:59:47Z</time>
      </trkpt>
      <trkpt lat="23.064467" lon="113.273414">
        <time>2026-08-07T23:59:52Z</time>
      </trkpt>
      <trkpt lat="23.064529" lon="113.273346">
        <time>2026-08-07T23:59:57Z</time>
      </trkpt>
      <trkpt lat="23.064571" lon="113.273254">
        <time>2026-08-08T00:00:02Z</time>
      </trkpt>
      <trkpt lat="23.064584" lon="113.2731">
        <time>2026-08-08T00:00:07Z</time>
      </trkpt>
      <trkpt lat="23.064539" lon="113.27295">
        <time>2026-08-08T00:00:12Z</time>
      </trkpt>
      <trkpt lat="23.064501" lon="113.272854">
        <time>2026-08-08T00:00:17Z</time>
      </trkpt>
      <trkpt lat="23.064474" lon="113.272755">
        <time>2026-08-08T00:00:22Z</time>
      </trkpt>
      <trkpt lat="23.064456" lon="113.272605">
        <time>2026-08-08T00:00:27Z</time>
      </trkpt>
      <trkpt lat="23.064516" lon="113.272482">
        <time>2026-08-08T00:00:32Z</time>
      </trkpt>
      <trkpt lat="23.064556" lon="113.272386">
        <time>2026-08-08T00:00:37Z</time>
      </trkpt>
      <trkpt lat="23.06457" lon="113.272272">
        <time>2026-08-08T00:00:42Z</time>
      </trkpt>
      <trkpt lat="23.064616" lon="113.272118">
        <time>2026-08-08T00:00:47Z</time>
      </trkpt>
      <trkpt lat="23.064675" lon="113.271991">
        <time>2026-08-08T00:00:52Z</time>
      </trkpt>
      <trkpt lat="23.064711" lon="113.27191">
        <time>2026-08-08T00:00:57Z</time>
      </trkpt>
      <trkpt lat="23.064744" lon="113.271827">
        <time>2026-08-08T00:01:02Z</time>
      </trkpt>
      <trkpt lat="23.064805" lon="113.2717">
        <time>2026-08-08T00:01:07Z</time>
      </trkpt>
      <trkpt lat="23.064871" lon="113.271569">
        <time>2026-08-08T00:01:12Z</time>
      </trkpt>
      <trkpt lat="23.06491" lon="113.27148">
        <time>2026-08-08T00:01:17Z</time>
      </trkpt>
      <trkpt lat="23.064961" lon="113.271394">
        <time>2026-08-08T00:01:22Z</time>
      </trkpt>
      <trkpt lat="23.065028" lon="113.271272">
        <time>2026-08-08T00:01:27Z</time>
      </trkpt>
      <trkpt lat="23.06509" lon="113.271164">
        <time>2026-08-08T00:01:32Z</time>
      </trkpt>
      <trkpt lat="23.065129" lon="113.271078">
        <time>2026-08-08T00:01:37Z</time>
      </trkpt>
      <trkpt lat="23.065155" lon="113.270989">
        <time>2026-08-08T00:01:42Z</time>
      </trkpt>
      <trkpt lat="23.065201" lon="113.270863">
        <time>2026-08-08T00:01:47Z</time>
      </trkpt>
      <trkpt lat="23.065253" lon="113.270747">
        <time>2026-08-08T00:01:52Z</time>
      </trkpt>
      <trkpt lat="23.065285" lon="113.270669">
        <time>2026-08-08T00:01:57Z</time>
      </trkpt>
      <trkpt lat="23.06532" lon="113.270592">
        <time>2026-08-08T00:02:02Z</time>
      </trkpt>
      <trkpt lat="23.06537" lon="113.27047">
        <time>2026-08-08T00:02:07Z</time>
      </trkpt>
      <trkpt lat="23.065425" lon="113.270352">
        <time>2026-08-08T00:02:12Z</time>
      </trkpt>
      <trkpt lat="23.065461" lon="113.27027">
        <time>2026-08-08T00:02:17Z</time>
      </trkpt>
      <trkpt lat="23.065501" lon="113.270182">
        <time>2026-08-08T00:02:22Z</time>
      </trkpt>
      <trkpt lat="23.065555" lon="113.270043">
        <time>2026-08-08T00:02:27Z</time>
      </trkpt>
      <trkpt lat="23.065595" lon="113.269912">
        <time>2026-08-08T00:02:32Z</time>
      </trkpt>
      <trkpt lat="23.065622" lon="113.269827">
        <time>2026-08-08T00:02:37Z</time>
      </trkpt>
      <trkpt lat="23.065649" lon="113.269741">
        <time>2026-08-08T00:02:42Z</time>
      </trkpt>
      <trkpt lat="23.0657" lon="113.269615">
        <time>2026-08-08T00:02:47Z</time>
      </trkpt>
      <trkpt lat="23.065744" lon="113.269485">
        <time>2026-08-08T00:02:52Z</time>
      </trkpt>
      <trkpt lat="23.06576" lon="113.269396">
        <time>2026-08-08T00:02:57Z</time>
      </trkpt>
      <trkpt lat="23.065784" lon="113.269303">
        <time>2026-08-08T00:03:02Z</time>
      </trkpt>
      <trkpt lat="23.065824" lon="113.269166">
        <time>2026-08-08T00:03:07Z</time>
      </trkpt>
      <trkpt lat="23.065868" lon="113.269041">
        <time>2026-08-08T00:03:12Z</time>
      </trkpt>
      <trkpt lat="23.065901" lon="113.268957">
        <time>2026-08-08T00:03:17Z</time>
      </trkpt>
      <trkpt lat="23.065932" lon="113.268868">
        <time>2026-08-08T00:03:22Z</time>
      </trkpt>
      <trkpt lat="23.06598" lon="113.268739">
        <time>2026-08-08T00:03:27Z</time>
      </trkpt>
      <trkpt lat="23.066049" lon="113.268611">
        <time>2026-08-08T00:03:32Z</time>
      </trkpt>
      <trkpt lat="23.066103" lon="113.268533">
        <time>2026-08-08T00:03:37Z</time>
      </trkpt>
      <trkpt lat="23.06615" lon="113.268458">
        <time>2026-08-08T00:03:42Z</time>
      </trkpt>
      <trkpt lat="23.066227" lon="113.268343">
        <time>2026-08-08T00:03:47Z</time>
      </trkpt>
      <trkpt lat="23.066313" lon="113.268226">
        <time>2026-08-08T00:03:52Z</time>
      </trkpt>
      <trkpt lat="23.066389" lon="113.26817">
        <time>2026-08-08T00:03:57Z</time>
      </trkpt>
      <trkpt lat="23.06648" lon="113.268147">
        <time>2026-08-08T00:04:02Z</time>
      </trkpt>
      <trkpt lat="23.066616" lon="113.26816">
        <time>2026-08-08T00:04:07Z</time>
      </trkpt>
      <trkpt lat="23.06675" lon="113.268177">
        <time>2026-08-08T00:04:12Z</time>
      </trkpt>
      <trkpt lat="23.066836" lon="113.268173">
        <time>2026-08-08T00:04:17Z</time>
      </trkpt>
      <trkpt lat="23.066923" lon="113.268177">
        <time>2026-08-08T00:04:22Z</time>
      </trkpt>
      <trkpt lat="23.06704" lon="113.268216">
        <time>2026-08-08T00:04:27Z</time>
      </trkpt>
      <trkpt lat="23.067146" lon="113.268268">
        <time>2026-08-08T00:04:32Z</time>
      </trkpt>
      <trkpt lat="23.067217" lon="113.268303">
        <time>2026-08-08T00:04:37Z</time>
      </trkpt>
      <trkpt lat="23.067292" lon="113.268351">
        <time>2026-08-08T00:04:42Z</time>
      </trkpt>
      <trkpt lat="23.067392" lon="113.268421">
        <time>2026-08-08T00:04:47Z</time>
      </trkpt>
      <trkpt lat="23.067499" lon="113.268487">
        <time>2026-08-08T00:04:52Z</time>
      </trkpt>
      <trkpt lat="23.067584" lon="113.268533">
        <time>2026-08-08T00:04:57Z</time>
      </trkpt>
      <trkpt lat="23.067668" lon="113.268575">
        <time>2026-08-08T00:05:02Z</time>
      </trkpt>
      <trkpt lat="23.067786" lon="113.268626">
        <time>2026-08-08T00:05:07Z</time>
      </trkpt>
      <trkpt lat="23.0679" lon="113.268697">
        <time>2026-08-08T00:05:12Z</time>
      </trkpt>
      <trkpt lat="23.067966" lon="113.268746">
        <time>2026-08-08T00:05:17Z</time>
      </trkpt>
      <trkpt lat="23.068034" lon="113.268782">
        <time>2026-08-08T00:05:22Z</time>
      </trkpt>
      <trkpt lat="23.068135" lon="113.26881">
        <time>2026-08-08T00:05:27Z</time>
      </trkpt>
      <trkpt lat="23.068204" lon="113.268837">
        <time>2026-08-08T00:05:32Z</time>
      </trkpt>
      <trkpt lat="23.068247" lon="113.268863">
        <time>2026-08-08T00:05:37Z</time>
      </trkpt>
      <trkpt lat="23.068293" lon="113.268891">
        <time>2026-08-08T00:05:42Z</time>
      </trkpt>
      <trkpt lat="23.068347" lon="113.26895">
        <time>2026-08-08T00:05:47Z</time>
      </trkpt>
      <trkpt lat="23.068413" lon="113.269027">
        <time>2026-08-08T00:05:52Z</time>
      </trkpt>
      <trkpt lat="23.068463" lon="113.269069">
        <time>2026-08-08T00:05:57Z</time>
      </trkpt>
      <trkpt lat="23.068508" lon="113.269103">
        <time>2026-08-08T00:06:02Z</time>
      </trkpt>
      <trkpt lat="23.068586" lon="113.269137">
        <time>2026-08-08T00:06:07Z</time>
      </trkpt>
      <trkpt lat="23.068672" lon="113.269153">
        <time>2026-08-08T00:06:12Z</time>
      </trkpt>
      <trkpt lat="23.068733" lon="113.269157">
        <time>2026-08-08T00:06:17Z</time>
      </trkpt>
      <trkpt lat="23.068795" lon="113.269164">
        <time>2026-08-08T00:06:22Z</time>
      </trkpt>
      <trkpt lat="23.068906" lon="113.269184">
        <time>2026-08-08T00:06:27Z</time>
      </trkpt>
      <trkpt lat="23.069045" lon="113.269218">
        <time>2026-08-08T00:06:32Z</time>
      </trkpt>
      <trkpt lat="23.069136" lon="113.269248">
        <time>2026-08-08T00:06:37Z</time>
      </trkpt>
      <trkpt lat="23.069223" lon="113.269294">
        <time>2026-08-08T00:06:42Z</time>
      </trkpt>
      <trkpt lat="23.069358" lon="113.269366">
        <time>2026-08-08T00:06:47Z</time>
      </trkpt>
      <trkpt lat="23.069483" lon="113.26943">
        <time>2026-08-08T00:06:52Z</time>
      </trkpt>
      <trkpt lat="23.069565" lon="113.269468">
        <time>2026-08-08T00:06:57Z</time>
      </trkpt>
      <trkpt lat="23.069647" lon="113.269502">
        <time>2026-08-08T00:07:02Z</time>
      </trkpt>
      <trkpt lat="23.069772" lon="113.269546">
        <time>2026-08-08T00:07:07Z</time>
      </trkpt>
      <trkpt lat="23.069889" lon="113.269613">
        <time>2026-08-08T00:07:12Z</time>
      </trkpt>
      <trkpt lat="23.069963" lon="113.269672">
        <time>2026-08-08T00:07:17Z</time>
      </trkpt>
      <trkpt lat="23.070033" lon="113.269736">
        <time>2026-08-08T00:07:22Z</time>
      </trkpt>
      <trkpt lat="23.070161" lon="113.2698">
        <time>2026-08-08T00:07:27Z</time>
      </trkpt>
      <trkpt lat="23.070291" lon="113.269865">
        <time>2026-08-08T00:07:32Z</time>
      </trkpt>
      <trkpt lat="23.070361" lon="113.269902">
        <time>2026-08-08T00:07:37Z</time>
      </trkpt>
      <trkpt lat="23.070432" lon="113.26992">
        <time>2026-08-08T00:07:42Z</time>
      </trkpt>
      <trkpt lat="23.070542" lon="113.269969">
        <time>2026-08-08T00:07:47Z</time>
      </trkpt>
      <trkpt lat="23.070647" lon="113.270024">
        <time>2026-08-08T00:07:52Z</time>
      </trkpt>
      <trkpt lat="23.070718" lon="113.270066">
        <time>2026-08-08T00:07:57Z</time>
      </trkpt>
      <trkpt lat="23.070795" lon="113.270108">
        <time>2026-08-08T00:08:02Z</time>
      </trkpt>
      <trkpt lat="23.070927" lon="113.27013">
        <time>2026-08-08T00:08:07Z</time>
      </trkpt>
      <trkpt lat="23.071024" lon="113.270184">
        <time>2026-08-08T00:08:12Z</time>
      </trkpt>
      <trkpt lat="23.071103" lon="113.270226">
        <time>2026-08-08T00:08:17Z</time>
      </trkpt>
      <trkpt lat="23.071182" lon="113.270271">
        <time>2026-08-08T00:08:22Z</time>
      </trkpt>
      <trkpt lat="23.071272" lon="113.270346">
        <time>2026-08-08T00:08:27Z</time>
      </trkpt>
      <trkpt lat="23.071375" lon="113.270398">
        <time>2026-08-08T00:08:32Z</time>
      </trkpt>
      <trkpt lat="23.071446" lon="113.270439">
        <time>2026-08-08T00:08:37Z</time>
      </trkpt>
      <trkpt lat="23.071517" lon="113.27048">
        <time>2026-08-08T00:08:42Z</time>
      </trkpt>
      <trkpt lat="23.071639" lon="113.270528">
        <time>2026-08-08T00:08:47Z</time>
      </trkpt>
      <trkpt lat="23.071767" lon="113.270567">
        <time>2026-08-08T00:08:52Z</time>
      </trkpt>
      <trkpt lat="23.071851" lon="113.270599">
        <time>2026-08-08T00:08:57Z</time>
      </trkpt>
      <trkpt lat="23.071927" lon="113.270631">
        <time>2026-08-08T00:09:02Z</time>
      </trkpt>
      <trkpt lat="23.072044" lon="113.270662">
        <time>2026-08-08T00:09:07Z</time>
      </trkpt>
      <trkpt lat="23.072163" lon="113.270706">
        <time>2026-08-08T00:09:12Z</time>
      </trkpt>
      <trkpt lat="23.072228" lon="113.270752">
        <time>2026-08-08T00:09:17Z</time>
      </trkpt>
      <trkpt lat="23.072295" lon="113.270791">
        <time>2026-08-08T00:09:22Z</time>
      </trkpt>
      <trkpt lat="23.0724" lon="113.270812">
        <time>2026-08-08T00:09:27Z</time>
      </trkpt>
      <trkpt lat="23.072488" lon="113.270882">
        <time>2026-08-08T00:09:32Z</time>
      </trkpt>
      <trkpt lat="23.072562" lon="113.270924">
        <time>2026-08-08T00:09:37Z</time>
      </trkpt>
      <trkpt lat="23.072633" lon="113.270966">
        <time>2026-08-08T00:09:42Z</time>
      </trkpt>
      <trkpt lat="23.072739" lon="113.271026">
        <time>2026-08-08T00:09:47Z</time>
      </trkpt>
      <trkpt lat="23.072857" lon="113.271057">
        <time>2026-08-08T00:09:52Z</time>
      </trkpt>
      <trkpt lat="23.072937" lon="113.271078">
        <time>2026-08-08T00:09:57Z</time>
      </trkpt>
      <trkpt lat="23.073013" lon="113.271106">
        <time>2026-08-08T00:10:02Z</time>
      </trkpt>
      <trkpt lat="23.073128" lon="113.271157">
        <time>2026-08-08T00:10:07Z</time>
      </trkpt>
      <trkpt lat="23.073217" lon="113.271194">
        <time>2026-08-08T00:10:12Z</time>
      </trkpt>
      <trkpt lat="23.073259" lon="113.271242">
        <time>2026-08-08T00:10:17Z</time>
      </trkpt>
      <trkpt lat="23.073333" lon="113.271299">
        <time>2026-08-08T00:10:22Z</time>
      </trkpt>
      <trkpt lat="23.07345" lon="113.271382">
        <time>2026-08-08T00:10:27Z</time>
      </trkpt>
      <trkpt lat="23.073534" lon="113.27145">
        <time>2026-08-08T00:10:32Z</time>
      </trkpt>
      <trkpt lat="23.073565" lon="113.271501">
        <time>2026-08-08T00:10:37Z</time>
      </trkpt>
      <trkpt lat="23.073602" lon="113.271557">
        <time>2026-08-08T00:10:42Z</time>
      </trkpt>
      <trkpt lat="23.073674" lon="113.271604">
        <time>2026-08-08T00:10:47Z</time>
      </trkpt>
      <trkpt lat="23.073763" lon="113.271633">
        <time>2026-08-08T00:10:52Z</time>
      </trkpt>
      <trkpt lat="23.073819" lon="113.271666">
        <time>2026-08-08T00:10:57Z</time>
      </trkpt>
      <trkpt lat="23.073902" lon="113.271702">
        <time>2026-08-08T00:11:02Z</time>
      </trkpt>
      <trkpt lat="23.074029" lon="113.271754">
        <time>2026-08-08T00:11:07Z</time>
      </trkpt>
      <trkpt lat="23.074099" lon="113.271791">
        <time>2026-08-08T00:11:12Z</time>
      </trkpt>
      <trkpt lat="23.074073" lon="113.27186">
        <time>2026-08-08T00:11:17Z</time>
      </trkpt>
      <trkpt lat="23.074031" lon="113.271947">
        <time>2026-08-08T00:11:22Z</time>
      </trkpt>
      <trkpt lat="23.07398" lon="113.272073">
        <time>2026-08-08T00:11:27Z</time>
      </trkpt>
      <trkpt lat="23.073914" lon="113.272201">
        <time>2026-08-08T00:11:32Z</time>
      </trkpt>
      <trkpt lat="23.073871" lon="113.272295">
        <time>2026-08-08T00:11:37Z</time>
      </trkpt>
      <trkpt lat="23.07383" lon="113.272395">
        <time>2026-08-08T00:11:42Z</time>
      </trkpt>
      <trkpt lat="23.073758" lon="113.272552">
        <time>2026-08-08T00:11:47Z</time>
      </trkpt>
      <trkpt lat="23.073702" lon="113.272717">
        <time>2026-08-08T00:11:52Z</time>
      </trkpt>
      <trkpt lat="23.073682" lon="113.272818">
        <time>2026-08-08T00:11:57Z</time>
      </trkpt>
      <trkpt lat="23.073715" lon="113.272889">
        <time>2026-08-08T00:12:02Z</time>
      </trkpt>
      <trkpt lat="23.073856" lon="113.272967">
        <time>2026-08-08T00:12:07Z</time>
      </trkpt>
      <trkpt lat="23.073982" lon="113.272998">
        <time>2026-08-08T00:12:12Z</time>
      </trkpt>
      <trkpt lat="23.074022" lon="113.272922">
        <time>2026-08-08T00:12:17Z</time>
      </trkpt>
      <trkpt lat="23.074088" lon="113.272787">
        <time>2026-08-08T00:12:26Z</time>
      </trkpt>
    </trkseg>
  </trk>
</gpx>