<?xml version="1.0" encoding="UTF-8"?>
<gpx xmlns="http://www.topografix.com/GPX/1/1" xmlns:gpxtpx="http://www.garmin.com/xmlschemas/TrackPointExtension/v1" xmlns:xsi="http://www.w3.org/2001/XMLSchema-instance" xsi:schemaLocation="http://www.topografix.com/GPX/1/1 http://www.topografix.com/GPX/1/1/gpx.xsd" version="1.1" creator="gpx.py -- https://github.com/tkrajina/gpxpy">
  <trk>
    <name>gpx from joyrun</name>
    <trkseg>
      <trkpt lat="23.076054" lon="113.272845">
        <time>2026-08-14T22:03:09Z</time>
      </trkpt>
      <trkpt lat="23.076041" lon="113.272828">
        <time>2026-08-14T22:03:14Z</time>
      </trkpt>
      <trkpt lat="23.075942" lon="113.272737">
        <time>2026-08-14T22:03:19Z</time>
      </trkpt>
      <trkpt lat="23.075843" lon="113.272683">
        <time>2026-08-14T22:03:24Z</time>
      </trkpt>
      <trkpt lat="23.075754" lon="113.272631">
        <time>2026-08-14T22:03:29Z</time>
      </trkpt>
      <trkpt lat="23.075626" lon="113.272553">
        <time>2026-08-14T22:03:34Z</time>
      </trkpt>
      <trkpt lat="23.075508" lon="113.272481">
        <time>2026-08-14T22:03:39Z</time>
      </trkpt>
      <trkpt lat="23.075428" lon="113.272429">
        <time>2026-08-14T22:03:44Z</time>
      </trkpt>
      <trkpt lat="23.075335" lon="113.272399">
        <time>2026-08-14T22:03:49Z</time>
      </trkpt>
      <trkpt lat="23.075199" lon="113.272357">
        <time>2026-08-14T22:03:54Z</time>
      </trkpt>
      <trkpt lat="23.075094" lon="113.272278">
        <time>2026-08-14T22:03:59Z</time>
      </trkpt>
      <trkpt lat="23.075012" lon="113.272229">
        <time>2026-08-14T22:04:04Z</time>
      </trkpt>
      <trkpt lat="23.074929" lon="113.272171">
        <time>2026-08-14T22:04:09Z</time>
      </trkpt>
      <trkpt lat="23.07482" lon="113.272086">
        <time>2026-08-14T22:04:14Z</time>
      </trkpt>
      <trkpt lat="23.074698" lon="113.272012">
        <time>2026-08-14T22:04:19Z</time>
      </trkpt>
      <trkpt lat="23.074601" lon="113.271977">
        <time>2026-08-14T22:04:24Z</time>
      </trkpt>
      <trkpt lat="23.074499" lon="113.271959">
        <time>2026-08-14T22:04:29Z</time>
      </trkpt>
      <trkpt lat="23.07436" lon="113.272033">
        <time>2026-08-14T22:04:34Z</time>
      </trkpt>
      <trkpt lat="23.074293" lon="113.272178">
        <time>2026-08-14T22:04:39Z</time>
      </trkpt>
      <trkpt lat="23.074267" lon="113.272275">
        <time>2026-08-14T22:04:44Z</time>
      </trkpt>
      <trkpt lat="23.074238" lon="113.272368">
        <time>2026-08-14T22:04:49Z</time>
      </trkpt>
      <trkpt lat="23.074177" lon="113.272488">
        <time>2026-08-14T22:04:54Z</time>
      </trkpt>
      <trkpt lat="23.074126" lon="113.272627">
        <time>2026-08-14T22:04:59Z</time>
      </trkpt>
      <trkpt lat="23.074095" lon="113.272722">
        <time>2026-08-14T22:05:04Z</time>
      </trkpt>
      <trkpt lat="23.074057" lon="113.272819">
        <time>2026-08-14T22:05:09Z</time>
      </trkpt>
      <trkpt lat="23.073999" lon="113.272962">
        <time>2026-08-14T22:05:14Z</time>
      </trkpt>
      <trkpt lat="23.07397" lon="113.273027">
        <time>2026-08-14T22:05:19Z</time>
      </trkpt>
      <trkpt lat="23.073959" lon="113.273003">
        <time>2026-08-14T22:05:24Z</time>
      </trkpt>
      <trkpt lat="23.073917" lon="113.272973">
        <time>2026-08-14T22:05:29Z</time>
      </trkpt>
      <trkpt lat="23.07379" lon="113.272918">
        <time>2026-08-14T22:05:34Z</time>
      </trkpt>
      <trkpt lat="23.073704" lon="113.272825">
        <time>2026-08-14T22:05:39Z</time>
      </trkpt>
      <trkpt lat="23.07372" lon="113.272748">
        <time>2026-08-14T22:05:44Z</time>
      </trkpt>
      <trkpt lat="23.073759" lon="113.272667">
        <time>2026-08-14T22:05:49Z</time>
      </trkpt>
      <trkpt lat="23.073813" lon="113.272541">
        <time>2026-08-14T22:05:54Z</time>
      </trkpt>
      <trkpt lat="23.073857" lon="113.272433">
        <time>2026-08-14T22:05:59Z</time>
      </trkpt>
      <trkpt lat="23.073891" lon="113.272347">
        <time>2026-08-14T22:06:04Z</time>
      </trkpt>
      <trkpt lat="23.073927" lon="113.272254">
        <time>2026-08-14T22:06:09Z</time>
      </trkpt>
      <trkpt lat="23.073987" lon="113.272124">
        <time>2026-08-14T22:06:14Z</time>
      </trkpt>
      <trkpt lat="23.074045" lon="113.272007">
        <time>2026-08-14T22:06:19Z</time>
      </trkpt>
      <trkpt lat="23.074091" lon="113.271923">
        <time>2026-08-14T22:06:24Z</time>
      </trkpt>
      <trkpt lat="23.074129" lon="113.271829">
        <time>2026-08-14T22:06:29Z</time>
      </trkpt>
      <trkpt lat="23.074117" lon="113.271706">
        <time>2026-08-14T22:06:34Z</time>
      </trkpt>
      <trkpt lat="23.074008" lon="113.271636">
        <time>2026-08-14T22:06:39Z</time>
      </trkpt>
      <trkpt lat="23.07394" lon="113.271595">
        <time>2026-08-14T22:06:44Z</time>
      </trkpt>
      <trkpt lat="23.07387" lon="113.271558">
        <time>2026-08-14T22:06:49Z</time>
      </trkpt>
      <trkpt lat="23.07375" lon="113.271491">
        <time>2026-08-14T22:06:54Z</time>
      </trkpt>
      <trkpt lat="23.073617" lon="113.271426">
        <time>2026-08-14T22:06:59Z</time>
      </trkpt>
      <trkpt lat="23.073523" lon="113.271397">
        <time>2026-08-14T22:07:04Z</time>
      </trkpt>
      <trkpt lat="23.073432" lon="113.271367">
        <time>2026-08-14T22:07:09Z</time>
      </trkpt>
      <trkpt lat="23.07332" lon="113.271285">
        <time>2026-08-14T22:07:14Z</time>
      </trkpt>
      <trkpt lat="23.073224" lon="113.27118">
        <time>2026-08-14T22:07:19Z</time>
      </trkpt>
      <trkpt lat="23.073134" lon="113.271131">
        <time>2026-08-14T22:07:24Z</time>
      </trkpt>
      <trkpt lat="23.073048" lon="113.271086">
        <time>2026-08-14T22:07:29Z</time>
      </trkpt>
      <trkpt lat="23.072949" lon="113.270988">
        <time>2026-08-14T22:07:34Z</time>
      </trkpt>
      <trkpt lat="23.072828" lon="113.270896">
        <time>2026-08-14T22:07:39Z</time>
      </trkpt>
      <trkpt lat="23.072739" lon="113.270846">
        <time>2026-08-14T22:07:44Z</time>
      </trkpt>
      <trkpt lat="23.072647" lon="113.270801">
        <time>2026-08-14T22:07:49Z</time>
      </trkpt>
      <trkpt lat="23.072502" lon="113.270734">
        <time>2026-08-14T22:07:54Z</time>
      </trkpt>
      <trkpt lat="23.072378" lon="113.270659">
        <time>2026-08-14T22:07:59Z</time>
      </trkpt>
      <trkpt lat="23.072294" lon="113.270613">
        <time>2026-08-14T22:08:04Z</time>
      </trkpt>
      <trkpt lat="23.072206" lon="113.270565">
        <time>2026-08-14T22:08:09Z</time>
      </trkpt>
      <trkpt lat="23.072068" lon="113.270484">
        <time>2026-08-14T22:08:14Z</time>
      </trkpt>
      <trkpt lat="23.071938" lon="113.270411">
        <time>2026-08-14T22:08:19Z</time>
      </trkpt>
      <trkpt lat="23.071845" lon="113.270376">
        <time>2026-08-14T22:08:24Z</time>
      </trkpt>
      <trkpt lat="23.071756" lon="113.27034">
        <time>2026-08-14T22:08:29Z</time>
      </trkpt>
      <trkpt lat="23.071604" lon="113.270286">
        <time>2026-08-14T22:08:34Z</time>
      </trkpt>
      <trkpt lat="23.071483" lon="113.270231">
        <time>2026-08-14T22:08:39Z</time>
      </trkpt>
      <trkpt lat="23.071391" lon="113.270194">
        <time>2026-08-14T22:08:44Z</time>
      </trkpt>
      <trkpt lat="23.071297" lon="113.270165">
        <time>2026-08-14T22:08:49Z</time>
      </trkpt>
      <trkpt lat="23.071162" lon="113.270111">
        <time>2026-08-14T22:08:54Z</time>
      </trkpt>
      <trkpt lat="23.071033" lon="113.270054">
        <time>2026-08-14T22:08:59Z</time>
      </trkpt>
      <trkpt lat="23.070947" lon="113.270015">
        <time>2026-08-14T22:09:04Z</time>
      </trkpt>
      <trkpt lat="23.070857" lon="113.26998">
        <time>2026-08-14T22:09:09Z</time>
      </trkpt>
      <trkpt lat="23.070711" lon="113.26992">
        <time>2026-08-14T22:09:14Z</time>
      </trkpt>
      <trkpt lat="23.070569" lon="113.26985">
        <time>2026-08-14T22:09:19Z</time>
      </trkpt>
      <trkpt lat="23.070465" lon="113.269822">
        <time>2026-08-14T22:09:24Z</time>
      </trkpt>
      <trkpt lat="23.070374" lon="113.269781">
        <time>2026-08-14T22:09:29Z</time>
      </trkpt>
      <trkpt lat="23.070243" lon="113.269721">
        <time>2026-08-14T22:09:34Z</time>
      </trkpt>
      <trkpt lat="23.070108" lon="113.269669">
        <time>2026-08-14T22:09:39Z</time>
      </trkpt>
      <trkpt lat="23.070018" lon="113.269625">
        <time>2026-08-14T22:09:44Z</time>
      </trkpt>
      <trkpt lat="23.069929" lon="113.269579">
        <time>2026-08-14T22:09:49Z</time>
      </trkpt>
      <trkpt lat="23.069799" lon="113.269511">
        <time>2026-08-14T22:09:54Z</time>
      </trkpt>
      <trkpt lat="23.069657" lon="113.269443">
        <time>2026-08-14T22:09:59Z</time>
      </trkpt>
      <trkpt lat="23.069569" lon="113.269397">
        <time>2026-08-14T22:10:04Z</time>
      </trkpt>
      <trkpt lat="23.069483" lon="113.26935">
        <time>2026-08-14T22:10:09Z</time>
      </trkpt>
      <trkpt lat="23.069337" lon="113.269274">
        <time>2026-08-14T22:10:14Z</time>
      </trkpt>
      <trkpt lat="23.069221" lon="113.269166">
        <time>2026-08-14T22:10:19Z</time>
      </trkpt>
      <trkpt lat="23.069175" lon="113.269077">
        <time>2026-08-14T22:10:24Z</time>
      </trkpt>
      <trkpt lat="23.069118" lon="113.268999">
        <time>2026-08-14T22:10:29Z</time>
      </trkpt>
      <trkpt lat="23.06899" lon="113.268945">
        <time>2026-08-14T22:10:34Z</time>
      </trkpt>
      <trkpt lat="23.068865" lon="113.268897">
        <time>2026-08-14T22:10:39Z</time>
      </trkpt>
      <trkpt lat="23.068777" lon="113.268862">
        <time>2026-08-14T22:10:44Z</time>
      </trkpt>
      <trkpt lat="23.068683" lon="113.26883">
        <time>2026-08-14T22:10:49Z</time>
      </trkpt>
      <trkpt lat="23.068544" lon="113.268775">
        <time>2026-08-14T22:10:54Z</time>
      </trkpt>
      <trkpt lat="23.068409" lon="113.268718">
        <time>2026-08-14T22:10:59Z</time>
      </trkpt>
      <trkpt lat="23.068319" lon="113.268683">
        <time>2026-08-14T22:11:04Z</time>
      </trkpt>
      <trkpt lat="23.068225" lon="113.268636">
        <time>2026-08-14T22:11:09Z</time>
      </trkpt>
      <trkpt lat="23.068067" lon="113.268555">
        <time>2026-08-14T22:11:14Z</time>
      </trkpt>
      <trkpt lat="23.067904" lon="113.26849">
        <time>2026-08-14T22:11:19Z</time>
      </trkpt>
      <trkpt lat="23.067801" lon="113.268451">
        <time>2026-08-14T22:11:24Z</time>
      </trkpt>
      <trkpt lat="23.067698" lon="113.268406">
        <time>2026-08-14T22:11:29Z</time>
      </trkpt>
      <trkpt lat="23.067541" lon="113.268304">
        <time>2026-08-14T22:11:34Z</time>
      </trkpt>
      <trkpt lat="23.067396" lon="113.268237">
        <time>2026-08-14T22:11:39Z</time>
      </trkpt>
      <trkpt lat="23.067304" lon="113.268203">
        <time>2026-08-14T22:11:44Z</time>
      </trkpt>
      <trkpt lat="23.067218" lon="113.26817">
        <time>2026-08-14T22:11:49Z</time>
      </trkpt>
      <trkpt lat="23.067094" lon="113.268124">
        <time>2026-08-14T22:11:54Z</time>
      </trkpt>
      <trkpt lat="23.066962" lon="113.268067">
        <time>2026-08-14T22:11:59Z</time>
      </trkpt>
      <trkpt lat="23.066863" lon="113.268041">
        <time>2026-08-14T22:12:04Z</time>
      </trkpt>
      <trkpt lat="23.066752" lon="113.26805">
        <time>2026-08-14T22:12:09Z</time>
      </trkpt>
      <trkpt lat="23.066601" lon="113.268021">
        <time>2026-08-14T22:12:14Z</time>
      </trkpt>
      <trkpt lat="23.066453" lon="113.267955">
        <time>2026-08-14T22:12:19Z</time>
      </trkpt>
      <trkpt lat="23.06635" lon="113.267955">
        <time>2026-08-14T22:12:24Z</time>
      </trkpt>
      <trkpt lat="23.066256" lon="113.267982">
        <time>2026-08-14T22:12:29Z</time>
      </trkpt>
      <trkpt lat="23.066141" lon="113.268075">
        <time>2026-08-14T22:12:34Z</time>
      </trkpt>
      <trkpt lat="23.066035" lon="113.268196">
        <time>2026-08-14T22:12:39Z</time>
      </trkpt>
      <trkpt lat="23.065971" lon="113.268279">
        <time>2026-08-14T22:12:44Z</time>
      </trkpt>
      <trkpt lat="23.065907" lon="113.268363">
        <time>2026-08-14T22:12:49Z</time>
      </trkpt>
      <trkpt lat="23.065821" lon="113.268495">
        <time>2026-08-14T22:12:54Z</time>
      </trkpt>
      <trkpt lat="23.065755" lon="113.268641">
        <time>2026-08-14T22:12:59Z</time>
      </trkpt>
      <trkpt lat="23.065712" lon="113.268736">
        <time>2026-08-14T22:13:04Z</time>
      </trkpt>
      <trkpt lat="23.065671" lon="113.268832">
        <time>2026-08-14T22:13:09Z</time>
      </trkpt>
      <trkpt lat="23.065618" lon="113.268986">
        <time>2026-08-14T22:13:14Z</time>
      </trkpt>
      <trkpt lat="23.065576" lon="113.269139">
        <time>2026-08-14T22:13:19Z</time>
      </trkpt>
      <trkpt lat="23.065552" lon="113.269241">
        <time>2026-08-14T22:13:24Z</time>
      </trkpt>
      <trkpt lat="23.065527" lon="113.269347">
        <time>2026-08-14T22:13:29Z</time>
      </trkpt>
      <trkpt lat="23.065484" lon="113.269523">
        <time>2026-08-14T22:13:34Z</time>
      </trkpt>
      <trkpt lat="23.065446" lon="113.269676">
        <time>2026-08-14T22:13:39Z</time>
      </trkpt>
      <trkpt lat="23.065419" lon="113.269774">
        <time>2026-08-14T22:13:44Z</time>
      </trkpt>
      <trkpt lat="23.065386" lon="113.269875">
        <time>2026-08-14T22:13:49Z</time>
      </trkpt>
      <trkpt lat="23.065324" lon="113.27003">
        <time>2026-08-14T22:13:54Z</time>
      </trkpt>
      <trkpt lat="23.065272" lon="113.270177">
        <time>2026-08-14T22:13:59Z</time>
      </trkpt>
      <trkpt lat="23.065232" lon="113.270275">
        <time>2026-08-14T22:14:04Z</time>
      </trkpt>
      <trkpt lat="23.065189" lon="113.27037">
        <time>2026-08-14T22:14:09Z</time>
      </trkpt>
      <trkpt lat="23.065123" lon="113.270515">
        <time>2026-08-14T22:14:14Z</time>
      </trkpt>
      <trkpt lat="23.065052" lon="113.270661">
        <time>2026-08-14T22:14:19Z</time>
      </trkpt>
      <trkpt lat="23.06501" lon="113.270761">
        <time>2026-08-14T22:14:24Z</time>
      </trkpt>
      <trkpt lat="23.06497" lon="113.270858">
        <time>2026-08-14T22:14:29Z</time>
      </trkpt>
      <trkpt lat="23.064904" lon="113.271002">
        <time>2026-08-14T22:14:34Z</time>
      </trkpt>
      <trkpt lat="23.064828" lon="113.271143">
        <time>2026-08-14T22:14:39Z</time>
      </trkpt>
      <trkpt lat="23.064782" lon="113.271238">
        <time>2026-08-14T22:14:44Z</time>
      </trkpt>
      <trkpt lat="23.064738" lon="113.271333">
        <time>2026-08-14T22:14:49Z</time>
      </trkpt>
      <trkpt lat="23.064674" lon="113.271479">
        <time>2026-08-14T22:14:54Z</time>
      </trkpt>
      <trkpt lat="23.064606" lon="113.271621">
        <time>2026-08-14T22:14:59Z</time>
      </trkpt>
      <trkpt lat="23.064562" lon="113.271715">
        <time>2026-08-14T22:15:04Z</time>
      </trkpt>
      <trkpt lat="23.064524" lon="113.271811">
        <time>2026-08-14T22:15:09Z</time>
      </trkpt>
      <trkpt lat="23.064455" lon="113.271956">
        <time>2026-08-14T22:15:14Z</time>
      </trkpt>
      <trkpt lat="23.064386" lon="113.272101">
        <time>2026-08-14T22:15:19Z</time>
      </trkpt>
      <trkpt lat="23.064351" lon="113.272207">
        <time>2026-08-14T22:15:24Z</time>
      </trkpt>
      <trkpt lat="23.064339" lon="113.272317">
        <time>2026-08-14T22:15:29Z</time>
      </trkpt>
      <trkpt lat="23.064328" lon="113.272469">
        <time>2026-08-14T22:15:34Z</time>
      </trkpt>
      <trkpt lat="23.064335" lon="113.272622">
        <time>2026-08-14T22:15:39Z</time>
      </trkpt>
      <trkpt lat="23.064359" lon="113.272729">
        <time>2026-08-14T22:15:44Z</time>
      </trkpt>
      <trkpt lat="23.06439" lon="113.272834">
        <time>2026-08-14T22:15:49Z</time>
      </trkpt>
      <trkpt lat="23.064437" lon="113.272984">
        <time>2026-08-14T22:15:54Z</time>
      </trkpt>
      <trkpt lat="23.064477" lon="113.273129">
        <time>2026-08-14T22:15:59Z</time>
      </trkpt>
      <trkpt lat="23.064468" lon="113.273228">
        <time>2026-08-14T22:16:04Z</time>
      </trkpt>
      <trkpt lat="23.06442" lon="113.273315">
        <time>2026-08-14T22:16:09Z</time>
      </trkpt>
      <trkpt lat="23.064292" lon="113.273416">
        <time>2026-08-14T22:16:14Z</time>
      </trkpt>
      <trkpt lat="23.064159" lon="113.273505">
        <time>2026-08-14T22:16:19Z</time>
      </trkpt>
      <trkpt lat="23.064075" lon="113.273566">
        <time>2026-08-14T22:16:24Z</time>
      </trkpt>
      <trkpt lat="23.063993" lon="113.273632">
        <time>2026-08-14T22:16:29Z</time>
      </trkpt>
      <trkpt lat="23.063888" lon="113.273749">
        <time>2026-08-14T22:16:34Z</time>
      </trkpt>
      <trkpt lat="23.063804" lon="113.273881">
        <time>2026-08-14T22:16:39Z</time>
      </trkpt>
      <trkpt lat="23.063754" lon="113.273969">
        <time>2026-08-14T22:16:44Z</time>
      </trkpt>
      <trkpt lat="23.063706" lon="113.274049">
        <time>2026-08-14T22:16:49Z</time>
      </trkpt>
      <trkpt lat="23.063605" lon="113.274137">
        <time>2026-08-14T22:16:54Z</time>
      </trkpt>
      <trkpt lat="23.063515" lon="113.274247">
        <time>2026-08-14T22:16:59Z</time>
      </trkpt>
      <trkpt lat="23.063471" lon="113.274361">
        <time>2026-08-14T22:17:04Z</time>
      </trkpt>
      <trkpt lat="23.063427" lon="113.274472">
        <time>2026-08-14T22:17:09Z</time>
      </trkpt>
      <trkpt lat="23.063376" lon="113.274634">
        <time>2026-08-14T22:17:14Z</time>
      </trkpt>
      <trkpt lat="23.063323" lon="113.274797">
        <time>2026-08-14T22:17:19Z</time>
      </trkpt>
      <trkpt lat="23.063284" lon="113.274907">
        <time>2026-08-14T22:17:24Z</time>
      </trkpt>
      <trkpt lat="23.063242" lon="113.275016">
        <time>2026-08-14T22:17:29Z</time>
      </trkpt>
      <trkpt lat="23.06316" lon="113.275164">
        <time>2026-08-14T22:17:34Z</time>
      </trkpt>
      <trkpt lat="23.063077" lon="113.275297">
        <time>2026-08-14T22:17:39Z</time>
      </trkpt>
      <trkpt lat="23.063024" lon="113.275388">
        <time>2026-08-14T22:17:44Z</time>
      </trkpt>
      <trkpt lat="23.062966" lon="113.275476">
        <time>2026-08-14T22:17:49Z</time>
      </trkpt>
      <trkpt lat="23.062864" lon="113.275605">
        <time>2026-08-14T22:17:54Z</time>
      </trkpt>
      <trkpt lat="23.062744" lon="113.275719">
        <time>2026-08-14T22:17:59Z</time>
      </trkpt>
      <trkpt lat="23.062668" lon="113.275797">
        <time>2026-08-14T22:18:04Z</time>
      </trkpt>
      <trkpt lat="23.062598" lon="113.275881">
        <time>2026-08-14T22:18:09Z</time>
      </trkpt>
      <trkpt lat="23.062508" lon="113.276016">
        <time>2026-08-14T22:18:14Z</time>
      </trkpt>
      <trkpt lat="23.062438" lon="113.276158">
        <time>2026-08-14T22:18:19Z</time>
      </trkpt>
      <trkpt lat="23.062398" lon="113.276255">
        <time>2026-08-14T22:18:24Z</time>
      </trkpt>
      <trkpt lat="23.062361" lon="113.276354">
        <time>2026-08-14T22:18:29Z</time>
      </trkpt>
      <trkpt lat="23.062308" lon="113.276504">
        <time>2026-08-14T22:18:34Z</time>
      </trkpt>
      <trkpt lat="23.062253" lon="113.276654">
        <time>2026-08-14T22:18:39Z</time>
      </trkpt>
      <trkpt lat="23.062216" lon="113.276755">
        <time>2026-08-14T22:18:44Z</time>
      </trkpt>
      <trkpt lat="23.062181" lon="113.276856">
        <time>2026-08-14T22:18:49Z</time>
      </trkpt>
      <trkpt lat="23.06213" lon="113.277001">
        <time>2026-08-14T22:18:54Z</time>
      </trkpt>
      <trkpt lat="23.062077" lon="113.277155">
        <time>2026-08-14T22:18:59Z</time>
      </trkpt>
      <trkpt lat="23.062036" lon="113.277261">
        <time>2026-08-14T22:19:04Z</time>
      </trkpt>
      <trkpt lat="23.061995" lon="113.277363">
        <time>2026-08-14T22:19:09Z</time>
      </trkpt>
      <trkpt lat="23.061933" lon="113.277508">
        <time>2026-08-14T22:19:14Z</time>
      </trkpt>
      <trkpt lat="23.061873" lon="113.277649">
        <time>2026-08-14T22:19:19Z</time>
      </trkpt>
      <trkpt lat="23.061847" lon="113.27775">
        <time>2026-08-14T22:19:24Z</time>
      </trkpt>
      <trkpt lat="23.061837" lon="113.277856">
        <time>2026-08-14T22:19:29Z</time>
      </trkpt>
      <trkpt lat="23.061834" lon="113.278013">
        <time>2026-08-14T22:19:34Z</time>
      </trkpt>
      <trkpt lat="23.061847" lon="113.278164">
        <time>2026-08-14T22:19:39Z</time>
      </trkpt>
      <trkpt lat="23.061846" lon="113.278263">
        <time>2026-08-14T22:19:44Z</time>
      </trkpt>
      <trkpt lat="23.061844" lon="113.278364">
        <time>2026-08-14T22:19:49Z</time>
      </trkpt>
      <trkpt lat="23.061865" lon="113.278499">
        <time>2026-08-14T22:19:54Z</time>
      </trkpt>
      <trkpt lat="23.061856" lon="113.278631">
        <time>2026-08-14T22:19:59Z</time>
      </trkpt>
      <trkpt lat="23.061832" lon="113.278721">
        <time>2026-08-14T22:20:04Z</time>
      </trkpt>
      <trkpt lat="23.061767" lon="113.278759">
        <time>2026-08-14T22:20:09Z</time>
      </trkpt>
      <trkpt lat="23.061684" lon="113.278875">
        <time>2026-08-14T22:20:14Z</time>
      </trkpt>
      <trkpt lat="23.06162" lon="113.279014">
        <time>2026-08-14T22:20:19Z</time>
      </trkpt>
      <trkpt lat="23.061585" lon="113.279103">
        <time>2026-08-14T22:20:24Z</time>
      </trkpt>
      <trkpt lat="23.061555" lon="113.279178">
        <time>2026-08-14T22:20:29Z</time>
      </trkpt>
      <trkpt lat="23.061514" lon="113.279296">
        <time>2026-08-14T22:20:34Z</time>
      </trkpt>
      <trkpt lat="23.061461" lon="113.279459">
        <time>2026-08-14T22:20:39Z</time>
      </trkpt>
      <trkpt lat="23.061424" lon="113.279563">
        <time>2026-08-14T22:20:44Z</time>
      </trkpt>
      <trkpt lat="23.061386" lon="113.279665">
        <time>2026-08-14T22:20:49Z</time>
      </trkpt>
      <trkpt lat="23.061323" lon="113.279816">
        <time>2026-08-14T22:20:54Z</time>
      </trkpt>
      <trkpt lat="23.061258" lon="113.279966">
        <time>2026-08-14T22:20:59Z</time>
      </trkpt>
      <trkpt lat="23.061218" lon="113.280071">
        <time>2026-08-14T22:21:04Z</time>
      </trkpt>
      <trkpt lat="23.061179" lon="113.280175">
        <time>2026-08-14T22:21:09Z</time>
      </trkpt>
      <trkpt lat="23.061113" lon="113.280325">
        <time>2026-08-14T22:21:14Z</time>
      </trkpt>
      <trkpt lat="23.061031" lon="113.280471">
        <time>2026-08-14T22:21:19Z</time>
      </trkpt>
      <trkpt lat="23.06098" lon="113.280569">
        <time>2026-08-14T22:21:24Z</time>
      </trkpt>
      <trkpt lat="23.060946" lon="113.280675">
        <time>2026-08-14T22:21:29Z</time>
      </trkpt>
      <trkpt lat="23.06089" lon="113.280829">
        <time>2026-08-14T22:21:34Z</time>
      </trkpt>
      <trkpt lat="23.060827" lon="113.28098">
        <time>2026-08-14T22:21:39Z</time>
      </trkpt>
      <trkpt lat="23.060788" lon="113.281077">
        <time>2026-08-14T22:21:44Z</time>
      </trkpt>
      <trkpt lat="23.060746" lon="113.281175">
        <time>2026-08-14T22:21:49Z</time>
      </trkpt>
      <trkpt lat="23.06068" lon="113.281322">
        <time>2026-08-14T22:21:54Z</time>
      </trkpt>
      <trkpt lat="23.060615" lon="113.28147">
        <time>2026-08-14T22:21:59Z</time>
      </trkpt>
      <trkpt lat="23.060577" lon="113.281568">
        <time>2026-08-14T22:22:04Z</time>
      </trkpt>
      <trkpt lat="23.060536" lon="113.281667">
        <time>2026-08-14T22:22:09Z</time>
      </trkpt>
      <trkpt lat="23.060472" lon="113.281814">
        <time>2026-08-14T22:22:14Z</time>
      </trkpt>
      <trkpt lat="23.060404" lon="113.28196">
        <time>2026-08-14T22:22:19Z</time>
      </trkpt>
      <trkpt lat="23.06036" lon="113.282059">
        <time>2026-08-14T22:22:24Z</time>
      </trkpt>
      <trkpt lat="23.060315" lon="113.282159">
        <time>2026-08-14T22:22:29Z</time>
      </trkpt>
      <trkpt lat="23.060252" lon="113.282303">
        <time>2026-08-14T22:22:34Z</time>
      </trkpt>
      <trkpt lat="23.060192" lon="113.282445">
        <time>2026-08-14T22:22:39Z</time>
      </trkpt>
      <trkpt lat="23.060158" lon="113.282543">
        <time>2026-08-14T22:22:44Z</time>
      </trkpt>
      <trkpt lat="23.060114" lon="113.282635">
        <time>2026-08-14T22:22:49Z</time>
      </trkpt>
      <trkpt lat="23.060044" lon="113.282766">
        <time>2026-08-14T22:22:54Z</time>
      </trkpt>
      <trkpt lat="23.059992" lon="113.282905">
        <time>2026-08-14T22:22:59Z</time>
      </trkpt>
      <trkpt lat="23.059948" lon="113.283004">
        <time>2026-08-14T22:23:04Z</time>
      </trkpt>
      <trkpt lat="23.059899" lon="113.283112">
        <time>2026-08-14T22:23:09Z</time>
      </trkpt>
      <trkpt lat="23.059834" lon="113.283264">
        <time>2026-08-14T22:23:14Z</time>
      </trkpt>
      <trkpt lat="23.059851" lon="113.283378">
        <time>2026-08-14T22:23:19Z</time>
      </trkpt>
      <trkpt lat="23.059934" lon="113.283338">
        <time>2026-08-14T22:23:24Z</time>
      </trkpt>
      <trkpt lat="23.059994" lon="113.28325">
        <time>2026-08-14T22:23:29Z</time>
      </trkpt>
      <trkpt lat="23.060064" lon="113.283114">
        <time>2026-08-14T22:23:34Z</time>
      </trkpt>
      <trkpt lat="23.060135" lon="113.282963">
        <time>2026-08-14T22:23:39Z</time>
      </trkpt>
      <trkpt lat="23.060173" lon="113.282864">
        <time>2026-08-14T22:23:44Z</time>
      </trkpt>
      <trkpt lat="23.060217" lon="113.282762">
        <time>2026-08-14T22:23:49Z</time>
      </trkpt>
      <trkpt lat="23.060277" lon="113.28261">
        <time>2026-08-14T22:23:54Z</time>
      </trkpt>
      <trkpt lat="23.06034" lon="113.282455">
        <time>2026-08-14T22:23:59Z</time>
      </trkpt>
      <trkpt lat="23.06038" lon="113.282353">
        <time>2026-08-14T22:24:04Z</time>
      </trkpt>
      <trkpt lat="23.060427" lon="113.282259">
        <time>2026-08-14T22:24:09Z</time>
      </trkpt>
      <trkpt lat="23.060485" lon="113.282114">
        <time>2026-08-14T22:24:14Z</time>
      </trkpt>
      <trkpt lat="23.06056" lon="113.281978">
        <time>2026-08-14T22:24:19Z</time>
      </trkpt>
      <trkpt lat="23.060607" lon="113.281882">
        <time>2026-08-14T22:24:24Z</time>
      </trkpt>
      <trkpt lat="23.06064" lon="113.281783">
        <time>2026-08-14T22:24:29Z</time>
      </trkpt>
      <trkpt lat="23.060694" lon="113.28163">
        <time>2026-08-14T22:24:34Z</time>
      </trkpt>
      <trkpt lat="23.060749" lon="113.281487">
        <time>2026-08-14T22:24:39Z</time>
      </trkpt>
      <trkpt lat="23.060797" lon="113.281391">
        <time>2026-08-14T22:24:44Z</time>
      </trkpt>
      <trkpt lat="23.060845" lon="113.281285">
        <time>2026-08-14T22:24:49Z</time>
      </trkpt>
      <trkpt lat="23.060908" lon="113.281133">
        <time>2026-08-14T22:24:54Z</time>
      </trkpt>
      <trkpt lat="23.060968" lon="113.280996">
        <time>2026-08-14T22:24:59Z</time>
      </trkpt>
      <trkpt lat="23.061005" lon="113.280902">
        <time>2026-08-14T22:25:04Z</time>
      </trkpt>
      <trkpt lat="23.061044" lon="113.280798">
        <time>2026-08-14T22:25:09Z</time>
      </trkpt>
      <trkpt lat="23.061119" lon="113.28063">
        <time>2026-08-14T22:25:14Z</time>
      </trkpt>
      <trkpt lat="23.061186" lon="113.280469">
        <time>2026-08-14T22:25:19Z</time>
      </trkpt>
      <trkpt lat="23.061233" lon="113.280371">
        <time>2026-08-14T22:25:24Z</time>
      </trkpt>
      <trkpt lat="23.061277" lon="113.280276">
        <time>2026-08-14T22:25:29Z</time>
      </trkpt>
      <trkpt lat="23.061348" lon="113.28014">
        <time>2026-08-14T22:25:34Z</time>
      </trkpt>
      <trkpt lat="23.061412" lon="113.280001">
        <time>2026-08-14T22:25:39Z</time>
      </trkpt>
      <trkpt lat="23.061459" lon="113.27991">
        <time>2026-08-14T22:25:44Z</time>
      </trkpt>
      <trkpt lat="23.061498" lon="113.27982">
        <time>2026-08-14T22:25:49Z</time>
      </trkpt>
      <trkpt lat="23.061547" lon="113.279682">
        <time>2026-08-14T22:25:54Z</time>
      </trkpt>
      <trkpt lat="23.0616" lon="113.279529">
        <time>2026-08-14T22:25:59Z</time>
      </trkpt>
      <trkpt lat="23.061636" lon="113.279432">
        <time>2026-08-14T22:26:04Z</time>
      </trkpt>
      <trkpt lat="23.061671" lon="113.279337">
        <time>2026-08-14T22:26:09Z</time>
      </trkpt>
      <trkpt lat="23.061741" lon="113.279191">
        <time>2026-08-14T22:26:14Z</time>
      </trkpt>
      <trkpt lat="23.061815" lon="113.279056">
        <time>2026-08-14T22:26:19Z</time>
      </trkpt>
      <trkpt lat="23.06187" lon="113.278971">
        <time>2026-08-14T22:26:24Z</time>
      </trkpt>
      <trkpt lat="23.06193" lon="113.278873">
        <time>2026-08-14T22:26:29Z</time>
      </trkpt>
      <trkpt lat="23.061979" lon="113.278701">
        <time>2026-08-14T22:26:34Z</time>
      </trkpt>
      <trkpt lat="23.061977" lon="113.278522">
        <time>2026-08-14T22:26:39Z</time>
      </trkpt>
      <trkpt lat="23.06197" lon="113.278408">
        <time>2026-08-14T22:26:44Z</time>
      </trkpt>
      <trkpt lat="23.061964" lon="113.278295">
        <time>2026-08-14T22:26:49Z</time>
      </trkpt>
      <trkpt lat="23.061954" lon="113.278129">
        <time>2026-08-14T22:26:54Z</time>
      </trkpt>
      <trkpt lat="23.061946" lon="113.27796">
        <time>2026-08-14T22:26:59Z</time>
      </trkpt>
      <trkpt lat="23.061944" lon="113.277849">
        <time>2026-08-14T22:27:04Z</time>
      </trkpt>
      <trkpt lat="23.061957" lon="113.277741">
        <time>2026-08-14T22:27:09Z</time>
      </trkpt>
      <trkpt lat="23.062004" lon="113.277586">
        <time>2026-08-14T22:27:14Z</time>
      </trkpt>
      <trkpt lat="23.062066" lon="113.277439">
        <time>2026-08-14T22:27:19Z</time>
      </trkpt>
      <trkpt lat="23.062103" lon="113.277344">
        <time>2026-08-14T22:27:24Z</time>
      </trkpt>
      <trkpt lat="23.06214" lon="113.277248">
        <time>2026-08-14T22:27:29Z</time>
      </trkpt>
      <trkpt lat="23.062191" lon="113.277101">
        <time>2026-08-14T22:27:34Z</time>
      </trkpt>
      <trkpt lat="23.062248" lon="113.276955">
        <time>2026-08-14T22:27:39Z</time>
      </trkpt>
      <trkpt lat="23.062282" lon="113.276855">
        <time>2026-08-14T22:27:44Z</time>
      </trkpt>
      <trkpt lat="23.062318" lon="113.276756">
        <time>2026-08-14T22:27:49Z</time>
      </trkpt>
      <trkpt lat="23.062376" lon="113.276609">
        <time>2026-08-14T22:27:54Z</time>
      </trkpt>
      <trkpt lat="23.062437" lon="113.276457">
        <time>2026-08-14T22:27:59Z</time>
      </trkpt>
      <trkpt lat="23.062476" lon="113.276357">
        <time>2026-08-14T22:28:04Z</time>
      </trkpt>
      <trkpt lat="23.062513" lon="113.27626">
        <time>2026-08-14T22:28:09Z</time>
      </trkpt>
      <trkpt lat="23.062577" lon="113.276119">
        <time>2026-08-14T22:28:14Z</time>
      </trkpt>
      <trkpt lat="23.062663" lon="113.27598">
        <time>2026-08-14T22:28:19Z</time>
      </trkpt>
      <trkpt lat="23.062723" lon="113.275896">
        <time>2026-08-14T22:28:24Z</time>
      </trkpt>
      <trkpt lat="23.062783" lon="113.27582">
        <time>2026-08-14T22:28:29Z</time>
      </trkpt>
      <trkpt lat="23.062883" lon="113.275708">
        <time>2026-08-14T22:28:34Z</time>
      </trkpt>
      <trkpt lat="23.062993" lon="113.275593">
        <time>2026-08-14T22:28:39Z</time>
      </trkpt>
      <trkpt lat="23.063063" lon="113.275517">
        <time>2026-08-14T22:28:44Z</time>
      </trkpt>
      <trkpt lat="23.06312" lon="113.27543">
        <time>2026-08-14T22:28:49Z</time>
      </trkpt>
      <trkpt lat="23.063207" lon="113.275286">
        <time>2026-08-14T22:28:54Z</time>
      </trkpt>
      <trkpt lat="23.063295" lon="113.275138">
        <time>2026-08-14T22:28:59Z</time>
      </trkpt>
      <trkpt lat="23.063347" lon="113.275041">
        <time>2026-08-14T22:29:04Z</time>
      </trkpt>
      <trkpt lat="23.063393" lon="113.274947">
        <time>2026-08-14T22:29:09Z</time>
      </trkpt>
      <trkpt lat="23.063441" lon="113.274812">
        <time>2026-08-14T22:29:14Z</time>
      </trkpt>
      <trkpt lat="23.063481" lon="113.274691">
        <time>2026-08-14T22:29:19Z</time>
      </trkpt>
      <trkpt lat="23.063507" lon="113.274599">
        <time>2026-08-14T22:29:24Z</time>
      </trkpt>
      <trkpt lat="23.06354" lon="113.274492">
        <time>2026-08-14T22:29:29Z</time>
      </trkpt>
      <trkpt lat="23.0636" lon="113.274353">
        <time>2026-08-14T22:29:34Z</time>
      </trkpt>
      <trkpt lat="23.063699" lon="113.274223">
        <time>2026-08-14T22:29:39Z</time>
      </trkpt>
      <trkpt lat="23.063778" lon="113.274152">
        <time>2026-08-14T22:29:44Z</time>
      </trkpt>
      <trkpt lat="23.063851" lon="113.274064">
        <time>2026-08-14T22:29:49Z</time>
      </trkpt>
      <trkpt lat="23.063939" lon="113.273911">
        <time>2026-08-14T22:29:54Z</time>
      </trkpt>
      <trkpt lat="23.064029" lon="113.273762">
        <time>2026-08-14T22:29:59Z</time>
      </trkpt>
      <trkpt lat="23.064099" lon="113.273691">
        <time>2026-08-14T22:30:04Z</time>
      </trkpt>
      <trkpt lat="23.064175" lon="113.273629">
        <time>2026-08-14T22:30:09Z</time>
      </trkpt>
      <trkpt lat="23.064296" lon="113.273533">
        <time>2026-08-14T22:30:14Z</time>
      </trkpt>
      <trkpt lat="23.064416" lon="113.273435">
        <time>2026-08-14T22:30:19Z</time>
      </trkpt>
      <trkpt lat="23.064492" lon="113.273367">
        <time>2026-08-14T22:30:24Z</time>
      </trkpt>
      <trkpt lat="23.064558" lon="113.273281">
        <time>2026-08-14T22:30:29Z</time>
      </trkpt>
      <trkpt lat="23.064602" lon="113.273122">
        <time>2026-08-14T22:30:34Z</time>
      </trkpt>
      <trkpt lat="23.064558" lon="113.272956">
        <time>2026-08-14T22:30:39Z</time>
      </trkpt>
      <trkpt lat="23.064516" lon="113.272849">
        <time>2026-08-14T22:30:44Z</time>
      </trkpt>
      <trkpt lat="23.064481" lon="113.272743">
        <time>2026-08-14T22:30:49Z</time>
      </trkpt>
      <trkpt lat="23.064455" lon="113.272581">
        <time>2026-08-14T22:30:54Z</time>
      </trkpt>
      <trkpt lat="23.064511" lon="113.272426">
        <time>2026-08-14T22:30:59Z</time>
      </trkpt>
      <trkpt lat="23.06455" lon="113.27232">
        <time>2026-08-14T22:31:04Z</time>
      </trkpt>
      <trkpt lat="23.064577" lon="113.272211">
        <time>2026-08-14T22:31:09Z</time>
      </trkpt>
      <trkpt lat="23.06463" lon="113.272059">
        <time>2026-08-14T22:31:14Z</time>
      </trkpt>
      <trkpt lat="23.064696" lon="113.271921">
        <time>2026-08-14T22:31:19Z</time>
      </trkpt>
      <trkpt lat="23.064741" lon="113.271829">
        <time>2026-08-14T22:31:24Z</time>
      </trkpt>
      <trkpt lat="23.064793" lon="113.271732">
        <time>2026-08-14T22:31:29Z</time>
      </trkpt>
      <trkpt lat="23.064862" lon="113.271581">
        <time>2026-08-14T22:31:34Z</time>
      </trkpt>
      <trkpt lat="23.064929" lon="113.271431">
        <time>2026-08-14T22:31:39Z</time>
      </trkpt>
      <trkpt lat="23.06498" lon="113.271337">
        <time>2026-08-14T22:31:44Z</time>
      </trkpt>
      <trkpt lat="23.065025" lon="113.271244">
        <time>2026-08-14T22:31:49Z</time>
      </trkpt>
      <trkpt lat="23.0651" lon="113.271105">
        <time>2026-08-14T22:31:54Z</time>
      </trkpt>
      <trkpt lat="23.065161" lon="113.270946">
        <time>2026-08-14T22:31:59Z</time>
      </trkpt>
      <trkpt lat="23.065204" lon="113.270844">
        <time>2026-08-14T22:32:04Z</time>
      </trkpt>
      <trkpt lat="23.065247" lon="113.270745">
        <time>2026-08-14T22:32:09Z</time>
      </trkpt>
      <trkpt lat="23.065321" lon="113.270602">
        <time>2026-08-14T22:32:14Z</time>
      </trkpt>
      <trkpt lat="23.065389" lon="113.270452">
        <time>2026-08-14T22:32:19Z</time>
      </trkpt>
      <trkpt lat="23.065432" lon="113.270358">
        <time>2026-08-14T22:32:24Z</time>
      </trkpt>
      <trkpt lat="23.065472" lon="113.270263">
        <time>2026-08-14T22:32:29Z</time>
      </trkpt>
      <trkpt lat="23.065525" lon="113.270114">
        <time>2026-08-14T22:32:34Z</time>
      </trkpt>
      <trkpt lat="23.065579" lon="113.269964">
        <time>2026-08-14T22:32:39Z</time>
      </trkpt>
      <trkpt lat="23.065613" lon="113.269865">
        <time>2026-08-14T22:32:44Z</time>
      </trkpt>
      <trkpt lat="23.065645" lon="113.269763">
        <time>2026-08-14T22:32:49Z</time>
      </trkpt>
      <trkpt lat="23.06569" lon="113.269602">
        <time>2026-08-14T22:32:54Z</time>
      </trkpt>
      <trkpt lat="23.06573" lon="113.269443">
        <time>2026-08-14T22:32:59Z</time>
      </trkpt>
      <trkpt lat="23.065761" lon="113.269332">
        <time>2026-08-14T22:33:04Z</time>
      </trkpt>
      <trkpt lat="23.065795" lon="113.269222">
        <time>2026-08-14T22:33:09Z</time>
      </trkpt>
      <trkpt lat="23.065838" lon="113.269068">
        <time>2026-08-14T22:33:14Z</time>
      </trkpt>
      <trkpt lat="23.065899" lon="113.268918">
        <time>2026-08-14T22:33:19Z</time>
      </trkpt>
      <trkpt lat="23.065946" lon="113.268823">
        <time>2026-08-14T22:33:24Z</time>
      </trkpt>
      <trkpt lat="23.065995" lon="113.26873">
        <time>2026-08-14T22:33:29Z</time>
      </trkpt>
      <trkpt lat="23.066074" lon="113.268586">
        <time>2026-08-14T22:33:34Z</time>
      </trkpt>
      <trkpt lat="23.066159" lon="113.268441">
        <time>2026-08-14T22:33:39Z</time>
      </trkpt>
      <trkpt lat="23.066214" lon="113.268353">
        <time>2026-08-14T22:33:44Z</time>
      </trkpt>
      <trkpt lat="23.066275" lon="113.26827">
        <time>2026-08-14T22:33:49Z</time>
      </trkpt>
      <trkpt lat="23.06639" lon="113.268161">
        <time>2026-08-14T22:33:54Z</time>
      </trkpt>
      <trkpt lat="23.066536" lon="113.268118">
        <time>2026-08-14T22:33:59Z</time>
      </trkpt>
      <trkpt lat="23.066631" lon="113.268131">
        <time>2026-08-14T22:34:04Z</time>
      </trkpt>
      <trkpt lat="23.066717" lon="113.268125">
        <time>2026-08-14T22:34:09Z</time>
      </trkpt>
      <trkpt lat="23.066656" lon="113.268017">
        <time>2026-08-14T22:34:14Z</time>
      </trkpt>
      <trkpt lat="23.066488" lon="113.267957">
        <time>2026-08-14T22:34:19Z</time>
      </trkpt>
      <trkpt lat="23.066382" lon="113.267949">
        <time>2026-08-14T22:34:24Z</time>
      </trkpt>
      <trkpt lat="23.066282" lon="113.267967">
        <time>2026-08-14T22:34:29Z</time>
      </trkpt>
      <trkpt lat="23.066157" lon="113.268054">
        <time>2026-08-14T22:34:34Z</time>
      </trkpt>
      <trkpt lat="23.066055" lon="113.268177">
        <time>2026-08-14T22:34:39Z</time>
      </trkpt>
      <trkpt lat="23.065988" lon="113.268261">
        <time>2026-08-14T22:34:44Z</time>
      </trkpt>
      <trkpt lat="23.065921" lon="113.268341">
        <time>2026-08-14T22:34:49Z</time>
      </trkpt>
      <trkpt lat="23.065832" lon="113.268472">
        <time>2026-08-14T22:34:54Z</time>
      </trkpt>
      <trkpt lat="23.065765" lon="113.268615">
        <time>2026-08-14T22:34:59Z</time>
      </trkpt>
      <trkpt lat="23.065721" lon="113.268712">
        <time>2026-08-14T22:35:04Z</time>
      </trkpt>
      <trkpt lat="23.065676" lon="113.268813">
        <time>2026-08-14T22:35:09Z</time>
      </trkpt>
      <trkpt lat="23.065626" lon="113.268968">
        <time>2026-08-14T22:35:14Z</time>
      </trkpt>
      <trkpt lat="23.065581" lon="113.269121">
        <time>2026-08-14T22:35:19Z</time>
      </trkpt>
      <trkpt lat="23.065553" lon="113.269221">
        <time>2026-08-14T22:35:24Z</time>
      </trkpt>
      <trkpt lat="23.065524" lon="113.269323">
        <time>2026-08-14T22:35:29Z</time>
      </trkpt>
      <trkpt lat="23.065485" lon="113.269484">
        <time>2026-08-14T22:35:34Z</time>
      </trkpt>
      <trkpt lat="23.065446" lon="113.269643">
        <time>2026-08-14T22:35:39Z</time>
      </trkpt>
      <trkpt lat="23.065424" lon="113.26975">
        <time>2026-08-14T22:35:44Z</time>
      </trkpt>
      <trkpt lat="23.065392" lon="113.269853">
        <time>2026-08-14T22:35:49Z</time>
      </trkpt>
      <trkpt lat="23.065331" lon="113.270015">
        <time>2026-08-14T22:35:54Z</time>
      </trkpt>
      <trkpt lat="23.06527" lon="113.270174">
        <time>2026-08-14T22:35:59Z</time>
      </trkpt>
      <trkpt lat="23.065226" lon="113.270273">
        <time>2026-08-14T22:36:04Z</time>
      </trkpt>
      <trkpt lat="23.06518" lon="113.270371">
        <time>2026-08-14T22:36:09Z</time>
      </trkpt>
      <trkpt lat="23.065116" lon="113.27052">
        <time>2026-08-14T22:36:14Z</time>
      </trkpt>
      <trkpt lat="23.06505" lon="113.270671">
        <time>2026-08-14T22:36:19Z</time>
      </trkpt>
      <trkpt lat="23.065004" lon="113.270771">
        <time>2026-08-14T22:36:24Z</time>
      </trkpt>
      <trkpt lat="23.064957" lon="113.270872">
        <time>2026-08-14T22:36:29Z</time>
      </trkpt>
      <trkpt lat="23.064891" lon="113.27102">
        <time>2026-08-14T22:36:34Z</time>
      </trkpt>
      <trkpt lat="23.064817" lon="113.271165">
        <time>2026-08-14T22:36:39Z</time>
      </trkpt>
      <trkpt lat="23.064772" lon="113.271266">
        <time>2026-08-14T22:36:44Z</time>
      </trkpt>
      <trkpt lat="23.064724" lon="113.271363">
        <time>2026-08-14T22:36:49Z</time>
      </trkpt>
      <trkpt lat="23.064653" lon="113.271516">
        <time>2026-08-14T22:36:54Z</time>
      </trkpt>
      <trkpt lat="23.064581" lon="113.271665">
        <time>2026-08-14T22:36:59Z</time>
      </trkpt>
      <trkpt lat="23.064533" lon="113.271767">
        <time>2026-08-14T22:37:04Z</time>
      </trkpt>
      <trkpt lat="23.064485" lon="113.271863">
        <time>2026-08-14T22:37:09Z</time>
      </trkpt>
      <trkpt lat="23.064414" lon="113.272013">
        <time>2026-08-14T22:37:14Z</time>
      </trkpt>
      <trkpt lat="23.064354" lon="113.272165">
        <time>2026-08-14T22:37:19Z</time>
      </trkpt>
      <trkpt lat="23.064335" lon="113.272272">
        <time>2026-08-14T22:37:24Z</time>
      </trkpt>
      <trkpt lat="23.064328" lon="113.272378">
        <time>2026-08-14T22:37:29Z</time>
      </trkpt>
      <trkpt lat="23.064315" lon="113.272534">
        <time>2026-08-14T22:37:34Z</time>
      </trkpt>
      <trkpt lat="23.064339" lon="113.272691">
        <time>2026-08-14T22:37:39Z</time>
      </trkpt>
      <trkpt lat="23.064374" lon="113.272793">
        <time>2026-08-14T22:37:44Z</time>
      </trkpt>
      <trkpt lat="23.064409" lon="113.272892">
        <time>2026-08-14T22:37:49Z</time>
      </trkpt>
      <trkpt lat="23.064454" lon="113.273038">
        <time>2026-08-14T22:37:54Z</time>
      </trkpt>
      <trkpt lat="23.06447" lon="113.273188">
        <time>2026-08-14T22:37:59Z</time>
      </trkpt>
      <trkpt lat="23.06444" lon="113.273281">
        <time>2026-08-14T22:38:04Z</time>
      </trkpt>
      <trkpt lat="23.064373" lon="113.273354">
        <time>2026-08-14T22:38:09Z</time>
      </trkpt>
      <trkpt lat="23.064238" lon="113.273444">
        <time>2026-08-14T22:38:14Z</time>
      </trkpt>
      <trkpt lat="23.06411" lon="113.273536">
        <time>2026-08-14T22:38:19Z</time>
      </trkpt>
      <trkpt lat="23.064027" lon="113.273599">
        <time>2026-08-14T22:38:24Z</time>
      </trkpt>
      <trkpt lat="23.063951" lon="113.273668">
        <time>2026-08-14T22:38:29Z</time>
      </trkpt>
      <trkpt lat="23.063854" lon="113.273792">
        <time>2026-08-14T22:38:34Z</time>
      </trkpt>
      <trkpt lat="23.063775" lon="113.273925">
        <time>2026-08-14T22:38:39Z</time>
      </trkpt>
      <trkpt lat="23.063727" lon="113.274012">
        <time>2026-08-14T22:38:44Z</time>
      </trkpt>
      <trkpt lat="23.063665" lon="113.274086">
        <time>2026-08-14T22:38:49Z</time>
      </trkpt>
      <trkpt lat="23.063555" lon="113.274183">
        <time>2026-08-14T22:38:54Z</time>
      </trkpt>
      <trkpt lat="23.063485" lon="113.274348">
        <time>2026-08-14T22:38:59Z</time>
      </trkpt>
      <trkpt lat="23.063444" lon="113.274454">
        <time>2026-08-14T22:39:04Z</time>
      </trkpt>
      <trkpt lat="23.063407" lon="113.274554">
        <time>2026-08-14T22:39:09Z</time>
      </trkpt>
      <trkpt lat="23.063351" lon="113.274709">
        <time>2026-08-14T22:39:14Z</time>
      </trkpt>
      <trkpt lat="23.0633" lon="113.274863">
        <time>2026-08-14T22:39:19Z</time>
      </trkpt>
      <trkpt lat="23.063263" lon="113.274968">
        <time>2026-08-14T22:39:24Z</time>
      </trkpt>
      <trkpt lat="23.063214" lon="113.275071">
        <time>2026-08-14T22:39:29Z</time>
      </trkpt>
      <trkpt lat="23.063129" lon="113.275215">
        <time>2026-08-14T22:39:34Z</time>
      </trkpt>
      <trkpt lat="23.06305" lon="113.275349">
        <time>2026-08-14T22:39:39Z</time>
      </trkpt>
      <trkpt lat="23.062995" lon="113.275436">
        <time>2026-08-14T22:39:44Z</time>
      </trkpt>
      <trkpt lat="23.062929" lon="113.275522">
        <time>2026-08-14T22:39:49Z</time>
      </trkpt>
      <trkpt lat="23.062821" lon="113.275644">
        <time>2026-08-14T22:39:54Z</time>
      </trkpt>
      <trkpt lat="23.062704" lon="113.275754">
        <time>2026-08-14T22:39:59Z</time>
      </trkpt>
      <trkpt lat="23.062634" lon="113.275834">
        <time>2026-08-14T22:40:04Z</time>
      </trkpt>
      <trkpt lat="23.062569" lon="113.275921">
        <time>2026-08-14T22:40:09Z</time>
      </trkpt>
      <trkpt lat="23.062483" lon="113.276058">
        <time>2026-08-14T22:40:14Z</time>
      </trkpt>
      <trkpt lat="23.062417" lon="113.276204">
        <time>2026-08-14T22:40:19Z</time>
      </trkpt>
      <trkpt lat="23.06238" lon="113.276301">
        <time>2026-08-14T22:40:24Z</time>
      </trkpt>
      <trkpt lat="23.062345" lon="113.276398">
        <time>2026-08-14T22:40:29Z</time>
      </trkpt>
      <trkpt lat="23.062291" lon="113.276549">
        <time>2026-08-14T22:40:34Z</time>
      </trkpt>
      <trkpt lat="23.06224" lon="113.276695">
        <time>2026-08-14T22:40:39Z</time>
      </trkpt>
      <trkpt lat="23.062206" lon="113.27679">
        <time>2026-08-14T22:40:44Z</time>
      </trkpt>
      <trkpt lat="23.062172" lon="113.276887">
        <time>2026-08-14T22:40:49Z</time>
      </trkpt>
      <trkpt lat="23.062116" lon="113.277041">
        <time>2026-08-14T22:40:54Z</time>
      </trkpt>
      <trkpt lat="23.062051" lon="113.27721">
        <time>2026-08-14T22:40:59Z</time>
      </trkpt>
      <trkpt lat="23.062005" lon="113.277314">
        <time>2026-08-14T22:41:04Z</time>
      </trkpt>
      <trkpt lat="23.061966" lon="113.277412">
        <time>2026-08-14T22:41:09Z</time>
      </trkpt>
      <trkpt lat="23.061913" lon="113.277556">
        <time>2026-08-14T22:41:14Z</time>
      </trkpt>
      <trkpt lat="23.061861" lon="113.27771">
        <time>2026-08-14T22:41:19Z</time>
      </trkpt>
      <trkpt lat="23.061843" lon="113.277819">
        <time>2026-08-14T22:41:24Z</time>
      </trkpt>
      <trkpt lat="23.061838" lon="113.277927">
        <time>2026-08-14T22:41:29Z</time>
      </trkpt>
      <trkpt lat="23.061849" lon="113.27808">
        <time>2026-08-14T22:41:34Z</time>
      </trkpt>
      <trkpt lat="23.061856" lon="113.27824">
        <time>2026-08-14T22:41:39Z</time>
      </trkpt>
      <trkpt lat="23.06186" lon="113.278346">
        <time>2026-08-14T22:41:44Z</time>
      </trkpt>
      <trkpt lat="23.061862" lon="113.278452">
        <time>2026-08-14T22:41:49Z</time>
      </trkpt>
      <trkpt lat="23.061862" lon="113.278611">
        <time>2026-08-14T22:41:54Z</time>
      </trkpt>
      <trkpt lat="23.061821" lon="113.278773">
        <time>2026-08-14T22:41:59Z</time>
      </trkpt>
      <trkpt lat="23.061768" lon="113.278871">
        <time>2026-08-14T22:42:04Z</time>
      </trkpt>
      <trkpt lat="23.061712" lon="113.278963">
        <time>2026-08-14T22:42:09Z</time>
      </trkpt>
      <trkpt lat="23.061635" lon="113.279093">
        <time>2026-08-14T22:42:14Z</time>
      </trkpt>
      <trkpt lat="23.061576" lon="113.27923">
        <time>2026-08-14T22:42:19Z</time>
      </trkpt>
      <trkpt lat="23.061543" lon="113.279323">
        <time>2026-08-14T22:42:24Z</time>
      </trkpt>
      <trkpt lat="23.061507" lon="113.279418">
        <time>2026-08-14T22:42:29Z</time>
      </trkpt>
      <trkpt lat="23.061441" lon="113.279566">
        <time>2026-08-14T22:42:34Z</time>
      </trkpt>
      <trkpt lat="23.061375" lon="113.279727">
        <time>2026-08-14T22:42:39Z</time>
      </trkpt>
      <trkpt lat="23.061333" lon="113.279833">
        <time>2026-08-14T22:42:44Z</time>
      </trkpt>
      <trkpt lat="23.061294" lon="113.279942">
        <time>2026-08-14T22:42:49Z</time>
      </trkpt>
      <trkpt lat="23.061227" lon="113.280102">
        <time>2026-08-14T22:42:54Z</time>
      </trkpt>
      <trkpt lat="23.061157" lon="113.280259">
        <time>2026-08-14T22:42:59Z</time>
      </trkpt>
      <trkpt lat="23.06111" lon="113.280358">
        <time>2026-08-14T22:43:04Z</time>
      </trkpt>
      <trkpt lat="23.061062" lon="113.280459">
        <time>2026-08-14T22:43:09Z</time>
      </trkpt>
      <trkpt lat="23.060989" lon="113.280608">
        <time>2026-08-14T22:43:14Z</time>
      </trkpt>
      <trkpt lat="23.060928" lon="113.280767">
        <time>2026-08-14T22:43:19Z</time>
      </trkpt>
      <trkpt lat="23.060888" lon="113.280869">
        <time>2026-08-14T22:43:24Z</time>
      </trkpt>
      <trkpt lat="23.060843" lon="113.280968">
        <time>2026-08-14T22:43:29Z</time>
      </trkpt>
      <trkpt lat="23.060781" lon="113.281119">
        <time>2026-08-14T22:43:34Z</time>
      </trkpt>
      <trkpt lat="23.060714" lon="113.281263">
        <time>2026-08-14T22:43:39Z</time>
      </trkpt>
      <trkpt lat="23.06067" lon="113.281357">
        <time>2026-08-14T22:43:44Z</time>
      </trkpt>
      <trkpt lat="23.060628" lon="113.281457">
        <time>2026-08-14T22:43:49Z</time>
      </trkpt>
      <trkpt lat="23.06057" lon="113.281606">
        <time>2026-08-14T22:43:54Z</time>
      </trkpt>
      <trkpt lat="23.060504" lon="113.281745">
        <time>2026-08-14T22:43:59Z</time>
      </trkpt>
      <trkpt lat="23.060461" lon="113.28185">
        <time>2026-08-14T22:44:04Z</time>
      </trkpt>
      <trkpt lat="23.060421" lon="113.281956">
        <time>2026-08-14T22:44:09Z</time>
      </trkpt>
      <trkpt lat="23.060364" lon="113.282097">
        <time>2026-08-14T22:44:14Z</time>
      </trkpt>
      <trkpt lat="23.060307" lon="113.282243">
        <time>2026-08-14T22:44:19Z</time>
      </trkpt>
      <trkpt lat="23.060267" lon="113.282347">
        <time>2026-08-14T22:44:24Z</time>
      </trkpt>
      <trkpt lat="23.060223" lon="113.282443">
        <time>2026-08-14T22:44:29Z</time>
      </trkpt>
      <trkpt lat="23.060159" lon="113.282586">
        <time>2026-08-14T22:44:34Z</time>
      </trkpt>
      <trkpt lat="23.060097" lon="113.282733">
        <time>2026-08-14T22:44:39Z</time>
      </trkpt>
      <trkpt lat="23.06006" lon="113.282827">
        <time>2026-08-14T22:44:44Z</time>
      </trkpt>
      <trkpt lat="23.060024" lon="113.282925">
        <time>2026-08-14T22:44:49Z</time>
      </trkpt>
      <trkpt lat="23.059958" lon="113.283078">
        <time>2026-08-14T22:44:54Z</time>
      </trkpt>
      <trkpt lat="23.059888" lon="113.283224">
        <time>2026-08-14T22:44:59Z</time>
      </trkpt>
      <trkpt lat="23.059857" lon="113.283332">
        <time>2026-08-14T22:45:04Z</time>
      </trkpt>
      <trkpt lat="23.059914" lon="113.283354">
        <time>2026-08-14T22:45:09Z</time>
      </trkpt>
      <trkpt lat="23.060003" lon="113.283217">
        <time>2026-08-14T22:45:14Z</time>
      </trkpt>
      <trkpt lat="23.060076" lon="113.283069">
        <time>2026-08-14T22:45:19Z</time>
      </trkpt>
      <trkpt lat="23.060127" lon="113.282973">
        <time>2026-08-14T22:45:24Z</time>
      </trkpt>
      <trkpt lat="23.060169" lon="113.282871">
        <time>2026-08-14T22:45:29Z</time>
      </trkpt>
      <trkpt lat="23.06023" lon="113.282712">
        <time>2026-08-14T22:45:34Z</time>
      </trkpt>
      <trkpt lat="23.060294" lon="113.282563">
        <time>2026-08-14T22:45:39Z</time>
      </trkpt>
      <trkpt lat="23.060336" lon="113.282463">
        <time>2026-08-14T22:45:44Z</time>
      </trkpt>
      <trkpt lat="23.060375" lon="113.282361">
        <time>2026-08-14T22:45:49Z</time>
      </trkpt>
      <trkpt lat="23.060433" lon="113.282208">
        <time>2026-08-14T22:45:54Z</time>
      </trkpt>
      <trkpt lat="23.060492" lon="113.282056">
        <time>2026-08-14T22:45:59Z</time>
      </trkpt>
      <trkpt lat="23.060532" lon="113.281958">
        <time>2026-08-14T22:46:04Z</time>
      </trkpt>
      <trkpt lat="23.060568" lon="113.281859">
        <time>2026-08-14T22:46:09Z</time>
      </trkpt>
      <trkpt lat="23.060632" lon="113.281712">
        <time>2026-08-14T22:46:14Z</time>
      </trkpt>
      <trkpt lat="23.060688" lon="113.281565">
        <time>2026-08-14T22:46:19Z</time>
      </trkpt>
      <trkpt lat="23.060737" lon="113.281478">
        <time>2026-08-14T22:46:24Z</time>
      </trkpt>
      <trkpt lat="23.060785" lon="113.281384">
        <time>2026-08-14T22:46:29Z</time>
      </trkpt>
      <trkpt lat="23.060854" lon="113.281231">
        <time>2026-08-14T22:46:34Z</time>
      </trkpt>
      <trkpt lat="23.060916" lon="113.281081">
        <time>2026-08-14T22:46:39Z</time>
      </trkpt>
      <trkpt lat="23.060959" lon="113.280986">
        <time>2026-08-14T22:46:44Z</time>
      </trkpt>
      <trkpt lat="23.061001" lon="113.280889">
        <time>2026-08-14T22:46:49Z</time>
      </trkpt>
      <trkpt lat="23.061069" lon="113.280742">
        <time>2026-08-14T22:46:54Z</time>
      </trkpt>
      <trkpt lat="23.061135" lon="113.280586">
        <time>2026-08-14T22:46:59Z</time>
      </trkpt>
      <trkpt lat="23.061175" lon="113.280481">
        <time>2026-08-14T22:47:04Z</time>
      </trkpt>
      <trkpt lat="23.06122" lon="113.280386">
        <time>2026-08-14T22:47:09Z</time>
      </trkpt>
      <trkpt lat="23.061287" lon="113.280253">
        <time>2026-08-14T22:47:14Z</time>
      </trkpt>
      <trkpt lat="23.061353" lon="113.280123">
        <time>2026-08-14T22:47:19Z</time>
      </trkpt>
      <trkpt lat="23.061389" lon="113.280033">
        <time>2026-08-14T22:47:24Z</time>
      </trkpt>
      <trkpt lat="23.061426" lon="113.279943">
        <time>2026-08-14T22:47:29Z</time>
      </trkpt>
      <trkpt lat="23.061484" lon="113.279804">
        <time>2026-08-14T22:47:34Z</time>
      </trkpt>
      <trkpt lat="23.061535" lon="113.27966">
        <time>2026-08-14T22:47:39Z</time>
      </trkpt>
      <trkpt lat="23.061573" lon="113.279564">
        <time>2026-08-14T22:47:44Z</time>
      </trkpt>
      <trkpt lat="23.06161" lon="113.27947">
        <time>2026-08-14T22:47:49Z</time>
      </trkpt>
      <trkpt lat="23.061663" lon="113.27933">
        <time>2026-08-14T22:47:54Z</time>
      </trkpt>
      <trkpt lat="23.061715" lon="113.279197">
        <time>2026-08-14T22:47:59Z</time>
      </trkpt>
      <trkpt lat="23.061762" lon="113.279112">
        <time>2026-08-14T22:48:04Z</time>
      </trkpt>
      <trkpt lat="23.061817" lon="113.279035">
        <time>2026-08-14T22:48:09Z</time>
      </trkpt>
      <trkpt lat="23.061904" lon="113.278907">
        <time>2026-08-14T22:48:14Z</time>
      </trkpt>
      <trkpt lat="23.061964" lon="113.278757">
        <time>2026-08-14T22:48:19Z</time>
      </trkpt>
      <trkpt lat="23.061978" lon="113.278648">
        <time>2026-08-14T22:48:24Z</time>
      </trkpt>
      <trkpt lat="23.061977" lon="113.278539">
        <time>2026-08-14T22:48:29Z</time>
      </trkpt>
      <trkpt lat="23.061969" lon="113.278379">
        <time>2026-08-14T22:48:34Z</time>
      </trkpt>
      <trkpt lat="23.061963" lon="113.278216">
        <time>2026-08-14T22:48:39Z</time>
      </trkpt>
      <trkpt lat="23.061957" lon="113.278105">
        <time>2026-08-14T22:48:44Z</time>
      </trkpt>
      <trkpt lat="23.061952" lon="113.277996">
        <time>2026-08-14T22:48:49Z</time>
      </trkpt>
      <trkpt lat="23.06195" lon="113.277833">
        <time>2026-08-14T22:48:54Z</time>
      </trkpt>
      <trkpt lat="23.061977" lon="113.277674">
        <time>2026-08-14T22:48:59Z</time>
      </trkpt>
      <trkpt lat="23.062012" lon="113.277577">
        <time>2026-08-14T22:49:04Z</time>
      </trkpt>
      <trkpt lat="23.062047" lon="113.277483">
        <time>2026-08-14T22:49:09Z</time>
      </trkpt>
      <trkpt lat="23.062097" lon="113.27735">
        <time>2026-08-14T22:49:14Z</time>
      </trkpt>
      <trkpt lat="23.062149" lon="113.277215">
        <time>2026-08-14T22:49:19Z</time>
      </trkpt>
      <trkpt lat="23.062185" lon="113.277122">
        <time>2026-08-14T22:49:24Z</time>
      </trkpt>
      <trkpt lat="23.062224" lon="113.277033">
        <time>2026-08-14T22:49:29Z</time>
      </trkpt>
      <trkpt lat="23.062274" lon="113.27689">
        <time>2026-08-14T22:49:34Z</time>
      </trkpt>
      <trkpt lat="23.062324" lon="113.27675">
        <time>2026-08-14T22:49:39Z</time>
      </trkpt>
      <trkpt lat="23.062357" lon="113.276659">
        <time>2026-08-14T22:49:44Z</time>
      </trkpt>
      <trkpt lat="23.062392" lon="113.276566">
        <time>2026-08-14T22:49:49Z</time>
      </trkpt>
      <trkpt lat="23.062441" lon="113.276427">
        <time>2026-08-14T22:49:54Z</time>
      </trkpt>
      <trkpt lat="23.062497" lon="113.276286">
        <time>2026-08-14T22:49:59Z</time>
      </trkpt>
      <trkpt lat="23.062538" lon="113.276193">
        <time>2026-08-14T22:50:04Z</time>
      </trkpt>
      <trkpt lat="23.062586" lon="113.276102">
        <time>2026-08-14T22:50:09Z</time>
      </trkpt>
      <trkpt lat="23.062671" lon="113.27597">
        <time>2026-08-14T22:50:14Z</time>
      </trkpt>
      <trkpt lat="23.062769" lon="113.275849">
        <time>2026-08-14T22:50:19Z</time>
      </trkpt>
      <trkpt lat="23.062834" lon="113.275775">
        <time>2026-08-14T22:50:24Z</time>
      </trkpt>
      <trkpt lat="23.0629" lon="113.275694">
        <time>2026-08-14T22:50:29Z</time>
      </trkpt>
      <trkpt lat="23.063004" lon="113.275581">
        <time>2026-08-14T22:50:34Z</time>
      </trkpt>
      <trkpt lat="23.063095" lon="113.275457">
        <time>2026-08-14T22:50:39Z</time>
      </trkpt>
      <trkpt lat="23.06315" lon="113.275372">
        <time>2026-08-14T22:50:44Z</time>
      </trkpt>
      <trkpt lat="23.0632" lon="113.275292">
        <time>2026-08-14T22:50:49Z</time>
      </trkpt>
      <trkpt lat="23.063277" lon="113.275165">
        <time>2026-08-14T22:50:54Z</time>
      </trkpt>
      <trkpt lat="23.063353" lon="113.275035">
        <time>2026-08-14T22:50:59Z</time>
      </trkpt>
      <trkpt lat="23.063391" lon="113.274939">
        <time>2026-08-14T22:51:04Z</time>
      </trkpt>
      <trkpt lat="23.063418" lon="113.274844">
        <time>2026-08-14T22:51:09Z</time>
      </trkpt>
      <trkpt lat="23.063465" lon="113.27471">
        <time>2026-08-14T22:51:14Z</time>
      </trkpt>
      <trkpt lat="23.0635" lon="113.27458">
        <time>2026-08-14T22:51:19Z</time>
      </trkpt>
      <trkpt lat="23.063524" lon="113.274493">
        <time>2026-08-14T22:51:24Z</time>
      </trkpt>
      <trkpt lat="23.063561" lon="113.274403">
        <time>2026-08-14T22:51:29Z</time>
      </trkpt>
      <trkpt lat="23.063635" lon="113.27428">
        <time>2026-08-14T22:51:34Z</time>
      </trkpt>
      <trkpt lat="23.063755" lon="113.274181">
        <time>2026-08-14T22:51:39Z</time>
      </trkpt>
      <trkpt lat="23.063828" lon="113.274105">
        <time>2026-08-14T22:51:44Z</time>
      </trkpt>
      <trkpt lat="23.063887" lon="113.274017">
        <time>2026-08-14T22:51:49Z</time>
      </trkpt>
      <trkpt lat="23.063959" lon="113.27388">
        <time>2026-08-14T22:51:54Z</time>
      </trkpt>
      <trkpt lat="23.064038" lon="113.273754">
        <time>2026-08-14T22:51:59Z</time>
      </trkpt>
      <trkpt lat="23.064106" lon="113.273683">
        <time>2026-08-14T22:52:04Z</time>
      </trkpt>
      <trkpt lat="23.064183" lon="113.273623">
        <time>2026-08-14T22:52:09Z</time>
      </trkpt>
      <trkpt lat="23.064294" lon="113.273542">
        <time>2026-08-14T22:52:14Z</time>
      </trkpt>
      <trkpt lat="23.064404" lon="113.273459">
        <time>2026-08-14T22:52:19Z</time>
      </trkpt>
      <trkpt lat="23.064478" lon="113.27339">
        <time>2026-08-14T22:52:24Z</time>
      </trkpt>
      <trkpt lat="23.064545" lon="113.273316">
        <time>2026-08-14T22:52:29Z</time>
      </trkpt>
      <trkpt lat="23.064604" lon="113.273172">
        <time>2026-08-14T22:52:34Z</time>
      </trkpt>
      <trkpt lat="23.064581" lon="113.273011">
        <time>2026-08-14T22:52:39Z</time>
      </trkpt>
      <trkpt lat="23.064539" lon="113.272907">
        <time>2026-08-14T22:52:44Z</time>
      </trkpt>
      <trkpt lat="23.064499" lon="113.272807">
        <time>2026-08-14T22:52:49Z</time>
      </trkpt>
      <trkpt lat="23.064457" lon="113.272655">
        <time>2026-08-14T22:52:54Z</time>
      </trkpt>
      <trkpt lat="23.064479" lon="113.272507">
        <time>2026-08-14T22:52:59Z</time>
      </trkpt>
      <trkpt lat="23.06453" lon="113.272406">
        <time>2026-08-14T22:53:04Z</time>
      </trkpt>
      <trkpt lat="23.064557" lon="113.272296">
        <time>2026-08-14T22:53:09Z</time>
      </trkpt>
      <trkpt lat="23.064589" lon="113.27214">
        <time>2026-08-14T22:53:14Z</time>
      </trkpt>
      <trkpt lat="23.064652" lon="113.272002">
        <time>2026-08-14T22:53:19Z</time>
      </trkpt>
      <trkpt lat="23.064697" lon="113.27191">
        <time>2026-08-14T22:53:24Z</time>
      </trkpt>
      <trkpt lat="23.064742" lon="113.271818">
        <time>2026-08-14T22:53:29Z</time>
      </trkpt>
      <trkpt lat="23.064812" lon="113.271684">
        <time>2026-08-14T22:53:34Z</time>
      </trkpt>
      <trkpt lat="23.064881" lon="113.271549">
        <time>2026-08-14T22:53:39Z</time>
      </trkpt>
      <trkpt lat="23.064931" lon="113.271454">
        <time>2026-08-14T22:53:44Z</time>
      </trkpt>
      <trkpt lat="23.064975" lon="113.271362">
        <time>2026-08-14T22:53:49Z</time>
      </trkpt>
      <trkpt lat="23.065034" lon="113.271223">
        <time>2026-08-14T22:53:54Z</time>
      </trkpt>
      <trkpt lat="23.065113" lon="113.271086">
        <time>2026-08-14T22:53:59Z</time>
      </trkpt>
      <trkpt lat="23.065158" lon="113.270987">
        <time>2026-08-14T22:54:04Z</time>
      </trkpt>
      <trkpt lat="23.065194" lon="113.270879">
        <time>2026-08-14T22:54:09Z</time>
      </trkpt>
      <trkpt lat="23.065251" lon="113.270732">
        <time>2026-08-14T22:54:14Z</time>
      </trkpt>
      <trkpt lat="23.065314" lon="113.270607">
        <time>2026-08-14T22:54:19Z</time>
      </trkpt>
      <trkpt lat="23.065352" lon="113.270522">
        <time>2026-08-14T22:54:24Z</time>
      </trkpt>
      <trkpt lat="23.06539" lon="113.270433">
        <time>2026-08-14T22:54:29Z</time>
      </trkpt>
      <trkpt lat="23.065454" lon="113.270303">
        <time>2026-08-14T22:54:34Z</time>
      </trkpt>
      <trkpt lat="23.065512" lon="113.270157">
        <time>2026-08-14T22:54:39Z</time>
      </trkpt>
      <trkpt lat="23.065543" lon="113.270058">
        <time>2026-08-14T22:54:44Z</time>
      </trkpt>
      <trkpt lat="23.065579" lon="113.26996">
        <time>2026-08-14T22:54:49Z</time>
      </trkpt>
      <trkpt lat="23.065627" lon="113.269803">
        <time>2026-08-14T22:54:54Z</time>
      </trkpt>
      <trkpt lat="23.065662" lon="113.269652">
        <time>2026-08-14T22:54:59Z</time>
      </trkpt>
      <trkpt lat="23.065698" lon="113.269563">
        <time>2026-08-14T22:55:04Z</time>
      </trkpt>
      <trkpt lat="23.065734" lon="113.269473">
        <time>2026-08-14T22:55:09Z</time>
      </trkpt>
      <trkpt lat="23.065766" lon="113.269317">
        <time>2026-08-14T22:55:14Z</time>
      </trkpt>
      <trkpt lat="23.065801" lon="113.26916">
        <time>2026-08-14T22:55:19Z</time>
      </trkpt>
      <trkpt lat="23.065833" lon="113.269062">
        <time>2026-08-14T22:55:24Z</time>
      </trkpt>
      <trkpt lat="23.065876" lon="113.268968">
        <time>2026-08-14T22:55:29Z</time>
      </trkpt>
      <trkpt lat="23.065944" lon="113.26883">
        <time>2026-08-14T22:55:34Z</time>
      </trkpt>
      <trkpt lat="23.066006" lon="113.268697">
        <time>2026-08-14T22:55:39Z</time>
      </trkpt>
      <trkpt lat="23.066052" lon="113.268613">
        <time>2026-08-14T22:55:44Z</time>
      </trkpt>
      <trkpt lat="23.066103" lon="113.268529">
        <time>2026-08-14T22:55:49Z</time>
      </trkpt>
      <trkpt lat="23.066185" lon="113.2684">
        <time>2026-08-14T22:55:54Z</time>
      </trkpt>
      <trkpt lat="23.066268" lon="113.26828">
        <time>2026-08-14T22:55:59Z</time>
      </trkpt>
      <trkpt lat="23.066331" lon="113.26821">
        <time>2026-08-14T22:56:04Z</time>
      </trkpt>
      <trkpt lat="23.066407" lon="113.268153">
        <time>2026-08-14T22:56:09Z</time>
      </trkpt>
      <trkpt lat="23.066545" lon="113.268122">
        <time>2026-08-14T22:56:14Z</time>
      </trkpt>
      <trkpt lat="23.066681" lon="113.268132">
        <time>2026-08-14T22:56:19Z</time>
      </trkpt>
      <trkpt lat="23.066677" lon="113.268052">
        <time>2026-08-14T22:56:24Z</time>
      </trkpt>
      <trkpt lat="23.066581" lon="113.267983">
        <time>2026-08-14T22:56:29Z</time>
      </trkpt>
      <trkpt lat="23.066425" lon="113.267948">
        <time>2026-08-14T22:56:34Z</time>
      </trkpt>
      <trkpt lat="23.066277" lon="113.267971">
        <time>2026-08-14T22:56:39Z</time>
      </trkpt>
      <trkpt lat="23.06619" lon="113.268026">
        <time>2026-08-14T22:56:44Z</time>
      </trkpt>
      <trkpt lat="23.066115" lon="113.268097">
        <time>2026-08-14T22:56:49Z</time>
      </trkpt>
      <trkpt lat="23.066017" lon="113.268215">
        <time>2026-08-14T22:56:54Z</time>
      </trkpt>
      <trkpt lat="23.065921" lon="113.268334">
        <time>2026-08-14T22:56:59Z</time>
      </trkpt>
      <trkpt lat="23.065867" lon="113.268413">
        <time>2026-08-14T22:57:04Z</time>
      </trkpt>
      <trkpt lat="23.065817" lon="113.268495">
        <time>2026-08-14T22:57:09Z</time>
      </trkpt>
      <trkpt lat="23.065748" lon="113.268629">
        <time>2026-08-14T22:57:14Z</time>
      </trkpt>
      <trkpt lat="23.065687" lon="113.268772">
        <time>2026-08-14T22:57:19Z</time>
      </trkpt>
      <trkpt lat="23.065651" lon="113.268869">
        <time>2026-08-14T22:57:24Z</time>
      </trkpt>
      <trkpt lat="23.065619" lon="113.268968">
        <time>2026-08-14T22:57:29Z</time>
      </trkpt>
      <trkpt lat="23.065575" lon="113.269119">
        <time>2026-08-14T22:57:34Z</time>
      </trkpt>
      <trkpt lat="23.065535" lon="113.269267">
        <time>2026-08-14T22:57:39Z</time>
      </trkpt>
      <trkpt lat="23.065509" lon="113.269366">
        <time>2026-08-14T22:57:44Z</time>
      </trkpt>
      <trkpt lat="23.065485" lon="113.269465">
        <time>2026-08-14T22:57:49Z</time>
      </trkpt>
      <trkpt lat="23.065453" lon="113.269616">
        <time>2026-08-14T22:57:54Z</time>
      </trkpt>
      <trkpt lat="23.065413" lon="113.269772">
        <time>2026-08-14T22:57:59Z</time>
      </trkpt>
      <trkpt lat="23.065375" lon="113.26987">
        <time>2026-08-14T22:58:04Z</time>
      </trkpt>
      <trkpt lat="23.06534" lon="113.269974">
        <time>2026-08-14T22:58:09Z</time>
      </trkpt>
      <trkpt lat="23.065286" lon="113.270124">
        <time>2026-08-14T22:58:14Z</time>
      </trkpt>
      <trkpt lat="23.065226" lon="113.270267">
        <time>2026-08-14T22:58:19Z</time>
      </trkpt>
      <trkpt lat="23.065182" lon="113.270365">
        <time>2026-08-14T22:58:24Z</time>
      </trkpt>
      <trkpt lat="23.06514" lon="113.270466">
        <time>2026-08-14T22:58:29Z</time>
      </trkpt>
      <trkpt lat="23.065076" lon="113.270616">
        <time>2026-08-14T22:58:34Z</time>
      </trkpt>
      <trkpt lat="23.065008" lon="113.27076">
        <time>2026-08-14T22:58:39Z</time>
      </trkpt>
      <trkpt lat="23.064964" lon="113.270852">
        <time>2026-08-14T22:58:44Z</time>
      </trkpt>
      <trkpt lat="23.06492" lon="113.270944">
        <time>2026-08-14T22:58:49Z</time>
      </trkpt>
      <trkpt lat="23.064852" lon="113.271089">
        <time>2026-08-14T22:58:54Z</time>
      </trkpt>
      <trkpt lat="23.064781" lon="113.27124">
        <time>2026-08-14T22:58:59Z</time>
      </trkpt>
      <trkpt lat="23.064733" lon="113.271332">
        <time>2026-08-14T22:59:04Z</time>
      </trkpt>
      <trkpt lat="23.06469" lon="113.27143">
        <time>2026-08-14T22:59:09Z</time>
      </trkpt>
      <trkpt lat="23.064625" lon="113.27158">
        <time>2026-08-14T22:59:14Z</time>
      </trkpt>
      <trkpt lat="23.064557" lon="113.271724">
        <time>2026-08-14T22:59:19Z</time>
      </trkpt>
      <trkpt lat="23.064512" lon="113.271819">
        <time>2026-08-14T22:59:24Z</time>
      </trkpt>
      <trkpt lat="23.064466" lon="113.271914">
        <time>2026-08-14T22:59:29Z</time>
      </trkpt>
      <trkpt lat="23.064401" lon="113.272055">
        <time>2026-08-14T22:59:34Z</time>
      </trkpt>
      <trkpt lat="23.06435" lon="113.272204">
        <time>2026-08-14T22:59:39Z</time>
      </trkpt>
      <trkpt lat="23.064335" lon="113.272309">
        <time>2026-08-14T22:59:44Z</time>
      </trkpt>
      <trkpt lat="23.064325" lon="113.272415">
        <time>2026-08-14T22:59:49Z</time>
      </trkpt>
      <trkpt lat="23.064321" lon="113.272578">
        <time>2026-08-14T22:59:54Z</time>
      </trkpt>
      <trkpt lat="23.064362" lon="113.272742">
        <time>2026-08-14T22:59:59Z</time>
      </trkpt>
      <trkpt lat="23.0644" lon="113.272846">
        <time>2026-08-14T23:00:04Z</time>
      </trkpt>
      <trkpt lat="23.064431" lon="113.272949">
        <time>2026-08-14T23:00:09Z</time>
      </trkpt>
      <trkpt lat="23.064472" lon="113.273104">
        <time>2026-08-14T23:00:14Z</time>
      </trkpt>
      <trkpt lat="23.064458" lon="113.273251">
        <time>2026-08-14T23:00:19Z</time>
      </trkpt>
      <trkpt lat="23.0644" lon="113.273336">
        <time>2026-08-14T23:00:24Z</time>
      </trkpt>
      <trkpt lat="23.064317" lon="113.2734">
        <time>2026-08-14T23:00:29Z</time>
      </trkpt>
      <trkpt lat="23.064184" lon="113.273479">
        <time>2026-08-14T23:00:34Z</time>
      </trkpt>
      <trkpt lat="23.064062" lon="113.273564">
        <time>2026-08-14T23:00:39Z</time>
      </trkpt>
      <trkpt lat="23.063987" lon="113.273629">
        <time>2026-08-14T23:00:44Z</time>
      </trkpt>
      <trkpt lat="23.063917" lon="113.273702">
        <time>2026-08-14T23:00:49Z</time>
      </trkpt>
      <trkpt lat="23.063833" lon="113.273819">
        <time>2026-08-14T23:00:54Z</time>
      </trkpt>
      <trkpt lat="23.06376" lon="113.273945">
        <time>2026-08-14T23:00:59Z</time>
      </trkpt>
      <trkpt lat="23.063711" lon="113.274025">
        <time>2026-08-14T23:01:04Z</time>
      </trkpt>
      <trkpt lat="23.06364" lon="113.274094">
        <time>2026-08-14T23:01:09Z</time>
      </trkpt>
      <trkpt lat="23.063533" lon="113.274212">
        <time>2026-08-14T23:01:14Z</time>
      </trkpt>
      <trkpt lat="23.063472" lon="113.27438">
        <time>2026-08-14T23:01:19Z</time>
      </trkpt>
      <trkpt lat="23.063435" lon="113.274489">
        <time>2026-08-14T23:01:24Z</time>
      </trkpt>
      <trkpt lat="23.0634" lon="113.274589">
        <time>2026-08-14T23:01:29Z</time>
      </trkpt>
      <trkpt lat="23.06335" lon="113.274737">
        <time>2026-08-14T23:01:34Z</time>
      </trkpt>
      <trkpt lat="23.063298" lon="113.274887">
        <time>2026-08-14T23:01:39Z</time>
      </trkpt>
      <trkpt lat="23.063256" lon="113.27499">
        <time>2026-08-14T23:01:44Z</time>
      </trkpt>
      <trkpt lat="23.063204" lon="113.275091">
        <time>2026-08-14T23:01:49Z</time>
      </trkpt>
      <trkpt lat="23.063121" lon="113.275231">
        <time>2026-08-14T23:01:54Z</time>
      </trkpt>
      <trkpt lat="23.063038" lon="113.275363">
        <time>2026-08-14T23:01:59Z</time>
      </trkpt>
      <trkpt lat="23.062983" lon="113.27545">
        <time>2026-08-14T23:02:04Z</time>
      </trkpt>
      <trkpt lat="23.06292" lon="113.275535">
        <time>2026-08-14T23:02:09Z</time>
      </trkpt>
      <trkpt lat="23.062818" lon="113.275646">
        <time>2026-08-14T23:02:14Z</time>
      </trkpt>
      <trkpt lat="23.062707" lon="113.275749">
        <time>2026-08-14T23:02:19Z</time>
      </trkpt>
      <trkpt lat="23.062633" lon="113.275819">
        <time>2026-08-14T23:02:24Z</time>
      </trkpt>
      <trkpt lat="23.062573" lon="113.2759">
        <time>2026-08-14T23:02:29Z</time>
      </trkpt>
      <trkpt lat="23.062496" lon="113.276034">
        <time>2026-08-14T23:02:34Z</time>
      </trkpt>
      <trkpt lat="23.062429" lon="113.276166">
        <time>2026-08-14T23:02:39Z</time>
      </trkpt>
      <trkpt lat="23.062397" lon="113.276254">
        <time>2026-08-14T23:02:44Z</time>
      </trkpt>
      <trkpt lat="23.062363" lon="113.276343">
        <time>2026-08-14T23:02:49Z</time>
      </trkpt>
      <trkpt lat="23.062317" lon="113.276477">
        <time>2026-08-14T23:02:54Z</time>
      </trkpt>
      <trkpt lat="23.062263" lon="113.276616">
        <time>2026-08-14T23:02:59Z</time>
      </trkpt>
      <trkpt lat="23.06223" lon="113.276713">
        <time>2026-08-14T23:03:04Z</time>
      </trkpt>
      <trkpt lat="23.0622" lon="113.276811">
        <time>2026-08-14T23:03:09Z</time>
      </trkpt>
      <trkpt lat="23.062145" lon="113.276951">
        <time>2026-08-14T23:03:14Z</time>
      </trkpt>
      <trkpt lat="23.062095" lon="113.277093">
        <time>2026-08-14T23:03:19Z</time>
      </trkpt>
      <trkpt lat="23.062048" lon="113.277204">
        <time>2026-08-14T23:03:24Z</time>
      </trkpt>
      <trkpt lat="23.061999" lon="113.277317">
        <time>2026-08-14T23:03:29Z</time>
      </trkpt>
      <trkpt lat="23.061936" lon="113.27747">
        <time>2026-08-14T23:03:34Z</time>
      </trkpt>
      <trkpt lat="23.061881" lon="113.277616">
        <time>2026-08-14T23:03:39Z</time>
      </trkpt>
      <trkpt lat="23.061852" lon="113.277716">
        <time>2026-08-14T23:03:44Z</time>
      </trkpt>
      <trkpt lat="23.061834" lon="113.277817">
        <time>2026-08-14T23:03:49Z</time>
      </trkpt>
      <trkpt lat="23.061829" lon="113.277973">
        <time>2026-08-14T23:03:54Z</time>
      </trkpt>
      <trkpt lat="23.06184" lon="113.278122">
        <time>2026-08-14T23:03:59Z</time>
      </trkpt>
      <trkpt lat="23.061845" lon="113.278222">
        <time>2026-08-14T23:04:04Z</time>
      </trkpt>
      <trkpt lat="23.061853" lon="113.278316">
        <time>2026-08-14T23:04:09Z</time>
      </trkpt>
      <trkpt lat="23.061865" lon="113.278461">
        <time>2026-08-14T23:04:14Z</time>
      </trkpt>
      <trkpt lat="23.06186" lon="113.278613">
        <time>2026-08-14T23:04:19Z</time>
      </trkpt>
      <trkpt lat="23.06184" lon="113.278709">
        <time>2026-08-14T23:04:24Z</time>
      </trkpt>
      <trkpt lat="23.061784" lon="113.278747">
        <time>2026-08-14T23:04:29Z</time>
      </trkpt>
      <trkpt lat="23.061695" lon="113.278843">
        <time>2026-08-14T23:04:34Z</time>
      </trkpt>
      <trkpt lat="23.061641" lon="113.278983">
        <time>2026-08-14T23:04:39Z</time>
      </trkpt>
      <trkpt lat="23.061606" lon="113.279068">
        <time>2026-08-14T23:04:44Z</time>
      </trkpt>
      <trkpt lat="23.061579" lon="113.279134">
        <time>2026-08-14T23:04:49Z</time>
      </trkpt>
      <trkpt lat="23.061576" lon="113.279177">
        <time>2026-08-14T23:04:54Z</time>
      </trkpt>
      <trkpt lat="23.061622" lon="113.27915">
        <time>2026-08-14T23:04:59Z</time>
      </trkpt>
      <trkpt lat="23.061636" lon="113.279113">
        <time>2026-08-14T23:05:04Z</time>
      </trkpt>
      <trkpt lat="23.061615" lon="113.279102">
        <time>2026-08-14T23:05:09Z</time>
      </trkpt>
      <trkpt lat="23.061586" lon="113.279155">
        <time>2026-08-14T23:05:14Z</time>
      </trkpt>
      <trkpt lat="23.061559" lon="113.279262">
        <time>2026-08-14T23:05:19Z</time>
      </trkpt>
      <trkpt lat="23.061519" lon="113.279361">
        <time>2026-08-14T23:05:24Z</time>
      </trkpt>
      <trkpt lat="23.061475" lon="113.279456">
        <time>2026-08-14T23:05:29Z</time>
      </trkpt>
      <trkpt lat="23.061409" lon="113.279599">
        <time>2026-08-14T23:05:34Z</time>
      </trkpt>
      <trkpt lat="23.061346" lon="113.279742">
        <time>2026-08-14T23:05:39Z</time>
      </trkpt>
      <trkpt lat="23.061308" lon="113.279836">
        <time>2026-08-14T23:05:44Z</time>
      </trkpt>
      <trkpt lat="23.061269" lon="113.279928">
        <time>2026-08-14T23:05:49Z</time>
      </trkpt>
      <trkpt lat="23.061209" lon="113.280062">
        <time>2026-08-14T23:05:54Z</time>
      </trkpt>
      <trkpt lat="23.061152" lon="113.280205">
        <time>2026-08-14T23:05:59Z</time>
      </trkpt>
      <trkpt lat="23.061112" lon="113.280303">
        <time>2026-08-14T23:06:04Z</time>
      </trkpt>
      <trkpt lat="23.061071" lon="113.280399">
        <time>2026-08-14T23:06:09Z</time>
      </trkpt>
      <trkpt lat="23.061006" lon="113.280543">
        <time>2026-08-14T23:06:14Z</time>
      </trkpt>
      <trkpt lat="23.060945" lon="113.280684">
        <time>2026-08-14T23:06:19Z</time>
      </trkpt>
      <trkpt lat="23.060908" lon="113.280779">
        <time>2026-08-14T23:06:24Z</time>
      </trkpt>
      <trkpt lat="23.06087" lon="113.280876">
        <time>2026-08-14T23:06:29Z</time>
      </trkpt>
      <trkpt lat="23.060811" lon="113.281025">
        <time>2026-08-14T23:06:34Z</time>
      </trkpt>
      <trkpt lat="23.060747" lon="113.281171">
        <time>2026-08-14T23:06:39Z</time>
      </trkpt>
      <trkpt lat="23.060707" lon="113.281266">
        <time>2026-08-14T23:06:44Z</time>
      </trkpt>
      <trkpt lat="23.060663" lon="113.281362">
        <time>2026-08-14T23:06:49Z</time>
      </trkpt>
      <trkpt lat="23.060605" lon="113.281507">
        <time>2026-08-14T23:06:54Z</time>
      </trkpt>
      <trkpt lat="23.060546" lon="113.281643">
        <time>2026-08-14T23:06:59Z</time>
      </trkpt>
      <trkpt lat="23.060501" lon="113.281731">
        <time>2026-08-14T23:07:04Z</time>
      </trkpt>
      <trkpt lat="23.060461" lon="113.281822">
        <time>2026-08-14T23:07:09Z</time>
      </trkpt>
      <trkpt lat="23.060402" lon="113.281963">
        <time>2026-08-14T23:07:14Z</time>
      </trkpt>
      <trkpt lat="23.060341" lon="113.282105">
        <time>2026-08-14T23:07:19Z</time>
      </trkpt>
      <trkpt lat="23.060301" lon="113.282198">
        <time>2026-08-14T23:07:24Z</time>
      </trkpt>
      <trkpt lat="23.060265" lon="113.282294">
        <time>2026-08-14T23:07:29Z</time>
      </trkpt>
      <trkpt lat="23.060212" lon="113.282431">
        <time>2026-08-14T23:07:34Z</time>
      </trkpt>
      <trkpt lat="23.060153" lon="113.282566">
        <time>2026-08-14T23:07:39Z</time>
      </trkpt>
      <trkpt lat="23.06011" lon="113.282654">
        <time>2026-08-14T23:07:44Z</time>
      </trkpt>
      <trkpt lat="23.060073" lon="113.282744">
        <time>2026-08-14T23:07:49Z</time>
      </trkpt>
      <trkpt lat="23.060025" lon="113.282883">
        <time>2026-08-14T23:07:54Z</time>
      </trkpt>
      <trkpt lat="23.059969" lon="113.283024">
        <time>2026-08-14T23:07:59Z</time>
      </trkpt>
      <trkpt lat="23.059924" lon="113.283112">
        <time>2026-08-14T23:08:04Z</time>
      </trkpt>
      <trkpt lat="23.059883" lon="113.283201">
        <time>2026-08-14T23:08:09Z</time>
      </trkpt>
      <trkpt lat="23.059841" lon="113.28333">
        <time>2026-08-14T23:08:14Z</time>
      </trkpt>
      <trkpt lat="23.059927" lon="113.283353">
        <time>2026-08-14T23:08:19Z</time>
      </trkpt>
      <trkpt lat="23.059984" lon="113.283274">
        <time>2026-08-14T23:08:24Z</time>
      </trkpt>
      <trkpt lat="23.060031" lon="113.283185">
        <time>2026-08-14T23:08:29Z</time>
      </trkpt>
      <trkpt lat="23.060097" lon="113.28305">
        <time>2026-08-14T23:08:34Z</time>
      </trkpt>
      <trkpt lat="23.060155" lon="113.282906">
        <time>2026-08-14T23:08:39Z</time>
      </trkpt>
      <trkpt lat="23.06019" lon="113.282812">
        <time>2026-08-14T23:08:44Z</time>
      </trkpt>
      <trkpt lat="23.060229" lon="113.282721">
        <time>2026-08-14T23:08:49Z</time>
      </trkpt>
      <trkpt lat="23.060283" lon="113.282591">
        <time>2026-08-14T23:08:54Z</time>
      </trkpt>
      <trkpt lat="23.060334" lon="113.282451">
        <time>2026-08-14T23:08:59Z</time>
      </trkpt>
      <trkpt lat="23.060371" lon="113.282356">
        <time>2026-08-14T23:09:04Z</time>
      </trkpt>
      <trkpt lat="23.06041" lon="113.282262">
        <time>2026-08-14T23:09:09Z</time>
      </trkpt>
      <trkpt lat="23.060469" lon="113.282123">
        <time>2026-08-14T23:09:14Z</time>
      </trkpt>
      <trkpt lat="23.060528" lon="113.281999">
        <time>2026-08-14T23:09:19Z</time>
      </trkpt>
      <trkpt lat="23.060563" lon="113.281913">
        <time>2026-08-14T23:09:24Z</time>
      </trkpt>
      <trkpt lat="23.060599" lon="113.281823">
        <time>2026-08-14T23:09:29Z</time>
      </trkpt>
      <trkpt lat="23.060654" lon="113.281691">
        <time>2026-08-14T23:09:34Z</time>
      </trkpt>
      <trkpt lat="23.060709" lon="113.281556">
        <time>2026-08-14T23:09:39Z</time>
      </trkpt>
      <trkpt lat="23.060751" lon="113.281466">
        <time>2026-08-14T23:09:44Z</time>
      </trkpt>
      <trkpt lat="23.060794" lon="113.281376">
        <time>2026-08-14T23:09:49Z</time>
      </trkpt>
      <trkpt lat="23.060858" lon="113.281246">
        <time>2026-08-14T23:09:54Z</time>
      </trkpt>
      <trkpt lat="23.060915" lon="113.281113">
        <time>2026-08-14T23:09:59Z</time>
      </trkpt>
      <trkpt lat="23.06095" lon="113.281019">
        <time>2026-08-14T23:10:04Z</time>
      </trkpt>
      <trkpt lat="23.060988" lon="113.280929">
        <time>2026-08-14T23:10:09Z</time>
      </trkpt>
      <trkpt lat="23.061045" lon="113.280792">
        <time>2026-08-14T23:10:14Z</time>
      </trkpt>
      <trkpt lat="23.061104" lon="113.280643">
        <time>2026-08-14T23:10:19Z</time>
      </trkpt>
      <trkpt lat="23.061146" lon="113.280546">
        <time>2026-08-14T23:10:24Z</time>
      </trkpt>
      <trkpt lat="23.061189" lon="113.280454">
        <time>2026-08-14T23:10:29Z</time>
      </trkpt>
      <trkpt lat="23.06126" lon="113.280324">
        <time>2026-08-14T23:10:34Z</time>
      </trkpt>
      <trkpt lat="23.061318" lon="113.280197">
        <time>2026-08-14T23:10:39Z</time>
      </trkpt>
      <trkpt lat="23.061358" lon="113.280111">
        <time>2026-08-14T23:10:44Z</time>
      </trkpt>
      <trkpt lat="23.061398" lon="113.280019">
        <time>2026-08-14T23:10:49Z</time>
      </trkpt>
      <trkpt lat="23.061455" lon="113.279885">
        <time>2026-08-14T23:10:54Z</time>
      </trkpt>
      <trkpt lat="23.061503" lon="113.279753">
        <time>2026-08-14T23:10:59Z</time>
      </trkpt>
      <trkpt lat="23.061539" lon="113.279669">
        <time>2026-08-14T23:11:04Z</time>
      </trkpt>
      <trkpt lat="23.061574" lon="113.279579">
        <time>2026-08-14T23:11:09Z</time>
      </trkpt>
      <trkpt lat="23.061624" lon="113.279437">
        <time>2026-08-14T23:11:14Z</time>
      </trkpt>
      <trkpt lat="23.061672" lon="113.279301">
        <time>2026-08-14T23:11:19Z</time>
      </trkpt>
      <trkpt lat="23.061712" lon="113.279214">
        <time>2026-08-14T23:11:24Z</time>
      </trkpt>
      <trkpt lat="23.061762" lon="113.279127">
        <time>2026-08-14T23:11:29Z</time>
      </trkpt>
      <trkpt lat="23.061842" lon="113.278998">
        <time>2026-08-14T23:11:34Z</time>
      </trkpt>
      <trkpt lat="23.061928" lon="113.278862">
        <time>2026-08-14T23:11:39Z</time>
      </trkpt>
      <trkpt lat="23.061965" lon="113.278759">
        <time>2026-08-14T23:11:44Z</time>
      </trkpt>
      <trkpt lat="23.061982" lon="113.278657">
        <time>2026-08-14T23:11:49Z</time>
      </trkpt>
      <trkpt lat="23.061974" lon="113.278499">
        <time>2026-08-14T23:11:54Z</time>
      </trkpt>
      <trkpt lat="23.061966" lon="113.278337">
        <time>2026-08-14T23:11:59Z</time>
      </trkpt>
      <trkpt lat="23.061963" lon="113.278228">
        <time>2026-08-14T23:12:04Z</time>
      </trkpt>
      <trkpt lat="23.061957" lon="113.278117">
        <time>2026-08-14T23:12:09Z</time>
      </trkpt>
      <trkpt lat="23.061947" lon="113.27795">
        <time>2026-08-14T23:12:14Z</time>
      </trkpt>
      <trkpt lat="23.061952" lon="113.277784">
        <time>2026-08-14T23:12:19Z</time>
      </trkpt>
      <trkpt lat="23.061975" lon="113.277678">
        <time>2026-08-14T23:12:24Z</time>
      </trkpt>
      <trkpt lat="23.062011" lon="113.277577">
        <time>2026-08-14T23:12:29Z</time>
      </trkpt>
      <trkpt lat="23.06207" lon="113.277431">
        <time>2026-08-14T23:12:34Z</time>
      </trkpt>
      <trkpt lat="23.062124" lon="113.27729">
        <time>2026-08-14T23:12:39Z</time>
      </trkpt>
      <trkpt lat="23.062159" lon="113.277195">
        <time>2026-08-14T23:12:44Z</time>
      </trkpt>
      <trkpt lat="23.062191" lon="113.2771">
        <time>2026-08-14T23:12:49Z</time>
      </trkpt>
      <trkpt lat="23.062239" lon="113.276961">
        <time>2026-08-14T23:12:54Z</time>
      </trkpt>
      <trkpt lat="23.062293" lon="113.276821">
        <time>2026-08-14T23:12:59Z</time>
      </trkpt>
      <trkpt lat="23.062335" lon="113.27673">
        <time>2026-08-14T23:13:04Z</time>
      </trkpt>
      <trkpt lat="23.062368" lon="113.276636">
        <time>2026-08-14T23:13:09Z</time>
      </trkpt>
      <trkpt lat="23.062419" lon="113.276495">
        <time>2026-08-14T23:13:14Z</time>
      </trkpt>
      <trkpt lat="23.062474" lon="113.276356">
        <time>2026-08-14T23:13:19Z</time>
      </trkpt>
      <trkpt lat="23.06251" lon="113.276263">
        <time>2026-08-14T23:13:24Z</time>
      </trkpt>
      <trkpt lat="23.06255" lon="113.276174">
        <time>2026-08-14T23:13:29Z</time>
      </trkpt>
      <trkpt lat="23.06262" lon="113.276047">
        <time>2026-08-14T23:13:34Z</time>
      </trkpt>
      <trkpt lat="23.062702" lon="113.275928">
        <time>2026-08-14T23:13:39Z</time>
      </trkpt>
      <trkpt lat="23.062764" lon="113.275857">
        <time>2026-08-14T23:13:44Z</time>
      </trkpt>
      <trkpt lat="23.062826" lon="113.27578">
        <time>2026-08-14T23:13:49Z</time>
      </trkpt>
      <trkpt lat="23.062932" lon="113.275661">
        <time>2026-08-14T23:13:54Z</time>
      </trkpt>
      <trkpt lat="23.063036" lon="113.275539">
        <time>2026-08-14T23:13:59Z</time>
      </trkpt>
      <trkpt lat="23.063091" lon="113.275456">
        <time>2026-08-14T23:14:04Z</time>
      </trkpt>
      <trkpt lat="23.063148" lon="113.27538">
        <time>2026-08-14T23:14:09Z</time>
      </trkpt>
      <trkpt lat="23.063221" lon="113.275257">
        <time>2026-08-14T23:14:14Z</time>
      </trkpt>
      <trkpt lat="23.0633" lon="113.275136">
        <time>2026-08-14T23:14:19Z</time>
      </trkpt>
      <trkpt lat="23.063353" lon="113.275056">
        <time>2026-08-14T23:14:24Z</time>
      </trkpt>
      <trkpt lat="23.063398" lon="113.274972">
        <time>2026-08-14T23:14:29Z</time>
      </trkpt>
      <trkpt lat="23.063442" lon="113.27484">
        <time>2026-08-14T23:14:34Z</time>
      </trkpt>
      <trkpt lat="23.063481" lon="113.274709">
        <time>2026-08-14T23:14:39Z</time>
      </trkpt>
      <trkpt lat="23.06351" lon="113.274615">
        <time>2026-08-14T23:14:44Z</time>
      </trkpt>
      <trkpt lat="23.063533" lon="113.274519">
        <time>2026-08-14T23:14:49Z</time>
      </trkpt>
      <trkpt lat="23.063577" lon="113.274387">
        <time>2026-08-14T23:14:54Z</time>
      </trkpt>
      <trkpt lat="23.06366" lon="113.274274">
        <time>2026-08-14T23:14:59Z</time>
      </trkpt>
      <trkpt lat="23.063733" lon="113.274204">
        <time>2026-08-14T23:15:04Z</time>
      </trkpt>
      <trkpt lat="23.063803" lon="113.274128">
        <time>2026-08-14T23:15:09Z</time>
      </trkpt>
      <trkpt lat="23.063887" lon="113.274005">
        <time>2026-08-14T23:15:14Z</time>
      </trkpt>
      <trkpt lat="23.063966" lon="113.273866">
        <time>2026-08-14T23:15:19Z</time>
      </trkpt>
      <trkpt lat="23.06402" lon="113.273781">
        <time>2026-08-14T23:15:24Z</time>
      </trkpt>
      <trkpt lat="23.064089" lon="113.273704">
        <time>2026-08-14T23:15:29Z</time>
      </trkpt>
      <trkpt lat="23.0642" lon="113.273616">
        <time>2026-08-14T23:15:34Z</time>
      </trkpt>
      <trkpt lat="23.064299" lon="113.273538">
        <time>2026-08-14T23:15:39Z</time>
      </trkpt>
      <trkpt lat="23.064367" lon="113.273484">
        <time>2026-08-14T23:15:44Z</time>
      </trkpt>
      <trkpt lat="23.064436" lon="113.273426">
        <time>2026-08-14T23:15:49Z</time>
      </trkpt>
      <trkpt lat="23.064535" lon="113.273317">
        <time>2026-08-14T23:15:54Z</time>
      </trkpt>
      <trkpt lat="23.0646" lon="113.273171">
        <time>2026-08-14T23:15:59Z</time>
      </trkpt>
      <trkpt lat="23.064594" lon="113.273065">
        <time>2026-08-14T23:16:04Z</time>
      </trkpt>
      <trkpt lat="23.064562" lon="113.272963">
        <time>2026-08-14T23:16:09Z</time>
      </trkpt>
      <trkpt lat="23.064502" lon="113.272808">
        <time>2026-08-14T23:16:14Z</time>
      </trkpt>
      <trkpt lat="23.064461" lon="113.272646">
        <time>2026-08-14T23:16:19Z</time>
      </trkpt>
      <trkpt lat="23.064467" lon="113.272539">
        <time>2026-08-14T23:16:24Z</time>
      </trkpt>
      <trkpt lat="23.064499" lon="113.272429">
        <time>2026-08-14T23:16:29Z</time>
      </trkpt>
      <trkpt lat="23.064552" lon="113.272279">
        <time>2026-08-14T23:16:34Z</time>
      </trkpt>
      <trkpt lat="23.064603" lon="113.27213">
        <time>2026-08-14T23:16:39Z</time>
      </trkpt>
      <trkpt lat="23.064644" lon="113.272032">
        <time>2026-08-14T23:16:44Z</time>
      </trkpt>
      <trkpt lat="23.064693" lon="113.271941">
        <time>2026-08-14T23:16:49Z</time>
      </trkpt>
      <trkpt lat="23.064759" lon="113.2718">
        <time>2026-08-14T23:16:54Z</time>
      </trkpt>
      <trkpt lat="23.06482" lon="113.271664">
        <time>2026-08-14T23:16:59Z</time>
      </trkpt>
      <trkpt lat="23.06486" lon="113.27157">
        <time>2026-08-14T23:17:04Z</time>
      </trkpt>
      <trkpt lat="23.064903" lon="113.271478">
        <time>2026-08-14T23:17:09Z</time>
      </trkpt>
      <trkpt lat="23.064978" lon="113.271344">
        <time>2026-08-14T23:17:14Z</time>
      </trkpt>
      <trkpt lat="23.065049" lon="113.271202">
        <time>2026-08-14T23:17:19Z</time>
      </trkpt>
      <trkpt lat="23.065101" lon="113.271111">
        <time>2026-08-14T23:17:24Z</time>
      </trkpt>
      <trkpt lat="23.065146" lon="113.271012">
        <time>2026-08-14T23:17:29Z</time>
      </trkpt>
      <trkpt lat="23.065205" lon="113.270862">
        <time>2026-08-14T23:17:34Z</time>
      </trkpt>
      <trkpt lat="23.065262" lon="113.270723">
        <time>2026-08-14T23:17:39Z</time>
      </trkpt>
      <trkpt lat="23.065301" lon="113.270637">
        <time>2026-08-14T23:17:44Z</time>
      </trkpt>
      <trkpt lat="23.065345" lon="113.270549">
        <time>2026-08-14T23:17:49Z</time>
      </trkpt>
      <trkpt lat="23.065404" lon="113.270409">
        <time>2026-08-14T23:17:54Z</time>
      </trkpt>
      <trkpt lat="23.065464" lon="113.27028">
        <time>2026-08-14T23:17:59Z</time>
      </trkpt>
      <trkpt lat="23.065505" lon="113.270193">
        <time>2026-08-14T23:18:04Z</time>
      </trkpt>
      <trkpt lat="23.06553" lon="113.2701">
        <time>2026-08-14T23:18:09Z</time>
      </trkpt>
      <trkpt lat="23.06558" lon="113.26996">
        <time>2026-08-14T23:18:14Z</time>
      </trkpt>
      <trkpt lat="23.065616" lon="113.269818">
        <time>2026-08-14T23:18:19Z</time>
      </trkpt>
      <trkpt lat="23.065648" lon="113.269723">
        <time>2026-08-14T23:18:24Z</time>
      </trkpt>
      <trkpt lat="23.065683" lon="113.269625">
        <time>2026-08-14T23:18:29Z</time>
      </trkpt>
      <trkpt lat="23.065724" lon="113.269478">
        <time>2026-08-14T23:18:34Z</time>
      </trkpt>
      <trkpt lat="23.065757" lon="113.269323">
        <time>2026-08-14T23:18:39Z</time>
      </trkpt>
      <trkpt lat="23.065781" lon="113.26922">
        <time>2026-08-14T23:18:44Z</time>
      </trkpt>
      <trkpt lat="23.065808" lon="113.269125">
        <time>2026-08-14T23:18:49Z</time>
      </trkpt>
      <trkpt lat="23.065864" lon="113.268981">
        <time>2026-08-14T23:18:54Z</time>
      </trkpt>
      <trkpt lat="23.065931" lon="113.268836">
        <time>2026-08-14T23:18:59Z</time>
      </trkpt>
      <trkpt lat="23.065977" lon="113.268739">
        <time>2026-08-14T23:19:04Z</time>
      </trkpt>
      <trkpt lat="23.066023" lon="113.268648">
        <time>2026-08-14T23:19:09Z</time>
      </trkpt>
      <trkpt lat="23.066105" lon="113.268515">
        <time>2026-08-14T23:19:14Z</time>
      </trkpt>
      <trkpt lat="23.066188" lon="113.268388">
        <time>2026-08-14T23:19:19Z</time>
      </trkpt>
      <trkpt lat="23.066245" lon="113.268309">
        <time>2026-08-14T23:19:24Z</time>
      </trkpt>
      <trkpt lat="23.066307" lon="113.268229">
        <time>2026-08-14T23:19:29Z</time>
      </trkpt>
      <trkpt lat="23.06643" lon="113.268138">
        <time>2026-08-14T23:19:34Z</time>
      </trkpt>
      <trkpt lat="23.066567" lon="113.26812">
        <time>2026-08-14T23:19:39Z</time>
      </trkpt>
      <trkpt lat="23.066659" lon="113.268135">
        <time>2026-08-14T23:19:44Z</time>
      </trkpt>
      <trkpt lat="23.066687" lon="113.26807">
        <time>2026-08-14T23:19:49Z</time>
      </trkpt>
      <trkpt lat="23.066557" lon="113.267966">
        <time>2026-08-14T23:19:54Z</time>
      </trkpt>
      <trkpt lat="23.066392" lon="113.267943">
        <time>2026-08-14T23:19:59Z</time>
      </trkpt>
      <trkpt lat="23.066295" lon="113.26796">
        <time>2026-08-14T23:20:04Z</time>
      </trkpt>
      <trkpt lat="23.06621" lon="113.268005">
        <time>2026-08-14T23:20:09Z</time>
      </trkpt>
      <trkpt lat="23.066102" lon="113.268111">
        <time>2026-08-14T23:20:14Z</time>
      </trkpt>
      <trkpt lat="23.066013" lon="113.26823">
        <time>2026-08-14T23:20:19Z</time>
      </trkpt>
      <trkpt lat="23.06595" lon="113.268312">
        <time>2026-08-14T23:20:24Z</time>
      </trkpt>
      <trkpt lat="23.065889" lon="113.268394">
        <time>2026-08-14T23:20:29Z</time>
      </trkpt>
      <trkpt lat="23.065808" lon="113.268527">
        <time>2026-08-14T23:20:34Z</time>
      </trkpt>
      <trkpt lat="23.065748" lon="113.268663">
        <time>2026-08-14T23:20:39Z</time>
      </trkpt>
      <trkpt lat="23.065703" lon="113.26875">
        <time>2026-08-14T23:20:44Z</time>
      </trkpt>
      <trkpt lat="23.06566" lon="113.268843">
        <time>2026-08-14T23:20:49Z</time>
      </trkpt>
      <trkpt lat="23.065615" lon="113.268985">
        <time>2026-08-14T23:20:54Z</time>
      </trkpt>
      <trkpt lat="23.065572" lon="113.269131">
        <time>2026-08-14T23:20:59Z</time>
      </trkpt>
      <trkpt lat="23.065539" lon="113.269227">
        <time>2026-08-14T23:21:04Z</time>
      </trkpt>
      <trkpt lat="23.065512" lon="113.269325">
        <time>2026-08-14T23:21:09Z</time>
      </trkpt>
      <trkpt lat="23.065483" lon="113.269476">
        <time>2026-08-14T23:21:14Z</time>
      </trkpt>
      <trkpt lat="23.065449" lon="113.269629">
        <time>2026-08-14T23:21:19Z</time>
      </trkpt>
      <trkpt lat="23.065427" lon="113.269727">
        <time>2026-08-14T23:21:24Z</time>
      </trkpt>
      <trkpt lat="23.065399" lon="113.269825">
        <time>2026-08-14T23:21:29Z</time>
      </trkpt>
      <trkpt lat="23.065349" lon="113.269965">
        <time>2026-08-14T23:21:34Z</time>
      </trkpt>
      <trkpt lat="23.065292" lon="113.270108">
        <time>2026-08-14T23:21:39Z</time>
      </trkpt>
      <trkpt lat="23.065251" lon="113.270205">
        <time>2026-08-14T23:21:44Z</time>
      </trkpt>
      <trkpt lat="23.065207" lon="113.270297">
        <time>2026-08-14T23:21:49Z</time>
      </trkpt>
      <trkpt lat="23.065147" lon="113.270432">
        <time>2026-08-14T23:21:54Z</time>
      </trkpt>
      <trkpt lat="23.065088" lon="113.270565">
        <time>2026-08-14T23:21:59Z</time>
      </trkpt>
      <trkpt lat="23.065045" lon="113.270655">
        <time>2026-08-14T23:22:04Z</time>
      </trkpt>
      <trkpt lat="23.065005" lon="113.270746">
        <time>2026-08-14T23:22:09Z</time>
      </trkpt>
      <trkpt lat="23.064949" lon="113.270883">
        <time>2026-08-14T23:22:14Z</time>
      </trkpt>
      <trkpt lat="23.064885" lon="113.271013">
        <time>2026-08-14T23:22:19Z</time>
      </trkpt>
      <trkpt lat="23.064843" lon="113.271101">
        <time>2026-08-14T23:22:24Z</time>
      </trkpt>
      <trkpt lat="23.0648" lon="113.271195">
        <time>2026-08-14T23:22:29Z</time>
      </trkpt>
      <trkpt lat="23.064732" lon="113.271323">
        <time>2026-08-14T23:22:34Z</time>
      </trkpt>
      <trkpt lat="23.064672" lon="113.271459">
        <time>2026-08-14T23:22:39Z</time>
      </trkpt>
      <trkpt lat="23.06463" lon="113.271548">
        <time>2026-08-14T23:22:44Z</time>
      </trkpt>
      <trkpt lat="23.064587" lon="113.271639">
        <time>2026-08-14T23:22:49Z</time>
      </trkpt>
      <trkpt lat="23.064522" lon="113.271781">
        <time>2026-08-14T23:22:54Z</time>
      </trkpt>
      <trkpt lat="23.064456" lon="113.271923">
        <time>2026-08-14T23:22:59Z</time>
      </trkpt>
      <trkpt lat="23.064411" lon="113.272018">
        <time>2026-08-14T23:23:04Z</time>
      </trkpt>
      <trkpt lat="23.064369" lon="113.272109">
        <time>2026-08-14T23:23:09Z</time>
      </trkpt>
      <trkpt lat="23.064322" lon="113.272253">
        <time>2026-08-14T23:23:14Z</time>
      </trkpt>
      <trkpt lat="23.064313" lon="113.272402">
        <time>2026-08-14T23:23:19Z</time>
      </trkpt>
      <trkpt lat="23.064308" lon="113.2725">
        <time>2026-08-14T23:23:24Z</time>
      </trkpt>
      <trkpt lat="23.064317" lon="113.272601">
        <time>2026-08-14T23:23:29Z</time>
      </trkpt>
      <trkpt lat="23.064358" lon="113.272751">
        <time>2026-08-14T23:23:34Z</time>
      </trkpt>
      <trkpt lat="23.064403" lon="113.2729">
        <time>2026-08-14T23:23:39Z</time>
      </trkpt>
      <trkpt lat="23.064431" lon="113.272997">
        <time>2026-08-14T23:23:44Z</time>
      </trkpt>
      <trkpt lat="23.064458" lon="113.27309">
        <time>2026-08-14T23:23:49Z</time>
      </trkpt>
      <trkpt lat="23.064443" lon="113.273228">
        <time>2026-08-14T23:23:54Z</time>
      </trkpt>
      <trkpt lat="23.064349" lon="113.273339">
        <time>2026-08-14T23:23:59Z</time>
      </trkpt>
      <trkpt lat="23.064255" lon="113.273402">
        <time>2026-08-14T23:24:04Z</time>
      </trkpt>
      <trkpt lat="23.064166" lon="113.273466">
        <time>2026-08-14T23:24:09Z</time>
      </trkpt>
      <trkpt lat="23.064044" lon="113.273562">
        <time>2026-08-14T23:24:14Z</time>
      </trkpt>
      <trkpt lat="23.06393" lon="113.273656">
        <time>2026-08-14T23:24:19Z</time>
      </trkpt>
      <trkpt lat="23.063871" lon="113.273733">
        <time>2026-08-14T23:24:24Z</time>
      </trkpt>
      <trkpt lat="23.063826" lon="113.273821">
        <time>2026-08-14T23:24:29Z</time>
      </trkpt>
      <trkpt lat="23.063763" lon="113.273946">
        <time>2026-08-14T23:24:34Z</time>
      </trkpt>
      <trkpt lat="23.063688" lon="113.274057">
        <time>2026-08-14T23:24:39Z</time>
      </trkpt>
      <trkpt lat="23.063617" lon="113.274107">
        <time>2026-08-14T23:24:44Z</time>
      </trkpt>
      <trkpt lat="23.063539" lon="113.274107">
        <time>2026-08-14T23:24:49Z</time>
      </trkpt>
      <trkpt lat="23.063417" lon="113.274093">
        <time>2026-08-14T23:24:54Z</time>
      </trkpt>
      <trkpt lat="23.063346" lon="113.274225">
        <time>2026-08-14T23:24:59Z</time>
      </trkpt>
      <trkpt lat="23.063311" lon="113.274333">
        <time>2026-08-14T23:25:04Z</time>
      </trkpt>
      <trkpt lat="23.063279" lon="113.274435">
        <time>2026-08-14T23:25:09Z</time>
      </trkpt>
      <trkpt lat="23.063225" lon="113.274581">
        <time>2026-08-14T23:25:14Z</time>
      </trkpt>
      <trkpt lat="23.063171" lon="113.274726">
        <time>2026-08-14T23:25:19Z</time>
      </trkpt>
      <trkpt lat="23.063133" lon="113.27482">
        <time>2026-08-14T23:25:24Z</time>
      </trkpt>
      <trkpt lat="23.063099" lon="113.27492">
        <time>2026-08-14T23:25:29Z</time>
      </trkpt>
      <trkpt lat="23.063052" lon="113.275065">
        <time>2026-08-14T23:25:34Z</time>
      </trkpt>
      <trkpt lat="23.062964" lon="113.275171">
        <time>2026-08-14T23:25:39Z</time>
      </trkpt>
      <trkpt lat="23.062906" lon="113.275239">
        <time>2026-08-14T23:25:44Z</time>
      </trkpt>
      <trkpt lat="23.062905" lon="113.275341">
        <time>2026-08-14T23:25:49Z</time>
      </trkpt>
      <trkpt lat="23.062928" lon="113.275481">
        <time>2026-08-14T23:25:54Z</time>
      </trkpt>
      <trkpt lat="23.062846" lon="113.275606">
        <time>2026-08-14T23:25:59Z</time>
      </trkpt>
      <trkpt lat="23.062774" lon="113.275682">
        <time>2026-08-14T23:26:04Z</time>
      </trkpt>
      <trkpt lat="23.062704" lon="113.275757">
        <time>2026-08-14T23:26:09Z</time>
      </trkpt>
      <trkpt lat="23.062608" lon="113.275876">
        <time>2026-08-14T23:26:14Z</time>
      </trkpt>
      <trkpt lat="23.062528" lon="113.276005">
        <time>2026-08-14T23:26:19Z</time>
      </trkpt>
      <trkpt lat="23.062473" lon="113.276094">
        <time>2026-08-14T23:26:24Z</time>
      </trkpt>
      <trkpt lat="23.062421" lon="113.276185">
        <time>2026-08-14T23:26:29Z</time>
      </trkpt>
      <trkpt lat="23.062364" lon="113.276331">
        <time>2026-08-14T23:26:34Z</time>
      </trkpt>
      <trkpt lat="23.062307" lon="113.276472">
        <time>2026-08-14T23:26:39Z</time>
      </trkpt>
      <trkpt lat="23.062266" lon="113.276571">
        <time>2026-08-14T23:26:44Z</time>
      </trkpt>
      <trkpt lat="23.062225" lon="113.276673">
        <time>2026-08-14T23:26:49Z</time>
      </trkpt>
      <trkpt lat="23.062178" lon="113.276823">
        <time>2026-08-14T23:26:54Z</time>
      </trkpt>
      <trkpt lat="23.062121" lon="113.27696">
        <time>2026-08-14T23:26:59Z</time>
      </trkpt>
      <trkpt lat="23.062086" lon="113.27706">
        <time>2026-08-14T23:27:04Z</time>
      </trkpt>
      <trkpt lat="23.062043" lon="113.277168">
        <time>2026-08-14T23:27:09Z</time>
      </trkpt>
      <trkpt lat="23.061985" lon="113.277329">
        <time>2026-08-14T23:27:14Z</time>
      </trkpt>
      <trkpt lat="23.061921" lon="113.27748">
        <time>2026-08-14T23:27:19Z</time>
      </trkpt>
      <trkpt lat="23.061894" lon="113.277586">
        <time>2026-08-14T23:27:24Z</time>
      </trkpt>
      <trkpt lat="23.061864" lon="113.277688">
        <time>2026-08-14T23:27:29Z</time>
      </trkpt>
      <trkpt lat="23.061836" lon="113.277833">
        <time>2026-08-14T23:27:34Z</time>
      </trkpt>
      <trkpt lat="23.061832" lon="113.277988">
        <time>2026-08-14T23:27:39Z</time>
      </trkpt>
      <trkpt lat="23.061835" lon="113.278087">
        <time>2026-08-14T23:27:44Z</time>
      </trkpt>
      <trkpt lat="23.061842" lon="113.278187">
        <time>2026-08-14T23:27:49Z</time>
      </trkpt>
      <trkpt lat="23.061847" lon="113.278336">
        <time>2026-08-14T23:27:54Z</time>
      </trkpt>
      <trkpt lat="23.061863" lon="113.278482">
        <time>2026-08-14T23:27:59Z</time>
      </trkpt>
      <trkpt lat="23.061864" lon="113.278583">
        <time>2026-08-14T23:28:04Z</time>
      </trkpt>
      <trkpt lat="23.061851" lon="113.278679">
        <time>2026-08-14T23:28:09Z</time>
      </trkpt>
      <trkpt lat="23.061783" lon="113.278746">
        <time>2026-08-14T23:28:14Z</time>
      </trkpt>
      <trkpt lat="23.061709" lon="113.278841">
        <time>2026-08-14T23:28:19Z</time>
      </trkpt>
      <trkpt lat="23.061676" lon="113.278929">
        <time>2026-08-14T23:28:24Z</time>
      </trkpt>
      <trkpt lat="23.061642" lon="113.279015">
        <time>2026-08-14T23:28:29Z</time>
      </trkpt>
      <trkpt lat="23.061588" lon="113.279141">
        <time>2026-08-14T23:28:34Z</time>
      </trkpt>
      <trkpt lat="23.061569" lon="113.279186">
        <time>2026-08-14T23:28:39Z</time>
      </trkpt>
      <trkpt lat="23.061602" lon="113.27917">
        <time>2026-08-14T23:28:44Z</time>
      </trkpt>
      <trkpt lat="23.061605" lon="113.279143">
        <time>2026-08-14T23:28:49Z</time>
      </trkpt>
      <trkpt lat="23.061578" lon="113.279155">
        <time>2026-08-14T23:28:54Z</time>
      </trkpt>
      <trkpt lat="23.061535" lon="113.279254">
        <time>2026-08-14T23:28:59Z</time>
      </trkpt>
      <trkpt lat="23.061479" lon="113.279417">
        <time>2026-08-14T23:29:04Z</time>
      </trkpt>
      <trkpt lat="23.061434" lon="113.279524">
        <time>2026-08-14T23:29:09Z</time>
      </trkpt>
      <trkpt lat="23.06139" lon="113.279629">
        <time>2026-08-14T23:29:14Z</time>
      </trkpt>
      <trkpt lat="23.061329" lon="113.279779">
        <time>2026-08-14T23:29:19Z</time>
      </trkpt>
      <trkpt lat="23.061272" lon="113.279929">
        <time>2026-08-14T23:29:24Z</time>
      </trkpt>
      <trkpt lat="23.061238" lon="113.280027">
        <time>2026-08-14T23:29:29Z</time>
      </trkpt>
      <trkpt lat="23.061202" lon="113.280123">
        <time>2026-08-14T23:29:34Z</time>
      </trkpt>
      <trkpt lat="23.061144" lon="113.280274">
        <time>2026-08-14T23:29:39Z</time>
      </trkpt>
      <trkpt lat="23.061068" lon="113.280418">
        <time>2026-08-14T23:29:44Z</time>
      </trkpt>
      <trkpt lat="23.06102" lon="113.280515">
        <time>2026-08-14T23:29:49Z</time>
      </trkpt>
      <trkpt lat="23.060966" lon="113.28062">
        <time>2026-08-14T23:29:54Z</time>
      </trkpt>
      <trkpt lat="23.060896" lon="113.280776">
        <time>2026-08-14T23:29:59Z</time>
      </trkpt>
      <trkpt lat="23.060835" lon="113.280929">
        <time>2026-08-14T23:30:04Z</time>
      </trkpt>
      <trkpt lat="23.060795" lon="113.281025">
        <time>2026-08-14T23:30:09Z</time>
      </trkpt>
      <trkpt lat="23.060752" lon="113.281116">
        <time>2026-08-14T23:30:14Z</time>
      </trkpt>
      <trkpt lat="23.060699" lon="113.281256">
        <time>2026-08-14T23:30:19Z</time>
      </trkpt>
      <trkpt lat="23.06064" lon="113.281394">
        <time>2026-08-14T23:30:24Z</time>
      </trkpt>
      <trkpt lat="23.0606" lon="113.281491">
        <time>2026-08-14T23:30:29Z</time>
      </trkpt>
      <trkpt lat="23.06056" lon="113.281589">
        <time>2026-08-14T23:30:34Z</time>
      </trkpt>
      <trkpt lat="23.060503" lon="113.281734">
        <time>2026-08-14T23:30:39Z</time>
      </trkpt>
      <trkpt lat="23.060446" lon="113.281879">
        <time>2026-08-14T23:30:44Z</time>
      </trkpt>
      <trkpt lat="23.060405" lon="113.281972">
        <time>2026-08-14T23:30:49Z</time>
      </trkpt>
      <trkpt lat="23.060362" lon="113.282064">
        <time>2026-08-14T23:30:54Z</time>
      </trkpt>
      <trkpt lat="23.060299" lon="113.282204">
        <time>2026-08-14T23:30:59Z</time>
      </trkpt>
      <trkpt lat="23.060223" lon="113.282331">
        <time>2026-08-14T23:31:04Z</time>
      </trkpt>
      <trkpt lat="23.060182" lon="113.282421">
        <time>2026-08-14T23:31:09Z</time>
      </trkpt>
      <trkpt lat="23.060146" lon="113.282517">
        <time>2026-08-14T23:31:14Z</time>
      </trkpt>
      <trkpt lat="23.060087" lon="113.282646">
        <time>2026-08-14T23:31:19Z</time>
      </trkpt>
      <trkpt lat="23.06003" lon="113.282781">
        <time>2026-08-14T23:31:24Z</time>
      </trkpt>
      <trkpt lat="23.059992" lon="113.282873">
        <time>2026-08-14T23:31:29Z</time>
      </trkpt>
      <trkpt lat="23.059948" lon="113.282964">
        <time>2026-08-14T23:31:34Z</time>
      </trkpt>
      <trkpt lat="23.059892" lon="113.28311">
        <time>2026-08-14T23:31:39Z</time>
      </trkpt>
      <trkpt lat="23.059838" lon="113.283254">
        <time>2026-08-14T23:31:44Z</time>
      </trkpt>
      <trkpt lat="23.059842" lon="113.283334">
        <time>2026-08-14T23:31:49Z</time>
      </trkpt>
      <trkpt lat="23.05989" lon="113.283363">
        <time>2026-08-14T23:31:54Z</time>
      </trkpt>
      <trkpt lat="23.059973" lon="113.283285">
        <time>2026-08-14T23:31:59Z</time>
      </trkpt>
      <trkpt lat="23.060044" lon="113.283144">
        <time>2026-08-14T23:32:04Z</time>
      </trkpt>
      <trkpt lat="23.060095" lon="113.283052">
        <time>2026-08-14T23:32:09Z</time>
      </trkpt>
      <trkpt lat="23.06014" lon="113.28296">
        <time>2026-08-14T23:32:14Z</time>
      </trkpt>
      <trkpt lat="23.060202" lon="113.282816">
        <time>2026-08-14T23:32:19Z</time>
      </trkpt>
      <trkpt lat="23.060263" lon="113.282673">
        <time>2026-08-14T23:32:24Z</time>
      </trkpt>
      <trkpt lat="23.0603" lon="113.282572">
        <time>2026-08-14T23:32:29Z</time>
      </trkpt>
      <trkpt lat="23.060339" lon="113.282471">
        <time>2026-08-14T23:32:34Z</time>
      </trkpt>
      <trkpt lat="23.06041" lon="113.282324">
        <time>2026-08-14T23:32:39Z</time>
      </trkpt>
      <trkpt lat="23.060478" lon="113.282172">
        <time>2026-08-14T23:32:44Z</time>
      </trkpt>
      <trkpt lat="23.060518" lon="113.28207">
        <time>2026-08-14T23:32:49Z</time>
      </trkpt>
      <trkpt lat="23.06056" lon="113.281975">
        <time>2026-08-14T23:32:54Z</time>
      </trkpt>
      <trkpt lat="23.060622" lon="113.281832">
        <time>2026-08-14T23:32:59Z</time>
      </trkpt>
      <trkpt lat="23.060673" lon="113.28169">
        <time>2026-08-14T23:33:04Z</time>
      </trkpt>
      <trkpt lat="23.060705" lon="113.281603">
        <time>2026-08-14T23:33:09Z</time>
      </trkpt>
      <trkpt lat="23.060739" lon="113.281521">
        <time>2026-08-14T23:33:14Z</time>
      </trkpt>
      <trkpt lat="23.060796" lon="113.281392">
        <time>2026-08-14T23:33:19Z</time>
      </trkpt>
      <trkpt lat="23.060851" lon="113.281259">
        <time>2026-08-14T23:33:24Z</time>
      </trkpt>
      <trkpt lat="23.060892" lon="113.281173">
        <time>2026-08-14T23:33:29Z</time>
      </trkpt>
      <trkpt lat="23.060933" lon="113.281089">
        <time>2026-08-14T23:33:34Z</time>
      </trkpt>
      <trkpt lat="23.060991" lon="113.280952">
        <time>2026-08-14T23:33:39Z</time>
      </trkpt>
      <trkpt lat="23.061047" lon="113.28081">
        <time>2026-08-14T23:33:44Z</time>
      </trkpt>
      <trkpt lat="23.061088" lon="113.280711">
        <time>2026-08-14T23:33:49Z</time>
      </trkpt>
      <trkpt lat="23.061133" lon="113.280611">
        <time>2026-08-14T23:33:54Z</time>
      </trkpt>
      <trkpt lat="23.061195" lon="113.280469">
        <time>2026-08-14T23:33:59Z</time>
      </trkpt>
      <trkpt lat="23.061259" lon="113.280332">
        <time>2026-08-14T23:34:04Z</time>
      </trkpt>
      <trkpt lat="23.061295" lon="113.280236">
        <time>2026-08-14T23:34:09Z</time>
      </trkpt>
      <trkpt lat="23.061342" lon="113.280146">
        <time>2026-08-14T23:34:14Z</time>
      </trkpt>
      <trkpt lat="23.061401" lon="113.280004">
        <time>2026-08-14T23:34:19Z</time>
      </trkpt>
      <trkpt lat="23.06146" lon="113.279867">
        <time>2026-08-14T23:34:24Z</time>
      </trkpt>
      <trkpt lat="23.061498" lon="113.279769">
        <time>2026-08-14T23:34:29Z</time>
      </trkpt>
      <trkpt lat="23.061534" lon="113.27967">
        <time>2026-08-14T23:34:34Z</time>
      </trkpt>
      <trkpt lat="23.061586" lon="113.279527">
        <time>2026-08-14T23:34:39Z</time>
      </trkpt>
      <trkpt lat="23.061647" lon="113.279386">
        <time>2026-08-14T23:34:44Z</time>
      </trkpt>
      <trkpt lat="23.061689" lon="113.279292">
        <time>2026-08-14T23:34:49Z</time>
      </trkpt>
      <trkpt lat="23.061728" lon="113.279195">
        <time>2026-08-14T23:34:54Z</time>
      </trkpt>
      <trkpt lat="23.061799" lon="113.279055">
        <time>2026-08-14T23:34:59Z</time>
      </trkpt>
      <trkpt lat="23.061902" lon="113.278933">
        <time>2026-08-14T23:35:04Z</time>
      </trkpt>
      <trkpt lat="23.061961" lon="113.278841">
        <time>2026-08-14T23:35:09Z</time>
      </trkpt>
      <trkpt lat="23.06199" lon="113.278738">
        <time>2026-08-14T23:35:14Z</time>
      </trkpt>
      <trkpt lat="23.061992" lon="113.278577">
        <time>2026-08-14T23:35:19Z</time>
      </trkpt>
      <trkpt lat="23.061983" lon="113.278411">
        <time>2026-08-14T23:35:24Z</time>
      </trkpt>
      <trkpt lat="23.061979" lon="113.278303">
        <time>2026-08-14T23:35:29Z</time>
      </trkpt>
      <trkpt lat="23.061972" lon="113.278192">
        <time>2026-08-14T23:35:34Z</time>
      </trkpt>
      <trkpt lat="23.061959" lon="113.278031">
        <time>2026-08-14T23:35:39Z</time>
      </trkpt>
      <trkpt lat="23.061953" lon="113.277874">
        <time>2026-08-14T23:35:44Z</time>
      </trkpt>
      <trkpt lat="23.061963" lon="113.277767">
        <time>2026-08-14T23:35:49Z</time>
      </trkpt>
      <trkpt lat="23.06199" lon="113.277661">
        <time>2026-08-14T23:35:54Z</time>
      </trkpt>
      <trkpt lat="23.062045" lon="113.277505">
        <time>2026-08-14T23:35:59Z</time>
      </trkpt>
      <trkpt lat="23.062103" lon="113.277355">
        <time>2026-08-14T23:36:04Z</time>
      </trkpt>
      <trkpt lat="23.062144" lon="113.277261">
        <time>2026-08-14T23:36:09Z</time>
      </trkpt>
      <trkpt lat="23.062178" lon="113.277164">
        <time>2026-08-14T23:36:14Z</time>
      </trkpt>
      <trkpt lat="23.06223" lon="113.277019">
        <time>2026-08-14T23:36:19Z</time>
      </trkpt>
      <trkpt lat="23.062283" lon="113.276874">
        <time>2026-08-14T23:36:24Z</time>
      </trkpt>
      <trkpt lat="23.062318" lon="113.276778">
        <time>2026-08-14T23:36:29Z</time>
      </trkpt>
      <trkpt lat="23.062357" lon="113.276683">
        <time>2026-08-14T23:36:34Z</time>
      </trkpt>
      <trkpt lat="23.062413" lon="113.276539">
        <time>2026-08-14T23:36:39Z</time>
      </trkpt>
      <trkpt lat="23.062462" lon="113.276396">
        <time>2026-08-14T23:36:44Z</time>
      </trkpt>
      <trkpt lat="23.062494" lon="113.276299">
        <time>2026-08-14T23:36:49Z</time>
      </trkpt>
      <trkpt lat="23.062533" lon="113.276204">
        <time>2026-08-14T23:36:54Z</time>
      </trkpt>
      <trkpt lat="23.062602" lon="113.276067">
        <time>2026-08-14T23:36:59Z</time>
      </trkpt>
      <trkpt lat="23.062688" lon="113.275939">
        <time>2026-08-14T23:37:04Z</time>
      </trkpt>
      <trkpt lat="23.062759" lon="113.275854">
        <time>2026-08-14T23:37:09Z</time>
      </trkpt>
      <trkpt lat="23.062833" lon="113.275774">
        <time>2026-08-14T23:37:14Z</time>
      </trkpt>
      <trkpt lat="23.062942" lon="113.275664">
        <time>2026-08-14T23:37:19Z</time>
      </trkpt>
      <trkpt lat="23.063038" lon="113.27555">
        <time>2026-08-14T23:37:24Z</time>
      </trkpt>
      <trkpt lat="23.063101" lon="113.27547">
        <time>2026-08-14T23:37:29Z</time>
      </trkpt>
      <trkpt lat="23.063154" lon="113.275379">
        <time>2026-08-14T23:37:34Z</time>
      </trkpt>
      <trkpt lat="23.063234" lon="113.275235">
        <time>2026-08-14T23:37:39Z</time>
      </trkpt>
      <trkpt lat="23.063312" lon="113.2751">
        <time>2026-08-14T23:37:44Z</time>
      </trkpt>
      <trkpt lat="23.063365" lon="113.275009">
        <time>2026-08-14T23:37:49Z</time>
      </trkpt>
      <trkpt lat="23.063404" lon="113.274914">
        <time>2026-08-14T23:37:54Z</time>
      </trkpt>
      <trkpt lat="23.063449" lon="113.274778">
        <time>2026-08-14T23:37:59Z</time>
      </trkpt>
      <trkpt lat="23.063495" lon="113.27464">
        <time>2026-08-14T23:38:04Z</time>
      </trkpt>
      <trkpt lat="23.063527" lon="113.274547">
        <time>2026-08-14T23:38:09Z</time>
      </trkpt>
      <trkpt lat="23.063564" lon="113.274459">
        <time>2026-08-14T23:38:14Z</time>
      </trkpt>
      <trkpt lat="23.063628" lon="113.274336">
        <time>2026-08-14T23:38:19Z</time>
      </trkpt>
      <trkpt lat="23.063706" lon="113.274231">
        <time>2026-08-14T23:38:24Z</time>
      </trkpt>
      <trkpt lat="23.063771" lon="113.274171">
        <time>2026-08-14T23:38:29Z</time>
      </trkpt>
      <trkpt lat="23.063841" lon="113.274109">
        <time>2026-08-14T23:38:34Z</time>
      </trkpt>
      <trkpt lat="23.063922" lon="113.273993">
        <time>2026-08-14T23:38:39Z</time>
      </trkpt>
      <trkpt lat="23.063982" lon="113.273856">
        <time>2026-08-14T23:38:44Z</time>
      </trkpt>
      <trkpt lat="23.064034" lon="113.273772">
        <time>2026-08-14T23:38:49Z</time>
      </trkpt>
      <trkpt lat="23.064096" lon="113.273701">
        <time>2026-08-14T23:38:54Z</time>
      </trkpt>
      <trkpt lat="23.064201" lon="113.273618">
        <time>2026-08-14T23:38:59Z</time>
      </trkpt>
      <trkpt lat="23.064311" lon="113.273536">
        <time>2026-08-14T23:39:04Z</time>
      </trkpt>
      <trkpt lat="23.064379" lon="113.273479">
        <time>2026-08-14T23:39:09Z</time>
      </trkpt>
      <trkpt lat="23.064448" lon="113.273421">
        <time>2026-08-14T23:39:14Z</time>
      </trkpt>
      <trkpt lat="23.064543" lon="113.273307">
        <time>2026-08-14T23:39:19Z</time>
      </trkpt>
      <trkpt lat="23.064586" lon="113.273147">
        <time>2026-08-14T23:39:24Z</time>
      </trkpt>
      <trkpt lat="23.064576" lon="113.273038">
        <time>2026-08-14T23:39:29Z</time>
      </trkpt>
      <trkpt lat="23.064547" lon="113.272936">
        <time>2026-08-14T23:39:34Z</time>
      </trkpt>
      <trkpt lat="23.064494" lon="113.272786">
        <time>2026-08-14T23:39:39Z</time>
      </trkpt>
      <trkpt lat="23.064455" lon="113.272633">
        <time>2026-08-14T23:39:44Z</time>
      </trkpt>
      <trkpt lat="23.064469" lon="113.272526">
        <time>2026-08-14T23:39:49Z</time>
      </trkpt>
      <trkpt lat="23.064529" lon="113.272437">
        <time>2026-08-14T23:39:54Z</time>
      </trkpt>
      <trkpt lat="23.064589" lon="113.272279">
        <time>2026-08-14T23:39:59Z</time>
      </trkpt>
      <trkpt lat="23.064623" lon="113.272108">
        <time>2026-08-14T23:40:04Z</time>
      </trkpt>
      <trkpt lat="23.064665" lon="113.272011">
        <time>2026-08-14T23:40:09Z</time>
      </trkpt>
      <trkpt lat="23.064708" lon="113.271923">
        <time>2026-08-14T23:40:14Z</time>
      </trkpt>
      <trkpt lat="23.064767" lon="113.27179">
        <time>2026-08-14T23:40:19Z</time>
      </trkpt>
      <trkpt lat="23.064829" lon="113.271655">
        <time>2026-08-14T23:40:24Z</time>
      </trkpt>
      <trkpt lat="23.064874" lon="113.271567">
        <time>2026-08-14T23:40:29Z</time>
      </trkpt>
      <trkpt lat="23.064926" lon="113.271473">
        <time>2026-08-14T23:40:34Z</time>
      </trkpt>
      <trkpt lat="23.064988" lon="113.27133">
        <time>2026-08-14T23:40:39Z</time>
      </trkpt>
      <trkpt lat="23.065039" lon="113.271196">
        <time>2026-08-14T23:40:44Z</time>
      </trkpt>
      <trkpt lat="23.06508" lon="113.271113">
        <time>2026-08-14T23:40:49Z</time>
      </trkpt>
      <trkpt lat="23.065121" lon="113.271031">
        <time>2026-08-14T23:40:54Z</time>
      </trkpt>
      <trkpt lat="23.06519" lon="113.2709">
        <time>2026-08-14T23:40:59Z</time>
      </trkpt>
      <trkpt lat="23.065246" lon="113.270766">
        <time>2026-08-14T23:41:04Z</time>
      </trkpt>
      <trkpt lat="23.065283" lon="113.270681">
        <time>2026-08-14T23:41:09Z</time>
      </trkpt>
      <trkpt lat="23.065326" lon="113.270597">
        <time>2026-08-14T23:41:14Z</time>
      </trkpt>
      <trkpt lat="23.06539" lon="113.270464">
        <time>2026-08-14T23:41:19Z</time>
      </trkpt>
      <trkpt lat="23.065452" lon="113.270326">
        <time>2026-08-14T23:41:24Z</time>
      </trkpt>
      <trkpt lat="23.065495" lon="113.270239">
        <time>2026-08-14T23:41:29Z</time>
      </trkpt>
      <trkpt lat="23.065531" lon="113.270143">
        <time>2026-08-14T23:41:34Z</time>
      </trkpt>
      <trkpt lat="23.065577" lon="113.269994">
        <time>2026-08-14T23:41:39Z</time>
      </trkpt>
      <trkpt lat="23.065619" lon="113.269839">
        <time>2026-08-14T23:41:44Z</time>
      </trkpt>
      <trkpt lat="23.065646" lon="113.269739">
        <time>2026-08-14T23:41:49Z</time>
      </trkpt>
      <trkpt lat="23.065677" lon="113.269646">
        <time>2026-08-14T23:41:54Z</time>
      </trkpt>
      <trkpt lat="23.06572" lon="113.269497">
        <time>2026-08-14T23:41:59Z</time>
      </trkpt>
      <trkpt lat="23.065757" lon="113.269338">
        <time>2026-08-14T23:42:04Z</time>
      </trkpt>
      <trkpt lat="23.065787" lon="113.269235">
        <time>2026-08-14T23:42:09Z</time>
      </trkpt>
      <trkpt lat="23.065819" lon="113.269141">
        <time>2026-08-14T23:42:14Z</time>
      </trkpt>
      <trkpt lat="23.065874" lon="113.269007">
        <time>2026-08-14T23:42:19Z</time>
      </trkpt>
      <trkpt lat="23.065933" lon="113.268868">
        <time>2026-08-14T23:42:24Z</time>
      </trkpt>
      <trkpt lat="23.065973" lon="113.268771">
        <time>2026-08-14T23:42:29Z</time>
      </trkpt>
      <trkpt lat="23.066017" lon="113.26868">
        <time>2026-08-14T23:42:34Z</time>
      </trkpt>
      <trkpt lat="23.066093" lon="113.268553">
        <time>2026-08-14T23:42:39Z</time>
      </trkpt>
      <trkpt lat="23.066174" lon="113.268429">
        <time>2026-08-14T23:42:44Z</time>
      </trkpt>
      <trkpt lat="23.066226" lon="113.268349">
        <time>2026-08-14T23:42:49Z</time>
      </trkpt>
      <trkpt lat="23.066284" lon="113.268269">
        <time>2026-08-14T23:42:54Z</time>
      </trkpt>
      <trkpt lat="23.0664" lon="113.26817">
        <time>2026-08-14T23:42:59Z</time>
      </trkpt>
      <trkpt lat="23.06654" lon="113.268135">
        <time>2026-08-14T23:43:04Z</time>
      </trkpt>
      <trkpt lat="23.066631" lon="113.268146">
        <time>2026-08-14T23:43:09Z</time>
      </trkpt>
      <trkpt lat="23.066685" lon="113.268106">
        <time>2026-08-14T23:43:14Z</time>
      </trkpt>
      <trkpt lat="23.066595" lon="113.267994">
        <time>2026-08-14T23:43:19Z</time>
      </trkpt>
      <trkpt lat="23.06645" lon="113.267956">
        <time>2026-08-14T23:43:24Z</time>
      </trkpt>
      <trkpt lat="23.066359" lon="113.267954">
        <time>2026-08-14T23:43:29Z</time>
      </trkpt>
      <trkpt lat="23.066272" lon="113.267975">
        <time>2026-08-14T23:43:34Z</time>
      </trkpt>
      <trkpt lat="23.066162" lon="113.268062">
        <time>2026-08-14T23:43:39Z</time>
      </trkpt>
      <trkpt lat="23.066064" lon="113.268168">
        <time>2026-08-14T23:43:44Z</time>
      </trkpt>
      <trkpt lat="23.066002" lon="113.268235">
        <time>2026-08-14T23:43:49Z</time>
      </trkpt>
      <trkpt lat="23.065945" lon="113.268306">
        <time>2026-08-14T23:43:54Z</time>
      </trkpt>
      <trkpt lat="23.06587" lon="113.26842">
        <time>2026-08-14T23:43:59Z</time>
      </trkpt>
      <trkpt lat="23.065802" lon="113.268547">
        <time>2026-08-14T23:44:04Z</time>
      </trkpt>
      <trkpt lat="23.06576" lon="113.268635">
        <time>2026-08-14T23:44:09Z</time>
      </trkpt>
      <trkpt lat="23.065723" lon="113.268723">
        <time>2026-08-14T23:44:14Z</time>
      </trkpt>
      <trkpt lat="23.065668" lon="113.268855">
        <time>2026-08-14T23:44:19Z</time>
      </trkpt>
      <trkpt lat="23.065618" lon="113.268998">
        <time>2026-08-14T23:44:24Z</time>
      </trkpt>
      <trkpt lat="23.06559" lon="113.269092">
        <time>2026-08-14T23:44:29Z</time>
      </trkpt>
      <trkpt lat="23.065563" lon="113.269186">
        <time>2026-08-14T23:44:34Z</time>
      </trkpt>
      <trkpt lat="23.065528" lon="113.269332">
        <time>2026-08-14T23:44:39Z</time>
      </trkpt>
      <trkpt lat="23.065496" lon="113.269481">
        <time>2026-08-14T23:44:44Z</time>
      </trkpt>
      <trkpt lat="23.06548" lon="113.269575">
        <time>2026-08-14T23:44:49Z</time>
      </trkpt>
      <trkpt lat="23.065459" lon="113.26967">
        <time>2026-08-14T23:44:54Z</time>
      </trkpt>
      <trkpt lat="23.065416" lon="113.269811">
        <time>2026-08-14T23:44:59Z</time>
      </trkpt>
      <trkpt lat="23.065364" lon="113.269946">
        <time>2026-08-14T23:45:04Z</time>
      </trkpt>
      <trkpt lat="23.065327" lon="113.270036">
        <time>2026-08-14T23:45:09Z</time>
      </trkpt>
      <trkpt lat="23.065289" lon="113.27013">
        <time>2026-08-14T23:45:14Z</time>
      </trkpt>
      <trkpt lat="23.065225" lon="113.270271">
        <time>2026-08-14T23:45:19Z</time>
      </trkpt>
      <trkpt lat="23.065169" lon="113.270402">
        <time>2026-08-14T23:45:24Z</time>
      </trkpt>
      <trkpt lat="23.065128" lon="113.270489">
        <time>2026-08-14T23:45:29Z</time>
      </trkpt>
      <trkpt lat="23.065086" lon="113.270576">
        <time>2026-08-14T23:45:34Z</time>
      </trkpt>
      <trkpt lat="23.065025" lon="113.27071">
        <time>2026-08-14T23:45:39Z</time>
      </trkpt>
      <trkpt lat="23.064965" lon="113.270836">
        <time>2026-08-14T23:45:44Z</time>
      </trkpt>
      <trkpt lat="23.064918" lon="113.270914">
        <time>2026-08-14T23:45:49Z</time>
      </trkpt>
      <trkpt lat="23.064882" lon="113.271">
        <time>2026-08-14T23:45:54Z</time>
      </trkpt>
      <trkpt lat="23.064827" lon="113.271133">
        <time>2026-08-14T23:45:59Z</time>
      </trkpt>
      <trkpt lat="23.064767" lon="113.271263">
        <time>2026-08-14T23:46:04Z</time>
      </trkpt>
      <trkpt lat="23.064724" lon="113.271349">
        <time>2026-08-14T23:46:09Z</time>
      </trkpt>
      <trkpt lat="23.06468" lon="113.271439">
        <time>2026-08-14T23:46:14Z</time>
      </trkpt>
      <trkpt lat="23.064623" lon="113.27157">
        <time>2026-08-14T23:46:19Z</time>
      </trkpt>
      <trkpt lat="23.064563" lon="113.271705">
        <time>2026-08-14T23:46:24Z</time>
      </trkpt>
      <trkpt lat="23.064526" lon="113.271798">
        <time>2026-08-14T23:46:29Z</time>
      </trkpt>
      <trkpt lat="23.064487" lon="113.271887">
        <time>2026-08-14T23:46:34Z</time>
      </trkpt>
      <trkpt lat="23.064425" lon="113.272023">
        <time>2026-08-14T23:46:39Z</time>
      </trkpt>
      <trkpt lat="23.064353" lon="113.272156">
        <time>2026-08-14T23:46:44Z</time>
      </trkpt>
      <trkpt lat="23.064329" lon="113.272251">
        <time>2026-08-14T23:46:49Z</time>
      </trkpt>
      <trkpt lat="23.064327" lon="113.272349">
        <time>2026-08-14T23:46:54Z</time>
      </trkpt>
      <trkpt lat="23.064317" lon="113.272492">
        <time>2026-08-14T23:46:59Z</time>
      </trkpt>
      <trkpt lat="23.06433" lon="113.272638">
        <time>2026-08-14T23:47:04Z</time>
      </trkpt>
      <trkpt lat="23.064357" lon="113.272736">
        <time>2026-08-14T23:47:09Z</time>
      </trkpt>
      <trkpt lat="23.064388" lon="113.272825">
        <time>2026-08-14T23:47:14Z</time>
      </trkpt>
      <trkpt lat="23.064434" lon="113.272961">
        <time>2026-08-14T23:47:19Z</time>
      </trkpt>
      <trkpt lat="23.064476" lon="113.273095">
        <time>2026-08-14T23:47:24Z</time>
      </trkpt>
      <trkpt lat="23.064478" lon="113.273186">
        <time>2026-08-14T23:47:29Z</time>
      </trkpt>
      <trkpt lat="23.064441" lon="113.27327">
        <time>2026-08-14T23:47:34Z</time>
      </trkpt>
      <trkpt lat="23.064335" lon="113.273364">
        <time>2026-08-14T23:47:39Z</time>
      </trkpt>
      <trkpt lat="23.064217" lon="113.273443">
        <time>2026-08-14T23:47:44Z</time>
      </trkpt>
      <trkpt lat="23.064142" lon="113.273496">
        <time>2026-08-14T23:47:49Z</time>
      </trkpt>
      <trkpt lat="23.064068" lon="113.273554">
        <time>2026-08-14T23:47:54Z</time>
      </trkpt>
      <trkpt lat="23.063963" lon="113.273646">
        <time>2026-08-14T23:47:59Z</time>
      </trkpt>
      <trkpt lat="23.063876" lon="113.273758">
        <time>2026-08-14T23:48:04Z</time>
      </trkpt>
      <trkpt lat="23.063826" lon="113.273837">
        <time>2026-08-14T23:48:09Z</time>
      </trkpt>
      <trkpt lat="23.063778" lon="113.273924">
        <time>2026-08-14T23:48:14Z</time>
      </trkpt>
      <trkpt lat="23.063709" lon="113.274045">
        <time>2026-08-14T23:48:19Z</time>
      </trkpt>
      <trkpt lat="23.063614" lon="113.274129">
        <time>2026-08-14T23:48:24Z</time>
      </trkpt>
      <trkpt lat="23.063553" lon="113.274184">
        <time>2026-08-14T23:48:29Z</time>
      </trkpt>
      <trkpt lat="23.063504" lon="113.274272">
        <time>2026-08-14T23:48:34Z</time>
      </trkpt>
      <trkpt lat="23.063452" lon="113.274424">
        <time>2026-08-14T23:48:39Z</time>
      </trkpt>
      <trkpt lat="23.063409" lon="113.274566">
        <time>2026-08-14T23:48:44Z</time>
      </trkpt>
      <trkpt lat="23.063379" lon="113.274664">
        <time>2026-08-14T23:48:49Z</time>
      </trkpt>
      <trkpt lat="23.06335" lon="113.274761">
        <time>2026-08-14T23:48:54Z</time>
      </trkpt>
      <trkpt lat="23.063307" lon="113.274905">
        <time>2026-08-14T23:48:59Z</time>
      </trkpt>
      <trkpt lat="23.063236" lon="113.27506">
        <time>2026-08-14T23:49:04Z</time>
      </trkpt>
      <trkpt lat="23.063175" lon="113.275161">
        <time>2026-08-14T23:49:09Z</time>
      </trkpt>
      <trkpt lat="23.06312" lon="113.275259">
        <time>2026-08-14T23:49:14Z</time>
      </trkpt>
      <trkpt lat="23.063041" lon="113.2754">
        <time>2026-08-14T23:49:19Z</time>
      </trkpt>
      <trkpt lat="23.062946" lon="113.275523">
        <time>2026-08-14T23:49:24Z</time>
      </trkpt>
      <trkpt lat="23.062884" lon="113.275599">
        <time>2026-08-14T23:49:29Z</time>
      </trkpt>
      <trkpt lat="23.062816" lon="113.275668">
        <time>2026-08-14T23:49:34Z</time>
      </trkpt>
      <trkpt lat="23.062709" lon="113.275766">
        <time>2026-08-14T23:49:39Z</time>
      </trkpt>
      <trkpt lat="23.062607" lon="113.275874">
        <time>2026-08-14T23:49:44Z</time>
      </trkpt>
      <trkpt lat="23.062553" lon="113.275957">
        <time>2026-08-14T23:49:49Z</time>
      </trkpt>
      <trkpt lat="23.062503" lon="113.276041">
        <time>2026-08-14T23:49:54Z</time>
      </trkpt>
      <trkpt lat="23.062436" lon="113.276163">
        <time>2026-08-14T23:49:59Z</time>
      </trkpt>
      <trkpt lat="23.06239" lon="113.276294">
        <time>2026-08-14T23:50:04Z</time>
      </trkpt>
      <trkpt lat="23.062361" lon="113.276381">
        <time>2026-08-14T23:50:09Z</time>
      </trkpt>
      <trkpt lat="23.06233" lon="113.276471">
        <time>2026-08-14T23:50:14Z</time>
      </trkpt>
      <trkpt lat="23.062283" lon="113.276607">
        <time>2026-08-14T23:50:19Z</time>
      </trkpt>
      <trkpt lat="23.062236" lon="113.276742">
        <time>2026-08-14T23:50:24Z</time>
      </trkpt>
      <trkpt lat="23.062203" lon="113.276833">
        <time>2026-08-14T23:50:29Z</time>
      </trkpt>
      <trkpt lat="23.062167" lon="113.276919">
        <time>2026-08-14T23:50:34Z</time>
      </trkpt>
      <trkpt lat="23.062119" lon="113.277055">
        <time>2026-08-14T23:50:39Z</time>
      </trkpt>
      <trkpt lat="23.062053" lon="113.27721">
        <time>2026-08-14T23:50:44Z</time>
      </trkpt>
      <trkpt lat="23.062012" lon="113.277314">
        <time>2026-08-14T23:50:49Z</time>
      </trkpt>
      <trkpt lat="23.06197" lon="113.277409">
        <time>2026-08-14T23:50:54Z</time>
      </trkpt>
      <trkpt lat="23.061916" lon="113.277548">
        <time>2026-08-14T23:50:59Z</time>
      </trkpt>
      <trkpt lat="23.061864" lon="113.277683">
        <time>2026-08-14T23:51:04Z</time>
      </trkpt>
      <trkpt lat="23.061842" lon="113.277774">
        <time>2026-08-14T23:51:09Z</time>
      </trkpt>
      <trkpt lat="23.061828" lon="113.27787">
        <time>2026-08-14T23:51:14Z</time>
      </trkpt>
      <trkpt lat="23.061834" lon="113.278007">
        <time>2026-08-14T23:51:19Z</time>
      </trkpt>
      <trkpt lat="23.061847" lon="113.278148">
        <time>2026-08-14T23:51:24Z</time>
      </trkpt>
      <trkpt lat="23.061848" lon="113.278249">
        <time>2026-08-14T23:51:29Z</time>
      </trkpt>
      <trkpt lat="23.061856" lon="113.27835">
        <time>2026-08-14T23:51:34Z</time>
      </trkpt>
      <trkpt lat="23.061869" lon="113.278505">
        <time>2026-08-14T23:51:39Z</time>
      </trkpt>
      <trkpt lat="23.061861" lon="113.278667">
        <time>2026-08-14T23:51:44Z</time>
      </trkpt>
      <trkpt lat="23.061821" lon="113.278741">
        <time>2026-08-14T23:51:49Z</time>
      </trkpt>
      <trkpt lat="23.061745" lon="113.278769">
        <time>2026-08-14T23:51:54Z</time>
      </trkpt>
      <trkpt lat="23.061674" lon="113.278889">
        <time>2026-08-14T23:51:59Z</time>
      </trkpt>
      <trkpt lat="23.061616" lon="113.279028">
        <time>2026-08-14T23:52:04Z</time>
      </trkpt>
      <trkpt lat="23.061591" lon="113.27912">
        <time>2026-08-14T23:52:09Z</time>
      </trkpt>
      <trkpt lat="23.061563" lon="113.279185">
        <time>2026-08-14T23:52:14Z</time>
      </trkpt>
      <trkpt lat="23.061546" lon="113.27923">
        <time>2026-08-14T23:52:19Z</time>
      </trkpt>
      <trkpt lat="23.061564" lon="113.279195">
        <time>2026-08-14T23:52:24Z</time>
      </trkpt>
      <trkpt lat="23.061556" lon="113.279205">
        <time>2026-08-14T23:52:29Z</time>
      </trkpt>
      <trkpt lat="23.061534" lon="113.279289">
        <time>2026-08-14T23:52:34Z</time>
      </trkpt>
      <trkpt lat="23.061475" lon="113.279445">
        <time>2026-08-14T23:52:39Z</time>
      </trkpt>
      <trkpt lat="23.061418" lon="113.279602">
        <time>2026-08-14T23:52:44Z</time>
      </trkpt>
      <trkpt lat="23.061376" lon="113.279694">
        <time>2026-08-14T23:52:49Z</time>
      </trkpt>
      <trkpt lat="23.061331" lon="113.279785">
        <time>2026-08-14T23:52:54Z</time>
      </trkpt>
      <trkpt lat="23.061267" lon="113.279928">
        <time>2026-08-14T23:52:59Z</time>
      </trkpt>
      <trkpt lat="23.06121" lon="113.280072">
        <time>2026-08-14T23:53:04Z</time>
      </trkpt>
      <trkpt lat="23.061175" lon="113.280166">
        <time>2026-08-14T23:53:09Z</time>
      </trkpt>
      <trkpt lat="23.061138" lon="113.28026">
        <time>2026-08-14T23:53:14Z</time>
      </trkpt>
      <trkpt lat="23.061082" lon="113.280401">
        <time>2026-08-14T23:53:19Z</time>
      </trkpt>
      <trkpt lat="23.061019" lon="113.280538">
        <time>2026-08-14T23:53:24Z</time>
      </trkpt>
      <trkpt lat="23.06097" lon="113.280627">
        <time>2026-08-14T23:53:29Z</time>
      </trkpt>
      <trkpt lat="23.060921" lon="113.280716">
        <time>2026-08-14T23:53:34Z</time>
      </trkpt>
      <trkpt lat="23.060859" lon="113.280852">
        <time>2026-08-14T23:53:39Z</time>
      </trkpt>
      <trkpt lat="23.060794" lon="113.280983">
        <time>2026-08-14T23:53:44Z</time>
      </trkpt>
      <trkpt lat="23.060756" lon="113.281072">
        <time>2026-08-14T23:53:49Z</time>
      </trkpt>
      <trkpt lat="23.060719" lon="113.281161">
        <time>2026-08-14T23:53:54Z</time>
      </trkpt>
      <trkpt lat="23.060669" lon="113.281299">
        <time>2026-08-14T23:53:59Z</time>
      </trkpt>
      <trkpt lat="23.060617" lon="113.281434">
        <time>2026-08-14T23:54:04Z</time>
      </trkpt>
      <trkpt lat="23.060581" lon="113.281527">
        <time>2026-08-14T23:54:09Z</time>
      </trkpt>
      <trkpt lat="23.060545" lon="113.281622">
        <time>2026-08-14T23:54:14Z</time>
      </trkpt>
      <trkpt lat="23.060486" lon="113.281764">
        <time>2026-08-14T23:54:19Z</time>
      </trkpt>
      <trkpt lat="23.060422" lon="113.281902">
        <time>2026-08-14T23:54:24Z</time>
      </trkpt>
      <trkpt lat="23.060379" lon="113.28199">
        <time>2026-08-14T23:54:29Z</time>
      </trkpt>
      <trkpt lat="23.060339" lon="113.282081">
        <time>2026-08-14T23:54:34Z</time>
      </trkpt>
      <trkpt lat="23.060287" lon="113.282225">
        <time>2026-08-14T23:54:39Z</time>
      </trkpt>
      <trkpt lat="23.060232" lon="113.282359">
        <time>2026-08-14T23:54:44Z</time>
      </trkpt>
      <trkpt lat="23.060191" lon="113.282443">
        <time>2026-08-14T23:54:49Z</time>
      </trkpt>
      <trkpt lat="23.060149" lon="113.282527">
        <time>2026-08-14T23:54:54Z</time>
      </trkpt>
      <trkpt lat="23.060088" lon="113.282659">
        <time>2026-08-14T23:54:59Z</time>
      </trkpt>
      <trkpt lat="23.060018" lon="113.282783">
        <time>2026-08-14T23:55:04Z</time>
      </trkpt>
      <trkpt lat="23.05998" lon="113.282869">
        <time>2026-08-14T23:55:09Z</time>
      </trkpt>
      <trkpt lat="23.059943" lon="113.282956">
        <time>2026-08-14T23:55:14Z</time>
      </trkpt>
      <trkpt lat="23.059891" lon="113.283089">
        <time>2026-08-14T23:55:19Z</time>
      </trkpt>
      <trkpt lat="23.059829" lon="113.283224">
        <time>2026-08-14T23:55:24Z</time>
      </trkpt>
      <trkpt lat="23.059807" lon="113.283314">
        <time>2026-08-14T23:55:29Z</time>
      </trkpt>
      <trkpt lat="23.059864" lon="113.283371">
        <time>2026-08-14T23:55:34Z</time>
      </trkpt>
      <trkpt lat="23.059979" lon="113.283293">
        <time>2026-08-14T23:55:39Z</time>
      </trkpt>
      <trkpt lat="23.060059" lon="113.283162">
        <time>2026-08-14T23:55:44Z</time>
      </trkpt>
      <trkpt lat="23.060113" lon="113.283083">
        <time>2026-08-14T23:55:49Z</time>
      </trkpt>
      <trkpt lat="23.060159" lon="113.282999">
        <time>2026-08-14T23:55:54Z</time>
      </trkpt>
      <trkpt lat="23.060214" lon="113.282864">
        <time>2026-08-14T23:55:59Z</time>
      </trkpt>
      <trkpt lat="23.060265" lon="113.282729">
        <time>2026-08-14T23:56:04Z</time>
      </trkpt>
      <trkpt lat="23.060301" lon="113.282637">
        <time>2026-08-14T23:56:09Z</time>
      </trkpt>
      <trkpt lat="23.060332" lon="113.282546">
        <time>2026-08-14T23:56:14Z</time>
      </trkpt>
      <trkpt lat="23.060385" lon="113.282411">
        <time>2026-08-14T23:56:19Z</time>
      </trkpt>
      <trkpt lat="23.060436" lon="113.28228">
        <time>2026-08-14T23:56:24Z</time>
      </trkpt>
      <trkpt lat="23.060469" lon="113.282192">
        <time>2026-08-14T23:56:29Z</time>
      </trkpt>
      <trkpt lat="23.060503" lon="113.282107">
        <time>2026-08-14T23:56:34Z</time>
      </trkpt>
      <trkpt lat="23.060555" lon="113.281995">
        <time>2026-08-14T23:56:39Z</time>
      </trkpt>
      <trkpt lat="23.060604" lon="113.281866">
        <time>2026-08-14T23:56:44Z</time>
      </trkpt>
      <trkpt lat="23.060637" lon="113.281782">
        <time>2026-08-14T23:56:49Z</time>
      </trkpt>
      <trkpt lat="23.060669" lon="113.281701">
        <time>2026-08-14T23:56:54Z</time>
      </trkpt>
      <trkpt lat="23.06071" lon="113.281575">
        <time>2026-08-14T23:56:59Z</time>
      </trkpt>
      <trkpt lat="23.060766" lon="113.281442">
        <time>2026-08-14T23:57:04Z</time>
      </trkpt>
      <trkpt lat="23.060808" lon="113.281357">
        <time>2026-08-14T23:57:09Z</time>
      </trkpt>
      <trkpt lat="23.060851" lon="113.281269">
        <time>2026-08-14T23:57:14Z</time>
      </trkpt>
      <trkpt lat="23.060911" lon="113.281136">
        <time>2026-08-14T23:57:19Z</time>
      </trkpt>
      <trkpt lat="23.060962" lon="113.281001">
        <time>2026-08-14T23:57:24Z</time>
      </trkpt>
      <trkpt lat="23.061" lon="113.280909">
        <time>2026-08-14T23:57:29Z</time>
      </trkpt>
      <trkpt lat="23.06104" lon="113.280816">
        <time>2026-08-14T23:57:34Z</time>
      </trkpt>
      <trkpt lat="23.061101" lon="113.280689">
        <time>2026-08-14T23:57:39Z</time>
      </trkpt>
      <trkpt lat="23.061151" lon="113.280556">
        <time>2026-08-14T23:57:44Z</time>
      </trkpt>
      <trkpt lat="23.06119" lon="113.280468">
        <time>2026-08-14T23:57:49Z</time>
      </trkpt>
      <trkpt lat="23.061243" lon="113.280395">
        <time>2026-08-14T23:57:54Z</time>
      </trkpt>
      <trkpt lat="23.061294" lon="113.280274">
        <time>2026-08-14T23:57:59Z</time>
      </trkpt>
      <trkpt lat="23.061353" lon="113.28015">
        <time>2026-08-14T23:58:04Z</time>
      </trkpt>
      <trkpt lat="23.061389" lon="113.280063">
        <time>2026-08-14T23:58:09Z</time>
      </trkpt>
      <trkpt lat="23.061423" lon="113.279969">
        <time>2026-08-14T23:58:14Z</time>
      </trkpt>
      <trkpt lat="23.061475" lon="113.279825">
        <time>2026-08-14T23:58:19Z</time>
      </trkpt>
      <trkpt lat="23.06153" lon="113.279689">
        <time>2026-08-14T23:58:24Z</time>
      </trkpt>
      <trkpt lat="23.061566" lon="113.279607">
        <time>2026-08-14T23:58:29Z</time>
      </trkpt>
      <trkpt lat="23.061603" lon="113.279521">
        <time>2026-08-14T23:58:34Z</time>
      </trkpt>
      <trkpt lat="23.061662" lon="113.279388">
        <time>2026-08-14T23:58:39Z</time>
      </trkpt>
      <trkpt lat="23.061713" lon="113.279261">
        <time>2026-08-14T23:58:44Z</time>
      </trkpt>
      <trkpt lat="23.061748" lon="113.279179">
        <time>2026-08-14T23:58:49Z</time>
      </trkpt>
      <trkpt lat="23.061793" lon="113.279102">
        <time>2026-08-14T23:58:54Z</time>
      </trkpt>
      <trkpt lat="23.061872" lon="113.278992">
        <time>2026-08-14T23:58:59Z</time>
      </trkpt>
      <trkpt lat="23.061947" lon="113.278873">
        <time>2026-08-14T23:59:04Z</time>
      </trkpt>
      <trkpt lat="23.061976" lon="113.278782">
        <time>2026-08-14T23:59:09Z</time>
      </trkpt>
      <trkpt lat="23.061985" lon="113.278685">
        <time>2026-08-14T23:59:14Z</time>
      </trkpt>
      <trkpt lat="23.061979" lon="113.278535">
        <time>2026-08-14T23:59:19Z</time>
      </trkpt>
      <trkpt lat="23.061974" lon="113.278382">
        <time>2026-08-14T23:59:24Z</time>
      </trkpt>
      <trkpt lat="23.061973" lon="113.278282">
        <time>2026-08-14T23:59:29Z</time>
      </trkpt>
      <trkpt lat="23.061968" lon="113.278182">
        <time>2026-08-14T23:59:34Z</time>
      </trkpt>
      <trkpt lat="23.06196" lon="113.27802">
        <time>2026-08-14T23:59:39Z</time>
      </trkpt>
      <trkpt lat="23.061953" lon="113.277861">
        <time>2026-08-14T23:59:44Z</time>
      </trkpt>
      <trkpt lat="23.061962" lon="113.277749">
        <time>2026-08-14T23:59:49Z</time>
      </trkpt>
      <trkpt lat="23.061988" lon="113.277642">
        <time>2026-08-14T23:59:54Z</time>
      </trkpt>
      <trkpt lat="23.062046" lon="113.277494">
        <time>2026-08-14T23:59:59Z</time>
      </trkpt>
      <trkpt lat="23.062103" lon="113.277352">
        <time>2026-08-15T00:00:04Z</time>
      </trkpt>
      <trkpt lat="23.062143" lon="113.277261">
        <time>2026-08-15T00:00:09Z</time>
      </trkpt>
      <trkpt lat="23.062176" lon="113.277164">
        <time>2026-08-15T00:00:14Z</time>
      </trkpt>
      <trkpt lat="23.062224" lon="113.27702">
        <time>2026-08-15T00:00:19Z</time>
      </trkpt>
      <trkpt lat="23.062276" lon="113.276887">
        <time>2026-08-15T00:00:24Z</time>
      </trkpt>
      <trkpt lat="23.062316" lon="113.276799">
        <time>2026-08-15T00:00:29Z</time>
      </trkpt>
      <trkpt lat="23.062364" lon="113.276709">
        <time>2026-08-15T00:00:34Z</time>
      </trkpt>
      <trkpt lat="23.062415" lon="113.27657">
        <time>2026-08-15T00:00:39Z</time>
      </trkpt>
      <trkpt lat="23.062457" lon="113.276434">
        <time>2026-08-15T00:00:44Z</time>
      </trkpt>
      <trkpt lat="23.062491" lon="113.276343">
        <time>2026-08-15T00:00:49Z</time>
      </trkpt>
      <trkpt lat="23.062527" lon="113.276251">
        <time>2026-08-15T00:00:54Z</time>
      </trkpt>
      <trkpt lat="23.062584" lon="113.276126">
        <time>2026-08-15T00:00:59Z</time>
      </trkpt>
      <trkpt lat="23.062656" lon="113.276015">
        <time>2026-08-15T00:01:04Z</time>
      </trkpt>
      <trkpt lat="23.062711" lon="113.27594">
        <time>2026-08-15T00:01:09Z</time>
      </trkpt>
      <trkpt lat="23.062766" lon="113.275868">
        <time>2026-08-15T00:01:14Z</time>
      </trkpt>
      <trkpt lat="23.062861" lon="113.275764">
        <time>2026-08-15T00:01:19Z</time>
      </trkpt>
      <trkpt lat="23.062961" lon="113.27564">
        <time>2026-08-15T00:01:24Z</time>
      </trkpt>
      <trkpt lat="23.063029" lon="113.275561">
        <time>2026-08-15T00:01:29Z</time>
      </trkpt>
      <trkpt lat="23.063087" lon="113.275485">
        <time>2026-08-15T00:01:34Z</time>
      </trkpt>
      <trkpt lat="23.063159" lon="113.275355">
        <time>2026-08-15T00:01:39Z</time>
      </trkpt>
      <trkpt lat="23.06324" lon="113.275224">
        <time>2026-08-15T00:01:44Z</time>
      </trkpt>
      <trkpt lat="23.063306" lon="113.275154">
        <time>2026-08-15T00:01:49Z</time>
      </trkpt>
      <trkpt lat="23.063371" lon="113.275085">
        <time>2026-08-15T00:01:54Z</time>
      </trkpt>
      <trkpt lat="23.063436" lon="113.274954">
        <time>2026-08-15T00:01:59Z</time>
      </trkpt>
      <trkpt lat="23.063481" lon="113.274817">
        <time>2026-08-15T00:02:04Z</time>
      </trkpt>
      <trkpt lat="23.063509" lon="113.274724">
        <time>2026-08-15T00:02:09Z</time>
      </trkpt>
      <trkpt lat="23.063537" lon="113.274626">
        <time>2026-08-15T00:02:14Z</time>
      </trkpt>
      <trkpt lat="23.063582" lon="113.274486">
        <time>2026-08-15T00:02:19Z</time>
      </trkpt>
      <trkpt lat="23.063645" lon="113.274364">
        <time>2026-08-15T00:02:24Z</time>
      </trkpt>
      <trkpt lat="23.063697" lon="113.274286">
        <time>2026-08-15T00:02:29Z</time>
      </trkpt>
      <trkpt lat="23.063765" lon="113.274214">
        <time>2026-08-15T00:02:34Z</time>
      </trkpt>
      <trkpt lat="23.063865" lon="113.274108">
        <time>2026-08-15T00:02:39Z</time>
      </trkpt>
      <trkpt lat="23.063943" lon="113.273976">
        <time>2026-08-15T00:02:44Z</time>
      </trkpt>
      <trkpt lat="23.06399" lon="113.273889">
        <time>2026-08-15T00:02:49Z</time>
      </trkpt>
      <trkpt lat="23.064035" lon="113.273807">
        <time>2026-08-15T00:02:54Z</time>
      </trkpt>
      <trkpt lat="23.06412" lon="113.273704">
        <time>2026-08-15T00:02:59Z</time>
      </trkpt>
      <trkpt lat="23.064215" lon="113.273625">
        <time>2026-08-15T00:03:04Z</time>
      </trkpt>
      <trkpt lat="23.064282" lon="113.273574">
        <time>2026-08-15T00:03:09Z</time>
      </trkpt>
      <trkpt lat="23.064355" lon="113.273516">
        <time>2026-08-15T00:03:14Z</time>
      </trkpt>
      <trkpt lat="23.064465" lon="113.273423">
        <time>2026-08-15T00:03:19Z</time>
      </trkpt>
      <trkpt lat="23.064559" lon="113.273317">
        <time>2026-08-15T00:03:24Z</time>
      </trkpt>
      <trkpt lat="23.064593" lon="113.273219">
        <time>2026-08-15T00:03:29Z</time>
      </trkpt>
      <trkpt lat="23.064601" lon="113.273112">
        <time>2026-08-15T00:03:34Z</time>
      </trkpt>
      <trkpt lat="23.064572" lon="113.272955">
        <time>2026-08-15T00:03:39Z</time>
      </trkpt>
      <trkpt lat="23.064524" lon="113.272807">
        <time>2026-08-15T00:03:44Z</time>
      </trkpt>
      <trkpt lat="23.064492" lon="113.272712">
        <time>2026-08-15T00:03:49Z</time>
      </trkpt>
      <trkpt lat="23.064474" lon="113.272615">
        <time>2026-08-15T00:03:54Z</time>
      </trkpt>
      <trkpt lat="23.064504" lon="113.272466">
        <time>2026-08-15T00:03:59Z</time>
      </trkpt>
      <trkpt lat="23.064548" lon="113.272318">
        <time>2026-08-15T00:04:04Z</time>
      </trkpt>
      <trkpt lat="23.064571" lon="113.272221">
        <time>2026-08-15T00:04:09Z</time>
      </trkpt>
      <trkpt lat="23.064604" lon="113.27213">
        <time>2026-08-15T00:04:14Z</time>
      </trkpt>
      <trkpt lat="23.064669" lon="113.272006">
        <time>2026-08-15T00:04:19Z</time>
      </trkpt>
      <trkpt lat="23.06474" lon="113.271885">
        <time>2026-08-15T00:04:24Z</time>
      </trkpt>
      <trkpt lat="23.064782" lon="113.271803">
        <time>2026-08-15T00:04:29Z</time>
      </trkpt>
      <trkpt lat="23.064822" lon="113.271716">
        <time>2026-08-15T00:04:34Z</time>
      </trkpt>
      <trkpt lat="23.064883" lon="113.271585">
        <time>2026-08-15T00:04:39Z</time>
      </trkpt>
      <trkpt lat="23.064948" lon="113.271456">
        <time>2026-08-15T00:04:44Z</time>
      </trkpt>
      <trkpt lat="23.065004" lon="113.271369">
        <time>2026-08-15T00:04:49Z</time>
      </trkpt>
      <trkpt lat="23.065044" lon="113.271285">
        <time>2026-08-15T00:04:54Z</time>
      </trkpt>
      <trkpt lat="23.065104" lon="113.27117">
        <time>2026-08-15T00:04:59Z</time>
      </trkpt>
      <trkpt lat="23.065163" lon="113.271033">
        <time>2026-08-15T00:05:04Z</time>
      </trkpt>
      <trkpt lat="23.065191" lon="113.270938">
        <time>2026-08-15T00:05:09Z</time>
      </trkpt>
      <trkpt lat="23.065223" lon="113.270848">
        <time>2026-08-15T00:05:14Z</time>
      </trkpt>
      <trkpt lat="23.065283" lon="113.27072">
        <time>2026-08-15T00:05:19Z</time>
      </trkpt>
      <trkpt lat="23.065333" lon="113.270592">
        <time>2026-08-15T00:05:24Z</time>
      </trkpt>
      <trkpt lat="23.065367" lon="113.270501">
        <time>2026-08-15T00:05:29Z</time>
      </trkpt>
      <trkpt lat="23.065406" lon="113.270417">
        <time>2026-08-15T00:05:34Z</time>
      </trkpt>
      <trkpt lat="23.065466" lon="113.270286">
        <time>2026-08-15T00:05:39Z</time>
      </trkpt>
      <trkpt lat="23.065519" lon="113.270153">
        <time>2026-08-15T00:05:44Z</time>
      </trkpt>
      <trkpt lat="23.065554" lon="113.270064">
        <time>2026-08-15T00:05:49Z</time>
      </trkpt>
      <trkpt lat="23.065589" lon="113.269976">
        <time>2026-08-15T00:05:54Z</time>
      </trkpt>
      <trkpt lat="23.06563" lon="113.269836">
        <time>2026-08-15T00:05:59Z</time>
      </trkpt>
      <trkpt lat="23.065671" lon="113.269693">
        <time>2026-08-15T00:06:04Z</time>
      </trkpt>
      <trkpt lat="23.065707" lon="113.269602">
        <time>2026-08-15T00:06:09Z</time>
      </trkpt>
      <trkpt lat="23.065735" lon="113.269508">
        <time>2026-08-15T00:06:14Z</time>
      </trkpt>
      <trkpt lat="23.065766" lon="113.26937">
        <time>2026-08-15T00:06:19Z</time>
      </trkpt>
      <trkpt lat="23.065795" lon="113.269229">
        <time>2026-08-15T00:06:24Z</time>
      </trkpt>
      <trkpt lat="23.065824" lon="113.269142">
        <time>2026-08-15T00:06:29Z</time>
      </trkpt>
      <trkpt lat="23.065861" lon="113.269057">
        <time>2026-08-15T00:06:34Z</time>
      </trkpt>
      <trkpt lat="23.065917" lon="113.268931">
        <time>2026-08-15T00:06:39Z</time>
      </trkpt>
      <trkpt lat="23.06597" lon="113.268805">
        <time>2026-08-15T00:06:44Z</time>
      </trkpt>
      <trkpt lat="23.06601" lon="113.268726">
        <time>2026-08-15T00:06:49Z</time>
      </trkpt>
      <trkpt lat="23.066051" lon="113.268649">
        <time>2026-08-15T00:06:54Z</time>
      </trkpt>
      <trkpt lat="23.066116" lon="113.268534">
        <time>2026-08-15T00:06:59Z</time>
      </trkpt>
      <trkpt lat="23.06619" lon="113.268417">
        <time>2026-08-15T00:07:04Z</time>
      </trkpt>
      <trkpt lat="23.066241" lon="113.268342">
        <time>2026-08-15T00:07:09Z</time>
      </trkpt>
      <trkpt lat="23.066294" lon="113.268269">
        <time>2026-08-15T00:07:14Z</time>
      </trkpt>
      <trkpt lat="23.066385" lon="113.268179">
        <time>2026-08-15T00:07:19Z</time>
      </trkpt>
      <trkpt lat="23.066502" lon="113.268143">
        <time>2026-08-15T00:07:24Z</time>
      </trkpt>
      <trkpt lat="23.066582" lon="113.268147">
        <time>2026-08-15T00:07:29Z</time>
      </trkpt>
      <trkpt lat="23.066661" lon="113.268161">
        <time>2026-08-15T00:07:34Z</time>
      </trkpt>
      <trkpt lat="23.066798" lon="113.268146">
        <time>2026-08-15T00:07:39Z</time>
      </trkpt>
      <trkpt lat="23.06693" lon="113.268139">
        <time>2026-08-15T00:07:44Z</time>
      </trkpt>
      <trkpt lat="23.06701" lon="113.268163">
        <time>2026-08-15T00:07:49Z</time>
      </trkpt>
      <trkpt lat="23.067082" lon="113.268205">
        <time>2026-08-15T00:07:54Z</time>
      </trkpt>
      <trkpt lat="23.067194" lon="113.268265">
        <time>2026-08-15T00:07:59Z</time>
      </trkpt>
      <trkpt lat="23.067307" lon="113.268332">
        <time>2026-08-15T00:08:04Z</time>
      </trkpt>
      <trkpt lat="23.067383" lon="113.268372">
        <time>2026-08-15T00:08:09Z</time>
      </trkpt>
      <trkpt lat="23.067454" lon="113.268411">
        <time>2026-08-15T00:08:14Z</time>
      </trkpt>
      <trkpt lat="23.067563" lon="113.268477">
        <time>2026-08-15T00:08:19Z</time>
      </trkpt>
      <trkpt lat="23.06768" lon="113.268554">
        <time>2026-08-15T00:08:24Z</time>
      </trkpt>
      <trkpt lat="23.067759" lon="113.268603">
        <time>2026-08-15T00:08:29Z</time>
      </trkpt>
      <trkpt lat="23.06784" lon="113.268642">
        <time>2026-08-15T00:08:34Z</time>
      </trkpt>
      <trkpt lat="23.067958" lon="113.268685">
        <time>2026-08-15T00:08:39Z</time>
      </trkpt>
      <trkpt lat="23.068064" lon="113.268741">
        <time>2026-08-15T00:08:44Z</time>
      </trkpt>
      <trkpt lat="23.068136" lon="113.268766">
        <time>2026-08-15T00:08:49Z</time>
      </trkpt>
      <trkpt lat="23.068205" lon="113.26879">
        <time>2026-08-15T00:08:54Z</time>
      </trkpt>
      <trkpt lat="23.068302" lon="113.26884">
        <time>2026-08-15T00:08:59Z</time>
      </trkpt>
      <trkpt lat="23.068395" lon="113.268912">
        <time>2026-08-15T00:09:04Z</time>
      </trkpt>
      <trkpt lat="23.068465" lon="113.268965">
        <time>2026-08-15T00:09:09Z</time>
      </trkpt>
      <trkpt lat="23.06854" lon="113.269018">
        <time>2026-08-15T00:09:14Z</time>
      </trkpt>
      <trkpt lat="23.068644" lon="113.269084">
        <time>2026-08-15T00:09:19Z</time>
      </trkpt>
      <trkpt lat="23.068762" lon="113.269123">
        <time>2026-08-15T00:09:24Z</time>
      </trkpt>
      <trkpt lat="23.068863" lon="113.269137">
        <time>2026-08-15T00:09:29Z</time>
      </trkpt>
      <trkpt lat="23.068956" lon="113.26916">
        <time>2026-08-15T00:09:34Z</time>
      </trkpt>
      <trkpt lat="23.06905" lon="113.26918">
        <time>2026-08-15T00:09:39Z</time>
      </trkpt>
      <trkpt lat="23.068982" lon="113.269125">
        <time>2026-08-15T00:09:44Z</time>
      </trkpt>
      <trkpt lat="23.068903" lon="113.269089">
        <time>2026-08-15T00:09:49Z</time>
      </trkpt>
      <trkpt lat="23.068825" lon="113.269051">
        <time>2026-08-15T00:09:54Z</time>
      </trkpt>
      <trkpt lat="23.068728" lon="113.268979">
        <time>2026-08-15T00:09:59Z</time>
      </trkpt>
      <trkpt lat="23.068617" lon="113.268944">
        <time>2026-08-15T00:10:04Z</time>
      </trkpt>
      <trkpt lat="23.068542" lon="113.268909">
        <time>2026-08-15T00:10:09Z</time>
      </trkpt>
      <trkpt lat="23.068482" lon="113.268886">
        <time>2026-08-15T00:10:14Z</time>
      </trkpt>
      <trkpt lat="23.068387" lon="113.268804">
        <time>2026-08-15T00:10:19Z</time>
      </trkpt>
      <trkpt lat="23.068268" lon="113.268722">
        <time>2026-08-15T00:10:24Z</time>
      </trkpt>
      <trkpt lat="23.06818" lon="113.268684">
        <time>2026-08-15T00:10:29Z</time>
      </trkpt>
      <trkpt lat="23.068089" lon="113.268637">
        <time>2026-08-15T00:10:34Z</time>
      </trkpt>
      <trkpt lat="23.067946" lon="113.268575">
        <time>2026-08-15T00:10:39Z</time>
      </trkpt>
      <trkpt lat="23.067822" lon="113.268534">
        <time>2026-08-15T00:10:44Z</time>
      </trkpt>
      <trkpt lat="23.06775" lon="113.268505">
        <time>2026-08-15T00:10:49Z</time>
      </trkpt>
      <trkpt lat="23.067677" lon="113.268471">
        <time>2026-08-15T00:10:54Z</time>
      </trkpt>
      <trkpt lat="23.067568" lon="113.268422">
        <time>2026-08-15T00:10:59Z</time>
      </trkpt>
      <trkpt lat="23.067455" lon="113.268374">
        <time>2026-08-15T00:11:04Z</time>
      </trkpt>
      <trkpt lat="23.067373" lon="113.268333">
        <time>2026-08-15T00:11:09Z</time>
      </trkpt>
      <trkpt lat="23.067291" lon="113.268294">
        <time>2026-08-15T00:11:14Z</time>
      </trkpt>
      <trkpt lat="23.06719" lon="113.268217">
        <time>2026-08-15T00:11:19Z</time>
      </trkpt>
      <trkpt lat="23.067104" lon="113.268116">
        <time>2026-08-15T00:11:24Z</time>
      </trkpt>
      <trkpt lat="23.067026" lon="113.268076">
        <time>2026-08-15T00:11:29Z</time>
      </trkpt>
      <trkpt lat="23.066948" lon="113.268044">
        <time>2026-08-15T00:11:34Z</time>
      </trkpt>
      <trkpt lat="23.066814" lon="113.268028">
        <time>2026-08-15T00:11:39Z</time>
      </trkpt>
      <trkpt lat="23.066674" lon="113.268017">
        <time>2026-08-15T00:11:44Z</time>
      </trkpt>
      <trkpt lat="23.066587" lon="113.268004">
        <time>2026-08-15T00:11:49Z</time>
      </trkpt>
      <trkpt lat="23.066507" lon="113.267967">
        <time>2026-08-15T00:11:54Z</time>
      </trkpt>
      <trkpt lat="23.066384" lon="113.267939">
        <time>2026-08-15T00:11:59Z</time>
      </trkpt>
      <trkpt lat="23.06626" lon="113.26797">
        <time>2026-08-15T00:12:04Z</time>
      </trkpt>
      <trkpt lat="23.066189" lon="113.268018">
        <time>2026-08-15T00:12:09Z</time>
      </trkpt>
      <trkpt lat="23.066126" lon="113.268076">
        <time>2026-08-15T00:12:14Z</time>
      </trkpt>
      <trkpt lat="23.066043" lon="113.268173">
        <time>2026-08-15T00:12:19Z</time>
      </trkpt>
      <trkpt lat="23.065968" lon="113.268277">
        <time>2026-08-15T00:12:24Z</time>
      </trkpt>
      <trkpt lat="23.06592" lon="113.268349">
        <time>2026-08-15T00:12:29Z</time>
      </trkpt>
      <trkpt lat="23.065873" lon="113.268423">
        <time>2026-08-15T00:12:34Z</time>
      </trkpt>
      <trkpt lat="23.065809" lon="113.268543">
        <time>2026-08-15T00:12:39Z</time>
      </trkpt>
      <trkpt lat="23.065751" lon="113.268664">
        <time>2026-08-15T00:12:44Z</time>
      </trkpt>
      <trkpt lat="23.065716" lon="113.268745">
        <time>2026-08-15T00:12:49Z</time>
      </trkpt>
      <trkpt lat="23.065684" lon="113.268826">
        <time>2026-08-15T00:12:54Z</time>
      </trkpt>
      <trkpt lat="23.065636" lon="113.268946">
        <time>2026-08-15T00:12:59Z</time>
      </trkpt>
      <trkpt lat="23.065595" lon="113.269073">
        <time>2026-08-15T00:13:04Z</time>
      </trkpt>
      <trkpt lat="23.065568" lon="113.269154">
        <time>2026-08-15T00:13:09Z</time>
      </trkpt>
      <trkpt lat="23.065543" lon="113.269239">
        <time>2026-08-15T00:13:14Z</time>
      </trkpt>
      <trkpt lat="23.065513" lon="113.269374">
        <time>2026-08-15T00:13:19Z</time>
      </trkpt>
      <trkpt lat="23.06549" lon="113.269507">
        <time>2026-08-15T00:13:24Z</time>
      </trkpt>
      <trkpt lat="23.065468" lon="113.269595">
        <time>2026-08-15T00:13:29Z</time>
      </trkpt>
      <trkpt lat="23.065448" lon="113.269682">
        <time>2026-08-15T00:13:34Z</time>
      </trkpt>
      <trkpt lat="23.065409" lon="113.269806">
        <time>2026-08-15T00:13:39Z</time>
      </trkpt>
      <trkpt lat="23.065364" lon="113.26993">
        <time>2026-08-15T00:13:44Z</time>
      </trkpt>
      <trkpt lat="23.065332" lon="113.270018">
        <time>2026-08-15T00:13:49Z</time>
      </trkpt>
      <trkpt lat="23.0653" lon="113.270105">
        <time>2026-08-15T00:13:54Z</time>
      </trkpt>
      <trkpt lat="23.065242" lon="113.270226">
        <time>2026-08-15T00:13:59Z</time>
      </trkpt>
      <trkpt lat="23.065181" lon="113.270345">
        <time>2026-08-15T00:14:04Z</time>
      </trkpt>
      <trkpt lat="23.065144" lon="113.270426">
        <time>2026-08-15T00:14:09Z</time>
      </trkpt>
      <trkpt lat="23.065106" lon="113.270507">
        <time>2026-08-15T00:14:14Z</time>
      </trkpt>
      <trkpt lat="23.065048" lon="113.270629">
        <time>2026-08-15T00:14:19Z</time>
      </trkpt>
      <trkpt lat="23.064997" lon="113.270755">
        <time>2026-08-15T00:14:24Z</time>
      </trkpt>
      <trkpt lat="23.064965" lon="113.270837">
        <time>2026-08-15T00:14:29Z</time>
      </trkpt>
      <trkpt lat="23.064936" lon="113.270918">
        <time>2026-08-15T00:14:34Z</time>
      </trkpt>
      <trkpt lat="23.064885" lon="113.27104">
        <time>2026-08-15T00:14:39Z</time>
      </trkpt>
      <trkpt lat="23.064828" lon="113.27117">
        <time>2026-08-15T00:14:44Z</time>
      </trkpt>
      <trkpt lat="23.064787" lon="113.271259">
        <time>2026-08-15T00:14:49Z</time>
      </trkpt>
      <trkpt lat="23.064748" lon="113.27134">
        <time>2026-08-15T00:14:54Z</time>
      </trkpt>
      <trkpt lat="23.064689" lon="113.271469">
        <time>2026-08-15T00:14:59Z</time>
      </trkpt>
      <trkpt lat="23.064622" lon="113.271597">
        <time>2026-08-15T00:15:04Z</time>
      </trkpt>
      <trkpt lat="23.064575" lon="113.27168">
        <time>2026-08-15T00:15:09Z</time>
      </trkpt>
      <trkpt lat="23.06453" lon="113.271765">
        <time>2026-08-15T00:15:14Z</time>
      </trkpt>
      <trkpt lat="23.064473" lon="113.271895">
        <time>2026-08-15T00:15:19Z</time>
      </trkpt>
      <trkpt lat="23.064414" lon="113.272027">
        <time>2026-08-15T00:15:24Z</time>
      </trkpt>
      <trkpt lat="23.064372" lon="113.272108">
        <time>2026-08-15T00:15:29Z</time>
      </trkpt>
      <trkpt lat="23.064323" lon="113.272183">
        <time>2026-08-15T00:15:34Z</time>
      </trkpt>
      <trkpt lat="23.064303" lon="113.272321">
        <time>2026-08-15T00:15:39Z</time>
      </trkpt>
      <trkpt lat="23.064299" lon="113.27246">
        <time>2026-08-15T00:15:44Z</time>
      </trkpt>
      <trkpt lat="23.064294" lon="113.272548">
        <time>2026-08-15T00:15:49Z</time>
      </trkpt>
      <trkpt lat="23.064302" lon="113.272636">
        <time>2026-08-15T00:15:54Z</time>
      </trkpt>
      <trkpt lat="23.064335" lon="113.272762">
        <time>2026-08-15T00:15:59Z</time>
      </trkpt>
      <trkpt lat="23.064377" lon="113.27288">
        <time>2026-08-15T00:16:04Z</time>
      </trkpt>
      <trkpt lat="23.064404" lon="113.272961">
        <time>2026-08-15T00:16:09Z</time>
      </trkpt>
      <trkpt lat="23.064433" lon="113.273047">
        <time>2026-08-15T00:16:14Z</time>
      </trkpt>
      <trkpt lat="23.064448" lon="113.273181">
        <time>2026-08-15T00:16:19Z</time>
      </trkpt>
      <trkpt lat="23.064394" lon="113.273304">
        <time>2026-08-15T00:16:24Z</time>
      </trkpt>
      <trkpt lat="23.064329" lon="113.27337">
        <time>2026-08-15T00:16:29Z</time>
      </trkpt>
      <trkpt lat="23.064253" lon="113.273427">
        <time>2026-08-15T00:16:34Z</time>
      </trkpt>
      <trkpt lat="23.064145" lon="113.273504">
        <time>2026-08-15T00:16:39Z</time>
      </trkpt>
      <trkpt lat="23.064032" lon="113.273581">
        <time>2026-08-15T00:16:44Z</time>
      </trkpt>
      <trkpt lat="23.063964" lon="113.273636">
        <time>2026-08-15T00:16:49Z</time>
      </trkpt>
      <trkpt lat="23.063903" lon="113.2737">
        <time>2026-08-15T00:16:54Z</time>
      </trkpt>
      <trkpt lat="23.063831" lon="113.273809">
        <time>2026-08-15T00:16:59Z</time>
      </trkpt>
      <trkpt lat="23.06377" lon="113.273931">
        <time>2026-08-15T00:17:04Z</time>
      </trkpt>
      <trkpt lat="23.063728" lon="113.274009">
        <time>2026-08-15T00:17:09Z</time>
      </trkpt>
      <trkpt lat="23.063673" lon="113.274069">
        <time>2026-08-15T00:17:14Z</time>
      </trkpt>
      <trkpt lat="23.063574" lon="113.27411">
        <time>2026-08-15T00:17:19Z</time>
      </trkpt>
      <trkpt lat="23.063459" lon="113.27407">
        <time>2026-08-15T00:17:24Z</time>
      </trkpt>
      <trkpt lat="23.063382" lon="113.274107">
        <time>2026-08-15T00:17:29Z</time>
      </trkpt>
      <trkpt lat="23.06334" lon="113.274204">
        <time>2026-08-15T00:17:34Z</time>
      </trkpt>
      <trkpt lat="23.063302" lon="113.274356">
        <time>2026-08-15T00:17:39Z</time>
      </trkpt>
      <trkpt lat="23.063261" lon="113.274501">
        <time>2026-08-15T00:17:44Z</time>
      </trkpt>
      <trkpt lat="23.063229" lon="113.274594">
        <time>2026-08-15T00:17:49Z</time>
      </trkpt>
      <trkpt lat="23.063197" lon="113.274684">
        <time>2026-08-15T00:17:54Z</time>
      </trkpt>
      <trkpt lat="23.063154" lon="113.27482">
        <time>2026-08-15T00:17:59Z</time>
      </trkpt>
      <trkpt lat="23.063111" lon="113.274949">
        <time>2026-08-15T00:18:04Z</time>
      </trkpt>
      <trkpt lat="23.063081" lon="113.27504">
        <time>2026-08-15T00:18:09Z</time>
      </trkpt>
      <trkpt lat="23.063036" lon="113.275124">
        <time>2026-08-15T00:18:14Z</time>
      </trkpt>
      <trkpt lat="23.062925" lon="113.275205">
        <time>2026-08-15T00:18:19Z</time>
      </trkpt>
      <trkpt lat="23.062908" lon="113.275346">
        <time>2026-08-15T00:18:24Z</time>
      </trkpt>
      <trkpt lat="23.06293" lon="113.275439">
        <time>2026-08-15T00:18:29Z</time>
      </trkpt>
      <trkpt lat="23.062912" lon="113.275525">
        <time>2026-08-15T00:18:34Z</time>
      </trkpt>
      <trkpt lat="23.062821" lon="113.27563">
        <time>2026-08-15T00:18:39Z</time>
      </trkpt>
      <trkpt lat="23.062725" lon="113.275726">
        <time>2026-08-15T00:18:44Z</time>
      </trkpt>
      <trkpt lat="23.062661" lon="113.2758">
        <time>2026-08-15T00:18:49Z</time>
      </trkpt>
      <trkpt lat="23.0626" lon="113.275877">
        <time>2026-08-15T00:18:54Z</time>
      </trkpt>
      <trkpt lat="23.062522" lon="113.275995">
        <time>2026-08-15T00:18:59Z</time>
      </trkpt>
      <trkpt lat="23.062455" lon="113.27611">
        <time>2026-08-15T00:19:04Z</time>
      </trkpt>
      <trkpt lat="23.062416" lon="113.276192">
        <time>2026-08-15T00:19:09Z</time>
      </trkpt>
      <trkpt lat="23.062384" lon="113.276279">
        <time>2026-08-15T00:19:14Z</time>
      </trkpt>
      <trkpt lat="23.062342" lon="113.276406">
        <time>2026-08-15T00:19:19Z</time>
      </trkpt>
      <trkpt lat="23.062298" lon="113.276525">
        <time>2026-08-15T00:19:24Z</time>
      </trkpt>
      <trkpt lat="23.062269" lon="113.276609">
        <time>2026-08-15T00:19:29Z</time>
      </trkpt>
      <trkpt lat="23.062246" lon="113.276696">
        <time>2026-08-15T00:19:34Z</time>
      </trkpt>
      <trkpt lat="23.062205" lon="113.276815">
        <time>2026-08-15T00:19:39Z</time>
      </trkpt>
      <trkpt lat="23.062151" lon="113.276927">
        <time>2026-08-15T00:19:44Z</time>
      </trkpt>
      <trkpt lat="23.062123" lon="113.277009">
        <time>2026-08-15T00:19:49Z</time>
      </trkpt>
      <trkpt lat="23.062097" lon="113.277093">
        <time>2026-08-15T00:19:54Z</time>
      </trkpt>
      <trkpt lat="23.062027" lon="113.277234">
        <time>2026-08-15T00:19:59Z</time>
      </trkpt>
      <trkpt lat="23.061967" lon="113.277371">
        <time>2026-08-15T00:20:04Z</time>
      </trkpt>
      <trkpt lat="23.061933" lon="113.277459">
        <time>2026-08-15T00:20:09Z</time>
      </trkpt>
      <trkpt lat="23.061904" lon="113.277544">
        <time>2026-08-15T00:20:14Z</time>
      </trkpt>
      <trkpt lat="23.061858" lon="113.277672">
        <time>2026-08-15T00:20:19Z</time>
      </trkpt>
      <trkpt lat="23.061825" lon="113.277796">
        <time>2026-08-15T00:20:24Z</time>
      </trkpt>
      <trkpt lat="23.061821" lon="113.277885">
        <time>2026-08-15T00:20:29Z</time>
      </trkpt>
      <trkpt lat="23.061833" lon="113.277977">
        <time>2026-08-15T00:20:34Z</time>
      </trkpt>
      <trkpt lat="23.061848" lon="113.278118">
        <time>2026-08-15T00:20:39Z</time>
      </trkpt>
      <trkpt lat="23.061857" lon="113.278257">
        <time>2026-08-15T00:20:44Z</time>
      </trkpt>
      <trkpt lat="23.061856" lon="113.278353">
        <time>2026-08-15T00:20:49Z</time>
      </trkpt>
      <trkpt lat="23.061861" lon="113.27845">
        <time>2026-08-15T00:20:54Z</time>
      </trkpt>
      <trkpt lat="23.061863" lon="113.278592">
        <time>2026-08-15T00:20:59Z</time>
      </trkpt>
      <trkpt lat="23.061839" lon="113.278725">
        <time>2026-08-15T00:21:04Z</time>
      </trkpt>
      <trkpt lat="23.061776" lon="113.278751">
        <time>2026-08-15T00:21:09Z</time>
      </trkpt>
      <trkpt lat="23.061708" lon="113.278787">
        <time>2026-08-15T00:21:14Z</time>
      </trkpt>
      <trkpt lat="23.061655" lon="113.278915">
        <time>2026-08-15T00:21:19Z</time>
      </trkpt>
      <trkpt lat="23.061607" lon="113.279042">
        <time>2026-08-15T00:21:24Z</time>
      </trkpt>
      <trkpt lat="23.061576" lon="113.27912">
        <time>2026-08-15T00:21:29Z</time>
      </trkpt>
      <trkpt lat="23.061555" lon="113.279175">
        <time>2026-08-15T00:21:34Z</time>
      </trkpt>
      <trkpt lat="23.061595" lon="113.27915">
        <time>2026-08-15T00:21:39Z</time>
      </trkpt>
      <trkpt lat="23.061626" lon="113.279073">
        <time>2026-08-15T00:21:44Z</time>
      </trkpt>
      <trkpt lat="23.061643" lon="113.279022">
        <time>2026-08-15T00:21:49Z</time>
      </trkpt>
      <trkpt lat="23.061667" lon="113.278974">
        <time>2026-08-15T00:21:54Z</time>
      </trkpt>
      <trkpt lat="23.061707" lon="113.278899">
        <time>2026-08-15T00:21:59Z</time>
      </trkpt>
      <trkpt lat="23.061734" lon="113.278806">
        <time>2026-08-15T00:22:04Z</time>
      </trkpt>
      <trkpt lat="23.061758" lon="113.278755">
        <time>2026-08-15T00:22:09Z</time>
      </trkpt>
      <trkpt lat="23.061804" lon="113.278739">
        <time>2026-08-15T00:22:14Z</time>
      </trkpt>
      <trkpt lat="23.061878" lon="113.278756">
        <time>2026-08-15T00:22:19Z</time>
      </trkpt>
      <trkpt lat="23.061952" lon="113.278758">
        <time>2026-08-15T00:22:24Z</time>
      </trkpt>
      <trkpt lat="23.06198" lon="113.278704">
        <time>2026-08-15T00:22:29Z</time>
      </trkpt>
      <trkpt lat="23.061984" lon="113.278617">
        <time>2026-08-15T00:22:34Z</time>
      </trkpt>
      <trkpt lat="23.06198" lon="113.278474">
        <time>2026-08-15T00:22:39Z</time>
      </trkpt>
      <trkpt lat="23.061975" lon="113.278338">
        <time>2026-08-15T00:22:44Z</time>
      </trkpt>
      <trkpt lat="23.061971" lon="113.278245">
        <time>2026-08-15T00:22:49Z</time>
      </trkpt>
      <trkpt lat="23.061968" lon="113.278146">
        <time>2026-08-15T00:22:54Z</time>
      </trkpt>
      <trkpt lat="23.061963" lon="113.278001">
        <time>2026-08-15T00:22:59Z</time>
      </trkpt>
      <trkpt lat="23.061956" lon="113.277851">
        <time>2026-08-15T00:23:04Z</time>
      </trkpt>
      <trkpt lat="23.061968" lon="113.277751">
        <time>2026-08-15T00:23:09Z</time>
      </trkpt>
      <trkpt lat="23.061994" lon="113.277652">
        <time>2026-08-15T00:23:14Z</time>
      </trkpt>
      <trkpt lat="23.062042" lon="113.277505">
        <time>2026-08-15T00:23:19Z</time>
      </trkpt>
      <trkpt lat="23.062099" lon="113.277374">
        <time>2026-08-15T00:23:24Z</time>
      </trkpt>
      <trkpt lat="23.062136" lon="113.277289">
        <time>2026-08-15T00:23:29Z</time>
      </trkpt>
      <trkpt lat="23.062171" lon="113.277201">
        <time>2026-08-15T00:23:34Z</time>
      </trkpt>
      <trkpt lat="23.062216" lon="113.277073">
        <time>2026-08-15T00:23:39Z</time>
      </trkpt>
      <trkpt lat="23.062264" lon="113.276946">
        <time>2026-08-15T00:23:44Z</time>
      </trkpt>
      <trkpt lat="23.062291" lon="113.276857">
        <time>2026-08-15T00:23:49Z</time>
      </trkpt>
      <trkpt lat="23.062321" lon="113.276767">
        <time>2026-08-15T00:23:54Z</time>
      </trkpt>
      <trkpt lat="23.062371" lon="113.276643">
        <time>2026-08-15T00:23:59Z</time>
      </trkpt>
      <trkpt lat="23.062413" lon="113.276522">
        <time>2026-08-15T00:24:04Z</time>
      </trkpt>
      <trkpt lat="23.062447" lon="113.27644">
        <time>2026-08-15T00:24:09Z</time>
      </trkpt>
      <trkpt lat="23.062478" lon="113.276358">
        <time>2026-08-15T00:24:14Z</time>
      </trkpt>
      <trkpt lat="23.062525" lon="113.276238">
        <time>2026-08-15T00:24:19Z</time>
      </trkpt>
      <trkpt lat="23.062577" lon="113.27612">
        <time>2026-08-15T00:24:24Z</time>
      </trkpt>
      <trkpt lat="23.062615" lon="113.276047">
        <time>2026-08-15T00:24:29Z</time>
      </trkpt>
      <trkpt lat="23.062659" lon="113.275978">
        <time>2026-08-15T00:24:34Z</time>
      </trkpt>
      <trkpt lat="23.06273" lon="113.275869">
        <time>2026-08-15T00:24:39Z</time>
      </trkpt>
      <trkpt lat="23.062825" lon="113.275785">
        <time>2026-08-15T00:24:44Z</time>
      </trkpt>
      <trkpt lat="23.062888" lon="113.275728">
        <time>2026-08-15T00:24:49Z</time>
      </trkpt>
      <trkpt lat="23.062951" lon="113.275666">
        <time>2026-08-15T00:24:54Z</time>
      </trkpt>
      <trkpt lat="23.06304" lon="113.275561">
        <time>2026-08-15T00:24:59Z</time>
      </trkpt>
      <trkpt lat="23.06311" lon="113.275451">
        <time>2026-08-15T00:25:04Z</time>
      </trkpt>
      <trkpt lat="23.063156" lon="113.275379">
        <time>2026-08-15T00:25:09Z</time>
      </trkpt>
      <trkpt lat="23.063203" lon="113.27531">
        <time>2026-08-15T00:25:14Z</time>
      </trkpt>
      <trkpt lat="23.063275" lon="113.275203">
        <time>2026-08-15T00:25:19Z</time>
      </trkpt>
      <trkpt lat="23.063358" lon="113.275104">
        <time>2026-08-15T00:25:24Z</time>
      </trkpt>
      <trkpt lat="23.063403" lon="113.27503">
        <time>2026-08-15T00:25:29Z</time>
      </trkpt>
      <trkpt lat="23.063432" lon="113.27495">
        <time>2026-08-15T00:25:34Z</time>
      </trkpt>
      <trkpt lat="23.063469" lon="113.274826">
        <time>2026-08-15T00:25:39Z</time>
      </trkpt>
      <trkpt lat="23.06351" lon="113.274698">
        <time>2026-08-15T00:25:44Z</time>
      </trkpt>
      <trkpt lat="23.06353" lon="113.274612">
        <time>2026-08-15T00:25:49Z</time>
      </trkpt>
      <trkpt lat="23.063552" lon="113.27453">
        <time>2026-08-15T00:25:54Z</time>
      </trkpt>
      <trkpt lat="23.063605" lon="113.274423">
        <time>2026-08-15T00:25:59Z</time>
      </trkpt>
      <trkpt lat="23.063697" lon="113.274336">
        <time>2026-08-15T00:26:04Z</time>
      </trkpt>
      <trkpt lat="23.063746" lon="113.274271">
        <time>2026-08-15T00:26:09Z</time>
      </trkpt>
      <trkpt lat="23.063793" lon="113.274206">
        <time>2026-08-15T00:26:14Z</time>
      </trkpt>
      <trkpt lat="23.063867" lon="113.274107">
        <time>2026-08-15T00:26:19Z</time>
      </trkpt>
      <trkpt lat="23.063926" lon="113.273992">
        <time>2026-08-15T00:26:24Z</time>
      </trkpt>
      <trkpt lat="23.063965" lon="113.273917">
        <time>2026-08-15T00:26:29Z</time>
      </trkpt>
      <trkpt lat="23.064004" lon="113.273844">
        <time>2026-08-15T00:26:34Z</time>
      </trkpt>
      <trkpt lat="23.064082" lon="113.273742">
        <time>2026-08-15T00:26:39Z</time>
      </trkpt>
      <trkpt lat="23.064181" lon="113.273663">
        <time>2026-08-15T00:26:44Z</time>
      </trkpt>
      <trkpt lat="23.064245" lon="113.273615">
        <time>2026-08-15T00:26:49Z</time>
      </trkpt>
      <trkpt lat="23.064308" lon="113.273562">
        <time>2026-08-15T00:26:54Z</time>
      </trkpt>
      <trkpt lat="23.064401" lon="113.273486">
        <time>2026-08-15T00:26:59Z</time>
      </trkpt>
      <trkpt lat="23.064487" lon="113.273412">
        <time>2026-08-15T00:27:04Z</time>
      </trkpt>
      <trkpt lat="23.064537" lon="113.273353">
        <time>2026-08-15T00:27:09Z</time>
      </trkpt>
      <trkpt lat="23.064583" lon="113.273282">
        <time>2026-08-15T00:27:14Z</time>
      </trkpt>
      <trkpt lat="23.064601" lon="113.273151">
        <time>2026-08-15T00:27:19Z</time>
      </trkpt>
      <trkpt lat="23.064577" lon="113.273017">
        <time>2026-08-15T00:27:24Z</time>
      </trkpt>
      <trkpt lat="23.064557" lon="113.27293">
        <time>2026-08-15T00:27:29Z</time>
      </trkpt>
      <trkpt lat="23.064531" lon="113.272843">
        <time>2026-08-15T00:27:34Z</time>
      </trkpt>
      <trkpt lat="23.064491" lon="113.272712">
        <time>2026-08-15T00:27:39Z</time>
      </trkpt>
      <trkpt lat="23.06448" lon="113.27258">
        <time>2026-08-15T00:27:44Z</time>
      </trkpt>
      <trkpt lat="23.064501" lon="113.272496">
        <time>2026-08-15T00:27:49Z</time>
      </trkpt>
      <trkpt lat="23.064526" lon="113.272413">
        <time>2026-08-15T00:27:54Z</time>
      </trkpt>
      <trkpt lat="23.064561" lon="113.272282">
        <time>2026-08-15T00:27:59Z</time>
      </trkpt>
      <trkpt lat="23.064609" lon="113.272153">
        <time>2026-08-15T00:28:04Z</time>
      </trkpt>
      <trkpt lat="23.064648" lon="113.272075">
        <time>2026-08-15T00:28:09Z</time>
      </trkpt>
      <trkpt lat="23.064689" lon="113.272">
        <time>2026-08-15T00:28:14Z</time>
      </trkpt>
      <trkpt lat="23.064743" lon="113.271888">
        <time>2026-08-15T00:28:19Z</time>
      </trkpt>
      <trkpt lat="23.0648" lon="113.271765">
        <time>2026-08-15T00:28:24Z</time>
      </trkpt>
      <trkpt lat="23.064833" lon="113.271679">
        <time>2026-08-15T00:28:29Z</time>
      </trkpt>
      <trkpt lat="23.064869" lon="113.271601">
        <time>2026-08-15T00:28:34Z</time>
      </trkpt>
      <trkpt lat="23.06493" lon="113.271494">
        <time>2026-08-15T00:28:39Z</time>
      </trkpt>
      <trkpt lat="23.064985" lon="113.271382">
        <time>2026-08-15T00:28:44Z</time>
      </trkpt>
      <trkpt lat="23.065019" lon="113.271303">
        <time>2026-08-15T00:28:49Z</time>
      </trkpt>
      <trkpt lat="23.065058" lon="113.271228">
        <time>2026-08-15T00:28:54Z</time>
      </trkpt>
      <trkpt lat="23.065126" lon="113.271126">
        <time>2026-08-15T00:28:59Z</time>
      </trkpt>
      <trkpt lat="23.065163" lon="113.271005">
        <time>2026-08-15T00:29:04Z</time>
      </trkpt>
      <trkpt lat="23.065186" lon="113.270927">
        <time>2026-08-15T00:29:09Z</time>
      </trkpt>
      <trkpt lat="23.065218" lon="113.270855">
        <time>2026-08-15T00:29:14Z</time>
      </trkpt>
      <trkpt lat="23.065263" lon="113.270741">
        <time>2026-08-15T00:29:19Z</time>
      </trkpt>
      <trkpt lat="23.065314" lon="113.270616">
        <time>2026-08-15T00:29:24Z</time>
      </trkpt>
      <trkpt lat="23.065352" lon="113.27053">
        <time>2026-08-15T00:29:29Z</time>
      </trkpt>
      <trkpt lat="23.065392" lon="113.270446">
        <time>2026-08-15T00:29:34Z</time>
      </trkpt>
      <trkpt lat="23.065447" lon="113.270321">
        <time>2026-08-15T00:29:39Z</time>
      </trkpt>
      <trkpt lat="23.065501" lon="113.270192">
        <time>2026-08-15T00:29:44Z</time>
      </trkpt>
      <trkpt lat="23.06553" lon="113.27011">
        <time>2026-08-15T00:29:49Z</time>
      </trkpt>
      <trkpt lat="23.065562" lon="113.270025">
        <time>2026-08-15T00:29:54Z</time>
      </trkpt>
      <trkpt lat="23.06561" lon="113.2699">
        <time>2026-08-15T00:29:59Z</time>
      </trkpt>
      <trkpt lat="23.065653" lon="113.269767">
        <time>2026-08-15T00:30:04Z</time>
      </trkpt>
      <trkpt lat="23.065686" lon="113.269682">
        <time>2026-08-15T00:30:09Z</time>
      </trkpt>
      <trkpt lat="23.06572" lon="113.269596">
        <time>2026-08-15T00:30:14Z</time>
      </trkpt>
      <trkpt lat="23.065755" lon="113.269462">
        <time>2026-08-15T00:30:19Z</time>
      </trkpt>
      <trkpt lat="23.06578" lon="113.269329">
        <time>2026-08-15T00:30:24Z</time>
      </trkpt>
      <trkpt lat="23.065804" lon="113.269238">
        <time>2026-08-15T00:30:29Z</time>
      </trkpt>
      <trkpt lat="23.065833" lon="113.269153">
        <time>2026-08-15T00:30:34Z</time>
      </trkpt>
      <trkpt lat="23.06588" lon="113.269037">
        <time>2026-08-15T00:30:39Z</time>
      </trkpt>
      <trkpt lat="23.065933" lon="113.268919">
        <time>2026-08-15T00:30:44Z</time>
      </trkpt>
      <trkpt lat="23.065969" lon="113.268841">
        <time>2026-08-15T00:30:49Z</time>
      </trkpt>
      <trkpt lat="23.066009" lon="113.268765">
        <time>2026-08-15T00:30:54Z</time>
      </trkpt>
      <trkpt lat="23.066066" lon="113.268648">
        <time>2026-08-15T00:30:59Z</time>
      </trkpt>
      <trkpt lat="23.06613" lon="113.268532">
        <time>2026-08-15T00:31:04Z</time>
      </trkpt>
      <trkpt lat="23.066169" lon="113.268448">
        <time>2026-08-15T00:31:09Z</time>
      </trkpt>
      <trkpt lat="23.066217" lon="113.268369">
        <time>2026-08-15T00:31:14Z</time>
      </trkpt>
      <trkpt lat="23.066305" lon="113.268264">
        <time>2026-08-15T00:31:19Z</time>
      </trkpt>
      <trkpt lat="23.066413" lon="113.268182">
        <time>2026-08-15T00:31:24Z</time>
      </trkpt>
      <trkpt lat="23.066495" lon="113.268152">
        <time>2026-08-15T00:31:29Z</time>
      </trkpt>
      <trkpt lat="23.06658" lon="113.268154">
        <time>2026-08-15T00:31:34Z</time>
      </trkpt>
      <trkpt lat="23.066703" lon="113.268182">
        <time>2026-08-15T00:31:39Z</time>
      </trkpt>
      <trkpt lat="23.066834" lon="113.268169">
        <time>2026-08-15T00:31:44Z</time>
      </trkpt>
      <trkpt lat="23.066919" lon="113.268163">
        <time>2026-08-15T00:31:49Z</time>
      </trkpt>
      <trkpt lat="23.067002" lon="113.268174">
        <time>2026-08-15T00:31:54Z</time>
      </trkpt>
      <trkpt lat="23.067113" lon="113.268229">
        <time>2026-08-15T00:31:59Z</time>
      </trkpt>
      <trkpt lat="23.067227" lon="113.268273">
        <time>2026-08-15T00:32:04Z</time>
      </trkpt>
      <trkpt lat="23.067297" lon="113.268312">
        <time>2026-08-15T00:32:09Z</time>
      </trkpt>
      <trkpt lat="23.067371" lon="113.268358">
        <time>2026-08-15T00:32:14Z</time>
      </trkpt>
      <trkpt lat="23.067479" lon="113.268431">
        <time>2026-08-15T00:32:19Z</time>
      </trkpt>
      <trkpt lat="23.067616" lon="113.268496">
        <time>2026-08-15T00:32:24Z</time>
      </trkpt>
      <trkpt lat="23.067712" lon="113.26852">
        <time>2026-08-15T00:32:29Z</time>
      </trkpt>
      <trkpt lat="23.067805" lon="113.268552">
        <time>2026-08-15T00:32:34Z</time>
      </trkpt>
      <trkpt lat="23.067912" lon="113.268647">
        <time>2026-08-15T00:32:39Z</time>
      </trkpt>
      <trkpt lat="23.068038" lon="113.268711">
        <time>2026-08-15T00:32:44Z</time>
      </trkpt>
      <trkpt lat="23.068122" lon="113.268748">
        <time>2026-08-15T00:32:49Z</time>
      </trkpt>
      <trkpt lat="23.068202" lon="113.268776">
        <time>2026-08-15T00:32:54Z</time>
      </trkpt>
      <trkpt lat="23.06832" lon="113.268818">
        <time>2026-08-15T00:32:59Z</time>
      </trkpt>
      <trkpt lat="23.068432" lon="113.2689">
        <time>2026-08-15T00:33:04Z</time>
      </trkpt>
      <trkpt lat="23.068515" lon="113.268967">
        <time>2026-08-15T00:33:09Z</time>
      </trkpt>
      <trkpt lat="23.068604" lon="113.269004">
        <time>2026-08-15T00:33:14Z</time>
      </trkpt>
      <trkpt lat="23.068717" lon="113.269072">
        <time>2026-08-15T00:33:19Z</time>
      </trkpt>
      <trkpt lat="23.068813" lon="113.2691">
        <time>2026-08-15T00:33:24Z</time>
      </trkpt>
      <trkpt lat="23.068865" lon="113.269098">
        <time>2026-08-15T00:33:29Z</time>
      </trkpt>
      <trkpt lat="23.068913" lon="113.269105">
        <time>2026-08-15T00:33:34Z</time>
      </trkpt>
      <trkpt lat="23.068986" lon="113.269132">
        <time>2026-08-15T00:33:39Z</time>
      </trkpt>
      <trkpt lat="23.06907" lon="113.269161">
        <time>2026-08-15T00:33:44Z</time>
      </trkpt>
      <trkpt lat="23.069127" lon="113.269197">
        <time>2026-08-15T00:33:49Z</time>
      </trkpt>
      <trkpt lat="23.069173" lon="113.269244">
        <time>2026-08-15T00:33:54Z</time>
      </trkpt>
      <trkpt lat="23.069238" lon="113.269298">
        <time>2026-08-15T00:33:59Z</time>
      </trkpt>
      <trkpt lat="23.06931" lon="113.269344">
        <time>2026-08-15T00:34:04Z</time>
      </trkpt>
      <trkpt lat="23.069357" lon="113.269367">
        <time>2026-08-15T00:34:09Z</time>
      </trkpt>
      <trkpt lat="23.069417" lon="113.269396">
        <time>2026-08-15T00:34:14Z</time>
      </trkpt>
      <trkpt lat="23.069541" lon="113.26946">
        <time>2026-08-15T00:34:19Z</time>
      </trkpt>
      <trkpt lat="23.069672" lon="113.269519">
        <time>2026-08-15T00:34:24Z</time>
      </trkpt>
      <trkpt lat="23.069757" lon="113.269563">
        <time>2026-08-15T00:34:29Z</time>
      </trkpt>
      <trkpt lat="23.069836" lon="113.26961">
        <time>2026-08-15T00:34:34Z</time>
      </trkpt>
      <trkpt lat="23.069954" lon="113.269689">
        <time>2026-08-15T00:34:39Z</time>
      </trkpt>
      <trkpt lat="23.070075" lon="113.26977">
        <time>2026-08-15T00:34:44Z</time>
      </trkpt>
      <trkpt lat="23.070154" lon="113.269816">
        <time>2026-08-15T00:34:49Z</time>
      </trkpt>
      <trkpt lat="23.07023" lon="113.269852">
        <time>2026-08-15T00:34:54Z</time>
      </trkpt>
      <trkpt lat="23.070344" lon="113.269897">
        <time>2026-08-15T00:34:59Z</time>
      </trkpt>
      <trkpt lat="23.070471" lon="113.269924">
        <time>2026-08-15T00:35:04Z</time>
      </trkpt>
      <trkpt lat="23.070552" lon="113.26996">
        <time>2026-08-15T00:35:09Z</time>
      </trkpt>
      <trkpt lat="23.070635" lon="113.269987">
        <time>2026-08-15T00:35:14Z</time>
      </trkpt>
      <trkpt lat="23.07075" lon="113.270035">
        <time>2026-08-15T00:35:19Z</time>
      </trkpt>
      <trkpt lat="23.070865" lon="113.270084">
        <time>2026-08-15T00:35:24Z</time>
      </trkpt>
      <trkpt lat="23.070935" lon="113.270107">
        <time>2026-08-15T00:35:29Z</time>
      </trkpt>
      <trkpt lat="23.070995" lon="113.270155">
        <time>2026-08-15T00:35:34Z</time>
      </trkpt>
      <trkpt lat="23.0711" lon="113.270212">
        <time>2026-08-15T00:35:39Z</time>
      </trkpt>
      <trkpt lat="23.071204" lon="113.270276">
        <time>2026-08-15T00:35:44Z</time>
      </trkpt>
      <trkpt lat="23.071283" lon="113.270311">
        <time>2026-08-15T00:35:49Z</time>
      </trkpt>
      <trkpt lat="23.071341" lon="113.27035">
        <time>2026-08-15T00:35:54Z</time>
      </trkpt>
      <trkpt lat="23.071409" lon="113.270388">
        <time>2026-08-15T00:35:59Z</time>
      </trkpt>
      <trkpt lat="23.071484" lon="113.270419">
        <time>2026-08-15T00:36:04Z</time>
      </trkpt>
      <trkpt lat="23.071538" lon="113.270443">
        <time>2026-08-15T00:36:09Z</time>
      </trkpt>
      <trkpt lat="23.071585" lon="113.270478">
        <time>2026-08-15T00:36:14Z</time>
      </trkpt>
      <trkpt lat="23.071653" lon="113.270509">
        <time>2026-08-15T00:36:19Z</time>
      </trkpt>
      <trkpt lat="23.071742" lon="113.270543">
        <time>2026-08-15T00:36:24Z</time>
      </trkpt>
      <trkpt lat="23.071793" lon="113.270581">
        <time>2026-08-15T00:36:29Z</time>
      </trkpt>
      <trkpt lat="23.071839" lon="113.270613">
        <time>2026-08-15T00:36:34Z</time>
      </trkpt>
      <trkpt lat="23.07194" lon="113.270657">
        <time>2026-08-15T00:36:39Z</time>
      </trkpt>
      <trkpt lat="23.072071" lon="113.270713">
        <time>2026-08-15T00:36:44Z</time>
      </trkpt>
      <trkpt lat="23.072148" lon="113.270759">
        <time>2026-08-15T00:36:49Z</time>
      </trkpt>
      <trkpt lat="23.07222" lon="113.270809">
        <time>2026-08-15T00:36:54Z</time>
      </trkpt>
      <trkpt lat="23.072338" lon="113.270873">
        <time>2026-08-15T00:36:59Z</time>
      </trkpt>
      <trkpt lat="23.072449" lon="113.270926">
        <time>2026-08-15T00:37:04Z</time>
      </trkpt>
      <trkpt lat="23.072524" lon="113.270966">
        <time>2026-08-15T00:37:09Z</time>
      </trkpt>
      <trkpt lat="23.0726" lon="113.271015">
        <time>2026-08-15T00:37:14Z</time>
      </trkpt>
      <trkpt lat="23.072711" lon="113.271074">
        <time>2026-08-15T00:37:19Z</time>
      </trkpt>
      <trkpt lat="23.072819" lon="113.271107">
        <time>2026-08-15T00:37:24Z</time>
      </trkpt>
      <trkpt lat="23.072886" lon="113.271138">
        <time>2026-08-15T00:37:29Z</time>
      </trkpt>
      <trkpt lat="23.072958" lon="113.271169">
        <time>2026-08-15T00:37:34Z</time>
      </trkpt>
      <trkpt lat="23.073076" lon="113.271224">
        <time>2026-08-15T00:37:39Z</time>
      </trkpt>
      <trkpt lat="23.073193" lon="113.27124">
        <time>2026-08-15T00:37:44Z</time>
      </trkpt>
      <trkpt lat="23.073223" lon="113.271286">
        <time>2026-08-15T00:37:49Z</time>
      </trkpt>
      <trkpt lat="23.073259" lon="113.271323">
        <time>2026-08-15T00:37:54Z</time>
      </trkpt>
      <trkpt lat="23.073332" lon="113.271351">
        <time>2026-08-15T00:37:59Z</time>
      </trkpt>
      <trkpt lat="23.073408" lon="113.271399">
        <time>2026-08-15T00:38:04Z</time>
      </trkpt>
      <trkpt lat="23.073456" lon="113.271432">
        <time>2026-08-15T00:38:09Z</time>
      </trkpt>
      <trkpt lat="23.073504" lon="113.271461">
        <time>2026-08-15T00:38:14Z</time>
      </trkpt>
      <trkpt lat="23.073557" lon="113.271511">
        <time>2026-08-15T00:38:19Z</time>
      </trkpt>
      <trkpt lat="23.073616" lon="113.27158">
        <time>2026-08-15T00:38:24Z</time>
      </trkpt>
      <trkpt lat="23.073699" lon="113.271623">
        <time>2026-08-15T00:38:29Z</time>
      </trkpt>
      <trkpt lat="23.073796" lon="113.271654">
        <time>2026-08-15T00:38:34Z</time>
      </trkpt>
      <trkpt lat="23.073917" lon="113.271699">
        <time>2026-08-15T00:38:39Z</time>
      </trkpt>
      <trkpt lat="23.07403" lon="113.271759">
        <time>2026-08-15T00:38:44Z</time>
      </trkpt>
      <trkpt lat="23.074083" lon="113.271811">
        <time>2026-08-15T00:38:49Z</time>
      </trkpt>
      <trkpt lat="23.074065" lon="113.27188">
        <time>2026-08-15T00:38:54Z</time>
      </trkpt>
      <trkpt lat="23.074004" lon="113.271988">
        <time>2026-08-15T00:38:59Z</time>
      </trkpt>
      <trkpt lat="23.073947" lon="113.272114">
        <time>2026-08-15T00:39:04Z</time>
      </trkpt>
      <trkpt lat="23.073912" lon="113.272211">
        <time>2026-08-15T00:39:09Z</time>
      </trkpt>
      <trkpt lat="23.073868" lon="113.272304">
        <time>2026-08-15T00:39:14Z</time>
      </trkpt>
      <trkpt lat="23.073807" lon="113.272458">
        <time>2026-08-15T00:39:19Z</time>
      </trkpt>
    </trkseg>
  </trk>
</gpx>