<?xml version="1.0" encoding="UTF-8"?>
<gpx xmlns="http://www.topografix.com/GPX/1/1" xmlns:gpxtpx="http://www.garmin.com/xmlschemas/TrackPointExtension/v1" xmlns:xsi="http://www.w3.org/2001/XMLSchema-instance" xsi:schemaLocation="http://www.topografix.com/GPX/1/1 http://www.topografix.com/GPX/1/1/gpx.xsd" version="1.1" creator="gpx.py -- https://github.com/tkrajina/gpxpy">
  <trk>
    <name>gpx from joyrun</name>
    <trkseg>
      <trkpt lat="23.075994" lon="113.272626">
        <time>2026-08-22T22:10:58Z</time>
      </trkpt>
      <trkpt lat="23.075931" lon="113.272601">
        <time>2026-08-22T22:11:03Z</time>
      </trkpt>
      <trkpt lat="23.075848" lon="113.272563">
        <time>2026-08-22T22:11:08Z</time>
      </trkpt>
      <trkpt lat="23.075718" lon="113.27247">
        <time>2026-08-22T22:11:13Z</time>
      </trkpt>
      <trkpt lat="23.075594" lon="113.272397">
        <time>2026-08-22T22:11:18Z</time>
      </trkpt>
      <trkpt lat="23.075485" lon="113.272392">
        <time>2026-08-22T22:11:23Z</time>
      </trkpt>
      <trkpt lat="23.075374" lon="113.272393">
        <time>2026-08-22T22:11:28Z</time>
      </trkpt>
      <trkpt lat="23.075223" lon="113.272389">
        <time>2026-08-22T22:11:33Z</time>
      </trkpt>
      <trkpt lat="23.075108" lon="113.272334">
        <time>2026-08-22T22:11:38Z</time>
      </trkpt>
      <trkpt lat="23.075036" lon="113.2723">
        <time>2026-08-22T22:11:43Z</time>
      </trkpt>
      <trkpt lat="23.074955" lon="113.272253">
        <time>2026-08-22T22:11:48Z</time>
      </trkpt>
      <trkpt lat="23.074827" lon="113.272148">
        <time>2026-08-22T22:11:53Z</time>
      </trkpt>
      <trkpt lat="23.074686" lon="113.272061">
        <time>2026-08-22T22:11:58Z</time>
      </trkpt>
      <trkpt lat="23.074593" lon="113.272012">
        <time>2026-08-22T22:12:03Z</time>
      </trkpt>
      <trkpt lat="23.074494" lon="113.271993">
        <time>2026-08-22T22:12:08Z</time>
      </trkpt>
      <trkpt lat="23.074377" lon="113.272067">
        <time>2026-08-22T22:12:13Z</time>
      </trkpt>
      <trkpt lat="23.074312" lon="113.272225">
        <time>2026-08-22T22:12:18Z</time>
      </trkpt>
      <trkpt lat="23.074278" lon="113.27234">
        <time>2026-08-22T22:12:23Z</time>
      </trkpt>
      <trkpt lat="23.074225" lon="113.272447">
        <time>2026-08-22T22:12:28Z</time>
      </trkpt>
      <trkpt lat="23.07414" lon="113.272608">
        <time>2026-08-22T22:12:33Z</time>
      </trkpt>
      <trkpt lat="23.07407" lon="113.272778">
        <time>2026-08-22T22:12:38Z</time>
      </trkpt>
      <trkpt lat="23.074003" lon="113.272882">
        <time>2026-08-22T22:12:43Z</time>
      </trkpt>
      <trkpt lat="23.073896" lon="113.272927">
        <time>2026-08-22T22:12:48Z</time>
      </trkpt>
      <trkpt lat="23.073731" lon="113.2729">
        <time>2026-08-22T22:12:53Z</time>
      </trkpt>
      <trkpt lat="23.073686" lon="113.272789">
        <time>2026-08-22T22:12:58Z</time>
      </trkpt>
      <trkpt lat="23.073738" lon="113.272699">
        <time>2026-08-22T22:13:03Z</time>
      </trkpt>
      <trkpt lat="23.073791" lon="113.272604">
        <time>2026-08-22T22:13:08Z</time>
      </trkpt>
      <trkpt lat="23.073862" lon="113.272461">
        <time>2026-08-22T22:13:13Z</time>
      </trkpt>
      <trkpt lat="23.073937" lon="113.272321">
        <time>2026-08-22T22:13:18Z</time>
      </trkpt>
      <trkpt lat="23.073988" lon="113.272229">
        <time>2026-08-22T22:13:23Z</time>
      </trkpt>
      <trkpt lat="23.074028" lon="113.272143">
        <time>2026-08-22T22:13:28Z</time>
      </trkpt>
      <trkpt lat="23.07406" lon="113.272026">
        <time>2026-08-22T22:13:33Z</time>
      </trkpt>
      <trkpt lat="23.074117" lon="113.271902">
        <time>2026-08-22T22:13:38Z</time>
      </trkpt>
      <trkpt lat="23.074142" lon="113.271815">
        <time>2026-08-22T22:13:43Z</time>
      </trkpt>
      <trkpt lat="23.074091" lon="113.271751">
        <time>2026-08-22T22:13:48Z</time>
      </trkpt>
      <trkpt lat="23.07396" lon="113.271663">
        <time>2026-08-22T22:13:53Z</time>
      </trkpt>
      <trkpt lat="23.073828" lon="113.271597">
        <time>2026-08-22T22:13:58Z</time>
      </trkpt>
      <trkpt lat="23.073745" lon="113.271558">
        <time>2026-08-22T22:14:03Z</time>
      </trkpt>
      <trkpt lat="23.073666" lon="113.271521">
        <time>2026-08-22T22:14:08Z</time>
      </trkpt>
      <trkpt lat="23.07354" lon="113.271458">
        <time>2026-08-22T22:14:13Z</time>
      </trkpt>
      <trkpt lat="23.073405" lon="113.271402">
        <time>2026-08-22T22:14:18Z</time>
      </trkpt>
      <trkpt lat="23.073325" lon="113.271349">
        <time>2026-08-22T22:14:23Z</time>
      </trkpt>
      <trkpt lat="23.073272" lon="113.271271">
        <time>2026-08-22T22:14:28Z</time>
      </trkpt>
      <trkpt lat="23.073168" lon="113.271225">
        <time>2026-08-22T22:14:33Z</time>
      </trkpt>
      <trkpt lat="23.073026" lon="113.271156">
        <time>2026-08-22T22:14:38Z</time>
      </trkpt>
      <trkpt lat="23.072926" lon="113.271107">
        <time>2026-08-22T22:14:43Z</time>
      </trkpt>
      <trkpt lat="23.072837" lon="113.271067">
        <time>2026-08-22T22:14:48Z</time>
      </trkpt>
      <trkpt lat="23.072693" lon="113.271019">
        <time>2026-08-22T22:14:53Z</time>
      </trkpt>
      <trkpt lat="23.072551" lon="113.270939">
        <time>2026-08-22T22:14:58Z</time>
      </trkpt>
      <trkpt lat="23.07245" lon="113.270902">
        <time>2026-08-22T22:15:03Z</time>
      </trkpt>
      <trkpt lat="23.072351" lon="113.270859">
        <time>2026-08-22T22:15:08Z</time>
      </trkpt>
      <trkpt lat="23.072202" lon="113.270781">
        <time>2026-08-22T22:15:13Z</time>
      </trkpt>
      <trkpt lat="23.072065" lon="113.270723">
        <time>2026-08-22T22:15:18Z</time>
      </trkpt>
      <trkpt lat="23.071956" lon="113.27069">
        <time>2026-08-22T22:15:23Z</time>
      </trkpt>
      <trkpt lat="23.07185" lon="113.270641">
        <time>2026-08-22T22:15:28Z</time>
      </trkpt>
      <trkpt lat="23.071712" lon="113.270551">
        <time>2026-08-22T22:15:33Z</time>
      </trkpt>
      <trkpt lat="23.071577" lon="113.270486">
        <time>2026-08-22T22:15:38Z</time>
      </trkpt>
      <trkpt lat="23.07148" lon="113.270429">
        <time>2026-08-22T22:15:43Z</time>
      </trkpt>
      <trkpt lat="23.071381" lon="113.270367">
        <time>2026-08-22T22:15:48Z</time>
      </trkpt>
      <trkpt lat="23.071237" lon="113.270277">
        <time>2026-08-22T22:15:53Z</time>
      </trkpt>
      <trkpt lat="23.071099" lon="113.270193">
        <time>2026-08-22T22:15:58Z</time>
      </trkpt>
      <trkpt lat="23.070998" lon="113.270148">
        <time>2026-08-22T22:16:03Z</time>
      </trkpt>
      <trkpt lat="23.070897" lon="113.270114">
        <time>2026-08-22T22:16:08Z</time>
      </trkpt>
      <trkpt lat="23.070753" lon="113.270039">
        <time>2026-08-22T22:16:13Z</time>
      </trkpt>
      <trkpt lat="23.070608" lon="113.269957">
        <time>2026-08-22T22:16:18Z</time>
      </trkpt>
      <trkpt lat="23.070502" lon="113.269927">
        <time>2026-08-22T22:16:23Z</time>
      </trkpt>
      <trkpt lat="23.0704" lon="113.269898">
        <time>2026-08-22T22:16:28Z</time>
      </trkpt>
      <trkpt lat="23.070253" lon="113.269863">
        <time>2026-08-22T22:16:33Z</time>
      </trkpt>
      <trkpt lat="23.070124" lon="113.269806">
        <time>2026-08-22T22:16:38Z</time>
      </trkpt>
      <trkpt lat="23.070033" lon="113.269746">
        <time>2026-08-22T22:16:43Z</time>
      </trkpt>
      <trkpt lat="23.069941" lon="113.269681">
        <time>2026-08-22T22:16:48Z</time>
      </trkpt>
      <trkpt lat="23.06981" lon="113.269591">
        <time>2026-08-22T22:16:53Z</time>
      </trkpt>
      <trkpt lat="23.069669" lon="113.26951">
        <time>2026-08-22T22:16:58Z</time>
      </trkpt>
      <trkpt lat="23.069567" lon="113.26946">
        <time>2026-08-22T22:17:03Z</time>
      </trkpt>
      <trkpt lat="23.069473" lon="113.269412">
        <time>2026-08-22T22:17:08Z</time>
      </trkpt>
      <trkpt lat="23.069362" lon="113.269302">
        <time>2026-08-22T22:17:13Z</time>
      </trkpt>
      <trkpt lat="23.06928" lon="113.26916">
        <time>2026-08-22T22:17:18Z</time>
      </trkpt>
      <trkpt lat="23.069191" lon="113.269101">
        <time>2026-08-22T22:17:23Z</time>
      </trkpt>
      <trkpt lat="23.069087" lon="113.269059">
        <time>2026-08-22T22:17:28Z</time>
      </trkpt>
      <trkpt lat="23.068949" lon="113.268998">
        <time>2026-08-22T22:17:33Z</time>
      </trkpt>
      <trkpt lat="23.068815" lon="113.268944">
        <time>2026-08-22T22:17:38Z</time>
      </trkpt>
      <trkpt lat="23.068711" lon="113.268898">
        <time>2026-08-22T22:17:43Z</time>
      </trkpt>
      <trkpt lat="23.068611" lon="113.268837">
        <time>2026-08-22T22:17:48Z</time>
      </trkpt>
      <trkpt lat="23.068468" lon="113.268757">
        <time>2026-08-22T22:17:53Z</time>
      </trkpt>
      <trkpt lat="23.068328" lon="113.268712">
        <time>2026-08-22T22:17:58Z</time>
      </trkpt>
      <trkpt lat="23.068229" lon="113.26868">
        <time>2026-08-22T22:18:03Z</time>
      </trkpt>
      <trkpt lat="23.068126" lon="113.26863">
        <time>2026-08-22T22:18:08Z</time>
      </trkpt>
      <trkpt lat="23.067969" lon="113.268552">
        <time>2026-08-22T22:18:13Z</time>
      </trkpt>
      <trkpt lat="23.067817" lon="113.268484">
        <time>2026-08-22T22:18:18Z</time>
      </trkpt>
      <trkpt lat="23.067725" lon="113.26843">
        <time>2026-08-22T22:18:23Z</time>
      </trkpt>
      <trkpt lat="23.067629" lon="113.268379">
        <time>2026-08-22T22:18:28Z</time>
      </trkpt>
      <trkpt lat="23.06748" lon="113.268312">
        <time>2026-08-22T22:18:33Z</time>
      </trkpt>
      <trkpt lat="23.06732" lon="113.268264">
        <time>2026-08-22T22:18:38Z</time>
      </trkpt>
      <trkpt lat="23.067221" lon="113.268228">
        <time>2026-08-22T22:18:43Z</time>
      </trkpt>
      <trkpt lat="23.067127" lon="113.268193">
        <time>2026-08-22T22:18:48Z</time>
      </trkpt>
      <trkpt lat="23.06699" lon="113.268139">
        <time>2026-08-22T22:18:53Z</time>
      </trkpt>
      <trkpt lat="23.066842" lon="113.268096">
        <time>2026-08-22T22:18:58Z</time>
      </trkpt>
      <trkpt lat="23.066732" lon="113.26809">
        <time>2026-08-22T22:19:03Z</time>
      </trkpt>
      <trkpt lat="23.066628" lon="113.26807">
        <time>2026-08-22T22:19:08Z</time>
      </trkpt>
      <trkpt lat="23.066473" lon="113.268014">
        <time>2026-08-22T22:19:13Z</time>
      </trkpt>
      <trkpt lat="23.066311" lon="113.268013">
        <time>2026-08-22T22:19:18Z</time>
      </trkpt>
      <trkpt lat="23.066218" lon="113.268069">
        <time>2026-08-22T22:19:23Z</time>
      </trkpt>
      <trkpt lat="23.066142" lon="113.268149">
        <time>2026-08-22T22:19:28Z</time>
      </trkpt>
      <trkpt lat="23.066036" lon="113.268276">
        <time>2026-08-22T22:19:33Z</time>
      </trkpt>
      <trkpt lat="23.065932" lon="113.268402">
        <time>2026-08-22T22:19:38Z</time>
      </trkpt>
      <trkpt lat="23.065863" lon="113.268496">
        <time>2026-08-22T22:19:43Z</time>
      </trkpt>
      <trkpt lat="23.065805" lon="113.268595">
        <time>2026-08-22T22:19:48Z</time>
      </trkpt>
      <trkpt lat="23.065734" lon="113.268744">
        <time>2026-08-22T22:19:53Z</time>
      </trkpt>
      <trkpt lat="23.065662" lon="113.268912">
        <time>2026-08-22T22:19:58Z</time>
      </trkpt>
      <trkpt lat="23.065617" lon="113.269025">
        <time>2026-08-22T22:20:03Z</time>
      </trkpt>
      <trkpt lat="23.065586" lon="113.269135">
        <time>2026-08-22T22:20:08Z</time>
      </trkpt>
      <trkpt lat="23.065556" lon="113.269303">
        <time>2026-08-22T22:20:13Z</time>
      </trkpt>
      <trkpt lat="23.065528" lon="113.269482">
        <time>2026-08-22T22:20:18Z</time>
      </trkpt>
      <trkpt lat="23.065489" lon="113.269601">
        <time>2026-08-22T22:20:23Z</time>
      </trkpt>
      <trkpt lat="23.065452" lon="113.269713">
        <time>2026-08-22T22:20:28Z</time>
      </trkpt>
      <trkpt lat="23.065401" lon="113.269874">
        <time>2026-08-22T22:20:33Z</time>
      </trkpt>
      <trkpt lat="23.065344" lon="113.270037">
        <time>2026-08-22T22:20:38Z</time>
      </trkpt>
      <trkpt lat="23.065306" lon="113.270147">
        <time>2026-08-22T22:20:43Z</time>
      </trkpt>
      <trkpt lat="23.065265" lon="113.270258">
        <time>2026-08-22T22:20:48Z</time>
      </trkpt>
      <trkpt lat="23.065196" lon="113.270418">
        <time>2026-08-22T22:20:53Z</time>
      </trkpt>
      <trkpt lat="23.065121" lon="113.270573">
        <time>2026-08-22T22:20:58Z</time>
      </trkpt>
      <trkpt lat="23.065072" lon="113.270675">
        <time>2026-08-22T22:21:03Z</time>
      </trkpt>
      <trkpt lat="23.065022" lon="113.270774">
        <time>2026-08-22T22:21:08Z</time>
      </trkpt>
      <trkpt lat="23.064953" lon="113.270928">
        <time>2026-08-22T22:21:13Z</time>
      </trkpt>
      <trkpt lat="23.064883" lon="113.271086">
        <time>2026-08-22T22:21:18Z</time>
      </trkpt>
      <trkpt lat="23.064831" lon="113.271195">
        <time>2026-08-22T22:21:23Z</time>
      </trkpt>
      <trkpt lat="23.064785" lon="113.271301">
        <time>2026-08-22T22:21:28Z</time>
      </trkpt>
      <trkpt lat="23.064718" lon="113.271456">
        <time>2026-08-22T22:21:33Z</time>
      </trkpt>
      <trkpt lat="23.064643" lon="113.271611">
        <time>2026-08-22T22:21:38Z</time>
      </trkpt>
      <trkpt lat="23.064593" lon="113.271716">
        <time>2026-08-22T22:21:43Z</time>
      </trkpt>
      <trkpt lat="23.064547" lon="113.271822">
        <time>2026-08-22T22:21:48Z</time>
      </trkpt>
      <trkpt lat="23.064478" lon="113.271975">
        <time>2026-08-22T22:21:53Z</time>
      </trkpt>
      <trkpt lat="23.064407" lon="113.27213">
        <time>2026-08-22T22:21:58Z</time>
      </trkpt>
      <trkpt lat="23.064365" lon="113.272239">
        <time>2026-08-22T22:22:03Z</time>
      </trkpt>
      <trkpt lat="23.064351" lon="113.272354">
        <time>2026-08-22T22:22:08Z</time>
      </trkpt>
      <trkpt lat="23.064343" lon="113.272522">
        <time>2026-08-22T22:22:13Z</time>
      </trkpt>
      <trkpt lat="23.064356" lon="113.272685">
        <time>2026-08-22T22:22:18Z</time>
      </trkpt>
      <trkpt lat="23.064387" lon="113.272794">
        <time>2026-08-22T22:22:23Z</time>
      </trkpt>
      <trkpt lat="23.064425" lon="113.2729">
        <time>2026-08-22T22:22:28Z</time>
      </trkpt>
      <trkpt lat="23.064475" lon="113.273055">
        <time>2026-08-22T22:22:33Z</time>
      </trkpt>
      <trkpt lat="23.064493" lon="113.273213">
        <time>2026-08-22T22:22:38Z</time>
      </trkpt>
      <trkpt lat="23.06445" lon="113.273314">
        <time>2026-08-22T22:22:43Z</time>
      </trkpt>
      <trkpt lat="23.064366" lon="113.273392">
        <time>2026-08-22T22:22:48Z</time>
      </trkpt>
      <trkpt lat="23.064217" lon="113.273482">
        <time>2026-08-22T22:22:53Z</time>
      </trkpt>
      <trkpt lat="23.06407" lon="113.273569">
        <time>2026-08-22T22:22:58Z</time>
      </trkpt>
      <trkpt lat="23.063986" lon="113.273644">
        <time>2026-08-22T22:23:03Z</time>
      </trkpt>
      <trkpt lat="23.063912" lon="113.273731">
        <time>2026-08-22T22:23:08Z</time>
      </trkpt>
      <trkpt lat="23.063823" lon="113.273875">
        <time>2026-08-22T22:23:13Z</time>
      </trkpt>
      <trkpt lat="23.063745" lon="113.274014">
        <time>2026-08-22T22:23:18Z</time>
      </trkpt>
      <trkpt lat="23.063681" lon="113.274092">
        <time>2026-08-22T22:23:23Z</time>
      </trkpt>
      <trkpt lat="23.063603" lon="113.274133">
        <time>2026-08-22T22:23:28Z</time>
      </trkpt>
      <trkpt lat="23.063475" lon="113.274098">
        <time>2026-08-22T22:23:33Z</time>
      </trkpt>
      <trkpt lat="23.063372" lon="113.274214">
        <time>2026-08-22T22:23:38Z</time>
      </trkpt>
      <trkpt lat="23.063325" lon="113.274327">
        <time>2026-08-22T22:23:43Z</time>
      </trkpt>
      <trkpt lat="23.063285" lon="113.27444">
        <time>2026-08-22T22:23:48Z</time>
      </trkpt>
      <trkpt lat="23.063227" lon="113.274604">
        <time>2026-08-22T22:23:53Z</time>
      </trkpt>
      <trkpt lat="23.063169" lon="113.274773">
        <time>2026-08-22T22:23:58Z</time>
      </trkpt>
      <trkpt lat="23.063129" lon="113.274887">
        <time>2026-08-22T22:24:03Z</time>
      </trkpt>
      <trkpt lat="23.06309" lon="113.274998">
        <time>2026-08-22T22:24:08Z</time>
      </trkpt>
      <trkpt lat="23.063015" lon="113.275155">
        <time>2026-08-22T22:24:13Z</time>
      </trkpt>
      <trkpt lat="23.062903" lon="113.275275">
        <time>2026-08-22T22:24:18Z</time>
      </trkpt>
      <trkpt lat="23.062915" lon="113.275382">
        <time>2026-08-22T22:24:23Z</time>
      </trkpt>
      <trkpt lat="23.062935" lon="113.275492">
        <time>2026-08-22T22:24:28Z</time>
      </trkpt>
      <trkpt lat="23.062846" lon="113.275634">
        <time>2026-08-22T22:24:33Z</time>
      </trkpt>
      <trkpt lat="23.062718" lon="113.275751">
        <time>2026-08-22T22:24:38Z</time>
      </trkpt>
      <trkpt lat="23.062638" lon="113.275837">
        <time>2026-08-22T22:24:43Z</time>
      </trkpt>
      <trkpt lat="23.062565" lon="113.275927">
        <time>2026-08-22T22:24:48Z</time>
      </trkpt>
      <trkpt lat="23.062477" lon="113.27608">
        <time>2026-08-22T22:24:53Z</time>
      </trkpt>
      <trkpt lat="23.062399" lon="113.276246">
        <time>2026-08-22T22:24:58Z</time>
      </trkpt>
      <trkpt lat="23.062355" lon="113.276358">
        <time>2026-08-22T22:25:03Z</time>
      </trkpt>
      <trkpt lat="23.062314" lon="113.276467">
        <time>2026-08-22T22:25:08Z</time>
      </trkpt>
      <trkpt lat="23.062256" lon="113.276631">
        <time>2026-08-22T22:25:13Z</time>
      </trkpt>
      <trkpt lat="23.062211" lon="113.276792">
        <time>2026-08-22T22:25:18Z</time>
      </trkpt>
      <trkpt lat="23.062171" lon="113.276898">
        <time>2026-08-22T22:25:23Z</time>
      </trkpt>
      <trkpt lat="23.062128" lon="113.277007">
        <time>2026-08-22T22:25:28Z</time>
      </trkpt>
      <trkpt lat="23.062064" lon="113.27717">
        <time>2026-08-22T22:25:33Z</time>
      </trkpt>
      <trkpt lat="23.062003" lon="113.277342">
        <time>2026-08-22T22:25:38Z</time>
      </trkpt>
      <trkpt lat="23.061958" lon="113.277451">
        <time>2026-08-22T22:25:43Z</time>
      </trkpt>
      <trkpt lat="23.061916" lon="113.27756">
        <time>2026-08-22T22:25:48Z</time>
      </trkpt>
      <trkpt lat="23.061866" lon="113.277722">
        <time>2026-08-22T22:25:53Z</time>
      </trkpt>
      <trkpt lat="23.061851" lon="113.277878">
        <time>2026-08-22T22:25:58Z</time>
      </trkpt>
      <trkpt lat="23.061847" lon="113.277981">
        <time>2026-08-22T22:26:03Z</time>
      </trkpt>
      <trkpt lat="23.061855" lon="113.278085">
        <time>2026-08-22T22:26:08Z</time>
      </trkpt>
      <trkpt lat="23.061862" lon="113.278236">
        <time>2026-08-22T22:26:13Z</time>
      </trkpt>
      <trkpt lat="23.061867" lon="113.27839">
        <time>2026-08-22T22:26:18Z</time>
      </trkpt>
      <trkpt lat="23.061875" lon="113.278495">
        <time>2026-08-22T22:26:23Z</time>
      </trkpt>
      <trkpt lat="23.061872" lon="113.278595">
        <time>2026-08-22T22:26:28Z</time>
      </trkpt>
      <trkpt lat="23.061844" lon="113.278734">
        <time>2026-08-22T22:26:33Z</time>
      </trkpt>
      <trkpt lat="23.061732" lon="113.278787">
        <time>2026-08-22T22:26:38Z</time>
      </trkpt>
      <trkpt lat="23.061683" lon="113.278884">
        <time>2026-08-22T22:26:43Z</time>
      </trkpt>
      <trkpt lat="23.061644" lon="113.278991">
        <time>2026-08-22T22:26:48Z</time>
      </trkpt>
      <trkpt lat="23.06159" lon="113.279134">
        <time>2026-08-22T22:26:53Z</time>
      </trkpt>
      <trkpt lat="23.061551" lon="113.279236">
        <time>2026-08-22T22:26:58Z</time>
      </trkpt>
      <trkpt lat="23.061523" lon="113.279337">
        <time>2026-08-22T22:27:03Z</time>
      </trkpt>
      <trkpt lat="23.061483" lon="113.279454">
        <time>2026-08-22T22:27:08Z</time>
      </trkpt>
      <trkpt lat="23.061422" lon="113.279617">
        <time>2026-08-22T22:27:13Z</time>
      </trkpt>
      <trkpt lat="23.061357" lon="113.279771">
        <time>2026-08-22T22:27:18Z</time>
      </trkpt>
      <trkpt lat="23.06131" lon="113.279876">
        <time>2026-08-22T22:27:23Z</time>
      </trkpt>
      <trkpt lat="23.061262" lon="113.279983">
        <time>2026-08-22T22:27:28Z</time>
      </trkpt>
      <trkpt lat="23.061195" lon="113.280146">
        <time>2026-08-22T22:27:33Z</time>
      </trkpt>
      <trkpt lat="23.061125" lon="113.280304">
        <time>2026-08-22T22:27:38Z</time>
      </trkpt>
      <trkpt lat="23.061079" lon="113.28041">
        <time>2026-08-22T22:27:43Z</time>
      </trkpt>
      <trkpt lat="23.061036" lon="113.280518">
        <time>2026-08-22T22:27:48Z</time>
      </trkpt>
      <trkpt lat="23.060966" lon="113.280678">
        <time>2026-08-22T22:27:53Z</time>
      </trkpt>
      <trkpt lat="23.060896" lon="113.280832">
        <time>2026-08-22T22:27:58Z</time>
      </trkpt>
      <trkpt lat="23.060854" lon="113.280933">
        <time>2026-08-22T22:28:03Z</time>
      </trkpt>
      <trkpt lat="23.060812" lon="113.281031">
        <time>2026-08-22T22:28:08Z</time>
      </trkpt>
      <trkpt lat="23.060754" lon="113.28118">
        <time>2026-08-22T22:28:13Z</time>
      </trkpt>
      <trkpt lat="23.060694" lon="113.281331">
        <time>2026-08-22T22:28:18Z</time>
      </trkpt>
      <trkpt lat="23.06065" lon="113.28143">
        <time>2026-08-22T22:28:23Z</time>
      </trkpt>
      <trkpt lat="23.060608" lon="113.281532">
        <time>2026-08-22T22:28:28Z</time>
      </trkpt>
      <trkpt lat="23.060547" lon="113.281684">
        <time>2026-08-22T22:28:33Z</time>
      </trkpt>
      <trkpt lat="23.060479" lon="113.281833">
        <time>2026-08-22T22:28:38Z</time>
      </trkpt>
      <trkpt lat="23.060434" lon="113.281933">
        <time>2026-08-22T22:28:43Z</time>
      </trkpt>
      <trkpt lat="23.060385" lon="113.282032">
        <time>2026-08-22T22:28:48Z</time>
      </trkpt>
      <trkpt lat="23.060316" lon="113.282178">
        <time>2026-08-22T22:28:53Z</time>
      </trkpt>
      <trkpt lat="23.060256" lon="113.282329">
        <time>2026-08-22T22:28:58Z</time>
      </trkpt>
      <trkpt lat="23.060219" lon="113.28243">
        <time>2026-08-22T22:29:03Z</time>
      </trkpt>
      <trkpt lat="23.060179" lon="113.282533">
        <time>2026-08-22T22:29:08Z</time>
      </trkpt>
      <trkpt lat="23.060102" lon="113.282695">
        <time>2026-08-22T22:29:13Z</time>
      </trkpt>
      <trkpt lat="23.060029" lon="113.282866">
        <time>2026-08-22T22:29:18Z</time>
      </trkpt>
      <trkpt lat="23.059984" lon="113.282974">
        <time>2026-08-22T22:29:23Z</time>
      </trkpt>
      <trkpt lat="23.059937" lon="113.283084">
        <time>2026-08-22T22:29:28Z</time>
      </trkpt>
      <trkpt lat="23.059858" lon="113.283248">
        <time>2026-08-22T22:29:33Z</time>
      </trkpt>
      <trkpt lat="23.059777" lon="113.28341">
        <time>2026-08-22T22:29:38Z</time>
      </trkpt>
      <trkpt lat="23.059729" lon="113.283518">
        <time>2026-08-22T22:29:43Z</time>
      </trkpt>
      <trkpt lat="23.059678" lon="113.283625">
        <time>2026-08-22T22:29:48Z</time>
      </trkpt>
      <trkpt lat="23.059606" lon="113.283784">
        <time>2026-08-22T22:29:53Z</time>
      </trkpt>
      <trkpt lat="23.05954" lon="113.283939">
        <time>2026-08-22T22:29:58Z</time>
      </trkpt>
      <trkpt lat="23.05949" lon="113.284042">
        <time>2026-08-22T22:30:03Z</time>
      </trkpt>
      <trkpt lat="23.059433" lon="113.284141">
        <time>2026-08-22T22:30:08Z</time>
      </trkpt>
      <trkpt lat="23.05936" lon="113.284296">
        <time>2026-08-22T22:30:13Z</time>
      </trkpt>
      <trkpt lat="23.059314" lon="113.284463">
        <time>2026-08-22T22:30:18Z</time>
      </trkpt>
      <trkpt lat="23.059292" lon="113.284579">
        <time>2026-08-22T22:30:23Z</time>
      </trkpt>
      <trkpt lat="23.059266" lon="113.284692">
        <time>2026-08-22T22:30:28Z</time>
      </trkpt>
      <trkpt lat="23.059208" lon="113.284854">
        <time>2026-08-22T22:30:33Z</time>
      </trkpt>
      <trkpt lat="23.059141" lon="113.285008">
        <time>2026-08-22T22:30:38Z</time>
      </trkpt>
      <trkpt lat="23.059091" lon="113.285114">
        <time>2026-08-22T22:30:43Z</time>
      </trkpt>
      <trkpt lat="23.059041" lon="113.285219">
        <time>2026-08-22T22:30:48Z</time>
      </trkpt>
      <trkpt lat="23.05898" lon="113.285385">
        <time>2026-08-22T22:30:53Z</time>
      </trkpt>
      <trkpt lat="23.058919" lon="113.285542">
        <time>2026-08-22T22:30:58Z</time>
      </trkpt>
      <trkpt lat="23.05887" lon="113.285645">
        <time>2026-08-22T22:31:03Z</time>
      </trkpt>
      <trkpt lat="23.058823" lon="113.285752">
        <time>2026-08-22T22:31:08Z</time>
      </trkpt>
      <trkpt lat="23.058755" lon="113.285915">
        <time>2026-08-22T22:31:13Z</time>
      </trkpt>
      <trkpt lat="23.058695" lon="113.286076">
        <time>2026-08-22T22:31:18Z</time>
      </trkpt>
      <trkpt lat="23.058674" lon="113.286187">
        <time>2026-08-22T22:31:23Z</time>
      </trkpt>
      <trkpt lat="23.058705" lon="113.286291">
        <time>2026-08-22T22:31:28Z</time>
      </trkpt>
      <trkpt lat="23.058846" lon="113.286377">
        <time>2026-08-22T22:31:33Z</time>
      </trkpt>
      <trkpt lat="23.058993" lon="113.286419">
        <time>2026-08-22T22:31:38Z</time>
      </trkpt>
      <trkpt lat="23.059089" lon="113.286432">
        <time>2026-08-22T22:31:43Z</time>
      </trkpt>
      <trkpt lat="23.059187" lon="113.286441">
        <time>2026-08-22T22:31:48Z</time>
      </trkpt>
      <trkpt lat="23.059338" lon="113.286456">
        <time>2026-08-22T22:31:53Z</time>
      </trkpt>
      <trkpt lat="23.059495" lon="113.286461">
        <time>2026-08-22T22:31:58Z</time>
      </trkpt>
      <trkpt lat="23.059601" lon="113.286462">
        <time>2026-08-22T22:32:03Z</time>
      </trkpt>
      <trkpt lat="23.059702" lon="113.286464">
        <time>2026-08-22T22:32:08Z</time>
      </trkpt>
      <trkpt lat="23.059842" lon="113.286455">
        <time>2026-08-22T22:32:13Z</time>
      </trkpt>
      <trkpt lat="23.06" lon="113.286461">
        <time>2026-08-22T22:32:18Z</time>
      </trkpt>
      <trkpt lat="23.060086" lon="113.286514">
        <time>2026-08-22T22:32:23Z</time>
      </trkpt>
      <trkpt lat="23.060123" lon="113.286628">
        <time>2026-08-22T22:32:28Z</time>
      </trkpt>
      <trkpt lat="23.060158" lon="113.286806">
        <time>2026-08-22T22:32:33Z</time>
      </trkpt>
      <trkpt lat="23.060182" lon="113.286981">
        <time>2026-08-22T22:32:38Z</time>
      </trkpt>
      <trkpt lat="23.060184" lon="113.287117">
        <time>2026-08-22T22:32:43Z</time>
      </trkpt>
      <trkpt lat="23.060214" lon="113.287228">
        <time>2026-08-22T22:32:48Z</time>
      </trkpt>
      <trkpt lat="23.060302" lon="113.287382">
        <time>2026-08-22T22:32:53Z</time>
      </trkpt>
      <trkpt lat="23.06034" lon="113.287546">
        <time>2026-08-22T22:32:58Z</time>
      </trkpt>
      <trkpt lat="23.060353" lon="113.287663">
        <time>2026-08-22T22:33:03Z</time>
      </trkpt>
      <trkpt lat="23.060259" lon="113.287796">
        <time>2026-08-22T22:33:08Z</time>
      </trkpt>
      <trkpt lat="23.060298" lon="113.287875">
        <time>2026-08-22T22:33:13Z</time>
      </trkpt>
      <trkpt lat="23.060302" lon="113.287752">
        <time>2026-08-22T22:33:18Z</time>
      </trkpt>
      <trkpt lat="23.060294" lon="113.287642">
        <time>2026-08-22T22:33:23Z</time>
      </trkpt>
      <trkpt lat="23.060284" lon="113.287535">
        <time>2026-08-22T22:33:28Z</time>
      </trkpt>
      <trkpt lat="23.060252" lon="113.287355">
        <time>2026-08-22T22:33:33Z</time>
      </trkpt>
      <trkpt lat="23.06023" lon="113.287154">
        <time>2026-08-22T22:33:38Z</time>
      </trkpt>
      <trkpt lat="23.060225" lon="113.287023">
        <time>2026-08-22T22:33:43Z</time>
      </trkpt>
      <trkpt lat="23.060222" lon="113.286901">
        <time>2026-08-22T22:33:48Z</time>
      </trkpt>
      <trkpt lat="23.06022" lon="113.286729">
        <time>2026-08-22T22:33:53Z</time>
      </trkpt>
      <trkpt lat="23.060213" lon="113.286574">
        <time>2026-08-22T22:33:58Z</time>
      </trkpt>
      <trkpt lat="23.060281" lon="113.286496">
        <time>2026-08-22T22:34:03Z</time>
      </trkpt>
      <trkpt lat="23.06036" lon="113.286457">
        <time>2026-08-22T22:34:08Z</time>
      </trkpt>
      <trkpt lat="23.060477" lon="113.28639">
        <time>2026-08-22T22:34:13Z</time>
      </trkpt>
      <trkpt lat="23.060514" lon="113.28622">
        <time>2026-08-22T22:34:18Z</time>
      </trkpt>
      <trkpt lat="23.060507" lon="113.286103">
        <time>2026-08-22T22:34:23Z</time>
      </trkpt>
      <trkpt lat="23.060508" lon="113.28599">
        <time>2026-08-22T22:34:28Z</time>
      </trkpt>
      <trkpt lat="23.060502" lon="113.285817">
        <time>2026-08-22T22:34:33Z</time>
      </trkpt>
      <trkpt lat="23.060537" lon="113.285656">
        <time>2026-08-22T22:34:38Z</time>
      </trkpt>
      <trkpt lat="23.060588" lon="113.285541">
        <time>2026-08-22T22:34:43Z</time>
      </trkpt>
      <trkpt lat="23.06058" lon="113.285425">
        <time>2026-08-22T22:34:48Z</time>
      </trkpt>
      <trkpt lat="23.060587" lon="113.285262">
        <time>2026-08-22T22:34:53Z</time>
      </trkpt>
      <trkpt lat="23.060629" lon="113.28511">
        <time>2026-08-22T22:34:58Z</time>
      </trkpt>
      <trkpt lat="23.060658" lon="113.284997">
        <time>2026-08-22T22:35:03Z</time>
      </trkpt>
      <trkpt lat="23.060693" lon="113.284883">
        <time>2026-08-22T22:35:08Z</time>
      </trkpt>
      <trkpt lat="23.060713" lon="113.284717">
        <time>2026-08-22T22:35:13Z</time>
      </trkpt>
      <trkpt lat="23.060707" lon="113.284553">
        <time>2026-08-22T22:35:18Z</time>
      </trkpt>
      <trkpt lat="23.060715" lon="113.284445">
        <time>2026-08-22T22:35:23Z</time>
      </trkpt>
      <trkpt lat="23.060715" lon="113.284332">
        <time>2026-08-22T22:35:28Z</time>
      </trkpt>
      <trkpt lat="23.060702" lon="113.284166">
        <time>2026-08-22T22:35:33Z</time>
      </trkpt>
      <trkpt lat="23.060719" lon="113.284014">
        <time>2026-08-22T22:35:38Z</time>
      </trkpt>
      <trkpt lat="23.060738" lon="113.283901">
        <time>2026-08-22T22:35:43Z</time>
      </trkpt>
      <trkpt lat="23.060731" lon="113.283788">
        <time>2026-08-22T22:35:48Z</time>
      </trkpt>
      <trkpt lat="23.060596" lon="113.283635">
        <time>2026-08-22T22:35:53Z</time>
      </trkpt>
      <trkpt lat="23.060442" lon="113.283611">
        <time>2026-08-22T22:35:58Z</time>
      </trkpt>
      <trkpt lat="23.060351" lon="113.283638">
        <time>2026-08-22T22:36:03Z</time>
      </trkpt>
      <trkpt lat="23.060247" lon="113.283668">
        <time>2026-08-22T22:36:08Z</time>
      </trkpt>
      <trkpt lat="23.060038" lon="113.283622">
        <time>2026-08-22T22:36:13Z</time>
      </trkpt>
      <trkpt lat="23.059915" lon="113.28355">
        <time>2026-08-22T22:36:18Z</time>
      </trkpt>
      <trkpt lat="23.059905" lon="113.283455">
        <time>2026-08-22T22:36:23Z</time>
      </trkpt>
      <trkpt lat="23.059952" lon="113.283352">
        <time>2026-08-22T22:36:28Z</time>
      </trkpt>
      <trkpt lat="23.060042" lon="113.283204">
        <time>2026-08-22T22:36:33Z</time>
      </trkpt>
      <trkpt lat="23.060122" lon="113.283052">
        <time>2026-08-22T22:36:38Z</time>
      </trkpt>
      <trkpt lat="23.060165" lon="113.282957">
        <time>2026-08-22T22:36:43Z</time>
      </trkpt>
      <trkpt lat="23.060201" lon="113.282857">
        <time>2026-08-22T22:36:48Z</time>
      </trkpt>
      <trkpt lat="23.060262" lon="113.28271">
        <time>2026-08-22T22:36:53Z</time>
      </trkpt>
      <trkpt lat="23.060313" lon="113.282555">
        <time>2026-08-22T22:36:58Z</time>
      </trkpt>
      <trkpt lat="23.060343" lon="113.282451">
        <time>2026-08-22T22:37:03Z</time>
      </trkpt>
      <trkpt lat="23.06038" lon="113.282352">
        <time>2026-08-22T22:37:08Z</time>
      </trkpt>
      <trkpt lat="23.060442" lon="113.282203">
        <time>2026-08-22T22:37:13Z</time>
      </trkpt>
      <trkpt lat="23.060512" lon="113.28205">
        <time>2026-08-22T22:37:18Z</time>
      </trkpt>
      <trkpt lat="23.060561" lon="113.281954">
        <time>2026-08-22T22:37:23Z</time>
      </trkpt>
      <trkpt lat="23.060604" lon="113.281862">
        <time>2026-08-22T22:37:28Z</time>
      </trkpt>
      <trkpt lat="23.060664" lon="113.281719">
        <time>2026-08-22T22:37:33Z</time>
      </trkpt>
      <trkpt lat="23.060737" lon="113.281579">
        <time>2026-08-22T22:37:38Z</time>
      </trkpt>
      <trkpt lat="23.060787" lon="113.281486">
        <time>2026-08-22T22:37:43Z</time>
      </trkpt>
      <trkpt lat="23.06083" lon="113.281384">
        <time>2026-08-22T22:37:48Z</time>
      </trkpt>
      <trkpt lat="23.060896" lon="113.281233">
        <time>2026-08-22T22:37:53Z</time>
      </trkpt>
      <trkpt lat="23.06096" lon="113.281082">
        <time>2026-08-22T22:37:58Z</time>
      </trkpt>
      <trkpt lat="23.061001" lon="113.280981">
        <time>2026-08-22T22:38:03Z</time>
      </trkpt>
      <trkpt lat="23.061045" lon="113.28088">
        <time>2026-08-22T22:38:08Z</time>
      </trkpt>
      <trkpt lat="23.061109" lon="113.280723">
        <time>2026-08-22T22:38:13Z</time>
      </trkpt>
      <trkpt lat="23.061174" lon="113.280562">
        <time>2026-08-22T22:38:18Z</time>
      </trkpt>
      <trkpt lat="23.061228" lon="113.280461">
        <time>2026-08-22T22:38:23Z</time>
      </trkpt>
      <trkpt lat="23.061277" lon="113.280356">
        <time>2026-08-22T22:38:28Z</time>
      </trkpt>
      <trkpt lat="23.061351" lon="113.280195">
        <time>2026-08-22T22:38:33Z</time>
      </trkpt>
      <trkpt lat="23.061421" lon="113.280047">
        <time>2026-08-22T22:38:38Z</time>
      </trkpt>
      <trkpt lat="23.061459" lon="113.279947">
        <time>2026-08-22T22:38:43Z</time>
      </trkpt>
      <trkpt lat="23.061493" lon="113.279844">
        <time>2026-08-22T22:38:48Z</time>
      </trkpt>
      <trkpt lat="23.061542" lon="113.279685">
        <time>2026-08-22T22:38:53Z</time>
      </trkpt>
      <trkpt lat="23.061596" lon="113.279521">
        <time>2026-08-22T22:38:58Z</time>
      </trkpt>
      <trkpt lat="23.061637" lon="113.279417">
        <time>2026-08-22T22:39:03Z</time>
      </trkpt>
      <trkpt lat="23.061676" lon="113.27931">
        <time>2026-08-22T22:39:08Z</time>
      </trkpt>
      <trkpt lat="23.061749" lon="113.27915">
        <time>2026-08-22T22:39:13Z</time>
      </trkpt>
      <trkpt lat="23.061837" lon="113.278989">
        <time>2026-08-22T22:39:18Z</time>
      </trkpt>
      <trkpt lat="23.061905" lon="113.278885">
        <time>2026-08-22T22:39:23Z</time>
      </trkpt>
      <trkpt lat="23.06196" lon="113.27877">
        <time>2026-08-22T22:39:28Z</time>
      </trkpt>
      <trkpt lat="23.061997" lon="113.278585">
        <time>2026-08-22T22:39:33Z</time>
      </trkpt>
      <trkpt lat="23.06199" lon="113.278393">
        <time>2026-08-22T22:39:38Z</time>
      </trkpt>
      <trkpt lat="23.061984" lon="113.278266">
        <time>2026-08-22T22:39:43Z</time>
      </trkpt>
      <trkpt lat="23.061977" lon="113.278143">
        <time>2026-08-22T22:39:48Z</time>
      </trkpt>
      <trkpt lat="23.061965" lon="113.277956">
        <time>2026-08-22T22:39:53Z</time>
      </trkpt>
      <trkpt lat="23.061963" lon="113.277769">
        <time>2026-08-22T22:39:58Z</time>
      </trkpt>
      <trkpt lat="23.06199" lon="113.277647">
        <time>2026-08-22T22:40:03Z</time>
      </trkpt>
      <trkpt lat="23.062033" lon="113.277531">
        <time>2026-08-22T22:40:08Z</time>
      </trkpt>
      <trkpt lat="23.062097" lon="113.277362">
        <time>2026-08-22T22:40:13Z</time>
      </trkpt>
      <trkpt lat="23.062154" lon="113.277194">
        <time>2026-08-22T22:40:18Z</time>
      </trkpt>
      <trkpt lat="23.062186" lon="113.277084">
        <time>2026-08-22T22:40:23Z</time>
      </trkpt>
      <trkpt lat="23.06223" lon="113.276986">
        <time>2026-08-22T22:40:28Z</time>
      </trkpt>
      <trkpt lat="23.062293" lon="113.276833">
        <time>2026-08-22T22:40:33Z</time>
      </trkpt>
      <trkpt lat="23.06235" lon="113.276681">
        <time>2026-08-22T22:40:38Z</time>
      </trkpt>
      <trkpt lat="23.06239" lon="113.276578">
        <time>2026-08-22T22:40:43Z</time>
      </trkpt>
      <trkpt lat="23.062433" lon="113.276474">
        <time>2026-08-22T22:40:48Z</time>
      </trkpt>
      <trkpt lat="23.062493" lon="113.27632">
        <time>2026-08-22T22:40:53Z</time>
      </trkpt>
      <trkpt lat="23.062556" lon="113.276174">
        <time>2026-08-22T22:40:58Z</time>
      </trkpt>
      <trkpt lat="23.062604" lon="113.27608">
        <time>2026-08-22T22:41:03Z</time>
      </trkpt>
      <trkpt lat="23.062659" lon="113.27599">
        <time>2026-08-22T22:41:08Z</time>
      </trkpt>
      <trkpt lat="23.062759" lon="113.275865">
        <time>2026-08-22T22:41:13Z</time>
      </trkpt>
      <trkpt lat="23.062871" lon="113.275749">
        <time>2026-08-22T22:41:18Z</time>
      </trkpt>
      <trkpt lat="23.062952" lon="113.275671">
        <time>2026-08-22T22:41:23Z</time>
      </trkpt>
      <trkpt lat="23.063031" lon="113.275589">
        <time>2026-08-22T22:41:28Z</time>
      </trkpt>
      <trkpt lat="23.063119" lon="113.275458">
        <time>2026-08-22T22:41:33Z</time>
      </trkpt>
      <trkpt lat="23.063202" lon="113.275315">
        <time>2026-08-22T22:41:38Z</time>
      </trkpt>
      <trkpt lat="23.06326" lon="113.275216">
        <time>2026-08-22T22:41:43Z</time>
      </trkpt>
      <trkpt lat="23.063308" lon="113.275107">
        <time>2026-08-22T22:41:48Z</time>
      </trkpt>
      <trkpt lat="23.063373" lon="113.274944">
        <time>2026-08-22T22:41:53Z</time>
      </trkpt>
      <trkpt lat="23.063428" lon="113.274792">
        <time>2026-08-22T22:41:58Z</time>
      </trkpt>
      <trkpt lat="23.063464" lon="113.274694">
        <time>2026-08-22T22:42:03Z</time>
      </trkpt>
      <trkpt lat="23.063495" lon="113.274597">
        <time>2026-08-22T22:42:08Z</time>
      </trkpt>
      <trkpt lat="23.063549" lon="113.274451">
        <time>2026-08-22T22:42:13Z</time>
      </trkpt>
      <trkpt lat="23.06362" lon="113.274312">
        <time>2026-08-22T22:42:18Z</time>
      </trkpt>
      <trkpt lat="23.06368" lon="113.274236">
        <time>2026-08-22T22:42:23Z</time>
      </trkpt>
      <trkpt lat="23.063767" lon="113.27418">
        <time>2026-08-22T22:42:28Z</time>
      </trkpt>
      <trkpt lat="23.063881" lon="113.27405">
        <time>2026-08-22T22:42:33Z</time>
      </trkpt>
      <trkpt lat="23.06396" lon="113.27389">
        <time>2026-08-22T22:42:38Z</time>
      </trkpt>
      <trkpt lat="23.064019" lon="113.273792">
        <time>2026-08-22T22:42:43Z</time>
      </trkpt>
      <trkpt lat="23.064089" lon="113.273711">
        <time>2026-08-22T22:42:48Z</time>
      </trkpt>
      <trkpt lat="23.064207" lon="113.273617">
        <time>2026-08-22T22:42:53Z</time>
      </trkpt>
      <trkpt lat="23.064322" lon="113.273525">
        <time>2026-08-22T22:42:58Z</time>
      </trkpt>
      <trkpt lat="23.064402" lon="113.273465">
        <time>2026-08-22T22:43:03Z</time>
      </trkpt>
      <trkpt lat="23.064479" lon="113.273401">
        <time>2026-08-22T22:43:08Z</time>
      </trkpt>
      <trkpt lat="23.064571" lon="113.273269">
        <time>2026-08-22T22:43:13Z</time>
      </trkpt>
      <trkpt lat="23.064587" lon="113.27311">
        <time>2026-08-22T22:43:18Z</time>
      </trkpt>
      <trkpt lat="23.064558" lon="113.273001">
        <time>2026-08-22T22:43:23Z</time>
      </trkpt>
      <trkpt lat="23.064519" lon="113.272894">
        <time>2026-08-22T22:43:28Z</time>
      </trkpt>
      <trkpt lat="23.064469" lon="113.27273">
        <time>2026-08-22T22:43:33Z</time>
      </trkpt>
      <trkpt lat="23.064453" lon="113.27257">
        <time>2026-08-22T22:43:38Z</time>
      </trkpt>
      <trkpt lat="23.064486" lon="113.272465">
        <time>2026-08-22T22:43:43Z</time>
      </trkpt>
      <trkpt lat="23.064539" lon="113.272365">
        <time>2026-08-22T22:43:48Z</time>
      </trkpt>
      <trkpt lat="23.064583" lon="113.272205">
        <time>2026-08-22T22:43:53Z</time>
      </trkpt>
      <trkpt lat="23.064641" lon="113.272061">
        <time>2026-08-22T22:43:58Z</time>
      </trkpt>
      <trkpt lat="23.064687" lon="113.271968">
        <time>2026-08-22T22:44:03Z</time>
      </trkpt>
      <trkpt lat="23.06473" lon="113.271866">
        <time>2026-08-22T22:44:08Z</time>
      </trkpt>
      <trkpt lat="23.0648" lon="113.27171">
        <time>2026-08-22T22:44:13Z</time>
      </trkpt>
      <trkpt lat="23.064877" lon="113.271541">
        <time>2026-08-22T22:44:18Z</time>
      </trkpt>
      <trkpt lat="23.064924" lon="113.271438">
        <time>2026-08-22T22:44:23Z</time>
      </trkpt>
      <trkpt lat="23.064973" lon="113.271346">
        <time>2026-08-22T22:44:28Z</time>
      </trkpt>
      <trkpt lat="23.065045" lon="113.271197">
        <time>2026-08-22T22:44:33Z</time>
      </trkpt>
      <trkpt lat="23.065117" lon="113.271049">
        <time>2026-08-22T22:44:38Z</time>
      </trkpt>
      <trkpt lat="23.065161" lon="113.270944">
        <time>2026-08-22T22:44:43Z</time>
      </trkpt>
      <trkpt lat="23.065206" lon="113.270837">
        <time>2026-08-22T22:44:48Z</time>
      </trkpt>
      <trkpt lat="23.06528" lon="113.270686">
        <time>2026-08-22T22:44:53Z</time>
      </trkpt>
      <trkpt lat="23.065348" lon="113.270545">
        <time>2026-08-22T22:44:58Z</time>
      </trkpt>
      <trkpt lat="23.065393" lon="113.270448">
        <time>2026-08-22T22:45:03Z</time>
      </trkpt>
      <trkpt lat="23.065438" lon="113.270351">
        <time>2026-08-22T22:45:08Z</time>
      </trkpt>
      <trkpt lat="23.065504" lon="113.270206">
        <time>2026-08-22T22:45:13Z</time>
      </trkpt>
      <trkpt lat="23.065561" lon="113.270056">
        <time>2026-08-22T22:45:18Z</time>
      </trkpt>
      <trkpt lat="23.065599" lon="113.269957">
        <time>2026-08-22T22:45:23Z</time>
      </trkpt>
      <trkpt lat="23.065631" lon="113.269859">
        <time>2026-08-22T22:45:28Z</time>
      </trkpt>
      <trkpt lat="23.065668" lon="113.269705">
        <time>2026-08-22T22:45:33Z</time>
      </trkpt>
      <trkpt lat="23.065716" lon="113.269554">
        <time>2026-08-22T22:45:38Z</time>
      </trkpt>
      <trkpt lat="23.065747" lon="113.26945">
        <time>2026-08-22T22:45:43Z</time>
      </trkpt>
      <trkpt lat="23.06577" lon="113.269342">
        <time>2026-08-22T22:45:48Z</time>
      </trkpt>
      <trkpt lat="23.065806" lon="113.26918">
        <time>2026-08-22T22:45:53Z</time>
      </trkpt>
      <trkpt lat="23.06585" lon="113.269032">
        <time>2026-08-22T22:45:58Z</time>
      </trkpt>
      <trkpt lat="23.065893" lon="113.268938">
        <time>2026-08-22T22:46:03Z</time>
      </trkpt>
      <trkpt lat="23.065937" lon="113.268841">
        <time>2026-08-22T22:46:08Z</time>
      </trkpt>
      <trkpt lat="23.066005" lon="113.268692">
        <time>2026-08-22T22:46:13Z</time>
      </trkpt>
      <trkpt lat="23.066085" lon="113.26855">
        <time>2026-08-22T22:46:18Z</time>
      </trkpt>
      <trkpt lat="23.066141" lon="113.268464">
        <time>2026-08-22T22:46:23Z</time>
      </trkpt>
      <trkpt lat="23.066197" lon="113.268381">
        <time>2026-08-22T22:46:28Z</time>
      </trkpt>
      <trkpt lat="23.066291" lon="113.26826">
        <time>2026-08-22T22:46:33Z</time>
      </trkpt>
      <trkpt lat="23.06641" lon="113.268162">
        <time>2026-08-22T22:46:38Z</time>
      </trkpt>
      <trkpt lat="23.066499" lon="113.268128">
        <time>2026-08-22T22:46:43Z</time>
      </trkpt>
      <trkpt lat="23.066591" lon="113.268128">
        <time>2026-08-22T22:46:48Z</time>
      </trkpt>
      <trkpt lat="23.066731" lon="113.268153">
        <time>2026-08-22T22:46:53Z</time>
      </trkpt>
      <trkpt lat="23.066781" lon="113.268079">
        <time>2026-08-22T22:46:58Z</time>
      </trkpt>
      <trkpt lat="23.066682" lon="113.268034">
        <time>2026-08-22T22:47:03Z</time>
      </trkpt>
      <trkpt lat="23.066571" lon="113.267997">
        <time>2026-08-22T22:47:08Z</time>
      </trkpt>
      <trkpt lat="23.066406" lon="113.267961">
        <time>2026-08-22T22:47:13Z</time>
      </trkpt>
      <trkpt lat="23.066254" lon="113.267999">
        <time>2026-08-22T22:47:18Z</time>
      </trkpt>
      <trkpt lat="23.066173" lon="113.268073">
        <time>2026-08-22T22:47:23Z</time>
      </trkpt>
      <trkpt lat="23.066095" lon="113.268151">
        <time>2026-08-22T22:47:28Z</time>
      </trkpt>
      <trkpt lat="23.065992" lon="113.26827">
        <time>2026-08-22T22:47:33Z</time>
      </trkpt>
      <trkpt lat="23.065898" lon="113.268394">
        <time>2026-08-22T22:47:38Z</time>
      </trkpt>
      <trkpt lat="23.065844" lon="113.268482">
        <time>2026-08-22T22:47:43Z</time>
      </trkpt>
      <trkpt lat="23.065801" lon="113.268578">
        <time>2026-08-22T22:47:48Z</time>
      </trkpt>
      <trkpt lat="23.065728" lon="113.26873">
        <time>2026-08-22T22:47:53Z</time>
      </trkpt>
      <trkpt lat="23.065665" lon="113.268884">
        <time>2026-08-22T22:47:58Z</time>
      </trkpt>
      <trkpt lat="23.065626" lon="113.268981">
        <time>2026-08-22T22:48:03Z</time>
      </trkpt>
      <trkpt lat="23.065593" lon="113.269083">
        <time>2026-08-22T22:48:08Z</time>
      </trkpt>
      <trkpt lat="23.065557" lon="113.269229">
        <time>2026-08-22T22:48:13Z</time>
      </trkpt>
      <trkpt lat="23.065525" lon="113.269384">
        <time>2026-08-22T22:48:18Z</time>
      </trkpt>
      <trkpt lat="23.065502" lon="113.269491">
        <time>2026-08-22T22:48:23Z</time>
      </trkpt>
      <trkpt lat="23.065476" lon="113.269596">
        <time>2026-08-22T22:48:28Z</time>
      </trkpt>
      <trkpt lat="23.06544" lon="113.269757">
        <time>2026-08-22T22:48:33Z</time>
      </trkpt>
      <trkpt lat="23.065391" lon="113.269916">
        <time>2026-08-22T22:48:38Z</time>
      </trkpt>
      <trkpt lat="23.065347" lon="113.270018">
        <time>2026-08-22T22:48:43Z</time>
      </trkpt>
      <trkpt lat="23.065297" lon="113.27012">
        <time>2026-08-22T22:48:48Z</time>
      </trkpt>
      <trkpt lat="23.065227" lon="113.270272">
        <time>2026-08-22T22:48:53Z</time>
      </trkpt>
      <trkpt lat="23.065157" lon="113.270421">
        <time>2026-08-22T22:48:58Z</time>
      </trkpt>
      <trkpt lat="23.065115" lon="113.270518">
        <time>2026-08-22T22:49:03Z</time>
      </trkpt>
      <trkpt lat="23.065075" lon="113.270615">
        <time>2026-08-22T22:49:08Z</time>
      </trkpt>
      <trkpt lat="23.065011" lon="113.270758">
        <time>2026-08-22T22:49:13Z</time>
      </trkpt>
      <trkpt lat="23.064935" lon="113.270893">
        <time>2026-08-22T22:49:18Z</time>
      </trkpt>
      <trkpt lat="23.064892" lon="113.270984">
        <time>2026-08-22T22:49:23Z</time>
      </trkpt>
      <trkpt lat="23.064851" lon="113.271079">
        <time>2026-08-22T22:49:28Z</time>
      </trkpt>
      <trkpt lat="23.06479" lon="113.271225">
        <time>2026-08-22T22:49:33Z</time>
      </trkpt>
      <trkpt lat="23.064733" lon="113.271371">
        <time>2026-08-22T22:49:38Z</time>
      </trkpt>
      <trkpt lat="23.064686" lon="113.271465">
        <time>2026-08-22T22:49:43Z</time>
      </trkpt>
      <trkpt lat="23.06464" lon="113.271559">
        <time>2026-08-22T22:49:48Z</time>
      </trkpt>
      <trkpt lat="23.064574" lon="113.271696">
        <time>2026-08-22T22:49:53Z</time>
      </trkpt>
      <trkpt lat="23.064512" lon="113.271831">
        <time>2026-08-22T22:49:58Z</time>
      </trkpt>
      <trkpt lat="23.06447" lon="113.271919">
        <time>2026-08-22T22:50:03Z</time>
      </trkpt>
      <trkpt lat="23.064431" lon="113.272011">
        <time>2026-08-22T22:50:08Z</time>
      </trkpt>
      <trkpt lat="23.064374" lon="113.272161">
        <time>2026-08-22T22:50:13Z</time>
      </trkpt>
      <trkpt lat="23.064343" lon="113.27232">
        <time>2026-08-22T22:50:18Z</time>
      </trkpt>
      <trkpt lat="23.064332" lon="113.272426">
        <time>2026-08-22T22:50:23Z</time>
      </trkpt>
      <trkpt lat="23.064326" lon="113.272529">
        <time>2026-08-22T22:50:28Z</time>
      </trkpt>
      <trkpt lat="23.064352" lon="113.272693">
        <time>2026-08-22T22:50:33Z</time>
      </trkpt>
      <trkpt lat="23.064406" lon="113.272839">
        <time>2026-08-22T22:50:38Z</time>
      </trkpt>
      <trkpt lat="23.064436" lon="113.272932">
        <time>2026-08-22T22:50:43Z</time>
      </trkpt>
      <trkpt lat="23.064465" lon="113.273027">
        <time>2026-08-22T22:50:48Z</time>
      </trkpt>
      <trkpt lat="23.064497" lon="113.273163">
        <time>2026-08-22T22:50:53Z</time>
      </trkpt>
      <trkpt lat="23.064449" lon="113.273293">
        <time>2026-08-22T22:50:58Z</time>
      </trkpt>
      <trkpt lat="23.064381" lon="113.273364">
        <time>2026-08-22T22:51:03Z</time>
      </trkpt>
      <trkpt lat="23.064301" lon="113.273421">
        <time>2026-08-22T22:51:08Z</time>
      </trkpt>
      <trkpt lat="23.064178" lon="113.273503">
        <time>2026-08-22T22:51:13Z</time>
      </trkpt>
      <trkpt lat="23.064057" lon="113.273596">
        <time>2026-08-22T22:51:18Z</time>
      </trkpt>
      <trkpt lat="23.063988" lon="113.273665">
        <time>2026-08-22T22:51:23Z</time>
      </trkpt>
      <trkpt lat="23.063929" lon="113.273738">
        <time>2026-08-22T22:51:28Z</time>
      </trkpt>
      <trkpt lat="23.063842" lon="113.27386">
        <time>2026-08-22T22:51:33Z</time>
      </trkpt>
      <trkpt lat="23.063776" lon="113.273994">
        <time>2026-08-22T22:51:38Z</time>
      </trkpt>
      <trkpt lat="23.063726" lon="113.274078">
        <time>2026-08-22T22:51:43Z</time>
      </trkpt>
      <trkpt lat="23.063655" lon="113.274142">
        <time>2026-08-22T22:51:48Z</time>
      </trkpt>
      <trkpt lat="23.06354" lon="113.274251">
        <time>2026-08-22T22:51:53Z</time>
      </trkpt>
      <trkpt lat="23.063474" lon="113.274396">
        <time>2026-08-22T22:51:58Z</time>
      </trkpt>
      <trkpt lat="23.063437" lon="113.274494">
        <time>2026-08-22T22:52:03Z</time>
      </trkpt>
      <trkpt lat="23.063402" lon="113.274596">
        <time>2026-08-22T22:52:08Z</time>
      </trkpt>
      <trkpt lat="23.063343" lon="113.274751">
        <time>2026-08-22T22:52:13Z</time>
      </trkpt>
      <trkpt lat="23.063291" lon="113.274899">
        <time>2026-08-22T22:52:18Z</time>
      </trkpt>
      <trkpt lat="23.063253" lon="113.275003">
        <time>2026-08-22T22:52:23Z</time>
      </trkpt>
      <trkpt lat="23.063203" lon="113.275104">
        <time>2026-08-22T22:52:28Z</time>
      </trkpt>
      <trkpt lat="23.063126" lon="113.275243">
        <time>2026-08-22T22:52:33Z</time>
      </trkpt>
      <trkpt lat="23.063053" lon="113.27537">
        <time>2026-08-22T22:52:38Z</time>
      </trkpt>
      <trkpt lat="23.063003" lon="113.275453">
        <time>2026-08-22T22:52:43Z</time>
      </trkpt>
      <trkpt lat="23.062942" lon="113.275531">
        <time>2026-08-22T22:52:48Z</time>
      </trkpt>
      <trkpt lat="23.062846" lon="113.275643">
        <time>2026-08-22T22:52:53Z</time>
      </trkpt>
      <trkpt lat="23.062741" lon="113.275749">
        <time>2026-08-22T22:52:58Z</time>
      </trkpt>
      <trkpt lat="23.06267" lon="113.27582">
        <time>2026-08-22T22:53:03Z</time>
      </trkpt>
      <trkpt lat="23.062603" lon="113.275897">
        <time>2026-08-22T22:53:08Z</time>
      </trkpt>
      <trkpt lat="23.062522" lon="113.276033">
        <time>2026-08-22T22:53:13Z</time>
      </trkpt>
      <trkpt lat="23.06244" lon="113.276167">
        <time>2026-08-22T22:53:18Z</time>
      </trkpt>
      <trkpt lat="23.062394" lon="113.276257">
        <time>2026-08-22T22:53:23Z</time>
      </trkpt>
      <trkpt lat="23.06236" lon="113.27635">
        <time>2026-08-22T22:53:28Z</time>
      </trkpt>
      <trkpt lat="23.06231" lon="113.276497">
        <time>2026-08-22T22:53:33Z</time>
      </trkpt>
      <trkpt lat="23.062256" lon="113.276641">
        <time>2026-08-22T22:53:38Z</time>
      </trkpt>
      <trkpt lat="23.06223" lon="113.276741">
        <time>2026-08-22T22:53:43Z</time>
      </trkpt>
      <trkpt lat="23.062201" lon="113.276841">
        <time>2026-08-22T22:53:48Z</time>
      </trkpt>
      <trkpt lat="23.06215" lon="113.276982">
        <time>2026-08-22T22:53:53Z</time>
      </trkpt>
      <trkpt lat="23.062095" lon="113.277124">
        <time>2026-08-22T22:53:58Z</time>
      </trkpt>
      <trkpt lat="23.062058" lon="113.277225">
        <time>2026-08-22T22:54:03Z</time>
      </trkpt>
      <trkpt lat="23.06202" lon="113.277326">
        <time>2026-08-22T22:54:08Z</time>
      </trkpt>
      <trkpt lat="23.061965" lon="113.277473">
        <time>2026-08-22T22:54:13Z</time>
      </trkpt>
      <trkpt lat="23.061894" lon="113.277615">
        <time>2026-08-22T22:54:18Z</time>
      </trkpt>
      <trkpt lat="23.061855" lon="113.277713">
        <time>2026-08-22T22:54:23Z</time>
      </trkpt>
      <trkpt lat="23.061838" lon="113.277816">
        <time>2026-08-22T22:54:28Z</time>
      </trkpt>
      <trkpt lat="23.061837" lon="113.277971">
        <time>2026-08-22T22:54:33Z</time>
      </trkpt>
      <trkpt lat="23.061848" lon="113.278123">
        <time>2026-08-22T22:54:38Z</time>
      </trkpt>
      <trkpt lat="23.061855" lon="113.278226">
        <time>2026-08-22T22:54:43Z</time>
      </trkpt>
      <trkpt lat="23.061858" lon="113.278331">
        <time>2026-08-22T22:54:48Z</time>
      </trkpt>
      <trkpt lat="23.061866" lon="113.278488">
        <time>2026-08-22T22:54:53Z</time>
      </trkpt>
      <trkpt lat="23.061858" lon="113.278643">
        <time>2026-08-22T22:54:58Z</time>
      </trkpt>
      <trkpt lat="23.061836" lon="113.278734">
        <time>2026-08-22T22:55:03Z</time>
      </trkpt>
      <trkpt lat="23.061771" lon="113.278761">
        <time>2026-08-22T22:55:08Z</time>
      </trkpt>
      <trkpt lat="23.061706" lon="113.278879">
        <time>2026-08-22T22:55:13Z</time>
      </trkpt>
      <trkpt lat="23.06164" lon="113.279005">
        <time>2026-08-22T22:55:18Z</time>
      </trkpt>
      <trkpt lat="23.061599" lon="113.279088">
        <time>2026-08-22T22:55:23Z</time>
      </trkpt>
      <trkpt lat="23.061573" lon="113.279165">
        <time>2026-08-22T22:55:28Z</time>
      </trkpt>
      <trkpt lat="23.061601" lon="113.279184">
        <time>2026-08-22T22:55:33Z</time>
      </trkpt>
      <trkpt lat="23.061633" lon="113.279142">
        <time>2026-08-22T22:55:38Z</time>
      </trkpt>
      <trkpt lat="23.061613" lon="113.279133">
        <time>2026-08-22T22:55:43Z</time>
      </trkpt>
      <trkpt lat="23.061585" lon="113.279162">
        <time>2026-08-22T22:55:48Z</time>
      </trkpt>
      <trkpt lat="23.061545" lon="113.279274">
        <time>2026-08-22T22:55:53Z</time>
      </trkpt>
      <trkpt lat="23.061471" lon="113.279447">
        <time>2026-08-22T22:55:58Z</time>
      </trkpt>
      <trkpt lat="23.061425" lon="113.279564">
        <time>2026-08-22T22:56:03Z</time>
      </trkpt>
      <trkpt lat="23.061383" lon="113.279681">
        <time>2026-08-22T22:56:08Z</time>
      </trkpt>
      <trkpt lat="23.061318" lon="113.279851">
        <time>2026-08-22T22:56:13Z</time>
      </trkpt>
      <trkpt lat="23.061255" lon="113.280012">
        <time>2026-08-22T22:56:18Z</time>
      </trkpt>
      <trkpt lat="23.06121" lon="113.280116">
        <time>2026-08-22T22:56:23Z</time>
      </trkpt>
      <trkpt lat="23.061166" lon="113.280222">
        <time>2026-08-22T22:56:28Z</time>
      </trkpt>
      <trkpt lat="23.061102" lon="113.280381">
        <time>2026-08-22T22:56:33Z</time>
      </trkpt>
      <trkpt lat="23.06103" lon="113.280535">
        <time>2026-08-22T22:56:38Z</time>
      </trkpt>
      <trkpt lat="23.06098" lon="113.280633">
        <time>2026-08-22T22:56:43Z</time>
      </trkpt>
      <trkpt lat="23.06093" lon="113.280732">
        <time>2026-08-22T22:56:48Z</time>
      </trkpt>
      <trkpt lat="23.060864" lon="113.280879">
        <time>2026-08-22T22:56:53Z</time>
      </trkpt>
      <trkpt lat="23.060807" lon="113.281022">
        <time>2026-08-22T22:56:58Z</time>
      </trkpt>
      <trkpt lat="23.060768" lon="113.28112">
        <time>2026-08-22T22:57:03Z</time>
      </trkpt>
      <trkpt lat="23.060727" lon="113.281218">
        <time>2026-08-22T22:57:08Z</time>
      </trkpt>
      <trkpt lat="23.060666" lon="113.281365">
        <time>2026-08-22T22:57:13Z</time>
      </trkpt>
      <trkpt lat="23.060606" lon="113.281512">
        <time>2026-08-22T22:57:18Z</time>
      </trkpt>
      <trkpt lat="23.060565" lon="113.281609">
        <time>2026-08-22T22:57:23Z</time>
      </trkpt>
      <trkpt lat="23.060528" lon="113.281705">
        <time>2026-08-22T22:57:28Z</time>
      </trkpt>
      <trkpt lat="23.06047" lon="113.281853">
        <time>2026-08-22T22:57:33Z</time>
      </trkpt>
      <trkpt lat="23.060415" lon="113.282002">
        <time>2026-08-22T22:57:38Z</time>
      </trkpt>
      <trkpt lat="23.060372" lon="113.282096">
        <time>2026-08-22T22:57:43Z</time>
      </trkpt>
      <trkpt lat="23.060332" lon="113.282188">
        <time>2026-08-22T22:57:48Z</time>
      </trkpt>
      <trkpt lat="23.060251" lon="113.282321">
        <time>2026-08-22T22:57:53Z</time>
      </trkpt>
      <trkpt lat="23.060186" lon="113.282454">
        <time>2026-08-22T22:57:58Z</time>
      </trkpt>
      <trkpt lat="23.060148" lon="113.282557">
        <time>2026-08-22T22:58:03Z</time>
      </trkpt>
      <trkpt lat="23.060107" lon="113.282659">
        <time>2026-08-22T22:58:08Z</time>
      </trkpt>
      <trkpt lat="23.060051" lon="113.282802">
        <time>2026-08-22T22:58:13Z</time>
      </trkpt>
      <trkpt lat="23.059979" lon="113.282944">
        <time>2026-08-22T22:58:18Z</time>
      </trkpt>
      <trkpt lat="23.059932" lon="113.283041">
        <time>2026-08-22T22:58:23Z</time>
      </trkpt>
      <trkpt lat="23.059889" lon="113.283143">
        <time>2026-08-22T22:58:28Z</time>
      </trkpt>
      <trkpt lat="23.059826" lon="113.283299">
        <time>2026-08-22T22:58:33Z</time>
      </trkpt>
      <trkpt lat="23.059753" lon="113.283456">
        <time>2026-08-22T22:58:38Z</time>
      </trkpt>
      <trkpt lat="23.059712" lon="113.283558">
        <time>2026-08-22T22:58:43Z</time>
      </trkpt>
      <trkpt lat="23.05967" lon="113.283655">
        <time>2026-08-22T22:58:48Z</time>
      </trkpt>
      <trkpt lat="23.059609" lon="113.283796">
        <time>2026-08-22T22:58:53Z</time>
      </trkpt>
      <trkpt lat="23.059548" lon="113.283938">
        <time>2026-08-22T22:58:58Z</time>
      </trkpt>
      <trkpt lat="23.0595" lon="113.284031">
        <time>2026-08-22T22:59:03Z</time>
      </trkpt>
      <trkpt lat="23.059442" lon="113.284123">
        <time>2026-08-22T22:59:08Z</time>
      </trkpt>
      <trkpt lat="23.05937" lon="113.284274">
        <time>2026-08-22T22:59:13Z</time>
      </trkpt>
      <trkpt lat="23.059321" lon="113.284427">
        <time>2026-08-22T22:59:18Z</time>
      </trkpt>
      <trkpt lat="23.059301" lon="113.284527">
        <time>2026-08-22T22:59:23Z</time>
      </trkpt>
      <trkpt lat="23.059283" lon="113.284627">
        <time>2026-08-22T22:59:28Z</time>
      </trkpt>
      <trkpt lat="23.059229" lon="113.28477">
        <time>2026-08-22T22:59:33Z</time>
      </trkpt>
      <trkpt lat="23.059168" lon="113.284911">
        <time>2026-08-22T22:59:38Z</time>
      </trkpt>
      <trkpt lat="23.059131" lon="113.285005">
        <time>2026-08-22T22:59:43Z</time>
      </trkpt>
      <trkpt lat="23.059095" lon="113.285099">
        <time>2026-08-22T22:59:48Z</time>
      </trkpt>
      <trkpt lat="23.059042" lon="113.285238">
        <time>2026-08-22T22:59:53Z</time>
      </trkpt>
      <trkpt lat="23.058981" lon="113.285377">
        <time>2026-08-22T22:59:58Z</time>
      </trkpt>
      <trkpt lat="23.058936" lon="113.28547">
        <time>2026-08-22T23:00:03Z</time>
      </trkpt>
      <trkpt lat="23.058897" lon="113.285564">
        <time>2026-08-22T23:00:08Z</time>
      </trkpt>
      <trkpt lat="23.058836" lon="113.285705">
        <time>2026-08-22T23:00:13Z</time>
      </trkpt>
      <trkpt lat="23.058775" lon="113.285847">
        <time>2026-08-22T23:00:18Z</time>
      </trkpt>
      <trkpt lat="23.058733" lon="113.285944">
        <time>2026-08-22T23:00:23Z</time>
      </trkpt>
      <trkpt lat="23.058697" lon="113.286042">
        <time>2026-08-22T23:00:28Z</time>
      </trkpt>
      <trkpt lat="23.058675" lon="113.2862">
        <time>2026-08-22T23:00:33Z</time>
      </trkpt>
      <trkpt lat="23.058746" lon="113.286333">
        <time>2026-08-22T23:00:38Z</time>
      </trkpt>
      <trkpt lat="23.058839" lon="113.286382">
        <time>2026-08-22T23:00:43Z</time>
      </trkpt>
      <trkpt lat="23.058935" lon="113.286405">
        <time>2026-08-22T23:00:48Z</time>
      </trkpt>
      <trkpt lat="23.059084" lon="113.286417">
        <time>2026-08-22T23:00:53Z</time>
      </trkpt>
      <trkpt lat="23.059235" lon="113.286425">
        <time>2026-08-22T23:00:58Z</time>
      </trkpt>
      <trkpt lat="23.059335" lon="113.286432">
        <time>2026-08-22T23:01:03Z</time>
      </trkpt>
      <trkpt lat="23.059436" lon="113.286445">
        <time>2026-08-22T23:01:08Z</time>
      </trkpt>
      <trkpt lat="23.059587" lon="113.286454">
        <time>2026-08-22T23:01:13Z</time>
      </trkpt>
      <trkpt lat="23.059735" lon="113.286455">
        <time>2026-08-22T23:01:18Z</time>
      </trkpt>
      <trkpt lat="23.059826" lon="113.286448">
        <time>2026-08-22T23:01:23Z</time>
      </trkpt>
      <trkpt lat="23.059918" lon="113.286446">
        <time>2026-08-22T23:01:28Z</time>
      </trkpt>
      <trkpt lat="23.060059" lon="113.286474">
        <time>2026-08-22T23:01:33Z</time>
      </trkpt>
      <trkpt lat="23.06012" lon="113.286582">
        <time>2026-08-22T23:01:38Z</time>
      </trkpt>
      <trkpt lat="23.060126" lon="113.28668">
        <time>2026-08-22T23:01:43Z</time>
      </trkpt>
      <trkpt lat="23.060136" lon="113.286776">
        <time>2026-08-22T23:01:48Z</time>
      </trkpt>
      <trkpt lat="23.060151" lon="113.286932">
        <time>2026-08-22T23:01:53Z</time>
      </trkpt>
      <trkpt lat="23.060171" lon="113.287083">
        <time>2026-08-22T23:01:58Z</time>
      </trkpt>
      <trkpt lat="23.060202" lon="113.287182">
        <time>2026-08-22T23:02:03Z</time>
      </trkpt>
      <trkpt lat="23.060264" lon="113.287306">
        <time>2026-08-22T23:02:08Z</time>
      </trkpt>
      <trkpt lat="23.060321" lon="113.287497">
        <time>2026-08-22T23:02:13Z</time>
      </trkpt>
      <trkpt lat="23.060308" lon="113.287685">
        <time>2026-08-22T23:02:18Z</time>
      </trkpt>
      <trkpt lat="23.060204" lon="113.287812">
        <time>2026-08-22T23:02:23Z</time>
      </trkpt>
      <trkpt lat="23.060178" lon="113.287939">
        <time>2026-08-22T23:02:28Z</time>
      </trkpt>
      <trkpt lat="23.060287" lon="113.28796">
        <time>2026-08-22T23:02:33Z</time>
      </trkpt>
      <trkpt lat="23.060315" lon="113.287815">
        <time>2026-08-22T23:02:38Z</time>
      </trkpt>
      <trkpt lat="23.060296" lon="113.287687">
        <time>2026-08-22T23:02:43Z</time>
      </trkpt>
      <trkpt lat="23.06028" lon="113.287556">
        <time>2026-08-22T23:02:48Z</time>
      </trkpt>
      <trkpt lat="23.060278" lon="113.287372">
        <time>2026-08-22T23:02:53Z</time>
      </trkpt>
      <trkpt lat="23.060282" lon="113.2872">
        <time>2026-08-22T23:02:58Z</time>
      </trkpt>
      <trkpt lat="23.060283" lon="113.28709">
        <time>2026-08-22T23:03:03Z</time>
      </trkpt>
      <trkpt lat="23.060284" lon="113.286974">
        <time>2026-08-22T23:03:08Z</time>
      </trkpt>
      <trkpt lat="23.060301" lon="113.286788">
        <time>2026-08-22T23:03:13Z</time>
      </trkpt>
      <trkpt lat="23.060304" lon="113.286593">
        <time>2026-08-22T23:03:18Z</time>
      </trkpt>
      <trkpt lat="23.060277" lon="113.286473">
        <time>2026-08-22T23:03:23Z</time>
      </trkpt>
      <trkpt lat="23.060196" lon="113.28639">
        <time>2026-08-22T23:03:28Z</time>
      </trkpt>
      <trkpt lat="23.059987" lon="113.286339">
        <time>2026-08-22T23:03:33Z</time>
      </trkpt>
      <trkpt lat="23.059805" lon="113.286303">
        <time>2026-08-22T23:03:38Z</time>
      </trkpt>
      <trkpt lat="23.059688" lon="113.28629">
        <time>2026-08-22T23:03:43Z</time>
      </trkpt>
      <trkpt lat="23.059562" lon="113.286291">
        <time>2026-08-22T23:03:48Z</time>
      </trkpt>
      <trkpt lat="23.059377" lon="113.286282">
        <time>2026-08-22T23:03:53Z</time>
      </trkpt>
      <trkpt lat="23.059211" lon="113.286272">
        <time>2026-08-22T23:03:58Z</time>
      </trkpt>
      <trkpt lat="23.059103" lon="113.286267">
        <time>2026-08-22T23:04:03Z</time>
      </trkpt>
      <trkpt lat="23.059" lon="113.286255">
        <time>2026-08-22T23:04:08Z</time>
      </trkpt>
      <trkpt lat="23.058841" lon="113.286244">
        <time>2026-08-22T23:04:13Z</time>
      </trkpt>
      <trkpt lat="23.058737" lon="113.28616">
        <time>2026-08-22T23:04:18Z</time>
      </trkpt>
      <trkpt lat="23.058766" lon="113.286056">
        <time>2026-08-22T23:04:23Z</time>
      </trkpt>
      <trkpt lat="23.058819" lon="113.285948">
        <time>2026-08-22T23:04:28Z</time>
      </trkpt>
      <trkpt lat="23.058889" lon="113.285803">
        <time>2026-08-22T23:04:33Z</time>
      </trkpt>
      <trkpt lat="23.058956" lon="113.285658">
        <time>2026-08-22T23:04:38Z</time>
      </trkpt>
      <trkpt lat="23.059001" lon="113.285559">
        <time>2026-08-22T23:04:43Z</time>
      </trkpt>
      <trkpt lat="23.059046" lon="113.285458">
        <time>2026-08-22T23:04:48Z</time>
      </trkpt>
      <trkpt lat="23.059113" lon="113.285306">
        <time>2026-08-22T23:04:53Z</time>
      </trkpt>
      <trkpt lat="23.059176" lon="113.285159">
        <time>2026-08-22T23:04:58Z</time>
      </trkpt>
      <trkpt lat="23.059213" lon="113.285061">
        <time>2026-08-22T23:05:03Z</time>
      </trkpt>
      <trkpt lat="23.059253" lon="113.284968">
        <time>2026-08-22T23:05:08Z</time>
      </trkpt>
      <trkpt lat="23.059316" lon="113.284828">
        <time>2026-08-22T23:05:13Z</time>
      </trkpt>
      <trkpt lat="23.059376" lon="113.284686">
        <time>2026-08-22T23:05:18Z</time>
      </trkpt>
      <trkpt lat="23.059418" lon="113.284589">
        <time>2026-08-22T23:05:23Z</time>
      </trkpt>
      <trkpt lat="23.059463" lon="113.284494">
        <time>2026-08-22T23:05:28Z</time>
      </trkpt>
      <trkpt lat="23.059518" lon="113.28435">
        <time>2026-08-22T23:05:33Z</time>
      </trkpt>
      <trkpt lat="23.059569" lon="113.284217">
        <time>2026-08-22T23:05:38Z</time>
      </trkpt>
      <trkpt lat="23.059611" lon="113.284123">
        <time>2026-08-22T23:05:43Z</time>
      </trkpt>
      <trkpt lat="23.059646" lon="113.284028">
        <time>2026-08-22T23:05:48Z</time>
      </trkpt>
      <trkpt lat="23.059722" lon="113.283885">
        <time>2026-08-22T23:05:53Z</time>
      </trkpt>
      <trkpt lat="23.059793" lon="113.283739">
        <time>2026-08-22T23:05:58Z</time>
      </trkpt>
      <trkpt lat="23.059839" lon="113.283645">
        <time>2026-08-22T23:06:03Z</time>
      </trkpt>
      <trkpt lat="23.059875" lon="113.283557">
        <time>2026-08-22T23:06:08Z</time>
      </trkpt>
      <trkpt lat="23.059932" lon="113.283419">
        <time>2026-08-22T23:06:13Z</time>
      </trkpt>
      <trkpt lat="23.060006" lon="113.283287">
        <time>2026-08-22T23:06:18Z</time>
      </trkpt>
      <trkpt lat="23.060055" lon="113.283196">
        <time>2026-08-22T23:06:23Z</time>
      </trkpt>
      <trkpt lat="23.060102" lon="113.283096">
        <time>2026-08-22T23:06:28Z</time>
      </trkpt>
      <trkpt lat="23.060166" lon="113.282937">
        <time>2026-08-22T23:06:33Z</time>
      </trkpt>
      <trkpt lat="23.060207" lon="113.282782">
        <time>2026-08-22T23:06:38Z</time>
      </trkpt>
      <trkpt lat="23.06024" lon="113.282683">
        <time>2026-08-22T23:06:43Z</time>
      </trkpt>
      <trkpt lat="23.060274" lon="113.28258">
        <time>2026-08-22T23:06:48Z</time>
      </trkpt>
      <trkpt lat="23.060334" lon="113.282425">
        <time>2026-08-22T23:06:53Z</time>
      </trkpt>
      <trkpt lat="23.060407" lon="113.282278">
        <time>2026-08-22T23:06:58Z</time>
      </trkpt>
      <trkpt lat="23.060453" lon="113.282181">
        <time>2026-08-22T23:07:03Z</time>
      </trkpt>
      <trkpt lat="23.060492" lon="113.282079">
        <time>2026-08-22T23:07:08Z</time>
      </trkpt>
      <trkpt lat="23.060567" lon="113.281932">
        <time>2026-08-22T23:07:13Z</time>
      </trkpt>
      <trkpt lat="23.060638" lon="113.281794">
        <time>2026-08-22T23:07:18Z</time>
      </trkpt>
      <trkpt lat="23.060676" lon="113.281702">
        <time>2026-08-22T23:07:23Z</time>
      </trkpt>
      <trkpt lat="23.060708" lon="113.281612">
        <time>2026-08-22T23:07:28Z</time>
      </trkpt>
      <trkpt lat="23.060759" lon="113.281479">
        <time>2026-08-22T23:07:33Z</time>
      </trkpt>
      <trkpt lat="23.060829" lon="113.28134">
        <time>2026-08-22T23:07:38Z</time>
      </trkpt>
      <trkpt lat="23.060871" lon="113.281245">
        <time>2026-08-22T23:07:43Z</time>
      </trkpt>
      <trkpt lat="23.060908" lon="113.281157">
        <time>2026-08-22T23:07:48Z</time>
      </trkpt>
      <trkpt lat="23.060962" lon="113.281025">
        <time>2026-08-22T23:07:53Z</time>
      </trkpt>
      <trkpt lat="23.061017" lon="113.28089">
        <time>2026-08-22T23:07:58Z</time>
      </trkpt>
      <trkpt lat="23.061058" lon="113.280794">
        <time>2026-08-22T23:08:03Z</time>
      </trkpt>
      <trkpt lat="23.061102" lon="113.280696">
        <time>2026-08-22T23:08:08Z</time>
      </trkpt>
      <trkpt lat="23.061162" lon="113.280543">
        <time>2026-08-22T23:08:13Z</time>
      </trkpt>
      <trkpt lat="23.061228" lon="113.280406">
        <time>2026-08-22T23:08:18Z</time>
      </trkpt>
      <trkpt lat="23.061269" lon="113.280315">
        <time>2026-08-22T23:08:23Z</time>
      </trkpt>
      <trkpt lat="23.061315" lon="113.280227">
        <time>2026-08-22T23:08:28Z</time>
      </trkpt>
      <trkpt lat="23.061382" lon="113.28009">
        <time>2026-08-22T23:08:33Z</time>
      </trkpt>
      <trkpt lat="23.061434" lon="113.279951">
        <time>2026-08-22T23:08:38Z</time>
      </trkpt>
      <trkpt lat="23.061469" lon="113.279857">
        <time>2026-08-22T23:08:43Z</time>
      </trkpt>
      <trkpt lat="23.061505" lon="113.279761">
        <time>2026-08-22T23:08:48Z</time>
      </trkpt>
      <trkpt lat="23.061559" lon="113.279614">
        <time>2026-08-22T23:08:53Z</time>
      </trkpt>
      <trkpt lat="23.061614" lon="113.279469">
        <time>2026-08-22T23:08:58Z</time>
      </trkpt>
      <trkpt lat="23.061654" lon="113.279376">
        <time>2026-08-22T23:09:03Z</time>
      </trkpt>
      <trkpt lat="23.061695" lon="113.279277">
        <time>2026-08-22T23:09:08Z</time>
      </trkpt>
      <trkpt lat="23.061761" lon="113.27913">
        <time>2026-08-22T23:09:13Z</time>
      </trkpt>
      <trkpt lat="23.061842" lon="113.279007">
        <time>2026-08-22T23:09:18Z</time>
      </trkpt>
      <trkpt lat="23.061904" lon="113.278924">
        <time>2026-08-22T23:09:23Z</time>
      </trkpt>
      <trkpt lat="23.061962" lon="113.278827">
        <time>2026-08-22T23:09:28Z</time>
      </trkpt>
      <trkpt lat="23.06201" lon="113.278658">
        <time>2026-08-22T23:09:33Z</time>
      </trkpt>
      <trkpt lat="23.062001" lon="113.278486">
        <time>2026-08-22T23:09:38Z</time>
      </trkpt>
      <trkpt lat="23.061991" lon="113.278377">
        <time>2026-08-22T23:09:43Z</time>
      </trkpt>
      <trkpt lat="23.061984" lon="113.278271">
        <time>2026-08-22T23:09:48Z</time>
      </trkpt>
      <trkpt lat="23.061973" lon="113.278113">
        <time>2026-08-22T23:09:53Z</time>
      </trkpt>
      <trkpt lat="23.061966" lon="113.27795">
        <time>2026-08-22T23:09:58Z</time>
      </trkpt>
      <trkpt lat="23.061966" lon="113.277843">
        <time>2026-08-22T23:10:03Z</time>
      </trkpt>
      <trkpt lat="23.061977" lon="113.277739">
        <time>2026-08-22T23:10:08Z</time>
      </trkpt>
      <trkpt lat="23.062013" lon="113.277576">
        <time>2026-08-22T23:10:13Z</time>
      </trkpt>
      <trkpt lat="23.062071" lon="113.277421">
        <time>2026-08-22T23:10:18Z</time>
      </trkpt>
      <trkpt lat="23.06211" lon="113.277321">
        <time>2026-08-22T23:10:23Z</time>
      </trkpt>
      <trkpt lat="23.062145" lon="113.27722">
        <time>2026-08-22T23:10:28Z</time>
      </trkpt>
      <trkpt lat="23.062183" lon="113.277071">
        <time>2026-08-22T23:10:33Z</time>
      </trkpt>
      <trkpt lat="23.06225" lon="113.276942">
        <time>2026-08-22T23:10:38Z</time>
      </trkpt>
      <trkpt lat="23.062288" lon="113.276848">
        <time>2026-08-22T23:10:43Z</time>
      </trkpt>
      <trkpt lat="23.062322" lon="113.276753">
        <time>2026-08-22T23:10:48Z</time>
      </trkpt>
      <trkpt lat="23.062378" lon="113.276609">
        <time>2026-08-22T23:10:53Z</time>
      </trkpt>
      <trkpt lat="23.062436" lon="113.276461">
        <time>2026-08-22T23:10:58Z</time>
      </trkpt>
      <trkpt lat="23.062472" lon="113.276362">
        <time>2026-08-22T23:11:03Z</time>
      </trkpt>
      <trkpt lat="23.062507" lon="113.276265">
        <time>2026-08-22T23:11:08Z</time>
      </trkpt>
      <trkpt lat="23.062576" lon="113.27612">
        <time>2026-08-22T23:11:13Z</time>
      </trkpt>
      <trkpt lat="23.062657" lon="113.275989">
        <time>2026-08-22T23:11:18Z</time>
      </trkpt>
      <trkpt lat="23.062718" lon="113.275908">
        <time>2026-08-22T23:11:23Z</time>
      </trkpt>
      <trkpt lat="23.062782" lon="113.275832">
        <time>2026-08-22T23:11:28Z</time>
      </trkpt>
      <trkpt lat="23.06289" lon="113.275726">
        <time>2026-08-22T23:11:33Z</time>
      </trkpt>
      <trkpt lat="23.062999" lon="113.275611">
        <time>2026-08-22T23:11:38Z</time>
      </trkpt>
      <trkpt lat="23.063063" lon="113.275529">
        <time>2026-08-22T23:11:43Z</time>
      </trkpt>
      <trkpt lat="23.063114" lon="113.275444">
        <time>2026-08-22T23:11:48Z</time>
      </trkpt>
      <trkpt lat="23.063191" lon="113.275302">
        <time>2026-08-22T23:11:53Z</time>
      </trkpt>
      <trkpt lat="23.06328" lon="113.27516">
        <time>2026-08-22T23:11:58Z</time>
      </trkpt>
      <trkpt lat="23.063336" lon="113.275072">
        <time>2026-08-22T23:12:03Z</time>
      </trkpt>
      <trkpt lat="23.063381" lon="113.274977">
        <time>2026-08-22T23:12:08Z</time>
      </trkpt>
      <trkpt lat="23.063431" lon="113.274825">
        <time>2026-08-22T23:12:13Z</time>
      </trkpt>
      <trkpt lat="23.063476" lon="113.274666">
        <time>2026-08-22T23:12:18Z</time>
      </trkpt>
      <trkpt lat="23.063506" lon="113.274568">
        <time>2026-08-22T23:12:23Z</time>
      </trkpt>
      <trkpt lat="23.063539" lon="113.274476">
        <time>2026-08-22T23:12:28Z</time>
      </trkpt>
      <trkpt lat="23.063602" lon="113.27435">
        <time>2026-08-22T23:12:33Z</time>
      </trkpt>
      <trkpt lat="23.063697" lon="113.274225">
        <time>2026-08-22T23:12:38Z</time>
      </trkpt>
      <trkpt lat="23.06377" lon="113.274156">
        <time>2026-08-22T23:12:43Z</time>
      </trkpt>
      <trkpt lat="23.063846" lon="113.274089">
        <time>2026-08-22T23:12:48Z</time>
      </trkpt>
      <trkpt lat="23.06393" lon="113.273952">
        <time>2026-08-22T23:12:53Z</time>
      </trkpt>
      <trkpt lat="23.063996" lon="113.273815">
        <time>2026-08-22T23:12:58Z</time>
      </trkpt>
      <trkpt lat="23.064048" lon="113.273739">
        <time>2026-08-22T23:13:03Z</time>
      </trkpt>
      <trkpt lat="23.064116" lon="113.273673">
        <time>2026-08-22T23:13:08Z</time>
      </trkpt>
      <trkpt lat="23.064233" lon="113.273586">
        <time>2026-08-22T23:13:13Z</time>
      </trkpt>
      <trkpt lat="23.064351" lon="113.273502">
        <time>2026-08-22T23:13:18Z</time>
      </trkpt>
      <trkpt lat="23.064431" lon="113.27344">
        <time>2026-08-22T23:13:23Z</time>
      </trkpt>
      <trkpt lat="23.064505" lon="113.273364">
        <time>2026-08-22T23:13:28Z</time>
      </trkpt>
      <trkpt lat="23.064584" lon="113.273202">
        <time>2026-08-22T23:13:33Z</time>
      </trkpt>
      <trkpt lat="23.064565" lon="113.273025">
        <time>2026-08-22T23:13:38Z</time>
      </trkpt>
      <trkpt lat="23.064539" lon="113.272908">
        <time>2026-08-22T23:13:43Z</time>
      </trkpt>
      <trkpt lat="23.064502" lon="113.272799">
        <time>2026-08-22T23:13:48Z</time>
      </trkpt>
      <trkpt lat="23.06446" lon="113.27264">
        <time>2026-08-22T23:13:53Z</time>
      </trkpt>
      <trkpt lat="23.064508" lon="113.272488">
        <time>2026-08-22T23:13:58Z</time>
      </trkpt>
      <trkpt lat="23.064557" lon="113.272384">
        <time>2026-08-22T23:14:03Z</time>
      </trkpt>
      <trkpt lat="23.064572" lon="113.272273">
        <time>2026-08-22T23:14:08Z</time>
      </trkpt>
      <trkpt lat="23.064613" lon="113.272119">
        <time>2026-08-22T23:14:13Z</time>
      </trkpt>
      <trkpt lat="23.064682" lon="113.271989">
        <time>2026-08-22T23:14:18Z</time>
      </trkpt>
      <trkpt lat="23.064728" lon="113.271904">
        <time>2026-08-22T23:14:23Z</time>
      </trkpt>
      <trkpt lat="23.064774" lon="113.271816">
        <time>2026-08-22T23:14:28Z</time>
      </trkpt>
      <trkpt lat="23.064833" lon="113.271686">
        <time>2026-08-22T23:14:33Z</time>
      </trkpt>
      <trkpt lat="23.064892" lon="113.271554">
        <time>2026-08-22T23:14:38Z</time>
      </trkpt>
      <trkpt lat="23.064935" lon="113.271462">
        <time>2026-08-22T23:14:43Z</time>
      </trkpt>
      <trkpt lat="23.064974" lon="113.271368">
        <time>2026-08-22T23:14:48Z</time>
      </trkpt>
      <trkpt lat="23.065032" lon="113.271228">
        <time>2026-08-22T23:14:53Z</time>
      </trkpt>
      <trkpt lat="23.065102" lon="113.271099">
        <time>2026-08-22T23:14:58Z</time>
      </trkpt>
      <trkpt lat="23.065151" lon="113.271014">
        <time>2026-08-22T23:15:03Z</time>
      </trkpt>
      <trkpt lat="23.065188" lon="113.270922">
        <time>2026-08-22T23:15:08Z</time>
      </trkpt>
      <trkpt lat="23.065245" lon="113.270785">
        <time>2026-08-22T23:15:13Z</time>
      </trkpt>
      <trkpt lat="23.065302" lon="113.270663">
        <time>2026-08-22T23:15:18Z</time>
      </trkpt>
      <trkpt lat="23.065342" lon="113.270579">
        <time>2026-08-22T23:15:23Z</time>
      </trkpt>
      <trkpt lat="23.065381" lon="113.270491">
        <time>2026-08-22T23:15:28Z</time>
      </trkpt>
      <trkpt lat="23.065439" lon="113.270358">
        <time>2026-08-22T23:15:33Z</time>
      </trkpt>
      <trkpt lat="23.065499" lon="113.270225">
        <time>2026-08-22T23:15:38Z</time>
      </trkpt>
      <trkpt lat="23.065538" lon="113.270132">
        <time>2026-08-22T23:15:43Z</time>
      </trkpt>
      <trkpt lat="23.065572" lon="113.270038">
        <time>2026-08-22T23:15:48Z</time>
      </trkpt>
      <trkpt lat="23.065619" lon="113.269895">
        <time>2026-08-22T23:15:53Z</time>
      </trkpt>
      <trkpt lat="23.065653" lon="113.269748">
        <time>2026-08-22T23:15:58Z</time>
      </trkpt>
      <trkpt lat="23.065674" lon="113.269648">
        <time>2026-08-22T23:16:03Z</time>
      </trkpt>
      <trkpt lat="23.065704" lon="113.269549">
        <time>2026-08-22T23:16:08Z</time>
      </trkpt>
      <trkpt lat="23.065755" lon="113.269401">
        <time>2026-08-22T23:16:13Z</time>
      </trkpt>
      <trkpt lat="23.065789" lon="113.269248">
        <time>2026-08-22T23:16:18Z</time>
      </trkpt>
      <trkpt lat="23.065815" lon="113.269151">
        <time>2026-08-22T23:16:23Z</time>
      </trkpt>
      <trkpt lat="23.065848" lon="113.269058">
        <time>2026-08-22T23:16:28Z</time>
      </trkpt>
      <trkpt lat="23.065906" lon="113.268915">
        <time>2026-08-22T23:16:33Z</time>
      </trkpt>
      <trkpt lat="23.065967" lon="113.26878">
        <time>2026-08-22T23:16:38Z</time>
      </trkpt>
      <trkpt lat="23.066009" lon="113.268694">
        <time>2026-08-22T23:16:43Z</time>
      </trkpt>
      <trkpt lat="23.066058" lon="113.26861">
        <time>2026-08-22T23:16:48Z</time>
      </trkpt>
      <trkpt lat="23.066137" lon="113.268481">
        <time>2026-08-22T23:16:53Z</time>
      </trkpt>
      <trkpt lat="23.066217" lon="113.26836">
        <time>2026-08-22T23:16:58Z</time>
      </trkpt>
      <trkpt lat="23.066277" lon="113.268287">
        <time>2026-08-22T23:17:03Z</time>
      </trkpt>
      <trkpt lat="23.066341" lon="113.268215">
        <time>2026-08-22T23:17:08Z</time>
      </trkpt>
      <trkpt lat="23.066474" lon="113.268143">
        <time>2026-08-22T23:17:13Z</time>
      </trkpt>
      <trkpt lat="23.066623" lon="113.268145">
        <time>2026-08-22T23:17:18Z</time>
      </trkpt>
      <trkpt lat="23.066694" lon="113.268108">
        <time>2026-08-22T23:17:23Z</time>
      </trkpt>
      <trkpt lat="23.066653" lon="113.268018">
        <time>2026-08-22T23:17:28Z</time>
      </trkpt>
      <trkpt lat="23.066493" lon="113.267951">
        <time>2026-08-22T23:17:33Z</time>
      </trkpt>
      <trkpt lat="23.066336" lon="113.267944">
        <time>2026-08-22T23:17:38Z</time>
      </trkpt>
      <trkpt lat="23.066244" lon="113.26798">
        <time>2026-08-22T23:17:43Z</time>
      </trkpt>
      <trkpt lat="23.066169" lon="113.268048">
        <time>2026-08-22T23:17:48Z</time>
      </trkpt>
      <trkpt lat="23.066067" lon="113.268161">
        <time>2026-08-22T23:17:53Z</time>
      </trkpt>
      <trkpt lat="23.065974" lon="113.268272">
        <time>2026-08-22T23:17:58Z</time>
      </trkpt>
      <trkpt lat="23.065916" lon="113.268349">
        <time>2026-08-22T23:18:03Z</time>
      </trkpt>
      <trkpt lat="23.065863" lon="113.268433">
        <time>2026-08-22T23:18:08Z</time>
      </trkpt>
      <trkpt lat="23.065789" lon="113.268567">
        <time>2026-08-22T23:18:13Z</time>
      </trkpt>
      <trkpt lat="23.065725" lon="113.268708">
        <time>2026-08-22T23:18:18Z</time>
      </trkpt>
      <trkpt lat="23.06569" lon="113.268802">
        <time>2026-08-22T23:18:23Z</time>
      </trkpt>
      <trkpt lat="23.065656" lon="113.268894">
        <time>2026-08-22T23:18:28Z</time>
      </trkpt>
      <trkpt lat="23.06561" lon="113.269032">
        <time>2026-08-22T23:18:33Z</time>
      </trkpt>
      <trkpt lat="23.065574" lon="113.269176">
        <time>2026-08-22T23:18:38Z</time>
      </trkpt>
      <trkpt lat="23.065547" lon="113.269271">
        <time>2026-08-22T23:18:43Z</time>
      </trkpt>
      <trkpt lat="23.065521" lon="113.269366">
        <time>2026-08-22T23:18:48Z</time>
      </trkpt>
      <trkpt lat="23.06549" lon="113.269517">
        <time>2026-08-22T23:18:53Z</time>
      </trkpt>
      <trkpt lat="23.065457" lon="113.269667">
        <time>2026-08-22T23:18:58Z</time>
      </trkpt>
      <trkpt lat="23.065429" lon="113.269765">
        <time>2026-08-22T23:19:03Z</time>
      </trkpt>
      <trkpt lat="23.065391" lon="113.269857">
        <time>2026-08-22T23:19:08Z</time>
      </trkpt>
      <trkpt lat="23.065343" lon="113.269997">
        <time>2026-08-22T23:19:13Z</time>
      </trkpt>
      <trkpt lat="23.065287" lon="113.270137">
        <time>2026-08-22T23:19:18Z</time>
      </trkpt>
      <trkpt lat="23.065249" lon="113.270234">
        <time>2026-08-22T23:19:23Z</time>
      </trkpt>
      <trkpt lat="23.065208" lon="113.270324">
        <time>2026-08-22T23:19:28Z</time>
      </trkpt>
      <trkpt lat="23.065147" lon="113.270453">
        <time>2026-08-22T23:19:33Z</time>
      </trkpt>
      <trkpt lat="23.065083" lon="113.270582">
        <time>2026-08-22T23:19:38Z</time>
      </trkpt>
      <trkpt lat="23.065044" lon="113.270674">
        <time>2026-08-22T23:19:43Z</time>
      </trkpt>
      <trkpt lat="23.065004" lon="113.270763">
        <time>2026-08-22T23:19:48Z</time>
      </trkpt>
      <trkpt lat="23.064945" lon="113.270898">
        <time>2026-08-22T23:19:53Z</time>
      </trkpt>
      <trkpt lat="23.064886" lon="113.271023">
        <time>2026-08-22T23:19:58Z</time>
      </trkpt>
      <trkpt lat="23.064851" lon="113.271108">
        <time>2026-08-22T23:20:03Z</time>
      </trkpt>
      <trkpt lat="23.06481" lon="113.271199">
        <time>2026-08-22T23:20:08Z</time>
      </trkpt>
      <trkpt lat="23.064749" lon="113.271327">
        <time>2026-08-22T23:20:13Z</time>
      </trkpt>
      <trkpt lat="23.06469" lon="113.271456">
        <time>2026-08-22T23:20:18Z</time>
      </trkpt>
      <trkpt lat="23.064649" lon="113.271542">
        <time>2026-08-22T23:20:23Z</time>
      </trkpt>
      <trkpt lat="23.064606" lon="113.271629">
        <time>2026-08-22T23:20:28Z</time>
      </trkpt>
      <trkpt lat="23.064544" lon="113.271762">
        <time>2026-08-22T23:20:33Z</time>
      </trkpt>
      <trkpt lat="23.064482" lon="113.271896">
        <time>2026-08-22T23:20:38Z</time>
      </trkpt>
      <trkpt lat="23.064442" lon="113.271991">
        <time>2026-08-22T23:20:43Z</time>
      </trkpt>
      <trkpt lat="23.064405" lon="113.272084">
        <time>2026-08-22T23:20:48Z</time>
      </trkpt>
      <trkpt lat="23.064352" lon="113.272222">
        <time>2026-08-22T23:20:53Z</time>
      </trkpt>
      <trkpt lat="23.064337" lon="113.272362">
        <time>2026-08-22T23:20:58Z</time>
      </trkpt>
      <trkpt lat="23.064338" lon="113.272456">
        <time>2026-08-22T23:21:03Z</time>
      </trkpt>
      <trkpt lat="23.064334" lon="113.272548">
        <time>2026-08-22T23:21:08Z</time>
      </trkpt>
      <trkpt lat="23.064347" lon="113.272677">
        <time>2026-08-22T23:21:13Z</time>
      </trkpt>
      <trkpt lat="23.064384" lon="113.272803">
        <time>2026-08-22T23:21:18Z</time>
      </trkpt>
      <trkpt lat="23.064411" lon="113.272891">
        <time>2026-08-22T23:21:23Z</time>
      </trkpt>
      <trkpt lat="23.064438" lon="113.272979">
        <time>2026-08-22T23:21:28Z</time>
      </trkpt>
      <trkpt lat="23.064477" lon="113.273108">
        <time>2026-08-22T23:21:33Z</time>
      </trkpt>
      <trkpt lat="23.064462" lon="113.273247">
        <time>2026-08-22T23:21:38Z</time>
      </trkpt>
      <trkpt lat="23.064417" lon="113.273324">
        <time>2026-08-22T23:21:43Z</time>
      </trkpt>
      <trkpt lat="23.064351" lon="113.273382">
        <time>2026-08-22T23:21:48Z</time>
      </trkpt>
      <trkpt lat="23.064238" lon="113.273451">
        <time>2026-08-22T23:21:53Z</time>
      </trkpt>
      <trkpt lat="23.064127" lon="113.273532">
        <time>2026-08-22T23:21:58Z</time>
      </trkpt>
      <trkpt lat="23.064055" lon="113.273591">
        <time>2026-08-22T23:22:03Z</time>
      </trkpt>
      <trkpt lat="23.063985" lon="113.273655">
        <time>2026-08-22T23:22:08Z</time>
      </trkpt>
      <trkpt lat="23.063898" lon="113.273763">
        <time>2026-08-22T23:22:13Z</time>
      </trkpt>
      <trkpt lat="23.063825" lon="113.273887">
        <time>2026-08-22T23:22:18Z</time>
      </trkpt>
      <trkpt lat="23.063778" lon="113.273971">
        <time>2026-08-22T23:22:23Z</time>
      </trkpt>
      <trkpt lat="23.063729" lon="113.274047">
        <time>2026-08-22T23:22:28Z</time>
      </trkpt>
      <trkpt lat="23.063627" lon="113.274134">
        <time>2026-08-22T23:22:33Z</time>
      </trkpt>
      <trkpt lat="23.063537" lon="113.274242">
        <time>2026-08-22T23:22:38Z</time>
      </trkpt>
      <trkpt lat="23.06349" lon="113.274338">
        <time>2026-08-22T23:22:43Z</time>
      </trkpt>
      <trkpt lat="23.063448" lon="113.274438">
        <time>2026-08-22T23:22:48Z</time>
      </trkpt>
      <trkpt lat="23.063402" lon="113.274578">
        <time>2026-08-22T23:22:53Z</time>
      </trkpt>
      <trkpt lat="23.06335" lon="113.274718">
        <time>2026-08-22T23:22:58Z</time>
      </trkpt>
      <trkpt lat="23.063318" lon="113.274812">
        <time>2026-08-22T23:23:03Z</time>
      </trkpt>
      <trkpt lat="23.063293" lon="113.274908">
        <time>2026-08-22T23:23:08Z</time>
      </trkpt>
      <trkpt lat="23.063239" lon="113.275045">
        <time>2026-08-22T23:23:13Z</time>
      </trkpt>
      <trkpt lat="23.063164" lon="113.275175">
        <time>2026-08-22T23:23:18Z</time>
      </trkpt>
      <trkpt lat="23.063117" lon="113.275256">
        <time>2026-08-22T23:23:23Z</time>
      </trkpt>
      <trkpt lat="23.063074" lon="113.275335">
        <time>2026-08-22T23:23:28Z</time>
      </trkpt>
      <trkpt lat="23.063" lon="113.275456">
        <time>2026-08-22T23:23:33Z</time>
      </trkpt>
      <trkpt lat="23.062912" lon="113.275572">
        <time>2026-08-22T23:23:38Z</time>
      </trkpt>
      <trkpt lat="23.06285" lon="113.275643">
        <time>2026-08-22T23:23:43Z</time>
      </trkpt>
      <trkpt lat="23.062784" lon="113.275709">
        <time>2026-08-22T23:23:48Z</time>
      </trkpt>
      <trkpt lat="23.062684" lon="113.275811">
        <time>2026-08-22T23:23:53Z</time>
      </trkpt>
      <trkpt lat="23.062598" lon="113.275922">
        <time>2026-08-22T23:23:58Z</time>
      </trkpt>
      <trkpt lat="23.062548" lon="113.275998">
        <time>2026-08-22T23:24:03Z</time>
      </trkpt>
      <trkpt lat="23.062501" lon="113.276079">
        <time>2026-08-22T23:24:08Z</time>
      </trkpt>
      <trkpt lat="23.062441" lon="113.276208">
        <time>2026-08-22T23:24:13Z</time>
      </trkpt>
      <trkpt lat="23.062389" lon="113.276344">
        <time>2026-08-22T23:24:18Z</time>
      </trkpt>
      <trkpt lat="23.062358" lon="113.276429">
        <time>2026-08-22T23:24:23Z</time>
      </trkpt>
      <trkpt lat="23.062326" lon="113.276513">
        <time>2026-08-22T23:24:28Z</time>
      </trkpt>
      <trkpt lat="23.062271" lon="113.276644">
        <time>2026-08-22T23:24:33Z</time>
      </trkpt>
      <trkpt lat="23.062224" lon="113.27677">
        <time>2026-08-22T23:24:38Z</time>
      </trkpt>
      <trkpt lat="23.062197" lon="113.276857">
        <time>2026-08-22T23:24:43Z</time>
      </trkpt>
      <trkpt lat="23.062167" lon="113.276949">
        <time>2026-08-22T23:24:48Z</time>
      </trkpt>
      <trkpt lat="23.062118" lon="113.27708">
        <time>2026-08-22T23:24:53Z</time>
      </trkpt>
      <trkpt lat="23.062057" lon="113.277224">
        <time>2026-08-22T23:24:58Z</time>
      </trkpt>
      <trkpt lat="23.062019" lon="113.277316">
        <time>2026-08-22T23:25:03Z</time>
      </trkpt>
      <trkpt lat="23.061984" lon="113.277407">
        <time>2026-08-22T23:25:08Z</time>
      </trkpt>
      <trkpt lat="23.061933" lon="113.277548">
        <time>2026-08-22T23:25:13Z</time>
      </trkpt>
      <trkpt lat="23.061874" lon="113.277688">
        <time>2026-08-22T23:25:18Z</time>
      </trkpt>
      <trkpt lat="23.061852" lon="113.277785">
        <time>2026-08-22T23:25:23Z</time>
      </trkpt>
      <trkpt lat="23.061844" lon="113.277879">
        <time>2026-08-22T23:25:28Z</time>
      </trkpt>
      <trkpt lat="23.061831" lon="113.278017">
        <time>2026-08-22T23:25:33Z</time>
      </trkpt>
      <trkpt lat="23.061834" lon="113.278159">
        <time>2026-08-22T23:25:38Z</time>
      </trkpt>
      <trkpt lat="23.061836" lon="113.278254">
        <time>2026-08-22T23:25:43Z</time>
      </trkpt>
      <trkpt lat="23.061841" lon="113.278346">
        <time>2026-08-22T23:25:48Z</time>
      </trkpt>
      <trkpt lat="23.061853" lon="113.278487">
        <time>2026-08-22T23:25:53Z</time>
      </trkpt>
      <trkpt lat="23.061846" lon="113.278624">
        <time>2026-08-22T23:25:58Z</time>
      </trkpt>
      <trkpt lat="23.061828" lon="113.278713">
        <time>2026-08-22T23:26:03Z</time>
      </trkpt>
      <trkpt lat="23.061781" lon="113.278743">
        <time>2026-08-22T23:26:08Z</time>
      </trkpt>
      <trkpt lat="23.061701" lon="113.278818">
        <time>2026-08-22T23:26:13Z</time>
      </trkpt>
      <trkpt lat="23.061652" lon="113.278946">
        <time>2026-08-22T23:26:18Z</time>
      </trkpt>
      <trkpt lat="23.061623" lon="113.279029">
        <time>2026-08-22T23:26:23Z</time>
      </trkpt>
      <trkpt lat="23.061594" lon="113.279113">
        <time>2026-08-22T23:26:28Z</time>
      </trkpt>
      <trkpt lat="23.061574" lon="113.279192">
        <time>2026-08-22T23:26:33Z</time>
      </trkpt>
      <trkpt lat="23.061616" lon="113.279167">
        <time>2026-08-22T23:26:38Z</time>
      </trkpt>
      <trkpt lat="23.061616" lon="113.279131">
        <time>2026-08-22T23:26:43Z</time>
      </trkpt>
      <trkpt lat="23.061588" lon="113.279147">
        <time>2026-08-22T23:26:48Z</time>
      </trkpt>
      <trkpt lat="23.061551" lon="113.27924">
        <time>2026-08-22T23:26:53Z</time>
      </trkpt>
      <trkpt lat="23.0615" lon="113.279383">
        <time>2026-08-22T23:26:58Z</time>
      </trkpt>
      <trkpt lat="23.061464" lon="113.27948">
        <time>2026-08-22T23:27:03Z</time>
      </trkpt>
      <trkpt lat="23.061432" lon="113.279574">
        <time>2026-08-22T23:27:08Z</time>
      </trkpt>
      <trkpt lat="23.061382" lon="113.279709">
        <time>2026-08-22T23:27:13Z</time>
      </trkpt>
      <trkpt lat="23.061324" lon="113.279842">
        <time>2026-08-22T23:27:18Z</time>
      </trkpt>
      <trkpt lat="23.061281" lon="113.279933">
        <time>2026-08-22T23:27:23Z</time>
      </trkpt>
      <trkpt lat="23.061239" lon="113.28002">
        <time>2026-08-22T23:27:28Z</time>
      </trkpt>
      <trkpt lat="23.061173" lon="113.280158">
        <time>2026-08-22T23:27:33Z</time>
      </trkpt>
      <trkpt lat="23.06111" lon="113.2803">
        <time>2026-08-22T23:27:38Z</time>
      </trkpt>
      <trkpt lat="23.061073" lon="113.280394">
        <time>2026-08-22T23:27:43Z</time>
      </trkpt>
      <trkpt lat="23.061039" lon="113.280486">
        <time>2026-08-22T23:27:48Z</time>
      </trkpt>
      <trkpt lat="23.060987" lon="113.280622">
        <time>2026-08-22T23:27:53Z</time>
      </trkpt>
      <trkpt lat="23.060924" lon="113.280756">
        <time>2026-08-22T23:27:58Z</time>
      </trkpt>
      <trkpt lat="23.060886" lon="113.280847">
        <time>2026-08-22T23:28:03Z</time>
      </trkpt>
      <trkpt lat="23.060845" lon="113.280934">
        <time>2026-08-22T23:28:08Z</time>
      </trkpt>
      <trkpt lat="23.060787" lon="113.281065">
        <time>2026-08-22T23:28:13Z</time>
      </trkpt>
      <trkpt lat="23.060738" lon="113.281208">
        <time>2026-08-22T23:28:18Z</time>
      </trkpt>
      <trkpt lat="23.060701" lon="113.281299">
        <time>2026-08-22T23:28:23Z</time>
      </trkpt>
      <trkpt lat="23.060664" lon="113.281388">
        <time>2026-08-22T23:28:28Z</time>
      </trkpt>
      <trkpt lat="23.060604" lon="113.281515">
        <time>2026-08-22T23:28:33Z</time>
      </trkpt>
      <trkpt lat="23.060551" lon="113.281645">
        <time>2026-08-22T23:28:38Z</time>
      </trkpt>
      <trkpt lat="23.060509" lon="113.281734">
        <time>2026-08-22T23:28:43Z</time>
      </trkpt>
      <trkpt lat="23.06046" lon="113.281823">
        <time>2026-08-22T23:28:48Z</time>
      </trkpt>
      <trkpt lat="23.060392" lon="113.281955">
        <time>2026-08-22T23:28:53Z</time>
      </trkpt>
      <trkpt lat="23.060338" lon="113.282092">
        <time>2026-08-22T23:28:58Z</time>
      </trkpt>
      <trkpt lat="23.060303" lon="113.282181">
        <time>2026-08-22T23:29:03Z</time>
      </trkpt>
      <trkpt lat="23.060265" lon="113.282269">
        <time>2026-08-22T23:29:08Z</time>
      </trkpt>
      <trkpt lat="23.060204" lon="113.282397">
        <time>2026-08-22T23:29:13Z</time>
      </trkpt>
      <trkpt lat="23.06014" lon="113.282525">
        <time>2026-08-22T23:29:18Z</time>
      </trkpt>
      <trkpt lat="23.060095" lon="113.282609">
        <time>2026-08-22T23:29:23Z</time>
      </trkpt>
      <trkpt lat="23.06006" lon="113.282691">
        <time>2026-08-22T23:29:28Z</time>
      </trkpt>
      <trkpt lat="23.060011" lon="113.282818">
        <time>2026-08-22T23:29:33Z</time>
      </trkpt>
      <trkpt lat="23.059961" lon="113.282952">
        <time>2026-08-22T23:29:38Z</time>
      </trkpt>
      <trkpt lat="23.059928" lon="113.283044">
        <time>2026-08-22T23:29:43Z</time>
      </trkpt>
      <trkpt lat="23.059893" lon="113.283134">
        <time>2026-08-22T23:29:48Z</time>
      </trkpt>
      <trkpt lat="23.059831" lon="113.283272">
        <time>2026-08-22T23:29:53Z</time>
      </trkpt>
      <trkpt lat="23.059766" lon="113.28341">
        <time>2026-08-22T23:29:58Z</time>
      </trkpt>
      <trkpt lat="23.059729" lon="113.283502">
        <time>2026-08-22T23:30:03Z</time>
      </trkpt>
      <trkpt lat="23.059685" lon="113.283592">
        <time>2026-08-22T23:30:08Z</time>
      </trkpt>
      <trkpt lat="23.05963" lon="113.283736">
        <time>2026-08-22T23:30:13Z</time>
      </trkpt>
      <trkpt lat="23.05957" lon="113.283882">
        <time>2026-08-22T23:30:18Z</time>
      </trkpt>
      <trkpt lat="23.059531" lon="113.283975">
        <time>2026-08-22T23:30:23Z</time>
      </trkpt>
      <trkpt lat="23.059496" lon="113.284068">
        <time>2026-08-22T23:30:28Z</time>
      </trkpt>
      <trkpt lat="23.059452" lon="113.284212">
        <time>2026-08-22T23:30:33Z</time>
      </trkpt>
      <trkpt lat="23.059405" lon="113.284347">
        <time>2026-08-22T23:30:38Z</time>
      </trkpt>
      <trkpt lat="23.059368" lon="113.284432">
        <time>2026-08-22T23:30:43Z</time>
      </trkpt>
      <trkpt lat="23.05933" lon="113.284516">
        <time>2026-08-22T23:30:48Z</time>
      </trkpt>
      <trkpt lat="23.059284" lon="113.284646">
        <time>2026-08-22T23:30:53Z</time>
      </trkpt>
      <trkpt lat="23.059237" lon="113.284771">
        <time>2026-08-22T23:30:58Z</time>
      </trkpt>
      <trkpt lat="23.059204" lon="113.284855">
        <time>2026-08-22T23:31:03Z</time>
      </trkpt>
      <trkpt lat="23.059167" lon="113.284939">
        <time>2026-08-22T23:31:08Z</time>
      </trkpt>
      <trkpt lat="23.059109" lon="113.285071">
        <time>2026-08-22T23:31:13Z</time>
      </trkpt>
      <trkpt lat="23.059057" lon="113.285202">
        <time>2026-08-22T23:31:18Z</time>
      </trkpt>
      <trkpt lat="23.059023" lon="113.285288">
        <time>2026-08-22T23:31:23Z</time>
      </trkpt>
      <trkpt lat="23.058986" lon="113.285373">
        <time>2026-08-22T23:31:28Z</time>
      </trkpt>
      <trkpt lat="23.058927" lon="113.285495">
        <time>2026-08-22T23:31:33Z</time>
      </trkpt>
      <trkpt lat="23.058869" lon="113.285632">
        <time>2026-08-22T23:31:38Z</time>
      </trkpt>
      <trkpt lat="23.058832" lon="113.285722">
        <time>2026-08-22T23:31:43Z</time>
      </trkpt>
      <trkpt lat="23.058793" lon="113.28581">
        <time>2026-08-22T23:31:48Z</time>
      </trkpt>
      <trkpt lat="23.058735" lon="113.285947">
        <time>2026-08-22T23:31:53Z</time>
      </trkpt>
      <trkpt lat="23.058684" lon="113.286093">
        <time>2026-08-22T23:31:58Z</time>
      </trkpt>
      <trkpt lat="23.058666" lon="113.286196">
        <time>2026-08-22T23:32:03Z</time>
      </trkpt>
      <trkpt lat="23.058689" lon="113.286287">
        <time>2026-08-22T23:32:08Z</time>
      </trkpt>
      <trkpt lat="23.058804" lon="113.286371">
        <time>2026-08-22T23:32:13Z</time>
      </trkpt>
      <trkpt lat="23.058932" lon="113.286414">
        <time>2026-08-22T23:32:18Z</time>
      </trkpt>
      <trkpt lat="23.059013" lon="113.286424">
        <time>2026-08-22T23:32:23Z</time>
      </trkpt>
      <trkpt lat="23.059098" lon="113.286428">
        <time>2026-08-22T23:32:28Z</time>
      </trkpt>
      <trkpt lat="23.059225" lon="113.286429">
        <time>2026-08-22T23:32:33Z</time>
      </trkpt>
      <trkpt lat="23.059351" lon="113.286433">
        <time>2026-08-22T23:32:38Z</time>
      </trkpt>
      <trkpt lat="23.059436" lon="113.286446">
        <time>2026-08-22T23:32:43Z</time>
      </trkpt>
      <trkpt lat="23.059521" lon="113.28645">
        <time>2026-08-22T23:32:48Z</time>
      </trkpt>
      <trkpt lat="23.059653" lon="113.286459">
        <time>2026-08-22T23:32:53Z</time>
      </trkpt>
      <trkpt lat="23.059772" lon="113.286465">
        <time>2026-08-22T23:32:58Z</time>
      </trkpt>
      <trkpt lat="23.059859" lon="113.28645">
        <time>2026-08-22T23:33:03Z</time>
      </trkpt>
      <trkpt lat="23.059952" lon="113.286439">
        <time>2026-08-22T23:33:08Z</time>
      </trkpt>
      <trkpt lat="23.060084" lon="113.286478">
        <time>2026-08-22T23:33:13Z</time>
      </trkpt>
      <trkpt lat="23.06012" lon="113.286625">
        <time>2026-08-22T23:33:18Z</time>
      </trkpt>
      <trkpt lat="23.060119" lon="113.286755">
        <time>2026-08-22T23:33:23Z</time>
      </trkpt>
      <trkpt lat="23.060135" lon="113.286876">
        <time>2026-08-22T23:33:28Z</time>
      </trkpt>
      <trkpt lat="23.060185" lon="113.287033">
        <time>2026-08-22T23:33:33Z</time>
      </trkpt>
      <trkpt lat="23.060239" lon="113.28718">
        <time>2026-08-22T23:33:38Z</time>
      </trkpt>
      <trkpt lat="23.060285" lon="113.28728">
        <time>2026-08-22T23:33:43Z</time>
      </trkpt>
      <trkpt lat="23.06033" lon="113.28738">
        <time>2026-08-22T23:33:48Z</time>
      </trkpt>
      <trkpt lat="23.060367" lon="113.287521">
        <time>2026-08-22T23:33:53Z</time>
      </trkpt>
      <trkpt lat="23.060369" lon="113.28766">
        <time>2026-08-22T23:33:58Z</time>
      </trkpt>
      <trkpt lat="23.060324" lon="113.287759">
        <time>2026-08-22T23:34:03Z</time>
      </trkpt>
      <trkpt lat="23.060249" lon="113.287874">
        <time>2026-08-22T23:34:08Z</time>
      </trkpt>
      <trkpt lat="23.060295" lon="113.287912">
        <time>2026-08-22T23:34:13Z</time>
      </trkpt>
      <trkpt lat="23.060316" lon="113.287805">
        <time>2026-08-22T23:34:18Z</time>
      </trkpt>
      <trkpt lat="23.060306" lon="113.287659">
        <time>2026-08-22T23:34:23Z</time>
      </trkpt>
      <trkpt lat="23.0603" lon="113.287568">
        <time>2026-08-22T23:34:28Z</time>
      </trkpt>
      <trkpt lat="23.060293" lon="113.287466">
        <time>2026-08-22T23:34:33Z</time>
      </trkpt>
      <trkpt lat="23.060254" lon="113.287306">
        <time>2026-08-22T23:34:38Z</time>
      </trkpt>
      <trkpt lat="23.060214" lon="113.287146">
        <time>2026-08-22T23:34:43Z</time>
      </trkpt>
      <trkpt lat="23.060194" lon="113.28704">
        <time>2026-08-22T23:34:48Z</time>
      </trkpt>
      <trkpt lat="23.060183" lon="113.286925">
        <time>2026-08-22T23:34:53Z</time>
      </trkpt>
      <trkpt lat="23.060246" lon="113.286761">
        <time>2026-08-22T23:34:58Z</time>
      </trkpt>
      <trkpt lat="23.060244" lon="113.286604">
        <time>2026-08-22T23:35:03Z</time>
      </trkpt>
      <trkpt lat="23.060239" lon="113.286531">
        <time>2026-08-22T23:35:08Z</time>
      </trkpt>
      <trkpt lat="23.06023" lon="113.2865">
        <time>2026-08-22T23:35:13Z</time>
      </trkpt>
      <trkpt lat="23.060137" lon="113.286456">
        <time>2026-08-22T23:35:18Z</time>
      </trkpt>
      <trkpt lat="23.059999" lon="113.286405">
        <time>2026-08-22T23:35:23Z</time>
      </trkpt>
      <trkpt lat="23.059911" lon="113.286371">
        <time>2026-08-22T23:35:28Z</time>
      </trkpt>
      <trkpt lat="23.059821" lon="113.286339">
        <time>2026-08-22T23:35:33Z</time>
      </trkpt>
      <trkpt lat="23.059684" lon="113.28631">
        <time>2026-08-22T23:35:38Z</time>
      </trkpt>
      <trkpt lat="23.059537" lon="113.286286">
        <time>2026-08-22T23:35:43Z</time>
      </trkpt>
      <trkpt lat="23.059443" lon="113.28628">
        <time>2026-08-22T23:35:48Z</time>
      </trkpt>
      <trkpt lat="23.059344" lon="113.286282">
        <time>2026-08-22T23:35:53Z</time>
      </trkpt>
      <trkpt lat="23.059211" lon="113.286283">
        <time>2026-08-22T23:35:58Z</time>
      </trkpt>
      <trkpt lat="23.059085" lon="113.286271">
        <time>2026-08-22T23:36:03Z</time>
      </trkpt>
      <trkpt lat="23.059001" lon="113.286265">
        <time>2026-08-22T23:36:08Z</time>
      </trkpt>
      <trkpt lat="23.058913" lon="113.28626">
        <time>2026-08-22T23:36:13Z</time>
      </trkpt>
      <trkpt lat="23.05878" lon="113.286226">
        <time>2026-08-22T23:36:18Z</time>
      </trkpt>
      <trkpt lat="23.058753" lon="113.286116">
        <time>2026-08-22T23:36:23Z</time>
      </trkpt>
      <trkpt lat="23.0588" lon="113.286029">
        <time>2026-08-22T23:36:28Z</time>
      </trkpt>
      <trkpt lat="23.058846" lon="113.285943">
        <time>2026-08-22T23:36:33Z</time>
      </trkpt>
      <trkpt lat="23.058907" lon="113.285817">
        <time>2026-08-22T23:36:38Z</time>
      </trkpt>
      <trkpt lat="23.058963" lon="113.285694">
        <time>2026-08-22T23:36:43Z</time>
      </trkpt>
      <trkpt lat="23.058999" lon="113.285607">
        <time>2026-08-22T23:36:48Z</time>
      </trkpt>
      <trkpt lat="23.059033" lon="113.28552">
        <time>2026-08-22T23:36:53Z</time>
      </trkpt>
      <trkpt lat="23.059089" lon="113.285388">
        <time>2026-08-22T23:36:58Z</time>
      </trkpt>
      <trkpt lat="23.059144" lon="113.285264">
        <time>2026-08-22T23:37:03Z</time>
      </trkpt>
      <trkpt lat="23.059174" lon="113.285182">
        <time>2026-08-22T23:37:08Z</time>
      </trkpt>
      <trkpt lat="23.059206" lon="113.285096">
        <time>2026-08-22T23:37:13Z</time>
      </trkpt>
      <trkpt lat="23.059255" lon="113.284976">
        <time>2026-08-22T23:37:18Z</time>
      </trkpt>
      <trkpt lat="23.059313" lon="113.284844">
        <time>2026-08-22T23:37:23Z</time>
      </trkpt>
      <trkpt lat="23.059355" lon="113.284761">
        <time>2026-08-22T23:37:28Z</time>
      </trkpt>
      <trkpt lat="23.05939" lon="113.284676">
        <time>2026-08-22T23:37:33Z</time>
      </trkpt>
      <trkpt lat="23.059444" lon="113.284547">
        <time>2026-08-22T23:37:38Z</time>
      </trkpt>
      <trkpt lat="23.059491" lon="113.284417">
        <time>2026-08-22T23:37:43Z</time>
      </trkpt>
      <trkpt lat="23.059524" lon="113.284332">
        <time>2026-08-22T23:37:48Z</time>
      </trkpt>
      <trkpt lat="23.059562" lon="113.284248">
        <time>2026-08-22T23:37:53Z</time>
      </trkpt>
      <trkpt lat="23.059614" lon="113.284124">
        <time>2026-08-22T23:37:58Z</time>
      </trkpt>
      <trkpt lat="23.059672" lon="113.283995">
        <time>2026-08-22T23:38:03Z</time>
      </trkpt>
      <trkpt lat="23.059715" lon="113.283908">
        <time>2026-08-22T23:38:08Z</time>
      </trkpt>
      <trkpt lat="23.059758" lon="113.283817">
        <time>2026-08-22T23:38:13Z</time>
      </trkpt>
      <trkpt lat="23.059817" lon="113.283678">
        <time>2026-08-22T23:38:18Z</time>
      </trkpt>
      <trkpt lat="23.059873" lon="113.283549">
        <time>2026-08-22T23:38:23Z</time>
      </trkpt>
      <trkpt lat="23.059917" lon="113.283466">
        <time>2026-08-22T23:38:28Z</time>
      </trkpt>
      <trkpt lat="23.059957" lon="113.28338">
        <time>2026-08-22T23:38:33Z</time>
      </trkpt>
      <trkpt lat="23.060024" lon="113.283261">
        <time>2026-08-22T23:38:38Z</time>
      </trkpt>
      <trkpt lat="23.060091" lon="113.283144">
        <time>2026-08-22T23:38:43Z</time>
      </trkpt>
      <trkpt lat="23.060134" lon="113.283057">
        <time>2026-08-22T23:38:48Z</time>
      </trkpt>
      <trkpt lat="23.06018" lon="113.282976">
        <time>2026-08-22T23:38:53Z</time>
      </trkpt>
      <trkpt lat="23.060242" lon="113.282849">
        <time>2026-08-22T23:38:58Z</time>
      </trkpt>
      <trkpt lat="23.060295" lon="113.28271">
        <time>2026-08-22T23:39:03Z</time>
      </trkpt>
      <trkpt lat="23.06033" lon="113.282614">
        <time>2026-08-22T23:39:08Z</time>
      </trkpt>
      <trkpt lat="23.060363" lon="113.282516">
        <time>2026-08-22T23:39:13Z</time>
      </trkpt>
      <trkpt lat="23.060411" lon="113.282384">
        <time>2026-08-22T23:39:18Z</time>
      </trkpt>
      <trkpt lat="23.060456" lon="113.282263">
        <time>2026-08-22T23:39:23Z</time>
      </trkpt>
      <trkpt lat="23.060491" lon="113.282177">
        <time>2026-08-22T23:39:28Z</time>
      </trkpt>
      <trkpt lat="23.06052" lon="113.28209">
        <time>2026-08-22T23:39:33Z</time>
      </trkpt>
      <trkpt lat="23.060571" lon="113.281968">
        <time>2026-08-22T23:39:38Z</time>
      </trkpt>
      <trkpt lat="23.060633" lon="113.281847">
        <time>2026-08-22T23:39:43Z</time>
      </trkpt>
      <trkpt lat="23.060672" lon="113.281769">
        <time>2026-08-22T23:39:48Z</time>
      </trkpt>
      <trkpt lat="23.060708" lon="113.281686">
        <time>2026-08-22T23:39:53Z</time>
      </trkpt>
      <trkpt lat="23.060758" lon="113.281559">
        <time>2026-08-22T23:39:58Z</time>
      </trkpt>
      <trkpt lat="23.060805" lon="113.281416">
        <time>2026-08-22T23:40:03Z</time>
      </trkpt>
      <trkpt lat="23.060836" lon="113.281321">
        <time>2026-08-22T23:40:08Z</time>
      </trkpt>
      <trkpt lat="23.060868" lon="113.281232">
        <time>2026-08-22T23:40:13Z</time>
      </trkpt>
      <trkpt lat="23.060923" lon="113.281097">
        <time>2026-08-22T23:40:18Z</time>
      </trkpt>
      <trkpt lat="23.060981" lon="113.280963">
        <time>2026-08-22T23:40:23Z</time>
      </trkpt>
      <trkpt lat="23.061021" lon="113.28087">
        <time>2026-08-22T23:40:28Z</time>
      </trkpt>
      <trkpt lat="23.061058" lon="113.280778">
        <time>2026-08-22T23:40:33Z</time>
      </trkpt>
      <trkpt lat="23.061109" lon="113.280638">
        <time>2026-08-22T23:40:38Z</time>
      </trkpt>
      <trkpt lat="23.061166" lon="113.280504">
        <time>2026-08-22T23:40:43Z</time>
      </trkpt>
      <trkpt lat="23.061215" lon="113.280428">
        <time>2026-08-22T23:40:48Z</time>
      </trkpt>
      <trkpt lat="23.061255" lon="113.280349">
        <time>2026-08-22T23:40:53Z</time>
      </trkpt>
      <trkpt lat="23.061307" lon="113.280219">
        <time>2026-08-22T23:40:58Z</time>
      </trkpt>
      <trkpt lat="23.061361" lon="113.280093">
        <time>2026-08-22T23:41:03Z</time>
      </trkpt>
      <trkpt lat="23.061401" lon="113.280015">
        <time>2026-08-22T23:41:08Z</time>
      </trkpt>
      <trkpt lat="23.061446" lon="113.279937">
        <time>2026-08-22T23:41:13Z</time>
      </trkpt>
      <trkpt lat="23.061505" lon="113.279814">
        <time>2026-08-22T23:41:18Z</time>
      </trkpt>
      <trkpt lat="23.061563" lon="113.279686">
        <time>2026-08-22T23:41:23Z</time>
      </trkpt>
      <trkpt lat="23.061595" lon="113.279599">
        <time>2026-08-22T23:41:28Z</time>
      </trkpt>
      <trkpt lat="23.061627" lon="113.279511">
        <time>2026-08-22T23:41:33Z</time>
      </trkpt>
      <trkpt lat="23.061681" lon="113.279367">
        <time>2026-08-22T23:41:38Z</time>
      </trkpt>
      <trkpt lat="23.061733" lon="113.279235">
        <time>2026-08-22T23:41:43Z</time>
      </trkpt>
      <trkpt lat="23.061768" lon="113.279153">
        <time>2026-08-22T23:41:48Z</time>
      </trkpt>
      <trkpt lat="23.061806" lon="113.279073">
        <time>2026-08-22T23:41:53Z</time>
      </trkpt>
      <trkpt lat="23.061879" lon="113.278964">
        <time>2026-08-22T23:41:58Z</time>
      </trkpt>
      <trkpt lat="23.061951" lon="113.278848">
        <time>2026-08-22T23:42:03Z</time>
      </trkpt>
      <trkpt lat="23.061979" lon="113.278759">
        <time>2026-08-22T23:42:08Z</time>
      </trkpt>
      <trkpt lat="23.061989" lon="113.278662">
        <time>2026-08-22T23:42:13Z</time>
      </trkpt>
      <trkpt lat="23.061981" lon="113.278514">
        <time>2026-08-22T23:42:18Z</time>
      </trkpt>
      <trkpt lat="23.061971" lon="113.27837">
        <time>2026-08-22T23:42:23Z</time>
      </trkpt>
      <trkpt lat="23.061965" lon="113.278275">
        <time>2026-08-22T23:42:28Z</time>
      </trkpt>
      <trkpt lat="23.061958" lon="113.278178">
        <time>2026-08-22T23:42:33Z</time>
      </trkpt>
      <trkpt lat="23.061947" lon="113.278031">
        <time>2026-08-22T23:42:38Z</time>
      </trkpt>
      <trkpt lat="23.061941" lon="113.277882">
        <time>2026-08-22T23:42:43Z</time>
      </trkpt>
      <trkpt lat="23.06195" lon="113.277786">
        <time>2026-08-22T23:42:48Z</time>
      </trkpt>
      <trkpt lat="23.06197" lon="113.277691">
        <time>2026-08-22T23:42:53Z</time>
      </trkpt>
      <trkpt lat="23.062024" lon="113.27755">
        <time>2026-08-22T23:42:58Z</time>
      </trkpt>
      <trkpt lat="23.062078" lon="113.277411">
        <time>2026-08-22T23:43:03Z</time>
      </trkpt>
      <trkpt lat="23.062113" lon="113.277319">
        <time>2026-08-22T23:43:08Z</time>
      </trkpt>
      <trkpt lat="23.062145" lon="113.277232">
        <time>2026-08-22T23:43:13Z</time>
      </trkpt>
      <trkpt lat="23.062184" lon="113.277108">
        <time>2026-08-22T23:43:18Z</time>
      </trkpt>
      <trkpt lat="23.062237" lon="113.276984">
        <time>2026-08-22T23:43:23Z</time>
      </trkpt>
      <trkpt lat="23.062265" lon="113.276899">
        <time>2026-08-22T23:43:28Z</time>
      </trkpt>
      <trkpt lat="23.062299" lon="113.276815">
        <time>2026-08-22T23:43:33Z</time>
      </trkpt>
      <trkpt lat="23.062355" lon="113.276683">
        <time>2026-08-22T23:43:38Z</time>
      </trkpt>
      <trkpt lat="23.062401" lon="113.27655">
        <time>2026-08-22T23:43:43Z</time>
      </trkpt>
      <trkpt lat="23.062429" lon="113.276458">
        <time>2026-08-22T23:43:48Z</time>
      </trkpt>
      <trkpt lat="23.062461" lon="113.276368">
        <time>2026-08-22T23:43:53Z</time>
      </trkpt>
      <trkpt lat="23.062516" lon="113.276235">
        <time>2026-08-22T23:43:58Z</time>
      </trkpt>
      <trkpt lat="23.062582" lon="113.276107">
        <time>2026-08-22T23:44:03Z</time>
      </trkpt>
      <trkpt lat="23.06263" lon="113.276026">
        <time>2026-08-22T23:44:08Z</time>
      </trkpt>
      <trkpt lat="23.062686" lon="113.275951">
        <time>2026-08-22T23:44:13Z</time>
      </trkpt>
      <trkpt lat="23.062773" lon="113.275845">
        <time>2026-08-22T23:44:18Z</time>
      </trkpt>
      <trkpt lat="23.062873" lon="113.275749">
        <time>2026-08-22T23:44:23Z</time>
      </trkpt>
      <trkpt lat="23.062937" lon="113.275681">
        <time>2026-08-22T23:44:28Z</time>
      </trkpt>
      <trkpt lat="23.063" lon="113.275608">
        <time>2026-08-22T23:44:33Z</time>
      </trkpt>
      <trkpt lat="23.063086" lon="113.275493">
        <time>2026-08-22T23:44:38Z</time>
      </trkpt>
      <trkpt lat="23.063156" lon="113.275366">
        <time>2026-08-22T23:44:43Z</time>
      </trkpt>
      <trkpt lat="23.063203" lon="113.275286">
        <time>2026-08-22T23:44:48Z</time>
      </trkpt>
      <trkpt lat="23.06325" lon="113.275203">
        <time>2026-08-22T23:44:53Z</time>
      </trkpt>
      <trkpt lat="23.063322" lon="113.275078">
        <time>2026-08-22T23:44:58Z</time>
      </trkpt>
      <trkpt lat="23.063383" lon="113.274951">
        <time>2026-08-22T23:45:03Z</time>
      </trkpt>
      <trkpt lat="23.063412" lon="113.274868">
        <time>2026-08-22T23:45:08Z</time>
      </trkpt>
      <trkpt lat="23.06344" lon="113.274785">
        <time>2026-08-22T23:45:13Z</time>
      </trkpt>
      <trkpt lat="23.063484" lon="113.274654">
        <time>2026-08-22T23:45:18Z</time>
      </trkpt>
      <trkpt lat="23.063526" lon="113.274509">
        <time>2026-08-22T23:45:23Z</time>
      </trkpt>
      <trkpt lat="23.063559" lon="113.274423">
        <time>2026-08-22T23:45:28Z</time>
      </trkpt>
      <trkpt lat="23.063606" lon="113.274344">
        <time>2026-08-22T23:45:33Z</time>
      </trkpt>
      <trkpt lat="23.063695" lon="113.274248">
        <time>2026-08-22T23:45:38Z</time>
      </trkpt>
      <trkpt lat="23.063805" lon="113.274158">
        <time>2026-08-22T23:45:43Z</time>
      </trkpt>
      <trkpt lat="23.063863" lon="113.27408">
        <time>2026-08-22T23:45:48Z</time>
      </trkpt>
      <trkpt lat="23.063913" lon="113.273991">
        <time>2026-08-22T23:45:53Z</time>
      </trkpt>
      <trkpt lat="23.06399" lon="113.273856">
        <time>2026-08-22T23:45:58Z</time>
      </trkpt>
      <trkpt lat="23.064074" lon="113.273739">
        <time>2026-08-22T23:46:03Z</time>
      </trkpt>
      <trkpt lat="23.064138" lon="113.273676">
        <time>2026-08-22T23:46:08Z</time>
      </trkpt>
      <trkpt lat="23.064207" lon="113.273627">
        <time>2026-08-22T23:46:13Z</time>
      </trkpt>
      <trkpt lat="23.064311" lon="113.273545">
        <time>2026-08-22T23:46:18Z</time>
      </trkpt>
      <trkpt lat="23.064414" lon="113.273457">
        <time>2026-08-22T23:46:23Z</time>
      </trkpt>
      <trkpt lat="23.064479" lon="113.273394">
        <time>2026-08-22T23:46:28Z</time>
      </trkpt>
      <trkpt lat="23.064543" lon="113.273319">
        <time>2026-08-22T23:46:33Z</time>
      </trkpt>
      <trkpt lat="23.064593" lon="113.273183">
        <time>2026-08-22T23:46:38Z</time>
      </trkpt>
      <trkpt lat="23.06457" lon="113.273025">
        <time>2026-08-22T23:46:43Z</time>
      </trkpt>
      <trkpt lat="23.06454" lon="113.272924">
        <time>2026-08-22T23:46:48Z</time>
      </trkpt>
      <trkpt lat="23.064508" lon="113.272829">
        <time>2026-08-22T23:46:53Z</time>
      </trkpt>
      <trkpt lat="23.064461" lon="113.272695">
        <time>2026-08-22T23:46:58Z</time>
      </trkpt>
      <trkpt lat="23.064467" lon="113.272549">
        <time>2026-08-22T23:47:03Z</time>
      </trkpt>
      <trkpt lat="23.064519" lon="113.272465">
        <time>2026-08-22T23:47:08Z</time>
      </trkpt>
      <trkpt lat="23.064569" lon="113.272374">
        <time>2026-08-22T23:47:13Z</time>
      </trkpt>
      <trkpt lat="23.064586" lon="113.272225">
        <time>2026-08-22T23:47:18Z</time>
      </trkpt>
      <trkpt lat="23.064635" lon="113.272088">
        <time>2026-08-22T23:47:23Z</time>
      </trkpt>
      <trkpt lat="23.064678" lon="113.272007">
        <time>2026-08-22T23:47:28Z</time>
      </trkpt>
      <trkpt lat="23.064722" lon="113.271921">
        <time>2026-08-22T23:47:33Z</time>
      </trkpt>
      <trkpt lat="23.064785" lon="113.271787">
        <time>2026-08-22T23:47:38Z</time>
      </trkpt>
      <trkpt lat="23.064839" lon="113.271647">
        <time>2026-08-22T23:47:43Z</time>
      </trkpt>
      <trkpt lat="23.064878" lon="113.271559">
        <time>2026-08-22T23:47:48Z</time>
      </trkpt>
      <trkpt lat="23.064917" lon="113.271476">
        <time>2026-08-22T23:47:53Z</time>
      </trkpt>
      <trkpt lat="23.064987" lon="113.271354">
        <time>2026-08-22T23:47:58Z</time>
      </trkpt>
      <trkpt lat="23.065058" lon="113.271223">
        <time>2026-08-22T23:48:03Z</time>
      </trkpt>
      <trkpt lat="23.065098" lon="113.271123">
        <time>2026-08-22T23:48:08Z</time>
      </trkpt>
      <trkpt lat="23.065142" lon="113.271029">
        <time>2026-08-22T23:48:13Z</time>
      </trkpt>
      <trkpt lat="23.065209" lon="113.270905">
        <time>2026-08-22T23:48:18Z</time>
      </trkpt>
      <trkpt lat="23.06526" lon="113.270778">
        <time>2026-08-22T23:48:23Z</time>
      </trkpt>
      <trkpt lat="23.0653" lon="113.270692">
        <time>2026-08-22T23:48:28Z</time>
      </trkpt>
      <trkpt lat="23.065343" lon="113.270609">
        <time>2026-08-22T23:48:33Z</time>
      </trkpt>
      <trkpt lat="23.0654" lon="113.270482">
        <time>2026-08-22T23:48:38Z</time>
      </trkpt>
      <trkpt lat="23.065452" lon="113.27035">
        <time>2026-08-22T23:48:43Z</time>
      </trkpt>
      <trkpt lat="23.065492" lon="113.270263">
        <time>2026-08-22T23:48:48Z</time>
      </trkpt>
      <trkpt lat="23.065526" lon="113.270172">
        <time>2026-08-22T23:48:53Z</time>
      </trkpt>
      <trkpt lat="23.065573" lon="113.270035">
        <time>2026-08-22T23:48:58Z</time>
      </trkpt>
      <trkpt lat="23.065614" lon="113.269895">
        <time>2026-08-22T23:49:03Z</time>
      </trkpt>
      <trkpt lat="23.065639" lon="113.2698">
        <time>2026-08-22T23:49:08Z</time>
      </trkpt>
      <trkpt lat="23.065665" lon="113.269705">
        <time>2026-08-22T23:49:13Z</time>
      </trkpt>
      <trkpt lat="23.06571" lon="113.269567">
        <time>2026-08-22T23:49:18Z</time>
      </trkpt>
      <trkpt lat="23.065756" lon="113.269439">
        <time>2026-08-22T23:49:23Z</time>
      </trkpt>
      <trkpt lat="23.065783" lon="113.269348">
        <time>2026-08-22T23:49:28Z</time>
      </trkpt>
      <trkpt lat="23.065814" lon="113.269252">
        <time>2026-08-22T23:49:33Z</time>
      </trkpt>
      <trkpt lat="23.065861" lon="113.269113">
        <time>2026-08-22T23:49:38Z</time>
      </trkpt>
      <trkpt lat="23.06591" lon="113.268982">
        <time>2026-08-22T23:49:43Z</time>
      </trkpt>
      <trkpt lat="23.065945" lon="113.268896">
        <time>2026-08-22T23:49:48Z</time>
      </trkpt>
      <trkpt lat="23.06598" lon="113.268806">
        <time>2026-08-22T23:49:53Z</time>
      </trkpt>
      <trkpt lat="23.066029" lon="113.268677">
        <time>2026-08-22T23:49:58Z</time>
      </trkpt>
      <trkpt lat="23.066087" lon="113.268556">
        <time>2026-08-22T23:50:03Z</time>
      </trkpt>
      <trkpt lat="23.066133" lon="113.268475">
        <time>2026-08-22T23:50:08Z</time>
      </trkpt>
      <trkpt lat="23.066182" lon="113.268394">
        <time>2026-08-22T23:50:13Z</time>
      </trkpt>
      <trkpt lat="23.06627" lon="113.268286">
        <time>2026-08-22T23:50:18Z</time>
      </trkpt>
      <trkpt lat="23.066374" lon="113.268188">
        <time>2026-08-22T23:50:23Z</time>
      </trkpt>
      <trkpt lat="23.066457" lon="113.268144">
        <time>2026-08-22T23:50:28Z</time>
      </trkpt>
      <trkpt lat="23.066543" lon="113.268132">
        <time>2026-08-22T23:50:33Z</time>
      </trkpt>
      <trkpt lat="23.066669" lon="113.268142">
        <time>2026-08-22T23:50:38Z</time>
      </trkpt>
      <trkpt lat="23.066689" lon="113.268053">
        <time>2026-08-22T23:50:43Z</time>
      </trkpt>
      <trkpt lat="23.066601" lon="113.267997">
        <time>2026-08-22T23:50:48Z</time>
      </trkpt>
      <trkpt lat="23.066505" lon="113.267959">
        <time>2026-08-22T23:50:53Z</time>
      </trkpt>
      <trkpt lat="23.066371" lon="113.267943">
        <time>2026-08-22T23:50:58Z</time>
      </trkpt>
      <trkpt lat="23.066245" lon="113.267983">
        <time>2026-08-22T23:51:03Z</time>
      </trkpt>
      <trkpt lat="23.066174" lon="113.268041">
        <time>2026-08-22T23:51:08Z</time>
      </trkpt>
      <trkpt lat="23.06611" lon="113.268107">
        <time>2026-08-22T23:51:13Z</time>
      </trkpt>
      <trkpt lat="23.066026" lon="113.268216">
        <time>2026-08-22T23:51:18Z</time>
      </trkpt>
      <trkpt lat="23.065942" lon="113.268326">
        <time>2026-08-22T23:51:23Z</time>
      </trkpt>
      <trkpt lat="23.065886" lon="113.268404">
        <time>2026-08-22T23:51:28Z</time>
      </trkpt>
      <trkpt lat="23.065839" lon="113.268484">
        <time>2026-08-22T23:51:33Z</time>
      </trkpt>
      <trkpt lat="23.065781" lon="113.268611">
        <time>2026-08-22T23:51:38Z</time>
      </trkpt>
      <trkpt lat="23.065723" lon="113.268742">
        <time>2026-08-22T23:51:43Z</time>
      </trkpt>
      <trkpt lat="23.065687" lon="113.268833">
        <time>2026-08-22T23:51:48Z</time>
      </trkpt>
      <trkpt lat="23.065648" lon="113.268922">
        <time>2026-08-22T23:51:53Z</time>
      </trkpt>
      <trkpt lat="23.065597" lon="113.269063">
        <time>2026-08-22T23:51:58Z</time>
      </trkpt>
      <trkpt lat="23.065558" lon="113.269206">
        <time>2026-08-22T23:52:03Z</time>
      </trkpt>
      <trkpt lat="23.065533" lon="113.269301">
        <time>2026-08-22T23:52:08Z</time>
      </trkpt>
      <trkpt lat="23.065514" lon="113.269403">
        <time>2026-08-22T23:52:13Z</time>
      </trkpt>
      <trkpt lat="23.065476" lon="113.269549">
        <time>2026-08-22T23:52:18Z</time>
      </trkpt>
      <trkpt lat="23.065435" lon="113.269686">
        <time>2026-08-22T23:52:23Z</time>
      </trkpt>
      <trkpt lat="23.065411" lon="113.269773">
        <time>2026-08-22T23:52:28Z</time>
      </trkpt>
      <trkpt lat="23.065377" lon="113.269858">
        <time>2026-08-22T23:52:33Z</time>
      </trkpt>
      <trkpt lat="23.065333" lon="113.269999">
        <time>2026-08-22T23:52:38Z</time>
      </trkpt>
      <trkpt lat="23.065287" lon="113.270133">
        <time>2026-08-22T23:52:43Z</time>
      </trkpt>
      <trkpt lat="23.065251" lon="113.270222">
        <time>2026-08-22T23:52:48Z</time>
      </trkpt>
      <trkpt lat="23.065213" lon="113.270306">
        <time>2026-08-22T23:52:53Z</time>
      </trkpt>
      <trkpt lat="23.065161" lon="113.270433">
        <time>2026-08-22T23:52:58Z</time>
      </trkpt>
      <trkpt lat="23.065098" lon="113.270558">
        <time>2026-08-22T23:53:03Z</time>
      </trkpt>
      <trkpt lat="23.065058" lon="113.270641">
        <time>2026-08-22T23:53:08Z</time>
      </trkpt>
      <trkpt lat="23.065017" lon="113.270724">
        <time>2026-08-22T23:53:13Z</time>
      </trkpt>
      <trkpt lat="23.064959" lon="113.270852">
        <time>2026-08-22T23:53:18Z</time>
      </trkpt>
      <trkpt lat="23.064906" lon="113.270979">
        <time>2026-08-22T23:53:23Z</time>
      </trkpt>
      <trkpt lat="23.064866" lon="113.271066">
        <time>2026-08-22T23:53:28Z</time>
      </trkpt>
      <trkpt lat="23.064824" lon="113.271154">
        <time>2026-08-22T23:53:33Z</time>
      </trkpt>
      <trkpt lat="23.064761" lon="113.271282">
        <time>2026-08-22T23:53:38Z</time>
      </trkpt>
      <trkpt lat="23.064701" lon="113.271412">
        <time>2026-08-22T23:53:43Z</time>
      </trkpt>
      <trkpt lat="23.064656" lon="113.2715">
        <time>2026-08-22T23:53:48Z</time>
      </trkpt>
      <trkpt lat="23.064615" lon="113.271591">
        <time>2026-08-22T23:53:53Z</time>
      </trkpt>
      <trkpt lat="23.064557" lon="113.271729">
        <time>2026-08-22T23:53:58Z</time>
      </trkpt>
      <trkpt lat="23.064497" lon="113.271864">
        <time>2026-08-22T23:54:03Z</time>
      </trkpt>
      <trkpt lat="23.064456" lon="113.271957">
        <time>2026-08-22T23:54:08Z</time>
      </trkpt>
      <trkpt lat="23.064418" lon="113.272049">
        <time>2026-08-22T23:54:13Z</time>
      </trkpt>
      <trkpt lat="23.06435" lon="113.272182">
        <time>2026-08-22T23:54:18Z</time>
      </trkpt>
      <trkpt lat="23.064325" lon="113.272333">
        <time>2026-08-22T23:54:23Z</time>
      </trkpt>
      <trkpt lat="23.064317" lon="113.272425">
        <time>2026-08-22T23:54:28Z</time>
      </trkpt>
      <trkpt lat="23.064311" lon="113.272516">
        <time>2026-08-22T23:54:33Z</time>
      </trkpt>
      <trkpt lat="23.064329" lon="113.272653">
        <time>2026-08-22T23:54:38Z</time>
      </trkpt>
      <trkpt lat="23.064373" lon="113.272789">
        <time>2026-08-22T23:54:43Z</time>
      </trkpt>
      <trkpt lat="23.064404" lon="113.272879">
        <time>2026-08-22T23:54:48Z</time>
      </trkpt>
      <trkpt lat="23.064432" lon="113.272971">
        <time>2026-08-22T23:54:53Z</time>
      </trkpt>
      <trkpt lat="23.064467" lon="113.273112">
        <time>2026-08-22T23:54:58Z</time>
      </trkpt>
      <trkpt lat="23.064442" lon="113.273255">
        <time>2026-08-22T23:55:03Z</time>
      </trkpt>
      <trkpt lat="23.064384" lon="113.273332">
        <time>2026-08-22T23:55:08Z</time>
      </trkpt>
      <trkpt lat="23.064307" lon="113.273393">
        <time>2026-08-22T23:55:13Z</time>
      </trkpt>
      <trkpt lat="23.064193" lon="113.273478">
        <time>2026-08-22T23:55:18Z</time>
      </trkpt>
      <trkpt lat="23.064082" lon="113.273564">
        <time>2026-08-22T23:55:23Z</time>
      </trkpt>
      <trkpt lat="23.064007" lon="113.273624">
        <time>2026-08-22T23:55:28Z</time>
      </trkpt>
      <trkpt lat="23.063945" lon="113.273686">
        <time>2026-08-22T23:55:33Z</time>
      </trkpt>
      <trkpt lat="23.063865" lon="113.273796">
        <time>2026-08-22T23:55:38Z</time>
      </trkpt>
      <trkpt lat="23.063793" lon="113.273919">
        <time>2026-08-22T23:55:43Z</time>
      </trkpt>
      <trkpt lat="23.063746" lon="113.274003">
        <time>2026-08-22T23:55:48Z</time>
      </trkpt>
      <trkpt lat="23.063688" lon="113.27408">
        <time>2026-08-22T23:55:53Z</time>
      </trkpt>
      <trkpt lat="23.06358" lon="113.274175">
        <time>2026-08-22T23:55:58Z</time>
      </trkpt>
      <trkpt lat="23.0635" lon="113.274322">
        <time>2026-08-22T23:56:03Z</time>
      </trkpt>
      <trkpt lat="23.063449" lon="113.274423">
        <time>2026-08-22T23:56:08Z</time>
      </trkpt>
      <trkpt lat="23.06341" lon="113.274528">
        <time>2026-08-22T23:56:13Z</time>
      </trkpt>
      <trkpt lat="23.063362" lon="113.274686">
        <time>2026-08-22T23:56:18Z</time>
      </trkpt>
      <trkpt lat="23.063307" lon="113.274844">
        <time>2026-08-22T23:56:23Z</time>
      </trkpt>
      <trkpt lat="23.063272" lon="113.274948">
        <time>2026-08-22T23:56:28Z</time>
      </trkpt>
      <trkpt lat="23.06323" lon="113.275051">
        <time>2026-08-22T23:56:33Z</time>
      </trkpt>
      <trkpt lat="23.063149" lon="113.275187">
        <time>2026-08-22T23:56:38Z</time>
      </trkpt>
      <trkpt lat="23.063072" lon="113.275314">
        <time>2026-08-22T23:56:43Z</time>
      </trkpt>
      <trkpt lat="23.06303" lon="113.275395">
        <time>2026-08-22T23:56:48Z</time>
      </trkpt>
      <trkpt lat="23.062982" lon="113.275475">
        <time>2026-08-22T23:56:53Z</time>
      </trkpt>
      <trkpt lat="23.062893" lon="113.275592">
        <time>2026-08-22T23:56:58Z</time>
      </trkpt>
      <trkpt lat="23.062793" lon="113.275696">
        <time>2026-08-22T23:57:03Z</time>
      </trkpt>
      <trkpt lat="23.062723" lon="113.275766">
        <time>2026-08-22T23:57:08Z</time>
      </trkpt>
      <trkpt lat="23.062657" lon="113.27584">
        <time>2026-08-22T23:57:13Z</time>
      </trkpt>
      <trkpt lat="23.062573" lon="113.275956">
        <time>2026-08-22T23:57:18Z</time>
      </trkpt>
      <trkpt lat="23.062501" lon="113.276076">
        <time>2026-08-22T23:57:23Z</time>
      </trkpt>
      <trkpt lat="23.062458" lon="113.276162">
        <time>2026-08-22T23:57:28Z</time>
      </trkpt>
      <trkpt lat="23.062419" lon="113.276253">
        <time>2026-08-22T23:57:33Z</time>
      </trkpt>
      <trkpt lat="23.06237" lon="113.276389">
        <time>2026-08-22T23:57:38Z</time>
      </trkpt>
      <trkpt lat="23.062322" lon="113.276524">
        <time>2026-08-22T23:57:43Z</time>
      </trkpt>
      <trkpt lat="23.062288" lon="113.276616">
        <time>2026-08-22T23:57:48Z</time>
      </trkpt>
      <trkpt lat="23.062253" lon="113.276704">
        <time>2026-08-22T23:57:53Z</time>
      </trkpt>
      <trkpt lat="23.062204" lon="113.276839">
        <time>2026-08-22T23:57:58Z</time>
      </trkpt>
      <trkpt lat="23.062157" lon="113.27697">
        <time>2026-08-22T23:58:03Z</time>
      </trkpt>
      <trkpt lat="23.062126" lon="113.277059">
        <time>2026-08-22T23:58:08Z</time>
      </trkpt>
      <trkpt lat="23.062089" lon="113.277154">
        <time>2026-08-22T23:58:13Z</time>
      </trkpt>
      <trkpt lat="23.062032" lon="113.277293">
        <time>2026-08-22T23:58:18Z</time>
      </trkpt>
      <trkpt lat="23.061979" lon="113.277428">
        <time>2026-08-22T23:58:23Z</time>
      </trkpt>
      <trkpt lat="23.061944" lon="113.277517">
        <time>2026-08-22T23:58:28Z</time>
      </trkpt>
      <trkpt lat="23.061898" lon="113.277604">
        <time>2026-08-22T23:58:33Z</time>
      </trkpt>
      <trkpt lat="23.061847" lon="113.277747">
        <time>2026-08-22T23:58:38Z</time>
      </trkpt>
      <trkpt lat="23.061831" lon="113.277894">
        <time>2026-08-22T23:58:43Z</time>
      </trkpt>
      <trkpt lat="23.061832" lon="113.277988">
        <time>2026-08-22T23:58:48Z</time>
      </trkpt>
      <trkpt lat="23.061841" lon="113.278078">
        <time>2026-08-22T23:58:53Z</time>
      </trkpt>
      <trkpt lat="23.061849" lon="113.278214">
        <time>2026-08-22T23:58:58Z</time>
      </trkpt>
      <trkpt lat="23.061847" lon="113.278355">
        <time>2026-08-22T23:59:03Z</time>
      </trkpt>
      <trkpt lat="23.061851" lon="113.278448">
        <time>2026-08-22T23:59:08Z</time>
      </trkpt>
      <trkpt lat="23.061855" lon="113.278539">
        <time>2026-08-22T23:59:13Z</time>
      </trkpt>
      <trkpt lat="23.06185" lon="113.278684">
        <time>2026-08-22T23:59:18Z</time>
      </trkpt>
      <trkpt lat="23.061768" lon="113.278752">
        <time>2026-08-22T23:59:23Z</time>
      </trkpt>
      <trkpt lat="23.061708" lon="113.278808">
        <time>2026-08-22T23:59:28Z</time>
      </trkpt>
      <trkpt lat="23.061672" lon="113.278894">
        <time>2026-08-22T23:59:33Z</time>
      </trkpt>
      <trkpt lat="23.061623" lon="113.279023">
        <time>2026-08-22T23:59:38Z</time>
      </trkpt>
      <trkpt lat="23.061577" lon="113.279136">
        <time>2026-08-22T23:59:43Z</time>
      </trkpt>
      <trkpt lat="23.06156" lon="113.27918">
        <time>2026-08-22T23:59:48Z</time>
      </trkpt>
      <trkpt lat="23.06158" lon="113.279189">
        <time>2026-08-22T23:59:53Z</time>
      </trkpt>
      <trkpt lat="23.061581" lon="113.279155">
        <time>2026-08-22T23:59:58Z</time>
      </trkpt>
      <trkpt lat="23.061561" lon="113.279167">
        <time>2026-08-23T00:00:03Z</time>
      </trkpt>
      <trkpt lat="23.061561" lon="113.279167">
        <time>2026-08-23T00:00:08Z</time>
      </trkpt>
      <trkpt lat="23.061533" lon="113.279269">
        <time>2026-08-23T00:00:13Z</time>
      </trkpt>
      <trkpt lat="23.061484" lon="113.279421">
        <time>2026-08-23T00:00:18Z</time>
      </trkpt>
      <trkpt lat="23.061448" lon="113.279518">
        <time>2026-08-23T00:00:23Z</time>
      </trkpt>
      <trkpt lat="23.061413" lon="113.279616">
        <time>2026-08-23T00:00:28Z</time>
      </trkpt>
      <trkpt lat="23.06136" lon="113.279759">
        <time>2026-08-23T00:00:33Z</time>
      </trkpt>
      <trkpt lat="23.061301" lon="113.2799">
        <time>2026-08-23T00:00:38Z</time>
      </trkpt>
      <trkpt lat="23.061261" lon="113.279998">
        <time>2026-08-23T00:00:43Z</time>
      </trkpt>
      <trkpt lat="23.061219" lon="113.280097">
        <time>2026-08-23T00:00:48Z</time>
      </trkpt>
      <trkpt lat="23.061156" lon="113.280239">
        <time>2026-08-23T00:00:53Z</time>
      </trkpt>
      <trkpt lat="23.061091" lon="113.280384">
        <time>2026-08-23T00:00:58Z</time>
      </trkpt>
      <trkpt lat="23.061048" lon="113.28048">
        <time>2026-08-23T00:01:03Z</time>
      </trkpt>
      <trkpt lat="23.061009" lon="113.280574">
        <time>2026-08-23T00:01:08Z</time>
      </trkpt>
      <trkpt lat="23.06094" lon="113.280703">
        <time>2026-08-23T00:01:13Z</time>
      </trkpt>
      <trkpt lat="23.060882" lon="113.280831">
        <time>2026-08-23T00:01:18Z</time>
      </trkpt>
      <trkpt lat="23.060841" lon="113.280917">
        <time>2026-08-23T00:01:23Z</time>
      </trkpt>
      <trkpt lat="23.060806" lon="113.281004">
        <time>2026-08-23T00:01:28Z</time>
      </trkpt>
      <trkpt lat="23.060752" lon="113.281135">
        <time>2026-08-23T00:01:33Z</time>
      </trkpt>
      <trkpt lat="23.060692" lon="113.281264">
        <time>2026-08-23T00:01:38Z</time>
      </trkpt>
      <trkpt lat="23.060659" lon="113.281348">
        <time>2026-08-23T00:01:43Z</time>
      </trkpt>
      <trkpt lat="23.060626" lon="113.281432">
        <time>2026-08-23T00:01:48Z</time>
      </trkpt>
      <trkpt lat="23.06057" lon="113.281563">
        <time>2026-08-23T00:01:53Z</time>
      </trkpt>
      <trkpt lat="23.06051" lon="113.281695">
        <time>2026-08-23T00:01:58Z</time>
      </trkpt>
      <trkpt lat="23.060468" lon="113.281785">
        <time>2026-08-23T00:02:03Z</time>
      </trkpt>
      <trkpt lat="23.060425" lon="113.281874">
        <time>2026-08-23T00:02:08Z</time>
      </trkpt>
      <trkpt lat="23.060371" lon="113.282004">
        <time>2026-08-23T00:02:13Z</time>
      </trkpt>
      <trkpt lat="23.060321" lon="113.282134">
        <time>2026-08-23T00:02:18Z</time>
      </trkpt>
      <trkpt lat="23.060286" lon="113.28222">
        <time>2026-08-23T00:02:23Z</time>
      </trkpt>
      <trkpt lat="23.060251" lon="113.282308">
        <time>2026-08-23T00:02:28Z</time>
      </trkpt>
      <trkpt lat="23.060197" lon="113.282437">
        <time>2026-08-23T00:02:33Z</time>
      </trkpt>
      <trkpt lat="23.060146" lon="113.282557">
        <time>2026-08-23T00:02:38Z</time>
      </trkpt>
      <trkpt lat="23.060111" lon="113.282643">
        <time>2026-08-23T00:02:43Z</time>
      </trkpt>
      <trkpt lat="23.060071" lon="113.282729">
        <time>2026-08-23T00:02:48Z</time>
      </trkpt>
      <trkpt lat="23.060016" lon="113.282867">
        <time>2026-08-23T00:02:53Z</time>
      </trkpt>
      <trkpt lat="23.059955" lon="113.283003">
        <time>2026-08-23T00:02:58Z</time>
      </trkpt>
      <trkpt lat="23.059913" lon="113.283095">
        <time>2026-08-23T00:03:03Z</time>
      </trkpt>
      <trkpt lat="23.059876" lon="113.283187">
        <time>2026-08-23T00:03:08Z</time>
      </trkpt>
      <trkpt lat="23.059821" lon="113.283318">
        <time>2026-08-23T00:03:13Z</time>
      </trkpt>
      <trkpt lat="23.059765" lon="113.283446">
        <time>2026-08-23T00:03:18Z</time>
      </trkpt>
      <trkpt lat="23.059727" lon="113.283532">
        <time>2026-08-23T00:03:23Z</time>
      </trkpt>
      <trkpt lat="23.059697" lon="113.283624">
        <time>2026-08-23T00:03:28Z</time>
      </trkpt>
      <trkpt lat="23.059635" lon="113.283755">
        <time>2026-08-23T00:03:33Z</time>
      </trkpt>
      <trkpt lat="23.059564" lon="113.283887">
        <time>2026-08-23T00:03:38Z</time>
      </trkpt>
      <trkpt lat="23.059524" lon="113.283977">
        <time>2026-08-23T00:03:43Z</time>
      </trkpt>
      <trkpt lat="23.059481" lon="113.284064">
        <time>2026-08-23T00:03:48Z</time>
      </trkpt>
      <trkpt lat="23.059406" lon="113.284187">
        <time>2026-08-23T00:03:53Z</time>
      </trkpt>
      <trkpt lat="23.05935" lon="113.284316">
        <time>2026-08-23T00:03:58Z</time>
      </trkpt>
      <trkpt lat="23.05932" lon="113.284408">
        <time>2026-08-23T00:04:03Z</time>
      </trkpt>
      <trkpt lat="23.059304" lon="113.284498">
        <time>2026-08-23T00:04:08Z</time>
      </trkpt>
      <trkpt lat="23.059275" lon="113.284637">
        <time>2026-08-23T00:04:13Z</time>
      </trkpt>
      <trkpt lat="23.059229" lon="113.284764">
        <time>2026-08-23T00:04:18Z</time>
      </trkpt>
      <trkpt lat="23.059197" lon="113.284848">
        <time>2026-08-23T00:04:23Z</time>
      </trkpt>
      <trkpt lat="23.059166" lon="113.284928">
        <time>2026-08-23T00:04:28Z</time>
      </trkpt>
      <trkpt lat="23.05912" lon="113.285059">
        <time>2026-08-23T00:04:33Z</time>
      </trkpt>
      <trkpt lat="23.059068" lon="113.285195">
        <time>2026-08-23T00:04:38Z</time>
      </trkpt>
      <trkpt lat="23.059028" lon="113.285284">
        <time>2026-08-23T00:04:43Z</time>
      </trkpt>
      <trkpt lat="23.058986" lon="113.285373">
        <time>2026-08-23T00:04:48Z</time>
      </trkpt>
      <trkpt lat="23.058925" lon="113.285496">
        <time>2026-08-23T00:04:53Z</time>
      </trkpt>
      <trkpt lat="23.05887" lon="113.285627">
        <time>2026-08-23T00:04:58Z</time>
      </trkpt>
      <trkpt lat="23.058829" lon="113.285714">
        <time>2026-08-23T00:05:03Z</time>
      </trkpt>
      <trkpt lat="23.058794" lon="113.285801">
        <time>2026-08-23T00:05:08Z</time>
      </trkpt>
      <trkpt lat="23.05874" lon="113.285937">
        <time>2026-08-23T00:05:13Z</time>
      </trkpt>
      <trkpt lat="23.058687" lon="113.286079">
        <time>2026-08-23T00:05:18Z</time>
      </trkpt>
      <trkpt lat="23.058666" lon="113.28618">
        <time>2026-08-23T00:05:23Z</time>
      </trkpt>
      <trkpt lat="23.058683" lon="113.286274">
        <time>2026-08-23T00:05:28Z</time>
      </trkpt>
      <trkpt lat="23.058797" lon="113.286358">
        <time>2026-08-23T00:05:33Z</time>
      </trkpt>
      <trkpt lat="23.05893" lon="113.286396">
        <time>2026-08-23T00:05:38Z</time>
      </trkpt>
      <trkpt lat="23.059014" lon="113.286405">
        <time>2026-08-23T00:05:43Z</time>
      </trkpt>
      <trkpt lat="23.059098" lon="113.286412">
        <time>2026-08-23T00:05:48Z</time>
      </trkpt>
      <trkpt lat="23.059221" lon="113.286423">
        <time>2026-08-23T00:05:53Z</time>
      </trkpt>
      <trkpt lat="23.059347" lon="113.286429">
        <time>2026-08-23T00:05:58Z</time>
      </trkpt>
      <trkpt lat="23.059443" lon="113.286423">
        <time>2026-08-23T00:06:03Z</time>
      </trkpt>
      <trkpt lat="23.059541" lon="113.286432">
        <time>2026-08-23T00:06:08Z</time>
      </trkpt>
      <trkpt lat="23.05968" lon="113.28644">
        <time>2026-08-23T00:06:13Z</time>
      </trkpt>
      <trkpt lat="23.059804" lon="113.286445">
        <time>2026-08-23T00:06:18Z</time>
      </trkpt>
      <trkpt lat="23.059886" lon="113.286451">
        <time>2026-08-23T00:06:23Z</time>
      </trkpt>
      <trkpt lat="23.059971" lon="113.286453">
        <time>2026-08-23T00:06:28Z</time>
      </trkpt>
      <trkpt lat="23.060085" lon="113.286491">
        <time>2026-08-23T00:06:33Z</time>
      </trkpt>
      <trkpt lat="23.060135" lon="113.286607">
        <time>2026-08-23T00:06:38Z</time>
      </trkpt>
      <trkpt lat="23.060124" lon="113.286726">
        <time>2026-08-23T00:06:43Z</time>
      </trkpt>
      <trkpt lat="23.060109" lon="113.286836">
        <time>2026-08-23T00:06:48Z</time>
      </trkpt>
      <trkpt lat="23.060124" lon="113.287011">
        <time>2026-08-23T00:06:53Z</time>
      </trkpt>
      <trkpt lat="23.060151" lon="113.287179">
        <time>2026-08-23T00:06:58Z</time>
      </trkpt>
      <trkpt lat="23.06017" lon="113.287275">
        <time>2026-08-23T00:07:03Z</time>
      </trkpt>
      <trkpt lat="23.060195" lon="113.287369">
        <time>2026-08-23T00:07:08Z</time>
      </trkpt>
      <trkpt lat="23.060231" lon="113.287509">
        <time>2026-08-23T00:07:13Z</time>
      </trkpt>
      <trkpt lat="23.0603" lon="113.287593">
        <time>2026-08-23T00:07:18Z</time>
      </trkpt>
      <trkpt lat="23.060269" lon="113.287697">
        <time>2026-08-23T00:07:23Z</time>
      </trkpt>
      <trkpt lat="23.060224" lon="113.287811">
        <time>2026-08-23T00:07:28Z</time>
      </trkpt>
      <trkpt lat="23.060247" lon="113.287924">
        <time>2026-08-23T00:07:33Z</time>
      </trkpt>
      <trkpt lat="23.060302" lon="113.287821">
        <time>2026-08-23T00:07:38Z</time>
      </trkpt>
      <trkpt lat="23.060312" lon="113.287719">
        <time>2026-08-23T00:07:43Z</time>
      </trkpt>
      <trkpt lat="23.060318" lon="113.287644">
        <time>2026-08-23T00:07:48Z</time>
      </trkpt>
      <trkpt lat="23.060309" lon="113.287611">
        <time>2026-08-23T00:07:53Z</time>
      </trkpt>
      <trkpt lat="23.060225" lon="113.287553">
        <time>2026-08-23T00:07:58Z</time>
      </trkpt>
      <trkpt lat="23.060178" lon="113.287416">
        <time>2026-08-23T00:08:03Z</time>
      </trkpt>
      <trkpt lat="23.060166" lon="113.287318">
        <time>2026-08-23T00:08:08Z</time>
      </trkpt>
      <trkpt lat="23.06015" lon="113.287231">
        <time>2026-08-23T00:08:13Z</time>
      </trkpt>
      <trkpt lat="23.06011" lon="113.287087">
        <time>2026-08-23T00:08:18Z</time>
      </trkpt>
      <trkpt lat="23.060198" lon="113.28684">
        <time>2026-08-23T00:08:23Z</time>
      </trkpt>
      <trkpt lat="23.060226" lon="113.286697">
        <time>2026-08-23T00:08:28Z</time>
      </trkpt>
      <trkpt lat="23.060236" lon="113.286587">
        <time>2026-08-23T00:08:33Z</time>
      </trkpt>
      <trkpt lat="23.060166" lon="113.28647">
        <time>2026-08-23T00:08:38Z</time>
      </trkpt>
      <trkpt lat="23.060031" lon="113.286418">
        <time>2026-08-23T00:08:43Z</time>
      </trkpt>
      <trkpt lat="23.059938" lon="113.286384">
        <time>2026-08-23T00:08:48Z</time>
      </trkpt>
      <trkpt lat="23.059844" lon="113.286339">
        <time>2026-08-23T00:08:53Z</time>
      </trkpt>
      <trkpt lat="23.059711" lon="113.28629">
        <time>2026-08-23T00:08:58Z</time>
      </trkpt>
      <trkpt lat="23.059578" lon="113.286269">
        <time>2026-08-23T00:09:03Z</time>
      </trkpt>
      <trkpt lat="23.059484" lon="113.286272">
        <time>2026-08-23T00:09:08Z</time>
      </trkpt>
      <trkpt lat="23.059391" lon="113.286274">
        <time>2026-08-23T00:09:13Z</time>
      </trkpt>
      <trkpt lat="23.059268" lon="113.286272">
        <time>2026-08-23T00:09:18Z</time>
      </trkpt>
      <trkpt lat="23.059149" lon="113.286242">
        <time>2026-08-23T00:09:23Z</time>
      </trkpt>
      <trkpt lat="23.059066" lon="113.2862">
        <time>2026-08-23T00:09:28Z</time>
      </trkpt>
      <trkpt lat="23.058977" lon="113.286154">
        <time>2026-08-23T00:09:33Z</time>
      </trkpt>
      <trkpt lat="23.05883" lon="113.286104">
        <time>2026-08-23T00:09:38Z</time>
      </trkpt>
      <trkpt lat="23.05879" lon="113.286001">
        <time>2026-08-23T00:09:43Z</time>
      </trkpt>
      <trkpt lat="23.058831" lon="113.285908">
        <time>2026-08-23T00:09:48Z</time>
      </trkpt>
      <trkpt lat="23.058874" lon="113.285821">
        <time>2026-08-23T00:09:53Z</time>
      </trkpt>
      <trkpt lat="23.058939" lon="113.285706">
        <time>2026-08-23T00:09:58Z</time>
      </trkpt>
      <trkpt lat="23.058988" lon="113.285585">
        <time>2026-08-23T00:10:03Z</time>
      </trkpt>
      <trkpt lat="23.059021" lon="113.285503">
        <time>2026-08-23T00:10:08Z</time>
      </trkpt>
      <trkpt lat="23.059057" lon="113.285423">
        <time>2026-08-23T00:10:13Z</time>
      </trkpt>
      <trkpt lat="23.059113" lon="113.285302">
        <time>2026-08-23T00:10:18Z</time>
      </trkpt>
      <trkpt lat="23.059156" lon="113.285179">
        <time>2026-08-23T00:10:23Z</time>
      </trkpt>
      <trkpt lat="23.059188" lon="113.285096">
        <time>2026-08-23T00:10:28Z</time>
      </trkpt>
      <trkpt lat="23.059229" lon="113.285014">
        <time>2026-08-23T00:10:33Z</time>
      </trkpt>
      <trkpt lat="23.059289" lon="113.28489">
        <time>2026-08-23T00:10:38Z</time>
      </trkpt>
      <trkpt lat="23.05935" lon="113.284758">
        <time>2026-08-23T00:10:43Z</time>
      </trkpt>
      <trkpt lat="23.05939" lon="113.284669">
        <time>2026-08-23T00:10:48Z</time>
      </trkpt>
      <trkpt lat="23.059429" lon="113.284579">
        <time>2026-08-23T00:10:53Z</time>
      </trkpt>
      <trkpt lat="23.059491" lon="113.284449">
        <time>2026-08-23T00:10:58Z</time>
      </trkpt>
      <trkpt lat="23.059547" lon="113.284328">
        <time>2026-08-23T00:11:03Z</time>
      </trkpt>
      <trkpt lat="23.059581" lon="113.284245">
        <time>2026-08-23T00:11:08Z</time>
      </trkpt>
      <trkpt lat="23.059613" lon="113.284157">
        <time>2026-08-23T00:11:13Z</time>
      </trkpt>
      <trkpt lat="23.059668" lon="113.284029">
        <time>2026-08-23T00:11:18Z</time>
      </trkpt>
      <trkpt lat="23.059719" lon="113.283903">
        <time>2026-08-23T00:11:23Z</time>
      </trkpt>
      <trkpt lat="23.059752" lon="113.283818">
        <time>2026-08-23T00:11:28Z</time>
      </trkpt>
      <trkpt lat="23.059789" lon="113.283729">
        <time>2026-08-23T00:11:33Z</time>
      </trkpt>
      <trkpt lat="23.059853" lon="113.283598">
        <time>2026-08-23T00:11:38Z</time>
      </trkpt>
      <trkpt lat="23.059906" lon="113.283474">
        <time>2026-08-23T00:11:43Z</time>
      </trkpt>
      <trkpt lat="23.059942" lon="113.283387">
        <time>2026-08-23T00:11:48Z</time>
      </trkpt>
      <trkpt lat="23.05998" lon="113.283305">
        <time>2026-08-23T00:11:53Z</time>
      </trkpt>
      <trkpt lat="23.060049" lon="113.283188">
        <time>2026-08-23T00:11:58Z</time>
      </trkpt>
      <trkpt lat="23.060117" lon="113.283056">
        <time>2026-08-23T00:12:03Z</time>
      </trkpt>
      <trkpt lat="23.060162" lon="113.282967">
        <time>2026-08-23T00:12:08Z</time>
      </trkpt>
      <trkpt lat="23.060212" lon="113.282879">
        <time>2026-08-23T00:12:13Z</time>
      </trkpt>
      <trkpt lat="23.060279" lon="113.282741">
        <time>2026-08-23T00:12:18Z</time>
      </trkpt>
      <trkpt lat="23.06034" lon="113.282604">
        <time>2026-08-23T00:12:23Z</time>
      </trkpt>
      <trkpt lat="23.060375" lon="113.28251">
        <time>2026-08-23T00:12:28Z</time>
      </trkpt>
      <trkpt lat="23.060404" lon="113.282419">
        <time>2026-08-23T00:12:33Z</time>
      </trkpt>
      <trkpt lat="23.060447" lon="113.282289">
        <time>2026-08-23T00:12:38Z</time>
      </trkpt>
      <trkpt lat="23.060491" lon="113.282154">
        <time>2026-08-23T00:12:43Z</time>
      </trkpt>
      <trkpt lat="23.060518" lon="113.282053">
        <time>2026-08-23T00:12:48Z</time>
      </trkpt>
      <trkpt lat="23.060558" lon="113.281957">
        <time>2026-08-23T00:12:53Z</time>
      </trkpt>
      <trkpt lat="23.060615" lon="113.281834">
        <time>2026-08-23T00:12:58Z</time>
      </trkpt>
      <trkpt lat="23.060668" lon="113.281703">
        <time>2026-08-23T00:13:03Z</time>
      </trkpt>
      <trkpt lat="23.060702" lon="113.281607">
        <time>2026-08-23T00:13:08Z</time>
      </trkpt>
      <trkpt lat="23.060737" lon="113.28152">
        <time>2026-08-23T00:13:13Z</time>
      </trkpt>
      <trkpt lat="23.060795" lon="113.281392">
        <time>2026-08-23T00:13:18Z</time>
      </trkpt>
      <trkpt lat="23.060849" lon="113.281263">
        <time>2026-08-23T00:13:23Z</time>
      </trkpt>
      <trkpt lat="23.060886" lon="113.281176">
        <time>2026-08-23T00:13:28Z</time>
      </trkpt>
      <trkpt lat="23.060921" lon="113.281094">
        <time>2026-08-23T00:13:33Z</time>
      </trkpt>
      <trkpt lat="23.06098" lon="113.28097">
        <time>2026-08-23T00:13:38Z</time>
      </trkpt>
      <trkpt lat="23.061035" lon="113.280842">
        <time>2026-08-23T00:13:43Z</time>
      </trkpt>
      <trkpt lat="23.061072" lon="113.28075">
        <time>2026-08-23T00:13:48Z</time>
      </trkpt>
      <trkpt lat="23.061114" lon="113.280668">
        <time>2026-08-23T00:13:53Z</time>
      </trkpt>
      <trkpt lat="23.061179" lon="113.280542">
        <time>2026-08-23T00:13:58Z</time>
      </trkpt>
      <trkpt lat="23.061234" lon="113.280409">
        <time>2026-08-23T00:14:03Z</time>
      </trkpt>
      <trkpt lat="23.061268" lon="113.280323">
        <time>2026-08-23T00:14:08Z</time>
      </trkpt>
      <trkpt lat="23.061307" lon="113.280245">
        <time>2026-08-23T00:14:13Z</time>
      </trkpt>
      <trkpt lat="23.061367" lon="113.280132">
        <time>2026-08-23T00:14:18Z</time>
      </trkpt>
      <trkpt lat="23.061425" lon="113.280017">
        <time>2026-08-23T00:14:23Z</time>
      </trkpt>
      <trkpt lat="23.061464" lon="113.279937">
        <time>2026-08-23T00:14:28Z</time>
      </trkpt>
      <trkpt lat="23.061499" lon="113.279855">
        <time>2026-08-23T00:14:33Z</time>
      </trkpt>
      <trkpt lat="23.061536" lon="113.279732">
        <time>2026-08-23T00:14:38Z</time>
      </trkpt>
      <trkpt lat="23.061577" lon="113.279611">
        <time>2026-08-23T00:14:43Z</time>
      </trkpt>
      <trkpt lat="23.061609" lon="113.279528">
        <time>2026-08-23T00:14:48Z</time>
      </trkpt>
      <trkpt lat="23.06164" lon="113.279436">
        <time>2026-08-23T00:14:53Z</time>
      </trkpt>
      <trkpt lat="23.061687" lon="113.279294">
        <time>2026-08-23T00:14:58Z</time>
      </trkpt>
      <trkpt lat="23.061745" lon="113.279163">
        <time>2026-08-23T00:15:03Z</time>
      </trkpt>
      <trkpt lat="23.061797" lon="113.279083">
        <time>2026-08-23T00:15:08Z</time>
      </trkpt>
      <trkpt lat="23.06185" lon="113.279001">
        <time>2026-08-23T00:15:13Z</time>
      </trkpt>
      <trkpt lat="23.061929" lon="113.278875">
        <time>2026-08-23T00:15:18Z</time>
      </trkpt>
      <trkpt lat="23.061966" lon="113.278729">
        <time>2026-08-23T00:15:23Z</time>
      </trkpt>
      <trkpt lat="23.061967" lon="113.278628">
        <time>2026-08-23T00:15:28Z</time>
      </trkpt>
      <trkpt lat="23.061964" lon="113.278536">
        <time>2026-08-23T00:15:33Z</time>
      </trkpt>
      <trkpt lat="23.061962" lon="113.278395">
        <time>2026-08-23T00:15:38Z</time>
      </trkpt>
      <trkpt lat="23.061957" lon="113.278244">
        <time>2026-08-23T00:15:43Z</time>
      </trkpt>
      <trkpt lat="23.061951" lon="113.278144">
        <time>2026-08-23T00:15:48Z</time>
      </trkpt>
      <trkpt lat="23.061948" lon="113.278044">
        <time>2026-08-23T00:15:53Z</time>
      </trkpt>
      <trkpt lat="23.061941" lon="113.277895">
        <time>2026-08-23T00:15:58Z</time>
      </trkpt>
      <trkpt lat="23.061952" lon="113.277749">
        <time>2026-08-23T00:16:03Z</time>
      </trkpt>
      <trkpt lat="23.061977" lon="113.277651">
        <time>2026-08-23T00:16:08Z</time>
      </trkpt>
      <trkpt lat="23.062013" lon="113.277553">
        <time>2026-08-23T00:16:13Z</time>
      </trkpt>
      <trkpt lat="23.062069" lon="113.277414">
        <time>2026-08-23T00:16:18Z</time>
      </trkpt>
      <trkpt lat="23.062122" lon="113.277279">
        <time>2026-08-23T00:16:23Z</time>
      </trkpt>
      <trkpt lat="23.062148" lon="113.277186">
        <time>2026-08-23T00:16:28Z</time>
      </trkpt>
      <trkpt lat="23.062179" lon="113.277096">
        <time>2026-08-23T00:16:33Z</time>
      </trkpt>
      <trkpt lat="23.062237" lon="113.276967">
        <time>2026-08-23T00:16:38Z</time>
      </trkpt>
      <trkpt lat="23.062284" lon="113.276831">
        <time>2026-08-23T00:16:43Z</time>
      </trkpt>
      <trkpt lat="23.062317" lon="113.276745">
        <time>2026-08-23T00:16:48Z</time>
      </trkpt>
      <trkpt lat="23.062347" lon="113.276658">
        <time>2026-08-23T00:16:53Z</time>
      </trkpt>
      <trkpt lat="23.062394" lon="113.276528">
        <time>2026-08-23T00:16:58Z</time>
      </trkpt>
      <trkpt lat="23.062437" lon="113.276403">
        <time>2026-08-23T00:17:03Z</time>
      </trkpt>
      <trkpt lat="23.06247" lon="113.276319">
        <time>2026-08-23T00:17:08Z</time>
      </trkpt>
      <trkpt lat="23.062508" lon="113.276237">
        <time>2026-08-23T00:17:13Z</time>
      </trkpt>
      <trkpt lat="23.062573" lon="113.27612">
        <time>2026-08-23T00:17:18Z</time>
      </trkpt>
      <trkpt lat="23.062641" lon="113.276004">
        <time>2026-08-23T00:17:23Z</time>
      </trkpt>
      <trkpt lat="23.062696" lon="113.27593">
        <time>2026-08-23T00:17:28Z</time>
      </trkpt>
      <trkpt lat="23.062756" lon="113.275864">
        <time>2026-08-23T00:17:33Z</time>
      </trkpt>
      <trkpt lat="23.062846" lon="113.275769">
        <time>2026-08-23T00:17:38Z</time>
      </trkpt>
      <trkpt lat="23.062942" lon="113.275685">
        <time>2026-08-23T00:17:43Z</time>
      </trkpt>
      <trkpt lat="23.063001" lon="113.275621">
        <time>2026-08-23T00:17:48Z</time>
      </trkpt>
      <trkpt lat="23.063053" lon="113.275551">
        <time>2026-08-23T00:17:53Z</time>
      </trkpt>
      <trkpt lat="23.063117" lon="113.275438">
        <time>2026-08-23T00:17:58Z</time>
      </trkpt>
      <trkpt lat="23.063185" lon="113.275322">
        <time>2026-08-23T00:18:03Z</time>
      </trkpt>
      <trkpt lat="23.063234" lon="113.275244">
        <time>2026-08-23T00:18:08Z</time>
      </trkpt>
      <trkpt lat="23.063295" lon="113.275181">
        <time>2026-08-23T00:18:13Z</time>
      </trkpt>
      <trkpt lat="23.063381" lon="113.275079">
        <time>2026-08-23T00:18:18Z</time>
      </trkpt>
      <trkpt lat="23.06342" lon="113.274947">
        <time>2026-08-23T00:18:23Z</time>
      </trkpt>
      <trkpt lat="23.063439" lon="113.274864">
        <time>2026-08-23T00:18:28Z</time>
      </trkpt>
      <trkpt lat="23.063466" lon="113.274779">
        <time>2026-08-23T00:18:33Z</time>
      </trkpt>
      <trkpt lat="23.063509" lon="113.274649">
        <time>2026-08-23T00:18:38Z</time>
      </trkpt>
      <trkpt lat="23.063542" lon="113.274523">
        <time>2026-08-23T00:18:43Z</time>
      </trkpt>
      <trkpt lat="23.063585" lon="113.274437">
        <time>2026-08-23T00:18:48Z</time>
      </trkpt>
      <trkpt lat="23.06364" lon="113.274354">
        <time>2026-08-23T00:18:53Z</time>
      </trkpt>
      <trkpt lat="23.063722" lon="113.27425">
        <time>2026-08-23T00:18:58Z</time>
      </trkpt>
      <trkpt lat="23.063824" lon="113.27415">
        <time>2026-08-23T00:19:03Z</time>
      </trkpt>
      <trkpt lat="23.063877" lon="113.274073">
        <time>2026-08-23T00:19:08Z</time>
      </trkpt>
      <trkpt lat="23.06392" lon="113.273989">
        <time>2026-08-23T00:19:13Z</time>
      </trkpt>
      <trkpt lat="23.063993" lon="113.273866">
        <time>2026-08-23T00:19:18Z</time>
      </trkpt>
      <trkpt lat="23.064083" lon="113.273741">
        <time>2026-08-23T00:19:23Z</time>
      </trkpt>
      <trkpt lat="23.06415" lon="113.27368">
        <time>2026-08-23T00:19:28Z</time>
      </trkpt>
      <trkpt lat="23.06422" lon="113.273633">
        <time>2026-08-23T00:19:33Z</time>
      </trkpt>
      <trkpt lat="23.064324" lon="113.273554">
        <time>2026-08-23T00:19:38Z</time>
      </trkpt>
      <trkpt lat="23.064431" lon="113.273458">
        <time>2026-08-23T00:19:43Z</time>
      </trkpt>
      <trkpt lat="23.064496" lon="113.27339">
        <time>2026-08-23T00:19:48Z</time>
      </trkpt>
      <trkpt lat="23.064556" lon="113.273315">
        <time>2026-08-23T00:19:53Z</time>
      </trkpt>
      <trkpt lat="23.06461" lon="113.273172">
        <time>2026-08-23T00:19:58Z</time>
      </trkpt>
      <trkpt lat="23.064583" lon="113.273018">
        <time>2026-08-23T00:20:03Z</time>
      </trkpt>
      <trkpt lat="23.064545" lon="113.272923">
        <time>2026-08-23T00:20:08Z</time>
      </trkpt>
      <trkpt lat="23.064505" lon="113.272828">
        <time>2026-08-23T00:20:13Z</time>
      </trkpt>
      <trkpt lat="23.064462" lon="113.272691">
        <time>2026-08-23T00:20:18Z</time>
      </trkpt>
      <trkpt lat="23.064476" lon="113.272555">
        <time>2026-08-23T00:20:23Z</time>
      </trkpt>
      <trkpt lat="23.064528" lon="113.272477">
        <time>2026-08-23T00:20:28Z</time>
      </trkpt>
      <trkpt lat="23.064564" lon="113.272387">
        <time>2026-08-23T00:20:33Z</time>
      </trkpt>
      <trkpt lat="23.064576" lon="113.272238">
        <time>2026-08-23T00:20:38Z</time>
      </trkpt>
      <trkpt lat="23.064619" lon="113.272106">
        <time>2026-08-23T00:20:43Z</time>
      </trkpt>
      <trkpt lat="23.064658" lon="113.272026">
        <time>2026-08-23T00:20:48Z</time>
      </trkpt>
      <trkpt lat="23.064698" lon="113.271944">
        <time>2026-08-23T00:20:53Z</time>
      </trkpt>
      <trkpt lat="23.064764" lon="113.271818">
        <time>2026-08-23T00:20:58Z</time>
      </trkpt>
      <trkpt lat="23.064832" lon="113.271695">
        <time>2026-08-23T00:21:03Z</time>
      </trkpt>
      <trkpt lat="23.064872" lon="113.271609">
        <time>2026-08-23T00:21:08Z</time>
      </trkpt>
      <trkpt lat="23.064916" lon="113.271524">
        <time>2026-08-23T00:21:13Z</time>
      </trkpt>
      <trkpt lat="23.064971" lon="113.271407">
        <time>2026-08-23T00:21:18Z</time>
      </trkpt>
      <trkpt lat="23.065024" lon="113.271279">
        <time>2026-08-23T00:21:23Z</time>
      </trkpt>
      <trkpt lat="23.065075" lon="113.271191">
        <time>2026-08-23T00:21:28Z</time>
      </trkpt>
      <trkpt lat="23.065126" lon="113.271109">
        <time>2026-08-23T00:21:33Z</time>
      </trkpt>
      <trkpt lat="23.065173" lon="113.270969">
        <time>2026-08-23T00:21:38Z</time>
      </trkpt>
      <trkpt lat="23.065219" lon="113.270839">
        <time>2026-08-23T00:21:43Z</time>
      </trkpt>
      <trkpt lat="23.065261" lon="113.270753">
        <time>2026-08-23T00:21:48Z</time>
      </trkpt>
      <trkpt lat="23.065298" lon="113.270663">
        <time>2026-08-23T00:21:53Z</time>
      </trkpt>
      <trkpt lat="23.065352" lon="113.270534">
        <time>2026-08-23T00:21:58Z</time>
      </trkpt>
      <trkpt lat="23.06541" lon="113.270403">
        <time>2026-08-23T00:22:03Z</time>
      </trkpt>
      <trkpt lat="23.065449" lon="113.270321">
        <time>2026-08-23T00:22:08Z</time>
      </trkpt>
      <trkpt lat="23.065489" lon="113.270241">
        <time>2026-08-23T00:22:13Z</time>
      </trkpt>
      <trkpt lat="23.065539" lon="113.270108">
        <time>2026-08-23T00:22:18Z</time>
      </trkpt>
      <trkpt lat="23.065577" lon="113.26998">
        <time>2026-08-23T00:22:23Z</time>
      </trkpt>
      <trkpt lat="23.065602" lon="113.269891">
        <time>2026-08-23T00:22:28Z</time>
      </trkpt>
      <trkpt lat="23.065629" lon="113.269798">
        <time>2026-08-23T00:22:33Z</time>
      </trkpt>
      <trkpt lat="23.065684" lon="113.269668">
        <time>2026-08-23T00:22:38Z</time>
      </trkpt>
      <trkpt lat="23.065732" lon="113.269538">
        <time>2026-08-23T00:22:43Z</time>
      </trkpt>
      <trkpt lat="23.065758" lon="113.269447">
        <time>2026-08-23T00:22:48Z</time>
      </trkpt>
      <trkpt lat="23.065783" lon="113.269349">
        <time>2026-08-23T00:22:53Z</time>
      </trkpt>
      <trkpt lat="23.065816" lon="113.269206">
        <time>2026-08-23T00:22:58Z</time>
      </trkpt>
      <trkpt lat="23.065855" lon="113.269067">
        <time>2026-08-23T00:23:03Z</time>
      </trkpt>
      <trkpt lat="23.065889" lon="113.268976">
        <time>2026-08-23T00:23:08Z</time>
      </trkpt>
      <trkpt lat="23.065927" lon="113.268884">
        <time>2026-08-23T00:23:13Z</time>
      </trkpt>
      <trkpt lat="23.065986" lon="113.268745">
        <time>2026-08-23T00:23:18Z</time>
      </trkpt>
      <trkpt lat="23.066052" lon="113.268625">
        <time>2026-08-23T00:23:23Z</time>
      </trkpt>
      <trkpt lat="23.066106" lon="113.268542">
        <time>2026-08-23T00:23:28Z</time>
      </trkpt>
      <trkpt lat="23.066155" lon="113.268459">
        <time>2026-08-23T00:23:33Z</time>
      </trkpt>
      <trkpt lat="23.066229" lon="113.268343">
        <time>2026-08-23T00:23:38Z</time>
      </trkpt>
      <trkpt lat="23.066321" lon="113.268236">
        <time>2026-08-23T00:23:43Z</time>
      </trkpt>
      <trkpt lat="23.066392" lon="113.26818">
        <time>2026-08-23T00:23:48Z</time>
      </trkpt>
      <trkpt lat="23.066477" lon="113.26815">
        <time>2026-08-23T00:23:53Z</time>
      </trkpt>
      <trkpt lat="23.066608" lon="113.268143">
        <time>2026-08-23T00:23:58Z</time>
      </trkpt>
      <trkpt lat="23.066693" lon="113.268069">
        <time>2026-08-23T00:24:03Z</time>
      </trkpt>
      <trkpt lat="23.066634" lon="113.267994">
        <time>2026-08-23T00:24:08Z</time>
      </trkpt>
      <trkpt lat="23.06654" lon="113.267952">
        <time>2026-08-23T00:24:13Z</time>
      </trkpt>
      <trkpt lat="23.066403" lon="113.26794">
        <time>2026-08-23T00:24:18Z</time>
      </trkpt>
      <trkpt lat="23.066277" lon="113.26797">
        <time>2026-08-23T00:24:23Z</time>
      </trkpt>
      <trkpt lat="23.066203" lon="113.268016">
        <time>2026-08-23T00:24:28Z</time>
      </trkpt>
      <trkpt lat="23.066132" lon="113.268075">
        <time>2026-08-23T00:24:33Z</time>
      </trkpt>
      <trkpt lat="23.066039" lon="113.268187">
        <time>2026-08-23T00:24:38Z</time>
      </trkpt>
      <trkpt lat="23.065954" lon="113.268295">
        <time>2026-08-23T00:24:43Z</time>
      </trkpt>
      <trkpt lat="23.065902" lon="113.268371">
        <time>2026-08-23T00:24:48Z</time>
      </trkpt>
      <trkpt lat="23.065855" lon="113.268454">
        <time>2026-08-23T00:24:53Z</time>
      </trkpt>
      <trkpt lat="23.065791" lon="113.26858">
        <time>2026-08-23T00:24:58Z</time>
      </trkpt>
      <trkpt lat="23.065728" lon="113.268712">
        <time>2026-08-23T00:25:03Z</time>
      </trkpt>
      <trkpt lat="23.065691" lon="113.268799">
        <time>2026-08-23T00:25:08Z</time>
      </trkpt>
      <trkpt lat="23.065655" lon="113.268886">
        <time>2026-08-23T00:25:13Z</time>
      </trkpt>
      <trkpt lat="23.065607" lon="113.269021">
        <time>2026-08-23T00:25:18Z</time>
      </trkpt>
      <trkpt lat="23.065574" lon="113.269162">
        <time>2026-08-23T00:25:23Z</time>
      </trkpt>
      <trkpt lat="23.065559" lon="113.269258">
        <time>2026-08-23T00:25:28Z</time>
      </trkpt>
      <trkpt lat="23.065539" lon="113.269348">
        <time>2026-08-23T00:25:33Z</time>
      </trkpt>
      <trkpt lat="23.0655" lon="113.269465">
        <time>2026-08-23T00:25:38Z</time>
      </trkpt>
      <trkpt lat="23.065468" lon="113.269595">
        <time>2026-08-23T00:25:43Z</time>
      </trkpt>
      <trkpt lat="23.06545" lon="113.269679">
        <time>2026-08-23T00:25:48Z</time>
      </trkpt>
      <trkpt lat="23.065425" lon="113.269766">
        <time>2026-08-23T00:25:53Z</time>
      </trkpt>
      <trkpt lat="23.065373" lon="113.269906">
        <time>2026-08-23T00:25:58Z</time>
      </trkpt>
      <trkpt lat="23.065323" lon="113.270037">
        <time>2026-08-23T00:26:03Z</time>
      </trkpt>
      <trkpt lat="23.065287" lon="113.270121">
        <time>2026-08-23T00:26:08Z</time>
      </trkpt>
      <trkpt lat="23.065253" lon="113.270202">
        <time>2026-08-23T00:26:13Z</time>
      </trkpt>
      <trkpt lat="23.0652" lon="113.270319">
        <time>2026-08-23T00:26:18Z</time>
      </trkpt>
      <trkpt lat="23.065146" lon="113.270445">
        <time>2026-08-23T00:26:23Z</time>
      </trkpt>
      <trkpt lat="23.065112" lon="113.27053">
        <time>2026-08-23T00:26:28Z</time>
      </trkpt>
      <trkpt lat="23.065077" lon="113.270612">
        <time>2026-08-23T00:26:33Z</time>
      </trkpt>
      <trkpt lat="23.06502" lon="113.270741">
        <time>2026-08-23T00:26:38Z</time>
      </trkpt>
      <trkpt lat="23.064959" lon="113.270865">
        <time>2026-08-23T00:26:43Z</time>
      </trkpt>
      <trkpt lat="23.064917" lon="113.270945">
        <time>2026-08-23T00:26:48Z</time>
      </trkpt>
      <trkpt lat="23.06488" lon="113.271031">
        <time>2026-08-23T00:26:53Z</time>
      </trkpt>
      <trkpt lat="23.064827" lon="113.271151">
        <time>2026-08-23T00:26:58Z</time>
      </trkpt>
      <trkpt lat="23.064764" lon="113.271268">
        <time>2026-08-23T00:27:03Z</time>
      </trkpt>
      <trkpt lat="23.064725" lon="113.271353">
        <time>2026-08-23T00:27:08Z</time>
      </trkpt>
      <trkpt lat="23.064685" lon="113.271435">
        <time>2026-08-23T00:27:13Z</time>
      </trkpt>
      <trkpt lat="23.064627" lon="113.271563">
        <time>2026-08-23T00:27:18Z</time>
      </trkpt>
      <trkpt lat="23.064568" lon="113.271691">
        <time>2026-08-23T00:27:23Z</time>
      </trkpt>
      <trkpt lat="23.064532" lon="113.271773">
        <time>2026-08-23T00:27:28Z</time>
      </trkpt>
      <trkpt lat="23.0645" lon="113.27185">
        <time>2026-08-23T00:27:33Z</time>
      </trkpt>
      <trkpt lat="23.064451" lon="113.271981">
        <time>2026-08-23T00:27:38Z</time>
      </trkpt>
      <trkpt lat="23.064395" lon="113.272105">
        <time>2026-08-23T00:27:43Z</time>
      </trkpt>
      <trkpt lat="23.064359" lon="113.272189">
        <time>2026-08-23T00:27:48Z</time>
      </trkpt>
      <trkpt lat="23.064342" lon="113.272285">
        <time>2026-08-23T00:27:53Z</time>
      </trkpt>
      <trkpt lat="23.064328" lon="113.272431">
        <time>2026-08-23T00:27:58Z</time>
      </trkpt>
      <trkpt lat="23.064323" lon="113.272571">
        <time>2026-08-23T00:28:03Z</time>
      </trkpt>
      <trkpt lat="23.064337" lon="113.272661">
        <time>2026-08-23T00:28:08Z</time>
      </trkpt>
      <trkpt lat="23.064361" lon="113.272752">
        <time>2026-08-23T00:28:13Z</time>
      </trkpt>
      <trkpt lat="23.064401" lon="113.272884">
        <time>2026-08-23T00:28:18Z</time>
      </trkpt>
      <trkpt lat="23.064442" lon="113.273018">
        <time>2026-08-23T00:28:23Z</time>
      </trkpt>
      <trkpt lat="23.064462" lon="113.273102">
        <time>2026-08-23T00:28:28Z</time>
      </trkpt>
      <trkpt lat="23.06446" lon="113.27319">
        <time>2026-08-23T00:28:33Z</time>
      </trkpt>
      <trkpt lat="23.064411" lon="113.273306">
        <time>2026-08-23T00:28:38Z</time>
      </trkpt>
      <trkpt lat="23.064316" lon="113.273386">
        <time>2026-08-23T00:28:43Z</time>
      </trkpt>
      <trkpt lat="23.06424" lon="113.27344">
        <time>2026-08-23T00:28:48Z</time>
      </trkpt>
      <trkpt lat="23.064163" lon="113.273495">
        <time>2026-08-23T00:28:53Z</time>
      </trkpt>
      <trkpt lat="23.064051" lon="113.273579">
        <time>2026-08-23T00:28:58Z</time>
      </trkpt>
      <trkpt lat="23.063951" lon="113.273672">
        <time>2026-08-23T00:29:03Z</time>
      </trkpt>
      <trkpt lat="23.063896" lon="113.273742">
        <time>2026-08-23T00:29:08Z</time>
      </trkpt>
      <trkpt lat="23.063848" lon="113.273817">
        <time>2026-08-23T00:29:13Z</time>
      </trkpt>
      <trkpt lat="23.063781" lon="113.273938">
        <time>2026-08-23T00:29:18Z</time>
      </trkpt>
      <trkpt lat="23.063708" lon="113.274051">
        <time>2026-08-23T00:29:23Z</time>
      </trkpt>
      <trkpt lat="23.063641" lon="113.274112">
        <time>2026-08-23T00:29:28Z</time>
      </trkpt>
      <trkpt lat="23.063574" lon="113.274184">
        <time>2026-08-23T00:29:33Z</time>
      </trkpt>
      <trkpt lat="23.063518" lon="113.274327">
        <time>2026-08-23T00:29:38Z</time>
      </trkpt>
      <trkpt lat="23.063461" lon="113.274463">
        <time>2026-08-23T00:29:43Z</time>
      </trkpt>
      <trkpt lat="23.063425" lon="113.274544">
        <time>2026-08-23T00:29:48Z</time>
      </trkpt>
      <trkpt lat="23.063394" lon="113.274631">
        <time>2026-08-23T00:29:53Z</time>
      </trkpt>
      <trkpt lat="23.063338" lon="113.274761">
        <time>2026-08-23T00:29:58Z</time>
      </trkpt>
      <trkpt lat="23.063289" lon="113.274887">
        <time>2026-08-23T00:30:03Z</time>
      </trkpt>
      <trkpt lat="23.063256" lon="113.274978">
        <time>2026-08-23T00:30:08Z</time>
      </trkpt>
      <trkpt lat="23.063216" lon="113.275064">
        <time>2026-08-23T00:30:13Z</time>
      </trkpt>
      <trkpt lat="23.063143" lon="113.275186">
        <time>2026-08-23T00:30:18Z</time>
      </trkpt>
      <trkpt lat="23.063084" lon="113.275299">
        <time>2026-08-23T00:30:23Z</time>
      </trkpt>
      <trkpt lat="23.063044" lon="113.275374">
        <time>2026-08-23T00:30:28Z</time>
      </trkpt>
      <trkpt lat="23.062997" lon="113.275447">
        <time>2026-08-23T00:30:33Z</time>
      </trkpt>
      <trkpt lat="23.062912" lon="113.275553">
        <time>2026-08-23T00:30:38Z</time>
      </trkpt>
      <trkpt lat="23.062815" lon="113.275658">
        <time>2026-08-23T00:30:43Z</time>
      </trkpt>
      <trkpt lat="23.062747" lon="113.275725">
        <time>2026-08-23T00:30:48Z</time>
      </trkpt>
      <trkpt lat="23.062685" lon="113.275793">
        <time>2026-08-23T00:30:53Z</time>
      </trkpt>
      <trkpt lat="23.062602" lon="113.275893">
        <time>2026-08-23T00:30:58Z</time>
      </trkpt>
      <trkpt lat="23.062525" lon="113.275999">
        <time>2026-08-23T00:31:03Z</time>
      </trkpt>
      <trkpt lat="23.062481" lon="113.27608">
        <time>2026-08-23T00:31:08Z</time>
      </trkpt>
      <trkpt lat="23.062443" lon="113.276162">
        <time>2026-08-23T00:31:13Z</time>
      </trkpt>
      <trkpt lat="23.062389" lon="113.276293">
        <time>2026-08-23T00:31:18Z</time>
      </trkpt>
      <trkpt lat="23.062346" lon="113.276425">
        <time>2026-08-23T00:31:23Z</time>
      </trkpt>
      <trkpt lat="23.062315" lon="113.27651">
        <time>2026-08-23T00:31:28Z</time>
      </trkpt>
      <trkpt lat="23.062283" lon="113.276595">
        <time>2026-08-23T00:31:33Z</time>
      </trkpt>
      <trkpt lat="23.062235" lon="113.276718">
        <time>2026-08-23T00:31:38Z</time>
      </trkpt>
      <trkpt lat="23.062187" lon="113.276848">
        <time>2026-08-23T00:31:43Z</time>
      </trkpt>
      <trkpt lat="23.062158" lon="113.276935">
        <time>2026-08-23T00:31:48Z</time>
      </trkpt>
      <trkpt lat="23.062126" lon="113.277023">
        <time>2026-08-23T00:31:53Z</time>
      </trkpt>
      <trkpt lat="23.062076" lon="113.277155">
        <time>2026-08-23T00:31:58Z</time>
      </trkpt>
      <trkpt lat="23.062018" lon="113.277287">
        <time>2026-08-23T00:32:03Z</time>
      </trkpt>
      <trkpt lat="23.061981" lon="113.277376">
        <time>2026-08-23T00:32:08Z</time>
      </trkpt>
      <trkpt lat="23.061947" lon="113.277465">
        <time>2026-08-23T00:32:13Z</time>
      </trkpt>
      <trkpt lat="23.061897" lon="113.277588">
        <time>2026-08-23T00:32:18Z</time>
      </trkpt>
      <trkpt lat="23.061847" lon="113.27772">
        <time>2026-08-23T00:32:23Z</time>
      </trkpt>
      <trkpt lat="23.061827" lon="113.277817">
        <time>2026-08-23T00:32:28Z</time>
      </trkpt>
      <trkpt lat="23.061818" lon="113.27791">
        <time>2026-08-23T00:32:33Z</time>
      </trkpt>
      <trkpt lat="23.061819" lon="113.278049">
        <time>2026-08-23T00:32:38Z</time>
      </trkpt>
      <trkpt lat="23.061831" lon="113.27818">
        <time>2026-08-23T00:32:43Z</time>
      </trkpt>
      <trkpt lat="23.061833" lon="113.278273">
        <time>2026-08-23T00:32:48Z</time>
      </trkpt>
      <trkpt lat="23.061832" lon="113.278365">
        <time>2026-08-23T00:32:53Z</time>
      </trkpt>
      <trkpt lat="23.061845" lon="113.278501">
        <time>2026-08-23T00:32:58Z</time>
      </trkpt>
      <trkpt lat="23.061849" lon="113.278637">
        <time>2026-08-23T00:33:03Z</time>
      </trkpt>
      <trkpt lat="23.061837" lon="113.278721">
        <time>2026-08-23T00:33:08Z</time>
      </trkpt>
      <trkpt lat="23.061781" lon="113.278752">
        <time>2026-08-23T00:33:13Z</time>
      </trkpt>
      <trkpt lat="23.06169" lon="113.278824">
        <time>2026-08-23T00:33:18Z</time>
      </trkpt>
      <trkpt lat="23.061636" lon="113.278952">
        <time>2026-08-23T00:33:23Z</time>
      </trkpt>
      <trkpt lat="23.061604" lon="113.279035">
        <time>2026-08-23T00:33:28Z</time>
      </trkpt>
      <trkpt lat="23.061574" lon="113.279117">
        <time>2026-08-23T00:33:33Z</time>
      </trkpt>
      <trkpt lat="23.061544" lon="113.2792">
        <time>2026-08-23T00:33:38Z</time>
      </trkpt>
      <trkpt lat="23.061532" lon="113.279248">
        <time>2026-08-23T00:33:43Z</time>
      </trkpt>
      <trkpt lat="23.06151" lon="113.27927">
        <time>2026-08-23T00:33:48Z</time>
      </trkpt>
      <trkpt lat="23.06152" lon="113.279281">
        <time>2026-08-23T00:33:53Z</time>
      </trkpt>
      <trkpt lat="23.06151" lon="113.279363">
        <time>2026-08-23T00:33:58Z</time>
      </trkpt>
      <trkpt lat="23.061449" lon="113.279514">
        <time>2026-08-23T00:34:03Z</time>
      </trkpt>
      <trkpt lat="23.061407" lon="113.279607">
        <time>2026-08-23T00:34:08Z</time>
      </trkpt>
      <trkpt lat="23.061364" lon="113.279696">
        <time>2026-08-23T00:34:13Z</time>
      </trkpt>
      <trkpt lat="23.061307" lon="113.279823">
        <time>2026-08-23T00:34:18Z</time>
      </trkpt>
      <trkpt lat="23.061251" lon="113.279955">
        <time>2026-08-23T00:34:23Z</time>
      </trkpt>
      <trkpt lat="23.061214" lon="113.28005">
        <time>2026-08-23T00:34:28Z</time>
      </trkpt>
      <trkpt lat="23.061177" lon="113.280144">
        <time>2026-08-23T00:34:33Z</time>
      </trkpt>
      <trkpt lat="23.061117" lon="113.280278">
        <time>2026-08-23T00:34:38Z</time>
      </trkpt>
      <trkpt lat="23.06106" lon="113.280405">
        <time>2026-08-23T00:34:43Z</time>
      </trkpt>
      <trkpt lat="23.061019" lon="113.280494">
        <time>2026-08-23T00:34:48Z</time>
      </trkpt>
      <trkpt lat="23.060982" lon="113.280591">
        <time>2026-08-23T00:34:53Z</time>
      </trkpt>
      <trkpt lat="23.060921" lon="113.28073">
        <time>2026-08-23T00:34:58Z</time>
      </trkpt>
      <trkpt lat="23.060868" lon="113.280858">
        <time>2026-08-23T00:35:03Z</time>
      </trkpt>
      <trkpt lat="23.060829" lon="113.280943">
        <time>2026-08-23T00:35:08Z</time>
      </trkpt>
      <trkpt lat="23.060786" lon="113.281027">
        <time>2026-08-23T00:35:13Z</time>
      </trkpt>
      <trkpt lat="23.060732" lon="113.281152">
        <time>2026-08-23T00:35:18Z</time>
      </trkpt>
      <trkpt lat="23.060685" lon="113.281274">
        <time>2026-08-23T00:35:23Z</time>
      </trkpt>
      <trkpt lat="23.060653" lon="113.281358">
        <time>2026-08-23T00:35:28Z</time>
      </trkpt>
      <trkpt lat="23.060617" lon="113.281438">
        <time>2026-08-23T00:35:33Z</time>
      </trkpt>
      <trkpt lat="23.060558" lon="113.281557">
        <time>2026-08-23T00:35:38Z</time>
      </trkpt>
      <trkpt lat="23.060511" lon="113.28168">
        <time>2026-08-23T00:35:43Z</time>
      </trkpt>
      <trkpt lat="23.060479" lon="113.281761">
        <time>2026-08-23T00:35:48Z</time>
      </trkpt>
      <trkpt lat="23.060443" lon="113.281844">
        <time>2026-08-23T00:35:53Z</time>
      </trkpt>
      <trkpt lat="23.060384" lon="113.281974">
        <time>2026-08-23T00:35:58Z</time>
      </trkpt>
      <trkpt lat="23.060327" lon="113.282106">
        <time>2026-08-23T00:36:03Z</time>
      </trkpt>
      <trkpt lat="23.060295" lon="113.282193">
        <time>2026-08-23T00:36:08Z</time>
      </trkpt>
      <trkpt lat="23.06026" lon="113.282271">
        <time>2026-08-23T00:36:13Z</time>
      </trkpt>
      <trkpt lat="23.06021" lon="113.282388">
        <time>2026-08-23T00:36:18Z</time>
      </trkpt>
      <trkpt lat="23.06017" lon="113.282503">
        <time>2026-08-23T00:36:23Z</time>
      </trkpt>
      <trkpt lat="23.060141" lon="113.282583">
        <time>2026-08-23T00:36:28Z</time>
      </trkpt>
      <trkpt lat="23.060108" lon="113.282663">
        <time>2026-08-23T00:36:33Z</time>
      </trkpt>
      <trkpt lat="23.060058" lon="113.282783">
        <time>2026-08-23T00:36:38Z</time>
      </trkpt>
      <trkpt lat="23.06" lon="113.282906">
        <time>2026-08-23T00:36:43Z</time>
      </trkpt>
      <trkpt lat="23.059962" lon="113.282988">
        <time>2026-08-23T00:36:48Z</time>
      </trkpt>
      <trkpt lat="23.059918" lon="113.28307">
        <time>2026-08-23T00:36:53Z</time>
      </trkpt>
      <trkpt lat="23.059854" lon="113.283196">
        <time>2026-08-23T00:36:58Z</time>
      </trkpt>
      <trkpt lat="23.059825" lon="113.283321">
        <time>2026-08-23T00:37:03Z</time>
      </trkpt>
      <trkpt lat="23.059873" lon="113.283367">
        <time>2026-08-23T00:37:08Z</time>
      </trkpt>
      <trkpt lat="23.059941" lon="113.283345">
        <time>2026-08-23T00:37:13Z</time>
      </trkpt>
      <trkpt lat="23.060002" lon="113.283255">
        <time>2026-08-23T00:37:18Z</time>
      </trkpt>
      <trkpt lat="23.060063" lon="113.283144">
        <time>2026-08-23T00:37:23Z</time>
      </trkpt>
      <trkpt lat="23.060114" lon="113.283071">
        <time>2026-08-23T00:37:28Z</time>
      </trkpt>
      <trkpt lat="23.060162" lon="113.282999">
        <time>2026-08-23T00:37:33Z</time>
      </trkpt>
      <trkpt lat="23.060223" lon="113.282875">
        <time>2026-08-23T00:37:38Z</time>
      </trkpt>
      <trkpt lat="23.060271" lon="113.282749">
        <time>2026-08-23T00:37:43Z</time>
      </trkpt>
      <trkpt lat="23.060296" lon="113.282664">
        <time>2026-08-23T00:37:48Z</time>
      </trkpt>
      <trkpt lat="23.060319" lon="113.282573">
        <time>2026-08-23T00:37:53Z</time>
      </trkpt>
      <trkpt lat="23.060347" lon="113.282436">
        <time>2026-08-23T00:37:58Z</time>
      </trkpt>
      <trkpt lat="23.060389" lon="113.282317">
        <time>2026-08-23T00:38:03Z</time>
      </trkpt>
      <trkpt lat="23.060415" lon="113.282235">
        <time>2026-08-23T00:38:08Z</time>
      </trkpt>
      <trkpt lat="23.060436" lon="113.282148">
        <time>2026-08-23T00:38:13Z</time>
      </trkpt>
      <trkpt lat="23.060482" lon="113.282008">
        <time>2026-08-23T00:38:18Z</time>
      </trkpt>
      <trkpt lat="23.060555" lon="113.281891">
        <time>2026-08-23T00:38:23Z</time>
      </trkpt>
      <trkpt lat="23.060594" lon="113.281811">
        <time>2026-08-23T00:38:28Z</time>
      </trkpt>
      <trkpt lat="23.060629" lon="113.281732">
        <time>2026-08-23T00:38:33Z</time>
      </trkpt>
      <trkpt lat="23.060683" lon="113.281624">
        <time>2026-08-23T00:38:38Z</time>
      </trkpt>
      <trkpt lat="23.060736" lon="113.281517">
        <time>2026-08-23T00:38:43Z</time>
      </trkpt>
      <trkpt lat="23.060773" lon="113.281438">
        <time>2026-08-23T00:38:48Z</time>
      </trkpt>
      <trkpt lat="23.060811" lon="113.281352">
        <time>2026-08-23T00:38:53Z</time>
      </trkpt>
      <trkpt lat="23.060861" lon="113.281222">
        <time>2026-08-23T00:38:58Z</time>
      </trkpt>
      <trkpt lat="23.060908" lon="113.281104">
        <time>2026-08-23T00:39:03Z</time>
      </trkpt>
      <trkpt lat="23.060941" lon="113.281029">
        <time>2026-08-23T00:39:08Z</time>
      </trkpt>
      <trkpt lat="23.060974" lon="113.280952">
        <time>2026-08-23T00:39:13Z</time>
      </trkpt>
      <trkpt lat="23.061021" lon="113.280836">
        <time>2026-08-23T00:39:18Z</time>
      </trkpt>
      <trkpt lat="23.061081" lon="113.280709">
        <time>2026-08-23T00:39:23Z</time>
      </trkpt>
      <trkpt lat="23.061126" lon="113.280628">
        <time>2026-08-23T00:39:28Z</time>
      </trkpt>
      <trkpt lat="23.061171" lon="113.280546">
        <time>2026-08-23T00:39:33Z</time>
      </trkpt>
      <trkpt lat="23.061232" lon="113.280424">
        <time>2026-08-23T00:39:38Z</time>
      </trkpt>
      <trkpt lat="23.06127" lon="113.280302">
        <time>2026-08-23T00:39:43Z</time>
      </trkpt>
      <trkpt lat="23.061305" lon="113.280226">
        <time>2026-08-23T00:39:48Z</time>
      </trkpt>
      <trkpt lat="23.061349" lon="113.280155">
        <time>2026-08-23T00:39:53Z</time>
      </trkpt>
      <trkpt lat="23.061403" lon="113.280044">
        <time>2026-08-23T00:39:58Z</time>
      </trkpt>
      <trkpt lat="23.061446" lon="113.279933">
        <time>2026-08-23T00:40:03Z</time>
      </trkpt>
      <trkpt lat="23.061477" lon="113.279848">
        <time>2026-08-23T00:40:08Z</time>
      </trkpt>
      <trkpt lat="23.061503" lon="113.279762">
        <time>2026-08-23T00:40:13Z</time>
      </trkpt>
      <trkpt lat="23.061542" lon="113.279644">
        <time>2026-08-23T00:40:18Z</time>
      </trkpt>
      <trkpt lat="23.061583" lon="113.279515">
        <time>2026-08-23T00:40:23Z</time>
      </trkpt>
      <trkpt lat="23.061612" lon="113.279429">
        <time>2026-08-23T00:40:28Z</time>
      </trkpt>
      <trkpt lat="23.061645" lon="113.279345">
        <time>2026-08-23T00:40:33Z</time>
      </trkpt>
      <trkpt lat="23.061695" lon="113.279214">
        <time>2026-08-23T00:40:38Z</time>
      </trkpt>
      <trkpt lat="23.061756" lon="113.279102">
        <time>2026-08-23T00:40:43Z</time>
      </trkpt>
      <trkpt lat="23.061805" lon="113.279031">
        <time>2026-08-23T00:40:48Z</time>
      </trkpt>
      <trkpt lat="23.06186" lon="113.278957">
        <time>2026-08-23T00:40:53Z</time>
      </trkpt>
      <trkpt lat="23.061936" lon="113.278836">
        <time>2026-08-23T00:40:58Z</time>
      </trkpt>
      <trkpt lat="23.061975" lon="113.278699">
        <time>2026-08-23T00:41:03Z</time>
      </trkpt>
      <trkpt lat="23.061974" lon="113.278605">
        <time>2026-08-23T00:41:08Z</time>
      </trkpt>
      <trkpt lat="23.06197" lon="113.278512">
        <time>2026-08-23T00:41:13Z</time>
      </trkpt>
      <trkpt lat="23.061959" lon="113.278371">
        <time>2026-08-23T00:41:18Z</time>
      </trkpt>
      <trkpt lat="23.061953" lon="113.278228">
        <time>2026-08-23T00:41:23Z</time>
      </trkpt>
      <trkpt lat="23.061958" lon="113.27813">
        <time>2026-08-23T00:41:28Z</time>
      </trkpt>
      <trkpt lat="23.061959" lon="113.278036">
        <time>2026-08-23T00:41:33Z</time>
      </trkpt>
      <trkpt lat="23.061952" lon="113.277893">
        <time>2026-08-23T00:41:38Z</time>
      </trkpt>
      <trkpt lat="23.061956" lon="113.277759">
        <time>2026-08-23T00:41:43Z</time>
      </trkpt>
      <trkpt lat="23.061975" lon="113.277675">
        <time>2026-08-23T00:41:48Z</time>
      </trkpt>
      <trkpt lat="23.061995" lon="113.277584">
        <time>2026-08-23T00:41:53Z</time>
      </trkpt>
      <trkpt lat="23.062044" lon="113.277459">
        <time>2026-08-23T00:41:58Z</time>
      </trkpt>
      <trkpt lat="23.0621" lon="113.27734">
        <time>2026-08-23T00:42:03Z</time>
      </trkpt>
      <trkpt lat="23.062132" lon="113.277262">
        <time>2026-08-23T00:42:08Z</time>
      </trkpt>
      <trkpt lat="23.062159" lon="113.277179">
        <time>2026-08-23T00:42:13Z</time>
      </trkpt>
      <trkpt lat="23.062207" lon="113.277056">
        <time>2026-08-23T00:42:18Z</time>
      </trkpt>
      <trkpt lat="23.062255" lon="113.276937">
        <time>2026-08-23T00:42:23Z</time>
      </trkpt>
      <trkpt lat="23.062282" lon="113.276856">
        <time>2026-08-23T00:42:28Z</time>
      </trkpt>
      <trkpt lat="23.062311" lon="113.276773">
        <time>2026-08-23T00:42:33Z</time>
      </trkpt>
      <trkpt lat="23.06236" lon="113.27665">
        <time>2026-08-23T00:42:38Z</time>
      </trkpt>
      <trkpt lat="23.06241" lon="113.276536">
        <time>2026-08-23T00:42:43Z</time>
      </trkpt>
      <trkpt lat="23.062438" lon="113.276456">
        <time>2026-08-23T00:42:48Z</time>
      </trkpt>
      <trkpt lat="23.062465" lon="113.276375">
        <time>2026-08-23T00:42:53Z</time>
      </trkpt>
      <trkpt lat="23.062512" lon="113.276252">
        <time>2026-08-23T00:42:58Z</time>
      </trkpt>
      <trkpt lat="23.062573" lon="113.276139">
        <time>2026-08-23T00:43:03Z</time>
      </trkpt>
      <trkpt lat="23.062617" lon="113.276064">
        <time>2026-08-23T00:43:08Z</time>
      </trkpt>
      <trkpt lat="23.062663" lon="113.275989">
        <time>2026-08-23T00:43:13Z</time>
      </trkpt>
      <trkpt lat="23.062739" lon="113.275884">
        <time>2026-08-23T00:43:18Z</time>
      </trkpt>
      <trkpt lat="23.062823" lon="113.275789">
        <time>2026-08-23T00:43:23Z</time>
      </trkpt>
      <trkpt lat="23.062886" lon="113.275735">
        <time>2026-08-23T00:43:28Z</time>
      </trkpt>
      <trkpt lat="23.062948" lon="113.275678">
        <time>2026-08-23T00:43:33Z</time>
      </trkpt>
      <trkpt lat="23.063039" lon="113.275579">
        <time>2026-08-23T00:43:38Z</time>
      </trkpt>
      <trkpt lat="23.063105" lon="113.275473">
        <time>2026-08-23T00:43:43Z</time>
      </trkpt>
      <trkpt lat="23.063145" lon="113.275393">
        <time>2026-08-23T00:43:48Z</time>
      </trkpt>
      <trkpt lat="23.063188" lon="113.275309">
        <time>2026-08-23T00:43:53Z</time>
      </trkpt>
      <trkpt lat="23.063265" lon="113.275199">
        <time>2026-08-23T00:43:58Z</time>
      </trkpt>
      <trkpt lat="23.063349" lon="113.275095">
        <time>2026-08-23T00:44:03Z</time>
      </trkpt>
      <trkpt lat="23.063388" lon="113.275016">
        <time>2026-08-23T00:44:08Z</time>
      </trkpt>
      <trkpt lat="23.063417" lon="113.274934">
        <time>2026-08-23T00:44:13Z</time>
      </trkpt>
      <trkpt lat="23.063454" lon="113.274815">
        <time>2026-08-23T00:44:18Z</time>
      </trkpt>
      <trkpt lat="23.063491" lon="113.274697">
        <time>2026-08-23T00:44:23Z</time>
      </trkpt>
      <trkpt lat="23.06351" lon="113.274616">
        <time>2026-08-23T00:44:28Z</time>
      </trkpt>
      <trkpt lat="23.063536" lon="113.274532">
        <time>2026-08-23T00:44:33Z</time>
      </trkpt>
      <trkpt lat="23.063584" lon="113.274423">
        <time>2026-08-23T00:44:38Z</time>
      </trkpt>
      <trkpt lat="23.063654" lon="113.274331">
        <time>2026-08-23T00:44:43Z</time>
      </trkpt>
      <trkpt lat="23.063716" lon="113.274265">
        <time>2026-08-23T00:44:48Z</time>
      </trkpt>
      <trkpt lat="23.063774" lon="113.274202">
        <time>2026-08-23T00:44:53Z</time>
      </trkpt>
      <trkpt lat="23.063844" lon="113.2741">
        <time>2026-08-23T00:44:58Z</time>
      </trkpt>
      <trkpt lat="23.063907" lon="113.273984">
        <time>2026-08-23T00:45:03Z</time>
      </trkpt>
      <trkpt lat="23.063955" lon="113.273902">
        <time>2026-08-23T00:45:08Z</time>
      </trkpt>
      <trkpt lat="23.064011" lon="113.273823">
        <time>2026-08-23T00:45:13Z</time>
      </trkpt>
      <trkpt lat="23.064103" lon="113.273717">
        <time>2026-08-23T00:45:18Z</time>
      </trkpt>
      <trkpt lat="23.064205" lon="113.273636">
        <time>2026-08-23T00:45:23Z</time>
      </trkpt>
      <trkpt lat="23.064268" lon="113.273587">
        <time>2026-08-23T00:45:28Z</time>
      </trkpt>
      <trkpt lat="23.064331" lon="113.273533">
        <time>2026-08-23T00:45:33Z</time>
      </trkpt>
      <trkpt lat="23.064435" lon="113.273447">
        <time>2026-08-23T00:45:38Z</time>
      </trkpt>
      <trkpt lat="23.064525" lon="113.273353">
        <time>2026-08-23T00:45:43Z</time>
      </trkpt>
      <trkpt lat="23.06457" lon="113.273281">
        <time>2026-08-23T00:45:48Z</time>
      </trkpt>
      <trkpt lat="23.064589" lon="113.273191">
        <time>2026-08-23T00:45:53Z</time>
      </trkpt>
      <trkpt lat="23.064569" lon="113.273047">
        <time>2026-08-23T00:45:58Z</time>
      </trkpt>
      <trkpt lat="23.064521" lon="113.272914">
        <time>2026-08-23T00:46:03Z</time>
      </trkpt>
      <trkpt lat="23.064489" lon="113.272827">
        <time>2026-08-23T00:46:08Z</time>
      </trkpt>
      <trkpt lat="23.064461" lon="113.272736">
        <time>2026-08-23T00:46:13Z</time>
      </trkpt>
      <trkpt lat="23.064454" lon="113.272595">
        <time>2026-08-23T00:46:18Z</time>
      </trkpt>
      <trkpt lat="23.064525" lon="113.272473">
        <time>2026-08-23T00:46:23Z</time>
      </trkpt>
      <trkpt lat="23.064565" lon="113.272385">
        <time>2026-08-23T00:46:28Z</time>
      </trkpt>
      <trkpt lat="23.064577" lon="113.272287">
        <time>2026-08-23T00:46:33Z</time>
      </trkpt>
      <trkpt lat="23.0646" lon="113.272152">
        <time>2026-08-23T00:46:38Z</time>
      </trkpt>
      <trkpt lat="23.064656" lon="113.272043">
        <time>2026-08-23T00:46:43Z</time>
      </trkpt>
      <trkpt lat="23.064691" lon="113.27197">
        <time>2026-08-23T00:46:48Z</time>
      </trkpt>
      <trkpt lat="23.064723" lon="113.271895">
        <time>2026-08-23T00:46:53Z</time>
      </trkpt>
      <trkpt lat="23.06478" lon="113.271778">
        <time>2026-08-23T00:46:58Z</time>
      </trkpt>
      <trkpt lat="23.06484" lon="113.271655">
        <time>2026-08-23T00:47:03Z</time>
      </trkpt>
      <trkpt lat="23.064885" lon="113.271579">
        <time>2026-08-23T00:47:08Z</time>
      </trkpt>
      <trkpt lat="23.064928" lon="113.271499">
        <time>2026-08-23T00:47:13Z</time>
      </trkpt>
      <trkpt lat="23.064982" lon="113.271379">
        <time>2026-08-23T00:47:18Z</time>
      </trkpt>
      <trkpt lat="23.06502" lon="113.27125">
        <time>2026-08-23T00:47:23Z</time>
      </trkpt>
      <trkpt lat="23.065062" lon="113.271167">
        <time>2026-08-23T00:47:28Z</time>
      </trkpt>
      <trkpt lat="23.065109" lon="113.271087">
        <time>2026-08-23T00:47:33Z</time>
      </trkpt>
      <trkpt lat="23.065166" lon="113.270971">
        <time>2026-08-23T00:47:38Z</time>
      </trkpt>
      <trkpt lat="23.065209" lon="113.270854">
        <time>2026-08-23T00:47:43Z</time>
      </trkpt>
      <trkpt lat="23.065244" lon="113.270774">
        <time>2026-08-23T00:47:48Z</time>
      </trkpt>
      <trkpt lat="23.065282" lon="113.270697">
        <time>2026-08-23T00:47:53Z</time>
      </trkpt>
      <trkpt lat="23.065331" lon="113.27058">
        <time>2026-08-23T00:47:58Z</time>
      </trkpt>
      <trkpt lat="23.065381" lon="113.270461">
        <time>2026-08-23T00:48:03Z</time>
      </trkpt>
      <trkpt lat="23.065414" lon="113.270379">
        <time>2026-08-23T00:48:08Z</time>
      </trkpt>
      <trkpt lat="23.065452" lon="113.270295">
        <time>2026-08-23T00:48:13Z</time>
      </trkpt>
      <trkpt lat="23.065505" lon="113.270171">
        <time>2026-08-23T00:48:18Z</time>
      </trkpt>
      <trkpt lat="23.065544" lon="113.270053">
        <time>2026-08-23T00:48:23Z</time>
      </trkpt>
      <trkpt lat="23.06557" lon="113.269972">
        <time>2026-08-23T00:48:28Z</time>
      </trkpt>
      <trkpt lat="23.065597" lon="113.269884">
        <time>2026-08-23T00:48:33Z</time>
      </trkpt>
      <trkpt lat="23.065632" lon="113.269751">
        <time>2026-08-23T00:48:38Z</time>
      </trkpt>
      <trkpt lat="23.065673" lon="113.269627">
        <time>2026-08-23T00:48:43Z</time>
      </trkpt>
      <trkpt lat="23.065711" lon="113.269544">
        <time>2026-08-23T00:48:48Z</time>
      </trkpt>
      <trkpt lat="23.065741" lon="113.269455">
        <time>2026-08-23T00:48:53Z</time>
      </trkpt>
      <trkpt lat="23.065778" lon="113.269309">
        <time>2026-08-23T00:48:58Z</time>
      </trkpt>
      <trkpt lat="23.065818" lon="113.269171">
        <time>2026-08-23T00:49:03Z</time>
      </trkpt>
      <trkpt lat="23.065844" lon="113.26909">
        <time>2026-08-23T00:49:08Z</time>
      </trkpt>
      <trkpt lat="23.065875" lon="113.269011">
        <time>2026-08-23T00:49:13Z</time>
      </trkpt>
      <trkpt lat="23.065931" lon="113.268894">
        <time>2026-08-23T00:49:18Z</time>
      </trkpt>
      <trkpt lat="23.06599" lon="113.268775">
        <time>2026-08-23T00:49:23Z</time>
      </trkpt>
      <trkpt lat="23.066026" lon="113.268701">
        <time>2026-08-23T00:49:28Z</time>
      </trkpt>
      <trkpt lat="23.066055" lon="113.268644">
        <time>2026-08-23T00:49:33Z</time>
      </trkpt>
      <trkpt lat="23.066094" lon="113.268578">
        <time>2026-08-23T00:49:38Z</time>
      </trkpt>
      <trkpt lat="23.066137" lon="113.268508">
        <time>2026-08-23T00:49:43Z</time>
      </trkpt>
      <trkpt lat="23.066162" lon="113.268466">
        <time>2026-08-23T00:49:48Z</time>
      </trkpt>
      <trkpt lat="23.066191" lon="113.268419">
        <time>2026-08-23T00:49:53Z</time>
      </trkpt>
      <trkpt lat="23.06624" lon="113.268351">
        <time>2026-08-23T00:49:58Z</time>
      </trkpt>
      <trkpt lat="23.066287" lon="113.268284">
        <time>2026-08-23T00:50:03Z</time>
      </trkpt>
      <trkpt lat="23.066326" lon="113.268241">
        <time>2026-08-23T00:50:08Z</time>
      </trkpt>
      <trkpt lat="23.066372" lon="113.268206">
        <time>2026-08-23T00:50:13Z</time>
      </trkpt>
      <trkpt lat="23.06645" lon="113.268172">
        <time>2026-08-23T00:50:18Z</time>
      </trkpt>
      <trkpt lat="23.066566" lon="113.268162">
        <time>2026-08-23T00:50:23Z</time>
      </trkpt>
      <trkpt lat="23.066655" lon="113.268174">
        <time>2026-08-23T00:50:28Z</time>
      </trkpt>
      <trkpt lat="23.06674" lon="113.268171">
        <time>2026-08-23T00:50:33Z</time>
      </trkpt>
      <trkpt lat="23.066869" lon="113.268169">
        <time>2026-08-23T00:50:38Z</time>
      </trkpt>
      <trkpt lat="23.066994" lon="113.268186">
        <time>2026-08-23T00:50:43Z</time>
      </trkpt>
      <trkpt lat="23.067068" lon="113.268211">
        <time>2026-08-23T00:50:48Z</time>
      </trkpt>
      <trkpt lat="23.067137" lon="113.268241">
        <time>2026-08-23T00:50:53Z</time>
      </trkpt>
      <trkpt lat="23.067233" lon="113.2683">
        <time>2026-08-23T00:50:58Z</time>
      </trkpt>
      <trkpt lat="23.067322" lon="113.268363">
        <time>2026-08-23T00:51:03Z</time>
      </trkpt>
      <trkpt lat="23.067384" lon="113.268404">
        <time>2026-08-23T00:51:08Z</time>
      </trkpt>
      <trkpt lat="23.067461" lon="113.268447">
        <time>2026-08-23T00:51:13Z</time>
      </trkpt>
      <trkpt lat="23.067583" lon="113.268522">
        <time>2026-08-23T00:51:18Z</time>
      </trkpt>
      <trkpt lat="23.067709" lon="113.268587">
        <time>2026-08-23T00:51:23Z</time>
      </trkpt>
      <trkpt lat="23.067796" lon="113.268619">
        <time>2026-08-23T00:51:28Z</time>
      </trkpt>
      <trkpt lat="23.067876" lon="113.268661">
        <time>2026-08-23T00:51:33Z</time>
      </trkpt>
      <trkpt lat="23.06797" lon="113.268738">
        <time>2026-08-23T00:51:38Z</time>
      </trkpt>
      <trkpt lat="23.068028" lon="113.268783">
        <time>2026-08-23T00:51:43Z</time>
      </trkpt>
      <trkpt lat="23.06806" lon="113.268796">
        <time>2026-08-23T00:51:48Z</time>
      </trkpt>
      <trkpt lat="23.068101" lon="113.268809">
        <time>2026-08-23T00:51:53Z</time>
      </trkpt>
      <trkpt lat="23.068173" lon="113.268833">
        <time>2026-08-23T00:51:58Z</time>
      </trkpt>
      <trkpt lat="23.068253" lon="113.26887">
        <time>2026-08-23T00:52:03Z</time>
      </trkpt>
      <trkpt lat="23.068302" lon="113.268896">
        <time>2026-08-23T00:52:08Z</time>
      </trkpt>
      <trkpt lat="23.068347" lon="113.268926">
        <time>2026-08-23T00:52:13Z</time>
      </trkpt>
      <trkpt lat="23.068397" lon="113.268969">
        <time>2026-08-23T00:52:18Z</time>
      </trkpt>
      <trkpt lat="23.068426" lon="113.268992">
        <time>2026-08-23T00:52:23Z</time>
      </trkpt>
      <trkpt lat="23.068448" lon="113.269004">
        <time>2026-08-23T00:52:28Z</time>
      </trkpt>
      <trkpt lat="23.06848" lon="113.269018">
        <time>2026-08-23T00:52:33Z</time>
      </trkpt>
      <trkpt lat="23.068547" lon="113.269029">
        <time>2026-08-23T00:52:38Z</time>
      </trkpt>
      <trkpt lat="23.068595" lon="113.269039">
        <time>2026-08-23T00:52:43Z</time>
      </trkpt>
      <trkpt lat="23.068656" lon="113.269073">
        <time>2026-08-23T00:52:48Z</time>
      </trkpt>
      <trkpt lat="23.068781" lon="113.26913">
        <time>2026-08-23T00:52:53Z</time>
      </trkpt>
      <trkpt lat="23.068909" lon="113.269183">
        <time>2026-08-23T00:52:58Z</time>
      </trkpt>
      <trkpt lat="23.068982" lon="113.269218">
        <time>2026-08-23T00:53:03Z</time>
      </trkpt>
      <trkpt lat="23.069066" lon="113.269229">
        <time>2026-08-23T00:53:08Z</time>
      </trkpt>
      <trkpt lat="23.069179" lon="113.269279">
        <time>2026-08-23T00:53:13Z</time>
      </trkpt>
      <trkpt lat="23.069292" lon="113.269362">
        <time>2026-08-23T00:53:18Z</time>
      </trkpt>
      <trkpt lat="23.069375" lon="113.269409">
        <time>2026-08-23T00:53:23Z</time>
      </trkpt>
      <trkpt lat="23.069455" lon="113.269449">
        <time>2026-08-23T00:53:28Z</time>
      </trkpt>
      <trkpt lat="23.069582" lon="113.269486">
        <time>2026-08-23T00:53:33Z</time>
      </trkpt>
      <trkpt lat="23.069704" lon="113.269535">
        <time>2026-08-23T00:53:38Z</time>
      </trkpt>
      <trkpt lat="23.06978" lon="113.269578">
        <time>2026-08-23T00:53:43Z</time>
      </trkpt>
      <trkpt lat="23.069868" lon="113.269619">
        <time>2026-08-23T00:53:48Z</time>
      </trkpt>
      <trkpt lat="23.069981" lon="113.269677">
        <time>2026-08-23T00:53:53Z</time>
      </trkpt>
      <trkpt lat="23.070088" lon="113.269755">
        <time>2026-08-23T00:53:58Z</time>
      </trkpt>
      <trkpt lat="23.070161" lon="113.269804">
        <time>2026-08-23T00:54:03Z</time>
      </trkpt>
      <trkpt lat="23.070217" lon="113.269838">
        <time>2026-08-23T00:54:08Z</time>
      </trkpt>
      <trkpt lat="23.070283" lon="113.269874">
        <time>2026-08-23T00:54:13Z</time>
      </trkpt>
      <trkpt lat="23.070352" lon="113.269905">
        <time>2026-08-23T00:54:18Z</time>
      </trkpt>
      <trkpt lat="23.070399" lon="113.26992">
        <time>2026-08-23T00:54:23Z</time>
      </trkpt>
      <trkpt lat="23.070444" lon="113.269941">
        <time>2026-08-23T00:54:28Z</time>
      </trkpt>
      <trkpt lat="23.070535" lon="113.269969">
        <time>2026-08-23T00:54:33Z</time>
      </trkpt>
      <trkpt lat="23.070616" lon="113.269988">
        <time>2026-08-23T00:54:38Z</time>
      </trkpt>
      <trkpt lat="23.070666" lon="113.270003">
        <time>2026-08-23T00:54:43Z</time>
      </trkpt>
      <trkpt lat="23.070721" lon="113.270005">
        <time>2026-08-23T00:54:48Z</time>
      </trkpt>
      <trkpt lat="23.070816" lon="113.270033">
        <time>2026-08-23T00:54:53Z</time>
      </trkpt>
      <trkpt lat="23.070923" lon="113.270106">
        <time>2026-08-23T00:54:58Z</time>
      </trkpt>
      <trkpt lat="23.070988" lon="113.270148">
        <time>2026-08-23T00:55:03Z</time>
      </trkpt>
      <trkpt lat="23.071059" lon="113.270186">
        <time>2026-08-23T00:55:08Z</time>
      </trkpt>
      <trkpt lat="23.071166" lon="113.270229">
        <time>2026-08-23T00:55:13Z</time>
      </trkpt>
      <trkpt lat="23.071285" lon="113.270253">
        <time>2026-08-23T00:55:18Z</time>
      </trkpt>
      <trkpt lat="23.071369" lon="113.27027">
        <time>2026-08-23T00:55:23Z</time>
      </trkpt>
      <trkpt lat="23.07145" lon="113.270296">
        <time>2026-08-23T00:55:28Z</time>
      </trkpt>
      <trkpt lat="23.071557" lon="113.270351">
        <time>2026-08-23T00:55:33Z</time>
      </trkpt>
      <trkpt lat="23.071633" lon="113.270401">
        <time>2026-08-23T00:55:38Z</time>
      </trkpt>
      <trkpt lat="23.071673" lon="113.270426">
        <time>2026-08-23T00:55:43Z</time>
      </trkpt>
      <trkpt lat="23.071723" lon="113.270443">
        <time>2026-08-23T00:55:48Z</time>
      </trkpt>
      <trkpt lat="23.071795" lon="113.270484">
        <time>2026-08-23T00:55:53Z</time>
      </trkpt>
      <trkpt lat="23.071857" lon="113.27053">
        <time>2026-08-23T00:55:58Z</time>
      </trkpt>
      <trkpt lat="23.071905" lon="113.270585">
        <time>2026-08-23T00:56:03Z</time>
      </trkpt>
      <trkpt lat="23.071974" lon="113.270655">
        <time>2026-08-23T00:56:08Z</time>
      </trkpt>
      <trkpt lat="23.072085" lon="113.270707">
        <time>2026-08-23T00:56:13Z</time>
      </trkpt>
      <trkpt lat="23.072192" lon="113.270764">
        <time>2026-08-23T00:56:18Z</time>
      </trkpt>
      <trkpt lat="23.072268" lon="113.270808">
        <time>2026-08-23T00:56:23Z</time>
      </trkpt>
      <trkpt lat="23.072335" lon="113.270851">
        <time>2026-08-23T00:56:28Z</time>
      </trkpt>
      <trkpt lat="23.072448" lon="113.270886">
        <time>2026-08-23T00:56:33Z</time>
      </trkpt>
      <trkpt lat="23.072573" lon="113.270933">
        <time>2026-08-23T00:56:38Z</time>
      </trkpt>
      <trkpt lat="23.072655" lon="113.270972">
        <time>2026-08-23T00:56:43Z</time>
      </trkpt>
      <trkpt lat="23.072738" lon="113.270991">
        <time>2026-08-23T00:56:48Z</time>
      </trkpt>
      <trkpt lat="23.072832" lon="113.271049">
        <time>2026-08-23T00:56:53Z</time>
      </trkpt>
      <trkpt lat="23.072932" lon="113.27109">
        <time>2026-08-23T00:56:58Z</time>
      </trkpt>
      <trkpt lat="23.072996" lon="113.271093">
        <time>2026-08-23T00:57:03Z</time>
      </trkpt>
      <trkpt lat="23.073056" lon="113.271089">
        <time>2026-08-23T00:57:08Z</time>
      </trkpt>
      <trkpt lat="23.073123" lon="113.271143">
        <time>2026-08-23T00:57:13Z</time>
      </trkpt>
      <trkpt lat="23.073195" lon="113.271179">
        <time>2026-08-23T00:57:18Z</time>
      </trkpt>
      <trkpt lat="23.073226" lon="113.271215">
        <time>2026-08-23T00:57:23Z</time>
      </trkpt>
      <trkpt lat="23.07325" lon="113.271252">
        <time>2026-08-23T00:57:28Z</time>
      </trkpt>
      <trkpt lat="23.073316" lon="113.271279">
        <time>2026-08-23T00:57:33Z</time>
      </trkpt>
      <trkpt lat="23.073397" lon="113.271343">
        <time>2026-08-23T00:57:38Z</time>
      </trkpt>
      <trkpt lat="23.073443" lon="113.271382">
        <time>2026-08-23T00:57:43Z</time>
      </trkpt>
      <trkpt lat="23.073489" lon="113.271421">
        <time>2026-08-23T00:57:48Z</time>
      </trkpt>
      <trkpt lat="23.073552" lon="113.271509">
        <time>2026-08-23T00:57:53Z</time>
      </trkpt>
      <trkpt lat="23.073616" lon="113.271582">
        <time>2026-08-23T00:57:58Z</time>
      </trkpt>
      <trkpt lat="23.073672" lon="113.271602">
        <time>2026-08-23T00:58:03Z</time>
      </trkpt>
      <trkpt lat="23.073736" lon="113.271618">
        <time>2026-08-23T00:58:08Z</time>
      </trkpt>
      <trkpt lat="23.073807" lon="113.271667">
        <time>2026-08-23T00:58:13Z</time>
      </trkpt>
      <trkpt lat="23.073869" lon="113.271713">
        <time>2026-08-23T00:58:18Z</time>
      </trkpt>
      <trkpt lat="23.073915" lon="113.271742">
        <time>2026-08-23T00:58:23Z</time>
      </trkpt>
      <trkpt lat="23.073961" lon="113.271762">
        <time>2026-08-23T00:58:28Z</time>
      </trkpt>
      <trkpt lat="23.074045" lon="113.271781">
        <time>2026-08-23T00:58:33Z</time>
      </trkpt>
      <trkpt lat="23.074076" lon="113.271813">
        <time>2026-08-23T00:58:38Z</time>
      </trkpt>
      <trkpt lat="23.074061" lon="113.271849">
        <time>2026-08-23T00:58:43Z</time>
      </trkpt>
      <trkpt lat="23.074044" lon="113.271889">
        <time>2026-08-23T00:58:48Z</time>
      </trkpt>
      <trkpt lat="23.074018" lon="113.271961">
        <time>2026-08-23T00:58:53Z</time>
      </trkpt>
      <trkpt lat="23.073992" lon="113.272043">
        <time>2026-08-23T00:58:58Z</time>
      </trkpt>
      <trkpt lat="23.073977" lon="113.272108">
        <time>2026-08-23T00:59:03Z</time>
      </trkpt>
      <trkpt lat="23.073952" lon="113.272155">
        <time>2026-08-23T00:59:08Z</time>
      </trkpt>
      <trkpt lat="23.073913" lon="113.272219">
        <time>2026-08-23T00:59:13Z</time>
      </trkpt>
      <trkpt lat="23.073883" lon="113.272311">
        <time>2026-08-23T00:59:18Z</time>
      </trkpt>
      <trkpt lat="23.073868" lon="113.272372">
        <time>2026-08-23T00:59:23Z</time>
      </trkpt>
      <trkpt lat="23.073851" lon="113.272427">
        <time>2026-08-23T00:59:28Z</time>
      </trkpt>
      <trkpt lat="23.073815" lon="113.272517">
        <time>2026-08-23T00:59:33Z</time>
      </trkpt>
      <trkpt lat="23.073779" lon="113.272602">
        <time>2026-08-23T00:59:38Z</time>
      </trkpt>
      <trkpt lat="23.073754" lon="113.272655">
        <time>2026-08-23T00:59:43Z</time>
      </trkpt>
      <trkpt lat="23.073727" lon="113.272715">
        <time>2026-08-23T00:59:48Z</time>
      </trkpt>
      <trkpt lat="23.073691" lon="113.272801">
        <time>2026-08-23T00:59:53Z</time>
      </trkpt>
      <trkpt lat="23.073663" lon="113.272863">
        <time>2026-08-23T00:59:58Z</time>
      </trkpt>
      <trkpt lat="23.07364" lon="113.272904">
        <time>2026-08-23T01:00:03Z</time>
      </trkpt>
      <trkpt lat="23.073646" lon="113.272929">
        <time>2026-08-23T01:00:08Z</time>
      </trkpt>
      <trkpt lat="23.073678" lon="113.272936">
        <time>2026-08-23T01:00:13Z</time>
      </trkpt>
      <trkpt lat="23.073714" lon="113.272958">
        <time>2026-08-23T01:00:18Z</time>
      </trkpt>
      <trkpt lat="23.073811" lon="113.272974">
        <time>2026-08-23T01:00:23Z</time>
      </trkpt>
      <trkpt lat="23.07389" lon="113.272971">
        <time>2026-08-23T01:00:28Z</time>
      </trkpt>
      <trkpt lat="23.073975" lon="113.272962">
        <time>2026-08-23T01:00:33Z</time>
      </trkpt>
      <trkpt lat="23.074043" lon="113.272861">
        <time>2026-08-23T01:00:38Z</time>
      </trkpt>
      <trkpt lat="23.074082" lon="113.272731">
        <time>2026-08-23T01:00:43Z</time>
      </trkpt>
      <trkpt lat="23.074114" lon="113.272657">
        <time>2026-08-23T01:00:48Z</time>
      </trkpt>
      <trkpt lat="23.074145" lon="113.272583">
        <time>2026-08-23T01:00:53Z</time>
      </trkpt>
      <trkpt lat="23.074212" lon="113.272476">
        <time>2026-08-23T01:00:58Z</time>
      </trkpt>
      <trkpt lat="23.074274" lon="113.27236">
        <time>2026-08-23T01:01:03Z</time>
      </trkpt>
      <trkpt lat="23.074322" lon="113.272281">
        <time>2026-08-23T01:01:08Z</time>
      </trkpt>
      <trkpt lat="23.074368" lon="113.272204">
        <time>2026-08-23T01:01:13Z</time>
      </trkpt>
      <trkpt lat="23.074462" lon="113.272079">
        <time>2026-08-23T01:01:18Z</time>
      </trkpt>
      <trkpt lat="23.074565" lon="113.272027">
        <time>2026-08-23T01:01:23Z</time>
      </trkpt>
      <trkpt lat="23.074621" lon="113.272061">
        <time>2026-08-23T01:01:28Z</time>
      </trkpt>
      <trkpt lat="23.074656" lon="113.27208">
        <time>2026-08-23T01:01:33Z</time>
      </trkpt>
      <trkpt lat="23.074691" lon="113.272086">
        <time>2026-08-23T01:01:38Z</time>
      </trkpt>
      <trkpt lat="23.074765" lon="113.27213">
        <time>2026-08-23T01:01:43Z</time>
      </trkpt>
      <trkpt lat="23.074837" lon="113.27219">
        <time>2026-08-23T01:01:48Z</time>
      </trkpt>
      <trkpt lat="23.074903" lon="113.272245">
        <time>2026-08-23T01:01:53Z</time>
      </trkpt>
    </trkseg>
  </trk>
</gpx>