<?xml version="1.0" encoding="UTF-8"?>
<gpx xmlns="http://www.topografix.com/GPX/1/1" xmlns:gpxtpx="http://www.garmin.com/xmlschemas/TrackPointExtension/v1" xmlns:xsi="http://www.w3.org/2001/XMLSchema-instance" xsi:schemaLocation="http://www.topografix.com/GPX/1/1 http://www.topografix.com/GPX/1/1/gpx.xsd" version="1.1" creator="gpx.py -- https://github.com/tkrajina/gpxpy">
  <trk>
    <name>gpx from joyrun</name>
    <trkseg>
      <trkpt lat="23.076007" lon="113.272893">
        <time>2026-08-28T22:13:27Z</time>
      </trkpt>
      <trkpt lat="23.076035" lon="113.272831">
        <time>2026-08-28T22:13:32Z</time>
      </trkpt>
      <trkpt lat="23.075965" lon="113.272731">
        <time>2026-08-28T22:13:37Z</time>
      </trkpt>
      <trkpt lat="23.075844" lon="113.272631">
        <time>2026-08-28T22:13:42Z</time>
      </trkpt>
      <trkpt lat="23.075778" lon="113.272558">
        <time>2026-08-28T22:13:47Z</time>
      </trkpt>
      <trkpt lat="23.075712" lon="113.272489">
        <time>2026-08-28T22:13:52Z</time>
      </trkpt>
      <trkpt lat="23.0756" lon="113.272424">
        <time>2026-08-28T22:13:57Z</time>
      </trkpt>
      <trkpt lat="23.07545" lon="113.272407">
        <time>2026-08-28T22:14:02Z</time>
      </trkpt>
      <trkpt lat="23.07534" lon="113.272401">
        <time>2026-08-28T22:14:07Z</time>
      </trkpt>
      <trkpt lat="23.075241" lon="113.27237">
        <time>2026-08-28T22:14:12Z</time>
      </trkpt>
      <trkpt lat="23.075124" lon="113.272322">
        <time>2026-08-28T22:14:17Z</time>
      </trkpt>
      <trkpt lat="23.075016" lon="113.272261">
        <time>2026-08-28T22:14:22Z</time>
      </trkpt>
      <trkpt lat="23.074938" lon="113.272199">
        <time>2026-08-28T22:14:27Z</time>
      </trkpt>
      <trkpt lat="23.074865" lon="113.272121">
        <time>2026-08-28T22:14:32Z</time>
      </trkpt>
      <trkpt lat="23.074742" lon="113.272055">
        <time>2026-08-28T22:14:37Z</time>
      </trkpt>
      <trkpt lat="23.074625" lon="113.272014">
        <time>2026-08-28T22:14:42Z</time>
      </trkpt>
      <trkpt lat="23.074551" lon="113.271964">
        <time>2026-08-28T22:14:47Z</time>
      </trkpt>
      <trkpt lat="23.074459" lon="113.271955">
        <time>2026-08-28T22:14:52Z</time>
      </trkpt>
      <trkpt lat="23.074356" lon="113.272062">
        <time>2026-08-28T22:14:57Z</time>
      </trkpt>
      <trkpt lat="23.074297" lon="113.272209">
        <time>2026-08-28T22:15:02Z</time>
      </trkpt>
      <trkpt lat="23.074264" lon="113.272297">
        <time>2026-08-28T22:15:07Z</time>
      </trkpt>
      <trkpt lat="23.074218" lon="113.272389">
        <time>2026-08-28T22:15:12Z</time>
      </trkpt>
      <trkpt lat="23.074145" lon="113.272529">
        <time>2026-08-28T22:15:17Z</time>
      </trkpt>
      <trkpt lat="23.074082" lon="113.272667">
        <time>2026-08-28T22:15:22Z</time>
      </trkpt>
      <trkpt lat="23.07404" lon="113.272754">
        <time>2026-08-28T22:15:27Z</time>
      </trkpt>
      <trkpt lat="23.073988" lon="113.272844">
        <time>2026-08-28T22:15:32Z</time>
      </trkpt>
      <trkpt lat="23.073922" lon="113.27297">
        <time>2026-08-28T22:15:37Z</time>
      </trkpt>
      <trkpt lat="23.073871" lon="113.273105">
        <time>2026-08-28T22:15:42Z</time>
      </trkpt>
      <trkpt lat="23.073832" lon="113.273194">
        <time>2026-08-28T22:15:47Z</time>
      </trkpt>
      <trkpt lat="23.073788" lon="113.273281">
        <time>2026-08-28T22:15:52Z</time>
      </trkpt>
      <trkpt lat="23.073775" lon="113.273307">
        <time>2026-08-28T22:15:57Z</time>
      </trkpt>
      <trkpt lat="23.073847" lon="113.273197">
        <time>2026-08-28T22:16:02Z</time>
      </trkpt>
      <trkpt lat="23.073883" lon="113.273117">
        <time>2026-08-28T22:16:07Z</time>
      </trkpt>
      <trkpt lat="23.073884" lon="113.273025">
        <time>2026-08-28T22:16:12Z</time>
      </trkpt>
      <trkpt lat="23.073795" lon="113.272919">
        <time>2026-08-28T22:16:17Z</time>
      </trkpt>
      <trkpt lat="23.073698" lon="113.272835">
        <time>2026-08-28T22:16:22Z</time>
      </trkpt>
      <trkpt lat="23.073698" lon="113.272768">
        <time>2026-08-28T22:16:27Z</time>
      </trkpt>
      <trkpt lat="23.073734" lon="113.272693">
        <time>2026-08-28T22:16:32Z</time>
      </trkpt>
      <trkpt lat="23.073793" lon="113.272567">
        <time>2026-08-28T22:16:37Z</time>
      </trkpt>
      <trkpt lat="23.073848" lon="113.272441">
        <time>2026-08-28T22:16:42Z</time>
      </trkpt>
      <trkpt lat="23.073883" lon="113.272354">
        <time>2026-08-28T22:16:47Z</time>
      </trkpt>
      <trkpt lat="23.073918" lon="113.272269">
        <time>2026-08-28T22:16:52Z</time>
      </trkpt>
      <trkpt lat="23.073977" lon="113.272149">
        <time>2026-08-28T22:16:57Z</time>
      </trkpt>
      <trkpt lat="23.074034" lon="113.272029">
        <time>2026-08-28T22:17:02Z</time>
      </trkpt>
      <trkpt lat="23.074073" lon="113.271948">
        <time>2026-08-28T22:17:07Z</time>
      </trkpt>
      <trkpt lat="23.074106" lon="113.271866">
        <time>2026-08-28T22:17:12Z</time>
      </trkpt>
      <trkpt lat="23.074122" lon="113.271737">
        <time>2026-08-28T22:17:17Z</time>
      </trkpt>
      <trkpt lat="23.074037" lon="113.271658">
        <time>2026-08-28T22:17:22Z</time>
      </trkpt>
      <trkpt lat="23.073963" lon="113.271619">
        <time>2026-08-28T22:17:27Z</time>
      </trkpt>
      <trkpt lat="23.073884" lon="113.27158">
        <time>2026-08-28T22:17:32Z</time>
      </trkpt>
      <trkpt lat="23.073769" lon="113.271533">
        <time>2026-08-28T22:17:37Z</time>
      </trkpt>
      <trkpt lat="23.073651" lon="113.271476">
        <time>2026-08-28T22:17:42Z</time>
      </trkpt>
      <trkpt lat="23.07357" lon="113.271447">
        <time>2026-08-28T22:17:47Z</time>
      </trkpt>
      <trkpt lat="23.073486" lon="113.271416">
        <time>2026-08-28T22:17:52Z</time>
      </trkpt>
      <trkpt lat="23.073353" lon="113.271363">
        <time>2026-08-28T22:17:57Z</time>
      </trkpt>
      <trkpt lat="23.073241" lon="113.271235">
        <time>2026-08-28T22:18:02Z</time>
      </trkpt>
      <trkpt lat="23.073167" lon="113.271169">
        <time>2026-08-28T22:18:07Z</time>
      </trkpt>
      <trkpt lat="23.073097" lon="113.271127">
        <time>2026-08-28T22:18:12Z</time>
      </trkpt>
      <trkpt lat="23.072969" lon="113.27107">
        <time>2026-08-28T22:18:17Z</time>
      </trkpt>
      <trkpt lat="23.072851" lon="113.270978">
        <time>2026-08-28T22:18:22Z</time>
      </trkpt>
      <trkpt lat="23.072771" lon="113.270922">
        <time>2026-08-28T22:18:27Z</time>
      </trkpt>
      <trkpt lat="23.07269" lon="113.270878">
        <time>2026-08-28T22:18:32Z</time>
      </trkpt>
      <trkpt lat="23.072562" lon="113.270807">
        <time>2026-08-28T22:18:37Z</time>
      </trkpt>
      <trkpt lat="23.072428" lon="113.270761">
        <time>2026-08-28T22:18:42Z</time>
      </trkpt>
      <trkpt lat="23.072341" lon="113.270739">
        <time>2026-08-28T22:18:47Z</time>
      </trkpt>
      <trkpt lat="23.07226" lon="113.270697">
        <time>2026-08-28T22:18:52Z</time>
      </trkpt>
      <trkpt lat="23.072161" lon="113.270623">
        <time>2026-08-28T22:18:57Z</time>
      </trkpt>
      <trkpt lat="23.072074" lon="113.270533">
        <time>2026-08-28T22:19:02Z</time>
      </trkpt>
      <trkpt lat="23.072003" lon="113.270485">
        <time>2026-08-28T22:19:07Z</time>
      </trkpt>
      <trkpt lat="23.071929" lon="113.270421">
        <time>2026-08-28T22:19:12Z</time>
      </trkpt>
      <trkpt lat="23.071805" lon="113.270348">
        <time>2026-08-28T22:19:17Z</time>
      </trkpt>
      <trkpt lat="23.07169" lon="113.270297">
        <time>2026-08-28T22:19:22Z</time>
      </trkpt>
      <trkpt lat="23.071595" lon="113.27025">
        <time>2026-08-28T22:19:27Z</time>
      </trkpt>
      <trkpt lat="23.071494" lon="113.270197">
        <time>2026-08-28T22:19:32Z</time>
      </trkpt>
      <trkpt lat="23.071344" lon="113.270123">
        <time>2026-08-28T22:19:37Z</time>
      </trkpt>
      <trkpt lat="23.071204" lon="113.270063">
        <time>2026-08-28T22:19:42Z</time>
      </trkpt>
      <trkpt lat="23.071108" lon="113.270035">
        <time>2026-08-28T22:19:47Z</time>
      </trkpt>
      <trkpt lat="23.071021" lon="113.270014">
        <time>2026-08-28T22:19:52Z</time>
      </trkpt>
      <trkpt lat="23.070896" lon="113.269968">
        <time>2026-08-28T22:19:57Z</time>
      </trkpt>
      <trkpt lat="23.070742" lon="113.269911">
        <time>2026-08-28T22:20:02Z</time>
      </trkpt>
      <trkpt lat="23.070637" lon="113.269856">
        <time>2026-08-28T22:20:07Z</time>
      </trkpt>
      <trkpt lat="23.070537" lon="113.269812">
        <time>2026-08-28T22:20:12Z</time>
      </trkpt>
      <trkpt lat="23.070385" lon="113.269776">
        <time>2026-08-28T22:20:17Z</time>
      </trkpt>
      <trkpt lat="23.070239" lon="113.269733">
        <time>2026-08-28T22:20:22Z</time>
      </trkpt>
      <trkpt lat="23.070152" lon="113.269694">
        <time>2026-08-28T22:20:27Z</time>
      </trkpt>
      <trkpt lat="23.070071" lon="113.26965">
        <time>2026-08-28T22:20:32Z</time>
      </trkpt>
      <trkpt lat="23.069959" lon="113.269575">
        <time>2026-08-28T22:20:37Z</time>
      </trkpt>
      <trkpt lat="23.069835" lon="113.269526">
        <time>2026-08-28T22:20:42Z</time>
      </trkpt>
      <trkpt lat="23.069741" lon="113.269512">
        <time>2026-08-28T22:20:47Z</time>
      </trkpt>
      <trkpt lat="23.069648" lon="113.269473">
        <time>2026-08-28T22:20:52Z</time>
      </trkpt>
      <trkpt lat="23.069518" lon="113.269399">
        <time>2026-08-28T22:20:57Z</time>
      </trkpt>
      <trkpt lat="23.0694" lon="113.269321">
        <time>2026-08-28T22:21:02Z</time>
      </trkpt>
      <trkpt lat="23.069335" lon="113.269253">
        <time>2026-08-28T22:21:07Z</time>
      </trkpt>
      <trkpt lat="23.069285" lon="113.269162">
        <time>2026-08-28T22:21:12Z</time>
      </trkpt>
      <trkpt lat="23.069171" lon="113.269066">
        <time>2026-08-28T22:21:17Z</time>
      </trkpt>
      <trkpt lat="23.06903" lon="113.268988">
        <time>2026-08-28T22:21:22Z</time>
      </trkpt>
      <trkpt lat="23.068943" lon="113.268939">
        <time>2026-08-28T22:21:27Z</time>
      </trkpt>
      <trkpt lat="23.068856" lon="113.2689">
        <time>2026-08-28T22:21:32Z</time>
      </trkpt>
      <trkpt lat="23.068725" lon="113.268847">
        <time>2026-08-28T22:21:37Z</time>
      </trkpt>
      <trkpt lat="23.068605" lon="113.268804">
        <time>2026-08-28T22:21:42Z</time>
      </trkpt>
      <trkpt lat="23.068526" lon="113.268784">
        <time>2026-08-28T22:21:47Z</time>
      </trkpt>
      <trkpt lat="23.068437" lon="113.268759">
        <time>2026-08-28T22:21:52Z</time>
      </trkpt>
      <trkpt lat="23.068311" lon="113.268718">
        <time>2026-08-28T22:21:57Z</time>
      </trkpt>
      <trkpt lat="23.068184" lon="113.268656">
        <time>2026-08-28T22:22:02Z</time>
      </trkpt>
      <trkpt lat="23.068092" lon="113.268605">
        <time>2026-08-28T22:22:07Z</time>
      </trkpt>
      <trkpt lat="23.067995" lon="113.268554">
        <time>2026-08-28T22:22:12Z</time>
      </trkpt>
      <trkpt lat="23.067849" lon="113.268483">
        <time>2026-08-28T22:22:17Z</time>
      </trkpt>
      <trkpt lat="23.067725" lon="113.268411">
        <time>2026-08-28T22:22:22Z</time>
      </trkpt>
      <trkpt lat="23.067639" lon="113.268361">
        <time>2026-08-28T22:22:27Z</time>
      </trkpt>
      <trkpt lat="23.067554" lon="113.268315">
        <time>2026-08-28T22:22:32Z</time>
      </trkpt>
      <trkpt lat="23.067422" lon="113.268263">
        <time>2026-08-28T22:22:37Z</time>
      </trkpt>
      <trkpt lat="23.067289" lon="113.268223">
        <time>2026-08-28T22:22:42Z</time>
      </trkpt>
      <trkpt lat="23.067211" lon="113.268181">
        <time>2026-08-28T22:22:47Z</time>
      </trkpt>
      <trkpt lat="23.067135" lon="113.268137">
        <time>2026-08-28T22:22:52Z</time>
      </trkpt>
      <trkpt lat="23.067005" lon="113.268076">
        <time>2026-08-28T22:22:57Z</time>
      </trkpt>
      <trkpt lat="23.066866" lon="113.268029">
        <time>2026-08-28T22:23:02Z</time>
      </trkpt>
      <trkpt lat="23.066765" lon="113.268011">
        <time>2026-08-28T22:23:07Z</time>
      </trkpt>
      <trkpt lat="23.066663" lon="113.268007">
        <time>2026-08-28T22:23:12Z</time>
      </trkpt>
      <trkpt lat="23.066525" lon="113.267964">
        <time>2026-08-28T22:23:17Z</time>
      </trkpt>
      <trkpt lat="23.066384" lon="113.267943">
        <time>2026-08-28T22:23:22Z</time>
      </trkpt>
      <trkpt lat="23.066291" lon="113.267958">
        <time>2026-08-28T22:23:27Z</time>
      </trkpt>
      <trkpt lat="23.066206" lon="113.268004">
        <time>2026-08-28T22:23:32Z</time>
      </trkpt>
      <trkpt lat="23.066097" lon="113.26811">
        <time>2026-08-28T22:23:37Z</time>
      </trkpt>
      <trkpt lat="23.066011" lon="113.268216">
        <time>2026-08-28T22:23:42Z</time>
      </trkpt>
      <trkpt lat="23.065957" lon="113.268289">
        <time>2026-08-28T22:23:47Z</time>
      </trkpt>
      <trkpt lat="23.065905" lon="113.268363">
        <time>2026-08-28T22:23:52Z</time>
      </trkpt>
      <trkpt lat="23.065832" lon="113.268482">
        <time>2026-08-28T22:23:57Z</time>
      </trkpt>
      <trkpt lat="23.065764" lon="113.26861">
        <time>2026-08-28T22:24:02Z</time>
      </trkpt>
      <trkpt lat="23.065723" lon="113.2687">
        <time>2026-08-28T22:24:07Z</time>
      </trkpt>
      <trkpt lat="23.065686" lon="113.268788">
        <time>2026-08-28T22:24:12Z</time>
      </trkpt>
      <trkpt lat="23.065637" lon="113.268923">
        <time>2026-08-28T22:24:17Z</time>
      </trkpt>
      <trkpt lat="23.065595" lon="113.269058">
        <time>2026-08-28T22:24:22Z</time>
      </trkpt>
      <trkpt lat="23.06557" lon="113.269153">
        <time>2026-08-28T22:24:27Z</time>
      </trkpt>
      <trkpt lat="23.065548" lon="113.269247">
        <time>2026-08-28T22:24:32Z</time>
      </trkpt>
      <trkpt lat="23.065521" lon="113.26939">
        <time>2026-08-28T22:24:37Z</time>
      </trkpt>
      <trkpt lat="23.065486" lon="113.269537">
        <time>2026-08-28T22:24:42Z</time>
      </trkpt>
      <trkpt lat="23.06546" lon="113.269633">
        <time>2026-08-28T22:24:47Z</time>
      </trkpt>
      <trkpt lat="23.06544" lon="113.269727">
        <time>2026-08-28T22:24:52Z</time>
      </trkpt>
      <trkpt lat="23.065396" lon="113.269866">
        <time>2026-08-28T22:24:57Z</time>
      </trkpt>
      <trkpt lat="23.065345" lon="113.270001">
        <time>2026-08-28T22:25:02Z</time>
      </trkpt>
      <trkpt lat="23.06531" lon="113.270093">
        <time>2026-08-28T22:25:07Z</time>
      </trkpt>
      <trkpt lat="23.065273" lon="113.270188">
        <time>2026-08-28T22:25:12Z</time>
      </trkpt>
      <trkpt lat="23.065211" lon="113.27033">
        <time>2026-08-28T22:25:17Z</time>
      </trkpt>
      <trkpt lat="23.065149" lon="113.270471">
        <time>2026-08-28T22:25:22Z</time>
      </trkpt>
      <trkpt lat="23.065105" lon="113.270562">
        <time>2026-08-28T22:25:27Z</time>
      </trkpt>
      <trkpt lat="23.065061" lon="113.270656">
        <time>2026-08-28T22:25:32Z</time>
      </trkpt>
      <trkpt lat="23.064999" lon="113.270797">
        <time>2026-08-28T22:25:37Z</time>
      </trkpt>
      <trkpt lat="23.064936" lon="113.270924">
        <time>2026-08-28T22:25:42Z</time>
      </trkpt>
      <trkpt lat="23.064898" lon="113.271015">
        <time>2026-08-28T22:25:47Z</time>
      </trkpt>
      <trkpt lat="23.06486" lon="113.271107">
        <time>2026-08-28T22:25:52Z</time>
      </trkpt>
      <trkpt lat="23.064794" lon="113.271238">
        <time>2026-08-28T22:25:57Z</time>
      </trkpt>
      <trkpt lat="23.064733" lon="113.271371">
        <time>2026-08-28T22:26:02Z</time>
      </trkpt>
      <trkpt lat="23.064692" lon="113.271458">
        <time>2026-08-28T22:26:07Z</time>
      </trkpt>
      <trkpt lat="23.064649" lon="113.27155">
        <time>2026-08-28T22:26:12Z</time>
      </trkpt>
      <trkpt lat="23.064583" lon="113.271688">
        <time>2026-08-28T22:26:17Z</time>
      </trkpt>
      <trkpt lat="23.064525" lon="113.271825">
        <time>2026-08-28T22:26:22Z</time>
      </trkpt>
      <trkpt lat="23.064484" lon="113.271914">
        <time>2026-08-28T22:26:27Z</time>
      </trkpt>
      <trkpt lat="23.064437" lon="113.272005">
        <time>2026-08-28T22:26:32Z</time>
      </trkpt>
      <trkpt lat="23.064359" lon="113.272142">
        <time>2026-08-28T22:26:37Z</time>
      </trkpt>
      <trkpt lat="23.064331" lon="113.272294">
        <time>2026-08-28T22:26:42Z</time>
      </trkpt>
      <trkpt lat="23.064327" lon="113.272396">
        <time>2026-08-28T22:26:47Z</time>
      </trkpt>
      <trkpt lat="23.064324" lon="113.272493">
        <time>2026-08-28T22:26:52Z</time>
      </trkpt>
      <trkpt lat="23.064329" lon="113.272639">
        <time>2026-08-28T22:26:57Z</time>
      </trkpt>
      <trkpt lat="23.064376" lon="113.272783">
        <time>2026-08-28T22:27:02Z</time>
      </trkpt>
      <trkpt lat="23.064409" lon="113.272874">
        <time>2026-08-28T22:27:07Z</time>
      </trkpt>
      <trkpt lat="23.064435" lon="113.272968">
        <time>2026-08-28T22:27:12Z</time>
      </trkpt>
      <trkpt lat="23.064473" lon="113.273103">
        <time>2026-08-28T22:27:17Z</time>
      </trkpt>
      <trkpt lat="23.064456" lon="113.273236">
        <time>2026-08-28T22:27:22Z</time>
      </trkpt>
      <trkpt lat="23.064414" lon="113.273312">
        <time>2026-08-28T22:27:27Z</time>
      </trkpt>
      <trkpt lat="23.06434" lon="113.273373">
        <time>2026-08-28T22:27:32Z</time>
      </trkpt>
      <trkpt lat="23.064214" lon="113.273453">
        <time>2026-08-28T22:27:37Z</time>
      </trkpt>
      <trkpt lat="23.064089" lon="113.273539">
        <time>2026-08-28T22:27:42Z</time>
      </trkpt>
      <trkpt lat="23.064013" lon="113.273605">
        <time>2026-08-28T22:27:47Z</time>
      </trkpt>
      <trkpt lat="23.063945" lon="113.273675">
        <time>2026-08-28T22:27:52Z</time>
      </trkpt>
      <trkpt lat="23.063858" lon="113.273786">
        <time>2026-08-28T22:27:57Z</time>
      </trkpt>
      <trkpt lat="23.063793" lon="113.273908">
        <time>2026-08-28T22:28:02Z</time>
      </trkpt>
      <trkpt lat="23.063748" lon="113.273985">
        <time>2026-08-28T22:28:07Z</time>
      </trkpt>
      <trkpt lat="23.063696" lon="113.274058">
        <time>2026-08-28T22:28:12Z</time>
      </trkpt>
      <trkpt lat="23.063594" lon="113.274122">
        <time>2026-08-28T22:28:17Z</time>
      </trkpt>
      <trkpt lat="23.06346" lon="113.274075">
        <time>2026-08-28T22:28:22Z</time>
      </trkpt>
      <trkpt lat="23.063398" lon="113.27413">
        <time>2026-08-28T22:28:27Z</time>
      </trkpt>
      <trkpt lat="23.063352" lon="113.274235">
        <time>2026-08-28T22:28:32Z</time>
      </trkpt>
      <trkpt lat="23.063295" lon="113.274383">
        <time>2026-08-28T22:28:37Z</time>
      </trkpt>
      <trkpt lat="23.063248" lon="113.274522">
        <time>2026-08-28T22:28:42Z</time>
      </trkpt>
      <trkpt lat="23.063216" lon="113.274615">
        <time>2026-08-28T22:28:47Z</time>
      </trkpt>
      <trkpt lat="23.063184" lon="113.274708">
        <time>2026-08-28T22:28:52Z</time>
      </trkpt>
      <trkpt lat="23.063135" lon="113.274849">
        <time>2026-08-28T22:28:57Z</time>
      </trkpt>
      <trkpt lat="23.063085" lon="113.274994">
        <time>2026-08-28T22:29:02Z</time>
      </trkpt>
      <trkpt lat="23.06306" lon="113.275091">
        <time>2026-08-28T22:29:07Z</time>
      </trkpt>
      <trkpt lat="23.062998" lon="113.275162">
        <time>2026-08-28T22:29:12Z</time>
      </trkpt>
      <trkpt lat="23.062899" lon="113.275263">
        <time>2026-08-28T22:29:17Z</time>
      </trkpt>
      <trkpt lat="23.062924" lon="113.275412">
        <time>2026-08-28T22:29:22Z</time>
      </trkpt>
      <trkpt lat="23.062925" lon="113.275508">
        <time>2026-08-28T22:29:27Z</time>
      </trkpt>
      <trkpt lat="23.062871" lon="113.275589">
        <time>2026-08-28T22:29:32Z</time>
      </trkpt>
      <trkpt lat="23.062762" lon="113.275693">
        <time>2026-08-28T22:29:37Z</time>
      </trkpt>
      <trkpt lat="23.062656" lon="113.275801">
        <time>2026-08-28T22:29:42Z</time>
      </trkpt>
      <trkpt lat="23.062593" lon="113.275875">
        <time>2026-08-28T22:29:47Z</time>
      </trkpt>
      <trkpt lat="23.062543" lon="113.275954">
        <time>2026-08-28T22:29:52Z</time>
      </trkpt>
      <trkpt lat="23.062472" lon="113.276078">
        <time>2026-08-28T22:29:57Z</time>
      </trkpt>
      <trkpt lat="23.062413" lon="113.276212">
        <time>2026-08-28T22:30:02Z</time>
      </trkpt>
      <trkpt lat="23.06238" lon="113.2763">
        <time>2026-08-28T22:30:07Z</time>
      </trkpt>
      <trkpt lat="23.06235" lon="113.276387">
        <time>2026-08-28T22:30:12Z</time>
      </trkpt>
      <trkpt lat="23.062299" lon="113.276518">
        <time>2026-08-28T22:30:17Z</time>
      </trkpt>
      <trkpt lat="23.062251" lon="113.276658">
        <time>2026-08-28T22:30:22Z</time>
      </trkpt>
      <trkpt lat="23.062219" lon="113.27675">
        <time>2026-08-28T22:30:27Z</time>
      </trkpt>
      <trkpt lat="23.062186" lon="113.27684">
        <time>2026-08-28T22:30:32Z</time>
      </trkpt>
      <trkpt lat="23.062131" lon="113.276976">
        <time>2026-08-28T22:30:37Z</time>
      </trkpt>
      <trkpt lat="23.062077" lon="113.277117">
        <time>2026-08-28T22:30:42Z</time>
      </trkpt>
      <trkpt lat="23.062035" lon="113.277218">
        <time>2026-08-28T22:30:47Z</time>
      </trkpt>
      <trkpt lat="23.062002" lon="113.277315">
        <time>2026-08-28T22:30:52Z</time>
      </trkpt>
      <trkpt lat="23.061947" lon="113.277452">
        <time>2026-08-28T22:30:57Z</time>
      </trkpt>
      <trkpt lat="23.061896" lon="113.277592">
        <time>2026-08-28T22:31:02Z</time>
      </trkpt>
      <trkpt lat="23.061864" lon="113.277687">
        <time>2026-08-28T22:31:07Z</time>
      </trkpt>
      <trkpt lat="23.061844" lon="113.277783">
        <time>2026-08-28T22:31:12Z</time>
      </trkpt>
      <trkpt lat="23.061836" lon="113.277923">
        <time>2026-08-28T22:31:17Z</time>
      </trkpt>
      <trkpt lat="23.061842" lon="113.278061">
        <time>2026-08-28T22:31:22Z</time>
      </trkpt>
      <trkpt lat="23.061841" lon="113.278157">
        <time>2026-08-28T22:31:27Z</time>
      </trkpt>
      <trkpt lat="23.061842" lon="113.278253">
        <time>2026-08-28T22:31:32Z</time>
      </trkpt>
      <trkpt lat="23.061858" lon="113.278392">
        <time>2026-08-28T22:31:37Z</time>
      </trkpt>
      <trkpt lat="23.061867" lon="113.278532">
        <time>2026-08-28T22:31:42Z</time>
      </trkpt>
      <trkpt lat="23.061864" lon="113.278628">
        <time>2026-08-28T22:31:47Z</time>
      </trkpt>
      <trkpt lat="23.061844" lon="113.278712">
        <time>2026-08-28T22:31:52Z</time>
      </trkpt>
      <trkpt lat="23.061756" lon="113.278758">
        <time>2026-08-28T22:31:57Z</time>
      </trkpt>
      <trkpt lat="23.061688" lon="113.27886">
        <time>2026-08-28T22:32:02Z</time>
      </trkpt>
      <trkpt lat="23.061657" lon="113.27895">
        <time>2026-08-28T22:32:07Z</time>
      </trkpt>
      <trkpt lat="23.061624" lon="113.279039">
        <time>2026-08-28T22:32:12Z</time>
      </trkpt>
      <trkpt lat="23.06157" lon="113.279166">
        <time>2026-08-28T22:32:17Z</time>
      </trkpt>
      <trkpt lat="23.061533" lon="113.279282">
        <time>2026-08-28T22:32:22Z</time>
      </trkpt>
      <trkpt lat="23.061497" lon="113.279381">
        <time>2026-08-28T22:32:27Z</time>
      </trkpt>
      <trkpt lat="23.061462" lon="113.27948">
        <time>2026-08-28T22:32:32Z</time>
      </trkpt>
      <trkpt lat="23.061406" lon="113.279625">
        <time>2026-08-28T22:32:37Z</time>
      </trkpt>
      <trkpt lat="23.061348" lon="113.279765">
        <time>2026-08-28T22:32:42Z</time>
      </trkpt>
      <trkpt lat="23.061307" lon="113.27986">
        <time>2026-08-28T22:32:47Z</time>
      </trkpt>
      <trkpt lat="23.061258" lon="113.279952">
        <time>2026-08-28T22:32:52Z</time>
      </trkpt>
      <trkpt lat="23.061198" lon="113.280093">
        <time>2026-08-28T22:32:57Z</time>
      </trkpt>
      <trkpt lat="23.06114" lon="113.280238">
        <time>2026-08-28T22:33:02Z</time>
      </trkpt>
      <trkpt lat="23.0611" lon="113.280332">
        <time>2026-08-28T22:33:07Z</time>
      </trkpt>
      <trkpt lat="23.061058" lon="113.280427">
        <time>2026-08-28T22:33:12Z</time>
      </trkpt>
      <trkpt lat="23.060993" lon="113.280569">
        <time>2026-08-28T22:33:17Z</time>
      </trkpt>
      <trkpt lat="23.06093" lon="113.280702">
        <time>2026-08-28T22:33:22Z</time>
      </trkpt>
      <trkpt lat="23.060895" lon="113.280795">
        <time>2026-08-28T22:33:27Z</time>
      </trkpt>
      <trkpt lat="23.060863" lon="113.280889">
        <time>2026-08-28T22:33:32Z</time>
      </trkpt>
      <trkpt lat="23.060802" lon="113.281018">
        <time>2026-08-28T22:33:37Z</time>
      </trkpt>
      <trkpt lat="23.060745" lon="113.281151">
        <time>2026-08-28T22:33:42Z</time>
      </trkpt>
      <trkpt lat="23.06071" lon="113.281237">
        <time>2026-08-28T22:33:47Z</time>
      </trkpt>
      <trkpt lat="23.060673" lon="113.281326">
        <time>2026-08-28T22:33:52Z</time>
      </trkpt>
      <trkpt lat="23.060617" lon="113.281457">
        <time>2026-08-28T22:33:57Z</time>
      </trkpt>
      <trkpt lat="23.06056" lon="113.281589">
        <time>2026-08-28T22:34:02Z</time>
      </trkpt>
      <trkpt lat="23.060522" lon="113.281677">
        <time>2026-08-28T22:34:07Z</time>
      </trkpt>
      <trkpt lat="23.060482" lon="113.281765">
        <time>2026-08-28T22:34:12Z</time>
      </trkpt>
      <trkpt lat="23.060422" lon="113.281897">
        <time>2026-08-28T22:34:17Z</time>
      </trkpt>
      <trkpt lat="23.060366" lon="113.282028">
        <time>2026-08-28T22:34:22Z</time>
      </trkpt>
      <trkpt lat="23.060327" lon="113.282117">
        <time>2026-08-28T22:34:27Z</time>
      </trkpt>
      <trkpt lat="23.060288" lon="113.282206">
        <time>2026-08-28T22:34:32Z</time>
      </trkpt>
      <trkpt lat="23.060229" lon="113.282333">
        <time>2026-08-28T22:34:37Z</time>
      </trkpt>
      <trkpt lat="23.060173" lon="113.28247">
        <time>2026-08-28T22:34:42Z</time>
      </trkpt>
      <trkpt lat="23.060134" lon="113.28256">
        <time>2026-08-28T22:34:47Z</time>
      </trkpt>
      <trkpt lat="23.060095" lon="113.282649">
        <time>2026-08-28T22:34:52Z</time>
      </trkpt>
      <trkpt lat="23.060039" lon="113.282783">
        <time>2026-08-28T22:34:57Z</time>
      </trkpt>
      <trkpt lat="23.059989" lon="113.28292">
        <time>2026-08-28T22:35:02Z</time>
      </trkpt>
      <trkpt lat="23.059956" lon="113.28301">
        <time>2026-08-28T22:35:07Z</time>
      </trkpt>
      <trkpt lat="23.059917" lon="113.283098">
        <time>2026-08-28T22:35:12Z</time>
      </trkpt>
      <trkpt lat="23.059857" lon="113.283228">
        <time>2026-08-28T22:35:17Z</time>
      </trkpt>
      <trkpt lat="23.059862" lon="113.283365">
        <time>2026-08-28T22:35:22Z</time>
      </trkpt>
      <trkpt lat="23.05994" lon="113.28336">
        <time>2026-08-28T22:35:27Z</time>
      </trkpt>
      <trkpt lat="23.060004" lon="113.283283">
        <time>2026-08-28T22:35:32Z</time>
      </trkpt>
      <trkpt lat="23.060071" lon="113.283145">
        <time>2026-08-28T22:35:37Z</time>
      </trkpt>
      <trkpt lat="23.060136" lon="113.283006">
        <time>2026-08-28T22:35:42Z</time>
      </trkpt>
      <trkpt lat="23.060182" lon="113.282915">
        <time>2026-08-28T22:35:47Z</time>
      </trkpt>
      <trkpt lat="23.060225" lon="113.282818">
        <time>2026-08-28T22:35:52Z</time>
      </trkpt>
      <trkpt lat="23.060268" lon="113.282657">
        <time>2026-08-28T22:35:57Z</time>
      </trkpt>
      <trkpt lat="23.060323" lon="113.282525">
        <time>2026-08-28T22:36:02Z</time>
      </trkpt>
      <trkpt lat="23.060357" lon="113.282436">
        <time>2026-08-28T22:36:07Z</time>
      </trkpt>
      <trkpt lat="23.060397" lon="113.282343">
        <time>2026-08-28T22:36:12Z</time>
      </trkpt>
      <trkpt lat="23.060459" lon="113.282201">
        <time>2026-08-28T22:36:17Z</time>
      </trkpt>
      <trkpt lat="23.060517" lon="113.282061">
        <time>2026-08-28T22:36:22Z</time>
      </trkpt>
      <trkpt lat="23.06056" lon="113.281966">
        <time>2026-08-28T22:36:27Z</time>
      </trkpt>
      <trkpt lat="23.060595" lon="113.281874">
        <time>2026-08-28T22:36:32Z</time>
      </trkpt>
      <trkpt lat="23.060646" lon="113.281749">
        <time>2026-08-28T22:36:37Z</time>
      </trkpt>
      <trkpt lat="23.060699" lon="113.28163">
        <time>2026-08-28T22:36:42Z</time>
      </trkpt>
      <trkpt lat="23.060731" lon="113.281551">
        <time>2026-08-28T22:36:47Z</time>
      </trkpt>
      <trkpt lat="23.060763" lon="113.281469">
        <time>2026-08-28T22:36:52Z</time>
      </trkpt>
      <trkpt lat="23.06082" lon="113.281339">
        <time>2026-08-28T22:36:57Z</time>
      </trkpt>
      <trkpt lat="23.060875" lon="113.281205">
        <time>2026-08-28T22:37:02Z</time>
      </trkpt>
      <trkpt lat="23.06091" lon="113.281117">
        <time>2026-08-28T22:37:07Z</time>
      </trkpt>
      <trkpt lat="23.060944" lon="113.281028">
        <time>2026-08-28T22:37:12Z</time>
      </trkpt>
      <trkpt lat="23.061002" lon="113.280895">
        <time>2026-08-28T22:37:17Z</time>
      </trkpt>
      <trkpt lat="23.061064" lon="113.280767">
        <time>2026-08-28T22:37:22Z</time>
      </trkpt>
      <trkpt lat="23.061106" lon="113.280674">
        <time>2026-08-28T22:37:27Z</time>
      </trkpt>
      <trkpt lat="23.061151" lon="113.28058">
        <time>2026-08-28T22:37:32Z</time>
      </trkpt>
      <trkpt lat="23.061216" lon="113.280437">
        <time>2026-08-28T22:37:37Z</time>
      </trkpt>
      <trkpt lat="23.06127" lon="113.280306">
        <time>2026-08-28T22:37:42Z</time>
      </trkpt>
      <trkpt lat="23.061315" lon="113.280224">
        <time>2026-08-28T22:37:47Z</time>
      </trkpt>
      <trkpt lat="23.061357" lon="113.280139">
        <time>2026-08-28T22:37:52Z</time>
      </trkpt>
      <trkpt lat="23.061411" lon="113.280003">
        <time>2026-08-28T22:37:57Z</time>
      </trkpt>
      <trkpt lat="23.061455" lon="113.279868">
        <time>2026-08-28T22:38:02Z</time>
      </trkpt>
      <trkpt lat="23.061494" lon="113.279778">
        <time>2026-08-28T22:38:07Z</time>
      </trkpt>
      <trkpt lat="23.061534" lon="113.279685">
        <time>2026-08-28T22:38:12Z</time>
      </trkpt>
      <trkpt lat="23.061592" lon="113.279549">
        <time>2026-08-28T22:38:17Z</time>
      </trkpt>
      <trkpt lat="23.061643" lon="113.279417">
        <time>2026-08-28T22:38:22Z</time>
      </trkpt>
      <trkpt lat="23.061677" lon="113.279326">
        <time>2026-08-28T22:38:27Z</time>
      </trkpt>
      <trkpt lat="23.061711" lon="113.279238">
        <time>2026-08-28T22:38:32Z</time>
      </trkpt>
      <trkpt lat="23.061777" lon="113.279106">
        <time>2026-08-28T22:38:37Z</time>
      </trkpt>
      <trkpt lat="23.061854" lon="113.278985">
        <time>2026-08-28T22:38:42Z</time>
      </trkpt>
      <trkpt lat="23.061908" lon="113.2789">
        <time>2026-08-28T22:38:47Z</time>
      </trkpt>
      <trkpt lat="23.061954" lon="113.278804">
        <time>2026-08-28T22:38:52Z</time>
      </trkpt>
      <trkpt lat="23.06198" lon="113.278641">
        <time>2026-08-28T22:38:57Z</time>
      </trkpt>
      <trkpt lat="23.061976" lon="113.278476">
        <time>2026-08-28T22:39:02Z</time>
      </trkpt>
      <trkpt lat="23.06197" lon="113.27837">
        <time>2026-08-28T22:39:07Z</time>
      </trkpt>
      <trkpt lat="23.061965" lon="113.278268">
        <time>2026-08-28T22:39:12Z</time>
      </trkpt>
      <trkpt lat="23.061954" lon="113.278117">
        <time>2026-08-28T22:39:17Z</time>
      </trkpt>
      <trkpt lat="23.061947" lon="113.277967">
        <time>2026-08-28T22:39:22Z</time>
      </trkpt>
      <trkpt lat="23.061944" lon="113.277864">
        <time>2026-08-28T22:39:27Z</time>
      </trkpt>
      <trkpt lat="23.061956" lon="113.277761">
        <time>2026-08-28T22:39:32Z</time>
      </trkpt>
      <trkpt lat="23.061996" lon="113.277613">
        <time>2026-08-28T22:39:37Z</time>
      </trkpt>
      <trkpt lat="23.062049" lon="113.27747">
        <time>2026-08-28T22:39:42Z</time>
      </trkpt>
      <trkpt lat="23.062087" lon="113.277373">
        <time>2026-08-28T22:39:47Z</time>
      </trkpt>
      <trkpt lat="23.062124" lon="113.277281">
        <time>2026-08-28T22:39:52Z</time>
      </trkpt>
      <trkpt lat="23.062174" lon="113.277135">
        <time>2026-08-28T22:39:57Z</time>
      </trkpt>
      <trkpt lat="23.062229" lon="113.277003">
        <time>2026-08-28T22:40:02Z</time>
      </trkpt>
      <trkpt lat="23.062263" lon="113.276913">
        <time>2026-08-28T22:40:07Z</time>
      </trkpt>
      <trkpt lat="23.062297" lon="113.27682">
        <time>2026-08-28T22:40:12Z</time>
      </trkpt>
      <trkpt lat="23.062347" lon="113.276681">
        <time>2026-08-28T22:40:17Z</time>
      </trkpt>
      <trkpt lat="23.062401" lon="113.276544">
        <time>2026-08-28T22:40:22Z</time>
      </trkpt>
      <trkpt lat="23.062437" lon="113.27645">
        <time>2026-08-28T22:40:27Z</time>
      </trkpt>
      <trkpt lat="23.062469" lon="113.276358">
        <time>2026-08-28T22:40:32Z</time>
      </trkpt>
      <trkpt lat="23.06252" lon="113.276225">
        <time>2026-08-28T22:40:37Z</time>
      </trkpt>
      <trkpt lat="23.062584" lon="113.276097">
        <time>2026-08-28T22:40:42Z</time>
      </trkpt>
      <trkpt lat="23.062637" lon="113.276013">
        <time>2026-08-28T22:40:47Z</time>
      </trkpt>
      <trkpt lat="23.062697" lon="113.275933">
        <time>2026-08-28T22:40:52Z</time>
      </trkpt>
      <trkpt lat="23.062793" lon="113.275824">
        <time>2026-08-28T22:40:57Z</time>
      </trkpt>
      <trkpt lat="23.06289" lon="113.275731">
        <time>2026-08-28T22:41:02Z</time>
      </trkpt>
      <trkpt lat="23.062958" lon="113.275665">
        <time>2026-08-28T22:41:07Z</time>
      </trkpt>
      <trkpt lat="23.063025" lon="113.275591">
        <time>2026-08-28T22:41:12Z</time>
      </trkpt>
      <trkpt lat="23.063106" lon="113.275473">
        <time>2026-08-28T22:41:17Z</time>
      </trkpt>
      <trkpt lat="23.063175" lon="113.275345">
        <time>2026-08-28T22:41:22Z</time>
      </trkpt>
      <trkpt lat="23.063222" lon="113.275256">
        <time>2026-08-28T22:41:27Z</time>
      </trkpt>
      <trkpt lat="23.063278" lon="113.27518">
        <time>2026-08-28T22:41:32Z</time>
      </trkpt>
      <trkpt lat="23.063376" lon="113.275078">
        <time>2026-08-28T22:41:37Z</time>
      </trkpt>
      <trkpt lat="23.063429" lon="113.274946">
        <time>2026-08-28T22:41:42Z</time>
      </trkpt>
      <trkpt lat="23.063452" lon="113.274854">
        <time>2026-08-28T22:41:47Z</time>
      </trkpt>
      <trkpt lat="23.06348" lon="113.274767">
        <time>2026-08-28T22:41:52Z</time>
      </trkpt>
      <trkpt lat="23.063526" lon="113.274628">
        <time>2026-08-28T22:41:57Z</time>
      </trkpt>
      <trkpt lat="23.063563" lon="113.274492">
        <time>2026-08-28T22:42:02Z</time>
      </trkpt>
      <trkpt lat="23.063592" lon="113.274413">
        <time>2026-08-28T22:42:07Z</time>
      </trkpt>
      <trkpt lat="23.063635" lon="113.274337">
        <time>2026-08-28T22:42:12Z</time>
      </trkpt>
      <trkpt lat="23.063732" lon="113.274231">
        <time>2026-08-28T22:42:17Z</time>
      </trkpt>
      <trkpt lat="23.06385" lon="113.27413">
        <time>2026-08-28T22:42:22Z</time>
      </trkpt>
      <trkpt lat="23.063899" lon="113.274048">
        <time>2026-08-28T22:42:27Z</time>
      </trkpt>
      <trkpt lat="23.063939" lon="113.273954">
        <time>2026-08-28T22:42:32Z</time>
      </trkpt>
      <trkpt lat="23.064006" lon="113.273826">
        <time>2026-08-28T22:42:37Z</time>
      </trkpt>
      <trkpt lat="23.064096" lon="113.273715">
        <time>2026-08-28T22:42:42Z</time>
      </trkpt>
      <trkpt lat="23.064166" lon="113.273661">
        <time>2026-08-28T22:42:47Z</time>
      </trkpt>
      <trkpt lat="23.064235" lon="113.273612">
        <time>2026-08-28T22:42:52Z</time>
      </trkpt>
      <trkpt lat="23.064344" lon="113.273522">
        <time>2026-08-28T22:42:57Z</time>
      </trkpt>
      <trkpt lat="23.064451" lon="113.273424">
        <time>2026-08-28T22:43:02Z</time>
      </trkpt>
      <trkpt lat="23.064517" lon="113.273359">
        <time>2026-08-28T22:43:07Z</time>
      </trkpt>
      <trkpt lat="23.06457" lon="113.273278">
        <time>2026-08-28T22:43:12Z</time>
      </trkpt>
      <trkpt lat="23.064596" lon="113.273131">
        <time>2026-08-28T22:43:17Z</time>
      </trkpt>
      <trkpt lat="23.064562" lon="113.27298">
        <time>2026-08-28T22:43:22Z</time>
      </trkpt>
      <trkpt lat="23.064525" lon="113.272886">
        <time>2026-08-28T22:43:27Z</time>
      </trkpt>
      <trkpt lat="23.064491" lon="113.272796">
        <time>2026-08-28T22:43:32Z</time>
      </trkpt>
      <trkpt lat="23.064452" lon="113.272647">
        <time>2026-08-28T22:43:37Z</time>
      </trkpt>
      <trkpt lat="23.064494" lon="113.272497">
        <time>2026-08-28T22:43:42Z</time>
      </trkpt>
      <trkpt lat="23.064552" lon="113.272406">
        <time>2026-08-28T22:43:47Z</time>
      </trkpt>
      <trkpt lat="23.064577" lon="113.272299">
        <time>2026-08-28T22:43:52Z</time>
      </trkpt>
      <trkpt lat="23.064605" lon="113.272141">
        <time>2026-08-28T22:43:57Z</time>
      </trkpt>
      <trkpt lat="23.064669" lon="113.272014">
        <time>2026-08-28T22:44:02Z</time>
      </trkpt>
      <trkpt lat="23.064711" lon="113.271931">
        <time>2026-08-28T22:44:07Z</time>
      </trkpt>
      <trkpt lat="23.064749" lon="113.271845">
        <time>2026-08-28T22:44:12Z</time>
      </trkpt>
      <trkpt lat="23.064809" lon="113.271721">
        <time>2026-08-28T22:44:17Z</time>
      </trkpt>
      <trkpt lat="23.064879" lon="113.271586">
        <time>2026-08-28T22:44:22Z</time>
      </trkpt>
      <trkpt lat="23.064923" lon="113.271495">
        <time>2026-08-28T22:44:27Z</time>
      </trkpt>
      <trkpt lat="23.06497" lon="113.271402">
        <time>2026-08-28T22:44:32Z</time>
      </trkpt>
      <trkpt lat="23.065032" lon="113.271264">
        <time>2026-08-28T22:44:37Z</time>
      </trkpt>
      <trkpt lat="23.065098" lon="113.271135">
        <time>2026-08-28T22:44:42Z</time>
      </trkpt>
      <trkpt lat="23.065147" lon="113.271041">
        <time>2026-08-28T22:44:47Z</time>
      </trkpt>
      <trkpt lat="23.065189" lon="113.270939">
        <time>2026-08-28T22:44:52Z</time>
      </trkpt>
      <trkpt lat="23.065234" lon="113.270794">
        <time>2026-08-28T22:44:57Z</time>
      </trkpt>
      <trkpt lat="23.065294" lon="113.270665">
        <time>2026-08-28T22:45:02Z</time>
      </trkpt>
      <trkpt lat="23.065335" lon="113.270577">
        <time>2026-08-28T22:45:07Z</time>
      </trkpt>
      <trkpt lat="23.065377" lon="113.270486">
        <time>2026-08-28T22:45:12Z</time>
      </trkpt>
      <trkpt lat="23.065439" lon="113.270352">
        <time>2026-08-28T22:45:17Z</time>
      </trkpt>
      <trkpt lat="23.065499" lon="113.270219">
        <time>2026-08-28T22:45:22Z</time>
      </trkpt>
      <trkpt lat="23.065536" lon="113.270127">
        <time>2026-08-28T22:45:27Z</time>
      </trkpt>
      <trkpt lat="23.065569" lon="113.270035">
        <time>2026-08-28T22:45:32Z</time>
      </trkpt>
      <trkpt lat="23.065615" lon="113.269894">
        <time>2026-08-28T22:45:37Z</time>
      </trkpt>
      <trkpt lat="23.065652" lon="113.269745">
        <time>2026-08-28T22:45:42Z</time>
      </trkpt>
      <trkpt lat="23.065678" lon="113.269648">
        <time>2026-08-28T22:45:47Z</time>
      </trkpt>
      <trkpt lat="23.065702" lon="113.269553">
        <time>2026-08-28T22:45:52Z</time>
      </trkpt>
      <trkpt lat="23.065745" lon="113.269411">
        <time>2026-08-28T22:45:57Z</time>
      </trkpt>
      <trkpt lat="23.065787" lon="113.269262">
        <time>2026-08-28T22:46:02Z</time>
      </trkpt>
      <trkpt lat="23.065817" lon="113.269159">
        <time>2026-08-28T22:46:07Z</time>
      </trkpt>
      <trkpt lat="23.065848" lon="113.269053">
        <time>2026-08-28T22:46:12Z</time>
      </trkpt>
      <trkpt lat="23.065907" lon="113.268906">
        <time>2026-08-28T22:46:17Z</time>
      </trkpt>
      <trkpt lat="23.065972" lon="113.268782">
        <time>2026-08-28T22:46:22Z</time>
      </trkpt>
      <trkpt lat="23.066011" lon="113.2687">
        <time>2026-08-28T22:46:27Z</time>
      </trkpt>
      <trkpt lat="23.066053" lon="113.268614">
        <time>2026-08-28T22:46:32Z</time>
      </trkpt>
      <trkpt lat="23.06613" lon="113.268491">
        <time>2026-08-28T22:46:37Z</time>
      </trkpt>
      <trkpt lat="23.066211" lon="113.268372">
        <time>2026-08-28T22:46:42Z</time>
      </trkpt>
      <trkpt lat="23.066265" lon="113.268296">
        <time>2026-08-28T22:46:47Z</time>
      </trkpt>
      <trkpt lat="23.066326" lon="113.268224">
        <time>2026-08-28T22:46:52Z</time>
      </trkpt>
      <trkpt lat="23.06644" lon="113.268149">
        <time>2026-08-28T22:46:57Z</time>
      </trkpt>
      <trkpt lat="23.066576" lon="113.268139">
        <time>2026-08-28T22:47:02Z</time>
      </trkpt>
      <trkpt lat="23.066666" lon="113.268144">
        <time>2026-08-28T22:47:07Z</time>
      </trkpt>
      <trkpt lat="23.066709" lon="113.268075">
        <time>2026-08-28T22:47:12Z</time>
      </trkpt>
      <trkpt lat="23.066576" lon="113.267984">
        <time>2026-08-28T22:47:17Z</time>
      </trkpt>
      <trkpt lat="23.066427" lon="113.267948">
        <time>2026-08-28T22:47:22Z</time>
      </trkpt>
      <trkpt lat="23.066335" lon="113.267951">
        <time>2026-08-28T22:47:27Z</time>
      </trkpt>
      <trkpt lat="23.066247" lon="113.267979">
        <time>2026-08-28T22:47:32Z</time>
      </trkpt>
      <trkpt lat="23.066137" lon="113.268071">
        <time>2026-08-28T22:47:37Z</time>
      </trkpt>
      <trkpt lat="23.066039" lon="113.26818">
        <time>2026-08-28T22:47:42Z</time>
      </trkpt>
      <trkpt lat="23.065984" lon="113.268257">
        <time>2026-08-28T22:47:47Z</time>
      </trkpt>
      <trkpt lat="23.065931" lon="113.268339">
        <time>2026-08-28T22:47:52Z</time>
      </trkpt>
      <trkpt lat="23.065844" lon="113.268464">
        <time>2026-08-28T22:47:57Z</time>
      </trkpt>
      <trkpt lat="23.065771" lon="113.268596">
        <time>2026-08-28T22:48:02Z</time>
      </trkpt>
      <trkpt lat="23.065733" lon="113.268683">
        <time>2026-08-28T22:48:07Z</time>
      </trkpt>
      <trkpt lat="23.065696" lon="113.268773">
        <time>2026-08-28T22:48:12Z</time>
      </trkpt>
      <trkpt lat="23.065642" lon="113.268913">
        <time>2026-08-28T22:48:17Z</time>
      </trkpt>
      <trkpt lat="23.065596" lon="113.269061">
        <time>2026-08-28T22:48:22Z</time>
      </trkpt>
      <trkpt lat="23.065567" lon="113.269158">
        <time>2026-08-28T22:48:27Z</time>
      </trkpt>
      <trkpt lat="23.065543" lon="113.269252">
        <time>2026-08-28T22:48:32Z</time>
      </trkpt>
      <trkpt lat="23.065514" lon="113.269394">
        <time>2026-08-28T22:48:37Z</time>
      </trkpt>
      <trkpt lat="23.065481" lon="113.26954">
        <time>2026-08-28T22:48:42Z</time>
      </trkpt>
      <trkpt lat="23.065456" lon="113.269641">
        <time>2026-08-28T22:48:47Z</time>
      </trkpt>
      <trkpt lat="23.065432" lon="113.269742">
        <time>2026-08-28T22:48:52Z</time>
      </trkpt>
      <trkpt lat="23.065383" lon="113.269883">
        <time>2026-08-28T22:48:57Z</time>
      </trkpt>
      <trkpt lat="23.065334" lon="113.270026">
        <time>2026-08-28T22:49:02Z</time>
      </trkpt>
      <trkpt lat="23.065298" lon="113.270118">
        <time>2026-08-28T22:49:07Z</time>
      </trkpt>
      <trkpt lat="23.065257" lon="113.27021">
        <time>2026-08-28T22:49:12Z</time>
      </trkpt>
      <trkpt lat="23.065194" lon="113.270348">
        <time>2026-08-28T22:49:17Z</time>
      </trkpt>
      <trkpt lat="23.065138" lon="113.270484">
        <time>2026-08-28T22:49:22Z</time>
      </trkpt>
      <trkpt lat="23.065098" lon="113.270571">
        <time>2026-08-28T22:49:27Z</time>
      </trkpt>
      <trkpt lat="23.065058" lon="113.27066">
        <time>2026-08-28T22:49:32Z</time>
      </trkpt>
      <trkpt lat="23.064998" lon="113.27079">
        <time>2026-08-28T22:49:37Z</time>
      </trkpt>
      <trkpt lat="23.064938" lon="113.27092">
        <time>2026-08-28T22:49:42Z</time>
      </trkpt>
      <trkpt lat="23.064898" lon="113.271014">
        <time>2026-08-28T22:49:47Z</time>
      </trkpt>
      <trkpt lat="23.064857" lon="113.271105">
        <time>2026-08-28T22:49:52Z</time>
      </trkpt>
      <trkpt lat="23.064791" lon="113.271242">
        <time>2026-08-28T22:49:57Z</time>
      </trkpt>
      <trkpt lat="23.064724" lon="113.271371">
        <time>2026-08-28T22:50:02Z</time>
      </trkpt>
      <trkpt lat="23.064684" lon="113.271458">
        <time>2026-08-28T22:50:07Z</time>
      </trkpt>
      <trkpt lat="23.064644" lon="113.271548">
        <time>2026-08-28T22:50:12Z</time>
      </trkpt>
      <trkpt lat="23.064581" lon="113.271681">
        <time>2026-08-28T22:50:17Z</time>
      </trkpt>
      <trkpt lat="23.06452" lon="113.271821">
        <time>2026-08-28T22:50:22Z</time>
      </trkpt>
      <trkpt lat="23.064478" lon="113.271911">
        <time>2026-08-28T22:50:27Z</time>
      </trkpt>
      <trkpt lat="23.064438" lon="113.272001">
        <time>2026-08-28T22:50:32Z</time>
      </trkpt>
      <trkpt lat="23.064368" lon="113.272123">
        <time>2026-08-28T22:50:37Z</time>
      </trkpt>
      <trkpt lat="23.064311" lon="113.272248">
        <time>2026-08-28T22:50:42Z</time>
      </trkpt>
      <trkpt lat="23.064311" lon="113.272352">
        <time>2026-08-28T22:50:47Z</time>
      </trkpt>
      <trkpt lat="23.064306" lon="113.272457">
        <time>2026-08-28T22:50:52Z</time>
      </trkpt>
      <trkpt lat="23.064313" lon="113.272612">
        <time>2026-08-28T22:50:57Z</time>
      </trkpt>
      <trkpt lat="23.064353" lon="113.272757">
        <time>2026-08-28T22:51:02Z</time>
      </trkpt>
      <trkpt lat="23.064385" lon="113.272847">
        <time>2026-08-28T22:51:07Z</time>
      </trkpt>
      <trkpt lat="23.064415" lon="113.272937">
        <time>2026-08-28T22:51:12Z</time>
      </trkpt>
      <trkpt lat="23.064452" lon="113.273077">
        <time>2026-08-28T22:51:17Z</time>
      </trkpt>
      <trkpt lat="23.06445" lon="113.273224">
        <time>2026-08-28T22:51:22Z</time>
      </trkpt>
      <trkpt lat="23.064404" lon="113.273307">
        <time>2026-08-28T22:51:27Z</time>
      </trkpt>
      <trkpt lat="23.064328" lon="113.273367">
        <time>2026-08-28T22:51:32Z</time>
      </trkpt>
      <trkpt lat="23.064202" lon="113.273453">
        <time>2026-08-28T22:51:37Z</time>
      </trkpt>
      <trkpt lat="23.06409" lon="113.273537">
        <time>2026-08-28T22:51:42Z</time>
      </trkpt>
      <trkpt lat="23.064017" lon="113.273601">
        <time>2026-08-28T22:51:47Z</time>
      </trkpt>
      <trkpt lat="23.063949" lon="113.273671">
        <time>2026-08-28T22:51:52Z</time>
      </trkpt>
      <trkpt lat="23.063864" lon="113.273781">
        <time>2026-08-28T22:51:57Z</time>
      </trkpt>
      <trkpt lat="23.063794" lon="113.273901">
        <time>2026-08-28T22:52:02Z</time>
      </trkpt>
      <trkpt lat="23.063749" lon="113.273982">
        <time>2026-08-28T22:52:07Z</time>
      </trkpt>
      <trkpt lat="23.063696" lon="113.274057">
        <time>2026-08-28T22:52:12Z</time>
      </trkpt>
      <trkpt lat="23.063594" lon="113.274123">
        <time>2026-08-28T22:52:17Z</time>
      </trkpt>
      <trkpt lat="23.063479" lon="113.274084">
        <time>2026-08-28T22:52:22Z</time>
      </trkpt>
      <trkpt lat="23.063404" lon="113.274118">
        <time>2026-08-28T22:52:27Z</time>
      </trkpt>
      <trkpt lat="23.063363" lon="113.274222">
        <time>2026-08-28T22:52:32Z</time>
      </trkpt>
      <trkpt lat="23.063303" lon="113.274371">
        <time>2026-08-28T22:52:37Z</time>
      </trkpt>
      <trkpt lat="23.063254" lon="113.274512">
        <time>2026-08-28T22:52:42Z</time>
      </trkpt>
      <trkpt lat="23.063218" lon="113.274603">
        <time>2026-08-28T22:52:47Z</time>
      </trkpt>
      <trkpt lat="23.063188" lon="113.274691">
        <time>2026-08-28T22:52:52Z</time>
      </trkpt>
      <trkpt lat="23.063136" lon="113.274826">
        <time>2026-08-28T22:52:57Z</time>
      </trkpt>
      <trkpt lat="23.063095" lon="113.274969">
        <time>2026-08-28T22:53:02Z</time>
      </trkpt>
      <trkpt lat="23.063069" lon="113.275062">
        <time>2026-08-28T22:53:07Z</time>
      </trkpt>
      <trkpt lat="23.063019" lon="113.275141">
        <time>2026-08-28T22:53:12Z</time>
      </trkpt>
      <trkpt lat="23.06291" lon="113.275227">
        <time>2026-08-28T22:53:17Z</time>
      </trkpt>
      <trkpt lat="23.062913" lon="113.275378">
        <time>2026-08-28T22:53:22Z</time>
      </trkpt>
      <trkpt lat="23.062925" lon="113.275481">
        <time>2026-08-28T22:53:27Z</time>
      </trkpt>
      <trkpt lat="23.062885" lon="113.275572">
        <time>2026-08-28T22:53:32Z</time>
      </trkpt>
      <trkpt lat="23.062776" lon="113.275681">
        <time>2026-08-28T22:53:37Z</time>
      </trkpt>
      <trkpt lat="23.062668" lon="113.275784">
        <time>2026-08-28T22:53:42Z</time>
      </trkpt>
      <trkpt lat="23.062605" lon="113.27586">
        <time>2026-08-28T22:53:47Z</time>
      </trkpt>
      <trkpt lat="23.062552" lon="113.27594">
        <time>2026-08-28T22:53:52Z</time>
      </trkpt>
      <trkpt lat="23.062478" lon="113.27606">
        <time>2026-08-28T22:53:57Z</time>
      </trkpt>
      <trkpt lat="23.062418" lon="113.276191">
        <time>2026-08-28T22:54:02Z</time>
      </trkpt>
      <trkpt lat="23.062389" lon="113.276281">
        <time>2026-08-28T22:54:07Z</time>
      </trkpt>
      <trkpt lat="23.062357" lon="113.276369">
        <time>2026-08-28T22:54:12Z</time>
      </trkpt>
      <trkpt lat="23.062311" lon="113.2765">
        <time>2026-08-28T22:54:17Z</time>
      </trkpt>
      <trkpt lat="23.062261" lon="113.276631">
        <time>2026-08-28T22:54:22Z</time>
      </trkpt>
      <trkpt lat="23.062227" lon="113.276721">
        <time>2026-08-28T22:54:27Z</time>
      </trkpt>
      <trkpt lat="23.062195" lon="113.276818">
        <time>2026-08-28T22:54:32Z</time>
      </trkpt>
      <trkpt lat="23.06214" lon="113.276956">
        <time>2026-08-28T22:54:37Z</time>
      </trkpt>
      <trkpt lat="23.062087" lon="113.277094">
        <time>2026-08-28T22:54:42Z</time>
      </trkpt>
      <trkpt lat="23.062044" lon="113.277191">
        <time>2026-08-28T22:54:47Z</time>
      </trkpt>
      <trkpt lat="23.062008" lon="113.277293">
        <time>2026-08-28T22:54:52Z</time>
      </trkpt>
      <trkpt lat="23.061953" lon="113.277435">
        <time>2026-08-28T22:54:57Z</time>
      </trkpt>
      <trkpt lat="23.061902" lon="113.277574">
        <time>2026-08-28T22:55:02Z</time>
      </trkpt>
      <trkpt lat="23.061867" lon="113.277671">
        <time>2026-08-28T22:55:07Z</time>
      </trkpt>
      <trkpt lat="23.061842" lon="113.277774">
        <time>2026-08-28T22:55:12Z</time>
      </trkpt>
      <trkpt lat="23.061834" lon="113.277934">
        <time>2026-08-28T22:55:17Z</time>
      </trkpt>
      <trkpt lat="23.061836" lon="113.27809">
        <time>2026-08-28T22:55:22Z</time>
      </trkpt>
      <trkpt lat="23.061845" lon="113.278187">
        <time>2026-08-28T22:55:27Z</time>
      </trkpt>
      <trkpt lat="23.061845" lon="113.27828">
        <time>2026-08-28T22:55:32Z</time>
      </trkpt>
      <trkpt lat="23.061854" lon="113.278425">
        <time>2026-08-28T22:55:37Z</time>
      </trkpt>
      <trkpt lat="23.061865" lon="113.278574">
        <time>2026-08-28T22:55:42Z</time>
      </trkpt>
      <trkpt lat="23.061855" lon="113.278671">
        <time>2026-08-28T22:55:47Z</time>
      </trkpt>
      <trkpt lat="23.061822" lon="113.278742">
        <time>2026-08-28T22:55:52Z</time>
      </trkpt>
      <trkpt lat="23.061718" lon="113.278804">
        <time>2026-08-28T22:55:57Z</time>
      </trkpt>
      <trkpt lat="23.061668" lon="113.278942">
        <time>2026-08-28T22:56:02Z</time>
      </trkpt>
      <trkpt lat="23.061633" lon="113.279028">
        <time>2026-08-28T22:56:07Z</time>
      </trkpt>
      <trkpt lat="23.061601" lon="113.279113">
        <time>2026-08-28T22:56:12Z</time>
      </trkpt>
      <trkpt lat="23.061549" lon="113.279237">
        <time>2026-08-28T22:56:17Z</time>
      </trkpt>
      <trkpt lat="23.061494" lon="113.279368">
        <time>2026-08-28T22:56:22Z</time>
      </trkpt>
      <trkpt lat="23.061457" lon="113.279467">
        <time>2026-08-28T22:56:27Z</time>
      </trkpt>
      <trkpt lat="23.061423" lon="113.279571">
        <time>2026-08-28T22:56:32Z</time>
      </trkpt>
      <trkpt lat="23.061366" lon="113.279719">
        <time>2026-08-28T22:56:37Z</time>
      </trkpt>
      <trkpt lat="23.061301" lon="113.279853">
        <time>2026-08-28T22:56:42Z</time>
      </trkpt>
      <trkpt lat="23.061259" lon="113.279945">
        <time>2026-08-28T22:56:47Z</time>
      </trkpt>
      <trkpt lat="23.061217" lon="113.280038">
        <time>2026-08-28T22:56:52Z</time>
      </trkpt>
      <trkpt lat="23.061162" lon="113.280179">
        <time>2026-08-28T22:56:57Z</time>
      </trkpt>
      <trkpt lat="23.061104" lon="113.280323">
        <time>2026-08-28T22:57:02Z</time>
      </trkpt>
      <trkpt lat="23.061058" lon="113.280416">
        <time>2026-08-28T22:57:07Z</time>
      </trkpt>
      <trkpt lat="23.061014" lon="113.280505">
        <time>2026-08-28T22:57:12Z</time>
      </trkpt>
      <trkpt lat="23.060963" lon="113.280643">
        <time>2026-08-28T22:57:17Z</time>
      </trkpt>
      <trkpt lat="23.060902" lon="113.280778">
        <time>2026-08-28T22:57:22Z</time>
      </trkpt>
      <trkpt lat="23.060862" lon="113.280871">
        <time>2026-08-28T22:57:27Z</time>
      </trkpt>
      <trkpt lat="23.060826" lon="113.280961">
        <time>2026-08-28T22:57:32Z</time>
      </trkpt>
      <trkpt lat="23.060775" lon="113.28109">
        <time>2026-08-28T22:57:37Z</time>
      </trkpt>
      <trkpt lat="23.060718" lon="113.281218">
        <time>2026-08-28T22:57:42Z</time>
      </trkpt>
      <trkpt lat="23.06068" lon="113.281303">
        <time>2026-08-28T22:57:47Z</time>
      </trkpt>
      <trkpt lat="23.060646" lon="113.281388">
        <time>2026-08-28T22:57:52Z</time>
      </trkpt>
      <trkpt lat="23.06059" lon="113.281519">
        <time>2026-08-28T22:57:57Z</time>
      </trkpt>
      <trkpt lat="23.060529" lon="113.281652">
        <time>2026-08-28T22:58:02Z</time>
      </trkpt>
      <trkpt lat="23.060488" lon="113.28174">
        <time>2026-08-28T22:58:07Z</time>
      </trkpt>
      <trkpt lat="23.060448" lon="113.28183">
        <time>2026-08-28T22:58:12Z</time>
      </trkpt>
      <trkpt lat="23.06039" lon="113.281961">
        <time>2026-08-28T22:58:17Z</time>
      </trkpt>
      <trkpt lat="23.060334" lon="113.28209">
        <time>2026-08-28T22:58:22Z</time>
      </trkpt>
      <trkpt lat="23.060297" lon="113.282177">
        <time>2026-08-28T22:58:27Z</time>
      </trkpt>
      <trkpt lat="23.060258" lon="113.282263">
        <time>2026-08-28T22:58:32Z</time>
      </trkpt>
      <trkpt lat="23.060203" lon="113.282396">
        <time>2026-08-28T22:58:37Z</time>
      </trkpt>
      <trkpt lat="23.060152" lon="113.282527">
        <time>2026-08-28T22:58:42Z</time>
      </trkpt>
      <trkpt lat="23.060115" lon="113.282617">
        <time>2026-08-28T22:58:47Z</time>
      </trkpt>
      <trkpt lat="23.060075" lon="113.282707">
        <time>2026-08-28T22:58:52Z</time>
      </trkpt>
      <trkpt lat="23.060017" lon="113.282845">
        <time>2026-08-28T22:58:57Z</time>
      </trkpt>
      <trkpt lat="23.059962" lon="113.282983">
        <time>2026-08-28T22:59:02Z</time>
      </trkpt>
      <trkpt lat="23.059922" lon="113.283074">
        <time>2026-08-28T22:59:07Z</time>
      </trkpt>
      <trkpt lat="23.05988" lon="113.283162">
        <time>2026-08-28T22:59:12Z</time>
      </trkpt>
      <trkpt lat="23.059829" lon="113.283299">
        <time>2026-08-28T22:59:17Z</time>
      </trkpt>
      <trkpt lat="23.059907" lon="113.28338">
        <time>2026-08-28T22:59:22Z</time>
      </trkpt>
      <trkpt lat="23.059976" lon="113.283321">
        <time>2026-08-28T22:59:27Z</time>
      </trkpt>
      <trkpt lat="23.060025" lon="113.283238">
        <time>2026-08-28T22:59:32Z</time>
      </trkpt>
      <trkpt lat="23.060103" lon="113.283104">
        <time>2026-08-28T22:59:37Z</time>
      </trkpt>
      <trkpt lat="23.060176" lon="113.282969">
        <time>2026-08-28T22:59:42Z</time>
      </trkpt>
      <trkpt lat="23.060211" lon="113.282881">
        <time>2026-08-28T22:59:47Z</time>
      </trkpt>
      <trkpt lat="23.060241" lon="113.282784">
        <time>2026-08-28T22:59:52Z</time>
      </trkpt>
      <trkpt lat="23.060291" lon="113.282637">
        <time>2026-08-28T22:59:57Z</time>
      </trkpt>
      <trkpt lat="23.060342" lon="113.282496">
        <time>2026-08-28T23:00:02Z</time>
      </trkpt>
      <trkpt lat="23.060375" lon="113.282404">
        <time>2026-08-28T23:00:07Z</time>
      </trkpt>
      <trkpt lat="23.060406" lon="113.282315">
        <time>2026-08-28T23:00:12Z</time>
      </trkpt>
      <trkpt lat="23.06046" lon="113.282185">
        <time>2026-08-28T23:00:17Z</time>
      </trkpt>
      <trkpt lat="23.06052" lon="113.282046">
        <time>2026-08-28T23:00:22Z</time>
      </trkpt>
      <trkpt lat="23.060561" lon="113.281955">
        <time>2026-08-28T23:00:27Z</time>
      </trkpt>
      <trkpt lat="23.060599" lon="113.28187">
        <time>2026-08-28T23:00:32Z</time>
      </trkpt>
      <trkpt lat="23.06065" lon="113.281747">
        <time>2026-08-28T23:00:37Z</time>
      </trkpt>
      <trkpt lat="23.0607" lon="113.281623">
        <time>2026-08-28T23:00:42Z</time>
      </trkpt>
      <trkpt lat="23.060733" lon="113.281542">
        <time>2026-08-28T23:00:47Z</time>
      </trkpt>
      <trkpt lat="23.060769" lon="113.281456">
        <time>2026-08-28T23:00:52Z</time>
      </trkpt>
      <trkpt lat="23.060826" lon="113.28132">
        <time>2026-08-28T23:00:57Z</time>
      </trkpt>
      <trkpt lat="23.060884" lon="113.281185">
        <time>2026-08-28T23:01:02Z</time>
      </trkpt>
      <trkpt lat="23.060922" lon="113.281092">
        <time>2026-08-28T23:01:07Z</time>
      </trkpt>
      <trkpt lat="23.06096" lon="113.281001">
        <time>2026-08-28T23:01:12Z</time>
      </trkpt>
      <trkpt lat="23.061017" lon="113.28087">
        <time>2026-08-28T23:01:17Z</time>
      </trkpt>
      <trkpt lat="23.061075" lon="113.280738">
        <time>2026-08-28T23:01:22Z</time>
      </trkpt>
      <trkpt lat="23.061111" lon="113.280657">
        <time>2026-08-28T23:01:27Z</time>
      </trkpt>
      <trkpt lat="23.06115" lon="113.280567">
        <time>2026-08-28T23:01:32Z</time>
      </trkpt>
      <trkpt lat="23.061217" lon="113.280439">
        <time>2026-08-28T23:01:37Z</time>
      </trkpt>
      <trkpt lat="23.061272" lon="113.280309">
        <time>2026-08-28T23:01:42Z</time>
      </trkpt>
      <trkpt lat="23.061311" lon="113.280232">
        <time>2026-08-28T23:01:47Z</time>
      </trkpt>
      <trkpt lat="23.061352" lon="113.280155">
        <time>2026-08-28T23:01:52Z</time>
      </trkpt>
      <trkpt lat="23.061407" lon="113.280029">
        <time>2026-08-28T23:01:57Z</time>
      </trkpt>
      <trkpt lat="23.061455" lon="113.279893">
        <time>2026-08-28T23:02:02Z</time>
      </trkpt>
      <trkpt lat="23.061488" lon="113.279802">
        <time>2026-08-28T23:02:07Z</time>
      </trkpt>
      <trkpt lat="23.061526" lon="113.279713">
        <time>2026-08-28T23:02:12Z</time>
      </trkpt>
      <trkpt lat="23.061584" lon="113.279576">
        <time>2026-08-28T23:02:17Z</time>
      </trkpt>
      <trkpt lat="23.061643" lon="113.279425">
        <time>2026-08-28T23:02:22Z</time>
      </trkpt>
      <trkpt lat="23.061672" lon="113.279331">
        <time>2026-08-28T23:02:27Z</time>
      </trkpt>
      <trkpt lat="23.061711" lon="113.279242">
        <time>2026-08-28T23:02:32Z</time>
      </trkpt>
      <trkpt lat="23.061776" lon="113.27911">
        <time>2026-08-28T23:02:37Z</time>
      </trkpt>
      <trkpt lat="23.061848" lon="113.278993">
        <time>2026-08-28T23:02:42Z</time>
      </trkpt>
      <trkpt lat="23.061905" lon="113.278915">
        <time>2026-08-28T23:02:47Z</time>
      </trkpt>
      <trkpt lat="23.061954" lon="113.278826">
        <time>2026-08-28T23:02:52Z</time>
      </trkpt>
      <trkpt lat="23.061985" lon="113.278678">
        <time>2026-08-28T23:02:57Z</time>
      </trkpt>
      <trkpt lat="23.061979" lon="113.278521">
        <time>2026-08-28T23:03:02Z</time>
      </trkpt>
      <trkpt lat="23.061972" lon="113.278422">
        <time>2026-08-28T23:03:07Z</time>
      </trkpt>
      <trkpt lat="23.061968" lon="113.278325">
        <time>2026-08-28T23:03:12Z</time>
      </trkpt>
      <trkpt lat="23.061962" lon="113.278171">
        <time>2026-08-28T23:03:17Z</time>
      </trkpt>
      <trkpt lat="23.061952" lon="113.278022">
        <time>2026-08-28T23:03:22Z</time>
      </trkpt>
      <trkpt lat="23.061948" lon="113.277921">
        <time>2026-08-28T23:03:27Z</time>
      </trkpt>
      <trkpt lat="23.061949" lon="113.277816">
        <time>2026-08-28T23:03:32Z</time>
      </trkpt>
      <trkpt lat="23.061979" lon="113.277667">
        <time>2026-08-28T23:03:37Z</time>
      </trkpt>
      <trkpt lat="23.062031" lon="113.277523">
        <time>2026-08-28T23:03:42Z</time>
      </trkpt>
      <trkpt lat="23.062068" lon="113.277429">
        <time>2026-08-28T23:03:47Z</time>
      </trkpt>
      <trkpt lat="23.062104" lon="113.277337">
        <time>2026-08-28T23:03:52Z</time>
      </trkpt>
      <trkpt lat="23.062156" lon="113.277197">
        <time>2026-08-28T23:03:57Z</time>
      </trkpt>
      <trkpt lat="23.062203" lon="113.277063">
        <time>2026-08-28T23:04:02Z</time>
      </trkpt>
      <trkpt lat="23.062245" lon="113.276978">
        <time>2026-08-28T23:04:07Z</time>
      </trkpt>
      <trkpt lat="23.062278" lon="113.276886">
        <time>2026-08-28T23:04:12Z</time>
      </trkpt>
      <trkpt lat="23.062325" lon="113.276746">
        <time>2026-08-28T23:04:17Z</time>
      </trkpt>
      <trkpt lat="23.062373" lon="113.276612">
        <time>2026-08-28T23:04:22Z</time>
      </trkpt>
      <trkpt lat="23.062408" lon="113.276531">
        <time>2026-08-28T23:04:27Z</time>
      </trkpt>
      <trkpt lat="23.062439" lon="113.276443">
        <time>2026-08-28T23:04:32Z</time>
      </trkpt>
      <trkpt lat="23.06249" lon="113.276312">
        <time>2026-08-28T23:04:37Z</time>
      </trkpt>
      <trkpt lat="23.062543" lon="113.276182">
        <time>2026-08-28T23:04:42Z</time>
      </trkpt>
      <trkpt lat="23.06259" lon="113.276097">
        <time>2026-08-28T23:04:47Z</time>
      </trkpt>
      <trkpt lat="23.062641" lon="113.276018">
        <time>2026-08-28T23:04:52Z</time>
      </trkpt>
      <trkpt lat="23.062725" lon="113.275904">
        <time>2026-08-28T23:04:57Z</time>
      </trkpt>
      <trkpt lat="23.062823" lon="113.275798">
        <time>2026-08-28T23:05:02Z</time>
      </trkpt>
      <trkpt lat="23.062888" lon="113.275725">
        <time>2026-08-28T23:05:07Z</time>
      </trkpt>
      <trkpt lat="23.062959" lon="113.275659">
        <time>2026-08-28T23:05:12Z</time>
      </trkpt>
      <trkpt lat="23.063052" lon="113.275548">
        <time>2026-08-28T23:05:17Z</time>
      </trkpt>
      <trkpt lat="23.063127" lon="113.27543">
        <time>2026-08-28T23:05:22Z</time>
      </trkpt>
      <trkpt lat="23.06317" lon="113.27535">
        <time>2026-08-28T23:05:27Z</time>
      </trkpt>
      <trkpt lat="23.063216" lon="113.275269">
        <time>2026-08-28T23:05:32Z</time>
      </trkpt>
      <trkpt lat="23.063296" lon="113.275165">
        <time>2026-08-28T23:05:37Z</time>
      </trkpt>
      <trkpt lat="23.063383" lon="113.275068">
        <time>2026-08-28T23:05:42Z</time>
      </trkpt>
      <trkpt lat="23.063418" lon="113.274986">
        <time>2026-08-28T23:05:47Z</time>
      </trkpt>
      <trkpt lat="23.063442" lon="113.274897">
        <time>2026-08-28T23:05:52Z</time>
      </trkpt>
      <trkpt lat="23.063479" lon="113.274776">
        <time>2026-08-28T23:05:57Z</time>
      </trkpt>
      <trkpt lat="23.063517" lon="113.274647">
        <time>2026-08-28T23:06:02Z</time>
      </trkpt>
      <trkpt lat="23.063546" lon="113.27455">
        <time>2026-08-28T23:06:07Z</time>
      </trkpt>
      <trkpt lat="23.063572" lon="113.274462">
        <time>2026-08-28T23:06:12Z</time>
      </trkpt>
      <trkpt lat="23.063632" lon="113.274353">
        <time>2026-08-28T23:06:17Z</time>
      </trkpt>
      <trkpt lat="23.063724" lon="113.274251">
        <time>2026-08-28T23:06:22Z</time>
      </trkpt>
      <trkpt lat="23.063792" lon="113.274194">
        <time>2026-08-28T23:06:27Z</time>
      </trkpt>
      <trkpt lat="23.063852" lon="113.274129">
        <time>2026-08-28T23:06:32Z</time>
      </trkpt>
      <trkpt lat="23.06393" lon="113.273995">
        <time>2026-08-28T23:06:37Z</time>
      </trkpt>
      <trkpt lat="23.063994" lon="113.273855">
        <time>2026-08-28T23:06:42Z</time>
      </trkpt>
      <trkpt lat="23.064046" lon="113.273776">
        <time>2026-08-28T23:06:47Z</time>
      </trkpt>
      <trkpt lat="23.064107" lon="113.273709">
        <time>2026-08-28T23:06:52Z</time>
      </trkpt>
      <trkpt lat="23.064209" lon="113.273628">
        <time>2026-08-28T23:06:57Z</time>
      </trkpt>
      <trkpt lat="23.06432" lon="113.273539">
        <time>2026-08-28T23:07:02Z</time>
      </trkpt>
      <trkpt lat="23.064391" lon="113.273472">
        <time>2026-08-28T23:07:07Z</time>
      </trkpt>
      <trkpt lat="23.064465" lon="113.273411">
        <time>2026-08-28T23:07:12Z</time>
      </trkpt>
      <trkpt lat="23.064557" lon="113.273302">
        <time>2026-08-28T23:07:17Z</time>
      </trkpt>
      <trkpt lat="23.064595" lon="113.273147">
        <time>2026-08-28T23:07:22Z</time>
      </trkpt>
      <trkpt lat="23.064578" lon="113.273036">
        <time>2026-08-28T23:07:27Z</time>
      </trkpt>
      <trkpt lat="23.064541" lon="113.272938">
        <time>2026-08-28T23:07:32Z</time>
      </trkpt>
      <trkpt lat="23.064491" lon="113.272794">
        <time>2026-08-28T23:07:37Z</time>
      </trkpt>
      <trkpt lat="23.06445" lon="113.272647">
        <time>2026-08-28T23:07:42Z</time>
      </trkpt>
      <trkpt lat="23.064458" lon="113.272554">
        <time>2026-08-28T23:07:47Z</time>
      </trkpt>
      <trkpt lat="23.064501" lon="113.272468">
        <time>2026-08-28T23:07:52Z</time>
      </trkpt>
      <trkpt lat="23.064571" lon="113.272329">
        <time>2026-08-28T23:07:57Z</time>
      </trkpt>
      <trkpt lat="23.064596" lon="113.272182">
        <time>2026-08-28T23:08:02Z</time>
      </trkpt>
      <trkpt lat="23.064629" lon="113.272096">
        <time>2026-08-28T23:08:07Z</time>
      </trkpt>
      <trkpt lat="23.064674" lon="113.272017">
        <time>2026-08-28T23:08:12Z</time>
      </trkpt>
      <trkpt lat="23.064732" lon="113.2719">
        <time>2026-08-28T23:08:17Z</time>
      </trkpt>
      <trkpt lat="23.064786" lon="113.271778">
        <time>2026-08-28T23:08:22Z</time>
      </trkpt>
      <trkpt lat="23.064829" lon="113.271696">
        <time>2026-08-28T23:08:27Z</time>
      </trkpt>
      <trkpt lat="23.064872" lon="113.271613">
        <time>2026-08-28T23:08:32Z</time>
      </trkpt>
      <trkpt lat="23.064935" lon="113.271481">
        <time>2026-08-28T23:08:37Z</time>
      </trkpt>
      <trkpt lat="23.064993" lon="113.271353">
        <time>2026-08-28T23:08:42Z</time>
      </trkpt>
      <trkpt lat="23.065032" lon="113.271266">
        <time>2026-08-28T23:08:47Z</time>
      </trkpt>
      <trkpt lat="23.065076" lon="113.271183">
        <time>2026-08-28T23:08:52Z</time>
      </trkpt>
      <trkpt lat="23.065146" lon="113.27105">
        <time>2026-08-28T23:08:57Z</time>
      </trkpt>
      <trkpt lat="23.065204" lon="113.270899">
        <time>2026-08-28T23:09:02Z</time>
      </trkpt>
      <trkpt lat="23.065241" lon="113.270797">
        <time>2026-08-28T23:09:07Z</time>
      </trkpt>
      <trkpt lat="23.06528" lon="113.270703">
        <time>2026-08-28T23:09:12Z</time>
      </trkpt>
      <trkpt lat="23.065341" lon="113.270574">
        <time>2026-08-28T23:09:17Z</time>
      </trkpt>
      <trkpt lat="23.065398" lon="113.270446">
        <time>2026-08-28T23:09:22Z</time>
      </trkpt>
      <trkpt lat="23.065436" lon="113.270357">
        <time>2026-08-28T23:09:27Z</time>
      </trkpt>
      <trkpt lat="23.065476" lon="113.270268">
        <time>2026-08-28T23:09:32Z</time>
      </trkpt>
      <trkpt lat="23.065534" lon="113.270129">
        <time>2026-08-28T23:09:37Z</time>
      </trkpt>
      <trkpt lat="23.065579" lon="113.269994">
        <time>2026-08-28T23:09:42Z</time>
      </trkpt>
      <trkpt lat="23.065609" lon="113.269898">
        <time>2026-08-28T23:09:47Z</time>
      </trkpt>
      <trkpt lat="23.065641" lon="113.269799">
        <time>2026-08-28T23:09:52Z</time>
      </trkpt>
      <trkpt lat="23.065676" lon="113.269651">
        <time>2026-08-28T23:09:57Z</time>
      </trkpt>
      <trkpt lat="23.065716" lon="113.26951">
        <time>2026-08-28T23:10:02Z</time>
      </trkpt>
      <trkpt lat="23.065744" lon="113.269418">
        <time>2026-08-28T23:10:07Z</time>
      </trkpt>
      <trkpt lat="23.065767" lon="113.26932">
        <time>2026-08-28T23:10:12Z</time>
      </trkpt>
      <trkpt lat="23.065805" lon="113.269174">
        <time>2026-08-28T23:10:17Z</time>
      </trkpt>
      <trkpt lat="23.065853" lon="113.269035">
        <time>2026-08-28T23:10:22Z</time>
      </trkpt>
      <trkpt lat="23.06589" lon="113.268946">
        <time>2026-08-28T23:10:27Z</time>
      </trkpt>
      <trkpt lat="23.065931" lon="113.26886">
        <time>2026-08-28T23:10:32Z</time>
      </trkpt>
      <trkpt lat="23.065997" lon="113.268731">
        <time>2026-08-28T23:10:37Z</time>
      </trkpt>
      <trkpt lat="23.066061" lon="113.268608">
        <time>2026-08-28T23:10:42Z</time>
      </trkpt>
      <trkpt lat="23.06611" lon="113.268528">
        <time>2026-08-28T23:10:47Z</time>
      </trkpt>
      <trkpt lat="23.066163" lon="113.268452">
        <time>2026-08-28T23:10:52Z</time>
      </trkpt>
      <trkpt lat="23.066244" lon="113.268335">
        <time>2026-08-28T23:10:57Z</time>
      </trkpt>
      <trkpt lat="23.066339" lon="113.268221">
        <time>2026-08-28T23:11:02Z</time>
      </trkpt>
      <trkpt lat="23.066417" lon="113.268164">
        <time>2026-08-28T23:11:07Z</time>
      </trkpt>
      <trkpt lat="23.066502" lon="113.26814">
        <time>2026-08-28T23:11:12Z</time>
      </trkpt>
      <trkpt lat="23.066631" lon="113.268149">
        <time>2026-08-28T23:11:17Z</time>
      </trkpt>
      <trkpt lat="23.066725" lon="113.268108">
        <time>2026-08-28T23:11:22Z</time>
      </trkpt>
      <trkpt lat="23.066673" lon="113.26803">
        <time>2026-08-28T23:11:27Z</time>
      </trkpt>
      <trkpt lat="23.066566" lon="113.267982">
        <time>2026-08-28T23:11:32Z</time>
      </trkpt>
      <trkpt lat="23.066412" lon="113.267951">
        <time>2026-08-28T23:11:37Z</time>
      </trkpt>
      <trkpt lat="23.066269" lon="113.267971">
        <time>2026-08-28T23:11:42Z</time>
      </trkpt>
      <trkpt lat="23.066191" lon="113.268022">
        <time>2026-08-28T23:11:47Z</time>
      </trkpt>
      <trkpt lat="23.066124" lon="113.268091">
        <time>2026-08-28T23:11:52Z</time>
      </trkpt>
      <trkpt lat="23.06603" lon="113.268202">
        <time>2026-08-28T23:11:57Z</time>
      </trkpt>
      <trkpt lat="23.065944" lon="113.268308">
        <time>2026-08-28T23:12:02Z</time>
      </trkpt>
      <trkpt lat="23.065892" lon="113.268388">
        <time>2026-08-28T23:12:07Z</time>
      </trkpt>
      <trkpt lat="23.065841" lon="113.268469">
        <time>2026-08-28T23:12:12Z</time>
      </trkpt>
      <trkpt lat="23.065775" lon="113.268594">
        <time>2026-08-28T23:12:17Z</time>
      </trkpt>
      <trkpt lat="23.065719" lon="113.268728">
        <time>2026-08-28T23:12:22Z</time>
      </trkpt>
      <trkpt lat="23.065684" lon="113.268817">
        <time>2026-08-28T23:12:27Z</time>
      </trkpt>
      <trkpt lat="23.06565" lon="113.268906">
        <time>2026-08-28T23:12:32Z</time>
      </trkpt>
      <trkpt lat="23.065605" lon="113.269042">
        <time>2026-08-28T23:12:37Z</time>
      </trkpt>
      <trkpt lat="23.065567" lon="113.269178">
        <time>2026-08-28T23:12:42Z</time>
      </trkpt>
      <trkpt lat="23.065544" lon="113.269267">
        <time>2026-08-28T23:12:47Z</time>
      </trkpt>
      <trkpt lat="23.065521" lon="113.269362">
        <time>2026-08-28T23:12:52Z</time>
      </trkpt>
      <trkpt lat="23.065488" lon="113.269512">
        <time>2026-08-28T23:12:57Z</time>
      </trkpt>
      <trkpt lat="23.065454" lon="113.269658">
        <time>2026-08-28T23:13:02Z</time>
      </trkpt>
      <trkpt lat="23.065429" lon="113.269754">
        <time>2026-08-28T23:13:07Z</time>
      </trkpt>
      <trkpt lat="23.065397" lon="113.269847">
        <time>2026-08-28T23:13:12Z</time>
      </trkpt>
      <trkpt lat="23.065349" lon="113.269998">
        <time>2026-08-28T23:13:17Z</time>
      </trkpt>
      <trkpt lat="23.065295" lon="113.270137">
        <time>2026-08-28T23:13:22Z</time>
      </trkpt>
      <trkpt lat="23.065254" lon="113.270228">
        <time>2026-08-28T23:13:27Z</time>
      </trkpt>
      <trkpt lat="23.065212" lon="113.270319">
        <time>2026-08-28T23:13:32Z</time>
      </trkpt>
      <trkpt lat="23.065157" lon="113.270455">
        <time>2026-08-28T23:13:37Z</time>
      </trkpt>
      <trkpt lat="23.065098" lon="113.270586">
        <time>2026-08-28T23:13:42Z</time>
      </trkpt>
      <trkpt lat="23.065056" lon="113.270678">
        <time>2026-08-28T23:13:47Z</time>
      </trkpt>
      <trkpt lat="23.065015" lon="113.270767">
        <time>2026-08-28T23:13:52Z</time>
      </trkpt>
      <trkpt lat="23.064953" lon="113.270896">
        <time>2026-08-28T23:13:57Z</time>
      </trkpt>
      <trkpt lat="23.064894" lon="113.271025">
        <time>2026-08-28T23:14:02Z</time>
      </trkpt>
      <trkpt lat="23.064853" lon="113.271114">
        <time>2026-08-28T23:14:07Z</time>
      </trkpt>
      <trkpt lat="23.064812" lon="113.271206">
        <time>2026-08-28T23:14:12Z</time>
      </trkpt>
      <trkpt lat="23.064749" lon="113.271339">
        <time>2026-08-28T23:14:17Z</time>
      </trkpt>
      <trkpt lat="23.064682" lon="113.271474">
        <time>2026-08-28T23:14:22Z</time>
      </trkpt>
      <trkpt lat="23.064643" lon="113.271559">
        <time>2026-08-28T23:14:27Z</time>
      </trkpt>
      <trkpt lat="23.064603" lon="113.271643">
        <time>2026-08-28T23:14:32Z</time>
      </trkpt>
      <trkpt lat="23.064541" lon="113.271774">
        <time>2026-08-28T23:14:37Z</time>
      </trkpt>
      <trkpt lat="23.064478" lon="113.271912">
        <time>2026-08-28T23:14:42Z</time>
      </trkpt>
      <trkpt lat="23.064436" lon="113.272003">
        <time>2026-08-28T23:14:47Z</time>
      </trkpt>
      <trkpt lat="23.064393" lon="113.272088">
        <time>2026-08-28T23:14:52Z</time>
      </trkpt>
      <trkpt lat="23.064323" lon="113.27221">
        <time>2026-08-28T23:14:57Z</time>
      </trkpt>
      <trkpt lat="23.064319" lon="113.27236">
        <time>2026-08-28T23:15:02Z</time>
      </trkpt>
      <trkpt lat="23.064312" lon="113.272454">
        <time>2026-08-28T23:15:07Z</time>
      </trkpt>
      <trkpt lat="23.064304" lon="113.272548">
        <time>2026-08-28T23:15:12Z</time>
      </trkpt>
      <trkpt lat="23.064328" lon="113.272693">
        <time>2026-08-28T23:15:17Z</time>
      </trkpt>
      <trkpt lat="23.064375" lon="113.272835">
        <time>2026-08-28T23:15:22Z</time>
      </trkpt>
      <trkpt lat="23.064405" lon="113.272927">
        <time>2026-08-28T23:15:27Z</time>
      </trkpt>
      <trkpt lat="23.064436" lon="113.273017">
        <time>2026-08-28T23:15:32Z</time>
      </trkpt>
      <trkpt lat="23.064459" lon="113.273162">
        <time>2026-08-28T23:15:37Z</time>
      </trkpt>
      <trkpt lat="23.06441" lon="113.273299">
        <time>2026-08-28T23:15:42Z</time>
      </trkpt>
      <trkpt lat="23.064337" lon="113.273363">
        <time>2026-08-28T23:15:47Z</time>
      </trkpt>
      <trkpt lat="23.064255" lon="113.273423">
        <time>2026-08-28T23:15:52Z</time>
      </trkpt>
      <trkpt lat="23.064138" lon="113.273508">
        <time>2026-08-28T23:15:57Z</time>
      </trkpt>
      <trkpt lat="23.064021" lon="113.273595">
        <time>2026-08-28T23:16:02Z</time>
      </trkpt>
      <trkpt lat="23.063951" lon="113.273667">
        <time>2026-08-28T23:16:07Z</time>
      </trkpt>
      <trkpt lat="23.06389" lon="113.273743">
        <time>2026-08-28T23:16:12Z</time>
      </trkpt>
      <trkpt lat="23.063812" lon="113.273865">
        <time>2026-08-28T23:16:17Z</time>
      </trkpt>
      <trkpt lat="23.063739" lon="113.273989">
        <time>2026-08-28T23:16:22Z</time>
      </trkpt>
      <trkpt lat="23.063686" lon="113.274065">
        <time>2026-08-28T23:16:27Z</time>
      </trkpt>
      <trkpt lat="23.063617" lon="113.274115">
        <time>2026-08-28T23:16:32Z</time>
      </trkpt>
      <trkpt lat="23.063496" lon="113.274095">
        <time>2026-08-28T23:16:37Z</time>
      </trkpt>
      <trkpt lat="23.06339" lon="113.274134">
        <time>2026-08-28T23:16:42Z</time>
      </trkpt>
      <trkpt lat="23.063349" lon="113.274232">
        <time>2026-08-28T23:16:47Z</time>
      </trkpt>
      <trkpt lat="23.063312" lon="113.274331">
        <time>2026-08-28T23:16:52Z</time>
      </trkpt>
      <trkpt lat="23.063263" lon="113.274472">
        <time>2026-08-28T23:16:57Z</time>
      </trkpt>
      <trkpt lat="23.063216" lon="113.274617">
        <time>2026-08-28T23:17:02Z</time>
      </trkpt>
      <trkpt lat="23.063182" lon="113.274716">
        <time>2026-08-28T23:17:07Z</time>
      </trkpt>
      <trkpt lat="23.063147" lon="113.27481">
        <time>2026-08-28T23:17:12Z</time>
      </trkpt>
      <trkpt lat="23.063093" lon="113.274968">
        <time>2026-08-28T23:17:17Z</time>
      </trkpt>
      <trkpt lat="23.063049" lon="113.275112">
        <time>2026-08-28T23:17:22Z</time>
      </trkpt>
      <trkpt lat="23.062976" lon="113.27517">
        <time>2026-08-28T23:17:27Z</time>
      </trkpt>
      <trkpt lat="23.062906" lon="113.275241">
        <time>2026-08-28T23:17:32Z</time>
      </trkpt>
      <trkpt lat="23.062916" lon="113.275399">
        <time>2026-08-28T23:17:37Z</time>
      </trkpt>
      <trkpt lat="23.062905" lon="113.275545">
        <time>2026-08-28T23:17:42Z</time>
      </trkpt>
      <trkpt lat="23.062836" lon="113.275625">
        <time>2026-08-28T23:17:47Z</time>
      </trkpt>
      <trkpt lat="23.062761" lon="113.275694">
        <time>2026-08-28T23:17:52Z</time>
      </trkpt>
      <trkpt lat="23.062656" lon="113.275797">
        <time>2026-08-28T23:17:57Z</time>
      </trkpt>
      <trkpt lat="23.062568" lon="113.27591">
        <time>2026-08-28T23:18:02Z</time>
      </trkpt>
      <trkpt lat="23.062515" lon="113.275994">
        <time>2026-08-28T23:18:07Z</time>
      </trkpt>
      <trkpt lat="23.062467" lon="113.276084">
        <time>2026-08-28T23:18:12Z</time>
      </trkpt>
      <trkpt lat="23.062411" lon="113.276223">
        <time>2026-08-28T23:18:17Z</time>
      </trkpt>
      <trkpt lat="23.062355" lon="113.276366">
        <time>2026-08-28T23:18:22Z</time>
      </trkpt>
      <trkpt lat="23.062321" lon="113.276462">
        <time>2026-08-28T23:18:27Z</time>
      </trkpt>
      <trkpt lat="23.062287" lon="113.276559">
        <time>2026-08-28T23:18:32Z</time>
      </trkpt>
      <trkpt lat="23.062239" lon="113.276699">
        <time>2026-08-28T23:18:37Z</time>
      </trkpt>
      <trkpt lat="23.062192" lon="113.276837">
        <time>2026-08-28T23:18:42Z</time>
      </trkpt>
      <trkpt lat="23.062156" lon="113.276925">
        <time>2026-08-28T23:18:47Z</time>
      </trkpt>
      <trkpt lat="23.06212" lon="113.277016">
        <time>2026-08-28T23:18:52Z</time>
      </trkpt>
      <trkpt lat="23.062059" lon="113.277161">
        <time>2026-08-28T23:18:57Z</time>
      </trkpt>
      <trkpt lat="23.062" lon="113.277312">
        <time>2026-08-28T23:19:02Z</time>
      </trkpt>
      <trkpt lat="23.061961" lon="113.277412">
        <time>2026-08-28T23:19:07Z</time>
      </trkpt>
      <trkpt lat="23.061925" lon="113.277511">
        <time>2026-08-28T23:19:12Z</time>
      </trkpt>
      <trkpt lat="23.061875" lon="113.277662">
        <time>2026-08-28T23:19:17Z</time>
      </trkpt>
      <trkpt lat="23.061841" lon="113.277809">
        <time>2026-08-28T23:19:22Z</time>
      </trkpt>
      <trkpt lat="23.061836" lon="113.277911">
        <time>2026-08-28T23:19:27Z</time>
      </trkpt>
      <trkpt lat="23.061834" lon="113.27801">
        <time>2026-08-28T23:19:32Z</time>
      </trkpt>
      <trkpt lat="23.061834" lon="113.278152">
        <time>2026-08-28T23:19:37Z</time>
      </trkpt>
      <trkpt lat="23.061843" lon="113.278302">
        <time>2026-08-28T23:19:42Z</time>
      </trkpt>
      <trkpt lat="23.061856" lon="113.278401">
        <time>2026-08-28T23:19:47Z</time>
      </trkpt>
      <trkpt lat="23.061865" lon="113.2785">
        <time>2026-08-28T23:19:52Z</time>
      </trkpt>
      <trkpt lat="23.061852" lon="113.278652">
        <time>2026-08-28T23:19:57Z</time>
      </trkpt>
      <trkpt lat="23.061801" lon="113.278751">
        <time>2026-08-28T23:20:02Z</time>
      </trkpt>
      <trkpt lat="23.061732" lon="113.27878">
        <time>2026-08-28T23:20:07Z</time>
      </trkpt>
      <trkpt lat="23.06169" lon="113.278861">
        <time>2026-08-28T23:20:12Z</time>
      </trkpt>
      <trkpt lat="23.061641" lon="113.278995">
        <time>2026-08-28T23:20:17Z</time>
      </trkpt>
      <trkpt lat="23.061593" lon="113.279121">
        <time>2026-08-28T23:20:22Z</time>
      </trkpt>
      <trkpt lat="23.061566" lon="113.279176">
        <time>2026-08-28T23:20:27Z</time>
      </trkpt>
      <trkpt lat="23.061577" lon="113.279188">
        <time>2026-08-28T23:20:32Z</time>
      </trkpt>
      <trkpt lat="23.061611" lon="113.279146">
        <time>2026-08-28T23:20:37Z</time>
      </trkpt>
      <trkpt lat="23.061596" lon="113.279109">
        <time>2026-08-28T23:20:42Z</time>
      </trkpt>
      <trkpt lat="23.06158" lon="113.279149">
        <time>2026-08-28T23:20:47Z</time>
      </trkpt>
      <trkpt lat="23.06155" lon="113.27924">
        <time>2026-08-28T23:20:52Z</time>
      </trkpt>
      <trkpt lat="23.061494" lon="113.279384">
        <time>2026-08-28T23:20:57Z</time>
      </trkpt>
      <trkpt lat="23.06144" lon="113.279524">
        <time>2026-08-28T23:21:02Z</time>
      </trkpt>
      <trkpt lat="23.061406" lon="113.279615">
        <time>2026-08-28T23:21:07Z</time>
      </trkpt>
      <trkpt lat="23.06137" lon="113.279707">
        <time>2026-08-28T23:21:12Z</time>
      </trkpt>
      <trkpt lat="23.061311" lon="113.27985">
        <time>2026-08-28T23:21:17Z</time>
      </trkpt>
      <trkpt lat="23.061241" lon="113.279989">
        <time>2026-08-28T23:21:22Z</time>
      </trkpt>
      <trkpt lat="23.0612" lon="113.280085">
        <time>2026-08-28T23:21:27Z</time>
      </trkpt>
      <trkpt lat="23.061163" lon="113.280182">
        <time>2026-08-28T23:21:32Z</time>
      </trkpt>
      <trkpt lat="23.061104" lon="113.280324">
        <time>2026-08-28T23:21:37Z</time>
      </trkpt>
      <trkpt lat="23.061032" lon="113.280471">
        <time>2026-08-28T23:21:42Z</time>
      </trkpt>
      <trkpt lat="23.06099" lon="113.280567">
        <time>2026-08-28T23:21:47Z</time>
      </trkpt>
      <trkpt lat="23.060947" lon="113.280659">
        <time>2026-08-28T23:21:52Z</time>
      </trkpt>
      <trkpt lat="23.060893" lon="113.280808">
        <time>2026-08-28T23:21:57Z</time>
      </trkpt>
      <trkpt lat="23.060839" lon="113.280946">
        <time>2026-08-28T23:22:02Z</time>
      </trkpt>
      <trkpt lat="23.060801" lon="113.281032">
        <time>2026-08-28T23:22:07Z</time>
      </trkpt>
      <trkpt lat="23.06076" lon="113.281116">
        <time>2026-08-28T23:22:12Z</time>
      </trkpt>
      <trkpt lat="23.060703" lon="113.281241">
        <time>2026-08-28T23:22:17Z</time>
      </trkpt>
      <trkpt lat="23.060646" lon="113.281372">
        <time>2026-08-28T23:22:22Z</time>
      </trkpt>
      <trkpt lat="23.060607" lon="113.281462">
        <time>2026-08-28T23:22:27Z</time>
      </trkpt>
      <trkpt lat="23.060567" lon="113.281554">
        <time>2026-08-28T23:22:32Z</time>
      </trkpt>
      <trkpt lat="23.060508" lon="113.281692">
        <time>2026-08-28T23:22:37Z</time>
      </trkpt>
      <trkpt lat="23.06045" lon="113.281831">
        <time>2026-08-28T23:22:42Z</time>
      </trkpt>
      <trkpt lat="23.060412" lon="113.28192">
        <time>2026-08-28T23:22:47Z</time>
      </trkpt>
      <trkpt lat="23.060372" lon="113.282006">
        <time>2026-08-28T23:22:52Z</time>
      </trkpt>
      <trkpt lat="23.060314" lon="113.282135">
        <time>2026-08-28T23:22:57Z</time>
      </trkpt>
      <trkpt lat="23.060259" lon="113.282268">
        <time>2026-08-28T23:23:02Z</time>
      </trkpt>
      <trkpt lat="23.06022" lon="113.282361">
        <time>2026-08-28T23:23:07Z</time>
      </trkpt>
      <trkpt lat="23.06018" lon="113.282453">
        <time>2026-08-28T23:23:12Z</time>
      </trkpt>
      <trkpt lat="23.060129" lon="113.282585">
        <time>2026-08-28T23:23:17Z</time>
      </trkpt>
      <trkpt lat="23.060077" lon="113.282718">
        <time>2026-08-28T23:23:22Z</time>
      </trkpt>
      <trkpt lat="23.060039" lon="113.282806">
        <time>2026-08-28T23:23:27Z</time>
      </trkpt>
      <trkpt lat="23.060001" lon="113.282896">
        <time>2026-08-28T23:23:32Z</time>
      </trkpt>
      <trkpt lat="23.059942" lon="113.283029">
        <time>2026-08-28T23:23:37Z</time>
      </trkpt>
      <trkpt lat="23.059884" lon="113.283164">
        <time>2026-08-28T23:23:42Z</time>
      </trkpt>
      <trkpt lat="23.059848" lon="113.283254">
        <time>2026-08-28T23:23:47Z</time>
      </trkpt>
      <trkpt lat="23.05984" lon="113.283344">
        <time>2026-08-28T23:23:52Z</time>
      </trkpt>
      <trkpt lat="23.059944" lon="113.283355">
        <time>2026-08-28T23:23:57Z</time>
      </trkpt>
      <trkpt lat="23.060025" lon="113.283244">
        <time>2026-08-28T23:24:02Z</time>
      </trkpt>
      <trkpt lat="23.060072" lon="113.283156">
        <time>2026-08-28T23:24:07Z</time>
      </trkpt>
      <trkpt lat="23.060124" lon="113.283066">
        <time>2026-08-28T23:24:12Z</time>
      </trkpt>
      <trkpt lat="23.060192" lon="113.282929">
        <time>2026-08-28T23:24:17Z</time>
      </trkpt>
      <trkpt lat="23.06025" lon="113.282786">
        <time>2026-08-28T23:24:22Z</time>
      </trkpt>
      <trkpt lat="23.060284" lon="113.282687">
        <time>2026-08-28T23:24:27Z</time>
      </trkpt>
      <trkpt lat="23.060316" lon="113.282594">
        <time>2026-08-28T23:24:32Z</time>
      </trkpt>
      <trkpt lat="23.060362" lon="113.282453">
        <time>2026-08-28T23:24:37Z</time>
      </trkpt>
      <trkpt lat="23.060411" lon="113.282312">
        <time>2026-08-28T23:24:42Z</time>
      </trkpt>
      <trkpt lat="23.060446" lon="113.28222">
        <time>2026-08-28T23:24:47Z</time>
      </trkpt>
      <trkpt lat="23.060485" lon="113.282131">
        <time>2026-08-28T23:24:52Z</time>
      </trkpt>
      <trkpt lat="23.060543" lon="113.281996">
        <time>2026-08-28T23:24:57Z</time>
      </trkpt>
      <trkpt lat="23.060603" lon="113.281855">
        <time>2026-08-28T23:25:02Z</time>
      </trkpt>
      <trkpt lat="23.06064" lon="113.281768">
        <time>2026-08-28T23:25:07Z</time>
      </trkpt>
      <trkpt lat="23.060677" lon="113.281685">
        <time>2026-08-28T23:25:12Z</time>
      </trkpt>
      <trkpt lat="23.060734" lon="113.281557">
        <time>2026-08-28T23:25:17Z</time>
      </trkpt>
      <trkpt lat="23.060786" lon="113.281418">
        <time>2026-08-28T23:25:22Z</time>
      </trkpt>
      <trkpt lat="23.060821" lon="113.281328">
        <time>2026-08-28T23:25:27Z</time>
      </trkpt>
      <trkpt lat="23.060857" lon="113.281239">
        <time>2026-08-28T23:25:32Z</time>
      </trkpt>
      <trkpt lat="23.060911" lon="113.281106">
        <time>2026-08-28T23:25:37Z</time>
      </trkpt>
      <trkpt lat="23.060965" lon="113.280975">
        <time>2026-08-28T23:25:42Z</time>
      </trkpt>
      <trkpt lat="23.061005" lon="113.280883">
        <time>2026-08-28T23:25:47Z</time>
      </trkpt>
      <trkpt lat="23.061049" lon="113.280788">
        <time>2026-08-28T23:25:52Z</time>
      </trkpt>
      <trkpt lat="23.06111" lon="113.280644">
        <time>2026-08-28T23:25:57Z</time>
      </trkpt>
      <trkpt lat="23.061173" lon="113.280501">
        <time>2026-08-28T23:26:02Z</time>
      </trkpt>
      <trkpt lat="23.061223" lon="113.280413">
        <time>2026-08-28T23:26:07Z</time>
      </trkpt>
      <trkpt lat="23.06127" lon="113.280325">
        <time>2026-08-28T23:26:12Z</time>
      </trkpt>
      <trkpt lat="23.061332" lon="113.280193">
        <time>2026-08-28T23:26:17Z</time>
      </trkpt>
      <trkpt lat="23.061387" lon="113.280074">
        <time>2026-08-28T23:26:22Z</time>
      </trkpt>
      <trkpt lat="23.061418" lon="113.279992">
        <time>2026-08-28T23:26:27Z</time>
      </trkpt>
      <trkpt lat="23.061453" lon="113.279906">
        <time>2026-08-28T23:26:32Z</time>
      </trkpt>
      <trkpt lat="23.061507" lon="113.279782">
        <time>2026-08-28T23:26:37Z</time>
      </trkpt>
      <trkpt lat="23.061557" lon="113.279659">
        <time>2026-08-28T23:26:42Z</time>
      </trkpt>
      <trkpt lat="23.061586" lon="113.279572">
        <time>2026-08-28T23:26:47Z</time>
      </trkpt>
      <trkpt lat="23.061623" lon="113.279479">
        <time>2026-08-28T23:26:52Z</time>
      </trkpt>
      <trkpt lat="23.061671" lon="113.279349">
        <time>2026-08-28T23:26:57Z</time>
      </trkpt>
      <trkpt lat="23.061722" lon="113.279215">
        <time>2026-08-28T23:27:02Z</time>
      </trkpt>
      <trkpt lat="23.061768" lon="113.279127">
        <time>2026-08-28T23:27:07Z</time>
      </trkpt>
      <trkpt lat="23.061817" lon="113.279045">
        <time>2026-08-28T23:27:12Z</time>
      </trkpt>
      <trkpt lat="23.061899" lon="113.278929">
        <time>2026-08-28T23:27:17Z</time>
      </trkpt>
      <trkpt lat="23.061961" lon="113.278801">
        <time>2026-08-28T23:27:22Z</time>
      </trkpt>
      <trkpt lat="23.061977" lon="113.278702">
        <time>2026-08-28T23:27:27Z</time>
      </trkpt>
      <trkpt lat="23.061976" lon="113.278597">
        <time>2026-08-28T23:27:32Z</time>
      </trkpt>
      <trkpt lat="23.061964" lon="113.278447">
        <time>2026-08-28T23:27:37Z</time>
      </trkpt>
      <trkpt lat="23.061959" lon="113.278295">
        <time>2026-08-28T23:27:42Z</time>
      </trkpt>
      <trkpt lat="23.061956" lon="113.27819">
        <time>2026-08-28T23:27:47Z</time>
      </trkpt>
      <trkpt lat="23.061953" lon="113.278085">
        <time>2026-08-28T23:27:52Z</time>
      </trkpt>
      <trkpt lat="23.061943" lon="113.27794">
        <time>2026-08-28T23:27:57Z</time>
      </trkpt>
      <trkpt lat="23.061948" lon="113.277796">
        <time>2026-08-28T23:28:02Z</time>
      </trkpt>
      <trkpt lat="23.061967" lon="113.277697">
        <time>2026-08-28T23:28:07Z</time>
      </trkpt>
      <trkpt lat="23.061999" lon="113.277601">
        <time>2026-08-28T23:28:12Z</time>
      </trkpt>
      <trkpt lat="23.062052" lon="113.277463">
        <time>2026-08-28T23:28:17Z</time>
      </trkpt>
      <trkpt lat="23.062105" lon="113.277331">
        <time>2026-08-28T23:28:22Z</time>
      </trkpt>
      <trkpt lat="23.062138" lon="113.27724">
        <time>2026-08-28T23:28:27Z</time>
      </trkpt>
      <trkpt lat="23.06217" lon="113.277146">
        <time>2026-08-28T23:28:32Z</time>
      </trkpt>
      <trkpt lat="23.062223" lon="113.277016">
        <time>2026-08-28T23:28:37Z</time>
      </trkpt>
      <trkpt lat="23.062276" lon="113.276875">
        <time>2026-08-28T23:28:42Z</time>
      </trkpt>
      <trkpt lat="23.062307" lon="113.276783">
        <time>2026-08-28T23:28:47Z</time>
      </trkpt>
      <trkpt lat="23.062338" lon="113.276691">
        <time>2026-08-28T23:28:52Z</time>
      </trkpt>
      <trkpt lat="23.062389" lon="113.276555">
        <time>2026-08-28T23:28:57Z</time>
      </trkpt>
      <trkpt lat="23.062443" lon="113.276413">
        <time>2026-08-28T23:29:02Z</time>
      </trkpt>
      <trkpt lat="23.062481" lon="113.276316">
        <time>2026-08-28T23:29:07Z</time>
      </trkpt>
      <trkpt lat="23.06252" lon="113.276221">
        <time>2026-08-28T23:29:12Z</time>
      </trkpt>
      <trkpt lat="23.062599" lon="113.276079">
        <time>2026-08-28T23:29:17Z</time>
      </trkpt>
      <trkpt lat="23.062686" lon="113.275952">
        <time>2026-08-28T23:29:22Z</time>
      </trkpt>
      <trkpt lat="23.062749" lon="113.27587">
        <time>2026-08-28T23:29:27Z</time>
      </trkpt>
      <trkpt lat="23.062818" lon="113.275792">
        <time>2026-08-28T23:29:32Z</time>
      </trkpt>
      <trkpt lat="23.062934" lon="113.275686">
        <time>2026-08-28T23:29:37Z</time>
      </trkpt>
      <trkpt lat="23.06304" lon="113.275571">
        <time>2026-08-28T23:29:42Z</time>
      </trkpt>
      <trkpt lat="23.063096" lon="113.27549">
        <time>2026-08-28T23:29:47Z</time>
      </trkpt>
      <trkpt lat="23.063147" lon="113.275404">
        <time>2026-08-28T23:29:52Z</time>
      </trkpt>
      <trkpt lat="23.063222" lon="113.275266">
        <time>2026-08-28T23:29:57Z</time>
      </trkpt>
      <trkpt lat="23.063316" lon="113.275147">
        <time>2026-08-28T23:30:02Z</time>
      </trkpt>
      <trkpt lat="23.063378" lon="113.275064">
        <time>2026-08-28T23:30:07Z</time>
      </trkpt>
      <trkpt lat="23.063421" lon="113.27497">
        <time>2026-08-28T23:30:12Z</time>
      </trkpt>
      <trkpt lat="23.063466" lon="113.274826">
        <time>2026-08-28T23:30:17Z</time>
      </trkpt>
      <trkpt lat="23.063513" lon="113.274687">
        <time>2026-08-28T23:30:22Z</time>
      </trkpt>
      <trkpt lat="23.063539" lon="113.274587">
        <time>2026-08-28T23:30:27Z</time>
      </trkpt>
      <trkpt lat="23.063566" lon="113.274485">
        <time>2026-08-28T23:30:32Z</time>
      </trkpt>
      <trkpt lat="23.063647" lon="113.274351">
        <time>2026-08-28T23:30:37Z</time>
      </trkpt>
      <trkpt lat="23.063739" lon="113.274234">
        <time>2026-08-28T23:30:42Z</time>
      </trkpt>
      <trkpt lat="23.063807" lon="113.274167">
        <time>2026-08-28T23:30:47Z</time>
      </trkpt>
      <trkpt lat="23.063874" lon="113.274089">
        <time>2026-08-28T23:30:52Z</time>
      </trkpt>
      <trkpt lat="23.06395" lon="113.273939">
        <time>2026-08-28T23:30:57Z</time>
      </trkpt>
      <trkpt lat="23.064023" lon="113.273806">
        <time>2026-08-28T23:31:02Z</time>
      </trkpt>
      <trkpt lat="23.064092" lon="113.273725">
        <time>2026-08-28T23:31:07Z</time>
      </trkpt>
      <trkpt lat="23.06417" lon="113.273663">
        <time>2026-08-28T23:31:12Z</time>
      </trkpt>
      <trkpt lat="23.064286" lon="113.273571">
        <time>2026-08-28T23:31:17Z</time>
      </trkpt>
      <trkpt lat="23.064403" lon="113.273469">
        <time>2026-08-28T23:31:22Z</time>
      </trkpt>
      <trkpt lat="23.064476" lon="113.273401">
        <time>2026-08-28T23:31:27Z</time>
      </trkpt>
      <trkpt lat="23.064542" lon="113.273326">
        <time>2026-08-28T23:31:32Z</time>
      </trkpt>
      <trkpt lat="23.064593" lon="113.273183">
        <time>2026-08-28T23:31:37Z</time>
      </trkpt>
      <trkpt lat="23.064572" lon="113.273025">
        <time>2026-08-28T23:31:42Z</time>
      </trkpt>
      <trkpt lat="23.064535" lon="113.272918">
        <time>2026-08-28T23:31:47Z</time>
      </trkpt>
      <trkpt lat="23.0645" lon="113.272813">
        <time>2026-08-28T23:31:52Z</time>
      </trkpt>
      <trkpt lat="23.064455" lon="113.272666">
        <time>2026-08-28T23:31:57Z</time>
      </trkpt>
      <trkpt lat="23.064478" lon="113.27252">
        <time>2026-08-28T23:32:02Z</time>
      </trkpt>
      <trkpt lat="23.064556" lon="113.272472">
        <time>2026-08-28T23:32:07Z</time>
      </trkpt>
      <trkpt lat="23.064627" lon="113.272458">
        <time>2026-08-28T23:32:12Z</time>
      </trkpt>
      <trkpt lat="23.064584" lon="113.272332">
        <time>2026-08-28T23:32:17Z</time>
      </trkpt>
      <trkpt lat="23.06459" lon="113.272181">
        <time>2026-08-28T23:32:22Z</time>
      </trkpt>
      <trkpt lat="23.064632" lon="113.272092">
        <time>2026-08-28T23:32:27Z</time>
      </trkpt>
      <trkpt lat="23.06468" lon="113.272007">
        <time>2026-08-28T23:32:32Z</time>
      </trkpt>
      <trkpt lat="23.064745" lon="113.271878">
        <time>2026-08-28T23:32:37Z</time>
      </trkpt>
      <trkpt lat="23.064811" lon="113.271743">
        <time>2026-08-28T23:32:42Z</time>
      </trkpt>
      <trkpt lat="23.064855" lon="113.271654">
        <time>2026-08-28T23:32:47Z</time>
      </trkpt>
      <trkpt lat="23.064895" lon="113.271571">
        <time>2026-08-28T23:32:52Z</time>
      </trkpt>
      <trkpt lat="23.064953" lon="113.271442">
        <time>2026-08-28T23:32:57Z</time>
      </trkpt>
      <trkpt lat="23.065013" lon="113.27131">
        <time>2026-08-28T23:33:02Z</time>
      </trkpt>
      <trkpt lat="23.065057" lon="113.271219">
        <time>2026-08-28T23:33:07Z</time>
      </trkpt>
      <trkpt lat="23.065109" lon="113.271134">
        <time>2026-08-28T23:33:12Z</time>
      </trkpt>
      <trkpt lat="23.065175" lon="113.270998">
        <time>2026-08-28T23:33:17Z</time>
      </trkpt>
      <trkpt lat="23.065217" lon="113.270855">
        <time>2026-08-28T23:33:22Z</time>
      </trkpt>
      <trkpt lat="23.065252" lon="113.270763">
        <time>2026-08-28T23:33:27Z</time>
      </trkpt>
      <trkpt lat="23.065291" lon="113.270673">
        <time>2026-08-28T23:33:32Z</time>
      </trkpt>
      <trkpt lat="23.065351" lon="113.270546">
        <time>2026-08-28T23:33:37Z</time>
      </trkpt>
      <trkpt lat="23.065409" lon="113.270418">
        <time>2026-08-28T23:33:42Z</time>
      </trkpt>
      <trkpt lat="23.065449" lon="113.270331">
        <time>2026-08-28T23:33:47Z</time>
      </trkpt>
      <trkpt lat="23.065489" lon="113.270243">
        <time>2026-08-28T23:33:52Z</time>
      </trkpt>
      <trkpt lat="23.065541" lon="113.27011">
        <time>2026-08-28T23:33:57Z</time>
      </trkpt>
      <trkpt lat="23.065588" lon="113.26998">
        <time>2026-08-28T23:34:02Z</time>
      </trkpt>
      <trkpt lat="23.065615" lon="113.269888">
        <time>2026-08-28T23:34:07Z</time>
      </trkpt>
      <trkpt lat="23.065645" lon="113.269796">
        <time>2026-08-28T23:34:12Z</time>
      </trkpt>
      <trkpt lat="23.065687" lon="113.26966">
        <time>2026-08-28T23:34:17Z</time>
      </trkpt>
      <trkpt lat="23.065719" lon="113.269516">
        <time>2026-08-28T23:34:22Z</time>
      </trkpt>
      <trkpt lat="23.065749" lon="113.269422">
        <time>2026-08-28T23:34:27Z</time>
      </trkpt>
      <trkpt lat="23.065775" lon="113.269322">
        <time>2026-08-28T23:34:32Z</time>
      </trkpt>
      <trkpt lat="23.065811" lon="113.269168">
        <time>2026-08-28T23:34:37Z</time>
      </trkpt>
      <trkpt lat="23.065861" lon="113.269033">
        <time>2026-08-28T23:34:42Z</time>
      </trkpt>
      <trkpt lat="23.065897" lon="113.268945">
        <time>2026-08-28T23:34:47Z</time>
      </trkpt>
      <trkpt lat="23.065938" lon="113.268855">
        <time>2026-08-28T23:34:52Z</time>
      </trkpt>
      <trkpt lat="23.066" lon="113.268721">
        <time>2026-08-28T23:34:57Z</time>
      </trkpt>
      <trkpt lat="23.06607" lon="113.268603">
        <time>2026-08-28T23:35:02Z</time>
      </trkpt>
      <trkpt lat="23.066119" lon="113.268515">
        <time>2026-08-28T23:35:07Z</time>
      </trkpt>
      <trkpt lat="23.066172" lon="113.268426">
        <time>2026-08-28T23:35:12Z</time>
      </trkpt>
      <trkpt lat="23.066259" lon="113.268307">
        <time>2026-08-28T23:35:17Z</time>
      </trkpt>
      <trkpt lat="23.066353" lon="113.2682">
        <time>2026-08-28T23:35:22Z</time>
      </trkpt>
      <trkpt lat="23.066435" lon="113.268152">
        <time>2026-08-28T23:35:27Z</time>
      </trkpt>
      <trkpt lat="23.066528" lon="113.268136">
        <time>2026-08-28T23:35:32Z</time>
      </trkpt>
      <trkpt lat="23.066669" lon="113.268149">
        <time>2026-08-28T23:35:37Z</time>
      </trkpt>
      <trkpt lat="23.066707" lon="113.268066">
        <time>2026-08-28T23:35:42Z</time>
      </trkpt>
      <trkpt lat="23.066622" lon="113.268">
        <time>2026-08-28T23:35:47Z</time>
      </trkpt>
      <trkpt lat="23.066518" lon="113.267969">
        <time>2026-08-28T23:35:52Z</time>
      </trkpt>
      <trkpt lat="23.066373" lon="113.267951">
        <time>2026-08-28T23:35:57Z</time>
      </trkpt>
      <trkpt lat="23.066243" lon="113.267984">
        <time>2026-08-28T23:36:02Z</time>
      </trkpt>
      <trkpt lat="23.066175" lon="113.268039">
        <time>2026-08-28T23:36:07Z</time>
      </trkpt>
      <trkpt lat="23.066108" lon="113.268103">
        <time>2026-08-28T23:36:12Z</time>
      </trkpt>
      <trkpt lat="23.066021" lon="113.268207">
        <time>2026-08-28T23:36:17Z</time>
      </trkpt>
      <trkpt lat="23.065941" lon="113.268321">
        <time>2026-08-28T23:36:22Z</time>
      </trkpt>
      <trkpt lat="23.065885" lon="113.2684">
        <time>2026-08-28T23:36:27Z</time>
      </trkpt>
      <trkpt lat="23.065839" lon="113.268482">
        <time>2026-08-28T23:36:32Z</time>
      </trkpt>
      <trkpt lat="23.065777" lon="113.268599">
        <time>2026-08-28T23:36:37Z</time>
      </trkpt>
      <trkpt lat="23.065718" lon="113.268724">
        <time>2026-08-28T23:36:42Z</time>
      </trkpt>
      <trkpt lat="23.065683" lon="113.268812">
        <time>2026-08-28T23:36:47Z</time>
      </trkpt>
      <trkpt lat="23.065649" lon="113.268902">
        <time>2026-08-28T23:36:52Z</time>
      </trkpt>
      <trkpt lat="23.065603" lon="113.26904">
        <time>2026-08-28T23:36:57Z</time>
      </trkpt>
      <trkpt lat="23.065565" lon="113.269183">
        <time>2026-08-28T23:37:02Z</time>
      </trkpt>
      <trkpt lat="23.065545" lon="113.269273">
        <time>2026-08-28T23:37:07Z</time>
      </trkpt>
      <trkpt lat="23.065519" lon="113.269366">
        <time>2026-08-28T23:37:12Z</time>
      </trkpt>
      <trkpt lat="23.065485" lon="113.269506">
        <time>2026-08-28T23:37:17Z</time>
      </trkpt>
      <trkpt lat="23.06545" lon="113.269646">
        <time>2026-08-28T23:37:22Z</time>
      </trkpt>
      <trkpt lat="23.065431" lon="113.269741">
        <time>2026-08-28T23:37:27Z</time>
      </trkpt>
      <trkpt lat="23.0654" lon="113.269833">
        <time>2026-08-28T23:37:32Z</time>
      </trkpt>
      <trkpt lat="23.065355" lon="113.269966">
        <time>2026-08-28T23:37:37Z</time>
      </trkpt>
      <trkpt lat="23.065309" lon="113.270096">
        <time>2026-08-28T23:37:42Z</time>
      </trkpt>
      <trkpt lat="23.065272" lon="113.270185">
        <time>2026-08-28T23:37:47Z</time>
      </trkpt>
      <trkpt lat="23.065232" lon="113.270275">
        <time>2026-08-28T23:37:52Z</time>
      </trkpt>
      <trkpt lat="23.065175" lon="113.270402">
        <time>2026-08-28T23:37:57Z</time>
      </trkpt>
      <trkpt lat="23.065118" lon="113.270527">
        <time>2026-08-28T23:38:02Z</time>
      </trkpt>
      <trkpt lat="23.065078" lon="113.270615">
        <time>2026-08-28T23:38:07Z</time>
      </trkpt>
      <trkpt lat="23.065038" lon="113.270707">
        <time>2026-08-28T23:38:12Z</time>
      </trkpt>
      <trkpt lat="23.064976" lon="113.270839">
        <time>2026-08-28T23:38:17Z</time>
      </trkpt>
      <trkpt lat="23.064919" lon="113.270964">
        <time>2026-08-28T23:38:22Z</time>
      </trkpt>
      <trkpt lat="23.064884" lon="113.271046">
        <time>2026-08-28T23:38:27Z</time>
      </trkpt>
      <trkpt lat="23.064846" lon="113.271134">
        <time>2026-08-28T23:38:32Z</time>
      </trkpt>
      <trkpt lat="23.064782" lon="113.271268">
        <time>2026-08-28T23:38:37Z</time>
      </trkpt>
      <trkpt lat="23.064712" lon="113.271399">
        <time>2026-08-28T23:38:42Z</time>
      </trkpt>
      <trkpt lat="23.064672" lon="113.271486">
        <time>2026-08-28T23:38:47Z</time>
      </trkpt>
      <trkpt lat="23.064631" lon="113.271572">
        <time>2026-08-28T23:38:52Z</time>
      </trkpt>
      <trkpt lat="23.064573" lon="113.271704">
        <time>2026-08-28T23:38:57Z</time>
      </trkpt>
      <trkpt lat="23.064512" lon="113.271838">
        <time>2026-08-28T23:39:02Z</time>
      </trkpt>
      <trkpt lat="23.064466" lon="113.27193">
        <time>2026-08-28T23:39:07Z</time>
      </trkpt>
      <trkpt lat="23.064423" lon="113.272024">
        <time>2026-08-28T23:39:12Z</time>
      </trkpt>
      <trkpt lat="23.064352" lon="113.272146">
        <time>2026-08-28T23:39:17Z</time>
      </trkpt>
      <trkpt lat="23.064313" lon="113.272284">
        <time>2026-08-28T23:39:22Z</time>
      </trkpt>
      <trkpt lat="23.064313" lon="113.272379">
        <time>2026-08-28T23:39:27Z</time>
      </trkpt>
      <trkpt lat="23.064308" lon="113.272471">
        <time>2026-08-28T23:39:32Z</time>
      </trkpt>
      <trkpt lat="23.064304" lon="113.272605">
        <time>2026-08-28T23:39:37Z</time>
      </trkpt>
      <trkpt lat="23.064339" lon="113.272737">
        <time>2026-08-28T23:39:42Z</time>
      </trkpt>
      <trkpt lat="23.064373" lon="113.272828">
        <time>2026-08-28T23:39:47Z</time>
      </trkpt>
      <trkpt lat="23.064402" lon="113.272918">
        <time>2026-08-28T23:39:52Z</time>
      </trkpt>
      <trkpt lat="23.064445" lon="113.273054">
        <time>2026-08-28T23:39:57Z</time>
      </trkpt>
      <trkpt lat="23.064458" lon="113.273197">
        <time>2026-08-28T23:40:02Z</time>
      </trkpt>
      <trkpt lat="23.064427" lon="113.273283">
        <time>2026-08-28T23:40:07Z</time>
      </trkpt>
      <trkpt lat="23.064361" lon="113.27335">
        <time>2026-08-28T23:40:12Z</time>
      </trkpt>
      <trkpt lat="23.064237" lon="113.273442">
        <time>2026-08-28T23:40:17Z</time>
      </trkpt>
      <trkpt lat="23.064117" lon="113.273526">
        <time>2026-08-28T23:40:22Z</time>
      </trkpt>
      <trkpt lat="23.064041" lon="113.273583">
        <time>2026-08-28T23:40:27Z</time>
      </trkpt>
      <trkpt lat="23.063974" lon="113.27365">
        <time>2026-08-28T23:40:32Z</time>
      </trkpt>
      <trkpt lat="23.063883" lon="113.27376">
        <time>2026-08-28T23:40:37Z</time>
      </trkpt>
      <trkpt lat="23.063806" lon="113.273884">
        <time>2026-08-28T23:40:42Z</time>
      </trkpt>
      <trkpt lat="23.063762" lon="113.27396">
        <time>2026-08-28T23:40:47Z</time>
      </trkpt>
      <trkpt lat="23.063714" lon="113.274035">
        <time>2026-08-28T23:40:52Z</time>
      </trkpt>
      <trkpt lat="23.063614" lon="113.27412">
        <time>2026-08-28T23:40:57Z</time>
      </trkpt>
      <trkpt lat="23.063512" lon="113.274104">
        <time>2026-08-28T23:41:02Z</time>
      </trkpt>
      <trkpt lat="23.06342" lon="113.274116">
        <time>2026-08-28T23:41:07Z</time>
      </trkpt>
      <trkpt lat="23.063371" lon="113.274212">
        <time>2026-08-28T23:41:12Z</time>
      </trkpt>
      <trkpt lat="23.063313" lon="113.274353">
        <time>2026-08-28T23:41:17Z</time>
      </trkpt>
      <trkpt lat="23.063265" lon="113.274489">
        <time>2026-08-28T23:41:22Z</time>
      </trkpt>
      <trkpt lat="23.063233" lon="113.274582">
        <time>2026-08-28T23:41:27Z</time>
      </trkpt>
      <trkpt lat="23.063196" lon="113.274679">
        <time>2026-08-28T23:41:32Z</time>
      </trkpt>
      <trkpt lat="23.063138" lon="113.274816">
        <time>2026-08-28T23:41:37Z</time>
      </trkpt>
      <trkpt lat="23.063095" lon="113.27496">
        <time>2026-08-28T23:41:42Z</time>
      </trkpt>
      <trkpt lat="23.063075" lon="113.275055">
        <time>2026-08-28T23:41:47Z</time>
      </trkpt>
      <trkpt lat="23.063038" lon="113.275133">
        <time>2026-08-28T23:41:52Z</time>
      </trkpt>
      <trkpt lat="23.062923" lon="113.27522">
        <time>2026-08-28T23:41:57Z</time>
      </trkpt>
      <trkpt lat="23.062913" lon="113.275374">
        <time>2026-08-28T23:42:02Z</time>
      </trkpt>
      <trkpt lat="23.062929" lon="113.275476">
        <time>2026-08-28T23:42:07Z</time>
      </trkpt>
      <trkpt lat="23.062895" lon="113.275563">
        <time>2026-08-28T23:42:12Z</time>
      </trkpt>
      <trkpt lat="23.062791" lon="113.275674">
        <time>2026-08-28T23:42:17Z</time>
      </trkpt>
      <trkpt lat="23.06268" lon="113.275774">
        <time>2026-08-28T23:42:22Z</time>
      </trkpt>
      <trkpt lat="23.062612" lon="113.275849">
        <time>2026-08-28T23:42:27Z</time>
      </trkpt>
      <trkpt lat="23.062555" lon="113.275935">
        <time>2026-08-28T23:42:32Z</time>
      </trkpt>
      <trkpt lat="23.062479" lon="113.276067">
        <time>2026-08-28T23:42:37Z</time>
      </trkpt>
      <trkpt lat="23.062416" lon="113.276199">
        <time>2026-08-28T23:42:42Z</time>
      </trkpt>
      <trkpt lat="23.062383" lon="113.276291">
        <time>2026-08-28T23:42:47Z</time>
      </trkpt>
      <trkpt lat="23.062351" lon="113.276386">
        <time>2026-08-28T23:42:52Z</time>
      </trkpt>
      <trkpt lat="23.062301" lon="113.276527">
        <time>2026-08-28T23:42:57Z</time>
      </trkpt>
      <trkpt lat="23.06225" lon="113.27666">
        <time>2026-08-28T23:43:02Z</time>
      </trkpt>
      <trkpt lat="23.06222" lon="113.276747">
        <time>2026-08-28T23:43:07Z</time>
      </trkpt>
      <trkpt lat="23.062186" lon="113.276843">
        <time>2026-08-28T23:43:12Z</time>
      </trkpt>
      <trkpt lat="23.062135" lon="113.276983">
        <time>2026-08-28T23:43:17Z</time>
      </trkpt>
      <trkpt lat="23.062079" lon="113.277121">
        <time>2026-08-28T23:43:22Z</time>
      </trkpt>
      <trkpt lat="23.062038" lon="113.277223">
        <time>2026-08-28T23:43:27Z</time>
      </trkpt>
      <trkpt lat="23.061998" lon="113.277323">
        <time>2026-08-28T23:43:32Z</time>
      </trkpt>
      <trkpt lat="23.061937" lon="113.277471">
        <time>2026-08-28T23:43:37Z</time>
      </trkpt>
      <trkpt lat="23.061885" lon="113.27761">
        <time>2026-08-28T23:43:42Z</time>
      </trkpt>
      <trkpt lat="23.061856" lon="113.277705">
        <time>2026-08-28T23:43:47Z</time>
      </trkpt>
      <trkpt lat="23.061838" lon="113.277801">
        <time>2026-08-28T23:43:52Z</time>
      </trkpt>
      <trkpt lat="23.061824" lon="113.277948">
        <time>2026-08-28T23:43:57Z</time>
      </trkpt>
      <trkpt lat="23.061829" lon="113.278093">
        <time>2026-08-28T23:44:02Z</time>
      </trkpt>
      <trkpt lat="23.061832" lon="113.278188">
        <time>2026-08-28T23:44:07Z</time>
      </trkpt>
      <trkpt lat="23.061838" lon="113.278286">
        <time>2026-08-28T23:44:12Z</time>
      </trkpt>
      <trkpt lat="23.061856" lon="113.278433">
        <time>2026-08-28T23:44:17Z</time>
      </trkpt>
      <trkpt lat="23.061854" lon="113.278583">
        <time>2026-08-28T23:44:22Z</time>
      </trkpt>
      <trkpt lat="23.061849" lon="113.278678">
        <time>2026-08-28T23:44:27Z</time>
      </trkpt>
      <trkpt lat="23.061822" lon="113.278745">
        <time>2026-08-28T23:44:32Z</time>
      </trkpt>
      <trkpt lat="23.061722" lon="113.278792">
        <time>2026-08-28T23:44:37Z</time>
      </trkpt>
      <trkpt lat="23.061668" lon="113.278918">
        <time>2026-08-28T23:44:42Z</time>
      </trkpt>
      <trkpt lat="23.061635" lon="113.279004">
        <time>2026-08-28T23:44:47Z</time>
      </trkpt>
      <trkpt lat="23.061604" lon="113.27908">
        <time>2026-08-28T23:44:52Z</time>
      </trkpt>
      <trkpt lat="23.061576" lon="113.279157">
        <time>2026-08-28T23:44:57Z</time>
      </trkpt>
      <trkpt lat="23.061556" lon="113.279199">
        <time>2026-08-28T23:45:02Z</time>
      </trkpt>
      <trkpt lat="23.061529" lon="113.279285">
        <time>2026-08-28T23:45:07Z</time>
      </trkpt>
      <trkpt lat="23.061492" lon="113.279384">
        <time>2026-08-28T23:45:12Z</time>
      </trkpt>
      <trkpt lat="23.061439" lon="113.279528">
        <time>2026-08-28T23:45:17Z</time>
      </trkpt>
      <trkpt lat="23.061384" lon="113.279659">
        <time>2026-08-28T23:45:22Z</time>
      </trkpt>
      <trkpt lat="23.061351" lon="113.279745">
        <time>2026-08-28T23:45:27Z</time>
      </trkpt>
      <trkpt lat="23.061316" lon="113.279834">
        <time>2026-08-28T23:45:32Z</time>
      </trkpt>
      <trkpt lat="23.061254" lon="113.279968">
        <time>2026-08-28T23:45:37Z</time>
      </trkpt>
      <trkpt lat="23.06119" lon="113.280103">
        <time>2026-08-28T23:45:42Z</time>
      </trkpt>
      <trkpt lat="23.061155" lon="113.280192">
        <time>2026-08-28T23:45:47Z</time>
      </trkpt>
      <trkpt lat="23.06112" lon="113.280283">
        <time>2026-08-28T23:45:52Z</time>
      </trkpt>
      <trkpt lat="23.061055" lon="113.280425">
        <time>2026-08-28T23:45:57Z</time>
      </trkpt>
      <trkpt lat="23.060993" lon="113.280565">
        <time>2026-08-28T23:46:02Z</time>
      </trkpt>
      <trkpt lat="23.060951" lon="113.280658">
        <time>2026-08-28T23:46:07Z</time>
      </trkpt>
      <trkpt lat="23.06091" lon="113.280752">
        <time>2026-08-28T23:46:12Z</time>
      </trkpt>
      <trkpt lat="23.06086" lon="113.28089">
        <time>2026-08-28T23:46:17Z</time>
      </trkpt>
      <trkpt lat="23.060803" lon="113.281013">
        <time>2026-08-28T23:46:22Z</time>
      </trkpt>
      <trkpt lat="23.060766" lon="113.281096">
        <time>2026-08-28T23:46:27Z</time>
      </trkpt>
      <trkpt lat="23.060731" lon="113.28118">
        <time>2026-08-28T23:46:32Z</time>
      </trkpt>
      <trkpt lat="23.06068" lon="113.28131">
        <time>2026-08-28T23:46:37Z</time>
      </trkpt>
      <trkpt lat="23.060624" lon="113.28144">
        <time>2026-08-28T23:46:42Z</time>
      </trkpt>
      <trkpt lat="23.060584" lon="113.281534">
        <time>2026-08-28T23:46:47Z</time>
      </trkpt>
      <trkpt lat="23.060541" lon="113.281626">
        <time>2026-08-28T23:46:52Z</time>
      </trkpt>
      <trkpt lat="23.06048" lon="113.281758">
        <time>2026-08-28T23:46:57Z</time>
      </trkpt>
      <trkpt lat="23.060428" lon="113.281891">
        <time>2026-08-28T23:47:02Z</time>
      </trkpt>
      <trkpt lat="23.060388" lon="113.281977">
        <time>2026-08-28T23:47:07Z</time>
      </trkpt>
      <trkpt lat="23.060352" lon="113.282063">
        <time>2026-08-28T23:47:12Z</time>
      </trkpt>
      <trkpt lat="23.060296" lon="113.28219">
        <time>2026-08-28T23:47:17Z</time>
      </trkpt>
      <trkpt lat="23.060237" lon="113.282321">
        <time>2026-08-28T23:47:22Z</time>
      </trkpt>
      <trkpt lat="23.060196" lon="113.282412">
        <time>2026-08-28T23:47:27Z</time>
      </trkpt>
      <trkpt lat="23.060159" lon="113.2825">
        <time>2026-08-28T23:47:32Z</time>
      </trkpt>
      <trkpt lat="23.060109" lon="113.282627">
        <time>2026-08-28T23:47:37Z</time>
      </trkpt>
      <trkpt lat="23.060054" lon="113.282762">
        <time>2026-08-28T23:47:42Z</time>
      </trkpt>
      <trkpt lat="23.060018" lon="113.282845">
        <time>2026-08-28T23:47:47Z</time>
      </trkpt>
      <trkpt lat="23.059983" lon="113.28293">
        <time>2026-08-28T23:47:52Z</time>
      </trkpt>
      <trkpt lat="23.059929" lon="113.283063">
        <time>2026-08-28T23:47:57Z</time>
      </trkpt>
      <trkpt lat="23.059869" lon="113.2832">
        <time>2026-08-28T23:48:02Z</time>
      </trkpt>
      <trkpt lat="23.059831" lon="113.283296">
        <time>2026-08-28T23:48:07Z</time>
      </trkpt>
      <trkpt lat="23.059834" lon="113.28337">
        <time>2026-08-28T23:48:12Z</time>
      </trkpt>
      <trkpt lat="23.059943" lon="113.283355">
        <time>2026-08-28T23:48:17Z</time>
      </trkpt>
      <trkpt lat="23.06003" lon="113.283229">
        <time>2026-08-28T23:48:22Z</time>
      </trkpt>
      <trkpt lat="23.060074" lon="113.283145">
        <time>2026-08-28T23:48:27Z</time>
      </trkpt>
      <trkpt lat="23.060115" lon="113.283059">
        <time>2026-08-28T23:48:32Z</time>
      </trkpt>
      <trkpt lat="23.060175" lon="113.282936">
        <time>2026-08-28T23:48:37Z</time>
      </trkpt>
      <trkpt lat="23.060237" lon="113.282809">
        <time>2026-08-28T23:48:42Z</time>
      </trkpt>
      <trkpt lat="23.060277" lon="113.282715">
        <time>2026-08-28T23:48:47Z</time>
      </trkpt>
      <trkpt lat="23.060312" lon="113.282621">
        <time>2026-08-28T23:48:52Z</time>
      </trkpt>
      <trkpt lat="23.060357" lon="113.282476">
        <time>2026-08-28T23:48:57Z</time>
      </trkpt>
      <trkpt lat="23.060404" lon="113.282346">
        <time>2026-08-28T23:49:02Z</time>
      </trkpt>
      <trkpt lat="23.060437" lon="113.28226">
        <time>2026-08-28T23:49:07Z</time>
      </trkpt>
      <trkpt lat="23.060468" lon="113.282176">
        <time>2026-08-28T23:49:12Z</time>
      </trkpt>
      <trkpt lat="23.060514" lon="113.282064">
        <time>2026-08-28T23:49:17Z</time>
      </trkpt>
      <trkpt lat="23.060569" lon="113.281942">
        <time>2026-08-28T23:49:22Z</time>
      </trkpt>
      <trkpt lat="23.060603" lon="113.281855">
        <time>2026-08-28T23:49:27Z</time>
      </trkpt>
      <trkpt lat="23.060638" lon="113.281767">
        <time>2026-08-28T23:49:32Z</time>
      </trkpt>
      <trkpt lat="23.060693" lon="113.281643">
        <time>2026-08-28T23:49:37Z</time>
      </trkpt>
      <trkpt lat="23.060743" lon="113.281525">
        <time>2026-08-28T23:49:42Z</time>
      </trkpt>
      <trkpt lat="23.060778" lon="113.281438">
        <time>2026-08-28T23:49:47Z</time>
      </trkpt>
      <trkpt lat="23.060817" lon="113.281348">
        <time>2026-08-28T23:49:52Z</time>
      </trkpt>
      <trkpt lat="23.060871" lon="113.28122">
        <time>2026-08-28T23:49:57Z</time>
      </trkpt>
      <trkpt lat="23.060927" lon="113.281094">
        <time>2026-08-28T23:50:02Z</time>
      </trkpt>
      <trkpt lat="23.060964" lon="113.281009">
        <time>2026-08-28T23:50:07Z</time>
      </trkpt>
      <trkpt lat="23.060997" lon="113.280928">
        <time>2026-08-28T23:50:12Z</time>
      </trkpt>
      <trkpt lat="23.06105" lon="113.280805">
        <time>2026-08-28T23:50:17Z</time>
      </trkpt>
      <trkpt lat="23.061105" lon="113.280675">
        <time>2026-08-28T23:50:22Z</time>
      </trkpt>
      <trkpt lat="23.06114" lon="113.280589">
        <time>2026-08-28T23:50:27Z</time>
      </trkpt>
      <trkpt lat="23.061177" lon="113.280504">
        <time>2026-08-28T23:50:32Z</time>
      </trkpt>
      <trkpt lat="23.061238" lon="113.280384">
        <time>2026-08-28T23:50:37Z</time>
      </trkpt>
      <trkpt lat="23.061297" lon="113.28026">
        <time>2026-08-28T23:50:42Z</time>
      </trkpt>
      <trkpt lat="23.061336" lon="113.280176">
        <time>2026-08-28T23:50:47Z</time>
      </trkpt>
      <trkpt lat="23.061372" lon="113.280091">
        <time>2026-08-28T23:50:52Z</time>
      </trkpt>
      <trkpt lat="23.061421" lon="113.27996">
        <time>2026-08-28T23:50:57Z</time>
      </trkpt>
      <trkpt lat="23.061479" lon="113.279832">
        <time>2026-08-28T23:51:02Z</time>
      </trkpt>
      <trkpt lat="23.061515" lon="113.279749">
        <time>2026-08-28T23:51:07Z</time>
      </trkpt>
      <trkpt lat="23.061551" lon="113.279664">
        <time>2026-08-28T23:51:12Z</time>
      </trkpt>
      <trkpt lat="23.061604" lon="113.279532">
        <time>2026-08-28T23:51:17Z</time>
      </trkpt>
      <trkpt lat="23.061656" lon="113.279393">
        <time>2026-08-28T23:51:22Z</time>
      </trkpt>
      <trkpt lat="23.061689" lon="113.279303">
        <time>2026-08-28T23:51:27Z</time>
      </trkpt>
      <trkpt lat="23.061719" lon="113.279215">
        <time>2026-08-28T23:51:32Z</time>
      </trkpt>
      <trkpt lat="23.061779" lon="113.279098">
        <time>2026-08-28T23:51:37Z</time>
      </trkpt>
      <trkpt lat="23.061853" lon="113.278985">
        <time>2026-08-28T23:51:42Z</time>
      </trkpt>
      <trkpt lat="23.061909" lon="113.278908">
        <time>2026-08-28T23:51:47Z</time>
      </trkpt>
      <trkpt lat="23.061953" lon="113.278821">
        <time>2026-08-28T23:51:52Z</time>
      </trkpt>
      <trkpt lat="23.061978" lon="113.278668">
        <time>2026-08-28T23:51:57Z</time>
      </trkpt>
      <trkpt lat="23.061971" lon="113.278506">
        <time>2026-08-28T23:52:02Z</time>
      </trkpt>
      <trkpt lat="23.061965" lon="113.278402">
        <time>2026-08-28T23:52:07Z</time>
      </trkpt>
      <trkpt lat="23.061961" lon="113.278302">
        <time>2026-08-28T23:52:12Z</time>
      </trkpt>
      <trkpt lat="23.061954" lon="113.27815">
        <time>2026-08-28T23:52:17Z</time>
      </trkpt>
      <trkpt lat="23.061945" lon="113.277996">
        <time>2026-08-28T23:52:22Z</time>
      </trkpt>
      <trkpt lat="23.061939" lon="113.277892">
        <time>2026-08-28T23:52:27Z</time>
      </trkpt>
      <trkpt lat="23.061946" lon="113.27779">
        <time>2026-08-28T23:52:32Z</time>
      </trkpt>
      <trkpt lat="23.06198" lon="113.277647">
        <time>2026-08-28T23:52:37Z</time>
      </trkpt>
      <trkpt lat="23.062033" lon="113.277512">
        <time>2026-08-28T23:52:42Z</time>
      </trkpt>
      <trkpt lat="23.062067" lon="113.277425">
        <time>2026-08-28T23:52:47Z</time>
      </trkpt>
      <trkpt lat="23.0621" lon="113.277335">
        <time>2026-08-28T23:52:52Z</time>
      </trkpt>
      <trkpt lat="23.062154" lon="113.2772">
        <time>2026-08-28T23:52:57Z</time>
      </trkpt>
      <trkpt lat="23.062204" lon="113.277062">
        <time>2026-08-28T23:53:02Z</time>
      </trkpt>
      <trkpt lat="23.06224" lon="113.276967">
        <time>2026-08-28T23:53:07Z</time>
      </trkpt>
      <trkpt lat="23.062276" lon="113.276872">
        <time>2026-08-28T23:53:12Z</time>
      </trkpt>
      <trkpt lat="23.062329" lon="113.276732">
        <time>2026-08-28T23:53:17Z</time>
      </trkpt>
      <trkpt lat="23.06238" lon="113.276592">
        <time>2026-08-28T23:53:22Z</time>
      </trkpt>
      <trkpt lat="23.062415" lon="113.276496">
        <time>2026-08-28T23:53:27Z</time>
      </trkpt>
      <trkpt lat="23.062454" lon="113.2764">
        <time>2026-08-28T23:53:32Z</time>
      </trkpt>
      <trkpt lat="23.062509" lon="113.276257">
        <time>2026-08-28T23:53:37Z</time>
      </trkpt>
      <trkpt lat="23.062574" lon="113.276129">
        <time>2026-08-28T23:53:42Z</time>
      </trkpt>
      <trkpt lat="23.062617" lon="113.276049">
        <time>2026-08-28T23:53:47Z</time>
      </trkpt>
      <trkpt lat="23.062666" lon="113.275976">
        <time>2026-08-28T23:53:52Z</time>
      </trkpt>
      <trkpt lat="23.062753" lon="113.275867">
        <time>2026-08-28T23:53:57Z</time>
      </trkpt>
      <trkpt lat="23.062852" lon="113.275765">
        <time>2026-08-28T23:54:02Z</time>
      </trkpt>
      <trkpt lat="23.06292" lon="113.275699">
        <time>2026-08-28T23:54:07Z</time>
      </trkpt>
      <trkpt lat="23.062988" lon="113.275627">
        <time>2026-08-28T23:54:12Z</time>
      </trkpt>
      <trkpt lat="23.063083" lon="113.275511">
        <time>2026-08-28T23:54:17Z</time>
      </trkpt>
      <trkpt lat="23.06315" lon="113.275385">
        <time>2026-08-28T23:54:22Z</time>
      </trkpt>
      <trkpt lat="23.063198" lon="113.2753">
        <time>2026-08-28T23:54:27Z</time>
      </trkpt>
      <trkpt lat="23.06325" lon="113.275216">
        <time>2026-08-28T23:54:32Z</time>
      </trkpt>
      <trkpt lat="23.063345" lon="113.275101">
        <time>2026-08-28T23:54:37Z</time>
      </trkpt>
      <trkpt lat="23.06342" lon="113.274973">
        <time>2026-08-28T23:54:42Z</time>
      </trkpt>
      <trkpt lat="23.063446" lon="113.274882">
        <time>2026-08-28T23:54:47Z</time>
      </trkpt>
      <trkpt lat="23.063468" lon="113.274796">
        <time>2026-08-28T23:54:52Z</time>
      </trkpt>
      <trkpt lat="23.063509" lon="113.274662">
        <time>2026-08-28T23:54:57Z</time>
      </trkpt>
      <trkpt lat="23.063553" lon="113.274515">
        <time>2026-08-28T23:55:02Z</time>
      </trkpt>
      <trkpt lat="23.063591" lon="113.274424">
        <time>2026-08-28T23:55:07Z</time>
      </trkpt>
      <trkpt lat="23.063649" lon="113.274341">
        <time>2026-08-28T23:55:12Z</time>
      </trkpt>
      <trkpt lat="23.063741" lon="113.274232">
        <time>2026-08-28T23:55:17Z</time>
      </trkpt>
      <trkpt lat="23.063844" lon="113.274127">
        <time>2026-08-28T23:55:22Z</time>
      </trkpt>
      <trkpt lat="23.063894" lon="113.274043">
        <time>2026-08-28T23:55:27Z</time>
      </trkpt>
      <trkpt lat="23.063934" lon="113.273956">
        <time>2026-08-28T23:55:32Z</time>
      </trkpt>
      <trkpt lat="23.064005" lon="113.273832">
        <time>2026-08-28T23:55:37Z</time>
      </trkpt>
      <trkpt lat="23.064099" lon="113.273716">
        <time>2026-08-28T23:55:42Z</time>
      </trkpt>
      <trkpt lat="23.064174" lon="113.273658">
        <time>2026-08-28T23:55:47Z</time>
      </trkpt>
      <trkpt lat="23.064247" lon="113.273604">
        <time>2026-08-28T23:55:52Z</time>
      </trkpt>
      <trkpt lat="23.064353" lon="113.273516">
        <time>2026-08-28T23:55:57Z</time>
      </trkpt>
      <trkpt lat="23.064464" lon="113.273415">
        <time>2026-08-28T23:56:02Z</time>
      </trkpt>
      <trkpt lat="23.064532" lon="113.27334">
        <time>2026-08-28T23:56:07Z</time>
      </trkpt>
      <trkpt lat="23.064582" lon="113.273258">
        <time>2026-08-28T23:56:12Z</time>
      </trkpt>
      <trkpt lat="23.064594" lon="113.273109">
        <time>2026-08-28T23:56:17Z</time>
      </trkpt>
      <trkpt lat="23.064546" lon="113.272957">
        <time>2026-08-28T23:56:22Z</time>
      </trkpt>
      <trkpt lat="23.064513" lon="113.272865">
        <time>2026-08-28T23:56:27Z</time>
      </trkpt>
      <trkpt lat="23.064479" lon="113.272776">
        <time>2026-08-28T23:56:32Z</time>
      </trkpt>
      <trkpt lat="23.064448" lon="113.272635">
        <time>2026-08-28T23:56:37Z</time>
      </trkpt>
      <trkpt lat="23.064494" lon="113.272501">
        <time>2026-08-28T23:56:42Z</time>
      </trkpt>
      <trkpt lat="23.064545" lon="113.272408">
        <time>2026-08-28T23:56:47Z</time>
      </trkpt>
      <trkpt lat="23.064571" lon="113.272309">
        <time>2026-08-28T23:56:52Z</time>
      </trkpt>
      <trkpt lat="23.064599" lon="113.272168">
        <time>2026-08-28T23:56:57Z</time>
      </trkpt>
      <trkpt lat="23.064656" lon="113.272047">
        <time>2026-08-28T23:57:02Z</time>
      </trkpt>
      <trkpt lat="23.0647" lon="113.271963">
        <time>2026-08-28T23:57:07Z</time>
      </trkpt>
      <trkpt lat="23.064739" lon="113.271878">
        <time>2026-08-28T23:57:12Z</time>
      </trkpt>
      <trkpt lat="23.064799" lon="113.271755">
        <time>2026-08-28T23:57:17Z</time>
      </trkpt>
      <trkpt lat="23.064868" lon="113.271629">
        <time>2026-08-28T23:57:22Z</time>
      </trkpt>
      <trkpt lat="23.064911" lon="113.271548">
        <time>2026-08-28T23:57:27Z</time>
      </trkpt>
      <trkpt lat="23.064953" lon="113.271465">
        <time>2026-08-28T23:57:32Z</time>
      </trkpt>
      <trkpt lat="23.065003" lon="113.271337">
        <time>2026-08-28T23:57:37Z</time>
      </trkpt>
      <trkpt lat="23.065068" lon="113.271205">
        <time>2026-08-28T23:57:42Z</time>
      </trkpt>
      <trkpt lat="23.065117" lon="113.271118">
        <time>2026-08-28T23:57:47Z</time>
      </trkpt>
      <trkpt lat="23.065159" lon="113.271026">
        <time>2026-08-28T23:57:52Z</time>
      </trkpt>
      <trkpt lat="23.0652" lon="113.270887">
        <time>2026-08-28T23:57:57Z</time>
      </trkpt>
      <trkpt lat="23.065257" lon="113.270761">
        <time>2026-08-28T23:58:02Z</time>
      </trkpt>
      <trkpt lat="23.065294" lon="113.270678">
        <time>2026-08-28T23:58:07Z</time>
      </trkpt>
      <trkpt lat="23.065329" lon="113.27059">
        <time>2026-08-28T23:58:12Z</time>
      </trkpt>
      <trkpt lat="23.065387" lon="113.270458">
        <time>2026-08-28T23:58:17Z</time>
      </trkpt>
      <trkpt lat="23.065447" lon="113.270332">
        <time>2026-08-28T23:58:22Z</time>
      </trkpt>
      <trkpt lat="23.065485" lon="113.270248">
        <time>2026-08-28T23:58:27Z</time>
      </trkpt>
      <trkpt lat="23.065522" lon="113.270161">
        <time>2026-08-28T23:58:32Z</time>
      </trkpt>
      <trkpt lat="23.065571" lon="113.270028">
        <time>2026-08-28T23:58:37Z</time>
      </trkpt>
      <trkpt lat="23.065615" lon="113.269897">
        <time>2026-08-28T23:58:42Z</time>
      </trkpt>
      <trkpt lat="23.065641" lon="113.269809">
        <time>2026-08-28T23:58:47Z</time>
      </trkpt>
      <trkpt lat="23.065666" lon="113.269721">
        <time>2026-08-28T23:58:52Z</time>
      </trkpt>
      <trkpt lat="23.065696" lon="113.269585">
        <time>2026-08-28T23:58:57Z</time>
      </trkpt>
      <trkpt lat="23.065734" lon="113.269447">
        <time>2026-08-28T23:59:02Z</time>
      </trkpt>
      <trkpt lat="23.065762" lon="113.26935">
        <time>2026-08-28T23:59:07Z</time>
      </trkpt>
      <trkpt lat="23.065788" lon="113.269253">
        <time>2026-08-28T23:59:12Z</time>
      </trkpt>
      <trkpt lat="23.065834" lon="113.269109">
        <time>2026-08-28T23:59:17Z</time>
      </trkpt>
      <trkpt lat="23.065886" lon="113.268965">
        <time>2026-08-28T23:59:22Z</time>
      </trkpt>
      <trkpt lat="23.065926" lon="113.268882">
        <time>2026-08-28T23:59:27Z</time>
      </trkpt>
      <trkpt lat="23.065967" lon="113.2688">
        <time>2026-08-28T23:59:32Z</time>
      </trkpt>
      <trkpt lat="23.066027" lon="113.268677">
        <time>2026-08-28T23:59:37Z</time>
      </trkpt>
      <trkpt lat="23.066094" lon="113.268551">
        <time>2026-08-28T23:59:42Z</time>
      </trkpt>
      <trkpt lat="23.066146" lon="113.26847">
        <time>2026-08-28T23:59:47Z</time>
      </trkpt>
      <trkpt lat="23.066199" lon="113.268393">
        <time>2026-08-28T23:59:52Z</time>
      </trkpt>
      <trkpt lat="23.066284" lon="113.268274">
        <time>2026-08-28T23:59:57Z</time>
      </trkpt>
      <trkpt lat="23.066391" lon="113.268177">
        <time>2026-08-29T00:00:02Z</time>
      </trkpt>
      <trkpt lat="23.066481" lon="113.268146">
        <time>2026-08-29T00:00:07Z</time>
      </trkpt>
      <trkpt lat="23.066569" lon="113.268142">
        <time>2026-08-29T00:00:12Z</time>
      </trkpt>
      <trkpt lat="23.066697" lon="113.268154">
        <time>2026-08-29T00:00:17Z</time>
      </trkpt>
      <trkpt lat="23.066787" lon="113.2681">
        <time>2026-08-29T00:00:22Z</time>
      </trkpt>
      <trkpt lat="23.066718" lon="113.268037">
        <time>2026-08-29T00:00:27Z</time>
      </trkpt>
      <trkpt lat="23.066617" lon="113.267999">
        <time>2026-08-29T00:00:32Z</time>
      </trkpt>
      <trkpt lat="23.066471" lon="113.267955">
        <time>2026-08-29T00:00:37Z</time>
      </trkpt>
      <trkpt lat="23.066337" lon="113.267957">
        <time>2026-08-29T00:00:42Z</time>
      </trkpt>
      <trkpt lat="23.066254" lon="113.267974">
        <time>2026-08-29T00:00:47Z</time>
      </trkpt>
      <trkpt lat="23.066183" lon="113.268028">
        <time>2026-08-29T00:00:52Z</time>
      </trkpt>
      <trkpt lat="23.06609" lon="113.26814">
        <time>2026-08-29T00:00:57Z</time>
      </trkpt>
      <trkpt lat="23.066002" lon="113.268249">
        <time>2026-08-29T00:01:02Z</time>
      </trkpt>
      <trkpt lat="23.065947" lon="113.268328">
        <time>2026-08-29T00:01:07Z</time>
      </trkpt>
      <trkpt lat="23.065886" lon="113.268412">
        <time>2026-08-29T00:01:12Z</time>
      </trkpt>
      <trkpt lat="23.065814" lon="113.268546">
        <time>2026-08-29T00:01:17Z</time>
      </trkpt>
      <trkpt lat="23.065751" lon="113.26868">
        <time>2026-08-29T00:01:22Z</time>
      </trkpt>
      <trkpt lat="23.065707" lon="113.268772">
        <time>2026-08-29T00:01:27Z</time>
      </trkpt>
      <trkpt lat="23.065667" lon="113.268863">
        <time>2026-08-29T00:01:32Z</time>
      </trkpt>
      <trkpt lat="23.065617" lon="113.268997">
        <time>2026-08-29T00:01:37Z</time>
      </trkpt>
      <trkpt lat="23.065575" lon="113.269139">
        <time>2026-08-29T00:01:42Z</time>
      </trkpt>
      <trkpt lat="23.065549" lon="113.269236">
        <time>2026-08-29T00:01:47Z</time>
      </trkpt>
      <trkpt lat="23.065523" lon="113.269332">
        <time>2026-08-29T00:01:52Z</time>
      </trkpt>
      <trkpt lat="23.065485" lon="113.269478">
        <time>2026-08-29T00:01:57Z</time>
      </trkpt>
      <trkpt lat="23.065448" lon="113.269617">
        <time>2026-08-29T00:02:02Z</time>
      </trkpt>
      <trkpt lat="23.065431" lon="113.26971">
        <time>2026-08-29T00:02:07Z</time>
      </trkpt>
      <trkpt lat="23.065409" lon="113.269802">
        <time>2026-08-29T00:02:12Z</time>
      </trkpt>
      <trkpt lat="23.065358" lon="113.269936">
        <time>2026-08-29T00:02:17Z</time>
      </trkpt>
      <trkpt lat="23.065309" lon="113.270067">
        <time>2026-08-29T00:02:22Z</time>
      </trkpt>
      <trkpt lat="23.065276" lon="113.270153">
        <time>2026-08-29T00:02:27Z</time>
      </trkpt>
      <trkpt lat="23.065239" lon="113.270239">
        <time>2026-08-29T00:02:32Z</time>
      </trkpt>
      <trkpt lat="23.065177" lon="113.270371">
        <time>2026-08-29T00:02:37Z</time>
      </trkpt>
      <trkpt lat="23.065116" lon="113.270499">
        <time>2026-08-29T00:02:42Z</time>
      </trkpt>
      <trkpt lat="23.065077" lon="113.270586">
        <time>2026-08-29T00:02:47Z</time>
      </trkpt>
      <trkpt lat="23.065037" lon="113.270678">
        <time>2026-08-29T00:02:52Z</time>
      </trkpt>
      <trkpt lat="23.064975" lon="113.270812">
        <time>2026-08-29T00:02:57Z</time>
      </trkpt>
      <trkpt lat="23.064913" lon="113.270944">
        <time>2026-08-29T00:03:02Z</time>
      </trkpt>
      <trkpt lat="23.064874" lon="113.271032">
        <time>2026-08-29T00:03:07Z</time>
      </trkpt>
      <trkpt lat="23.064839" lon="113.271116">
        <time>2026-08-29T00:03:12Z</time>
      </trkpt>
      <trkpt lat="23.06478" lon="113.271244">
        <time>2026-08-29T00:03:17Z</time>
      </trkpt>
      <trkpt lat="23.064717" lon="113.271379">
        <time>2026-08-29T00:03:22Z</time>
      </trkpt>
      <trkpt lat="23.064676" lon="113.271468">
        <time>2026-08-29T00:03:27Z</time>
      </trkpt>
      <trkpt lat="23.064635" lon="113.271554">
        <time>2026-08-29T00:03:32Z</time>
      </trkpt>
      <trkpt lat="23.064567" lon="113.271683">
        <time>2026-08-29T00:03:37Z</time>
      </trkpt>
      <trkpt lat="23.064504" lon="113.271814">
        <time>2026-08-29T00:03:42Z</time>
      </trkpt>
      <trkpt lat="23.064463" lon="113.271902">
        <time>2026-08-29T00:03:47Z</time>
      </trkpt>
      <trkpt lat="23.064426" lon="113.271991">
        <time>2026-08-29T00:03:52Z</time>
      </trkpt>
      <trkpt lat="23.06436" lon="113.272115">
        <time>2026-08-29T00:03:57Z</time>
      </trkpt>
      <trkpt lat="23.064299" lon="113.272244">
        <time>2026-08-29T00:04:02Z</time>
      </trkpt>
      <trkpt lat="23.064292" lon="113.272345">
        <time>2026-08-29T00:04:07Z</time>
      </trkpt>
      <trkpt lat="23.064288" lon="113.272443">
        <time>2026-08-29T00:04:12Z</time>
      </trkpt>
      <trkpt lat="23.064285" lon="113.272582">
        <time>2026-08-29T00:04:17Z</time>
      </trkpt>
      <trkpt lat="23.064311" lon="113.272715">
        <time>2026-08-29T00:04:22Z</time>
      </trkpt>
      <trkpt lat="23.064338" lon="113.272804">
        <time>2026-08-29T00:04:27Z</time>
      </trkpt>
      <trkpt lat="23.064371" lon="113.272895">
        <time>2026-08-29T00:04:32Z</time>
      </trkpt>
      <trkpt lat="23.064416" lon="113.273038">
        <time>2026-08-29T00:04:37Z</time>
      </trkpt>
      <trkpt lat="23.064437" lon="113.273189">
        <time>2026-08-29T00:04:42Z</time>
      </trkpt>
      <trkpt lat="23.064409" lon="113.273285">
        <time>2026-08-29T00:04:47Z</time>
      </trkpt>
      <trkpt lat="23.064345" lon="113.273355">
        <time>2026-08-29T00:04:52Z</time>
      </trkpt>
      <trkpt lat="23.06422" lon="113.273441">
        <time>2026-08-29T00:04:57Z</time>
      </trkpt>
      <trkpt lat="23.064101" lon="113.273538">
        <time>2026-08-29T00:05:02Z</time>
      </trkpt>
      <trkpt lat="23.064027" lon="113.273601">
        <time>2026-08-29T00:05:07Z</time>
      </trkpt>
      <trkpt lat="23.063956" lon="113.273672">
        <time>2026-08-29T00:05:12Z</time>
      </trkpt>
      <trkpt lat="23.063864" lon="113.273782">
        <time>2026-08-29T00:05:17Z</time>
      </trkpt>
      <trkpt lat="23.063794" lon="113.273908">
        <time>2026-08-29T00:05:22Z</time>
      </trkpt>
      <trkpt lat="23.063747" lon="113.273993">
        <time>2026-08-29T00:05:27Z</time>
      </trkpt>
      <trkpt lat="23.063692" lon="113.274067">
        <time>2026-08-29T00:05:32Z</time>
      </trkpt>
      <trkpt lat="23.063573" lon="113.274128">
        <time>2026-08-29T00:05:37Z</time>
      </trkpt>
      <trkpt lat="23.063454" lon="113.274101">
        <time>2026-08-29T00:05:42Z</time>
      </trkpt>
      <trkpt lat="23.063384" lon="113.27415">
        <time>2026-08-29T00:05:47Z</time>
      </trkpt>
      <trkpt lat="23.063339" lon="113.274255">
        <time>2026-08-29T00:05:52Z</time>
      </trkpt>
      <trkpt lat="23.063281" lon="113.274407">
        <time>2026-08-29T00:05:57Z</time>
      </trkpt>
      <trkpt lat="23.063237" lon="113.274543">
        <time>2026-08-29T00:06:02Z</time>
      </trkpt>
      <trkpt lat="23.063209" lon="113.274631">
        <time>2026-08-29T00:06:07Z</time>
      </trkpt>
      <trkpt lat="23.063182" lon="113.27472">
        <time>2026-08-29T00:06:12Z</time>
      </trkpt>
      <trkpt lat="23.06313" lon="113.274856">
        <time>2026-08-29T00:06:17Z</time>
      </trkpt>
      <trkpt lat="23.06308" lon="113.275003">
        <time>2026-08-29T00:06:22Z</time>
      </trkpt>
      <trkpt lat="23.063054" lon="113.275103">
        <time>2026-08-29T00:06:27Z</time>
      </trkpt>
      <trkpt lat="23.063006" lon="113.275178">
        <time>2026-08-29T00:06:32Z</time>
      </trkpt>
      <trkpt lat="23.062902" lon="113.275263">
        <time>2026-08-29T00:06:37Z</time>
      </trkpt>
      <trkpt lat="23.062904" lon="113.275411">
        <time>2026-08-29T00:06:42Z</time>
      </trkpt>
      <trkpt lat="23.062915" lon="113.275507">
        <time>2026-08-29T00:06:47Z</time>
      </trkpt>
      <trkpt lat="23.062874" lon="113.275591">
        <time>2026-08-29T00:06:52Z</time>
      </trkpt>
      <trkpt lat="23.062771" lon="113.275692">
        <time>2026-08-29T00:06:57Z</time>
      </trkpt>
      <trkpt lat="23.062668" lon="113.275796">
        <time>2026-08-29T00:07:02Z</time>
      </trkpt>
      <trkpt lat="23.062606" lon="113.275871">
        <time>2026-08-29T00:07:07Z</time>
      </trkpt>
      <trkpt lat="23.062546" lon="113.275948">
        <time>2026-08-29T00:07:12Z</time>
      </trkpt>
      <trkpt lat="23.062463" lon="113.276067">
        <time>2026-08-29T00:07:17Z</time>
      </trkpt>
      <trkpt lat="23.06237" lon="113.276177">
        <time>2026-08-29T00:07:22Z</time>
      </trkpt>
      <trkpt lat="23.062332" lon="113.276265">
        <time>2026-08-29T00:07:27Z</time>
      </trkpt>
      <trkpt lat="23.062303" lon="113.276356">
        <time>2026-08-29T00:07:32Z</time>
      </trkpt>
      <trkpt lat="23.062252" lon="113.27649">
        <time>2026-08-29T00:07:37Z</time>
      </trkpt>
      <trkpt lat="23.062206" lon="113.276622">
        <time>2026-08-29T00:07:42Z</time>
      </trkpt>
      <trkpt lat="23.062178" lon="113.276709">
        <time>2026-08-29T00:07:47Z</time>
      </trkpt>
      <trkpt lat="23.062143" lon="113.276797">
        <time>2026-08-29T00:07:52Z</time>
      </trkpt>
      <trkpt lat="23.062093" lon="113.276934">
        <time>2026-08-29T00:07:57Z</time>
      </trkpt>
      <trkpt lat="23.062051" lon="113.277075">
        <time>2026-08-29T00:08:02Z</time>
      </trkpt>
      <trkpt lat="23.06202" lon="113.277173">
        <time>2026-08-29T00:08:07Z</time>
      </trkpt>
      <trkpt lat="23.061984" lon="113.277273">
        <time>2026-08-29T00:08:12Z</time>
      </trkpt>
      <trkpt lat="23.061935" lon="113.277428">
        <time>2026-08-29T00:08:17Z</time>
      </trkpt>
      <trkpt lat="23.061882" lon="113.277568">
        <time>2026-08-29T00:08:22Z</time>
      </trkpt>
      <trkpt lat="23.061849" lon="113.277661">
        <time>2026-08-29T00:08:27Z</time>
      </trkpt>
      <trkpt lat="23.061825" lon="113.27776">
        <time>2026-08-29T00:08:32Z</time>
      </trkpt>
      <trkpt lat="23.061809" lon="113.277911">
        <time>2026-08-29T00:08:37Z</time>
      </trkpt>
      <trkpt lat="23.061817" lon="113.278061">
        <time>2026-08-29T00:08:42Z</time>
      </trkpt>
      <trkpt lat="23.061825" lon="113.278161">
        <time>2026-08-29T00:08:47Z</time>
      </trkpt>
      <trkpt lat="23.06183" lon="113.278261">
        <time>2026-08-29T00:08:52Z</time>
      </trkpt>
      <trkpt lat="23.061833" lon="113.278409">
        <time>2026-08-29T00:08:57Z</time>
      </trkpt>
      <trkpt lat="23.061843" lon="113.278562">
        <time>2026-08-29T00:09:02Z</time>
      </trkpt>
      <trkpt lat="23.061842" lon="113.278659">
        <time>2026-08-29T00:09:07Z</time>
      </trkpt>
      <trkpt lat="23.061822" lon="113.278742">
        <time>2026-08-29T00:09:12Z</time>
      </trkpt>
      <trkpt lat="23.061721" lon="113.278786">
        <time>2026-08-29T00:09:17Z</time>
      </trkpt>
      <trkpt lat="23.061661" lon="113.278925">
        <time>2026-08-29T00:09:22Z</time>
      </trkpt>
      <trkpt lat="23.061627" lon="113.279023">
        <time>2026-08-29T00:09:27Z</time>
      </trkpt>
      <trkpt lat="23.061586" lon="113.279108">
        <time>2026-08-29T00:09:32Z</time>
      </trkpt>
      <trkpt lat="23.061553" lon="113.279193">
        <time>2026-08-29T00:09:37Z</time>
      </trkpt>
      <trkpt lat="23.06159" lon="113.279176">
        <time>2026-08-29T00:09:42Z</time>
      </trkpt>
      <trkpt lat="23.061579" lon="113.27915">
        <time>2026-08-29T00:09:47Z</time>
      </trkpt>
      <trkpt lat="23.061561" lon="113.279172">
        <time>2026-08-29T00:09:52Z</time>
      </trkpt>
      <trkpt lat="23.061533" lon="113.279299">
        <time>2026-08-29T00:09:57Z</time>
      </trkpt>
      <trkpt lat="23.06146" lon="113.279444">
        <time>2026-08-29T00:10:02Z</time>
      </trkpt>
      <trkpt lat="23.061418" lon="113.279538">
        <time>2026-08-29T00:10:07Z</time>
      </trkpt>
      <trkpt lat="23.06138" lon="113.279629">
        <time>2026-08-29T00:10:12Z</time>
      </trkpt>
      <trkpt lat="23.061327" lon="113.279763">
        <time>2026-08-29T00:10:17Z</time>
      </trkpt>
      <trkpt lat="23.061266" lon="113.279894">
        <time>2026-08-29T00:10:22Z</time>
      </trkpt>
      <trkpt lat="23.061231" lon="113.279986">
        <time>2026-08-29T00:10:27Z</time>
      </trkpt>
      <trkpt lat="23.061195" lon="113.280076">
        <time>2026-08-29T00:10:32Z</time>
      </trkpt>
      <trkpt lat="23.061139" lon="113.280212">
        <time>2026-08-29T00:10:37Z</time>
      </trkpt>
      <trkpt lat="23.061089" lon="113.280348">
        <time>2026-08-29T00:10:42Z</time>
      </trkpt>
      <trkpt lat="23.061053" lon="113.280439">
        <time>2026-08-29T00:10:47Z</time>
      </trkpt>
      <trkpt lat="23.061017" lon="113.280527">
        <time>2026-08-29T00:10:52Z</time>
      </trkpt>
      <trkpt lat="23.060957" lon="113.280656">
        <time>2026-08-29T00:10:57Z</time>
      </trkpt>
      <trkpt lat="23.060894" lon="113.280792">
        <time>2026-08-29T00:11:02Z</time>
      </trkpt>
      <trkpt lat="23.060854" lon="113.28088">
        <time>2026-08-29T00:11:07Z</time>
      </trkpt>
      <trkpt lat="23.06082" lon="113.280965">
        <time>2026-08-29T00:11:12Z</time>
      </trkpt>
      <trkpt lat="23.060767" lon="113.281094">
        <time>2026-08-29T00:11:17Z</time>
      </trkpt>
      <trkpt lat="23.060714" lon="113.281221">
        <time>2026-08-29T00:11:22Z</time>
      </trkpt>
      <trkpt lat="23.060679" lon="113.281306">
        <time>2026-08-29T00:11:27Z</time>
      </trkpt>
      <trkpt lat="23.060643" lon="113.281392">
        <time>2026-08-29T00:11:32Z</time>
      </trkpt>
      <trkpt lat="23.060587" lon="113.281521">
        <time>2026-08-29T00:11:37Z</time>
      </trkpt>
      <trkpt lat="23.060533" lon="113.281656">
        <time>2026-08-29T00:11:42Z</time>
      </trkpt>
      <trkpt lat="23.060494" lon="113.281743">
        <time>2026-08-29T00:11:47Z</time>
      </trkpt>
      <trkpt lat="23.060454" lon="113.281829">
        <time>2026-08-29T00:11:52Z</time>
      </trkpt>
      <trkpt lat="23.060394" lon="113.28196">
        <time>2026-08-29T00:11:57Z</time>
      </trkpt>
      <trkpt lat="23.060338" lon="113.282096">
        <time>2026-08-29T00:12:02Z</time>
      </trkpt>
      <trkpt lat="23.060302" lon="113.282188">
        <time>2026-08-29T00:12:07Z</time>
      </trkpt>
      <trkpt lat="23.060268" lon="113.282271">
        <time>2026-08-29T00:12:12Z</time>
      </trkpt>
      <trkpt lat="23.060209" lon="113.282391">
        <time>2026-08-29T00:12:17Z</time>
      </trkpt>
      <trkpt lat="23.060143" lon="113.282522">
        <time>2026-08-29T00:12:22Z</time>
      </trkpt>
      <trkpt lat="23.060103" lon="113.282616">
        <time>2026-08-29T00:12:27Z</time>
      </trkpt>
      <trkpt lat="23.060062" lon="113.282714">
        <time>2026-08-29T00:12:32Z</time>
      </trkpt>
      <trkpt lat="23.060007" lon="113.28286">
        <time>2026-08-29T00:12:37Z</time>
      </trkpt>
      <trkpt lat="23.059953" lon="113.282997">
        <time>2026-08-29T00:12:42Z</time>
      </trkpt>
      <trkpt lat="23.05991" lon="113.283098">
        <time>2026-08-29T00:12:47Z</time>
      </trkpt>
      <trkpt lat="23.059868" lon="113.2832">
        <time>2026-08-29T00:12:52Z</time>
      </trkpt>
      <trkpt lat="23.059834" lon="113.28335">
        <time>2026-08-29T00:12:57Z</time>
      </trkpt>
      <trkpt lat="23.059945" lon="113.283347">
        <time>2026-08-29T00:13:02Z</time>
      </trkpt>
      <trkpt lat="23.060011" lon="113.283267">
        <time>2026-08-29T00:13:07Z</time>
      </trkpt>
      <trkpt lat="23.060069" lon="113.283181">
        <time>2026-08-29T00:13:12Z</time>
      </trkpt>
      <trkpt lat="23.060158" lon="113.283055">
        <time>2026-08-29T00:13:17Z</time>
      </trkpt>
      <trkpt lat="23.060238" lon="113.282935">
        <time>2026-08-29T00:13:22Z</time>
      </trkpt>
      <trkpt lat="23.060273" lon="113.28284">
        <time>2026-08-29T00:13:27Z</time>
      </trkpt>
      <trkpt lat="23.060301" lon="113.282741">
        <time>2026-08-29T00:13:32Z</time>
      </trkpt>
      <trkpt lat="23.060343" lon="113.282598">
        <time>2026-08-29T00:13:37Z</time>
      </trkpt>
      <trkpt lat="23.060388" lon="113.282465">
        <time>2026-08-29T00:13:42Z</time>
      </trkpt>
      <trkpt lat="23.060418" lon="113.282373">
        <time>2026-08-29T00:13:47Z</time>
      </trkpt>
      <trkpt lat="23.060449" lon="113.282281">
        <time>2026-08-29T00:13:52Z</time>
      </trkpt>
      <trkpt lat="23.06049" lon="113.282143">
        <time>2026-08-29T00:13:57Z</time>
      </trkpt>
      <trkpt lat="23.060543" lon="113.282005">
        <time>2026-08-29T00:14:02Z</time>
      </trkpt>
      <trkpt lat="23.060578" lon="113.281912">
        <time>2026-08-29T00:14:07Z</time>
      </trkpt>
      <trkpt lat="23.060618" lon="113.281814">
        <time>2026-08-29T00:14:12Z</time>
      </trkpt>
      <trkpt lat="23.060681" lon="113.281682">
        <time>2026-08-29T00:14:17Z</time>
      </trkpt>
      <trkpt lat="23.060726" lon="113.281547">
        <time>2026-08-29T00:14:22Z</time>
      </trkpt>
      <trkpt lat="23.060758" lon="113.281455">
        <time>2026-08-29T00:14:27Z</time>
      </trkpt>
      <trkpt lat="23.0608" lon="113.281364">
        <time>2026-08-29T00:14:32Z</time>
      </trkpt>
      <trkpt lat="23.060857" lon="113.281235">
        <time>2026-08-29T00:14:37Z</time>
      </trkpt>
      <trkpt lat="23.060912" lon="113.281107">
        <time>2026-08-29T00:14:42Z</time>
      </trkpt>
      <trkpt lat="23.060951" lon="113.28102">
        <time>2026-08-29T00:14:47Z</time>
      </trkpt>
      <trkpt lat="23.060988" lon="113.280936">
        <time>2026-08-29T00:14:52Z</time>
      </trkpt>
      <trkpt lat="23.061043" lon="113.280805">
        <time>2026-08-29T00:14:57Z</time>
      </trkpt>
      <trkpt lat="23.061101" lon="113.280663">
        <time>2026-08-29T00:15:02Z</time>
      </trkpt>
      <trkpt lat="23.061141" lon="113.28057">
        <time>2026-08-29T00:15:07Z</time>
      </trkpt>
      <trkpt lat="23.061185" lon="113.280485">
        <time>2026-08-29T00:15:12Z</time>
      </trkpt>
      <trkpt lat="23.061244" lon="113.280355">
        <time>2026-08-29T00:15:17Z</time>
      </trkpt>
      <trkpt lat="23.061306" lon="113.280224">
        <time>2026-08-29T00:15:22Z</time>
      </trkpt>
      <trkpt lat="23.061355" lon="113.280143">
        <time>2026-08-29T00:15:27Z</time>
      </trkpt>
      <trkpt lat="23.061394" lon="113.28006">
        <time>2026-08-29T00:15:32Z</time>
      </trkpt>
      <trkpt lat="23.061445" lon="113.279935">
        <time>2026-08-29T00:15:37Z</time>
      </trkpt>
      <trkpt lat="23.061497" lon="113.279811">
        <time>2026-08-29T00:15:42Z</time>
      </trkpt>
      <trkpt lat="23.061527" lon="113.279728">
        <time>2026-08-29T00:15:47Z</time>
      </trkpt>
      <trkpt lat="23.061557" lon="113.279641">
        <time>2026-08-29T00:15:52Z</time>
      </trkpt>
      <trkpt lat="23.061603" lon="113.279514">
        <time>2026-08-29T00:15:57Z</time>
      </trkpt>
      <trkpt lat="23.061654" lon="113.279383">
        <time>2026-08-29T00:16:02Z</time>
      </trkpt>
      <trkpt lat="23.061694" lon="113.279296">
        <time>2026-08-29T00:16:07Z</time>
      </trkpt>
      <trkpt lat="23.061735" lon="113.279203">
        <time>2026-08-29T00:16:12Z</time>
      </trkpt>
      <trkpt lat="23.061803" lon="113.279075">
        <time>2026-08-29T00:16:17Z</time>
      </trkpt>
      <trkpt lat="23.061885" lon="113.278962">
        <time>2026-08-29T00:16:22Z</time>
      </trkpt>
      <trkpt lat="23.061936" lon="113.278885">
        <time>2026-08-29T00:16:27Z</time>
      </trkpt>
      <trkpt lat="23.061968" lon="113.278797">
        <time>2026-08-29T00:16:32Z</time>
      </trkpt>
      <trkpt lat="23.061977" lon="113.278648">
        <time>2026-08-29T00:16:37Z</time>
      </trkpt>
      <trkpt lat="23.061965" lon="113.2785">
        <time>2026-08-29T00:16:42Z</time>
      </trkpt>
      <trkpt lat="23.061956" lon="113.278401">
        <time>2026-08-29T00:16:47Z</time>
      </trkpt>
      <trkpt lat="23.061948" lon="113.278301">
        <time>2026-08-29T00:16:52Z</time>
      </trkpt>
      <trkpt lat="23.06194" lon="113.278145">
        <time>2026-08-29T00:16:57Z</time>
      </trkpt>
      <trkpt lat="23.061936" lon="113.277994">
        <time>2026-08-29T00:17:02Z</time>
      </trkpt>
      <trkpt lat="23.061932" lon="113.277894">
        <time>2026-08-29T00:17:07Z</time>
      </trkpt>
      <trkpt lat="23.061939" lon="113.277792">
        <time>2026-08-29T00:17:12Z</time>
      </trkpt>
      <trkpt lat="23.061976" lon="113.277649">
        <time>2026-08-29T00:17:17Z</time>
      </trkpt>
      <trkpt lat="23.062031" lon="113.277513">
        <time>2026-08-29T00:17:22Z</time>
      </trkpt>
      <trkpt lat="23.06207" lon="113.277423">
        <time>2026-08-29T00:17:27Z</time>
      </trkpt>
      <trkpt lat="23.062105" lon="113.277336">
        <time>2026-08-29T00:17:32Z</time>
      </trkpt>
      <trkpt lat="23.062154" lon="113.277208">
        <time>2026-08-29T00:17:37Z</time>
      </trkpt>
      <trkpt lat="23.062198" lon="113.277077">
        <time>2026-08-29T00:17:42Z</time>
      </trkpt>
      <trkpt lat="23.062229" lon="113.276993">
        <time>2026-08-29T00:17:47Z</time>
      </trkpt>
      <trkpt lat="23.062263" lon="113.276906">
        <time>2026-08-29T00:17:52Z</time>
      </trkpt>
      <trkpt lat="23.062316" lon="113.276772">
        <time>2026-08-29T00:17:57Z</time>
      </trkpt>
      <trkpt lat="23.062371" lon="113.276639">
        <time>2026-08-29T00:18:02Z</time>
      </trkpt>
      <trkpt lat="23.062404" lon="113.276545">
        <time>2026-08-29T00:18:07Z</time>
      </trkpt>
      <trkpt lat="23.062435" lon="113.276457">
        <time>2026-08-29T00:18:12Z</time>
      </trkpt>
      <trkpt lat="23.06248" lon="113.276328">
        <time>2026-08-29T00:18:17Z</time>
      </trkpt>
      <trkpt lat="23.062538" lon="113.276199">
        <time>2026-08-29T00:18:22Z</time>
      </trkpt>
      <trkpt lat="23.062581" lon="113.276115">
        <time>2026-08-29T00:18:27Z</time>
      </trkpt>
      <trkpt lat="23.062626" lon="113.276036">
        <time>2026-08-29T00:18:32Z</time>
      </trkpt>
      <trkpt lat="23.062706" lon="113.275928">
        <time>2026-08-29T00:18:37Z</time>
      </trkpt>
      <trkpt lat="23.062789" lon="113.275827">
        <time>2026-08-29T00:18:42Z</time>
      </trkpt>
      <trkpt lat="23.06285" lon="113.275765">
        <time>2026-08-29T00:18:47Z</time>
      </trkpt>
      <trkpt lat="23.062915" lon="113.275703">
        <time>2026-08-29T00:18:52Z</time>
      </trkpt>
      <trkpt lat="23.063014" lon="113.275603">
        <time>2026-08-29T00:18:57Z</time>
      </trkpt>
      <trkpt lat="23.063094" lon="113.275488">
        <time>2026-08-29T00:19:02Z</time>
      </trkpt>
      <trkpt lat="23.063135" lon="113.275405">
        <time>2026-08-29T00:19:07Z</time>
      </trkpt>
      <trkpt lat="23.063183" lon="113.275322">
        <time>2026-08-29T00:19:12Z</time>
      </trkpt>
      <trkpt lat="23.063264" lon="113.275198">
        <time>2026-08-29T00:19:17Z</time>
      </trkpt>
      <trkpt lat="23.063354" lon="113.2751">
        <time>2026-08-29T00:19:22Z</time>
      </trkpt>
      <trkpt lat="23.063401" lon="113.275026">
        <time>2026-08-29T00:19:27Z</time>
      </trkpt>
      <trkpt lat="23.063426" lon="113.274942">
        <time>2026-08-29T00:19:32Z</time>
      </trkpt>
      <trkpt lat="23.063452" lon="113.27482">
        <time>2026-08-29T00:19:37Z</time>
      </trkpt>
      <trkpt lat="23.063495" lon="113.274699">
        <time>2026-08-29T00:19:42Z</time>
      </trkpt>
      <trkpt lat="23.063523" lon="113.274608">
        <time>2026-08-29T00:19:47Z</time>
      </trkpt>
      <trkpt lat="23.063538" lon="113.274517">
        <time>2026-08-29T00:19:52Z</time>
      </trkpt>
      <trkpt lat="23.063576" lon="113.274396">
        <time>2026-08-29T00:19:57Z</time>
      </trkpt>
      <trkpt lat="23.063651" lon="113.274286">
        <time>2026-08-29T00:20:02Z</time>
      </trkpt>
      <trkpt lat="23.06372" lon="113.274209">
        <time>2026-08-29T00:20:07Z</time>
      </trkpt>
      <trkpt lat="23.063795" lon="113.274142">
        <time>2026-08-29T00:20:12Z</time>
      </trkpt>
      <trkpt lat="23.063883" lon="113.274039">
        <time>2026-08-29T00:20:17Z</time>
      </trkpt>
      <trkpt lat="23.063953" lon="113.273917">
        <time>2026-08-29T00:20:22Z</time>
      </trkpt>
      <trkpt lat="23.064" lon="113.273835">
        <time>2026-08-29T00:20:27Z</time>
      </trkpt>
      <trkpt lat="23.064058" lon="113.273758">
        <time>2026-08-29T00:20:32Z</time>
      </trkpt>
      <trkpt lat="23.064173" lon="113.27367">
        <time>2026-08-29T00:20:37Z</time>
      </trkpt>
      <trkpt lat="23.064279" lon="113.273585">
        <time>2026-08-29T00:20:42Z</time>
      </trkpt>
      <trkpt lat="23.064349" lon="113.273529">
        <time>2026-08-29T00:20:47Z</time>
      </trkpt>
      <trkpt lat="23.064424" lon="113.27347">
        <time>2026-08-29T00:20:52Z</time>
      </trkpt>
      <trkpt lat="23.064526" lon="113.273372">
        <time>2026-08-29T00:20:57Z</time>
      </trkpt>
      <trkpt lat="23.064595" lon="113.27325">
        <time>2026-08-29T00:21:02Z</time>
      </trkpt>
      <trkpt lat="23.0646" lon="113.273151">
        <time>2026-08-29T00:21:07Z</time>
      </trkpt>
      <trkpt lat="23.064576" lon="113.273051">
        <time>2026-08-29T00:21:12Z</time>
      </trkpt>
      <trkpt lat="23.064521" lon="113.272903">
        <time>2026-08-29T00:21:17Z</time>
      </trkpt>
      <trkpt lat="23.064473" lon="113.272753">
        <time>2026-08-29T00:21:22Z</time>
      </trkpt>
      <trkpt lat="23.064453" lon="113.272653">
        <time>2026-08-29T00:21:27Z</time>
      </trkpt>
      <trkpt lat="23.064465" lon="113.272557">
        <time>2026-08-29T00:21:32Z</time>
      </trkpt>
      <trkpt lat="23.064565" lon="113.272468">
        <time>2026-08-29T00:21:37Z</time>
      </trkpt>
      <trkpt lat="23.064707" lon="113.272513">
        <time>2026-08-29T00:21:42Z</time>
      </trkpt>
      <trkpt lat="23.064795" lon="113.27255">
        <time>2026-08-29T00:21:47Z</time>
      </trkpt>
      <trkpt lat="23.064879" lon="113.27258">
        <time>2026-08-29T00:21:52Z</time>
      </trkpt>
      <trkpt lat="23.06501" lon="113.272623">
        <time>2026-08-29T00:21:57Z</time>
      </trkpt>
      <trkpt lat="23.065136" lon="113.272658">
        <time>2026-08-29T00:22:02Z</time>
      </trkpt>
      <trkpt lat="23.065218" lon="113.272679">
        <time>2026-08-29T00:22:07Z</time>
      </trkpt>
      <trkpt lat="23.065301" lon="113.272702">
        <time>2026-08-29T00:22:12Z</time>
      </trkpt>
      <trkpt lat="23.065419" lon="113.272733">
        <time>2026-08-29T00:22:17Z</time>
      </trkpt>
      <trkpt lat="23.065543" lon="113.272766">
        <time>2026-08-29T00:22:22Z</time>
      </trkpt>
      <trkpt lat="23.065633" lon="113.272794">
        <time>2026-08-29T00:22:27Z</time>
      </trkpt>
      <trkpt lat="23.065721" lon="113.272822">
        <time>2026-08-29T00:22:32Z</time>
      </trkpt>
      <trkpt lat="23.065855" lon="113.272852">
        <time>2026-08-29T00:22:37Z</time>
      </trkpt>
      <trkpt lat="23.06599" lon="113.272856">
        <time>2026-08-29T00:22:42Z</time>
      </trkpt>
      <trkpt lat="23.066079" lon="113.27284">
        <time>2026-08-29T00:22:47Z</time>
      </trkpt>
      <trkpt lat="23.066167" lon="113.272821">
        <time>2026-08-29T00:22:52Z</time>
      </trkpt>
      <trkpt lat="23.066292" lon="113.272793">
        <time>2026-08-29T00:22:57Z</time>
      </trkpt>
      <trkpt lat="23.066412" lon="113.272739">
        <time>2026-08-29T00:23:02Z</time>
      </trkpt>
      <trkpt lat="23.066494" lon="113.272732">
        <time>2026-08-29T00:23:07Z</time>
      </trkpt>
      <trkpt lat="23.066583" lon="113.272755">
        <time>2026-08-29T00:23:12Z</time>
      </trkpt>
      <trkpt lat="23.066719" lon="113.272771">
        <time>2026-08-29T00:23:17Z</time>
      </trkpt>
      <trkpt lat="23.066849" lon="113.272731">
        <time>2026-08-29T00:23:22Z</time>
      </trkpt>
      <trkpt lat="23.066919" lon="113.272677">
        <time>2026-08-29T00:23:27Z</time>
      </trkpt>
      <trkpt lat="23.066986" lon="113.272618">
        <time>2026-08-29T00:23:32Z</time>
      </trkpt>
      <trkpt lat="23.067082" lon="113.272538">
        <time>2026-08-29T00:23:37Z</time>
      </trkpt>
      <trkpt lat="23.067174" lon="113.27245">
        <time>2026-08-29T00:23:42Z</time>
      </trkpt>
      <trkpt lat="23.067239" lon="113.272394">
        <time>2026-08-29T00:23:47Z</time>
      </trkpt>
      <trkpt lat="23.067295" lon="113.272333">
        <time>2026-08-29T00:23:52Z</time>
      </trkpt>
      <trkpt lat="23.067388" lon="113.272243">
        <time>2026-08-29T00:23:57Z</time>
      </trkpt>
      <trkpt lat="23.067502" lon="113.272164">
        <time>2026-08-29T00:24:02Z</time>
      </trkpt>
      <trkpt lat="23.067579" lon="113.272119">
        <time>2026-08-29T00:24:07Z</time>
      </trkpt>
      <trkpt lat="23.067645" lon="113.272066">
        <time>2026-08-29T00:24:12Z</time>
      </trkpt>
      <trkpt lat="23.067746" lon="113.271982">
        <time>2026-08-29T00:24:17Z</time>
      </trkpt>
      <trkpt lat="23.06775" lon="113.271923">
        <time>2026-08-29T00:24:22Z</time>
      </trkpt>
      <trkpt lat="23.067671" lon="113.271965">
        <time>2026-08-29T00:24:27Z</time>
      </trkpt>
      <trkpt lat="23.067588" lon="113.272021">
        <time>2026-08-29T00:24:32Z</time>
      </trkpt>
      <trkpt lat="23.06746" lon="113.27209">
        <time>2026-08-29T00:24:37Z</time>
      </trkpt>
      <trkpt lat="23.067344" lon="113.272169">
        <time>2026-08-29T00:24:42Z</time>
      </trkpt>
      <trkpt lat="23.067274" lon="113.272228">
        <time>2026-08-29T00:24:47Z</time>
      </trkpt>
      <trkpt lat="23.067204" lon="113.272281">
        <time>2026-08-29T00:24:52Z</time>
      </trkpt>
      <trkpt lat="23.067083" lon="113.272338">
        <time>2026-08-29T00:24:57Z</time>
      </trkpt>
      <trkpt lat="23.066986" lon="113.272417">
        <time>2026-08-29T00:25:02Z</time>
      </trkpt>
      <trkpt lat="23.066911" lon="113.27247">
        <time>2026-08-29T00:25:07Z</time>
      </trkpt>
      <trkpt lat="23.066839" lon="113.272536">
        <time>2026-08-29T00:25:12Z</time>
      </trkpt>
      <trkpt lat="23.066731" lon="113.27262">
        <time>2026-08-29T00:25:17Z</time>
      </trkpt>
      <trkpt lat="23.066617" lon="113.272653">
        <time>2026-08-29T00:25:22Z</time>
      </trkpt>
      <trkpt lat="23.066545" lon="113.272665">
        <time>2026-08-29T00:25:27Z</time>
      </trkpt>
      <trkpt lat="23.066481" lon="113.272625">
        <time>2026-08-29T00:25:32Z</time>
      </trkpt>
      <trkpt lat="23.066418" lon="113.272499">
        <time>2026-08-29T00:25:37Z</time>
      </trkpt>
      <trkpt lat="23.066408" lon="113.272353">
        <time>2026-08-29T00:25:42Z</time>
      </trkpt>
      <trkpt lat="23.066415" lon="113.272257">
        <time>2026-08-29T00:25:47Z</time>
      </trkpt>
      <trkpt lat="23.066421" lon="113.272163">
        <time>2026-08-29T00:25:52Z</time>
      </trkpt>
      <trkpt lat="23.066425" lon="113.272022">
        <time>2026-08-29T00:25:57Z</time>
      </trkpt>
      <trkpt lat="23.066432" lon="113.271882">
        <time>2026-08-29T00:26:02Z</time>
      </trkpt>
      <trkpt lat="23.066429" lon="113.271793">
        <time>2026-08-29T00:26:07Z</time>
      </trkpt>
      <trkpt lat="23.066438" lon="113.271709">
        <time>2026-08-29T00:26:12Z</time>
      </trkpt>
      <trkpt lat="23.066462" lon="113.271577">
        <time>2026-08-29T00:26:17Z</time>
      </trkpt>
      <trkpt lat="23.066396" lon="113.271458">
        <time>2026-08-29T00:26:22Z</time>
      </trkpt>
      <trkpt lat="23.066306" lon="113.271417">
        <time>2026-08-29T00:26:27Z</time>
      </trkpt>
      <trkpt lat="23.066223" lon="113.27138">
        <time>2026-08-29T00:26:32Z</time>
      </trkpt>
      <trkpt lat="23.066107" lon="113.271307">
        <time>2026-08-29T00:26:37Z</time>
      </trkpt>
      <trkpt lat="23.065953" lon="113.271273">
        <time>2026-08-29T00:26:42Z</time>
      </trkpt>
      <trkpt lat="23.06585" lon="113.271268">
        <time>2026-08-29T00:26:47Z</time>
      </trkpt>
      <trkpt lat="23.065755" lon="113.271265">
        <time>2026-08-29T00:26:52Z</time>
      </trkpt>
      <trkpt lat="23.065621" lon="113.271235">
        <time>2026-08-29T00:26:57Z</time>
      </trkpt>
      <trkpt lat="23.065485" lon="113.271195">
        <time>2026-08-29T00:27:02Z</time>
      </trkpt>
      <trkpt lat="23.065398" lon="113.271164">
        <time>2026-08-29T00:27:07Z</time>
      </trkpt>
      <trkpt lat="23.065318" lon="113.271138">
        <time>2026-08-29T00:27:12Z</time>
      </trkpt>
      <trkpt lat="23.06522" lon="113.271054">
        <time>2026-08-29T00:27:17Z</time>
      </trkpt>
      <trkpt lat="23.065253" lon="113.27091">
        <time>2026-08-29T00:27:22Z</time>
      </trkpt>
      <trkpt lat="23.065289" lon="113.270822">
        <time>2026-08-29T00:27:27Z</time>
      </trkpt>
      <trkpt lat="23.065311" lon="113.270732">
        <time>2026-08-29T00:27:32Z</time>
      </trkpt>
      <trkpt lat="23.065354" lon="113.270599">
        <time>2026-08-29T00:27:37Z</time>
      </trkpt>
      <trkpt lat="23.065413" lon="113.270475">
        <time>2026-08-29T00:27:42Z</time>
      </trkpt>
      <trkpt lat="23.065455" lon="113.270392">
        <time>2026-08-29T00:27:47Z</time>
      </trkpt>
      <trkpt lat="23.065493" lon="113.270305">
        <time>2026-08-29T00:27:52Z</time>
      </trkpt>
      <trkpt lat="23.065547" lon="113.270175">
        <time>2026-08-29T00:27:57Z</time>
      </trkpt>
      <trkpt lat="23.065594" lon="113.270048">
        <time>2026-08-29T00:28:02Z</time>
      </trkpt>
      <trkpt lat="23.065618" lon="113.269956">
        <time>2026-08-29T00:28:07Z</time>
      </trkpt>
      <trkpt lat="23.065643" lon="113.269866">
        <time>2026-08-29T00:28:12Z</time>
      </trkpt>
      <trkpt lat="23.065675" lon="113.269737">
        <time>2026-08-29T00:28:17Z</time>
      </trkpt>
      <trkpt lat="23.065687" lon="113.269595">
        <time>2026-08-29T00:28:22Z</time>
      </trkpt>
      <trkpt lat="23.065709" lon="113.2695">
        <time>2026-08-29T00:28:27Z</time>
      </trkpt>
      <trkpt lat="23.065736" lon="113.269403">
        <time>2026-08-29T00:28:32Z</time>
      </trkpt>
      <trkpt lat="23.065776" lon="113.269263">
        <time>2026-08-29T00:28:37Z</time>
      </trkpt>
      <trkpt lat="23.065818" lon="113.269128">
        <time>2026-08-29T00:28:42Z</time>
      </trkpt>
      <trkpt lat="23.065853" lon="113.269044">
        <time>2026-08-29T00:28:47Z</time>
      </trkpt>
      <trkpt lat="23.06589" lon="113.268966">
        <time>2026-08-29T00:28:52Z</time>
      </trkpt>
      <trkpt lat="23.065941" lon="113.268847">
        <time>2026-08-29T00:28:57Z</time>
      </trkpt>
      <trkpt lat="23.065998" lon="113.268722">
        <time>2026-08-29T00:29:02Z</time>
      </trkpt>
      <trkpt lat="23.066033" lon="113.268637">
        <time>2026-08-29T00:29:07Z</time>
      </trkpt>
      <trkpt lat="23.066079" lon="113.268557">
        <time>2026-08-29T00:29:12Z</time>
      </trkpt>
      <trkpt lat="23.066158" lon="113.268443">
        <time>2026-08-29T00:29:17Z</time>
      </trkpt>
      <trkpt lat="23.06624" lon="113.268334">
        <time>2026-08-29T00:29:22Z</time>
      </trkpt>
      <trkpt lat="23.066298" lon="113.268262">
        <time>2026-08-29T00:29:27Z</time>
      </trkpt>
      <trkpt lat="23.066367" lon="113.268198">
        <time>2026-08-29T00:29:32Z</time>
      </trkpt>
      <trkpt lat="23.066497" lon="113.268151">
        <time>2026-08-29T00:29:37Z</time>
      </trkpt>
      <trkpt lat="23.06663" lon="113.268171">
        <time>2026-08-29T00:29:42Z</time>
      </trkpt>
      <trkpt lat="23.066719" lon="113.268181">
        <time>2026-08-29T00:29:47Z</time>
      </trkpt>
      <trkpt lat="23.066808" lon="113.268168">
        <time>2026-08-29T00:29:52Z</time>
      </trkpt>
      <trkpt lat="23.066945" lon="113.268172">
        <time>2026-08-29T00:29:57Z</time>
      </trkpt>
      <trkpt lat="23.067072" lon="113.268221">
        <time>2026-08-29T00:30:02Z</time>
      </trkpt>
      <trkpt lat="23.067147" lon="113.268271">
        <time>2026-08-29T00:30:07Z</time>
      </trkpt>
      <trkpt lat="23.067222" lon="113.268303">
        <time>2026-08-29T00:30:12Z</time>
      </trkpt>
      <trkpt lat="23.067329" lon="113.268356">
        <time>2026-08-29T00:30:17Z</time>
      </trkpt>
      <trkpt lat="23.067427" lon="113.268418">
        <time>2026-08-29T00:30:22Z</time>
      </trkpt>
      <trkpt lat="23.067506" lon="113.268461">
        <time>2026-08-29T00:30:27Z</time>
      </trkpt>
      <trkpt lat="23.067588" lon="113.268501">
        <time>2026-08-29T00:30:32Z</time>
      </trkpt>
      <trkpt lat="23.067713" lon="113.26856">
        <time>2026-08-29T00:30:37Z</time>
      </trkpt>
      <trkpt lat="23.067826" lon="113.268621">
        <time>2026-08-29T00:30:42Z</time>
      </trkpt>
      <trkpt lat="23.067894" lon="113.268666">
        <time>2026-08-29T00:30:47Z</time>
      </trkpt>
      <trkpt lat="23.067979" lon="113.268693">
        <time>2026-08-29T00:30:52Z</time>
      </trkpt>
      <trkpt lat="23.068097" lon="113.268741">
        <time>2026-08-29T00:30:57Z</time>
      </trkpt>
      <trkpt lat="23.068206" lon="113.268787">
        <time>2026-08-29T00:31:02Z</time>
      </trkpt>
      <trkpt lat="23.068288" lon="113.268814">
        <time>2026-08-29T00:31:07Z</time>
      </trkpt>
      <trkpt lat="23.06837" lon="113.268835">
        <time>2026-08-29T00:31:12Z</time>
      </trkpt>
      <trkpt lat="23.06849" lon="113.268867">
        <time>2026-08-29T00:31:17Z</time>
      </trkpt>
      <trkpt lat="23.06862" lon="113.268923">
        <time>2026-08-29T00:31:22Z</time>
      </trkpt>
      <trkpt lat="23.068699" lon="113.268974">
        <time>2026-08-29T00:31:27Z</time>
      </trkpt>
      <trkpt lat="23.068773" lon="113.269023">
        <time>2026-08-29T00:31:32Z</time>
      </trkpt>
      <trkpt lat="23.068888" lon="113.269092">
        <time>2026-08-29T00:31:37Z</time>
      </trkpt>
      <trkpt lat="23.069003" lon="113.269141">
        <time>2026-08-29T00:31:42Z</time>
      </trkpt>
      <trkpt lat="23.069081" lon="113.26918">
        <time>2026-08-29T00:31:47Z</time>
      </trkpt>
      <trkpt lat="23.069154" lon="113.269238">
        <time>2026-08-29T00:31:52Z</time>
      </trkpt>
      <trkpt lat="23.069265" lon="113.269331">
        <time>2026-08-29T00:31:57Z</time>
      </trkpt>
      <trkpt lat="23.069387" lon="113.269393">
        <time>2026-08-29T00:32:02Z</time>
      </trkpt>
      <trkpt lat="23.069467" lon="113.269423">
        <time>2026-08-29T00:32:07Z</time>
      </trkpt>
      <trkpt lat="23.069548" lon="113.26945">
        <time>2026-08-29T00:32:12Z</time>
      </trkpt>
      <trkpt lat="23.069677" lon="113.269505">
        <time>2026-08-29T00:32:17Z</time>
      </trkpt>
      <trkpt lat="23.069796" lon="113.269575">
        <time>2026-08-29T00:32:22Z</time>
      </trkpt>
      <trkpt lat="23.069874" lon="113.269624">
        <time>2026-08-29T00:32:27Z</time>
      </trkpt>
      <trkpt lat="23.069952" lon="113.269674">
        <time>2026-08-29T00:32:32Z</time>
      </trkpt>
      <trkpt lat="23.070066" lon="113.269745">
        <time>2026-08-29T00:32:37Z</time>
      </trkpt>
      <trkpt lat="23.070185" lon="113.269815">
        <time>2026-08-29T00:32:42Z</time>
      </trkpt>
      <trkpt lat="23.070257" lon="113.26986">
        <time>2026-08-29T00:32:47Z</time>
      </trkpt>
      <trkpt lat="23.070304" lon="113.269887">
        <time>2026-08-29T00:32:52Z</time>
      </trkpt>
      <trkpt lat="23.070223" lon="113.269806">
        <time>2026-08-29T00:32:57Z</time>
      </trkpt>
      <trkpt lat="23.070109" lon="113.269736">
        <time>2026-08-29T00:33:02Z</time>
      </trkpt>
      <trkpt lat="23.070036" lon="113.269697">
        <time>2026-08-29T00:33:07Z</time>
      </trkpt>
      <trkpt lat="23.069962" lon="113.269643">
        <time>2026-08-29T00:33:12Z</time>
      </trkpt>
      <trkpt lat="23.069848" lon="113.269567">
        <time>2026-08-29T00:33:17Z</time>
      </trkpt>
      <trkpt lat="23.069733" lon="113.269504">
        <time>2026-08-29T00:33:22Z</time>
      </trkpt>
      <trkpt lat="23.069646" lon="113.269454">
        <time>2026-08-29T00:33:27Z</time>
      </trkpt>
      <trkpt lat="23.069561" lon="113.269409">
        <time>2026-08-29T00:33:32Z</time>
      </trkpt>
      <trkpt lat="23.069447" lon="113.269356">
        <time>2026-08-29T00:33:37Z</time>
      </trkpt>
      <trkpt lat="23.06932" lon="113.269319">
        <time>2026-08-29T00:33:42Z</time>
      </trkpt>
      <trkpt lat="23.069238" lon="113.269271">
        <time>2026-08-29T00:33:47Z</time>
      </trkpt>
      <trkpt lat="23.069157" lon="113.269229">
        <time>2026-08-29T00:33:52Z</time>
      </trkpt>
      <trkpt lat="23.069037" lon="113.269199">
        <time>2026-08-29T00:33:57Z</time>
      </trkpt>
      <trkpt lat="23.068916" lon="113.26915">
        <time>2026-08-29T00:34:02Z</time>
      </trkpt>
      <trkpt lat="23.068829" lon="113.269111">
        <time>2026-08-29T00:34:07Z</time>
      </trkpt>
      <trkpt lat="23.068741" lon="113.269071">
        <time>2026-08-29T00:34:12Z</time>
      </trkpt>
      <trkpt lat="23.0686" lon="113.269019">
        <time>2026-08-29T00:34:17Z</time>
      </trkpt>
      <trkpt lat="23.068484" lon="113.268973">
        <time>2026-08-29T00:34:22Z</time>
      </trkpt>
      <trkpt lat="23.068419" lon="113.268933">
        <time>2026-08-29T00:34:27Z</time>
      </trkpt>
      <trkpt lat="23.068359" lon="113.268878">
        <time>2026-08-29T00:34:32Z</time>
      </trkpt>
      <trkpt lat="23.068247" lon="113.26881">
        <time>2026-08-29T00:34:37Z</time>
      </trkpt>
      <trkpt lat="23.06813" lon="113.268766">
        <time>2026-08-29T00:34:42Z</time>
      </trkpt>
      <trkpt lat="23.068034" lon="113.268724">
        <time>2026-08-29T00:34:47Z</time>
      </trkpt>
      <trkpt lat="23.067954" lon="113.268656">
        <time>2026-08-29T00:34:52Z</time>
      </trkpt>
      <trkpt lat="23.067833" lon="113.268564">
        <time>2026-08-29T00:34:57Z</time>
      </trkpt>
      <trkpt lat="23.06771" lon="113.268497">
        <time>2026-08-29T00:35:02Z</time>
      </trkpt>
      <trkpt lat="23.067628" lon="113.268455">
        <time>2026-08-29T00:35:07Z</time>
      </trkpt>
      <trkpt lat="23.067543" lon="113.268411">
        <time>2026-08-29T00:35:12Z</time>
      </trkpt>
      <trkpt lat="23.067421" lon="113.268354">
        <time>2026-08-29T00:35:17Z</time>
      </trkpt>
      <trkpt lat="23.067297" lon="113.268305">
        <time>2026-08-29T00:35:22Z</time>
      </trkpt>
      <trkpt lat="23.067218" lon="113.268274">
        <time>2026-08-29T00:35:27Z</time>
      </trkpt>
      <trkpt lat="23.067139" lon="113.268237">
        <time>2026-08-29T00:35:32Z</time>
      </trkpt>
      <trkpt lat="23.067025" lon="113.268161">
        <time>2026-08-29T00:35:37Z</time>
      </trkpt>
      <trkpt lat="23.066903" lon="113.268118">
        <time>2026-08-29T00:35:42Z</time>
      </trkpt>
      <trkpt lat="23.066817" lon="113.268114">
        <time>2026-08-29T00:35:47Z</time>
      </trkpt>
      <trkpt lat="23.066727" lon="113.268115">
        <time>2026-08-29T00:35:52Z</time>
      </trkpt>
      <trkpt lat="23.066598" lon="113.268104">
        <time>2026-08-29T00:35:57Z</time>
      </trkpt>
      <trkpt lat="23.066464" lon="113.268097">
        <time>2026-08-29T00:36:02Z</time>
      </trkpt>
      <trkpt lat="23.066377" lon="113.268135">
        <time>2026-08-29T00:36:07Z</time>
      </trkpt>
      <trkpt lat="23.066303" lon="113.268199">
        <time>2026-08-29T00:36:12Z</time>
      </trkpt>
      <trkpt lat="23.066211" lon="113.268319">
        <time>2026-08-29T00:36:17Z</time>
      </trkpt>
      <trkpt lat="23.066116" lon="113.268433">
        <time>2026-08-29T00:36:22Z</time>
      </trkpt>
      <trkpt lat="23.066056" lon="113.268508">
        <time>2026-08-29T00:36:27Z</time>
      </trkpt>
      <trkpt lat="23.066011" lon="113.268592">
        <time>2026-08-29T00:36:32Z</time>
      </trkpt>
      <trkpt lat="23.065946" lon="113.268717">
        <time>2026-08-29T00:36:37Z</time>
      </trkpt>
      <trkpt lat="23.065879" lon="113.268837">
        <time>2026-08-29T00:36:42Z</time>
      </trkpt>
      <trkpt lat="23.065848" lon="113.268925">
        <time>2026-08-29T00:36:47Z</time>
      </trkpt>
      <trkpt lat="23.065816" lon="113.269016">
        <time>2026-08-29T00:36:52Z</time>
      </trkpt>
      <trkpt lat="23.065769" lon="113.269153">
        <time>2026-08-29T00:36:57Z</time>
      </trkpt>
      <trkpt lat="23.06573" lon="113.269287">
        <time>2026-08-29T00:37:02Z</time>
      </trkpt>
      <trkpt lat="23.065711" lon="113.269376">
        <time>2026-08-29T00:37:07Z</time>
      </trkpt>
      <trkpt lat="23.065685" lon="113.269466">
        <time>2026-08-29T00:37:12Z</time>
      </trkpt>
      <trkpt lat="23.065652" lon="113.269602">
        <time>2026-08-29T00:37:17Z</time>
      </trkpt>
      <trkpt lat="23.06568" lon="113.269698">
        <time>2026-08-29T00:37:22Z</time>
      </trkpt>
      <trkpt lat="23.065661" lon="113.269778">
        <time>2026-08-29T00:37:27Z</time>
      </trkpt>
      <trkpt lat="23.06563" lon="113.269869">
        <time>2026-08-29T00:37:32Z</time>
      </trkpt>
      <trkpt lat="23.065589" lon="113.270005">
        <time>2026-08-29T00:37:37Z</time>
      </trkpt>
      <trkpt lat="23.065552" lon="113.270148">
        <time>2026-08-29T00:37:42Z</time>
      </trkpt>
      <trkpt lat="23.06552" lon="113.270245">
        <time>2026-08-29T00:37:47Z</time>
      </trkpt>
      <trkpt lat="23.065475" lon="113.270342">
        <time>2026-08-29T00:37:52Z</time>
      </trkpt>
      <trkpt lat="23.065408" lon="113.270479">
        <time>2026-08-29T00:37:57Z</time>
      </trkpt>
      <trkpt lat="23.06534" lon="113.270613">
        <time>2026-08-29T00:38:02Z</time>
      </trkpt>
      <trkpt lat="23.0653" lon="113.270701">
        <time>2026-08-29T00:38:07Z</time>
      </trkpt>
      <trkpt lat="23.065271" lon="113.270795">
        <time>2026-08-29T00:38:12Z</time>
      </trkpt>
      <trkpt lat="23.065225" lon="113.27093">
        <time>2026-08-29T00:38:17Z</time>
      </trkpt>
      <trkpt lat="23.065274" lon="113.27104">
        <time>2026-08-29T00:38:22Z</time>
      </trkpt>
      <trkpt lat="23.06535" lon="113.271087">
        <time>2026-08-29T00:38:27Z</time>
      </trkpt>
      <trkpt lat="23.065418" lon="113.271142">
        <time>2026-08-29T00:38:32Z</time>
      </trkpt>
      <trkpt lat="23.065535" lon="113.271189">
        <time>2026-08-29T00:38:37Z</time>
      </trkpt>
      <trkpt lat="23.065652" lon="113.271235">
        <time>2026-08-29T00:38:42Z</time>
      </trkpt>
      <trkpt lat="23.065743" lon="113.271276">
        <time>2026-08-29T00:38:47Z</time>
      </trkpt>
      <trkpt lat="23.065837" lon="113.27132">
        <time>2026-08-29T00:38:52Z</time>
      </trkpt>
      <trkpt lat="23.065951" lon="113.271398">
        <time>2026-08-29T00:38:57Z</time>
      </trkpt>
      <trkpt lat="23.066045" lon="113.271488">
        <time>2026-08-29T00:39:02Z</time>
      </trkpt>
      <trkpt lat="23.06612" lon="113.271512">
        <time>2026-08-29T00:39:07Z</time>
      </trkpt>
      <trkpt lat="23.066199" lon="113.271531">
        <time>2026-08-29T00:39:12Z</time>
      </trkpt>
      <trkpt lat="23.066333" lon="113.271578">
        <time>2026-08-29T00:39:17Z</time>
      </trkpt>
      <trkpt lat="23.066378" lon="113.271712">
        <time>2026-08-29T00:39:22Z</time>
      </trkpt>
      <trkpt lat="23.066349" lon="113.271813">
        <time>2026-08-29T00:39:27Z</time>
      </trkpt>
      <trkpt lat="23.066307" lon="113.271913">
        <time>2026-08-29T00:39:32Z</time>
      </trkpt>
      <trkpt lat="23.066289" lon="113.272062">
        <time>2026-08-29T00:39:37Z</time>
      </trkpt>
      <trkpt lat="23.066313" lon="113.27223">
        <time>2026-08-29T00:39:42Z</time>
      </trkpt>
      <trkpt lat="23.066322" lon="113.272323">
        <time>2026-08-29T00:39:47Z</time>
      </trkpt>
      <trkpt lat="23.06634" lon="113.272405">
        <time>2026-08-29T00:39:52Z</time>
      </trkpt>
      <trkpt lat="23.066338" lon="113.272557">
        <time>2026-08-29T00:39:57Z</time>
      </trkpt>
      <trkpt lat="23.066305" lon="113.272698">
        <time>2026-08-29T00:40:02Z</time>
      </trkpt>
      <trkpt lat="23.066236" lon="113.272755">
        <time>2026-08-29T00:40:07Z</time>
      </trkpt>
      <trkpt lat="23.066141" lon="113.272776">
        <time>2026-08-29T00:40:12Z</time>
      </trkpt>
      <trkpt lat="23.066028" lon="113.272806">
        <time>2026-08-29T00:40:17Z</time>
      </trkpt>
      <trkpt lat="23.065905" lon="113.272844">
        <time>2026-08-29T00:40:22Z</time>
      </trkpt>
      <trkpt lat="23.065814" lon="113.27284">
        <time>2026-08-29T00:40:27Z</time>
      </trkpt>
      <trkpt lat="23.06573" lon="113.27281">
        <time>2026-08-29T00:40:32Z</time>
      </trkpt>
      <trkpt lat="23.065617" lon="113.272743">
        <time>2026-08-29T00:40:37Z</time>
      </trkpt>
      <trkpt lat="23.065498" lon="113.272691">
        <time>2026-08-29T00:40:42Z</time>
      </trkpt>
      <trkpt lat="23.065397" lon="113.272679">
        <time>2026-08-29T00:40:47Z</time>
      </trkpt>
      <trkpt lat="23.065306" lon="113.272659">
        <time>2026-08-29T00:40:52Z</time>
      </trkpt>
      <trkpt lat="23.065183" lon="113.272619">
        <time>2026-08-29T00:40:57Z</time>
      </trkpt>
      <trkpt lat="23.065056" lon="113.272586">
        <time>2026-08-29T00:41:02Z</time>
      </trkpt>
      <trkpt lat="23.064975" lon="113.272566">
        <time>2026-08-29T00:41:07Z</time>
      </trkpt>
      <trkpt lat="23.064892" lon="113.272548">
        <time>2026-08-29T00:41:12Z</time>
      </trkpt>
      <trkpt lat="23.064769" lon="113.272516">
        <time>2026-08-29T00:41:17Z</time>
      </trkpt>
      <trkpt lat="23.064645" lon="113.272477">
        <time>2026-08-29T00:41:22Z</time>
      </trkpt>
      <trkpt lat="23.064555" lon="113.27246">
        <time>2026-08-29T00:41:27Z</time>
      </trkpt>
      <trkpt lat="23.06447" lon="113.272492">
        <time>2026-08-29T00:41:32Z</time>
      </trkpt>
      <trkpt lat="23.064427" lon="113.27262">
        <time>2026-08-29T00:41:37Z</time>
      </trkpt>
      <trkpt lat="23.064457" lon="113.272775">
        <time>2026-08-29T00:41:42Z</time>
      </trkpt>
      <trkpt lat="23.064488" lon="113.27287">
        <time>2026-08-29T00:41:47Z</time>
      </trkpt>
      <trkpt lat="23.064518" lon="113.272964">
        <time>2026-08-29T00:41:52Z</time>
      </trkpt>
      <trkpt lat="23.06455" lon="113.273102">
        <time>2026-08-29T00:41:57Z</time>
      </trkpt>
      <trkpt lat="23.064546" lon="113.273238">
        <time>2026-08-29T00:42:02Z</time>
      </trkpt>
      <trkpt lat="23.064526" lon="113.273324">
        <time>2026-08-29T00:42:07Z</time>
      </trkpt>
      <trkpt lat="23.064475" lon="113.273395">
        <time>2026-08-29T00:42:12Z</time>
      </trkpt>
      <trkpt lat="23.064361" lon="113.273479">
        <time>2026-08-29T00:42:17Z</time>
      </trkpt>
      <trkpt lat="23.064246" lon="113.273558">
        <time>2026-08-29T00:42:22Z</time>
      </trkpt>
      <trkpt lat="23.064176" lon="113.273605">
        <time>2026-08-29T00:42:27Z</time>
      </trkpt>
      <trkpt lat="23.064112" lon="113.273658">
        <time>2026-08-29T00:42:32Z</time>
      </trkpt>
      <trkpt lat="23.064018" lon="113.273744">
        <time>2026-08-29T00:42:37Z</time>
      </trkpt>
      <trkpt lat="23.06394" lon="113.273854">
        <time>2026-08-29T00:42:42Z</time>
      </trkpt>
      <trkpt lat="23.063897" lon="113.273931">
        <time>2026-08-29T00:42:47Z</time>
      </trkpt>
      <trkpt lat="23.063854" lon="113.274006">
        <time>2026-08-29T00:42:52Z</time>
      </trkpt>
      <trkpt lat="23.063784" lon="113.274123">
        <time>2026-08-29T00:42:57Z</time>
      </trkpt>
      <trkpt lat="23.063692" lon="113.274222">
        <time>2026-08-29T00:43:02Z</time>
      </trkpt>
      <trkpt lat="23.063632" lon="113.274291">
        <time>2026-08-29T00:43:07Z</time>
      </trkpt>
      <trkpt lat="23.063593" lon="113.274381">
        <time>2026-08-29T00:43:12Z</time>
      </trkpt>
      <trkpt lat="23.063533" lon="113.274531">
        <time>2026-08-29T00:43:17Z</time>
      </trkpt>
      <trkpt lat="23.063504" lon="113.274683">
        <time>2026-08-29T00:43:22Z</time>
      </trkpt>
      <trkpt lat="23.063479" lon="113.274778">
        <time>2026-08-29T00:43:27Z</time>
      </trkpt>
      <trkpt lat="23.063442" lon="113.274869">
        <time>2026-08-29T00:43:32Z</time>
      </trkpt>
      <trkpt lat="23.06338" lon="113.275005">
        <time>2026-08-29T00:43:37Z</time>
      </trkpt>
      <trkpt lat="23.063299" lon="113.275117">
        <time>2026-08-29T00:43:42Z</time>
      </trkpt>
      <trkpt lat="23.063239" lon="113.275188">
        <time>2026-08-29T00:43:47Z</time>
      </trkpt>
      <trkpt lat="23.063186" lon="113.275267">
        <time>2026-08-29T00:43:52Z</time>
      </trkpt>
      <trkpt lat="23.063108" lon="113.27539">
        <time>2026-08-29T00:43:57Z</time>
      </trkpt>
      <trkpt lat="23.06303" lon="113.275516">
        <time>2026-08-29T00:44:02Z</time>
      </trkpt>
      <trkpt lat="23.062976" lon="113.275595">
        <time>2026-08-29T00:44:07Z</time>
      </trkpt>
      <trkpt lat="23.062914" lon="113.275659">
        <time>2026-08-29T00:44:12Z</time>
      </trkpt>
      <trkpt lat="23.062788" lon="113.275707">
        <time>2026-08-29T00:44:17Z</time>
      </trkpt>
      <trkpt lat="23.062669" lon="113.275797">
        <time>2026-08-29T00:44:22Z</time>
      </trkpt>
      <trkpt lat="23.062598" lon="113.275869">
        <time>2026-08-29T00:44:27Z</time>
      </trkpt>
      <trkpt lat="23.062544" lon="113.275953">
        <time>2026-08-29T00:44:32Z</time>
      </trkpt>
      <trkpt lat="23.062469" lon="113.27608">
        <time>2026-08-29T00:44:37Z</time>
      </trkpt>
      <trkpt lat="23.062371" lon="113.276189">
        <time>2026-08-29T00:44:42Z</time>
      </trkpt>
      <trkpt lat="23.062325" lon="113.276272">
        <time>2026-08-29T00:44:47Z</time>
      </trkpt>
      <trkpt lat="23.062293" lon="113.276359">
        <time>2026-08-29T00:44:52Z</time>
      </trkpt>
      <trkpt lat="23.062245" lon="113.276495">
        <time>2026-08-29T00:44:57Z</time>
      </trkpt>
      <trkpt lat="23.062206" lon="113.276622">
        <time>2026-08-29T00:45:02Z</time>
      </trkpt>
      <trkpt lat="23.06218" lon="113.276712">
        <time>2026-08-29T00:45:07Z</time>
      </trkpt>
      <trkpt lat="23.06215" lon="113.276805">
        <time>2026-08-29T00:45:12Z</time>
      </trkpt>
      <trkpt lat="23.062101" lon="113.27695">
        <time>2026-08-29T00:45:17Z</time>
      </trkpt>
      <trkpt lat="23.062061" lon="113.277092">
        <time>2026-08-29T00:45:22Z</time>
      </trkpt>
      <trkpt lat="23.062028" lon="113.277194">
        <time>2026-08-29T00:45:27Z</time>
      </trkpt>
      <trkpt lat="23.061993" lon="113.277294">
        <time>2026-08-29T00:45:32Z</time>
      </trkpt>
      <trkpt lat="23.061948" lon="113.277451">
        <time>2026-08-29T00:45:37Z</time>
      </trkpt>
      <trkpt lat="23.061895" lon="113.277599">
        <time>2026-08-29T00:45:42Z</time>
      </trkpt>
      <trkpt lat="23.061858" lon="113.27769">
        <time>2026-08-29T00:45:47Z</time>
      </trkpt>
      <trkpt lat="23.061829" lon="113.277785">
        <time>2026-08-29T00:45:52Z</time>
      </trkpt>
      <trkpt lat="23.061806" lon="113.277932">
        <time>2026-08-29T00:45:57Z</time>
      </trkpt>
      <trkpt lat="23.061818" lon="113.278084">
        <time>2026-08-29T00:46:02Z</time>
      </trkpt>
      <trkpt lat="23.061826" lon="113.278177">
        <time>2026-08-29T00:46:07Z</time>
      </trkpt>
      <trkpt lat="23.061833" lon="113.278268">
        <time>2026-08-29T00:46:12Z</time>
      </trkpt>
      <trkpt lat="23.06184" lon="113.278408">
        <time>2026-08-29T00:46:17Z</time>
      </trkpt>
      <trkpt lat="23.061849" lon="113.278557">
        <time>2026-08-29T00:46:22Z</time>
      </trkpt>
      <trkpt lat="23.061843" lon="113.278656">
        <time>2026-08-29T00:46:27Z</time>
      </trkpt>
      <trkpt lat="23.061817" lon="113.278736">
        <time>2026-08-29T00:46:32Z</time>
      </trkpt>
      <trkpt lat="23.061713" lon="113.278784">
        <time>2026-08-29T00:46:37Z</time>
      </trkpt>
      <trkpt lat="23.06165" lon="113.278928">
        <time>2026-08-29T00:46:42Z</time>
      </trkpt>
      <trkpt lat="23.061617" lon="113.279028">
        <time>2026-08-29T00:46:47Z</time>
      </trkpt>
      <trkpt lat="23.061585" lon="113.279117">
        <time>2026-08-29T00:46:52Z</time>
      </trkpt>
      <trkpt lat="23.061557" lon="113.279191">
        <time>2026-08-29T00:46:57Z</time>
      </trkpt>
      <trkpt lat="23.061594" lon="113.279171">
        <time>2026-08-29T00:47:02Z</time>
      </trkpt>
      <trkpt lat="23.061612" lon="113.279129">
        <time>2026-08-29T00:47:07Z</time>
      </trkpt>
      <trkpt lat="23.061596" lon="113.279112">
        <time>2026-08-29T00:47:12Z</time>
      </trkpt>
      <trkpt lat="23.061566" lon="113.279167">
        <time>2026-08-29T00:47:17Z</time>
      </trkpt>
      <trkpt lat="23.061556" lon="113.27926">
        <time>2026-08-29T00:47:22Z</time>
      </trkpt>
      <trkpt lat="23.061522" lon="113.279345">
        <time>2026-08-29T00:47:27Z</time>
      </trkpt>
      <trkpt lat="23.061483" lon="113.279431">
        <time>2026-08-29T00:47:32Z</time>
      </trkpt>
      <trkpt lat="23.061432" lon="113.279561">
        <time>2026-08-29T00:47:37Z</time>
      </trkpt>
      <trkpt lat="23.061385" lon="113.279696">
        <time>2026-08-29T00:47:42Z</time>
      </trkpt>
      <trkpt lat="23.06135" lon="113.279785">
        <time>2026-08-29T00:47:47Z</time>
      </trkpt>
      <trkpt lat="23.061311" lon="113.279871">
        <time>2026-08-29T00:47:52Z</time>
      </trkpt>
      <trkpt lat="23.061246" lon="113.279995">
        <time>2026-08-29T00:47:57Z</time>
      </trkpt>
      <trkpt lat="23.061193" lon="113.28013">
        <time>2026-08-29T00:48:02Z</time>
      </trkpt>
      <trkpt lat="23.061154" lon="113.28022">
        <time>2026-08-29T00:48:07Z</time>
      </trkpt>
      <trkpt lat="23.061114" lon="113.280306">
        <time>2026-08-29T00:48:12Z</time>
      </trkpt>
      <trkpt lat="23.061053" lon="113.280435">
        <time>2026-08-29T00:48:17Z</time>
      </trkpt>
      <trkpt lat="23.060981" lon="113.280569">
        <time>2026-08-29T00:48:22Z</time>
      </trkpt>
      <trkpt lat="23.06094" lon="113.280658">
        <time>2026-08-29T00:48:27Z</time>
      </trkpt>
      <trkpt lat="23.060906" lon="113.280747">
        <time>2026-08-29T00:48:32Z</time>
      </trkpt>
      <trkpt lat="23.060862" lon="113.28088">
        <time>2026-08-29T00:48:37Z</time>
      </trkpt>
      <trkpt lat="23.060818" lon="113.281003">
        <time>2026-08-29T00:48:42Z</time>
      </trkpt>
      <trkpt lat="23.060785" lon="113.28108">
        <time>2026-08-29T00:48:47Z</time>
      </trkpt>
      <trkpt lat="23.060748" lon="113.28116">
        <time>2026-08-29T00:48:52Z</time>
      </trkpt>
      <trkpt lat="23.06069" lon="113.281279">
        <time>2026-08-29T00:48:57Z</time>
      </trkpt>
      <trkpt lat="23.06063" lon="113.281403">
        <time>2026-08-29T00:49:02Z</time>
      </trkpt>
      <trkpt lat="23.060593" lon="113.281485">
        <time>2026-08-29T00:49:07Z</time>
      </trkpt>
      <trkpt lat="23.060558" lon="113.281565">
        <time>2026-08-29T00:49:12Z</time>
      </trkpt>
      <trkpt lat="23.060509" lon="113.281684">
        <time>2026-08-29T00:49:17Z</time>
      </trkpt>
      <trkpt lat="23.060468" lon="113.2818">
        <time>2026-08-29T00:49:22Z</time>
      </trkpt>
      <trkpt lat="23.06044" lon="113.281878">
        <time>2026-08-29T00:49:27Z</time>
      </trkpt>
      <trkpt lat="23.060406" lon="113.281953">
        <time>2026-08-29T00:49:32Z</time>
      </trkpt>
      <trkpt lat="23.060351" lon="113.282067">
        <time>2026-08-29T00:49:37Z</time>
      </trkpt>
      <trkpt lat="23.060304" lon="113.282187">
        <time>2026-08-29T00:49:42Z</time>
      </trkpt>
      <trkpt lat="23.060273" lon="113.282272">
        <time>2026-08-29T00:49:47Z</time>
      </trkpt>
      <trkpt lat="23.060239" lon="113.282353">
        <time>2026-08-29T00:49:52Z</time>
      </trkpt>
      <trkpt lat="23.060187" lon="113.282473">
        <time>2026-08-29T00:49:57Z</time>
      </trkpt>
      <trkpt lat="23.060132" lon="113.282594">
        <time>2026-08-29T00:50:02Z</time>
      </trkpt>
      <trkpt lat="23.060097" lon="113.282677">
        <time>2026-08-29T00:50:07Z</time>
      </trkpt>
      <trkpt lat="23.060063" lon="113.282756">
        <time>2026-08-29T00:50:12Z</time>
      </trkpt>
      <trkpt lat="23.060009" lon="113.282874">
        <time>2026-08-29T00:50:17Z</time>
      </trkpt>
      <trkpt lat="23.05996" lon="113.282991">
        <time>2026-08-29T00:50:22Z</time>
      </trkpt>
      <trkpt lat="23.05993" lon="113.283068">
        <time>2026-08-29T00:50:27Z</time>
      </trkpt>
      <trkpt lat="23.059895" lon="113.283143">
        <time>2026-08-29T00:50:32Z</time>
      </trkpt>
      <trkpt lat="23.059845" lon="113.283263">
        <time>2026-08-29T00:50:37Z</time>
      </trkpt>
      <trkpt lat="23.05985" lon="113.283377">
        <time>2026-08-29T00:50:42Z</time>
      </trkpt>
      <trkpt lat="23.059924" lon="113.283418">
        <time>2026-08-29T00:50:47Z</time>
      </trkpt>
      <trkpt lat="23.060012" lon="113.283429">
        <time>2026-08-29T00:50:52Z</time>
      </trkpt>
      <trkpt lat="23.060114" lon="113.283353">
        <time>2026-08-29T00:50:57Z</time>
      </trkpt>
      <trkpt lat="23.060178" lon="113.283244">
        <time>2026-08-29T00:51:02Z</time>
      </trkpt>
      <trkpt lat="23.060217" lon="113.283169">
        <time>2026-08-29T00:51:07Z</time>
      </trkpt>
      <trkpt lat="23.060265" lon="113.283093">
        <time>2026-08-29T00:51:12Z</time>
      </trkpt>
      <trkpt lat="23.060319" lon="113.282976">
        <time>2026-08-29T00:51:17Z</time>
      </trkpt>
      <trkpt lat="23.060357" lon="113.282848">
        <time>2026-08-29T00:51:22Z</time>
      </trkpt>
      <trkpt lat="23.060387" lon="113.28276">
        <time>2026-08-29T00:51:27Z</time>
      </trkpt>
      <trkpt lat="23.060422" lon="113.282674">
        <time>2026-08-29T00:51:32Z</time>
      </trkpt>
      <trkpt lat="23.060469" lon="113.282553">
        <time>2026-08-29T00:51:37Z</time>
      </trkpt>
      <trkpt lat="23.060514" lon="113.282436">
        <time>2026-08-29T00:51:42Z</time>
      </trkpt>
      <trkpt lat="23.060544" lon="113.282355">
        <time>2026-08-29T00:51:47Z</time>
      </trkpt>
      <trkpt lat="23.06058" lon="113.282282">
        <time>2026-08-29T00:51:52Z</time>
      </trkpt>
      <trkpt lat="23.060681" lon="113.282257">
        <time>2026-08-29T00:51:57Z</time>
      </trkpt>
      <trkpt lat="23.060752" lon="113.282263">
        <time>2026-08-29T00:52:02Z</time>
      </trkpt>
      <trkpt lat="23.060792" lon="113.282265">
        <time>2026-08-29T00:52:07Z</time>
      </trkpt>
      <trkpt lat="23.060835" lon="113.28227">
        <time>2026-08-29T00:52:12Z</time>
      </trkpt>
      <trkpt lat="23.060893" lon="113.282268">
        <time>2026-08-29T00:52:17Z</time>
      </trkpt>
      <trkpt lat="23.060958" lon="113.282257">
        <time>2026-08-29T00:52:22Z</time>
      </trkpt>
      <trkpt lat="23.060983" lon="113.282253">
        <time>2026-08-29T00:52:27Z</time>
      </trkpt>
      <trkpt lat="23.060983" lon="113.282253">
        <time>2026-08-29T00:52:32Z</time>
      </trkpt>
      <trkpt lat="23.061012" lon="113.282262">
        <time>2026-08-29T00:52:37Z</time>
      </trkpt>
      <trkpt lat="23.061028" lon="113.282276">
        <time>2026-08-29T00:52:42Z</time>
      </trkpt>
      <trkpt lat="23.061052" lon="113.282299">
        <time>2026-08-29T00:52:47Z</time>
      </trkpt>
      <trkpt lat="23.061104" lon="113.28229">
        <time>2026-08-29T00:52:52Z</time>
      </trkpt>
      <trkpt lat="23.061145" lon="113.282288">
        <time>2026-08-29T00:52:57Z</time>
      </trkpt>
      <trkpt lat="23.061186" lon="113.282286">
        <time>2026-08-29T00:53:02Z</time>
      </trkpt>
      <trkpt lat="23.061248" lon="113.282278">
        <time>2026-08-29T00:53:07Z</time>
      </trkpt>
      <trkpt lat="23.061308" lon="113.282278">
        <time>2026-08-29T00:53:12Z</time>
      </trkpt>
      <trkpt lat="23.061348" lon="113.282274">
        <time>2026-08-29T00:53:17Z</time>
      </trkpt>
      <trkpt lat="23.061384" lon="113.282269">
        <time>2026-08-29T00:53:22Z</time>
      </trkpt>
      <trkpt lat="23.061439" lon="113.282278">
        <time>2026-08-29T00:53:27Z</time>
      </trkpt>
      <trkpt lat="23.061497" lon="113.28231">
        <time>2026-08-29T00:53:32Z</time>
      </trkpt>
      <trkpt lat="23.061537" lon="113.282331">
        <time>2026-08-29T00:53:37Z</time>
      </trkpt>
      <trkpt lat="23.061571" lon="113.282321">
        <time>2026-08-29T00:53:42Z</time>
      </trkpt>
      <trkpt lat="23.061603" lon="113.282265">
        <time>2026-08-29T00:53:47Z</time>
      </trkpt>
      <trkpt lat="23.06171" lon="113.282234">
        <time>2026-08-29T00:53:52Z</time>
      </trkpt>
      <trkpt lat="23.061792" lon="113.282234">
        <time>2026-08-29T00:53:57Z</time>
      </trkpt>
      <trkpt lat="23.061872" lon="113.282228">
        <time>2026-08-29T00:54:02Z</time>
      </trkpt>
      <trkpt lat="23.061989" lon="113.282198">
        <time>2026-08-29T00:54:07Z</time>
      </trkpt>
      <trkpt lat="23.062072" lon="113.28224">
        <time>2026-08-29T00:54:12Z</time>
      </trkpt>
      <trkpt lat="23.062056" lon="113.282338">
        <time>2026-08-29T00:54:17Z</time>
      </trkpt>
      <trkpt lat="23.062044" lon="113.282433">
        <time>2026-08-29T00:54:22Z</time>
      </trkpt>
      <trkpt lat="23.062051" lon="113.282544">
        <time>2026-08-29T00:54:27Z</time>
      </trkpt>
      <trkpt lat="23.062044" lon="113.28268">
        <time>2026-08-29T00:54:32Z</time>
      </trkpt>
      <trkpt lat="23.062033" lon="113.282776">
        <time>2026-08-29T00:54:37Z</time>
      </trkpt>
      <trkpt lat="23.062011" lon="113.282868">
        <time>2026-08-29T00:54:42Z</time>
      </trkpt>
      <trkpt lat="23.061948" lon="113.282993">
        <time>2026-08-29T00:54:47Z</time>
      </trkpt>
      <trkpt lat="23.061892" lon="113.283118">
        <time>2026-08-29T00:54:52Z</time>
      </trkpt>
      <trkpt lat="23.061879" lon="113.283209">
        <time>2026-08-29T00:54:57Z</time>
      </trkpt>
      <trkpt lat="23.061882" lon="113.28332">
        <time>2026-08-29T00:55:02Z</time>
      </trkpt>
      <trkpt lat="23.061875" lon="113.283463">
        <time>2026-08-29T00:55:07Z</time>
      </trkpt>
      <trkpt lat="23.061892" lon="113.283603">
        <time>2026-08-29T00:55:12Z</time>
      </trkpt>
      <trkpt lat="23.061919" lon="113.283688">
        <time>2026-08-29T00:55:17Z</time>
      </trkpt>
      <trkpt lat="23.061949" lon="113.283767">
        <time>2026-08-29T00:55:22Z</time>
      </trkpt>
      <trkpt lat="23.061957" lon="113.283845">
        <time>2026-08-29T00:55:27Z</time>
      </trkpt>
      <trkpt lat="23.061956" lon="113.283893">
        <time>2026-08-29T00:55:32Z</time>
      </trkpt>
      <trkpt lat="23.061959" lon="113.283944">
        <time>2026-08-29T00:55:37Z</time>
      </trkpt>
      <trkpt lat="23.061977" lon="113.284">
        <time>2026-08-29T00:55:42Z</time>
      </trkpt>
      <trkpt lat="23.062009" lon="113.284078">
        <time>2026-08-29T00:55:47Z</time>
      </trkpt>
      <trkpt lat="23.062006" lon="113.284143">
        <time>2026-08-29T00:55:52Z</time>
      </trkpt>
      <trkpt lat="23.061996" lon="113.284194">
        <time>2026-08-29T00:55:57Z</time>
      </trkpt>
      <trkpt lat="23.061993" lon="113.284248">
        <time>2026-08-29T00:56:02Z</time>
      </trkpt>
      <trkpt lat="23.061944" lon="113.284396">
        <time>2026-08-29T00:56:07Z</time>
      </trkpt>
      <trkpt lat="23.061937" lon="113.284568">
        <time>2026-08-29T00:56:12Z</time>
      </trkpt>
      <trkpt lat="23.061948" lon="113.284683">
        <time>2026-08-29T00:56:17Z</time>
      </trkpt>
      <trkpt lat="23.061948" lon="113.284791">
        <time>2026-08-29T00:56:22Z</time>
      </trkpt>
      <trkpt lat="23.061939" lon="113.284901">
        <time>2026-08-29T00:56:27Z</time>
      </trkpt>
      <trkpt lat="23.061925" lon="113.284919">
        <time>2026-08-29T00:56:32Z</time>
      </trkpt>
      <trkpt lat="23.061911" lon="113.284938">
        <time>2026-08-29T00:56:37Z</time>
      </trkpt>
      <trkpt lat="23.061907" lon="113.284998">
        <time>2026-08-29T00:56:42Z</time>
      </trkpt>
      <trkpt lat="23.061909" lon="113.285174">
        <time>2026-08-29T00:56:47Z</time>
      </trkpt>
      <trkpt lat="23.061901" lon="113.285313">
        <time>2026-08-29T00:56:52Z</time>
      </trkpt>
      <trkpt lat="23.061912" lon="113.285425">
        <time>2026-08-29T00:56:57Z</time>
      </trkpt>
      <trkpt lat="23.061917" lon="113.285569">
        <time>2026-08-29T00:57:02Z</time>
      </trkpt>
      <trkpt lat="23.061875" lon="113.285681">
        <time>2026-08-29T00:57:07Z</time>
      </trkpt>
      <trkpt lat="23.061838" lon="113.285746">
        <time>2026-08-29T00:57:12Z</time>
      </trkpt>
      <trkpt lat="23.06182" lon="113.285811">
        <time>2026-08-29T00:57:17Z</time>
      </trkpt>
      <trkpt lat="23.061774" lon="113.285932">
        <time>2026-08-29T00:57:22Z</time>
      </trkpt>
      <trkpt lat="23.06171" lon="113.286037">
        <time>2026-08-29T00:57:27Z</time>
      </trkpt>
      <trkpt lat="23.0617" lon="113.286087">
        <time>2026-08-29T00:57:32Z</time>
      </trkpt>
      <trkpt lat="23.061702" lon="113.286167">
        <time>2026-08-29T00:57:37Z</time>
      </trkpt>
      <trkpt lat="23.061708" lon="113.28633">
        <time>2026-08-29T00:57:42Z</time>
      </trkpt>
      <trkpt lat="23.061698" lon="113.286425">
        <time>2026-08-29T00:57:47Z</time>
      </trkpt>
      <trkpt lat="23.061711" lon="113.286447">
        <time>2026-08-29T00:57:52Z</time>
      </trkpt>
      <trkpt lat="23.061684" lon="113.286455">
        <time>2026-08-29T00:57:57Z</time>
      </trkpt>
      <trkpt lat="23.061583" lon="113.286418">
        <time>2026-08-29T00:58:02Z</time>
      </trkpt>
      <trkpt lat="23.061473" lon="113.28641">
        <time>2026-08-29T00:58:07Z</time>
      </trkpt>
      <trkpt lat="23.061394" lon="113.286413">
        <time>2026-08-29T00:58:12Z</time>
      </trkpt>
      <trkpt lat="23.06132" lon="113.286404">
        <time>2026-08-29T00:58:17Z</time>
      </trkpt>
      <trkpt lat="23.061208" lon="113.286376">
        <time>2026-08-29T00:58:22Z</time>
      </trkpt>
      <trkpt lat="23.061088" lon="113.286392">
        <time>2026-08-29T00:58:27Z</time>
      </trkpt>
      <trkpt lat="23.061001" lon="113.286409">
        <time>2026-08-29T00:58:32Z</time>
      </trkpt>
      <trkpt lat="23.060918" lon="113.28642">
        <time>2026-08-29T00:58:37Z</time>
      </trkpt>
      <trkpt lat="23.060791" lon="113.286433">
        <time>2026-08-29T00:58:42Z</time>
      </trkpt>
      <trkpt lat="23.060659" lon="113.286438">
        <time>2026-08-29T00:58:47Z</time>
      </trkpt>
      <trkpt lat="23.06057" lon="113.286435">
        <time>2026-08-29T00:58:52Z</time>
      </trkpt>
      <trkpt lat="23.060483" lon="113.286431">
        <time>2026-08-29T00:58:57Z</time>
      </trkpt>
      <trkpt lat="23.060359" lon="113.286427">
        <time>2026-08-29T00:59:02Z</time>
      </trkpt>
      <trkpt lat="23.060331" lon="113.286317">
        <time>2026-08-29T00:59:07Z</time>
      </trkpt>
      <trkpt lat="23.060329" lon="113.286216">
        <time>2026-08-29T00:59:12Z</time>
      </trkpt>
      <trkpt lat="23.060328" lon="113.28612">
        <time>2026-08-29T00:59:17Z</time>
      </trkpt>
      <trkpt lat="23.06033" lon="113.285989">
        <time>2026-08-29T00:59:22Z</time>
      </trkpt>
      <trkpt lat="23.060336" lon="113.285846">
        <time>2026-08-29T00:59:27Z</time>
      </trkpt>
      <trkpt lat="23.060345" lon="113.285747">
        <time>2026-08-29T00:59:32Z</time>
      </trkpt>
      <trkpt lat="23.060359" lon="113.28565">
        <time>2026-08-29T00:59:37Z</time>
      </trkpt>
      <trkpt lat="23.060366" lon="113.285522">
        <time>2026-08-29T00:59:42Z</time>
      </trkpt>
      <trkpt lat="23.060272" lon="113.285433">
        <time>2026-08-29T00:59:47Z</time>
      </trkpt>
      <trkpt lat="23.060184" lon="113.2854">
        <time>2026-08-29T00:59:52Z</time>
      </trkpt>
      <trkpt lat="23.060093" lon="113.285356">
        <time>2026-08-29T00:59:57Z</time>
      </trkpt>
      <trkpt lat="23.060015" lon="113.285276">
        <time>2026-08-29T01:00:02Z</time>
      </trkpt>
      <trkpt lat="23.05999" lon="113.285122">
        <time>2026-08-29T01:00:07Z</time>
      </trkpt>
      <trkpt lat="23.059949" lon="113.285026">
        <time>2026-08-29T01:00:12Z</time>
      </trkpt>
      <trkpt lat="23.059881" lon="113.284971">
        <time>2026-08-29T01:00:17Z</time>
      </trkpt>
      <trkpt lat="23.059808" lon="113.284872">
        <time>2026-08-29T01:00:22Z</time>
      </trkpt>
      <trkpt lat="23.059794" lon="113.284718">
        <time>2026-08-29T01:00:27Z</time>
      </trkpt>
      <trkpt lat="23.059783" lon="113.284599">
        <time>2026-08-29T01:00:32Z</time>
      </trkpt>
      <trkpt lat="23.059747" lon="113.284491">
        <time>2026-08-29T01:00:37Z</time>
      </trkpt>
      <trkpt lat="23.059731" lon="113.284354">
        <time>2026-08-29T01:00:42Z</time>
      </trkpt>
      <trkpt lat="23.059792" lon="113.28423">
        <time>2026-08-29T01:00:47Z</time>
      </trkpt>
      <trkpt lat="23.059846" lon="113.284151">
        <time>2026-08-29T01:00:52Z</time>
      </trkpt>
      <trkpt lat="23.059892" lon="113.28407">
        <time>2026-08-29T01:00:57Z</time>
      </trkpt>
      <trkpt lat="23.059965" lon="113.283945">
        <time>2026-08-29T01:01:02Z</time>
      </trkpt>
      <trkpt lat="23.060007" lon="113.283813">
        <time>2026-08-29T01:01:07Z</time>
      </trkpt>
      <trkpt lat="23.059988" lon="113.283711">
        <time>2026-08-29T01:01:12Z</time>
      </trkpt>
      <trkpt lat="23.059955" lon="113.283628">
        <time>2026-08-29T01:01:17Z</time>
      </trkpt>
      <trkpt lat="23.059937" lon="113.283507">
        <time>2026-08-29T01:01:22Z</time>
      </trkpt>
      <trkpt lat="23.059889" lon="113.283389">
        <time>2026-08-29T01:01:27Z</time>
      </trkpt>
      <trkpt lat="23.059859" lon="113.2833">
        <time>2026-08-29T01:01:32Z</time>
      </trkpt>
      <trkpt lat="23.059871" lon="113.283216">
        <time>2026-08-29T01:01:37Z</time>
      </trkpt>
      <trkpt lat="23.059926" lon="113.283104">
        <time>2026-08-29T01:01:42Z</time>
      </trkpt>
      <trkpt lat="23.059991" lon="113.282998">
        <time>2026-08-29T01:01:47Z</time>
      </trkpt>
      <trkpt lat="23.060018" lon="113.28295">
        <time>2026-08-29T01:01:52Z</time>
      </trkpt>
      <trkpt lat="23.060038" lon="113.282907">
        <time>2026-08-29T01:01:57Z</time>
      </trkpt>
      <trkpt lat="23.060063" lon="113.282847">
        <time>2026-08-29T01:02:02Z</time>
      </trkpt>
      <trkpt lat="23.060095" lon="113.28278">
        <time>2026-08-29T01:02:07Z</time>
      </trkpt>
      <trkpt lat="23.060116" lon="113.282727">
        <time>2026-08-29T01:02:12Z</time>
      </trkpt>
      <trkpt lat="23.060131" lon="113.282675">
        <time>2026-08-29T01:02:17Z</time>
      </trkpt>
      <trkpt lat="23.060158" lon="113.282602">
        <time>2026-08-29T01:02:22Z</time>
      </trkpt>
      <trkpt lat="23.060184" lon="113.282529">
        <time>2026-08-29T01:02:27Z</time>
      </trkpt>
      <trkpt lat="23.060195" lon="113.28248">
        <time>2026-08-29T01:02:32Z</time>
      </trkpt>
      <trkpt lat="23.060209" lon="113.28243">
        <time>2026-08-29T01:02:37Z</time>
      </trkpt>
      <trkpt lat="23.060238" lon="113.282357">
        <time>2026-08-29T01:02:42Z</time>
      </trkpt>
      <trkpt lat="23.060272" lon="113.282279">
        <time>2026-08-29T01:02:47Z</time>
      </trkpt>
      <trkpt lat="23.06029" lon="113.282225">
        <time>2026-08-29T01:02:52Z</time>
      </trkpt>
      <trkpt lat="23.060303" lon="113.282172">
        <time>2026-08-29T01:02:57Z</time>
      </trkpt>
      <trkpt lat="23.060337" lon="113.282075">
        <time>2026-08-29T01:03:02Z</time>
      </trkpt>
      <trkpt lat="23.060393" lon="113.281955">
        <time>2026-08-29T01:03:07Z</time>
      </trkpt>
      <trkpt lat="23.060437" lon="113.281875">
        <time>2026-08-29T01:03:12Z</time>
      </trkpt>
      <trkpt lat="23.060481" lon="113.281793">
        <time>2026-08-29T01:03:17Z</time>
      </trkpt>
      <trkpt lat="23.060541" lon="113.281671">
        <time>2026-08-29T01:03:22Z</time>
      </trkpt>
      <trkpt lat="23.060597" lon="113.281542">
        <time>2026-08-29T01:03:27Z</time>
      </trkpt>
      <trkpt lat="23.060635" lon="113.281457">
        <time>2026-08-29T01:03:32Z</time>
      </trkpt>
      <trkpt lat="23.060671" lon="113.281368">
        <time>2026-08-29T01:03:37Z</time>
      </trkpt>
      <trkpt lat="23.06073" lon="113.281233">
        <time>2026-08-29T01:03:42Z</time>
      </trkpt>
      <trkpt lat="23.060794" lon="113.281108">
        <time>2026-08-29T01:03:47Z</time>
      </trkpt>
      <trkpt lat="23.060825" lon="113.281016">
        <time>2026-08-29T01:03:52Z</time>
      </trkpt>
      <trkpt lat="23.060858" lon="113.280917">
        <time>2026-08-29T01:03:57Z</time>
      </trkpt>
      <trkpt lat="23.060904" lon="113.280773">
        <time>2026-08-29T01:04:02Z</time>
      </trkpt>
      <trkpt lat="23.060977" lon="113.280652">
        <time>2026-08-29T01:04:07Z</time>
      </trkpt>
      <trkpt lat="23.061026" lon="113.280572">
        <time>2026-08-29T01:04:12Z</time>
      </trkpt>
      <trkpt lat="23.061057" lon="113.280482">
        <time>2026-08-29T01:04:17Z</time>
      </trkpt>
      <trkpt lat="23.061107" lon="113.280352">
        <time>2026-08-29T01:04:22Z</time>
      </trkpt>
      <trkpt lat="23.06117" lon="113.280221">
        <time>2026-08-29T01:04:27Z</time>
      </trkpt>
      <trkpt lat="23.061211" lon="113.280134">
        <time>2026-08-29T01:04:32Z</time>
      </trkpt>
      <trkpt lat="23.06125" lon="113.280051">
        <time>2026-08-29T01:04:37Z</time>
      </trkpt>
      <trkpt lat="23.061306" lon="113.279934">
        <time>2026-08-29T01:04:42Z</time>
      </trkpt>
      <trkpt lat="23.061359" lon="113.279815">
        <time>2026-08-29T01:04:47Z</time>
      </trkpt>
      <trkpt lat="23.061394" lon="113.279735">
        <time>2026-08-29T01:04:52Z</time>
      </trkpt>
      <trkpt lat="23.061427" lon="113.279653">
        <time>2026-08-29T01:04:57Z</time>
      </trkpt>
      <trkpt lat="23.061475" lon="113.279529">
        <time>2026-08-29T01:05:02Z</time>
      </trkpt>
      <trkpt lat="23.061498" lon="113.279391">
        <time>2026-08-29T01:05:07Z</time>
      </trkpt>
      <trkpt lat="23.061515" lon="113.279323">
        <time>2026-08-29T01:05:12Z</time>
      </trkpt>
      <trkpt lat="23.061531" lon="113.279277">
        <time>2026-08-29T01:05:17Z</time>
      </trkpt>
      <trkpt lat="23.061556" lon="113.279209">
        <time>2026-08-29T01:05:22Z</time>
      </trkpt>
      <trkpt lat="23.061595" lon="113.279142">
        <time>2026-08-29T01:05:27Z</time>
      </trkpt>
      <trkpt lat="23.061631" lon="113.279104">
        <time>2026-08-29T01:05:32Z</time>
      </trkpt>
      <trkpt lat="23.061663" lon="113.279063">
        <time>2026-08-29T01:05:37Z</time>
      </trkpt>
      <trkpt lat="23.061698" lon="113.278988">
        <time>2026-08-29T01:05:42Z</time>
      </trkpt>
      <trkpt lat="23.061723" lon="113.278905">
        <time>2026-08-29T01:05:47Z</time>
      </trkpt>
      <trkpt lat="23.061738" lon="113.278847">
        <time>2026-08-29T01:05:52Z</time>
      </trkpt>
      <trkpt lat="23.061755" lon="113.278791">
        <time>2026-08-29T01:05:57Z</time>
      </trkpt>
      <trkpt lat="23.061791" lon="113.27873">
        <time>2026-08-29T01:06:02Z</time>
      </trkpt>
      <trkpt lat="23.061847" lon="113.27871">
        <time>2026-08-29T01:06:07Z</time>
      </trkpt>
      <trkpt lat="23.061856" lon="113.278659">
        <time>2026-08-29T01:06:12Z</time>
      </trkpt>
      <trkpt lat="23.061861" lon="113.2786">
        <time>2026-08-29T01:06:17Z</time>
      </trkpt>
      <trkpt lat="23.061865" lon="113.278512">
        <time>2026-08-29T01:06:22Z</time>
      </trkpt>
      <trkpt lat="23.061865" lon="113.278427">
        <time>2026-08-29T01:06:27Z</time>
      </trkpt>
      <trkpt lat="23.061862" lon="113.278369">
        <time>2026-08-29T01:06:32Z</time>
      </trkpt>
      <trkpt lat="23.061857" lon="113.278314">
        <time>2026-08-29T01:06:37Z</time>
      </trkpt>
      <trkpt lat="23.061857" lon="113.278229">
        <time>2026-08-29T01:06:42Z</time>
      </trkpt>
      <trkpt lat="23.061853" lon="113.278114">
        <time>2026-08-29T01:06:47Z</time>
      </trkpt>
      <trkpt lat="23.06185" lon="113.278009">
        <time>2026-08-29T01:06:52Z</time>
      </trkpt>
      <trkpt lat="23.061855" lon="113.277901">
        <time>2026-08-29T01:06:57Z</time>
      </trkpt>
      <trkpt lat="23.061866" lon="113.277746">
        <time>2026-08-29T01:07:02Z</time>
      </trkpt>
      <trkpt lat="23.061904" lon="113.277606">
        <time>2026-08-29T01:07:07Z</time>
      </trkpt>
      <trkpt lat="23.061938" lon="113.277513">
        <time>2026-08-29T01:07:12Z</time>
      </trkpt>
      <trkpt lat="23.061964" lon="113.277419">
        <time>2026-08-29T01:07:17Z</time>
      </trkpt>
      <trkpt lat="23.061998" lon="113.27727">
        <time>2026-08-29T01:07:22Z</time>
      </trkpt>
      <trkpt lat="23.062045" lon="113.277131">
        <time>2026-08-29T01:07:27Z</time>
      </trkpt>
      <trkpt lat="23.06207" lon="113.277044">
        <time>2026-08-29T01:07:32Z</time>
      </trkpt>
      <trkpt lat="23.062091" lon="113.276964">
        <time>2026-08-29T01:07:37Z</time>
      </trkpt>
      <trkpt lat="23.06213" lon="113.276848">
        <time>2026-08-29T01:07:42Z</time>
      </trkpt>
      <trkpt lat="23.062167" lon="113.276761">
        <time>2026-08-29T01:07:47Z</time>
      </trkpt>
      <trkpt lat="23.062183" lon="113.276718">
        <time>2026-08-29T01:07:52Z</time>
      </trkpt>
      <trkpt lat="23.062199" lon="113.276665">
        <time>2026-08-29T01:07:57Z</time>
      </trkpt>
      <trkpt lat="23.062222" lon="113.276593">
        <time>2026-08-29T01:08:02Z</time>
      </trkpt>
      <trkpt lat="23.062259" lon="113.276513">
        <time>2026-08-29T01:08:07Z</time>
      </trkpt>
      <trkpt lat="23.062284" lon="113.276457">
        <time>2026-08-29T01:08:12Z</time>
      </trkpt>
      <trkpt lat="23.062303" lon="113.276403">
        <time>2026-08-29T01:08:17Z</time>
      </trkpt>
      <trkpt lat="23.062329" lon="113.276329">
        <time>2026-08-29T01:08:22Z</time>
      </trkpt>
      <trkpt lat="23.062358" lon="113.27624">
        <time>2026-08-29T01:08:27Z</time>
      </trkpt>
      <trkpt lat="23.062386" lon="113.276185">
        <time>2026-08-29T01:08:32Z</time>
      </trkpt>
      <trkpt lat="23.062426" lon="113.276151">
        <time>2026-08-29T01:08:37Z</time>
      </trkpt>
      <trkpt lat="23.062481" lon="113.276096">
        <time>2026-08-29T01:08:42Z</time>
      </trkpt>
      <trkpt lat="23.06253" lon="113.276024">
        <time>2026-08-29T01:08:47Z</time>
      </trkpt>
      <trkpt lat="23.062557" lon="113.27597">
        <time>2026-08-29T01:08:52Z</time>
      </trkpt>
      <trkpt lat="23.062586" lon="113.275917">
        <time>2026-08-29T01:08:57Z</time>
      </trkpt>
      <trkpt lat="23.062637" lon="113.27585">
        <time>2026-08-29T01:09:02Z</time>
      </trkpt>
      <trkpt lat="23.062694" lon="113.275784">
        <time>2026-08-29T01:09:07Z</time>
      </trkpt>
      <trkpt lat="23.062711" lon="113.275731">
        <time>2026-08-29T01:09:12Z</time>
      </trkpt>
      <trkpt lat="23.062704" lon="113.275673">
        <time>2026-08-29T01:09:17Z</time>
      </trkpt>
      <trkpt lat="23.062696" lon="113.27559">
        <time>2026-08-29T01:09:22Z</time>
      </trkpt>
      <trkpt lat="23.062728" lon="113.275523">
        <time>2026-08-29T01:09:27Z</time>
      </trkpt>
      <trkpt lat="23.062772" lon="113.275488">
        <time>2026-08-29T01:09:32Z</time>
      </trkpt>
      <trkpt lat="23.062811" lon="113.275453">
        <time>2026-08-29T01:09:37Z</time>
      </trkpt>
      <trkpt lat="23.062879" lon="113.275461">
        <time>2026-08-29T01:09:42Z</time>
      </trkpt>
      <trkpt lat="23.062934" lon="113.275429">
        <time>2026-08-29T01:09:47Z</time>
      </trkpt>
      <trkpt lat="23.062919" lon="113.27533">
        <time>2026-08-29T01:09:52Z</time>
      </trkpt>
      <trkpt lat="23.062926" lon="113.275226">
        <time>2026-08-29T01:09:57Z</time>
      </trkpt>
      <trkpt lat="23.063038" lon="113.275152">
        <time>2026-08-29T01:10:02Z</time>
      </trkpt>
      <trkpt lat="23.063093" lon="113.275042">
        <time>2026-08-29T01:10:07Z</time>
      </trkpt>
      <trkpt lat="23.063109" lon="113.274959">
        <time>2026-08-29T01:10:12Z</time>
      </trkpt>
      <trkpt lat="23.063137" lon="113.274872">
        <time>2026-08-29T01:10:17Z</time>
      </trkpt>
      <trkpt lat="23.063181" lon="113.274743">
        <time>2026-08-29T01:10:22Z</time>
      </trkpt>
      <trkpt lat="23.063228" lon="113.274621">
        <time>2026-08-29T01:10:27Z</time>
      </trkpt>
      <trkpt lat="23.063259" lon="113.274543">
        <time>2026-08-29T01:10:32Z</time>
      </trkpt>
      <trkpt lat="23.063284" lon="113.274464">
        <time>2026-08-29T01:10:37Z</time>
      </trkpt>
      <trkpt lat="23.063319" lon="113.274347">
        <time>2026-08-29T01:10:42Z</time>
      </trkpt>
      <trkpt lat="23.063367" lon="113.274244">
        <time>2026-08-29T01:10:47Z</time>
      </trkpt>
      <trkpt lat="23.063391" lon="113.274194">
        <time>2026-08-29T01:10:52Z</time>
      </trkpt>
      <trkpt lat="23.063405" lon="113.274154">
        <time>2026-08-29T01:10:57Z</time>
      </trkpt>
      <trkpt lat="23.063444" lon="113.274097">
        <time>2026-08-29T01:11:02Z</time>
      </trkpt>
      <trkpt lat="23.063504" lon="113.274119">
        <time>2026-08-29T01:11:07Z</time>
      </trkpt>
      <trkpt lat="23.063561" lon="113.274139">
        <time>2026-08-29T01:11:12Z</time>
      </trkpt>
      <trkpt lat="23.063625" lon="113.27413">
        <time>2026-08-29T01:11:17Z</time>
      </trkpt>
      <trkpt lat="23.063707" lon="113.274106">
        <time>2026-08-29T01:11:22Z</time>
      </trkpt>
      <trkpt lat="23.063779" lon="113.274134">
        <time>2026-08-29T01:11:27Z</time>
      </trkpt>
      <trkpt lat="23.063822" lon="113.274115">
        <time>2026-08-29T01:11:32Z</time>
      </trkpt>
      <trkpt lat="23.063856" lon="113.274069">
        <time>2026-08-29T01:11:37Z</time>
      </trkpt>
      <trkpt lat="23.063907" lon="113.273983">
        <time>2026-08-29T01:11:42Z</time>
      </trkpt>
      <trkpt lat="23.063957" lon="113.273901">
        <time>2026-08-29T01:11:47Z</time>
      </trkpt>
      <trkpt lat="23.063991" lon="113.273853">
        <time>2026-08-29T01:11:52Z</time>
      </trkpt>
      <trkpt lat="23.064026" lon="113.273807">
        <time>2026-08-29T01:11:57Z</time>
      </trkpt>
      <trkpt lat="23.06408" lon="113.273742">
        <time>2026-08-29T01:12:02Z</time>
      </trkpt>
      <trkpt lat="23.064139" lon="113.273689">
        <time>2026-08-29T01:12:07Z</time>
      </trkpt>
      <trkpt lat="23.064178" lon="113.273652">
        <time>2026-08-29T01:12:12Z</time>
      </trkpt>
      <trkpt lat="23.06422" lon="113.273619">
        <time>2026-08-29T01:12:17Z</time>
      </trkpt>
      <trkpt lat="23.064281" lon="113.273569">
        <time>2026-08-29T01:12:22Z</time>
      </trkpt>
      <trkpt lat="23.064341" lon="113.273524">
        <time>2026-08-29T01:12:27Z</time>
      </trkpt>
      <trkpt lat="23.064388" lon="113.273486">
        <time>2026-08-29T01:12:32Z</time>
      </trkpt>
      <trkpt lat="23.064434" lon="113.273445">
        <time>2026-08-29T01:12:37Z</time>
      </trkpt>
      <trkpt lat="23.0645" lon="113.273383">
        <time>2026-08-29T01:12:42Z</time>
      </trkpt>
      <trkpt lat="23.064564" lon="113.273263">
        <time>2026-08-29T01:12:47Z</time>
      </trkpt>
      <trkpt lat="23.06458" lon="113.273163">
        <time>2026-08-29T01:12:52Z</time>
      </trkpt>
      <trkpt lat="23.064571" lon="113.273066">
        <time>2026-08-29T01:12:57Z</time>
      </trkpt>
      <trkpt lat="23.064529" lon="113.272927">
        <time>2026-08-29T01:13:02Z</time>
      </trkpt>
      <trkpt lat="23.064479" lon="113.272789">
        <time>2026-08-29T01:13:07Z</time>
      </trkpt>
      <trkpt lat="23.064459" lon="113.272695">
        <time>2026-08-29T01:13:12Z</time>
      </trkpt>
      <trkpt lat="23.064454" lon="113.2726">
        <time>2026-08-29T01:13:17Z</time>
      </trkpt>
      <trkpt lat="23.06452" lon="113.272475">
        <time>2026-08-29T01:13:22Z</time>
      </trkpt>
      <trkpt lat="23.064592" lon="113.272353">
        <time>2026-08-29T01:13:27Z</time>
      </trkpt>
      <trkpt lat="23.064614" lon="113.272265">
        <time>2026-08-29T01:13:32Z</time>
      </trkpt>
      <trkpt lat="23.064636" lon="113.27218">
        <time>2026-08-29T01:13:37Z</time>
      </trkpt>
      <trkpt lat="23.064688" lon="113.272067">
        <time>2026-08-29T01:13:42Z</time>
      </trkpt>
      <trkpt lat="23.064738" lon="113.271955">
        <time>2026-08-29T01:13:47Z</time>
      </trkpt>
      <trkpt lat="23.06477" lon="113.271876">
        <time>2026-08-29T01:13:52Z</time>
      </trkpt>
      <trkpt lat="23.064809" lon="113.2718">
        <time>2026-08-29T01:13:57Z</time>
      </trkpt>
      <trkpt lat="23.064875" lon="113.271684">
        <time>2026-08-29T01:14:02Z</time>
      </trkpt>
      <trkpt lat="23.064926" lon="113.27156">
        <time>2026-08-29T01:14:07Z</time>
      </trkpt>
      <trkpt lat="23.064958" lon="113.271483">
        <time>2026-08-29T01:14:12Z</time>
      </trkpt>
      <trkpt lat="23.06498" lon="113.271424">
        <time>2026-08-29T01:14:17Z</time>
      </trkpt>
      <trkpt lat="23.065029" lon="113.271364">
        <time>2026-08-29T01:14:22Z</time>
      </trkpt>
      <trkpt lat="23.065087" lon="113.2713">
        <time>2026-08-29T01:14:27Z</time>
      </trkpt>
      <trkpt lat="23.065114" lon="113.271242">
        <time>2026-08-29T01:14:32Z</time>
      </trkpt>
      <trkpt lat="23.06514" lon="113.271186">
        <time>2026-08-29T01:14:37Z</time>
      </trkpt>
      <trkpt lat="23.065195" lon="113.271115">
        <time>2026-08-29T01:14:42Z</time>
      </trkpt>
      <trkpt lat="23.065236" lon="113.271039">
        <time>2026-08-29T01:14:47Z</time>
      </trkpt>
      <trkpt lat="23.065253" lon="113.270984">
        <time>2026-08-29T01:14:52Z</time>
      </trkpt>
      <trkpt lat="23.06527" lon="113.27093">
        <time>2026-08-29T01:14:57Z</time>
      </trkpt>
      <trkpt lat="23.065292" lon="113.270845">
        <time>2026-08-29T01:15:02Z</time>
      </trkpt>
      <trkpt lat="23.065309" lon="113.270754">
        <time>2026-08-29T01:15:07Z</time>
      </trkpt>
      <trkpt lat="23.065329" lon="113.270696">
        <time>2026-08-29T01:15:12Z</time>
      </trkpt>
      <trkpt lat="23.065359" lon="113.270639">
        <time>2026-08-29T01:15:17Z</time>
      </trkpt>
      <trkpt lat="23.065395" lon="113.270556">
        <time>2026-08-29T01:15:22Z</time>
      </trkpt>
      <trkpt lat="23.06543" lon="113.270469">
        <time>2026-08-29T01:15:27Z</time>
      </trkpt>
      <trkpt lat="23.065456" lon="113.27042">
        <time>2026-08-29T01:15:32Z</time>
      </trkpt>
      <trkpt lat="23.065481" lon="113.270372">
        <time>2026-08-29T01:15:37Z</time>
      </trkpt>
      <trkpt lat="23.065518" lon="113.27029">
        <time>2026-08-29T01:15:42Z</time>
      </trkpt>
      <trkpt lat="23.065547" lon="113.270208">
        <time>2026-08-29T01:15:47Z</time>
      </trkpt>
      <trkpt lat="23.065559" lon="113.270158">
        <time>2026-08-29T01:15:52Z</time>
      </trkpt>
      <trkpt lat="23.065577" lon="113.270111">
        <time>2026-08-29T01:15:57Z</time>
      </trkpt>
      <trkpt lat="23.06561" lon="113.270032">
        <time>2026-08-29T01:16:02Z</time>
      </trkpt>
      <trkpt lat="23.065651" lon="113.269908">
        <time>2026-08-29T01:16:07Z</time>
      </trkpt>
      <trkpt lat="23.065676" lon="113.269817">
        <time>2026-08-29T01:16:12Z</time>
      </trkpt>
      <trkpt lat="23.065681" lon="113.269717">
        <time>2026-08-29T01:16:17Z</time>
      </trkpt>
      <trkpt lat="23.065692" lon="113.269564">
        <time>2026-08-29T01:16:22Z</time>
      </trkpt>
      <trkpt lat="23.065724" lon="113.26942">
        <time>2026-08-29T01:16:27Z</time>
      </trkpt>
      <trkpt lat="23.065751" lon="113.269326">
        <time>2026-08-29T01:16:32Z</time>
      </trkpt>
      <trkpt lat="23.065781" lon="113.269231">
        <time>2026-08-29T01:16:37Z</time>
      </trkpt>
      <trkpt lat="23.065832" lon="113.269099">
        <time>2026-08-29T01:16:42Z</time>
      </trkpt>
      <trkpt lat="23.065885" lon="113.268977">
        <time>2026-08-29T01:16:47Z</time>
      </trkpt>
      <trkpt lat="23.065922" lon="113.268894">
        <time>2026-08-29T01:16:52Z</time>
      </trkpt>
      <trkpt lat="23.065958" lon="113.268811">
        <time>2026-08-29T01:16:57Z</time>
      </trkpt>
      <trkpt lat="23.066015" lon="113.268684">
        <time>2026-08-29T01:17:02Z</time>
      </trkpt>
      <trkpt lat="23.066072" lon="113.268569">
        <time>2026-08-29T01:17:07Z</time>
      </trkpt>
      <trkpt lat="23.066116" lon="113.268495">
        <time>2026-08-29T01:17:12Z</time>
      </trkpt>
      <trkpt lat="23.066165" lon="113.268418">
        <time>2026-08-29T01:17:17Z</time>
      </trkpt>
      <trkpt lat="23.06624" lon="113.268312">
        <time>2026-08-29T01:17:22Z</time>
      </trkpt>
      <trkpt lat="23.066329" lon="113.268215">
        <time>2026-08-29T01:17:27Z</time>
      </trkpt>
      <trkpt lat="23.066403" lon="113.268162">
        <time>2026-08-29T01:17:32Z</time>
      </trkpt>
      <trkpt lat="23.066486" lon="113.268132">
        <time>2026-08-29T01:17:37Z</time>
      </trkpt>
      <trkpt lat="23.066616" lon="113.268143">
        <time>2026-08-29T01:17:42Z</time>
      </trkpt>
      <trkpt lat="23.066745" lon="113.268151">
        <time>2026-08-29T01:17:47Z</time>
      </trkpt>
      <trkpt lat="23.066832" lon="113.268157">
        <time>2026-08-29T01:17:52Z</time>
      </trkpt>
      <trkpt lat="23.066913" lon="113.268166">
        <time>2026-08-29T01:17:57Z</time>
      </trkpt>
      <trkpt lat="23.066987" lon="113.268189">
        <time>2026-08-29T01:18:02Z</time>
      </trkpt>
      <trkpt lat="23.067096" lon="113.268236">
        <time>2026-08-29T01:18:07Z</time>
      </trkpt>
      <trkpt lat="23.067179" lon="113.268281">
        <time>2026-08-29T01:18:12Z</time>
      </trkpt>
      <trkpt lat="23.067254" lon="113.268331">
        <time>2026-08-29T01:18:17Z</time>
      </trkpt>
      <trkpt lat="23.067355" lon="113.268393">
        <time>2026-08-29T01:18:22Z</time>
      </trkpt>
      <trkpt lat="23.06745" lon="113.268463">
        <time>2026-08-29T01:18:27Z</time>
      </trkpt>
      <trkpt lat="23.06753" lon="113.268507">
        <time>2026-08-29T01:18:32Z</time>
      </trkpt>
      <trkpt lat="23.067616" lon="113.268559">
        <time>2026-08-29T01:18:37Z</time>
      </trkpt>
      <trkpt lat="23.067745" lon="113.268615">
        <time>2026-08-29T01:18:42Z</time>
      </trkpt>
      <trkpt lat="23.067876" lon="113.268681">
        <time>2026-08-29T01:18:47Z</time>
      </trkpt>
      <trkpt lat="23.067952" lon="113.26874">
        <time>2026-08-29T01:18:52Z</time>
      </trkpt>
      <trkpt lat="23.068007" lon="113.268768">
        <time>2026-08-29T01:18:57Z</time>
      </trkpt>
      <trkpt lat="23.068059" lon="113.268791">
        <time>2026-08-29T01:19:02Z</time>
      </trkpt>
      <trkpt lat="23.068113" lon="113.268819">
        <time>2026-08-29T01:19:07Z</time>
      </trkpt>
      <trkpt lat="23.068147" lon="113.268834">
        <time>2026-08-29T01:19:12Z</time>
      </trkpt>
      <trkpt lat="23.06819" lon="113.268854">
        <time>2026-08-29T01:19:17Z</time>
      </trkpt>
      <trkpt lat="23.068273" lon="113.268896">
        <time>2026-08-29T01:19:22Z</time>
      </trkpt>
      <trkpt lat="23.068353" lon="113.268961">
        <time>2026-08-29T01:19:27Z</time>
      </trkpt>
      <trkpt lat="23.068412" lon="113.268998">
        <time>2026-08-29T01:19:32Z</time>
      </trkpt>
      <trkpt lat="23.06847" lon="113.269044">
        <time>2026-08-29T01:19:37Z</time>
      </trkpt>
      <trkpt lat="23.068549" lon="113.269095">
        <time>2026-08-29T01:19:42Z</time>
      </trkpt>
      <trkpt lat="23.068629" lon="113.26911">
        <time>2026-08-29T01:19:47Z</time>
      </trkpt>
      <trkpt lat="23.068677" lon="113.269128">
        <time>2026-08-29T01:19:52Z</time>
      </trkpt>
      <trkpt lat="23.068734" lon="113.269143">
        <time>2026-08-29T01:19:57Z</time>
      </trkpt>
      <trkpt lat="23.068821" lon="113.269176">
        <time>2026-08-29T01:20:02Z</time>
      </trkpt>
      <trkpt lat="23.068922" lon="113.269184">
        <time>2026-08-29T01:20:07Z</time>
      </trkpt>
      <trkpt lat="23.068974" lon="113.269195">
        <time>2026-08-29T01:20:12Z</time>
      </trkpt>
      <trkpt lat="23.069016" lon="113.269212">
        <time>2026-08-29T01:20:17Z</time>
      </trkpt>
      <trkpt lat="23.069091" lon="113.269234">
        <time>2026-08-29T01:20:22Z</time>
      </trkpt>
      <trkpt lat="23.069172" lon="113.269263">
        <time>2026-08-29T01:20:27Z</time>
      </trkpt>
      <trkpt lat="23.069224" lon="113.269274">
        <time>2026-08-29T01:20:32Z</time>
      </trkpt>
      <trkpt lat="23.06926" lon="113.269306">
        <time>2026-08-29T01:20:37Z</time>
      </trkpt>
      <trkpt lat="23.069318" lon="113.269366">
        <time>2026-08-29T01:20:42Z</time>
      </trkpt>
      <trkpt lat="23.069411" lon="113.269398">
        <time>2026-08-29T01:20:47Z</time>
      </trkpt>
      <trkpt lat="23.069469" lon="113.269424">
        <time>2026-08-29T01:20:52Z</time>
      </trkpt>
      <trkpt lat="23.069548" lon="113.269473">
        <time>2026-08-29T01:20:57Z</time>
      </trkpt>
      <trkpt lat="23.069675" lon="113.269553">
        <time>2026-08-29T01:21:02Z</time>
      </trkpt>
      <trkpt lat="23.069803" lon="113.269622">
        <time>2026-08-29T01:21:07Z</time>
      </trkpt>
      <trkpt lat="23.069889" lon="113.269666">
        <time>2026-08-29T01:21:12Z</time>
      </trkpt>
      <trkpt lat="23.069973" lon="113.269714">
        <time>2026-08-29T01:21:17Z</time>
      </trkpt>
      <trkpt lat="23.070097" lon="113.269787">
        <time>2026-08-29T01:21:22Z</time>
      </trkpt>
      <trkpt lat="23.07021" lon="113.269861">
        <time>2026-08-29T01:21:27Z</time>
      </trkpt>
      <trkpt lat="23.070288" lon="113.26991">
        <time>2026-08-29T01:21:32Z</time>
      </trkpt>
      <trkpt lat="23.070381" lon="113.269946">
        <time>2026-08-29T01:21:37Z</time>
      </trkpt>
      <trkpt lat="23.070532" lon="113.269993">
        <time>2026-08-29T01:21:42Z</time>
      </trkpt>
      <trkpt lat="23.070673" lon="113.270038">
        <time>2026-08-29T01:21:47Z</time>
      </trkpt>
      <trkpt lat="23.070742" lon="113.270075">
        <time>2026-08-29T01:21:52Z</time>
      </trkpt>
      <trkpt lat="23.070803" lon="113.270102">
        <time>2026-08-29T01:21:57Z</time>
      </trkpt>
      <trkpt lat="23.070862" lon="113.270134">
        <time>2026-08-29T01:22:02Z</time>
      </trkpt>
      <trkpt lat="23.07092" lon="113.270179">
        <time>2026-08-29T01:22:07Z</time>
      </trkpt>
      <trkpt lat="23.07096" lon="113.270203">
        <time>2026-08-29T01:22:12Z</time>
      </trkpt>
      <trkpt lat="23.071008" lon="113.270213">
        <time>2026-08-29T01:22:17Z</time>
      </trkpt>
      <trkpt lat="23.071067" lon="113.270241">
        <time>2026-08-29T01:22:22Z</time>
      </trkpt>
      <trkpt lat="23.071143" lon="113.270291">
        <time>2026-08-29T01:22:27Z</time>
      </trkpt>
      <trkpt lat="23.071199" lon="113.270324">
        <time>2026-08-29T01:22:32Z</time>
      </trkpt>
      <trkpt lat="23.071256" lon="113.270347">
        <time>2026-08-29T01:22:37Z</time>
      </trkpt>
      <trkpt lat="23.071349" lon="113.270367">
        <time>2026-08-29T01:22:42Z</time>
      </trkpt>
      <trkpt lat="23.07143" lon="113.270399">
        <time>2026-08-29T01:22:47Z</time>
      </trkpt>
      <trkpt lat="23.071486" lon="113.270422">
        <time>2026-08-29T01:22:52Z</time>
      </trkpt>
      <trkpt lat="23.071549" lon="113.270456">
        <time>2026-08-29T01:22:57Z</time>
      </trkpt>
      <trkpt lat="23.071668" lon="113.270521">
        <time>2026-08-29T01:23:02Z</time>
      </trkpt>
      <trkpt lat="23.071794" lon="113.270576">
        <time>2026-08-29T01:23:07Z</time>
      </trkpt>
      <trkpt lat="23.071879" lon="113.270615">
        <time>2026-08-29T01:23:12Z</time>
      </trkpt>
      <trkpt lat="23.071958" lon="113.270642">
        <time>2026-08-29T01:23:17Z</time>
      </trkpt>
      <trkpt lat="23.072062" lon="113.270703">
        <time>2026-08-29T01:23:22Z</time>
      </trkpt>
      <trkpt lat="23.072151" lon="113.270774">
        <time>2026-08-29T01:23:27Z</time>
      </trkpt>
      <trkpt lat="23.072232" lon="113.27081">
        <time>2026-08-29T01:23:32Z</time>
      </trkpt>
      <trkpt lat="23.072323" lon="113.270843">
        <time>2026-08-29T01:23:37Z</time>
      </trkpt>
      <trkpt lat="23.07245" lon="113.270907">
        <time>2026-08-29T01:23:42Z</time>
      </trkpt>
      <trkpt lat="23.072553" lon="113.270983">
        <time>2026-08-29T01:23:47Z</time>
      </trkpt>
      <trkpt lat="23.072616" lon="113.271018">
        <time>2026-08-29T01:23:52Z</time>
      </trkpt>
      <trkpt lat="23.072663" lon="113.271043">
        <time>2026-08-29T01:23:57Z</time>
      </trkpt>
      <trkpt lat="23.072739" lon="113.27105">
        <time>2026-08-29T01:24:02Z</time>
      </trkpt>
      <trkpt lat="23.072828" lon="113.271048">
        <time>2026-08-29T01:24:07Z</time>
      </trkpt>
      <trkpt lat="23.072875" lon="113.271066">
        <time>2026-08-29T01:24:12Z</time>
      </trkpt>
      <trkpt lat="23.072921" lon="113.271085">
        <time>2026-08-29T01:24:17Z</time>
      </trkpt>
      <trkpt lat="23.072991" lon="113.271113">
        <time>2026-08-29T01:24:22Z</time>
      </trkpt>
      <trkpt lat="23.073067" lon="113.271155">
        <time>2026-08-29T01:24:27Z</time>
      </trkpt>
      <trkpt lat="23.073125" lon="113.27118">
        <time>2026-08-29T01:24:32Z</time>
      </trkpt>
      <trkpt lat="23.073187" lon="113.271211">
        <time>2026-08-29T01:24:37Z</time>
      </trkpt>
      <trkpt lat="23.073229" lon="113.271285">
        <time>2026-08-29T01:24:42Z</time>
      </trkpt>
      <trkpt lat="23.073283" lon="113.271338">
        <time>2026-08-29T01:24:47Z</time>
      </trkpt>
      <trkpt lat="23.073341" lon="113.271363">
        <time>2026-08-29T01:24:52Z</time>
      </trkpt>
      <trkpt lat="23.073405" lon="113.271382">
        <time>2026-08-29T01:24:57Z</time>
      </trkpt>
      <trkpt lat="23.073484" lon="113.271429">
        <time>2026-08-29T01:25:02Z</time>
      </trkpt>
      <trkpt lat="23.073553" lon="113.271496">
        <time>2026-08-29T01:25:07Z</time>
      </trkpt>
      <trkpt lat="23.073605" lon="113.271539">
        <time>2026-08-29T01:25:12Z</time>
      </trkpt>
      <trkpt lat="23.073665" lon="113.271574">
        <time>2026-08-29T01:25:17Z</time>
      </trkpt>
      <trkpt lat="23.073748" lon="113.271617">
        <time>2026-08-29T01:25:22Z</time>
      </trkpt>
      <trkpt lat="23.073838" lon="113.271666">
        <time>2026-08-29T01:25:27Z</time>
      </trkpt>
      <trkpt lat="23.073892" lon="113.27169">
        <time>2026-08-29T01:25:32Z</time>
      </trkpt>
      <trkpt lat="23.073933" lon="113.271715">
        <time>2026-08-29T01:25:37Z</time>
      </trkpt>
      <trkpt lat="23.073999" lon="113.271753">
        <time>2026-08-29T01:25:42Z</time>
      </trkpt>
      <trkpt lat="23.074062" lon="113.271777">
        <time>2026-08-29T01:25:47Z</time>
      </trkpt>
      <trkpt lat="23.074081" lon="113.271801">
        <time>2026-08-29T01:25:52Z</time>
      </trkpt>
      <trkpt lat="23.074062" lon="113.271864">
        <time>2026-08-29T01:25:57Z</time>
      </trkpt>
      <trkpt lat="23.074004" lon="113.272016">
        <time>2026-08-29T01:26:02Z</time>
      </trkpt>
      <trkpt lat="23.073923" lon="113.272167">
        <time>2026-08-29T01:26:07Z</time>
      </trkpt>
      <trkpt lat="23.073864" lon="113.272273">
        <time>2026-08-29T01:26:12Z</time>
      </trkpt>
      <trkpt lat="23.073818" lon="113.272373">
        <time>2026-08-29T01:26:17Z</time>
      </trkpt>
      <trkpt lat="23.073773" lon="113.27252">
        <time>2026-08-29T01:26:22Z</time>
      </trkpt>
      <trkpt lat="23.073742" lon="113.272604">
        <time>2026-08-29T01:26:27Z</time>
      </trkpt>
      <trkpt lat="23.073724" lon="113.272656">
        <time>2026-08-29T01:26:32Z</time>
      </trkpt>
      <trkpt lat="23.07371" lon="113.272706">
        <time>2026-08-29T01:26:37Z</time>
      </trkpt>
      <trkpt lat="23.073689" lon="113.272788">
        <time>2026-08-29T01:26:42Z</time>
      </trkpt>
      <trkpt lat="23.073743" lon="113.272898">
        <time>2026-08-29T01:26:47Z</time>
      </trkpt>
      <trkpt lat="23.073817" lon="113.272952">
        <time>2026-08-29T01:26:52Z</time>
      </trkpt>
      <trkpt lat="23.073911" lon="113.272965">
        <time>2026-08-29T01:26:57Z</time>
      </trkpt>
      <trkpt lat="23.074036" lon="113.272903">
        <time>2026-08-29T01:27:02Z</time>
      </trkpt>
      <trkpt lat="23.074107" lon="113.272776">
        <time>2026-08-29T01:27:07Z</time>
      </trkpt>
      <trkpt lat="23.07414" lon="113.272691">
        <time>2026-08-29T01:27:12Z</time>
      </trkpt>
      <trkpt lat="23.074171" lon="113.272604">
        <time>2026-08-29T01:27:17Z</time>
      </trkpt>
      <trkpt lat="23.074228" lon="113.272479">
        <time>2026-08-29T01:27:22Z</time>
      </trkpt>
      <trkpt lat="23.074272" lon="113.272346">
        <time>2026-08-29T01:27:27Z</time>
      </trkpt>
      <trkpt lat="23.074294" lon="113.272263">
        <time>2026-08-29T01:27:32Z</time>
      </trkpt>
      <trkpt lat="23.074318" lon="113.272184">
        <time>2026-08-29T01:27:37Z</time>
      </trkpt>
      <trkpt lat="23.074425" lon="113.272118">
        <time>2026-08-29T01:27:42Z</time>
      </trkpt>
      <trkpt lat="23.074527" lon="113.272046">
        <time>2026-08-29T01:27:47Z</time>
      </trkpt>
      <trkpt lat="23.074597" lon="113.272062">
        <time>2026-08-29T01:27:52Z</time>
      </trkpt>
      <trkpt lat="23.074666" lon="113.272105">
        <time>2026-08-29T01:27:57Z</time>
      </trkpt>
      <trkpt lat="23.074733" lon="113.272147">
        <time>2026-08-29T01:28:02Z</time>
      </trkpt>
      <trkpt lat="23.074823" lon="113.27216">
        <time>2026-08-29T01:28:07Z</time>
      </trkpt>
      <trkpt lat="23.074875" lon="113.272179">
        <time>2026-08-29T01:28:16Z</time>
      </trkpt>
    </trkseg>
  </trk>
</gpx>