<?xml version="1.0" encoding="UTF-8"?>
<gpx xmlns="http://www.topografix.com/GPX/1/1" xmlns:gpxtpx="http://www.garmin.com/xmlschemas/TrackPointExtension/v1" xmlns:xsi="http://www.w3.org/2001/XMLSchema-instance" xsi:schemaLocation="http://www.topografix.com/GPX/1/1 http://www.topografix.com/GPX/1/1/gpx.xsd" version="1.1" creator="gpx.py -- https://github.com/tkrajina/gpxpy">
  <trk>
    <name>gpx from joyrun</name>
    <trkseg>
      <trkpt lat="23.075962" lon="113.272931">
        <time>2026-09-04T21:48:54Z</time>
      </trkpt>
      <trkpt lat="23.075965" lon="113.272924">
        <time>2026-09-04T21:48:59Z</time>
      </trkpt>
      <trkpt lat="23.075996" lon="113.272837">
        <time>2026-09-04T21:49:04Z</time>
      </trkpt>
      <trkpt lat="23.075956" lon="113.272745">
        <time>2026-09-04T21:49:09Z</time>
      </trkpt>
      <trkpt lat="23.075853" lon="113.272677">
        <time>2026-09-04T21:49:14Z</time>
      </trkpt>
      <trkpt lat="23.075737" lon="113.272604">
        <time>2026-09-04T21:49:19Z</time>
      </trkpt>
      <trkpt lat="23.075629" lon="113.272543">
        <time>2026-09-04T21:49:24Z</time>
      </trkpt>
      <trkpt lat="23.075511" lon="113.27249">
        <time>2026-09-04T21:49:29Z</time>
      </trkpt>
      <trkpt lat="23.075388" lon="113.272442">
        <time>2026-09-04T21:49:34Z</time>
      </trkpt>
      <trkpt lat="23.075266" lon="113.272378">
        <time>2026-09-04T21:49:39Z</time>
      </trkpt>
      <trkpt lat="23.075159" lon="113.272311">
        <time>2026-09-04T21:49:44Z</time>
      </trkpt>
      <trkpt lat="23.07507" lon="113.272209">
        <time>2026-09-04T21:49:49Z</time>
      </trkpt>
      <trkpt lat="23.074983" lon="113.272109">
        <time>2026-09-04T21:49:54Z</time>
      </trkpt>
      <trkpt lat="23.074881" lon="113.272033">
        <time>2026-09-04T21:49:59Z</time>
      </trkpt>
      <trkpt lat="23.074773" lon="113.272007">
        <time>2026-09-04T21:50:04Z</time>
      </trkpt>
      <trkpt lat="23.074666" lon="113.271966">
        <time>2026-09-04T21:50:09Z</time>
      </trkpt>
      <trkpt lat="23.074564" lon="113.271905">
        <time>2026-09-04T21:50:14Z</time>
      </trkpt>
      <trkpt lat="23.07446" lon="113.271865">
        <time>2026-09-04T21:50:19Z</time>
      </trkpt>
      <trkpt lat="23.074377" lon="113.271959">
        <time>2026-09-04T21:50:24Z</time>
      </trkpt>
      <trkpt lat="23.074319" lon="113.272093">
        <time>2026-09-04T21:50:29Z</time>
      </trkpt>
      <trkpt lat="23.074296" lon="113.272234">
        <time>2026-09-04T21:50:34Z</time>
      </trkpt>
      <trkpt lat="23.074271" lon="113.272372">
        <time>2026-09-04T21:50:39Z</time>
      </trkpt>
      <trkpt lat="23.07423" lon="113.272496">
        <time>2026-09-04T21:50:44Z</time>
      </trkpt>
      <trkpt lat="23.074185" lon="113.272626">
        <time>2026-09-04T21:50:49Z</time>
      </trkpt>
      <trkpt lat="23.074137" lon="113.272756">
        <time>2026-09-04T21:50:54Z</time>
      </trkpt>
      <trkpt lat="23.074088" lon="113.272882">
        <time>2026-09-04T21:50:59Z</time>
      </trkpt>
      <trkpt lat="23.074041" lon="113.273002">
        <time>2026-09-04T21:51:04Z</time>
      </trkpt>
      <trkpt lat="23.073992" lon="113.273111">
        <time>2026-09-04T21:51:09Z</time>
      </trkpt>
      <trkpt lat="23.073935" lon="113.273168">
        <time>2026-09-04T21:51:14Z</time>
      </trkpt>
      <trkpt lat="23.073942" lon="113.273105">
        <time>2026-09-04T21:51:19Z</time>
      </trkpt>
      <trkpt lat="23.073904" lon="113.273001">
        <time>2026-09-04T21:51:24Z</time>
      </trkpt>
      <trkpt lat="23.073807" lon="113.272931">
        <time>2026-09-04T21:51:29Z</time>
      </trkpt>
      <trkpt lat="23.073707" lon="113.272879">
        <time>2026-09-04T21:51:34Z</time>
      </trkpt>
      <trkpt lat="23.073695" lon="113.272793">
        <time>2026-09-04T21:51:39Z</time>
      </trkpt>
      <trkpt lat="23.073752" lon="113.272694">
        <time>2026-09-04T21:51:44Z</time>
      </trkpt>
      <trkpt lat="23.073798" lon="113.272593">
        <time>2026-09-04T21:51:49Z</time>
      </trkpt>
      <trkpt lat="23.073835" lon="113.272503">
        <time>2026-09-04T21:51:54Z</time>
      </trkpt>
      <trkpt lat="23.073877" lon="113.27242">
        <time>2026-09-04T21:51:59Z</time>
      </trkpt>
      <trkpt lat="23.073921" lon="113.272319">
        <time>2026-09-04T21:52:04Z</time>
      </trkpt>
      <trkpt lat="23.073965" lon="113.272199">
        <time>2026-09-04T21:52:09Z</time>
      </trkpt>
      <trkpt lat="23.074004" lon="113.272092">
        <time>2026-09-04T21:52:14Z</time>
      </trkpt>
      <trkpt lat="23.074046" lon="113.271984">
        <time>2026-09-04T21:52:19Z</time>
      </trkpt>
      <trkpt lat="23.074082" lon="113.271874">
        <time>2026-09-04T21:52:24Z</time>
      </trkpt>
      <trkpt lat="23.074097" lon="113.271769">
        <time>2026-09-04T21:52:29Z</time>
      </trkpt>
      <trkpt lat="23.074032" lon="113.271698">
        <time>2026-09-04T21:52:34Z</time>
      </trkpt>
      <trkpt lat="23.073935" lon="113.271637">
        <time>2026-09-04T21:52:39Z</time>
      </trkpt>
      <trkpt lat="23.073836" lon="113.271584">
        <time>2026-09-04T21:52:44Z</time>
      </trkpt>
      <trkpt lat="23.073739" lon="113.271536">
        <time>2026-09-04T21:52:49Z</time>
      </trkpt>
      <trkpt lat="23.073627" lon="113.271502">
        <time>2026-09-04T21:52:54Z</time>
      </trkpt>
      <trkpt lat="23.07351" lon="113.271475">
        <time>2026-09-04T21:52:59Z</time>
      </trkpt>
      <trkpt lat="23.073405" lon="113.271428">
        <time>2026-09-04T21:53:04Z</time>
      </trkpt>
      <trkpt lat="23.073309" lon="113.271363">
        <time>2026-09-04T21:53:09Z</time>
      </trkpt>
      <trkpt lat="23.073218" lon="113.271258">
        <time>2026-09-04T21:53:14Z</time>
      </trkpt>
      <trkpt lat="23.073139" lon="113.271172">
        <time>2026-09-04T21:53:19Z</time>
      </trkpt>
      <trkpt lat="23.073042" lon="113.271109">
        <time>2026-09-04T21:53:24Z</time>
      </trkpt>
      <trkpt lat="23.072946" lon="113.271036">
        <time>2026-09-04T21:53:29Z</time>
      </trkpt>
      <trkpt lat="23.07286" lon="113.270949">
        <time>2026-09-04T21:53:34Z</time>
      </trkpt>
      <trkpt lat="23.072757" lon="113.270869">
        <time>2026-09-04T21:53:39Z</time>
      </trkpt>
      <trkpt lat="23.072645" lon="113.27081">
        <time>2026-09-04T21:53:44Z</time>
      </trkpt>
      <trkpt lat="23.072534" lon="113.270771">
        <time>2026-09-04T21:53:49Z</time>
      </trkpt>
      <trkpt lat="23.072416" lon="113.270752">
        <time>2026-09-04T21:53:54Z</time>
      </trkpt>
      <trkpt lat="23.072307" lon="113.270696">
        <time>2026-09-04T21:53:59Z</time>
      </trkpt>
      <trkpt lat="23.072211" lon="113.270602">
        <time>2026-09-04T21:54:04Z</time>
      </trkpt>
      <trkpt lat="23.072108" lon="113.270539">
        <time>2026-09-04T21:54:09Z</time>
      </trkpt>
      <trkpt lat="23.071994" lon="113.270477">
        <time>2026-09-04T21:54:14Z</time>
      </trkpt>
      <trkpt lat="23.071879" lon="113.270399">
        <time>2026-09-04T21:54:19Z</time>
      </trkpt>
      <trkpt lat="23.071775" lon="113.270346">
        <time>2026-09-04T21:54:24Z</time>
      </trkpt>
      <trkpt lat="23.071672" lon="113.270308">
        <time>2026-09-04T21:54:29Z</time>
      </trkpt>
      <trkpt lat="23.071568" lon="113.270251">
        <time>2026-09-04T21:54:34Z</time>
      </trkpt>
      <trkpt lat="23.071456" lon="113.270204">
        <time>2026-09-04T21:54:39Z</time>
      </trkpt>
      <trkpt lat="23.071347" lon="113.270151">
        <time>2026-09-04T21:54:44Z</time>
      </trkpt>
      <trkpt lat="23.07123" lon="113.270093">
        <time>2026-09-04T21:54:49Z</time>
      </trkpt>
      <trkpt lat="23.071106" lon="113.27008">
        <time>2026-09-04T21:54:54Z</time>
      </trkpt>
      <trkpt lat="23.071034" lon="113.27007">
        <time>2026-09-04T21:54:59Z</time>
      </trkpt>
      <trkpt lat="23.071004" lon="113.270065">
        <time>2026-09-04T21:55:04Z</time>
      </trkpt>
      <trkpt lat="23.070965" lon="113.270051">
        <time>2026-09-04T21:55:09Z</time>
      </trkpt>
      <trkpt lat="23.070925" lon="113.27004">
        <time>2026-09-04T21:55:14Z</time>
      </trkpt>
      <trkpt lat="23.070882" lon="113.270023">
        <time>2026-09-04T21:55:19Z</time>
      </trkpt>
      <trkpt lat="23.070822" lon="113.270002">
        <time>2026-09-04T21:55:24Z</time>
      </trkpt>
      <trkpt lat="23.07068" lon="113.269946">
        <time>2026-09-04T21:55:29Z</time>
      </trkpt>
      <trkpt lat="23.070507" lon="113.269864">
        <time>2026-09-04T21:55:34Z</time>
      </trkpt>
      <trkpt lat="23.070382" lon="113.269826">
        <time>2026-09-04T21:55:39Z</time>
      </trkpt>
      <trkpt lat="23.070255" lon="113.269808">
        <time>2026-09-04T21:55:44Z</time>
      </trkpt>
      <trkpt lat="23.070142" lon="113.26977">
        <time>2026-09-04T21:55:49Z</time>
      </trkpt>
      <trkpt lat="23.070036" lon="113.26971">
        <time>2026-09-04T21:55:54Z</time>
      </trkpt>
      <trkpt lat="23.069931" lon="113.269644">
        <time>2026-09-04T21:55:59Z</time>
      </trkpt>
      <trkpt lat="23.069831" lon="113.269572">
        <time>2026-09-04T21:56:04Z</time>
      </trkpt>
      <trkpt lat="23.069723" lon="113.269516">
        <time>2026-09-04T21:56:09Z</time>
      </trkpt>
      <trkpt lat="23.069603" lon="113.269462">
        <time>2026-09-04T21:56:14Z</time>
      </trkpt>
      <trkpt lat="23.069482" lon="113.269419">
        <time>2026-09-04T21:56:19Z</time>
      </trkpt>
      <trkpt lat="23.069371" lon="113.269365">
        <time>2026-09-04T21:56:24Z</time>
      </trkpt>
      <trkpt lat="23.06926" lon="113.269292">
        <time>2026-09-04T21:56:29Z</time>
      </trkpt>
      <trkpt lat="23.06917" lon="113.26919">
        <time>2026-09-04T21:56:34Z</time>
      </trkpt>
      <trkpt lat="23.069116" lon="113.269059">
        <time>2026-09-04T21:56:39Z</time>
      </trkpt>
      <trkpt lat="23.06903" lon="113.268984">
        <time>2026-09-04T21:56:44Z</time>
      </trkpt>
      <trkpt lat="23.068938" lon="113.268944">
        <time>2026-09-04T21:56:49Z</time>
      </trkpt>
      <trkpt lat="23.06884" lon="113.268909">
        <time>2026-09-04T21:56:54Z</time>
      </trkpt>
      <trkpt lat="23.068732" lon="113.268871">
        <time>2026-09-04T21:56:59Z</time>
      </trkpt>
      <trkpt lat="23.068626" lon="113.268828">
        <time>2026-09-04T21:57:04Z</time>
      </trkpt>
      <trkpt lat="23.068517" lon="113.268779">
        <time>2026-09-04T21:57:09Z</time>
      </trkpt>
      <trkpt lat="23.068402" lon="113.268732">
        <time>2026-09-04T21:57:14Z</time>
      </trkpt>
      <trkpt lat="23.068294" lon="113.26869">
        <time>2026-09-04T21:57:19Z</time>
      </trkpt>
      <trkpt lat="23.068183" lon="113.268648">
        <time>2026-09-04T21:57:24Z</time>
      </trkpt>
      <trkpt lat="23.068065" lon="113.268599">
        <time>2026-09-04T21:57:29Z</time>
      </trkpt>
      <trkpt lat="23.067938" lon="113.268525">
        <time>2026-09-04T21:57:34Z</time>
      </trkpt>
      <trkpt lat="23.067818" lon="113.268463">
        <time>2026-09-04T21:57:39Z</time>
      </trkpt>
      <trkpt lat="23.067707" lon="113.268408">
        <time>2026-09-04T21:57:44Z</time>
      </trkpt>
      <trkpt lat="23.067602" lon="113.268355">
        <time>2026-09-04T21:57:49Z</time>
      </trkpt>
      <trkpt lat="23.067497" lon="113.268306">
        <time>2026-09-04T21:57:54Z</time>
      </trkpt>
      <trkpt lat="23.067383" lon="113.268263">
        <time>2026-09-04T21:57:59Z</time>
      </trkpt>
      <trkpt lat="23.067266" lon="113.268218">
        <time>2026-09-04T21:58:04Z</time>
      </trkpt>
      <trkpt lat="23.067161" lon="113.268168">
        <time>2026-09-04T21:58:09Z</time>
      </trkpt>
      <trkpt lat="23.067057" lon="113.268112">
        <time>2026-09-04T21:58:14Z</time>
      </trkpt>
      <trkpt lat="23.066946" lon="113.268064">
        <time>2026-09-04T21:58:19Z</time>
      </trkpt>
      <trkpt lat="23.066822" lon="113.268032">
        <time>2026-09-04T21:58:24Z</time>
      </trkpt>
      <trkpt lat="23.066693" lon="113.268008">
        <time>2026-09-04T21:58:29Z</time>
      </trkpt>
      <trkpt lat="23.066571" lon="113.267979">
        <time>2026-09-04T21:58:34Z</time>
      </trkpt>
      <trkpt lat="23.066451" lon="113.267942">
        <time>2026-09-04T21:58:39Z</time>
      </trkpt>
      <trkpt lat="23.066333" lon="113.267941">
        <time>2026-09-04T21:58:44Z</time>
      </trkpt>
      <trkpt lat="23.06622" lon="113.267983">
        <time>2026-09-04T21:58:49Z</time>
      </trkpt>
      <trkpt lat="23.066131" lon="113.268085">
        <time>2026-09-04T21:58:54Z</time>
      </trkpt>
      <trkpt lat="23.066045" lon="113.26819">
        <time>2026-09-04T21:58:59Z</time>
      </trkpt>
      <trkpt lat="23.065967" lon="113.268287">
        <time>2026-09-04T21:59:04Z</time>
      </trkpt>
      <trkpt lat="23.065898" lon="113.268391">
        <time>2026-09-04T21:59:09Z</time>
      </trkpt>
      <trkpt lat="23.065834" lon="113.268499">
        <time>2026-09-04T21:59:14Z</time>
      </trkpt>
      <trkpt lat="23.065777" lon="113.268623">
        <time>2026-09-04T21:59:19Z</time>
      </trkpt>
      <trkpt lat="23.06572" lon="113.268745">
        <time>2026-09-04T21:59:24Z</time>
      </trkpt>
      <trkpt lat="23.065673" lon="113.268856">
        <time>2026-09-04T21:59:29Z</time>
      </trkpt>
      <trkpt lat="23.065634" lon="113.268976">
        <time>2026-09-04T21:59:34Z</time>
      </trkpt>
      <trkpt lat="23.065596" lon="113.269093">
        <time>2026-09-04T21:59:39Z</time>
      </trkpt>
      <trkpt lat="23.065558" lon="113.269213">
        <time>2026-09-04T21:59:44Z</time>
      </trkpt>
      <trkpt lat="23.065525" lon="113.269343">
        <time>2026-09-04T21:59:49Z</time>
      </trkpt>
      <trkpt lat="23.065501" lon="113.269475">
        <time>2026-09-04T21:59:54Z</time>
      </trkpt>
      <trkpt lat="23.065471" lon="113.269605">
        <time>2026-09-04T21:59:59Z</time>
      </trkpt>
      <trkpt lat="23.065436" lon="113.269736">
        <time>2026-09-04T22:00:04Z</time>
      </trkpt>
      <trkpt lat="23.065389" lon="113.269859">
        <time>2026-09-04T22:00:09Z</time>
      </trkpt>
      <trkpt lat="23.065345" lon="113.26998">
        <time>2026-09-04T22:00:14Z</time>
      </trkpt>
      <trkpt lat="23.065299" lon="113.270103">
        <time>2026-09-04T22:00:19Z</time>
      </trkpt>
      <trkpt lat="23.065247" lon="113.270226">
        <time>2026-09-04T22:00:24Z</time>
      </trkpt>
      <trkpt lat="23.065191" lon="113.270345">
        <time>2026-09-04T22:00:29Z</time>
      </trkpt>
      <trkpt lat="23.065137" lon="113.270458">
        <time>2026-09-04T22:00:34Z</time>
      </trkpt>
      <trkpt lat="23.065085" lon="113.270576">
        <time>2026-09-04T22:00:39Z</time>
      </trkpt>
      <trkpt lat="23.065035" lon="113.270697">
        <time>2026-09-04T22:00:44Z</time>
      </trkpt>
      <trkpt lat="23.064983" lon="113.270816">
        <time>2026-09-04T22:00:49Z</time>
      </trkpt>
      <trkpt lat="23.064926" lon="113.270934">
        <time>2026-09-04T22:00:54Z</time>
      </trkpt>
      <trkpt lat="23.064872" lon="113.271056">
        <time>2026-09-04T22:00:59Z</time>
      </trkpt>
      <trkpt lat="23.064815" lon="113.271177">
        <time>2026-09-04T22:01:04Z</time>
      </trkpt>
      <trkpt lat="23.064757" lon="113.271297">
        <time>2026-09-04T22:01:09Z</time>
      </trkpt>
      <trkpt lat="23.064705" lon="113.271415">
        <time>2026-09-04T22:01:14Z</time>
      </trkpt>
      <trkpt lat="23.064643" lon="113.271531">
        <time>2026-09-04T22:01:19Z</time>
      </trkpt>
      <trkpt lat="23.064578" lon="113.27165">
        <time>2026-09-04T22:01:24Z</time>
      </trkpt>
      <trkpt lat="23.064521" lon="113.271773">
        <time>2026-09-04T22:01:29Z</time>
      </trkpt>
      <trkpt lat="23.064471" lon="113.271894">
        <time>2026-09-04T22:01:34Z</time>
      </trkpt>
      <trkpt lat="23.064417" lon="113.272021">
        <time>2026-09-04T22:01:39Z</time>
      </trkpt>
      <trkpt lat="23.064363" lon="113.272144">
        <time>2026-09-04T22:01:44Z</time>
      </trkpt>
      <trkpt lat="23.064334" lon="113.272276">
        <time>2026-09-04T22:01:49Z</time>
      </trkpt>
      <trkpt lat="23.064321" lon="113.272408">
        <time>2026-09-04T22:01:54Z</time>
      </trkpt>
      <trkpt lat="23.064315" lon="113.272531">
        <time>2026-09-04T22:01:59Z</time>
      </trkpt>
      <trkpt lat="23.06433" lon="113.272662">
        <time>2026-09-04T22:02:04Z</time>
      </trkpt>
      <trkpt lat="23.064369" lon="113.272788">
        <time>2026-09-04T22:02:09Z</time>
      </trkpt>
      <trkpt lat="23.064412" lon="113.27291">
        <time>2026-09-04T22:02:14Z</time>
      </trkpt>
      <trkpt lat="23.064452" lon="113.273034">
        <time>2026-09-04T22:02:19Z</time>
      </trkpt>
      <trkpt lat="23.064471" lon="113.273161">
        <time>2026-09-04T22:02:24Z</time>
      </trkpt>
      <trkpt lat="23.064433" lon="113.273285">
        <time>2026-09-04T22:02:29Z</time>
      </trkpt>
      <trkpt lat="23.064343" lon="113.27338">
        <time>2026-09-04T22:02:34Z</time>
      </trkpt>
      <trkpt lat="23.064233" lon="113.273453">
        <time>2026-09-04T22:02:39Z</time>
      </trkpt>
      <trkpt lat="23.064132" lon="113.273523">
        <time>2026-09-04T22:02:44Z</time>
      </trkpt>
      <trkpt lat="23.064029" lon="113.273599">
        <time>2026-09-04T22:02:49Z</time>
      </trkpt>
      <trkpt lat="23.063937" lon="113.273685">
        <time>2026-09-04T22:02:54Z</time>
      </trkpt>
      <trkpt lat="23.063866" lon="113.273785">
        <time>2026-09-04T22:02:59Z</time>
      </trkpt>
      <trkpt lat="23.063805" lon="113.273893">
        <time>2026-09-04T22:03:04Z</time>
      </trkpt>
      <trkpt lat="23.063742" lon="113.274007">
        <time>2026-09-04T22:03:09Z</time>
      </trkpt>
      <trkpt lat="23.063663" lon="113.274108">
        <time>2026-09-04T22:03:14Z</time>
      </trkpt>
      <trkpt lat="23.063574" lon="113.274182">
        <time>2026-09-04T22:03:19Z</time>
      </trkpt>
      <trkpt lat="23.063504" lon="113.274292">
        <time>2026-09-04T22:03:24Z</time>
      </trkpt>
      <trkpt lat="23.063448" lon="113.274427">
        <time>2026-09-04T22:03:29Z</time>
      </trkpt>
      <trkpt lat="23.063403" lon="113.27456">
        <time>2026-09-04T22:03:34Z</time>
      </trkpt>
      <trkpt lat="23.063363" lon="113.274685">
        <time>2026-09-04T22:03:39Z</time>
      </trkpt>
      <trkpt lat="23.063314" lon="113.274821">
        <time>2026-09-04T22:03:44Z</time>
      </trkpt>
      <trkpt lat="23.063265" lon="113.274962">
        <time>2026-09-04T22:03:49Z</time>
      </trkpt>
      <trkpt lat="23.063199" lon="113.275093">
        <time>2026-09-04T22:03:54Z</time>
      </trkpt>
      <trkpt lat="23.06313" lon="113.275213">
        <time>2026-09-04T22:03:59Z</time>
      </trkpt>
      <trkpt lat="23.063065" lon="113.275328">
        <time>2026-09-04T22:04:04Z</time>
      </trkpt>
      <trkpt lat="23.063" lon="113.275437">
        <time>2026-09-04T22:04:09Z</time>
      </trkpt>
      <trkpt lat="23.062918" lon="113.275544">
        <time>2026-09-04T22:04:14Z</time>
      </trkpt>
      <trkpt lat="23.062831" lon="113.275644">
        <time>2026-09-04T22:04:19Z</time>
      </trkpt>
      <trkpt lat="23.06274" lon="113.27573">
        <time>2026-09-04T22:04:24Z</time>
      </trkpt>
      <trkpt lat="23.062655" lon="113.275816">
        <time>2026-09-04T22:04:29Z</time>
      </trkpt>
      <trkpt lat="23.06258" lon="113.275912">
        <time>2026-09-04T22:04:34Z</time>
      </trkpt>
      <trkpt lat="23.062512" lon="113.276016">
        <time>2026-09-04T22:04:39Z</time>
      </trkpt>
      <trkpt lat="23.062456" lon="113.27613">
        <time>2026-09-04T22:04:44Z</time>
      </trkpt>
      <trkpt lat="23.062399" lon="113.276249">
        <time>2026-09-04T22:04:49Z</time>
      </trkpt>
      <trkpt lat="23.062357" lon="113.276371">
        <time>2026-09-04T22:04:54Z</time>
      </trkpt>
      <trkpt lat="23.062314" lon="113.276494">
        <time>2026-09-04T22:04:59Z</time>
      </trkpt>
      <trkpt lat="23.062272" lon="113.276618">
        <time>2026-09-04T22:05:04Z</time>
      </trkpt>
      <trkpt lat="23.062228" lon="113.276739">
        <time>2026-09-04T22:05:09Z</time>
      </trkpt>
      <trkpt lat="23.062183" lon="113.276863">
        <time>2026-09-04T22:05:14Z</time>
      </trkpt>
      <trkpt lat="23.062137" lon="113.276981">
        <time>2026-09-04T22:05:19Z</time>
      </trkpt>
      <trkpt lat="23.06209" lon="113.277104">
        <time>2026-09-04T22:05:24Z</time>
      </trkpt>
      <trkpt lat="23.062043" lon="113.277233">
        <time>2026-09-04T22:05:29Z</time>
      </trkpt>
      <trkpt lat="23.061994" lon="113.277358">
        <time>2026-09-04T22:05:34Z</time>
      </trkpt>
      <trkpt lat="23.061949" lon="113.277482">
        <time>2026-09-04T22:05:39Z</time>
      </trkpt>
      <trkpt lat="23.061891" lon="113.277599">
        <time>2026-09-04T22:05:44Z</time>
      </trkpt>
      <trkpt lat="23.061844" lon="113.277719">
        <time>2026-09-04T22:05:49Z</time>
      </trkpt>
      <trkpt lat="23.06183" lon="113.277842">
        <time>2026-09-04T22:05:54Z</time>
      </trkpt>
      <trkpt lat="23.06183" lon="113.277964">
        <time>2026-09-04T22:05:59Z</time>
      </trkpt>
      <trkpt lat="23.061838" lon="113.278084">
        <time>2026-09-04T22:06:04Z</time>
      </trkpt>
      <trkpt lat="23.061849" lon="113.278203">
        <time>2026-09-04T22:06:09Z</time>
      </trkpt>
      <trkpt lat="23.061849" lon="113.278331">
        <time>2026-09-04T22:06:14Z</time>
      </trkpt>
      <trkpt lat="23.061857" lon="113.278457">
        <time>2026-09-04T22:06:19Z</time>
      </trkpt>
      <trkpt lat="23.061856" lon="113.278583">
        <time>2026-09-04T22:06:24Z</time>
      </trkpt>
      <trkpt lat="23.061835" lon="113.278707">
        <time>2026-09-04T22:06:29Z</time>
      </trkpt>
      <trkpt lat="23.061758" lon="113.278756">
        <time>2026-09-04T22:06:34Z</time>
      </trkpt>
      <trkpt lat="23.061696" lon="113.278845">
        <time>2026-09-04T22:06:39Z</time>
      </trkpt>
      <trkpt lat="23.06164" lon="113.278961">
        <time>2026-09-04T22:06:44Z</time>
      </trkpt>
      <trkpt lat="23.061594" lon="113.279078">
        <time>2026-09-04T22:06:49Z</time>
      </trkpt>
      <trkpt lat="23.061554" lon="113.279175">
        <time>2026-09-04T22:06:54Z</time>
      </trkpt>
      <trkpt lat="23.061528" lon="113.279266">
        <time>2026-09-04T22:06:59Z</time>
      </trkpt>
      <trkpt lat="23.061478" lon="113.27938">
        <time>2026-09-04T22:07:04Z</time>
      </trkpt>
      <trkpt lat="23.061426" lon="113.279499">
        <time>2026-09-04T22:07:09Z</time>
      </trkpt>
      <trkpt lat="23.061366" lon="113.279636">
        <time>2026-09-04T22:07:14Z</time>
      </trkpt>
      <trkpt lat="23.061308" lon="113.279768">
        <time>2026-09-04T22:07:19Z</time>
      </trkpt>
      <trkpt lat="23.061252" lon="113.279899">
        <time>2026-09-04T22:07:24Z</time>
      </trkpt>
      <trkpt lat="23.061206" lon="113.280038">
        <time>2026-09-04T22:07:29Z</time>
      </trkpt>
      <trkpt lat="23.06116" lon="113.280172">
        <time>2026-09-04T22:07:34Z</time>
      </trkpt>
      <trkpt lat="23.061107" lon="113.280301">
        <time>2026-09-04T22:07:39Z</time>
      </trkpt>
      <trkpt lat="23.061057" lon="113.280433">
        <time>2026-09-04T22:07:44Z</time>
      </trkpt>
      <trkpt lat="23.060997" lon="113.280561">
        <time>2026-09-04T22:07:49Z</time>
      </trkpt>
      <trkpt lat="23.060934" lon="113.280683">
        <time>2026-09-04T22:07:54Z</time>
      </trkpt>
      <trkpt lat="23.060884" lon="113.280808">
        <time>2026-09-04T22:07:59Z</time>
      </trkpt>
      <trkpt lat="23.060832" lon="113.280926">
        <time>2026-09-04T22:08:04Z</time>
      </trkpt>
      <trkpt lat="23.060784" lon="113.281049">
        <time>2026-09-04T22:08:09Z</time>
      </trkpt>
      <trkpt lat="23.060735" lon="113.28117">
        <time>2026-09-04T22:08:14Z</time>
      </trkpt>
      <trkpt lat="23.06068" lon="113.281289">
        <time>2026-09-04T22:08:19Z</time>
      </trkpt>
      <trkpt lat="23.060622" lon="113.281411">
        <time>2026-09-04T22:08:24Z</time>
      </trkpt>
      <trkpt lat="23.060569" lon="113.281536">
        <time>2026-09-04T22:08:29Z</time>
      </trkpt>
      <trkpt lat="23.060519" lon="113.281654">
        <time>2026-09-04T22:08:34Z</time>
      </trkpt>
      <trkpt lat="23.060463" lon="113.281774">
        <time>2026-09-04T22:08:39Z</time>
      </trkpt>
      <trkpt lat="23.060415" lon="113.281902">
        <time>2026-09-04T22:08:44Z</time>
      </trkpt>
      <trkpt lat="23.060366" lon="113.282027">
        <time>2026-09-04T22:08:49Z</time>
      </trkpt>
      <trkpt lat="23.060313" lon="113.282155">
        <time>2026-09-04T22:08:54Z</time>
      </trkpt>
      <trkpt lat="23.060263" lon="113.282279">
        <time>2026-09-04T22:08:59Z</time>
      </trkpt>
      <trkpt lat="23.060211" lon="113.282398">
        <time>2026-09-04T22:09:04Z</time>
      </trkpt>
      <trkpt lat="23.060159" lon="113.282514">
        <time>2026-09-04T22:09:09Z</time>
      </trkpt>
      <trkpt lat="23.060103" lon="113.282633">
        <time>2026-09-04T22:09:14Z</time>
      </trkpt>
      <trkpt lat="23.060035" lon="113.282748">
        <time>2026-09-04T22:09:19Z</time>
      </trkpt>
      <trkpt lat="23.059981" lon="113.282879">
        <time>2026-09-04T22:09:24Z</time>
      </trkpt>
      <trkpt lat="23.059932" lon="113.283007">
        <time>2026-09-04T22:09:29Z</time>
      </trkpt>
      <trkpt lat="23.059885" lon="113.283126">
        <time>2026-09-04T22:09:34Z</time>
      </trkpt>
      <trkpt lat="23.059837" lon="113.283243">
        <time>2026-09-04T22:09:39Z</time>
      </trkpt>
      <trkpt lat="23.059792" lon="113.283362">
        <time>2026-09-04T22:09:44Z</time>
      </trkpt>
      <trkpt lat="23.059745" lon="113.283489">
        <time>2026-09-04T22:09:49Z</time>
      </trkpt>
      <trkpt lat="23.059687" lon="113.283604">
        <time>2026-09-04T22:09:54Z</time>
      </trkpt>
      <trkpt lat="23.059638" lon="113.283722">
        <time>2026-09-04T22:09:59Z</time>
      </trkpt>
      <trkpt lat="23.059594" lon="113.283844">
        <time>2026-09-04T22:10:04Z</time>
      </trkpt>
      <trkpt lat="23.059536" lon="113.283964">
        <time>2026-09-04T22:10:09Z</time>
      </trkpt>
      <trkpt lat="23.059488" lon="113.284092">
        <time>2026-09-04T22:10:14Z</time>
      </trkpt>
      <trkpt lat="23.059439" lon="113.284229">
        <time>2026-09-04T22:10:19Z</time>
      </trkpt>
      <trkpt lat="23.059391" lon="113.284353">
        <time>2026-09-04T22:10:24Z</time>
      </trkpt>
      <trkpt lat="23.059337" lon="113.284475">
        <time>2026-09-04T22:10:29Z</time>
      </trkpt>
      <trkpt lat="23.059287" lon="113.284598">
        <time>2026-09-04T22:10:34Z</time>
      </trkpt>
      <trkpt lat="23.059245" lon="113.284722">
        <time>2026-09-04T22:10:39Z</time>
      </trkpt>
      <trkpt lat="23.059196" lon="113.284842">
        <time>2026-09-04T22:10:44Z</time>
      </trkpt>
      <trkpt lat="23.059142" lon="113.284957">
        <time>2026-09-04T22:10:49Z</time>
      </trkpt>
      <trkpt lat="23.059096" lon="113.285072">
        <time>2026-09-04T22:10:54Z</time>
      </trkpt>
      <trkpt lat="23.059048" lon="113.285186">
        <time>2026-09-04T22:10:59Z</time>
      </trkpt>
      <trkpt lat="23.058995" lon="113.285306">
        <time>2026-09-04T22:11:04Z</time>
      </trkpt>
      <trkpt lat="23.058946" lon="113.285428">
        <time>2026-09-04T22:11:09Z</time>
      </trkpt>
      <trkpt lat="23.058892" lon="113.285542">
        <time>2026-09-04T22:11:14Z</time>
      </trkpt>
      <trkpt lat="23.058837" lon="113.285666">
        <time>2026-09-04T22:11:19Z</time>
      </trkpt>
      <trkpt lat="23.058783" lon="113.285795">
        <time>2026-09-04T22:11:24Z</time>
      </trkpt>
      <trkpt lat="23.058738" lon="113.285918">
        <time>2026-09-04T22:11:29Z</time>
      </trkpt>
      <trkpt lat="23.05869" lon="113.286035">
        <time>2026-09-04T22:11:34Z</time>
      </trkpt>
      <trkpt lat="23.058663" lon="113.286162">
        <time>2026-09-04T22:11:39Z</time>
      </trkpt>
      <trkpt lat="23.058687" lon="113.286279">
        <time>2026-09-04T22:11:44Z</time>
      </trkpt>
      <trkpt lat="23.058788" lon="113.28634">
        <time>2026-09-04T22:11:49Z</time>
      </trkpt>
      <trkpt lat="23.058909" lon="113.286357">
        <time>2026-09-04T22:11:54Z</time>
      </trkpt>
      <trkpt lat="23.059021" lon="113.286382">
        <time>2026-09-04T22:11:59Z</time>
      </trkpt>
      <trkpt lat="23.059138" lon="113.286412">
        <time>2026-09-04T22:12:04Z</time>
      </trkpt>
      <trkpt lat="23.059264" lon="113.286434">
        <time>2026-09-04T22:12:09Z</time>
      </trkpt>
      <trkpt lat="23.05939" lon="113.286448">
        <time>2026-09-04T22:12:14Z</time>
      </trkpt>
      <trkpt lat="23.059522" lon="113.28644">
        <time>2026-09-04T22:12:19Z</time>
      </trkpt>
      <trkpt lat="23.059647" lon="113.286443">
        <time>2026-09-04T22:12:24Z</time>
      </trkpt>
      <trkpt lat="23.059758" lon="113.286452">
        <time>2026-09-04T22:12:29Z</time>
      </trkpt>
      <trkpt lat="23.059869" lon="113.28646">
        <time>2026-09-04T22:12:34Z</time>
      </trkpt>
      <trkpt lat="23.059989" lon="113.286463">
        <time>2026-09-04T22:12:39Z</time>
      </trkpt>
      <trkpt lat="23.0601" lon="113.286494">
        <time>2026-09-04T22:12:44Z</time>
      </trkpt>
      <trkpt lat="23.06014" lon="113.286619">
        <time>2026-09-04T22:12:49Z</time>
      </trkpt>
      <trkpt lat="23.060142" lon="113.286812">
        <time>2026-09-04T22:12:54Z</time>
      </trkpt>
      <trkpt lat="23.060191" lon="113.286971">
        <time>2026-09-04T22:12:59Z</time>
      </trkpt>
      <trkpt lat="23.06025" lon="113.287105">
        <time>2026-09-04T22:13:04Z</time>
      </trkpt>
      <trkpt lat="23.060312" lon="113.28722">
        <time>2026-09-04T22:13:09Z</time>
      </trkpt>
      <trkpt lat="23.060305" lon="113.287336">
        <time>2026-09-04T22:13:14Z</time>
      </trkpt>
      <trkpt lat="23.060314" lon="113.287456">
        <time>2026-09-04T22:13:19Z</time>
      </trkpt>
      <trkpt lat="23.060322" lon="113.287589">
        <time>2026-09-04T22:13:24Z</time>
      </trkpt>
      <trkpt lat="23.060284" lon="113.287735">
        <time>2026-09-04T22:13:29Z</time>
      </trkpt>
      <trkpt lat="23.060229" lon="113.287873">
        <time>2026-09-04T22:13:34Z</time>
      </trkpt>
      <trkpt lat="23.060165" lon="113.287956">
        <time>2026-09-04T22:13:39Z</time>
      </trkpt>
      <trkpt lat="23.060035" lon="113.287971">
        <time>2026-09-04T22:13:44Z</time>
      </trkpt>
      <trkpt lat="23.059891" lon="113.287973">
        <time>2026-09-04T22:13:49Z</time>
      </trkpt>
      <trkpt lat="23.059767" lon="113.288007">
        <time>2026-09-04T22:13:54Z</time>
      </trkpt>
      <trkpt lat="23.059647" lon="113.288054">
        <time>2026-09-04T22:13:59Z</time>
      </trkpt>
      <trkpt lat="23.059519" lon="113.288093">
        <time>2026-09-04T22:14:04Z</time>
      </trkpt>
      <trkpt lat="23.05939" lon="113.28809">
        <time>2026-09-04T22:14:09Z</time>
      </trkpt>
      <trkpt lat="23.059257" lon="113.288094">
        <time>2026-09-04T22:14:14Z</time>
      </trkpt>
      <trkpt lat="23.059133" lon="113.288092">
        <time>2026-09-04T22:14:19Z</time>
      </trkpt>
      <trkpt lat="23.059004" lon="113.288102">
        <time>2026-09-04T22:14:24Z</time>
      </trkpt>
      <trkpt lat="23.058877" lon="113.288114">
        <time>2026-09-04T22:14:29Z</time>
      </trkpt>
      <trkpt lat="23.058754" lon="113.288114">
        <time>2026-09-04T22:14:34Z</time>
      </trkpt>
      <trkpt lat="23.058631" lon="113.288123">
        <time>2026-09-04T22:14:39Z</time>
      </trkpt>
      <trkpt lat="23.0585" lon="113.288171">
        <time>2026-09-04T22:14:44Z</time>
      </trkpt>
      <trkpt lat="23.0584" lon="113.288235">
        <time>2026-09-04T22:14:49Z</time>
      </trkpt>
      <trkpt lat="23.058348" lon="113.288346">
        <time>2026-09-04T22:14:54Z</time>
      </trkpt>
      <trkpt lat="23.058362" lon="113.288488">
        <time>2026-09-04T22:14:59Z</time>
      </trkpt>
      <trkpt lat="23.058392" lon="113.288625">
        <time>2026-09-04T22:15:04Z</time>
      </trkpt>
      <trkpt lat="23.058432" lon="113.288763">
        <time>2026-09-04T22:15:09Z</time>
      </trkpt>
      <trkpt lat="23.05846" lon="113.288896">
        <time>2026-09-04T22:15:14Z</time>
      </trkpt>
      <trkpt lat="23.058462" lon="113.289024">
        <time>2026-09-04T22:15:19Z</time>
      </trkpt>
      <trkpt lat="23.058479" lon="113.289154">
        <time>2026-09-04T22:15:24Z</time>
      </trkpt>
      <trkpt lat="23.058482" lon="113.289288">
        <time>2026-09-04T22:15:29Z</time>
      </trkpt>
      <trkpt lat="23.058467" lon="113.289422">
        <time>2026-09-04T22:15:34Z</time>
      </trkpt>
      <trkpt lat="23.058467" lon="113.289555">
        <time>2026-09-04T22:15:39Z</time>
      </trkpt>
      <trkpt lat="23.058482" lon="113.289654">
        <time>2026-09-04T22:15:44Z</time>
      </trkpt>
      <trkpt lat="23.058404" lon="113.289691">
        <time>2026-09-04T22:15:49Z</time>
      </trkpt>
      <trkpt lat="23.058281" lon="113.289679">
        <time>2026-09-04T22:15:54Z</time>
      </trkpt>
      <trkpt lat="23.058155" lon="113.289684">
        <time>2026-09-04T22:15:59Z</time>
      </trkpt>
      <trkpt lat="23.058087" lon="113.28965">
        <time>2026-09-04T22:16:04Z</time>
      </trkpt>
      <trkpt lat="23.058109" lon="113.289489">
        <time>2026-09-04T22:16:09Z</time>
      </trkpt>
      <trkpt lat="23.058128" lon="113.28932">
        <time>2026-09-04T22:16:14Z</time>
      </trkpt>
      <trkpt lat="23.058129" lon="113.289174">
        <time>2026-09-04T22:16:19Z</time>
      </trkpt>
      <trkpt lat="23.058107" lon="113.289035">
        <time>2026-09-04T22:16:24Z</time>
      </trkpt>
      <trkpt lat="23.057982" lon="113.288985">
        <time>2026-09-04T22:16:29Z</time>
      </trkpt>
      <trkpt lat="23.057832" lon="113.288994">
        <time>2026-09-04T22:16:34Z</time>
      </trkpt>
      <trkpt lat="23.0577" lon="113.28902">
        <time>2026-09-04T22:16:39Z</time>
      </trkpt>
      <trkpt lat="23.057602" lon="113.289082">
        <time>2026-09-04T22:16:44Z</time>
      </trkpt>
      <trkpt lat="23.057519" lon="113.289154">
        <time>2026-09-04T22:16:49Z</time>
      </trkpt>
      <trkpt lat="23.057489" lon="113.289277">
        <time>2026-09-04T22:16:54Z</time>
      </trkpt>
      <trkpt lat="23.057475" lon="113.289412">
        <time>2026-09-04T22:16:59Z</time>
      </trkpt>
      <trkpt lat="23.057385" lon="113.289485">
        <time>2026-09-04T22:17:04Z</time>
      </trkpt>
      <trkpt lat="23.057323" lon="113.289601">
        <time>2026-09-04T22:17:09Z</time>
      </trkpt>
      <trkpt lat="23.057284" lon="113.289737">
        <time>2026-09-04T22:17:14Z</time>
      </trkpt>
      <trkpt lat="23.057284" lon="113.289872">
        <time>2026-09-04T22:17:19Z</time>
      </trkpt>
      <trkpt lat="23.057384" lon="113.289948">
        <time>2026-09-04T22:17:24Z</time>
      </trkpt>
      <trkpt lat="23.05749" lon="113.290014">
        <time>2026-09-04T22:17:29Z</time>
      </trkpt>
      <trkpt lat="23.057589" lon="113.290056">
        <time>2026-09-04T22:17:34Z</time>
      </trkpt>
      <trkpt lat="23.057704" lon="113.29008">
        <time>2026-09-04T22:17:39Z</time>
      </trkpt>
      <trkpt lat="23.05782" lon="113.2901">
        <time>2026-09-04T22:17:44Z</time>
      </trkpt>
      <trkpt lat="23.057933" lon="113.29012">
        <time>2026-09-04T22:17:49Z</time>
      </trkpt>
      <trkpt lat="23.058045" lon="113.290146">
        <time>2026-09-04T22:17:54Z</time>
      </trkpt>
      <trkpt lat="23.058156" lon="113.290158">
        <time>2026-09-04T22:17:59Z</time>
      </trkpt>
      <trkpt lat="23.058268" lon="113.290146">
        <time>2026-09-04T22:18:04Z</time>
      </trkpt>
      <trkpt lat="23.058399" lon="113.290138">
        <time>2026-09-04T22:18:09Z</time>
      </trkpt>
      <trkpt lat="23.058519" lon="113.290163">
        <time>2026-09-04T22:18:14Z</time>
      </trkpt>
      <trkpt lat="23.05856" lon="113.290263">
        <time>2026-09-04T22:18:19Z</time>
      </trkpt>
      <trkpt lat="23.058569" lon="113.290373">
        <time>2026-09-04T22:18:24Z</time>
      </trkpt>
      <trkpt lat="23.058619" lon="113.290489">
        <time>2026-09-04T22:18:29Z</time>
      </trkpt>
      <trkpt lat="23.058667" lon="113.29061">
        <time>2026-09-04T22:18:34Z</time>
      </trkpt>
      <trkpt lat="23.058698" lon="113.290733">
        <time>2026-09-04T22:18:39Z</time>
      </trkpt>
      <trkpt lat="23.058722" lon="113.290853">
        <time>2026-09-04T22:18:44Z</time>
      </trkpt>
      <trkpt lat="23.058744" lon="113.290977">
        <time>2026-09-04T22:18:49Z</time>
      </trkpt>
      <trkpt lat="23.058769" lon="113.291106">
        <time>2026-09-04T22:18:54Z</time>
      </trkpt>
      <trkpt lat="23.058795" lon="113.291227">
        <time>2026-09-04T22:18:59Z</time>
      </trkpt>
      <trkpt lat="23.058815" lon="113.291345">
        <time>2026-09-04T22:19:04Z</time>
      </trkpt>
      <trkpt lat="23.058827" lon="113.291475">
        <time>2026-09-04T22:19:09Z</time>
      </trkpt>
      <trkpt lat="23.058838" lon="113.291606">
        <time>2026-09-04T22:19:14Z</time>
      </trkpt>
      <trkpt lat="23.058856" lon="113.291735">
        <time>2026-09-04T22:19:19Z</time>
      </trkpt>
      <trkpt lat="23.058878" lon="113.291866">
        <time>2026-09-04T22:19:24Z</time>
      </trkpt>
      <trkpt lat="23.058896" lon="113.292001">
        <time>2026-09-04T22:19:29Z</time>
      </trkpt>
      <trkpt lat="23.058916" lon="113.292142">
        <time>2026-09-04T22:19:34Z</time>
      </trkpt>
      <trkpt lat="23.058936" lon="113.292283">
        <time>2026-09-04T22:19:39Z</time>
      </trkpt>
      <trkpt lat="23.058944" lon="113.292418">
        <time>2026-09-04T22:19:44Z</time>
      </trkpt>
      <trkpt lat="23.058958" lon="113.292544">
        <time>2026-09-04T22:19:49Z</time>
      </trkpt>
      <trkpt lat="23.058969" lon="113.292677">
        <time>2026-09-04T22:19:54Z</time>
      </trkpt>
      <trkpt lat="23.058973" lon="113.29281">
        <time>2026-09-04T22:19:59Z</time>
      </trkpt>
      <trkpt lat="23.058967" lon="113.29295">
        <time>2026-09-04T22:20:04Z</time>
      </trkpt>
      <trkpt lat="23.058946" lon="113.293088">
        <time>2026-09-04T22:20:09Z</time>
      </trkpt>
      <trkpt lat="23.058945" lon="113.29321">
        <time>2026-09-04T22:20:14Z</time>
      </trkpt>
      <trkpt lat="23.05895" lon="113.293351">
        <time>2026-09-04T22:20:19Z</time>
      </trkpt>
      <trkpt lat="23.058945" lon="113.293492">
        <time>2026-09-04T22:20:24Z</time>
      </trkpt>
      <trkpt lat="23.058933" lon="113.293634">
        <time>2026-09-04T22:20:29Z</time>
      </trkpt>
      <trkpt lat="23.058916" lon="113.293755">
        <time>2026-09-04T22:20:34Z</time>
      </trkpt>
      <trkpt lat="23.058897" lon="113.293866">
        <time>2026-09-04T22:20:39Z</time>
      </trkpt>
      <trkpt lat="23.058872" lon="113.293995">
        <time>2026-09-04T22:20:44Z</time>
      </trkpt>
      <trkpt lat="23.058845" lon="113.29414">
        <time>2026-09-04T22:20:49Z</time>
      </trkpt>
      <trkpt lat="23.058819" lon="113.294282">
        <time>2026-09-04T22:20:54Z</time>
      </trkpt>
      <trkpt lat="23.058785" lon="113.294419">
        <time>2026-09-04T22:20:59Z</time>
      </trkpt>
      <trkpt lat="23.05876" lon="113.294566">
        <time>2026-09-04T22:21:04Z</time>
      </trkpt>
      <trkpt lat="23.058732" lon="113.294693">
        <time>2026-09-04T22:21:09Z</time>
      </trkpt>
      <trkpt lat="23.058702" lon="113.294823">
        <time>2026-09-04T22:21:14Z</time>
      </trkpt>
      <trkpt lat="23.058675" lon="113.294952">
        <time>2026-09-04T22:21:19Z</time>
      </trkpt>
      <trkpt lat="23.058646" lon="113.295081">
        <time>2026-09-04T22:21:24Z</time>
      </trkpt>
      <trkpt lat="23.058595" lon="113.295208">
        <time>2026-09-04T22:21:29Z</time>
      </trkpt>
      <trkpt lat="23.058557" lon="113.295343">
        <time>2026-09-04T22:21:34Z</time>
      </trkpt>
      <trkpt lat="23.058518" lon="113.295476">
        <time>2026-09-04T22:21:39Z</time>
      </trkpt>
      <trkpt lat="23.058472" lon="113.295613">
        <time>2026-09-04T22:21:44Z</time>
      </trkpt>
      <trkpt lat="23.058436" lon="113.295744">
        <time>2026-09-04T22:21:49Z</time>
      </trkpt>
      <trkpt lat="23.058402" lon="113.295874">
        <time>2026-09-04T22:21:54Z</time>
      </trkpt>
      <trkpt lat="23.058403" lon="113.296028">
        <time>2026-09-04T22:21:59Z</time>
      </trkpt>
      <trkpt lat="23.058407" lon="113.296176">
        <time>2026-09-04T22:22:04Z</time>
      </trkpt>
      <trkpt lat="23.058392" lon="113.296292">
        <time>2026-09-04T22:22:09Z</time>
      </trkpt>
      <trkpt lat="23.058367" lon="113.296418">
        <time>2026-09-04T22:22:14Z</time>
      </trkpt>
      <trkpt lat="23.058349" lon="113.296564">
        <time>2026-09-04T22:22:19Z</time>
      </trkpt>
      <trkpt lat="23.058324" lon="113.2967">
        <time>2026-09-04T22:22:24Z</time>
      </trkpt>
      <trkpt lat="23.058289" lon="113.296839">
        <time>2026-09-04T22:22:29Z</time>
      </trkpt>
      <trkpt lat="23.058263" lon="113.296978">
        <time>2026-09-04T22:22:34Z</time>
      </trkpt>
      <trkpt lat="23.058244" lon="113.297116">
        <time>2026-09-04T22:22:39Z</time>
      </trkpt>
      <trkpt lat="23.058234" lon="113.297249">
        <time>2026-09-04T22:22:44Z</time>
      </trkpt>
      <trkpt lat="23.058227" lon="113.297385">
        <time>2026-09-04T22:22:49Z</time>
      </trkpt>
      <trkpt lat="23.058222" lon="113.297514">
        <time>2026-09-04T22:22:54Z</time>
      </trkpt>
      <trkpt lat="23.058224" lon="113.297641">
        <time>2026-09-04T22:22:59Z</time>
      </trkpt>
      <trkpt lat="23.058224" lon="113.297768">
        <time>2026-09-04T22:23:04Z</time>
      </trkpt>
      <trkpt lat="23.058223" lon="113.297894">
        <time>2026-09-04T22:23:09Z</time>
      </trkpt>
      <trkpt lat="23.058236" lon="113.298028">
        <time>2026-09-04T22:23:14Z</time>
      </trkpt>
      <trkpt lat="23.058237" lon="113.298166">
        <time>2026-09-04T22:23:19Z</time>
      </trkpt>
      <trkpt lat="23.058227" lon="113.298304">
        <time>2026-09-04T22:23:24Z</time>
      </trkpt>
      <trkpt lat="23.058201" lon="113.298438">
        <time>2026-09-04T22:23:29Z</time>
      </trkpt>
      <trkpt lat="23.058187" lon="113.298569">
        <time>2026-09-04T22:23:34Z</time>
      </trkpt>
      <trkpt lat="23.058174" lon="113.29869">
        <time>2026-09-04T22:23:39Z</time>
      </trkpt>
      <trkpt lat="23.058156" lon="113.298819">
        <time>2026-09-04T22:23:44Z</time>
      </trkpt>
      <trkpt lat="23.058133" lon="113.298944">
        <time>2026-09-04T22:23:49Z</time>
      </trkpt>
      <trkpt lat="23.058114" lon="113.299069">
        <time>2026-09-04T22:23:54Z</time>
      </trkpt>
      <trkpt lat="23.058097" lon="113.299198">
        <time>2026-09-04T22:23:59Z</time>
      </trkpt>
      <trkpt lat="23.058079" lon="113.299332">
        <time>2026-09-04T22:24:04Z</time>
      </trkpt>
      <trkpt lat="23.058057" lon="113.299471">
        <time>2026-09-04T22:24:09Z</time>
      </trkpt>
      <trkpt lat="23.058036" lon="113.29961">
        <time>2026-09-04T22:24:14Z</time>
      </trkpt>
      <trkpt lat="23.058016" lon="113.299747">
        <time>2026-09-04T22:24:19Z</time>
      </trkpt>
      <trkpt lat="23.057997" lon="113.299886">
        <time>2026-09-04T22:24:24Z</time>
      </trkpt>
      <trkpt lat="23.057977" lon="113.300024">
        <time>2026-09-04T22:24:29Z</time>
      </trkpt>
      <trkpt lat="23.057961" lon="113.300158">
        <time>2026-09-04T22:24:34Z</time>
      </trkpt>
      <trkpt lat="23.057944" lon="113.300293">
        <time>2026-09-04T22:24:39Z</time>
      </trkpt>
      <trkpt lat="23.057917" lon="113.300414">
        <time>2026-09-04T22:24:44Z</time>
      </trkpt>
      <trkpt lat="23.057889" lon="113.300539">
        <time>2026-09-04T22:24:49Z</time>
      </trkpt>
      <trkpt lat="23.057866" lon="113.30067">
        <time>2026-09-04T22:24:54Z</time>
      </trkpt>
      <trkpt lat="23.057846" lon="113.300802">
        <time>2026-09-04T22:24:59Z</time>
      </trkpt>
      <trkpt lat="23.057831" lon="113.300939">
        <time>2026-09-04T22:25:04Z</time>
      </trkpt>
      <trkpt lat="23.057794" lon="113.301072">
        <time>2026-09-04T22:25:09Z</time>
      </trkpt>
      <trkpt lat="23.057758" lon="113.30119">
        <time>2026-09-04T22:25:14Z</time>
      </trkpt>
      <trkpt lat="23.057726" lon="113.301304">
        <time>2026-09-04T22:25:19Z</time>
      </trkpt>
      <trkpt lat="23.057733" lon="113.301429">
        <time>2026-09-04T22:25:24Z</time>
      </trkpt>
      <trkpt lat="23.057724" lon="113.301573">
        <time>2026-09-04T22:25:29Z</time>
      </trkpt>
      <trkpt lat="23.057686" lon="113.301712">
        <time>2026-09-04T22:25:34Z</time>
      </trkpt>
      <trkpt lat="23.057659" lon="113.301818">
        <time>2026-09-04T22:25:39Z</time>
      </trkpt>
      <trkpt lat="23.057646" lon="113.301958">
        <time>2026-09-04T22:25:44Z</time>
      </trkpt>
      <trkpt lat="23.057614" lon="113.3021">
        <time>2026-09-04T22:25:49Z</time>
      </trkpt>
      <trkpt lat="23.057588" lon="113.302223">
        <time>2026-09-04T22:25:54Z</time>
      </trkpt>
      <trkpt lat="23.057574" lon="113.302356">
        <time>2026-09-04T22:25:59Z</time>
      </trkpt>
      <trkpt lat="23.057553" lon="113.302494">
        <time>2026-09-04T22:26:04Z</time>
      </trkpt>
      <trkpt lat="23.057533" lon="113.302622">
        <time>2026-09-04T22:26:09Z</time>
      </trkpt>
      <trkpt lat="23.057524" lon="113.302759">
        <time>2026-09-04T22:26:14Z</time>
      </trkpt>
      <trkpt lat="23.057513" lon="113.30289">
        <time>2026-09-04T22:26:19Z</time>
      </trkpt>
      <trkpt lat="23.057492" lon="113.303018">
        <time>2026-09-04T22:26:24Z</time>
      </trkpt>
      <trkpt lat="23.057464" lon="113.303165">
        <time>2026-09-04T22:26:29Z</time>
      </trkpt>
      <trkpt lat="23.057444" lon="113.303314">
        <time>2026-09-04T22:26:34Z</time>
      </trkpt>
      <trkpt lat="23.057424" lon="113.303461">
        <time>2026-09-04T22:26:39Z</time>
      </trkpt>
      <trkpt lat="23.057406" lon="113.303605">
        <time>2026-09-04T22:26:44Z</time>
      </trkpt>
      <trkpt lat="23.057394" lon="113.303729">
        <time>2026-09-04T22:26:49Z</time>
      </trkpt>
      <trkpt lat="23.057371" lon="113.30385">
        <time>2026-09-04T22:26:54Z</time>
      </trkpt>
      <trkpt lat="23.05735" lon="113.303973">
        <time>2026-09-04T22:26:59Z</time>
      </trkpt>
      <trkpt lat="23.057335" lon="113.304105">
        <time>2026-09-04T22:27:04Z</time>
      </trkpt>
      <trkpt lat="23.057325" lon="113.30425">
        <time>2026-09-04T22:27:09Z</time>
      </trkpt>
      <trkpt lat="23.05731" lon="113.304397">
        <time>2026-09-04T22:27:14Z</time>
      </trkpt>
      <trkpt lat="23.057284" lon="113.304533">
        <time>2026-09-04T22:27:19Z</time>
      </trkpt>
      <trkpt lat="23.057274" lon="113.30467">
        <time>2026-09-04T22:27:24Z</time>
      </trkpt>
      <trkpt lat="23.057262" lon="113.304803">
        <time>2026-09-04T22:27:29Z</time>
      </trkpt>
      <trkpt lat="23.057236" lon="113.304942">
        <time>2026-09-04T22:27:34Z</time>
      </trkpt>
      <trkpt lat="23.057212" lon="113.305086">
        <time>2026-09-04T22:27:39Z</time>
      </trkpt>
      <trkpt lat="23.057191" lon="113.305219">
        <time>2026-09-04T22:27:44Z</time>
      </trkpt>
      <trkpt lat="23.057167" lon="113.305353">
        <time>2026-09-04T22:27:49Z</time>
      </trkpt>
      <trkpt lat="23.057156" lon="113.305488">
        <time>2026-09-04T22:27:54Z</time>
      </trkpt>
      <trkpt lat="23.057164" lon="113.305617">
        <time>2026-09-04T22:27:59Z</time>
      </trkpt>
      <trkpt lat="23.057153" lon="113.305746">
        <time>2026-09-04T22:28:04Z</time>
      </trkpt>
      <trkpt lat="23.057146" lon="113.305882">
        <time>2026-09-04T22:28:09Z</time>
      </trkpt>
      <trkpt lat="23.057151" lon="113.306035">
        <time>2026-09-04T22:28:14Z</time>
      </trkpt>
      <trkpt lat="23.057154" lon="113.306185">
        <time>2026-09-04T22:28:19Z</time>
      </trkpt>
      <trkpt lat="23.057126" lon="113.306318">
        <time>2026-09-04T22:28:24Z</time>
      </trkpt>
      <trkpt lat="23.057115" lon="113.306444">
        <time>2026-09-04T22:28:29Z</time>
      </trkpt>
      <trkpt lat="23.057108" lon="113.306571">
        <time>2026-09-04T22:28:34Z</time>
      </trkpt>
      <trkpt lat="23.057089" lon="113.306697">
        <time>2026-09-04T22:28:39Z</time>
      </trkpt>
      <trkpt lat="23.057092" lon="113.306841">
        <time>2026-09-04T22:28:44Z</time>
      </trkpt>
      <trkpt lat="23.057093" lon="113.306973">
        <time>2026-09-04T22:28:49Z</time>
      </trkpt>
      <trkpt lat="23.057117" lon="113.307113">
        <time>2026-09-04T22:28:54Z</time>
      </trkpt>
      <trkpt lat="23.057137" lon="113.307242">
        <time>2026-09-04T22:28:59Z</time>
      </trkpt>
      <trkpt lat="23.057146" lon="113.307375">
        <time>2026-09-04T22:29:04Z</time>
      </trkpt>
      <trkpt lat="23.057154" lon="113.307527">
        <time>2026-09-04T22:29:09Z</time>
      </trkpt>
      <trkpt lat="23.057139" lon="113.307686">
        <time>2026-09-04T22:29:14Z</time>
      </trkpt>
      <trkpt lat="23.057122" lon="113.307817">
        <time>2026-09-04T22:29:19Z</time>
      </trkpt>
      <trkpt lat="23.057134" lon="113.307945">
        <time>2026-09-04T22:29:24Z</time>
      </trkpt>
      <trkpt lat="23.057136" lon="113.308078">
        <time>2026-09-04T22:29:29Z</time>
      </trkpt>
      <trkpt lat="23.057153" lon="113.308216">
        <time>2026-09-04T22:29:34Z</time>
      </trkpt>
      <trkpt lat="23.057177" lon="113.308356">
        <time>2026-09-04T22:29:39Z</time>
      </trkpt>
      <trkpt lat="23.057188" lon="113.308488">
        <time>2026-09-04T22:29:44Z</time>
      </trkpt>
      <trkpt lat="23.057191" lon="113.308626">
        <time>2026-09-04T22:29:49Z</time>
      </trkpt>
      <trkpt lat="23.057191" lon="113.308774">
        <time>2026-09-04T22:29:54Z</time>
      </trkpt>
      <trkpt lat="23.057214" lon="113.308922">
        <time>2026-09-04T22:29:59Z</time>
      </trkpt>
      <trkpt lat="23.057225" lon="113.309072">
        <time>2026-09-04T22:30:04Z</time>
      </trkpt>
      <trkpt lat="23.057233" lon="113.309208">
        <time>2026-09-04T22:30:09Z</time>
      </trkpt>
      <trkpt lat="23.057244" lon="113.309332">
        <time>2026-09-04T22:30:14Z</time>
      </trkpt>
      <trkpt lat="23.05726" lon="113.30946">
        <time>2026-09-04T22:30:19Z</time>
      </trkpt>
      <trkpt lat="23.057315" lon="113.309594">
        <time>2026-09-04T22:30:24Z</time>
      </trkpt>
      <trkpt lat="23.057339" lon="113.309731">
        <time>2026-09-04T22:30:29Z</time>
      </trkpt>
      <trkpt lat="23.057361" lon="113.309859">
        <time>2026-09-04T22:30:34Z</time>
      </trkpt>
      <trkpt lat="23.057363" lon="113.309996">
        <time>2026-09-04T22:30:39Z</time>
      </trkpt>
      <trkpt lat="23.057372" lon="113.310133">
        <time>2026-09-04T22:30:44Z</time>
      </trkpt>
      <trkpt lat="23.057396" lon="113.310277">
        <time>2026-09-04T22:30:49Z</time>
      </trkpt>
      <trkpt lat="23.057393" lon="113.310414">
        <time>2026-09-04T22:30:54Z</time>
      </trkpt>
      <trkpt lat="23.057392" lon="113.310548">
        <time>2026-09-04T22:30:59Z</time>
      </trkpt>
      <trkpt lat="23.057397" lon="113.310687">
        <time>2026-09-04T22:31:04Z</time>
      </trkpt>
      <trkpt lat="23.057392" lon="113.310825">
        <time>2026-09-04T22:31:09Z</time>
      </trkpt>
      <trkpt lat="23.057371" lon="113.310964">
        <time>2026-09-04T22:31:14Z</time>
      </trkpt>
      <trkpt lat="23.057355" lon="113.311107">
        <time>2026-09-04T22:31:19Z</time>
      </trkpt>
      <trkpt lat="23.057346" lon="113.311245">
        <time>2026-09-04T22:31:24Z</time>
      </trkpt>
      <trkpt lat="23.057346" lon="113.311384">
        <time>2026-09-04T22:31:29Z</time>
      </trkpt>
      <trkpt lat="23.05734" lon="113.311523">
        <time>2026-09-04T22:31:34Z</time>
      </trkpt>
      <trkpt lat="23.057333" lon="113.311654">
        <time>2026-09-04T22:31:39Z</time>
      </trkpt>
      <trkpt lat="23.057335" lon="113.311802">
        <time>2026-09-04T22:31:44Z</time>
      </trkpt>
      <trkpt lat="23.057342" lon="113.311942">
        <time>2026-09-04T22:31:49Z</time>
      </trkpt>
      <trkpt lat="23.05735" lon="113.312075">
        <time>2026-09-04T22:31:54Z</time>
      </trkpt>
      <trkpt lat="23.057356" lon="113.312206">
        <time>2026-09-04T22:31:59Z</time>
      </trkpt>
      <trkpt lat="23.057354" lon="113.312337">
        <time>2026-09-04T22:32:04Z</time>
      </trkpt>
      <trkpt lat="23.057352" lon="113.312467">
        <time>2026-09-04T22:32:09Z</time>
      </trkpt>
      <trkpt lat="23.05735" lon="113.312602">
        <time>2026-09-04T22:32:14Z</time>
      </trkpt>
      <trkpt lat="23.057358" lon="113.312738">
        <time>2026-09-04T22:32:19Z</time>
      </trkpt>
      <trkpt lat="23.057361" lon="113.31287">
        <time>2026-09-04T22:32:24Z</time>
      </trkpt>
      <trkpt lat="23.057367" lon="113.312996">
        <time>2026-09-04T22:32:29Z</time>
      </trkpt>
      <trkpt lat="23.057376" lon="113.313123">
        <time>2026-09-04T22:32:34Z</time>
      </trkpt>
      <trkpt lat="23.05738" lon="113.31325">
        <time>2026-09-04T22:32:39Z</time>
      </trkpt>
      <trkpt lat="23.057381" lon="113.313386">
        <time>2026-09-04T22:32:44Z</time>
      </trkpt>
      <trkpt lat="23.057382" lon="113.313527">
        <time>2026-09-04T22:32:49Z</time>
      </trkpt>
      <trkpt lat="23.057383" lon="113.313663">
        <time>2026-09-04T22:32:54Z</time>
      </trkpt>
      <trkpt lat="23.057389" lon="113.313796">
        <time>2026-09-04T22:32:59Z</time>
      </trkpt>
      <trkpt lat="23.057389" lon="113.313929">
        <time>2026-09-04T22:33:04Z</time>
      </trkpt>
      <trkpt lat="23.057395" lon="113.314063">
        <time>2026-09-04T22:33:09Z</time>
      </trkpt>
      <trkpt lat="23.057395" lon="113.314191">
        <time>2026-09-04T22:33:14Z</time>
      </trkpt>
      <trkpt lat="23.0574" lon="113.314315">
        <time>2026-09-04T22:33:19Z</time>
      </trkpt>
      <trkpt lat="23.057406" lon="113.31444">
        <time>2026-09-04T22:33:24Z</time>
      </trkpt>
      <trkpt lat="23.057404" lon="113.31458">
        <time>2026-09-04T22:33:29Z</time>
      </trkpt>
      <trkpt lat="23.057409" lon="113.314722">
        <time>2026-09-04T22:33:34Z</time>
      </trkpt>
      <trkpt lat="23.05742" lon="113.314868">
        <time>2026-09-04T22:33:39Z</time>
      </trkpt>
      <trkpt lat="23.057418" lon="113.315022">
        <time>2026-09-04T22:33:44Z</time>
      </trkpt>
      <trkpt lat="23.057412" lon="113.315172">
        <time>2026-09-04T22:33:49Z</time>
      </trkpt>
      <trkpt lat="23.057402" lon="113.315317">
        <time>2026-09-04T22:33:54Z</time>
      </trkpt>
      <trkpt lat="23.057409" lon="113.315465">
        <time>2026-09-04T22:33:59Z</time>
      </trkpt>
      <trkpt lat="23.057417" lon="113.315612">
        <time>2026-09-04T22:34:04Z</time>
      </trkpt>
      <trkpt lat="23.057419" lon="113.315748">
        <time>2026-09-04T22:34:09Z</time>
      </trkpt>
      <trkpt lat="23.057422" lon="113.315889">
        <time>2026-09-04T22:34:14Z</time>
      </trkpt>
      <trkpt lat="23.057426" lon="113.316032">
        <time>2026-09-04T22:34:19Z</time>
      </trkpt>
      <trkpt lat="23.057426" lon="113.316175">
        <time>2026-09-04T22:34:24Z</time>
      </trkpt>
      <trkpt lat="23.057434" lon="113.316319">
        <time>2026-09-04T22:34:29Z</time>
      </trkpt>
      <trkpt lat="23.057436" lon="113.316464">
        <time>2026-09-04T22:34:34Z</time>
      </trkpt>
      <trkpt lat="23.057441" lon="113.31661">
        <time>2026-09-04T22:34:39Z</time>
      </trkpt>
      <trkpt lat="23.057453" lon="113.316752">
        <time>2026-09-04T22:34:44Z</time>
      </trkpt>
      <trkpt lat="23.057466" lon="113.316892">
        <time>2026-09-04T22:34:49Z</time>
      </trkpt>
      <trkpt lat="23.057469" lon="113.317034">
        <time>2026-09-04T22:34:54Z</time>
      </trkpt>
      <trkpt lat="23.05747" lon="113.317174">
        <time>2026-09-04T22:34:59Z</time>
      </trkpt>
      <trkpt lat="23.057468" lon="113.317324">
        <time>2026-09-04T22:35:04Z</time>
      </trkpt>
      <trkpt lat="23.057443" lon="113.317487">
        <time>2026-09-04T22:35:09Z</time>
      </trkpt>
      <trkpt lat="23.057459" lon="113.317622">
        <time>2026-09-04T22:35:14Z</time>
      </trkpt>
      <trkpt lat="23.057512" lon="113.317755">
        <time>2026-09-04T22:35:19Z</time>
      </trkpt>
      <trkpt lat="23.057571" lon="113.31789">
        <time>2026-09-04T22:35:24Z</time>
      </trkpt>
      <trkpt lat="23.057639" lon="113.318013">
        <time>2026-09-04T22:35:29Z</time>
      </trkpt>
      <trkpt lat="23.057688" lon="113.318138">
        <time>2026-09-04T22:35:34Z</time>
      </trkpt>
      <trkpt lat="23.057709" lon="113.318278">
        <time>2026-09-04T22:35:39Z</time>
      </trkpt>
      <trkpt lat="23.057719" lon="113.318419">
        <time>2026-09-04T22:35:44Z</time>
      </trkpt>
      <trkpt lat="23.057725" lon="113.318551">
        <time>2026-09-04T22:35:49Z</time>
      </trkpt>
      <trkpt lat="23.057733" lon="113.318676">
        <time>2026-09-04T22:35:54Z</time>
      </trkpt>
      <trkpt lat="23.057761" lon="113.318801">
        <time>2026-09-04T22:35:59Z</time>
      </trkpt>
      <trkpt lat="23.057791" lon="113.318921">
        <time>2026-09-04T22:36:04Z</time>
      </trkpt>
      <trkpt lat="23.057807" lon="113.319052">
        <time>2026-09-04T22:36:09Z</time>
      </trkpt>
      <trkpt lat="23.057813" lon="113.31918">
        <time>2026-09-04T22:36:14Z</time>
      </trkpt>
      <trkpt lat="23.057803" lon="113.319304">
        <time>2026-09-04T22:36:19Z</time>
      </trkpt>
      <trkpt lat="23.057788" lon="113.319433">
        <time>2026-09-04T22:36:24Z</time>
      </trkpt>
      <trkpt lat="23.057781" lon="113.319559">
        <time>2026-09-04T22:36:29Z</time>
      </trkpt>
      <trkpt lat="23.057765" lon="113.319688">
        <time>2026-09-04T22:36:34Z</time>
      </trkpt>
      <trkpt lat="23.057774" lon="113.31984">
        <time>2026-09-04T22:36:39Z</time>
      </trkpt>
      <trkpt lat="23.057762" lon="113.319995">
        <time>2026-09-04T22:36:44Z</time>
      </trkpt>
      <trkpt lat="23.057763" lon="113.320136">
        <time>2026-09-04T22:36:49Z</time>
      </trkpt>
      <trkpt lat="23.05777" lon="113.320273">
        <time>2026-09-04T22:36:54Z</time>
      </trkpt>
      <trkpt lat="23.057772" lon="113.32041">
        <time>2026-09-04T22:36:59Z</time>
      </trkpt>
      <trkpt lat="23.05777" lon="113.320546">
        <time>2026-09-04T22:37:04Z</time>
      </trkpt>
      <trkpt lat="23.05776" lon="113.320685">
        <time>2026-09-04T22:37:09Z</time>
      </trkpt>
      <trkpt lat="23.057753" lon="113.320822">
        <time>2026-09-04T22:37:14Z</time>
      </trkpt>
      <trkpt lat="23.057749" lon="113.320981">
        <time>2026-09-04T22:37:19Z</time>
      </trkpt>
      <trkpt lat="23.057741" lon="113.321119">
        <time>2026-09-04T22:37:24Z</time>
      </trkpt>
      <trkpt lat="23.05774" lon="113.32123">
        <time>2026-09-04T22:37:29Z</time>
      </trkpt>
      <trkpt lat="23.057746" lon="113.321344">
        <time>2026-09-04T22:37:34Z</time>
      </trkpt>
      <trkpt lat="23.057742" lon="113.321473">
        <time>2026-09-04T22:37:39Z</time>
      </trkpt>
      <trkpt lat="23.057739" lon="113.321605">
        <time>2026-09-04T22:37:44Z</time>
      </trkpt>
      <trkpt lat="23.05775" lon="113.32175">
        <time>2026-09-04T22:37:49Z</time>
      </trkpt>
      <trkpt lat="23.057758" lon="113.321911">
        <time>2026-09-04T22:37:54Z</time>
      </trkpt>
      <trkpt lat="23.057754" lon="113.322073">
        <time>2026-09-04T22:37:59Z</time>
      </trkpt>
      <trkpt lat="23.057764" lon="113.322233">
        <time>2026-09-04T22:38:04Z</time>
      </trkpt>
      <trkpt lat="23.057772" lon="113.322372">
        <time>2026-09-04T22:38:09Z</time>
      </trkpt>
      <trkpt lat="23.057769" lon="113.322508">
        <time>2026-09-04T22:38:14Z</time>
      </trkpt>
      <trkpt lat="23.057758" lon="113.322645">
        <time>2026-09-04T22:38:19Z</time>
      </trkpt>
      <trkpt lat="23.057747" lon="113.322768">
        <time>2026-09-04T22:38:24Z</time>
      </trkpt>
      <trkpt lat="23.057742" lon="113.322886">
        <time>2026-09-04T22:38:29Z</time>
      </trkpt>
      <trkpt lat="23.057744" lon="113.323012">
        <time>2026-09-04T22:38:34Z</time>
      </trkpt>
      <trkpt lat="23.057745" lon="113.323152">
        <time>2026-09-04T22:38:39Z</time>
      </trkpt>
      <trkpt lat="23.057744" lon="113.323306">
        <time>2026-09-04T22:38:44Z</time>
      </trkpt>
      <trkpt lat="23.057748" lon="113.323468">
        <time>2026-09-04T22:38:49Z</time>
      </trkpt>
      <trkpt lat="23.057743" lon="113.32363">
        <time>2026-09-04T22:38:54Z</time>
      </trkpt>
      <trkpt lat="23.057754" lon="113.323776">
        <time>2026-09-04T22:38:59Z</time>
      </trkpt>
      <trkpt lat="23.057744" lon="113.323922">
        <time>2026-09-04T22:39:04Z</time>
      </trkpt>
      <trkpt lat="23.057741" lon="113.32407">
        <time>2026-09-04T22:39:09Z</time>
      </trkpt>
      <trkpt lat="23.057741" lon="113.324202">
        <time>2026-09-04T22:39:14Z</time>
      </trkpt>
      <trkpt lat="23.057745" lon="113.324336">
        <time>2026-09-04T22:39:19Z</time>
      </trkpt>
      <trkpt lat="23.057743" lon="113.32448">
        <time>2026-09-04T22:39:24Z</time>
      </trkpt>
      <trkpt lat="23.057752" lon="113.324624">
        <time>2026-09-04T22:39:29Z</time>
      </trkpt>
      <trkpt lat="23.057752" lon="113.324769">
        <time>2026-09-04T22:39:34Z</time>
      </trkpt>
      <trkpt lat="23.057738" lon="113.324926">
        <time>2026-09-04T22:39:39Z</time>
      </trkpt>
      <trkpt lat="23.057728" lon="113.325086">
        <time>2026-09-04T22:39:44Z</time>
      </trkpt>
      <trkpt lat="23.057721" lon="113.325239">
        <time>2026-09-04T22:39:49Z</time>
      </trkpt>
      <trkpt lat="23.057695" lon="113.32538">
        <time>2026-09-04T22:39:54Z</time>
      </trkpt>
      <trkpt lat="23.057684" lon="113.325514">
        <time>2026-09-04T22:39:59Z</time>
      </trkpt>
      <trkpt lat="23.057689" lon="113.325655">
        <time>2026-09-04T22:40:04Z</time>
      </trkpt>
      <trkpt lat="23.057719" lon="113.325789">
        <time>2026-09-04T22:40:09Z</time>
      </trkpt>
      <trkpt lat="23.057727" lon="113.32592">
        <time>2026-09-04T22:40:14Z</time>
      </trkpt>
      <trkpt lat="23.057723" lon="113.326063">
        <time>2026-09-04T22:40:19Z</time>
      </trkpt>
      <trkpt lat="23.057725" lon="113.326224">
        <time>2026-09-04T22:40:24Z</time>
      </trkpt>
      <trkpt lat="23.057731" lon="113.32637">
        <time>2026-09-04T22:40:29Z</time>
      </trkpt>
      <trkpt lat="23.057732" lon="113.3265">
        <time>2026-09-04T22:40:34Z</time>
      </trkpt>
      <trkpt lat="23.05772" lon="113.326624">
        <time>2026-09-04T22:40:39Z</time>
      </trkpt>
      <trkpt lat="23.0577" lon="113.326761">
        <time>2026-09-04T22:40:44Z</time>
      </trkpt>
      <trkpt lat="23.057669" lon="113.326894">
        <time>2026-09-04T22:40:49Z</time>
      </trkpt>
      <trkpt lat="23.057632" lon="113.327033">
        <time>2026-09-04T22:40:54Z</time>
      </trkpt>
      <trkpt lat="23.0576" lon="113.327161">
        <time>2026-09-04T22:40:59Z</time>
      </trkpt>
      <trkpt lat="23.057552" lon="113.327287">
        <time>2026-09-04T22:41:04Z</time>
      </trkpt>
      <trkpt lat="23.057509" lon="113.327413">
        <time>2026-09-04T22:41:09Z</time>
      </trkpt>
      <trkpt lat="23.057469" lon="113.327544">
        <time>2026-09-04T22:41:14Z</time>
      </trkpt>
      <trkpt lat="23.057432" lon="113.327675">
        <time>2026-09-04T22:41:19Z</time>
      </trkpt>
      <trkpt lat="23.057408" lon="113.327815">
        <time>2026-09-04T22:41:24Z</time>
      </trkpt>
      <trkpt lat="23.057366" lon="113.327938">
        <time>2026-09-04T22:41:29Z</time>
      </trkpt>
      <trkpt lat="23.057318" lon="113.328061">
        <time>2026-09-04T22:41:34Z</time>
      </trkpt>
      <trkpt lat="23.05726" lon="113.328188">
        <time>2026-09-04T22:41:39Z</time>
      </trkpt>
      <trkpt lat="23.057207" lon="113.328307">
        <time>2026-09-04T22:41:44Z</time>
      </trkpt>
      <trkpt lat="23.05716" lon="113.328428">
        <time>2026-09-04T22:41:49Z</time>
      </trkpt>
      <trkpt lat="23.057099" lon="113.328552">
        <time>2026-09-04T22:41:54Z</time>
      </trkpt>
      <trkpt lat="23.057057" lon="113.328686">
        <time>2026-09-04T22:41:59Z</time>
      </trkpt>
      <trkpt lat="23.057021" lon="113.328799">
        <time>2026-09-04T22:42:04Z</time>
      </trkpt>
      <trkpt lat="23.056982" lon="113.328936">
        <time>2026-09-04T22:42:09Z</time>
      </trkpt>
      <trkpt lat="23.056956" lon="113.329056">
        <time>2026-09-04T22:42:14Z</time>
      </trkpt>
      <trkpt lat="23.056931" lon="113.329188">
        <time>2026-09-04T22:42:19Z</time>
      </trkpt>
      <trkpt lat="23.056895" lon="113.329345">
        <time>2026-09-04T22:42:24Z</time>
      </trkpt>
      <trkpt lat="23.056884" lon="113.32948">
        <time>2026-09-04T22:42:29Z</time>
      </trkpt>
      <trkpt lat="23.056829" lon="113.329613">
        <time>2026-09-04T22:42:34Z</time>
      </trkpt>
      <trkpt lat="23.056781" lon="113.329739">
        <time>2026-09-04T22:42:39Z</time>
      </trkpt>
      <trkpt lat="23.056746" lon="113.32985">
        <time>2026-09-04T22:42:44Z</time>
      </trkpt>
      <trkpt lat="23.056696" lon="113.329962">
        <time>2026-09-04T22:42:49Z</time>
      </trkpt>
      <trkpt lat="23.056633" lon="113.3301">
        <time>2026-09-04T22:42:54Z</time>
      </trkpt>
      <trkpt lat="23.056593" lon="113.330271">
        <time>2026-09-04T22:42:59Z</time>
      </trkpt>
      <trkpt lat="23.056546" lon="113.330412">
        <time>2026-09-04T22:43:04Z</time>
      </trkpt>
      <trkpt lat="23.056495" lon="113.330539">
        <time>2026-09-04T22:43:09Z</time>
      </trkpt>
      <trkpt lat="23.05644" lon="113.33065">
        <time>2026-09-04T22:43:14Z</time>
      </trkpt>
      <trkpt lat="23.056358" lon="113.33075">
        <time>2026-09-04T22:43:19Z</time>
      </trkpt>
      <trkpt lat="23.056255" lon="113.330857">
        <time>2026-09-04T22:43:24Z</time>
      </trkpt>
      <trkpt lat="23.056168" lon="113.330961">
        <time>2026-09-04T22:43:29Z</time>
      </trkpt>
      <trkpt lat="23.056075" lon="113.331074">
        <time>2026-09-04T22:43:34Z</time>
      </trkpt>
      <trkpt lat="23.05598" lon="113.331188">
        <time>2026-09-04T22:43:39Z</time>
      </trkpt>
      <trkpt lat="23.055901" lon="113.331309">
        <time>2026-09-04T22:43:44Z</time>
      </trkpt>
      <trkpt lat="23.055833" lon="113.331422">
        <time>2026-09-04T22:43:49Z</time>
      </trkpt>
      <trkpt lat="23.055773" lon="113.331513">
        <time>2026-09-04T22:43:54Z</time>
      </trkpt>
      <trkpt lat="23.055698" lon="113.331609">
        <time>2026-09-04T22:43:59Z</time>
      </trkpt>
      <trkpt lat="23.055606" lon="113.331738">
        <time>2026-09-04T22:44:04Z</time>
      </trkpt>
      <trkpt lat="23.055526" lon="113.33186">
        <time>2026-09-04T22:44:09Z</time>
      </trkpt>
      <trkpt lat="23.055451" lon="113.331976">
        <time>2026-09-04T22:44:14Z</time>
      </trkpt>
      <trkpt lat="23.055367" lon="113.332105">
        <time>2026-09-04T22:44:19Z</time>
      </trkpt>
      <trkpt lat="23.055281" lon="113.33223">
        <time>2026-09-04T22:44:24Z</time>
      </trkpt>
      <trkpt lat="23.055205" lon="113.332356">
        <time>2026-09-04T22:44:29Z</time>
      </trkpt>
      <trkpt lat="23.055126" lon="113.332466">
        <time>2026-09-04T22:44:34Z</time>
      </trkpt>
      <trkpt lat="23.055057" lon="113.332573">
        <time>2026-09-04T22:44:39Z</time>
      </trkpt>
      <trkpt lat="23.05496" lon="113.332652">
        <time>2026-09-04T22:44:44Z</time>
      </trkpt>
      <trkpt lat="23.054879" lon="113.332731">
        <time>2026-09-04T22:44:49Z</time>
      </trkpt>
      <trkpt lat="23.054814" lon="113.332846">
        <time>2026-09-04T22:44:54Z</time>
      </trkpt>
      <trkpt lat="23.054721" lon="113.332958">
        <time>2026-09-04T22:44:59Z</time>
      </trkpt>
      <trkpt lat="23.054631" lon="113.333061">
        <time>2026-09-04T22:45:04Z</time>
      </trkpt>
      <trkpt lat="23.05454" lon="113.333162">
        <time>2026-09-04T22:45:09Z</time>
      </trkpt>
      <trkpt lat="23.054455" lon="113.333276">
        <time>2026-09-04T22:45:14Z</time>
      </trkpt>
      <trkpt lat="23.05438" lon="113.333397">
        <time>2026-09-04T22:45:19Z</time>
      </trkpt>
      <trkpt lat="23.054295" lon="113.333535">
        <time>2026-09-04T22:45:24Z</time>
      </trkpt>
      <trkpt lat="23.054239" lon="113.333654">
        <time>2026-09-04T22:45:29Z</time>
      </trkpt>
      <trkpt lat="23.054176" lon="113.333761">
        <time>2026-09-04T22:45:34Z</time>
      </trkpt>
      <trkpt lat="23.054111" lon="113.333889">
        <time>2026-09-04T22:45:39Z</time>
      </trkpt>
      <trkpt lat="23.054044" lon="113.333995">
        <time>2026-09-04T22:45:44Z</time>
      </trkpt>
      <trkpt lat="23.053966" lon="113.334069">
        <time>2026-09-04T22:45:49Z</time>
      </trkpt>
      <trkpt lat="23.053889" lon="113.334156">
        <time>2026-09-04T22:45:54Z</time>
      </trkpt>
      <trkpt lat="23.053819" lon="113.334262">
        <time>2026-09-04T22:45:59Z</time>
      </trkpt>
      <trkpt lat="23.053742" lon="113.334378">
        <time>2026-09-04T22:46:04Z</time>
      </trkpt>
      <trkpt lat="23.053679" lon="113.334483">
        <time>2026-09-04T22:46:09Z</time>
      </trkpt>
      <trkpt lat="23.053604" lon="113.334587">
        <time>2026-09-04T22:46:14Z</time>
      </trkpt>
      <trkpt lat="23.053514" lon="113.334684">
        <time>2026-09-04T22:46:19Z</time>
      </trkpt>
      <trkpt lat="23.053424" lon="113.334789">
        <time>2026-09-04T22:46:24Z</time>
      </trkpt>
      <trkpt lat="23.053357" lon="113.334884">
        <time>2026-09-04T22:46:29Z</time>
      </trkpt>
      <trkpt lat="23.053294" lon="113.33499">
        <time>2026-09-04T22:46:34Z</time>
      </trkpt>
      <trkpt lat="23.053228" lon="113.335119">
        <time>2026-09-04T22:46:39Z</time>
      </trkpt>
      <trkpt lat="23.053144" lon="113.335246">
        <time>2026-09-04T22:46:44Z</time>
      </trkpt>
      <trkpt lat="23.053055" lon="113.335364">
        <time>2026-09-04T22:46:49Z</time>
      </trkpt>
      <trkpt lat="23.052976" lon="113.335465">
        <time>2026-09-04T22:46:54Z</time>
      </trkpt>
      <trkpt lat="23.052898" lon="113.335569">
        <time>2026-09-04T22:46:59Z</time>
      </trkpt>
      <trkpt lat="23.052818" lon="113.335677">
        <time>2026-09-04T22:47:04Z</time>
      </trkpt>
      <trkpt lat="23.05273" lon="113.335783">
        <time>2026-09-04T22:47:09Z</time>
      </trkpt>
      <trkpt lat="23.052645" lon="113.335891">
        <time>2026-09-04T22:47:14Z</time>
      </trkpt>
      <trkpt lat="23.052584" lon="113.33602">
        <time>2026-09-04T22:47:19Z</time>
      </trkpt>
      <trkpt lat="23.052601" lon="113.33606">
        <time>2026-09-04T22:47:24Z</time>
      </trkpt>
      <trkpt lat="23.052643" lon="113.335956">
        <time>2026-09-04T22:47:29Z</time>
      </trkpt>
      <trkpt lat="23.05271" lon="113.335843">
        <time>2026-09-04T22:47:34Z</time>
      </trkpt>
      <trkpt lat="23.05279" lon="113.335742">
        <time>2026-09-04T22:47:39Z</time>
      </trkpt>
      <trkpt lat="23.052869" lon="113.335632">
        <time>2026-09-04T22:47:44Z</time>
      </trkpt>
      <trkpt lat="23.052944" lon="113.335514">
        <time>2026-09-04T22:47:49Z</time>
      </trkpt>
      <trkpt lat="23.05301" lon="113.33539">
        <time>2026-09-04T22:47:54Z</time>
      </trkpt>
      <trkpt lat="23.053056" lon="113.33527">
        <time>2026-09-04T22:47:59Z</time>
      </trkpt>
      <trkpt lat="23.05312" lon="113.335169">
        <time>2026-09-04T22:48:04Z</time>
      </trkpt>
      <trkpt lat="23.05319" lon="113.335058">
        <time>2026-09-04T22:48:09Z</time>
      </trkpt>
      <trkpt lat="23.053255" lon="113.33494">
        <time>2026-09-04T22:48:14Z</time>
      </trkpt>
      <trkpt lat="23.053323" lon="113.334828">
        <time>2026-09-04T22:48:19Z</time>
      </trkpt>
      <trkpt lat="23.053405" lon="113.334717">
        <time>2026-09-04T22:48:24Z</time>
      </trkpt>
      <trkpt lat="23.053493" lon="113.334603">
        <time>2026-09-04T22:48:29Z</time>
      </trkpt>
      <trkpt lat="23.053575" lon="113.334487">
        <time>2026-09-04T22:48:34Z</time>
      </trkpt>
      <trkpt lat="23.053683" lon="113.334396">
        <time>2026-09-04T22:48:39Z</time>
      </trkpt>
      <trkpt lat="23.053804" lon="113.334305">
        <time>2026-09-04T22:48:44Z</time>
      </trkpt>
      <trkpt lat="23.053897" lon="113.33421">
        <time>2026-09-04T22:48:49Z</time>
      </trkpt>
      <trkpt lat="23.053983" lon="113.334107">
        <time>2026-09-04T22:48:54Z</time>
      </trkpt>
      <trkpt lat="23.054058" lon="113.333992">
        <time>2026-09-04T22:48:59Z</time>
      </trkpt>
      <trkpt lat="23.054136" lon="113.33387">
        <time>2026-09-04T22:49:04Z</time>
      </trkpt>
      <trkpt lat="23.0542" lon="113.333746">
        <time>2026-09-04T22:49:09Z</time>
      </trkpt>
      <trkpt lat="23.054276" lon="113.333628">
        <time>2026-09-04T22:49:14Z</time>
      </trkpt>
      <trkpt lat="23.054356" lon="113.3335">
        <time>2026-09-04T22:49:19Z</time>
      </trkpt>
      <trkpt lat="23.054428" lon="113.333373">
        <time>2026-09-04T22:49:24Z</time>
      </trkpt>
      <trkpt lat="23.054486" lon="113.333261">
        <time>2026-09-04T22:49:29Z</time>
      </trkpt>
      <trkpt lat="23.054547" lon="113.33314">
        <time>2026-09-04T22:49:34Z</time>
      </trkpt>
      <trkpt lat="23.054627" lon="113.333022">
        <time>2026-09-04T22:49:39Z</time>
      </trkpt>
      <trkpt lat="23.054728" lon="113.332926">
        <time>2026-09-04T22:49:44Z</time>
      </trkpt>
      <trkpt lat="23.054808" lon="113.332818">
        <time>2026-09-04T22:49:49Z</time>
      </trkpt>
      <trkpt lat="23.054888" lon="113.332708">
        <time>2026-09-04T22:49:54Z</time>
      </trkpt>
      <trkpt lat="23.055006" lon="113.332625">
        <time>2026-09-04T22:49:59Z</time>
      </trkpt>
      <trkpt lat="23.055101" lon="113.332515">
        <time>2026-09-04T22:50:04Z</time>
      </trkpt>
      <trkpt lat="23.055178" lon="113.332395">
        <time>2026-09-04T22:50:09Z</time>
      </trkpt>
      <trkpt lat="23.055259" lon="113.332275">
        <time>2026-09-04T22:50:14Z</time>
      </trkpt>
      <trkpt lat="23.05534" lon="113.332157">
        <time>2026-09-04T22:50:19Z</time>
      </trkpt>
      <trkpt lat="23.055427" lon="113.332058">
        <time>2026-09-04T22:50:24Z</time>
      </trkpt>
      <trkpt lat="23.055498" lon="113.331949">
        <time>2026-09-04T22:50:29Z</time>
      </trkpt>
      <trkpt lat="23.055566" lon="113.331835">
        <time>2026-09-04T22:50:34Z</time>
      </trkpt>
      <trkpt lat="23.055645" lon="113.331722">
        <time>2026-09-04T22:50:39Z</time>
      </trkpt>
      <trkpt lat="23.055725" lon="113.331603">
        <time>2026-09-04T22:50:44Z</time>
      </trkpt>
      <trkpt lat="23.055785" lon="113.331497">
        <time>2026-09-04T22:50:49Z</time>
      </trkpt>
      <trkpt lat="23.05585" lon="113.331393">
        <time>2026-09-04T22:50:54Z</time>
      </trkpt>
      <trkpt lat="23.055936" lon="113.331276">
        <time>2026-09-04T22:50:59Z</time>
      </trkpt>
      <trkpt lat="23.056025" lon="113.331161">
        <time>2026-09-04T22:51:04Z</time>
      </trkpt>
      <trkpt lat="23.056094" lon="113.331056">
        <time>2026-09-04T22:51:09Z</time>
      </trkpt>
      <trkpt lat="23.056177" lon="113.330964">
        <time>2026-09-04T22:51:14Z</time>
      </trkpt>
      <trkpt lat="23.056276" lon="113.330864">
        <time>2026-09-04T22:51:19Z</time>
      </trkpt>
      <trkpt lat="23.056348" lon="113.330752">
        <time>2026-09-04T22:51:24Z</time>
      </trkpt>
      <trkpt lat="23.056418" lon="113.330652">
        <time>2026-09-04T22:51:29Z</time>
      </trkpt>
      <trkpt lat="23.05647" lon="113.330551">
        <time>2026-09-04T22:51:34Z</time>
      </trkpt>
      <trkpt lat="23.056523" lon="113.330431">
        <time>2026-09-04T22:51:39Z</time>
      </trkpt>
      <trkpt lat="23.056589" lon="113.330291">
        <time>2026-09-04T22:51:44Z</time>
      </trkpt>
      <trkpt lat="23.056648" lon="113.330142">
        <time>2026-09-04T22:51:49Z</time>
      </trkpt>
      <trkpt lat="23.056693" lon="113.330019">
        <time>2026-09-04T22:51:54Z</time>
      </trkpt>
      <trkpt lat="23.056725" lon="113.329907">
        <time>2026-09-04T22:51:59Z</time>
      </trkpt>
      <trkpt lat="23.056758" lon="113.329798">
        <time>2026-09-04T22:52:04Z</time>
      </trkpt>
      <trkpt lat="23.056802" lon="113.329667">
        <time>2026-09-04T22:52:09Z</time>
      </trkpt>
      <trkpt lat="23.056852" lon="113.329535">
        <time>2026-09-04T22:52:14Z</time>
      </trkpt>
      <trkpt lat="23.056918" lon="113.329404">
        <time>2026-09-04T22:52:19Z</time>
      </trkpt>
      <trkpt lat="23.056942" lon="113.329267">
        <time>2026-09-04T22:52:24Z</time>
      </trkpt>
      <trkpt lat="23.056979" lon="113.329141">
        <time>2026-09-04T22:52:29Z</time>
      </trkpt>
      <trkpt lat="23.057014" lon="113.329011">
        <time>2026-09-04T22:52:34Z</time>
      </trkpt>
      <trkpt lat="23.05706" lon="113.328896">
        <time>2026-09-04T22:52:39Z</time>
      </trkpt>
      <trkpt lat="23.057109" lon="113.328779">
        <time>2026-09-04T22:52:44Z</time>
      </trkpt>
      <trkpt lat="23.057143" lon="113.328648">
        <time>2026-09-04T22:52:49Z</time>
      </trkpt>
      <trkpt lat="23.057164" lon="113.328503">
        <time>2026-09-04T22:52:54Z</time>
      </trkpt>
      <trkpt lat="23.057188" lon="113.328368">
        <time>2026-09-04T22:52:59Z</time>
      </trkpt>
      <trkpt lat="23.057215" lon="113.328243">
        <time>2026-09-04T22:53:04Z</time>
      </trkpt>
      <trkpt lat="23.057251" lon="113.328116">
        <time>2026-09-04T22:53:09Z</time>
      </trkpt>
      <trkpt lat="23.057287" lon="113.327987">
        <time>2026-09-04T22:53:14Z</time>
      </trkpt>
      <trkpt lat="23.057334" lon="113.327847">
        <time>2026-09-04T22:53:19Z</time>
      </trkpt>
      <trkpt lat="23.057395" lon="113.327716">
        <time>2026-09-04T22:53:24Z</time>
      </trkpt>
      <trkpt lat="23.05744" lon="113.327589">
        <time>2026-09-04T22:53:29Z</time>
      </trkpt>
      <trkpt lat="23.05747" lon="113.327449">
        <time>2026-09-04T22:53:34Z</time>
      </trkpt>
      <trkpt lat="23.057509" lon="113.327326">
        <time>2026-09-04T22:53:39Z</time>
      </trkpt>
      <trkpt lat="23.057563" lon="113.327204">
        <time>2026-09-04T22:53:44Z</time>
      </trkpt>
      <trkpt lat="23.057602" lon="113.327065">
        <time>2026-09-04T22:53:49Z</time>
      </trkpt>
      <trkpt lat="23.057638" lon="113.326927">
        <time>2026-09-04T22:53:54Z</time>
      </trkpt>
      <trkpt lat="23.05767" lon="113.326794">
        <time>2026-09-04T22:53:59Z</time>
      </trkpt>
      <trkpt lat="23.057708" lon="113.326666">
        <time>2026-09-04T22:54:04Z</time>
      </trkpt>
      <trkpt lat="23.057734" lon="113.32653">
        <time>2026-09-04T22:54:09Z</time>
      </trkpt>
      <trkpt lat="23.05775" lon="113.326389">
        <time>2026-09-04T22:54:14Z</time>
      </trkpt>
      <trkpt lat="23.057737" lon="113.326257">
        <time>2026-09-04T22:54:19Z</time>
      </trkpt>
      <trkpt lat="23.057737" lon="113.326129">
        <time>2026-09-04T22:54:24Z</time>
      </trkpt>
      <trkpt lat="23.05775" lon="113.325982">
        <time>2026-09-04T22:54:29Z</time>
      </trkpt>
      <trkpt lat="23.057753" lon="113.325841">
        <time>2026-09-04T22:54:34Z</time>
      </trkpt>
      <trkpt lat="23.057716" lon="113.325702">
        <time>2026-09-04T22:54:39Z</time>
      </trkpt>
      <trkpt lat="23.057692" lon="113.325564">
        <time>2026-09-04T22:54:44Z</time>
      </trkpt>
      <trkpt lat="23.057687" lon="113.325419">
        <time>2026-09-04T22:54:49Z</time>
      </trkpt>
      <trkpt lat="23.057729" lon="113.325278">
        <time>2026-09-04T22:54:54Z</time>
      </trkpt>
      <trkpt lat="23.057748" lon="113.325137">
        <time>2026-09-04T22:54:59Z</time>
      </trkpt>
      <trkpt lat="23.057761" lon="113.324991">
        <time>2026-09-04T22:55:04Z</time>
      </trkpt>
      <trkpt lat="23.057764" lon="113.324852">
        <time>2026-09-04T22:55:09Z</time>
      </trkpt>
      <trkpt lat="23.057776" lon="113.324713">
        <time>2026-09-04T22:55:14Z</time>
      </trkpt>
      <trkpt lat="23.057781" lon="113.324584">
        <time>2026-09-04T22:55:19Z</time>
      </trkpt>
      <trkpt lat="23.057782" lon="113.324435">
        <time>2026-09-04T22:55:24Z</time>
      </trkpt>
      <trkpt lat="23.057781" lon="113.324295">
        <time>2026-09-04T22:55:29Z</time>
      </trkpt>
      <trkpt lat="23.057771" lon="113.324167">
        <time>2026-09-04T22:55:34Z</time>
      </trkpt>
      <trkpt lat="23.057769" lon="113.32403">
        <time>2026-09-04T22:55:39Z</time>
      </trkpt>
      <trkpt lat="23.057768" lon="113.323885">
        <time>2026-09-04T22:55:44Z</time>
      </trkpt>
      <trkpt lat="23.057763" lon="113.323754">
        <time>2026-09-04T22:55:49Z</time>
      </trkpt>
      <trkpt lat="23.05777" lon="113.323627">
        <time>2026-09-04T22:55:54Z</time>
      </trkpt>
      <trkpt lat="23.057772" lon="113.323494">
        <time>2026-09-04T22:55:59Z</time>
      </trkpt>
      <trkpt lat="23.057763" lon="113.323363">
        <time>2026-09-04T22:56:04Z</time>
      </trkpt>
      <trkpt lat="23.057758" lon="113.323235">
        <time>2026-09-04T22:56:09Z</time>
      </trkpt>
      <trkpt lat="23.05776" lon="113.323108">
        <time>2026-09-04T22:56:14Z</time>
      </trkpt>
      <trkpt lat="23.057769" lon="113.322982">
        <time>2026-09-04T22:56:19Z</time>
      </trkpt>
      <trkpt lat="23.057769" lon="113.322865">
        <time>2026-09-04T22:56:24Z</time>
      </trkpt>
      <trkpt lat="23.057757" lon="113.322744">
        <time>2026-09-04T22:56:29Z</time>
      </trkpt>
      <trkpt lat="23.057738" lon="113.322622">
        <time>2026-09-04T22:56:34Z</time>
      </trkpt>
      <trkpt lat="23.057747" lon="113.322468">
        <time>2026-09-04T22:56:39Z</time>
      </trkpt>
      <trkpt lat="23.057757" lon="113.322286">
        <time>2026-09-04T22:56:44Z</time>
      </trkpt>
      <trkpt lat="23.057749" lon="113.322142">
        <time>2026-09-04T22:56:49Z</time>
      </trkpt>
      <trkpt lat="23.057747" lon="113.322009">
        <time>2026-09-04T22:56:54Z</time>
      </trkpt>
      <trkpt lat="23.05776" lon="113.321875">
        <time>2026-09-04T22:56:59Z</time>
      </trkpt>
      <trkpt lat="23.057765" lon="113.321753">
        <time>2026-09-04T22:57:04Z</time>
      </trkpt>
      <trkpt lat="23.057779" lon="113.321613">
        <time>2026-09-04T22:57:09Z</time>
      </trkpt>
      <trkpt lat="23.057775" lon="113.321465">
        <time>2026-09-04T22:57:14Z</time>
      </trkpt>
      <trkpt lat="23.057782" lon="113.321326">
        <time>2026-09-04T22:57:19Z</time>
      </trkpt>
      <trkpt lat="23.057782" lon="113.321185">
        <time>2026-09-04T22:57:24Z</time>
      </trkpt>
      <trkpt lat="23.057774" lon="113.321039">
        <time>2026-09-04T22:57:29Z</time>
      </trkpt>
      <trkpt lat="23.057776" lon="113.320884">
        <time>2026-09-04T22:57:34Z</time>
      </trkpt>
      <trkpt lat="23.057776" lon="113.320741">
        <time>2026-09-04T22:57:39Z</time>
      </trkpt>
      <trkpt lat="23.057775" lon="113.320603">
        <time>2026-09-04T22:57:44Z</time>
      </trkpt>
      <trkpt lat="23.057781" lon="113.320452">
        <time>2026-09-04T22:57:49Z</time>
      </trkpt>
      <trkpt lat="23.057781" lon="113.320308">
        <time>2026-09-04T22:57:54Z</time>
      </trkpt>
      <trkpt lat="23.057777" lon="113.320159">
        <time>2026-09-04T22:57:59Z</time>
      </trkpt>
      <trkpt lat="23.057775" lon="113.320004">
        <time>2026-09-04T22:58:04Z</time>
      </trkpt>
      <trkpt lat="23.057787" lon="113.319861">
        <time>2026-09-04T22:58:09Z</time>
      </trkpt>
      <trkpt lat="23.057792" lon="113.319725">
        <time>2026-09-04T22:58:14Z</time>
      </trkpt>
      <trkpt lat="23.057809" lon="113.319598">
        <time>2026-09-04T22:58:19Z</time>
      </trkpt>
      <trkpt lat="23.05782" lon="113.319459">
        <time>2026-09-04T22:58:24Z</time>
      </trkpt>
      <trkpt lat="23.057819" lon="113.319316">
        <time>2026-09-04T22:58:29Z</time>
      </trkpt>
      <trkpt lat="23.057821" lon="113.31917">
        <time>2026-09-04T22:58:34Z</time>
      </trkpt>
      <trkpt lat="23.057813" lon="113.319034">
        <time>2026-09-04T22:58:39Z</time>
      </trkpt>
      <trkpt lat="23.057797" lon="113.31889">
        <time>2026-09-04T22:58:44Z</time>
      </trkpt>
      <trkpt lat="23.057765" lon="113.318738">
        <time>2026-09-04T22:58:49Z</time>
      </trkpt>
      <trkpt lat="23.057746" lon="113.318596">
        <time>2026-09-04T22:58:54Z</time>
      </trkpt>
      <trkpt lat="23.057737" lon="113.318463">
        <time>2026-09-04T22:58:59Z</time>
      </trkpt>
      <trkpt lat="23.05773" lon="113.318334">
        <time>2026-09-04T22:59:04Z</time>
      </trkpt>
      <trkpt lat="23.057713" lon="113.318204">
        <time>2026-09-04T22:59:09Z</time>
      </trkpt>
      <trkpt lat="23.057683" lon="113.318071">
        <time>2026-09-04T22:59:14Z</time>
      </trkpt>
      <trkpt lat="23.057631" lon="113.317952">
        <time>2026-09-04T22:59:19Z</time>
      </trkpt>
      <trkpt lat="23.057573" lon="113.317836">
        <time>2026-09-04T22:59:24Z</time>
      </trkpt>
      <trkpt lat="23.057531" lon="113.317714">
        <time>2026-09-04T22:59:29Z</time>
      </trkpt>
      <trkpt lat="23.057492" lon="113.317603">
        <time>2026-09-04T22:59:34Z</time>
      </trkpt>
      <trkpt lat="23.057459" lon="113.317497">
        <time>2026-09-04T22:59:39Z</time>
      </trkpt>
      <trkpt lat="23.057492" lon="113.317368">
        <time>2026-09-04T22:59:44Z</time>
      </trkpt>
      <trkpt lat="23.057509" lon="113.317232">
        <time>2026-09-04T22:59:49Z</time>
      </trkpt>
      <trkpt lat="23.057504" lon="113.317093">
        <time>2026-09-04T22:59:54Z</time>
      </trkpt>
      <trkpt lat="23.057496" lon="113.31695">
        <time>2026-09-04T22:59:59Z</time>
      </trkpt>
      <trkpt lat="23.057488" lon="113.316803">
        <time>2026-09-04T23:00:04Z</time>
      </trkpt>
      <trkpt lat="23.05748" lon="113.316656">
        <time>2026-09-04T23:00:09Z</time>
      </trkpt>
      <trkpt lat="23.057479" lon="113.31652">
        <time>2026-09-04T23:00:14Z</time>
      </trkpt>
      <trkpt lat="23.057479" lon="113.316382">
        <time>2026-09-04T23:00:19Z</time>
      </trkpt>
      <trkpt lat="23.057473" lon="113.316246">
        <time>2026-09-04T23:00:24Z</time>
      </trkpt>
      <trkpt lat="23.057467" lon="113.316111">
        <time>2026-09-04T23:00:29Z</time>
      </trkpt>
      <trkpt lat="23.057458" lon="113.315973">
        <time>2026-09-04T23:00:34Z</time>
      </trkpt>
      <trkpt lat="23.057449" lon="113.315826">
        <time>2026-09-04T23:00:39Z</time>
      </trkpt>
      <trkpt lat="23.057441" lon="113.315682">
        <time>2026-09-04T23:00:44Z</time>
      </trkpt>
      <trkpt lat="23.05743" lon="113.315545">
        <time>2026-09-04T23:00:49Z</time>
      </trkpt>
      <trkpt lat="23.057427" lon="113.315406">
        <time>2026-09-04T23:00:54Z</time>
      </trkpt>
      <trkpt lat="23.057421" lon="113.315265">
        <time>2026-09-04T23:00:59Z</time>
      </trkpt>
      <trkpt lat="23.057429" lon="113.315132">
        <time>2026-09-04T23:01:04Z</time>
      </trkpt>
      <trkpt lat="23.05743" lon="113.314984">
        <time>2026-09-04T23:01:09Z</time>
      </trkpt>
      <trkpt lat="23.057428" lon="113.314835">
        <time>2026-09-04T23:01:14Z</time>
      </trkpt>
      <trkpt lat="23.05743" lon="113.314701">
        <time>2026-09-04T23:01:19Z</time>
      </trkpt>
      <trkpt lat="23.057444" lon="113.314576">
        <time>2026-09-04T23:01:24Z</time>
      </trkpt>
      <trkpt lat="23.057441" lon="113.314449">
        <time>2026-09-04T23:01:29Z</time>
      </trkpt>
      <trkpt lat="23.05745" lon="113.314322">
        <time>2026-09-04T23:01:34Z</time>
      </trkpt>
      <trkpt lat="23.057457" lon="113.314178">
        <time>2026-09-04T23:01:39Z</time>
      </trkpt>
      <trkpt lat="23.057435" lon="113.314045">
        <time>2026-09-04T23:01:44Z</time>
      </trkpt>
      <trkpt lat="23.057427" lon="113.313911">
        <time>2026-09-04T23:01:49Z</time>
      </trkpt>
      <trkpt lat="23.05742" lon="113.313765">
        <time>2026-09-04T23:01:54Z</time>
      </trkpt>
      <trkpt lat="23.057415" lon="113.313621">
        <time>2026-09-04T23:01:59Z</time>
      </trkpt>
      <trkpt lat="23.057407" lon="113.313485">
        <time>2026-09-04T23:02:04Z</time>
      </trkpt>
      <trkpt lat="23.057396" lon="113.313347">
        <time>2026-09-04T23:02:09Z</time>
      </trkpt>
      <trkpt lat="23.057399" lon="113.313215">
        <time>2026-09-04T23:02:14Z</time>
      </trkpt>
      <trkpt lat="23.057399" lon="113.313086">
        <time>2026-09-04T23:02:19Z</time>
      </trkpt>
      <trkpt lat="23.057397" lon="113.312965">
        <time>2026-09-04T23:02:24Z</time>
      </trkpt>
      <trkpt lat="23.057397" lon="113.312831">
        <time>2026-09-04T23:02:29Z</time>
      </trkpt>
      <trkpt lat="23.057389" lon="113.312688">
        <time>2026-09-04T23:02:34Z</time>
      </trkpt>
      <trkpt lat="23.057384" lon="113.312556">
        <time>2026-09-04T23:02:39Z</time>
      </trkpt>
      <trkpt lat="23.057383" lon="113.312418">
        <time>2026-09-04T23:02:44Z</time>
      </trkpt>
      <trkpt lat="23.057377" lon="113.31228">
        <time>2026-09-04T23:02:49Z</time>
      </trkpt>
      <trkpt lat="23.057378" lon="113.31214">
        <time>2026-09-04T23:02:54Z</time>
      </trkpt>
      <trkpt lat="23.057378" lon="113.312007">
        <time>2026-09-04T23:02:59Z</time>
      </trkpt>
      <trkpt lat="23.057387" lon="113.311876">
        <time>2026-09-04T23:03:04Z</time>
      </trkpt>
      <trkpt lat="23.05739" lon="113.31172">
        <time>2026-09-04T23:03:09Z</time>
      </trkpt>
      <trkpt lat="23.057391" lon="113.311571">
        <time>2026-09-04T23:03:14Z</time>
      </trkpt>
      <trkpt lat="23.057405" lon="113.311427">
        <time>2026-09-04T23:03:19Z</time>
      </trkpt>
      <trkpt lat="23.05741" lon="113.311286">
        <time>2026-09-04T23:03:24Z</time>
      </trkpt>
      <trkpt lat="23.057411" lon="113.311149">
        <time>2026-09-04T23:03:29Z</time>
      </trkpt>
      <trkpt lat="23.057414" lon="113.311011">
        <time>2026-09-04T23:03:34Z</time>
      </trkpt>
      <trkpt lat="23.057415" lon="113.310871">
        <time>2026-09-04T23:03:39Z</time>
      </trkpt>
      <trkpt lat="23.057419" lon="113.310726">
        <time>2026-09-04T23:03:44Z</time>
      </trkpt>
      <trkpt lat="23.057413" lon="113.310585">
        <time>2026-09-04T23:03:49Z</time>
      </trkpt>
      <trkpt lat="23.057418" lon="113.310443">
        <time>2026-09-04T23:03:54Z</time>
      </trkpt>
      <trkpt lat="23.057411" lon="113.310288">
        <time>2026-09-04T23:03:59Z</time>
      </trkpt>
      <trkpt lat="23.057402" lon="113.310141">
        <time>2026-09-04T23:04:04Z</time>
      </trkpt>
      <trkpt lat="23.057392" lon="113.310002">
        <time>2026-09-04T23:04:09Z</time>
      </trkpt>
      <trkpt lat="23.057368" lon="113.309876">
        <time>2026-09-04T23:04:14Z</time>
      </trkpt>
      <trkpt lat="23.057337" lon="113.309766">
        <time>2026-09-04T23:04:19Z</time>
      </trkpt>
      <trkpt lat="23.057324" lon="113.309618">
        <time>2026-09-04T23:04:24Z</time>
      </trkpt>
      <trkpt lat="23.057288" lon="113.309469">
        <time>2026-09-04T23:04:29Z</time>
      </trkpt>
      <trkpt lat="23.057264" lon="113.309346">
        <time>2026-09-04T23:04:34Z</time>
      </trkpt>
      <trkpt lat="23.057261" lon="113.309222">
        <time>2026-09-04T23:04:39Z</time>
      </trkpt>
      <trkpt lat="23.057251" lon="113.309083">
        <time>2026-09-04T23:04:44Z</time>
      </trkpt>
      <trkpt lat="23.057227" lon="113.308936">
        <time>2026-09-04T23:04:49Z</time>
      </trkpt>
      <trkpt lat="23.057231" lon="113.308802">
        <time>2026-09-04T23:04:54Z</time>
      </trkpt>
      <trkpt lat="23.05724" lon="113.308674">
        <time>2026-09-04T23:04:59Z</time>
      </trkpt>
      <trkpt lat="23.057238" lon="113.308555">
        <time>2026-09-04T23:05:04Z</time>
      </trkpt>
      <trkpt lat="23.05723" lon="113.308405">
        <time>2026-09-04T23:05:09Z</time>
      </trkpt>
      <trkpt lat="23.057213" lon="113.308249">
        <time>2026-09-04T23:05:14Z</time>
      </trkpt>
      <trkpt lat="23.057199" lon="113.308102">
        <time>2026-09-04T23:05:19Z</time>
      </trkpt>
      <trkpt lat="23.057201" lon="113.307967">
        <time>2026-09-04T23:05:24Z</time>
      </trkpt>
      <trkpt lat="23.057203" lon="113.307834">
        <time>2026-09-04T23:05:29Z</time>
      </trkpt>
      <trkpt lat="23.057204" lon="113.307688">
        <time>2026-09-04T23:05:34Z</time>
      </trkpt>
      <trkpt lat="23.057189" lon="113.307541">
        <time>2026-09-04T23:05:39Z</time>
      </trkpt>
      <trkpt lat="23.057161" lon="113.307404">
        <time>2026-09-04T23:05:44Z</time>
      </trkpt>
      <trkpt lat="23.057151" lon="113.30726">
        <time>2026-09-04T23:05:49Z</time>
      </trkpt>
      <trkpt lat="23.057156" lon="113.307127">
        <time>2026-09-04T23:05:54Z</time>
      </trkpt>
      <trkpt lat="23.057172" lon="113.30698">
        <time>2026-09-04T23:05:59Z</time>
      </trkpt>
      <trkpt lat="23.057171" lon="113.306837">
        <time>2026-09-04T23:06:04Z</time>
      </trkpt>
      <trkpt lat="23.057171" lon="113.306701">
        <time>2026-09-04T23:06:09Z</time>
      </trkpt>
      <trkpt lat="23.057167" lon="113.30657">
        <time>2026-09-04T23:06:14Z</time>
      </trkpt>
      <trkpt lat="23.057165" lon="113.306429">
        <time>2026-09-04T23:06:19Z</time>
      </trkpt>
      <trkpt lat="23.057144" lon="113.306288">
        <time>2026-09-04T23:06:24Z</time>
      </trkpt>
      <trkpt lat="23.05714" lon="113.306141">
        <time>2026-09-04T23:06:29Z</time>
      </trkpt>
      <trkpt lat="23.057152" lon="113.305995">
        <time>2026-09-04T23:06:34Z</time>
      </trkpt>
      <trkpt lat="23.057155" lon="113.305855">
        <time>2026-09-04T23:06:39Z</time>
      </trkpt>
      <trkpt lat="23.05717" lon="113.305726">
        <time>2026-09-04T23:06:44Z</time>
      </trkpt>
      <trkpt lat="23.057196" lon="113.305588">
        <time>2026-09-04T23:06:49Z</time>
      </trkpt>
      <trkpt lat="23.057204" lon="113.305446">
        <time>2026-09-04T23:06:54Z</time>
      </trkpt>
      <trkpt lat="23.057206" lon="113.305306">
        <time>2026-09-04T23:06:59Z</time>
      </trkpt>
      <trkpt lat="23.057212" lon="113.305174">
        <time>2026-09-04T23:07:04Z</time>
      </trkpt>
      <trkpt lat="23.057222" lon="113.305038">
        <time>2026-09-04T23:07:09Z</time>
      </trkpt>
      <trkpt lat="23.057249" lon="113.30489">
        <time>2026-09-04T23:07:14Z</time>
      </trkpt>
      <trkpt lat="23.057289" lon="113.304738">
        <time>2026-09-04T23:07:19Z</time>
      </trkpt>
      <trkpt lat="23.05732" lon="113.304607">
        <time>2026-09-04T23:07:24Z</time>
      </trkpt>
      <trkpt lat="23.057319" lon="113.304485">
        <time>2026-09-04T23:07:29Z</time>
      </trkpt>
      <trkpt lat="23.057323" lon="113.304333">
        <time>2026-09-04T23:07:34Z</time>
      </trkpt>
      <trkpt lat="23.057336" lon="113.304183">
        <time>2026-09-04T23:07:39Z</time>
      </trkpt>
      <trkpt lat="23.057365" lon="113.304042">
        <time>2026-09-04T23:07:44Z</time>
      </trkpt>
      <trkpt lat="23.057394" lon="113.30391">
        <time>2026-09-04T23:07:49Z</time>
      </trkpt>
      <trkpt lat="23.057423" lon="113.303777">
        <time>2026-09-04T23:07:54Z</time>
      </trkpt>
      <trkpt lat="23.057448" lon="113.303635">
        <time>2026-09-04T23:07:59Z</time>
      </trkpt>
      <trkpt lat="23.057454" lon="113.303499">
        <time>2026-09-04T23:08:04Z</time>
      </trkpt>
      <trkpt lat="23.057456" lon="113.303357">
        <time>2026-09-04T23:08:09Z</time>
      </trkpt>
      <trkpt lat="23.057463" lon="113.3032">
        <time>2026-09-04T23:08:14Z</time>
      </trkpt>
      <trkpt lat="23.057486" lon="113.303048">
        <time>2026-09-04T23:08:19Z</time>
      </trkpt>
      <trkpt lat="23.057518" lon="113.302918">
        <time>2026-09-04T23:08:24Z</time>
      </trkpt>
      <trkpt lat="23.057548" lon="113.302776">
        <time>2026-09-04T23:08:29Z</time>
      </trkpt>
      <trkpt lat="23.057585" lon="113.302633">
        <time>2026-09-04T23:08:34Z</time>
      </trkpt>
      <trkpt lat="23.057619" lon="113.302493">
        <time>2026-09-04T23:08:39Z</time>
      </trkpt>
      <trkpt lat="23.057637" lon="113.302355">
        <time>2026-09-04T23:08:44Z</time>
      </trkpt>
      <trkpt lat="23.057652" lon="113.302225">
        <time>2026-09-04T23:08:49Z</time>
      </trkpt>
      <trkpt lat="23.057665" lon="113.302088">
        <time>2026-09-04T23:08:54Z</time>
      </trkpt>
      <trkpt lat="23.057687" lon="113.301944">
        <time>2026-09-04T23:08:59Z</time>
      </trkpt>
      <trkpt lat="23.057704" lon="113.301808">
        <time>2026-09-04T23:09:04Z</time>
      </trkpt>
      <trkpt lat="23.057736" lon="113.301676">
        <time>2026-09-04T23:09:09Z</time>
      </trkpt>
      <trkpt lat="23.057726" lon="113.301521">
        <time>2026-09-04T23:09:14Z</time>
      </trkpt>
      <trkpt lat="23.057723" lon="113.301377">
        <time>2026-09-04T23:09:19Z</time>
      </trkpt>
      <trkpt lat="23.057729" lon="113.301251">
        <time>2026-09-04T23:09:24Z</time>
      </trkpt>
      <trkpt lat="23.057733" lon="113.301117">
        <time>2026-09-04T23:09:29Z</time>
      </trkpt>
      <trkpt lat="23.057767" lon="113.300969">
        <time>2026-09-04T23:09:34Z</time>
      </trkpt>
      <trkpt lat="23.057826" lon="113.30081">
        <time>2026-09-04T23:09:39Z</time>
      </trkpt>
      <trkpt lat="23.057865" lon="113.300675">
        <time>2026-09-04T23:09:44Z</time>
      </trkpt>
      <trkpt lat="23.057886" lon="113.300541">
        <time>2026-09-04T23:09:49Z</time>
      </trkpt>
      <trkpt lat="23.057908" lon="113.300401">
        <time>2026-09-04T23:09:54Z</time>
      </trkpt>
      <trkpt lat="23.057938" lon="113.300263">
        <time>2026-09-04T23:09:59Z</time>
      </trkpt>
      <trkpt lat="23.057964" lon="113.300127">
        <time>2026-09-04T23:10:04Z</time>
      </trkpt>
      <trkpt lat="23.057967" lon="113.299987">
        <time>2026-09-04T23:10:09Z</time>
      </trkpt>
      <trkpt lat="23.057974" lon="113.299843">
        <time>2026-09-04T23:10:14Z</time>
      </trkpt>
      <trkpt lat="23.057991" lon="113.299706">
        <time>2026-09-04T23:10:19Z</time>
      </trkpt>
      <trkpt lat="23.058043" lon="113.299584">
        <time>2026-09-04T23:10:24Z</time>
      </trkpt>
      <trkpt lat="23.058073" lon="113.299452">
        <time>2026-09-04T23:10:29Z</time>
      </trkpt>
      <trkpt lat="23.058074" lon="113.299327">
        <time>2026-09-04T23:10:34Z</time>
      </trkpt>
      <trkpt lat="23.058079" lon="113.299197">
        <time>2026-09-04T23:10:39Z</time>
      </trkpt>
      <trkpt lat="23.058084" lon="113.299056">
        <time>2026-09-04T23:10:44Z</time>
      </trkpt>
      <trkpt lat="23.058128" lon="113.298912">
        <time>2026-09-04T23:10:49Z</time>
      </trkpt>
      <trkpt lat="23.058175" lon="113.29877">
        <time>2026-09-04T23:10:54Z</time>
      </trkpt>
      <trkpt lat="23.058188" lon="113.298631">
        <time>2026-09-04T23:10:59Z</time>
      </trkpt>
      <trkpt lat="23.058201" lon="113.298489">
        <time>2026-09-04T23:11:04Z</time>
      </trkpt>
      <trkpt lat="23.058225" lon="113.298348">
        <time>2026-09-04T23:11:09Z</time>
      </trkpt>
      <trkpt lat="23.058216" lon="113.298214">
        <time>2026-09-04T23:11:14Z</time>
      </trkpt>
      <trkpt lat="23.058212" lon="113.298071">
        <time>2026-09-04T23:11:19Z</time>
      </trkpt>
      <trkpt lat="23.058207" lon="113.297919">
        <time>2026-09-04T23:11:24Z</time>
      </trkpt>
      <trkpt lat="23.058197" lon="113.297778">
        <time>2026-09-04T23:11:29Z</time>
      </trkpt>
      <trkpt lat="23.058191" lon="113.297642">
        <time>2026-09-04T23:11:34Z</time>
      </trkpt>
      <trkpt lat="23.0582" lon="113.297506">
        <time>2026-09-04T23:11:39Z</time>
      </trkpt>
      <trkpt lat="23.05821" lon="113.297374">
        <time>2026-09-04T23:11:44Z</time>
      </trkpt>
      <trkpt lat="23.058237" lon="113.297231">
        <time>2026-09-04T23:11:49Z</time>
      </trkpt>
      <trkpt lat="23.058257" lon="113.297076">
        <time>2026-09-04T23:11:54Z</time>
      </trkpt>
      <trkpt lat="23.05827" lon="113.296935">
        <time>2026-09-04T23:11:59Z</time>
      </trkpt>
      <trkpt lat="23.058296" lon="113.296799">
        <time>2026-09-04T23:12:04Z</time>
      </trkpt>
      <trkpt lat="23.058346" lon="113.296663">
        <time>2026-09-04T23:12:09Z</time>
      </trkpt>
      <trkpt lat="23.058394" lon="113.296536">
        <time>2026-09-04T23:12:14Z</time>
      </trkpt>
      <trkpt lat="23.058419" lon="113.29641">
        <time>2026-09-04T23:12:19Z</time>
      </trkpt>
      <trkpt lat="23.058432" lon="113.296261">
        <time>2026-09-04T23:12:24Z</time>
      </trkpt>
      <trkpt lat="23.058456" lon="113.296109">
        <time>2026-09-04T23:12:29Z</time>
      </trkpt>
      <trkpt lat="23.058481" lon="113.295961">
        <time>2026-09-04T23:12:34Z</time>
      </trkpt>
      <trkpt lat="23.058506" lon="113.295823">
        <time>2026-09-04T23:12:39Z</time>
      </trkpt>
      <trkpt lat="23.058529" lon="113.295696">
        <time>2026-09-04T23:12:44Z</time>
      </trkpt>
      <trkpt lat="23.058556" lon="113.295573">
        <time>2026-09-04T23:12:49Z</time>
      </trkpt>
      <trkpt lat="23.058587" lon="113.29544">
        <time>2026-09-04T23:12:54Z</time>
      </trkpt>
      <trkpt lat="23.058624" lon="113.295307">
        <time>2026-09-04T23:12:59Z</time>
      </trkpt>
      <trkpt lat="23.058653" lon="113.295169">
        <time>2026-09-04T23:13:04Z</time>
      </trkpt>
      <trkpt lat="23.05868" lon="113.29503">
        <time>2026-09-04T23:13:09Z</time>
      </trkpt>
      <trkpt lat="23.058717" lon="113.29488">
        <time>2026-09-04T23:13:14Z</time>
      </trkpt>
      <trkpt lat="23.058756" lon="113.294727">
        <time>2026-09-04T23:13:19Z</time>
      </trkpt>
      <trkpt lat="23.058775" lon="113.294583">
        <time>2026-09-04T23:13:24Z</time>
      </trkpt>
      <trkpt lat="23.058792" lon="113.294443">
        <time>2026-09-04T23:13:29Z</time>
      </trkpt>
      <trkpt lat="23.058826" lon="113.294308">
        <time>2026-09-04T23:13:34Z</time>
      </trkpt>
      <trkpt lat="23.05885" lon="113.294169">
        <time>2026-09-04T23:13:39Z</time>
      </trkpt>
      <trkpt lat="23.058872" lon="113.294031">
        <time>2026-09-04T23:13:44Z</time>
      </trkpt>
      <trkpt lat="23.0589" lon="113.293895">
        <time>2026-09-04T23:13:49Z</time>
      </trkpt>
      <trkpt lat="23.058925" lon="113.293762">
        <time>2026-09-04T23:13:54Z</time>
      </trkpt>
      <trkpt lat="23.058937" lon="113.293624">
        <time>2026-09-04T23:13:59Z</time>
      </trkpt>
      <trkpt lat="23.058937" lon="113.293476">
        <time>2026-09-04T23:14:04Z</time>
      </trkpt>
      <trkpt lat="23.058932" lon="113.293331">
        <time>2026-09-04T23:14:09Z</time>
      </trkpt>
      <trkpt lat="23.058929" lon="113.293203">
        <time>2026-09-04T23:14:14Z</time>
      </trkpt>
      <trkpt lat="23.058944" lon="113.293071">
        <time>2026-09-04T23:14:19Z</time>
      </trkpt>
      <trkpt lat="23.05896" lon="113.29294">
        <time>2026-09-04T23:14:24Z</time>
      </trkpt>
      <trkpt lat="23.058973" lon="113.292806">
        <time>2026-09-04T23:14:29Z</time>
      </trkpt>
      <trkpt lat="23.058962" lon="113.292664">
        <time>2026-09-04T23:14:34Z</time>
      </trkpt>
      <trkpt lat="23.058942" lon="113.292525">
        <time>2026-09-04T23:14:39Z</time>
      </trkpt>
      <trkpt lat="23.058934" lon="113.292386">
        <time>2026-09-04T23:14:44Z</time>
      </trkpt>
      <trkpt lat="23.058919" lon="113.292243">
        <time>2026-09-04T23:14:49Z</time>
      </trkpt>
      <trkpt lat="23.058899" lon="113.292112">
        <time>2026-09-04T23:14:54Z</time>
      </trkpt>
      <trkpt lat="23.058894" lon="113.291975">
        <time>2026-09-04T23:14:59Z</time>
      </trkpt>
      <trkpt lat="23.058878" lon="113.291839">
        <time>2026-09-04T23:15:04Z</time>
      </trkpt>
      <trkpt lat="23.058847" lon="113.291702">
        <time>2026-09-04T23:15:09Z</time>
      </trkpt>
      <trkpt lat="23.058818" lon="113.291575">
        <time>2026-09-04T23:15:14Z</time>
      </trkpt>
      <trkpt lat="23.058798" lon="113.291438">
        <time>2026-09-04T23:15:19Z</time>
      </trkpt>
      <trkpt lat="23.058778" lon="113.291303">
        <time>2026-09-04T23:15:24Z</time>
      </trkpt>
      <trkpt lat="23.058774" lon="113.291152">
        <time>2026-09-04T23:15:29Z</time>
      </trkpt>
      <trkpt lat="23.058763" lon="113.291009">
        <time>2026-09-04T23:15:34Z</time>
      </trkpt>
      <trkpt lat="23.058761" lon="113.290863">
        <time>2026-09-04T23:15:39Z</time>
      </trkpt>
      <trkpt lat="23.058741" lon="113.290702">
        <time>2026-09-04T23:15:44Z</time>
      </trkpt>
      <trkpt lat="23.058691" lon="113.290538">
        <time>2026-09-04T23:15:49Z</time>
      </trkpt>
      <trkpt lat="23.058657" lon="113.290379">
        <time>2026-09-04T23:15:54Z</time>
      </trkpt>
      <trkpt lat="23.058636" lon="113.290221">
        <time>2026-09-04T23:15:59Z</time>
      </trkpt>
      <trkpt lat="23.05863" lon="113.290074">
        <time>2026-09-04T23:16:04Z</time>
      </trkpt>
      <trkpt lat="23.058691" lon="113.289946">
        <time>2026-09-04T23:16:09Z</time>
      </trkpt>
      <trkpt lat="23.058742" lon="113.289811">
        <time>2026-09-04T23:16:14Z</time>
      </trkpt>
      <trkpt lat="23.058739" lon="113.28967">
        <time>2026-09-04T23:16:19Z</time>
      </trkpt>
      <trkpt lat="23.058702" lon="113.289529">
        <time>2026-09-04T23:16:24Z</time>
      </trkpt>
      <trkpt lat="23.058674" lon="113.289382">
        <time>2026-09-04T23:16:29Z</time>
      </trkpt>
      <trkpt lat="23.05868" lon="113.289236">
        <time>2026-09-04T23:16:34Z</time>
      </trkpt>
      <trkpt lat="23.058688" lon="113.289096">
        <time>2026-09-04T23:16:39Z</time>
      </trkpt>
      <trkpt lat="23.058685" lon="113.288963">
        <time>2026-09-04T23:16:44Z</time>
      </trkpt>
      <trkpt lat="23.058672" lon="113.28883">
        <time>2026-09-04T23:16:49Z</time>
      </trkpt>
      <trkpt lat="23.058657" lon="113.288697">
        <time>2026-09-04T23:16:54Z</time>
      </trkpt>
      <trkpt lat="23.058653" lon="113.288572">
        <time>2026-09-04T23:16:59Z</time>
      </trkpt>
      <trkpt lat="23.05864" lon="113.288453">
        <time>2026-09-04T23:17:04Z</time>
      </trkpt>
      <trkpt lat="23.058652" lon="113.288333">
        <time>2026-09-04T23:17:09Z</time>
      </trkpt>
      <trkpt lat="23.05871" lon="113.288232">
        <time>2026-09-04T23:17:14Z</time>
      </trkpt>
      <trkpt lat="23.058826" lon="113.288197">
        <time>2026-09-04T23:17:19Z</time>
      </trkpt>
      <trkpt lat="23.058955" lon="113.288181">
        <time>2026-09-04T23:17:24Z</time>
      </trkpt>
      <trkpt lat="23.059077" lon="113.288173">
        <time>2026-09-04T23:17:29Z</time>
      </trkpt>
      <trkpt lat="23.059199" lon="113.288148">
        <time>2026-09-04T23:17:34Z</time>
      </trkpt>
      <trkpt lat="23.059323" lon="113.288135">
        <time>2026-09-04T23:17:39Z</time>
      </trkpt>
      <trkpt lat="23.059434" lon="113.288125">
        <time>2026-09-04T23:17:44Z</time>
      </trkpt>
      <trkpt lat="23.059533" lon="113.288096">
        <time>2026-09-04T23:17:49Z</time>
      </trkpt>
      <trkpt lat="23.059646" lon="113.28804">
        <time>2026-09-04T23:17:54Z</time>
      </trkpt>
      <trkpt lat="23.05979" lon="113.288027">
        <time>2026-09-04T23:17:59Z</time>
      </trkpt>
      <trkpt lat="23.059929" lon="113.288013">
        <time>2026-09-04T23:18:04Z</time>
      </trkpt>
      <trkpt lat="23.06006" lon="113.288004">
        <time>2026-09-04T23:18:09Z</time>
      </trkpt>
      <trkpt lat="23.060198" lon="113.287972">
        <time>2026-09-04T23:18:14Z</time>
      </trkpt>
      <trkpt lat="23.060307" lon="113.287893">
        <time>2026-09-04T23:18:19Z</time>
      </trkpt>
      <trkpt lat="23.060313" lon="113.287771">
        <time>2026-09-04T23:18:24Z</time>
      </trkpt>
      <trkpt lat="23.0603" lon="113.287641">
        <time>2026-09-04T23:18:29Z</time>
      </trkpt>
      <trkpt lat="23.060297" lon="113.287531">
        <time>2026-09-04T23:18:34Z</time>
      </trkpt>
      <trkpt lat="23.060281" lon="113.287418">
        <time>2026-09-04T23:18:39Z</time>
      </trkpt>
      <trkpt lat="23.060234" lon="113.287297">
        <time>2026-09-04T23:18:44Z</time>
      </trkpt>
      <trkpt lat="23.060206" lon="113.287187">
        <time>2026-09-04T23:18:49Z</time>
      </trkpt>
      <trkpt lat="23.060216" lon="113.287034">
        <time>2026-09-04T23:18:54Z</time>
      </trkpt>
      <trkpt lat="23.060256" lon="113.286833">
        <time>2026-09-04T23:18:59Z</time>
      </trkpt>
      <trkpt lat="23.060248" lon="113.286708">
        <time>2026-09-04T23:19:04Z</time>
      </trkpt>
      <trkpt lat="23.060203" lon="113.286564">
        <time>2026-09-04T23:19:09Z</time>
      </trkpt>
      <trkpt lat="23.060112" lon="113.286426">
        <time>2026-09-04T23:19:14Z</time>
      </trkpt>
      <trkpt lat="23.059986" lon="113.286356">
        <time>2026-09-04T23:19:19Z</time>
      </trkpt>
      <trkpt lat="23.059842" lon="113.286292">
        <time>2026-09-04T23:19:24Z</time>
      </trkpt>
      <trkpt lat="23.059719" lon="113.286228">
        <time>2026-09-04T23:19:29Z</time>
      </trkpt>
      <trkpt lat="23.059597" lon="113.286187">
        <time>2026-09-04T23:19:34Z</time>
      </trkpt>
      <trkpt lat="23.059464" lon="113.286177">
        <time>2026-09-04T23:19:39Z</time>
      </trkpt>
      <trkpt lat="23.059327" lon="113.286203">
        <time>2026-09-04T23:19:44Z</time>
      </trkpt>
      <trkpt lat="23.059205" lon="113.286219">
        <time>2026-09-04T23:19:49Z</time>
      </trkpt>
      <trkpt lat="23.059094" lon="113.286228">
        <time>2026-09-04T23:19:54Z</time>
      </trkpt>
      <trkpt lat="23.05899" lon="113.286226">
        <time>2026-09-04T23:19:59Z</time>
      </trkpt>
      <trkpt lat="23.058878" lon="113.286215">
        <time>2026-09-04T23:20:04Z</time>
      </trkpt>
      <trkpt lat="23.058777" lon="113.286168">
        <time>2026-09-04T23:20:09Z</time>
      </trkpt>
      <trkpt lat="23.058761" lon="113.286077">
        <time>2026-09-04T23:20:14Z</time>
      </trkpt>
      <trkpt lat="23.058805" lon="113.28597">
        <time>2026-09-04T23:20:19Z</time>
      </trkpt>
      <trkpt lat="23.058856" lon="113.285862">
        <time>2026-09-04T23:20:24Z</time>
      </trkpt>
      <trkpt lat="23.058916" lon="113.285755">
        <time>2026-09-04T23:20:29Z</time>
      </trkpt>
      <trkpt lat="23.058965" lon="113.285636">
        <time>2026-09-04T23:20:34Z</time>
      </trkpt>
      <trkpt lat="23.059017" lon="113.285517">
        <time>2026-09-04T23:20:39Z</time>
      </trkpt>
      <trkpt lat="23.059071" lon="113.285398">
        <time>2026-09-04T23:20:44Z</time>
      </trkpt>
      <trkpt lat="23.059123" lon="113.285281">
        <time>2026-09-04T23:20:49Z</time>
      </trkpt>
      <trkpt lat="23.059175" lon="113.28516">
        <time>2026-09-04T23:20:54Z</time>
      </trkpt>
      <trkpt lat="23.059228" lon="113.285039">
        <time>2026-09-04T23:20:59Z</time>
      </trkpt>
      <trkpt lat="23.059282" lon="113.284924">
        <time>2026-09-04T23:21:04Z</time>
      </trkpt>
      <trkpt lat="23.059341" lon="113.284807">
        <time>2026-09-04T23:21:09Z</time>
      </trkpt>
      <trkpt lat="23.059388" lon="113.284679">
        <time>2026-09-04T23:21:14Z</time>
      </trkpt>
      <trkpt lat="23.059431" lon="113.284552">
        <time>2026-09-04T23:21:19Z</time>
      </trkpt>
      <trkpt lat="23.059492" lon="113.284418">
        <time>2026-09-04T23:21:24Z</time>
      </trkpt>
      <trkpt lat="23.059553" lon="113.284285">
        <time>2026-09-04T23:21:29Z</time>
      </trkpt>
      <trkpt lat="23.059611" lon="113.284159">
        <time>2026-09-04T23:21:34Z</time>
      </trkpt>
      <trkpt lat="23.059664" lon="113.284039">
        <time>2026-09-04T23:21:39Z</time>
      </trkpt>
      <trkpt lat="23.059716" lon="113.283917">
        <time>2026-09-04T23:21:44Z</time>
      </trkpt>
      <trkpt lat="23.059772" lon="113.283795">
        <time>2026-09-04T23:21:49Z</time>
      </trkpt>
      <trkpt lat="23.059828" lon="113.283679">
        <time>2026-09-04T23:21:54Z</time>
      </trkpt>
      <trkpt lat="23.059896" lon="113.283577">
        <time>2026-09-04T23:21:59Z</time>
      </trkpt>
      <trkpt lat="23.059953" lon="113.28345">
        <time>2026-09-04T23:22:04Z</time>
      </trkpt>
      <trkpt lat="23.060006" lon="113.283319">
        <time>2026-09-04T23:22:09Z</time>
      </trkpt>
      <trkpt lat="23.060059" lon="113.283195">
        <time>2026-09-04T23:22:14Z</time>
      </trkpt>
      <trkpt lat="23.060115" lon="113.283075">
        <time>2026-09-04T23:22:19Z</time>
      </trkpt>
      <trkpt lat="23.060164" lon="113.282948">
        <time>2026-09-04T23:22:24Z</time>
      </trkpt>
      <trkpt lat="23.060215" lon="113.282818">
        <time>2026-09-04T23:22:29Z</time>
      </trkpt>
      <trkpt lat="23.060271" lon="113.282687">
        <time>2026-09-04T23:22:34Z</time>
      </trkpt>
      <trkpt lat="23.060322" lon="113.282558">
        <time>2026-09-04T23:22:39Z</time>
      </trkpt>
      <trkpt lat="23.060369" lon="113.282425">
        <time>2026-09-04T23:22:44Z</time>
      </trkpt>
      <trkpt lat="23.060414" lon="113.282287">
        <time>2026-09-04T23:22:49Z</time>
      </trkpt>
      <trkpt lat="23.060459" lon="113.282159">
        <time>2026-09-04T23:22:54Z</time>
      </trkpt>
      <trkpt lat="23.060507" lon="113.282037">
        <time>2026-09-04T23:22:59Z</time>
      </trkpt>
      <trkpt lat="23.060566" lon="113.281911">
        <time>2026-09-04T23:23:04Z</time>
      </trkpt>
      <trkpt lat="23.060622" lon="113.281769">
        <time>2026-09-04T23:23:09Z</time>
      </trkpt>
      <trkpt lat="23.060672" lon="113.281637">
        <time>2026-09-04T23:23:14Z</time>
      </trkpt>
      <trkpt lat="23.060731" lon="113.28151">
        <time>2026-09-04T23:23:19Z</time>
      </trkpt>
      <trkpt lat="23.060798" lon="113.281374">
        <time>2026-09-04T23:23:24Z</time>
      </trkpt>
      <trkpt lat="23.060865" lon="113.281244">
        <time>2026-09-04T23:23:29Z</time>
      </trkpt>
      <trkpt lat="23.060919" lon="113.281115">
        <time>2026-09-04T23:23:34Z</time>
      </trkpt>
      <trkpt lat="23.060974" lon="113.280984">
        <time>2026-09-04T23:23:39Z</time>
      </trkpt>
      <trkpt lat="23.06103" lon="113.280855">
        <time>2026-09-04T23:23:44Z</time>
      </trkpt>
      <trkpt lat="23.061091" lon="113.280724">
        <time>2026-09-04T23:23:49Z</time>
      </trkpt>
      <trkpt lat="23.061155" lon="113.28059">
        <time>2026-09-04T23:23:54Z</time>
      </trkpt>
      <trkpt lat="23.061225" lon="113.280454">
        <time>2026-09-04T23:23:59Z</time>
      </trkpt>
      <trkpt lat="23.061307" lon="113.280323">
        <time>2026-09-04T23:24:04Z</time>
      </trkpt>
      <trkpt lat="23.061386" lon="113.280191">
        <time>2026-09-04T23:24:09Z</time>
      </trkpt>
      <trkpt lat="23.061455" lon="113.280062">
        <time>2026-09-04T23:24:14Z</time>
      </trkpt>
      <trkpt lat="23.061521" lon="113.279942">
        <time>2026-09-04T23:24:19Z</time>
      </trkpt>
      <trkpt lat="23.061586" lon="113.279833">
        <time>2026-09-04T23:24:24Z</time>
      </trkpt>
      <trkpt lat="23.061645" lon="113.279705">
        <time>2026-09-04T23:24:29Z</time>
      </trkpt>
      <trkpt lat="23.061698" lon="113.279562">
        <time>2026-09-04T23:24:34Z</time>
      </trkpt>
      <trkpt lat="23.06175" lon="113.279424">
        <time>2026-09-04T23:24:39Z</time>
      </trkpt>
      <trkpt lat="23.061802" lon="113.279291">
        <time>2026-09-04T23:24:44Z</time>
      </trkpt>
      <trkpt lat="23.061849" lon="113.279152">
        <time>2026-09-04T23:24:49Z</time>
      </trkpt>
      <trkpt lat="23.061889" lon="113.279009">
        <time>2026-09-04T23:24:54Z</time>
      </trkpt>
      <trkpt lat="23.061938" lon="113.278864">
        <time>2026-09-04T23:24:59Z</time>
      </trkpt>
      <trkpt lat="23.061995" lon="113.278715">
        <time>2026-09-04T23:25:04Z</time>
      </trkpt>
      <trkpt lat="23.061995" lon="113.278553">
        <time>2026-09-04T23:25:09Z</time>
      </trkpt>
      <trkpt lat="23.06198" lon="113.278392">
        <time>2026-09-04T23:25:14Z</time>
      </trkpt>
      <trkpt lat="23.061966" lon="113.278228">
        <time>2026-09-04T23:25:19Z</time>
      </trkpt>
      <trkpt lat="23.061956" lon="113.278067">
        <time>2026-09-04T23:25:24Z</time>
      </trkpt>
      <trkpt lat="23.061955" lon="113.277904">
        <time>2026-09-04T23:25:29Z</time>
      </trkpt>
      <trkpt lat="23.061965" lon="113.277743">
        <time>2026-09-04T23:25:34Z</time>
      </trkpt>
      <trkpt lat="23.062007" lon="113.277587">
        <time>2026-09-04T23:25:39Z</time>
      </trkpt>
      <trkpt lat="23.062065" lon="113.27744">
        <time>2026-09-04T23:25:44Z</time>
      </trkpt>
      <trkpt lat="23.062124" lon="113.277301">
        <time>2026-09-04T23:25:49Z</time>
      </trkpt>
      <trkpt lat="23.062174" lon="113.277164">
        <time>2026-09-04T23:25:54Z</time>
      </trkpt>
      <trkpt lat="23.062216" lon="113.277034">
        <time>2026-09-04T23:25:59Z</time>
      </trkpt>
      <trkpt lat="23.062266" lon="113.276903">
        <time>2026-09-04T23:26:04Z</time>
      </trkpt>
      <trkpt lat="23.062318" lon="113.276773">
        <time>2026-09-04T23:26:09Z</time>
      </trkpt>
      <trkpt lat="23.062367" lon="113.276642">
        <time>2026-09-04T23:26:14Z</time>
      </trkpt>
      <trkpt lat="23.062413" lon="113.276514">
        <time>2026-09-04T23:26:19Z</time>
      </trkpt>
      <trkpt lat="23.06246" lon="113.276389">
        <time>2026-09-04T23:26:24Z</time>
      </trkpt>
      <trkpt lat="23.062515" lon="113.27627">
        <time>2026-09-04T23:26:29Z</time>
      </trkpt>
      <trkpt lat="23.062571" lon="113.276153">
        <time>2026-09-04T23:26:34Z</time>
      </trkpt>
      <trkpt lat="23.062631" lon="113.276043">
        <time>2026-09-04T23:26:39Z</time>
      </trkpt>
      <trkpt lat="23.062698" lon="113.275944">
        <time>2026-09-04T23:26:44Z</time>
      </trkpt>
      <trkpt lat="23.062779" lon="113.275847">
        <time>2026-09-04T23:26:49Z</time>
      </trkpt>
      <trkpt lat="23.062866" lon="113.275756">
        <time>2026-09-04T23:26:54Z</time>
      </trkpt>
      <trkpt lat="23.062957" lon="113.275661">
        <time>2026-09-04T23:26:59Z</time>
      </trkpt>
      <trkpt lat="23.063039" lon="113.27556">
        <time>2026-09-04T23:27:04Z</time>
      </trkpt>
      <trkpt lat="23.063107" lon="113.275449">
        <time>2026-09-04T23:27:09Z</time>
      </trkpt>
      <trkpt lat="23.063177" lon="113.275341">
        <time>2026-09-04T23:27:14Z</time>
      </trkpt>
      <trkpt lat="23.063243" lon="113.275238">
        <time>2026-09-04T23:27:19Z</time>
      </trkpt>
      <trkpt lat="23.063323" lon="113.275129">
        <time>2026-09-04T23:27:24Z</time>
      </trkpt>
      <trkpt lat="23.063412" lon="113.275021">
        <time>2026-09-04T23:27:29Z</time>
      </trkpt>
      <trkpt lat="23.06346" lon="113.274898">
        <time>2026-09-04T23:27:34Z</time>
      </trkpt>
      <trkpt lat="23.063488" lon="113.274772">
        <time>2026-09-04T23:27:39Z</time>
      </trkpt>
      <trkpt lat="23.063517" lon="113.274647">
        <time>2026-09-04T23:27:44Z</time>
      </trkpt>
      <trkpt lat="23.063541" lon="113.274539">
        <time>2026-09-04T23:27:49Z</time>
      </trkpt>
      <trkpt lat="23.063585" lon="113.274426">
        <time>2026-09-04T23:27:54Z</time>
      </trkpt>
      <trkpt lat="23.063662" lon="113.274325">
        <time>2026-09-04T23:27:59Z</time>
      </trkpt>
      <trkpt lat="23.063754" lon="113.274227">
        <time>2026-09-04T23:28:04Z</time>
      </trkpt>
      <trkpt lat="23.063837" lon="113.274125">
        <time>2026-09-04T23:28:09Z</time>
      </trkpt>
      <trkpt lat="23.063909" lon="113.274005">
        <time>2026-09-04T23:28:14Z</time>
      </trkpt>
      <trkpt lat="23.063975" lon="113.273887">
        <time>2026-09-04T23:28:19Z</time>
      </trkpt>
      <trkpt lat="23.064049" lon="113.27378">
        <time>2026-09-04T23:28:24Z</time>
      </trkpt>
      <trkpt lat="23.064148" lon="113.27369">
        <time>2026-09-04T23:28:29Z</time>
      </trkpt>
      <trkpt lat="23.064257" lon="113.273615">
        <time>2026-09-04T23:28:34Z</time>
      </trkpt>
      <trkpt lat="23.064352" lon="113.273534">
        <time>2026-09-04T23:28:39Z</time>
      </trkpt>
      <trkpt lat="23.064443" lon="113.273437">
        <time>2026-09-04T23:28:44Z</time>
      </trkpt>
      <trkpt lat="23.064527" lon="113.273335">
        <time>2026-09-04T23:28:49Z</time>
      </trkpt>
      <trkpt lat="23.064583" lon="113.273215">
        <time>2026-09-04T23:28:54Z</time>
      </trkpt>
      <trkpt lat="23.064585" lon="113.273078">
        <time>2026-09-04T23:28:59Z</time>
      </trkpt>
      <trkpt lat="23.064541" lon="113.272949">
        <time>2026-09-04T23:29:04Z</time>
      </trkpt>
      <trkpt lat="23.064487" lon="113.272818">
        <time>2026-09-04T23:29:09Z</time>
      </trkpt>
      <trkpt lat="23.064439" lon="113.272688">
        <time>2026-09-04T23:29:14Z</time>
      </trkpt>
      <trkpt lat="23.064434" lon="113.272555">
        <time>2026-09-04T23:29:19Z</time>
      </trkpt>
      <trkpt lat="23.06449" lon="113.272416">
        <time>2026-09-04T23:29:24Z</time>
      </trkpt>
      <trkpt lat="23.064534" lon="113.27227">
        <time>2026-09-04T23:29:29Z</time>
      </trkpt>
      <trkpt lat="23.064585" lon="113.272142">
        <time>2026-09-04T23:29:34Z</time>
      </trkpt>
      <trkpt lat="23.064649" lon="113.272025">
        <time>2026-09-04T23:29:39Z</time>
      </trkpt>
      <trkpt lat="23.064708" lon="113.271911">
        <time>2026-09-04T23:29:44Z</time>
      </trkpt>
      <trkpt lat="23.064762" lon="113.271797">
        <time>2026-09-04T23:29:49Z</time>
      </trkpt>
      <trkpt lat="23.06483" lon="113.271671">
        <time>2026-09-04T23:29:54Z</time>
      </trkpt>
      <trkpt lat="23.064893" lon="113.271545">
        <time>2026-09-04T23:29:59Z</time>
      </trkpt>
      <trkpt lat="23.064948" lon="113.27142">
        <time>2026-09-04T23:30:04Z</time>
      </trkpt>
      <trkpt lat="23.06501" lon="113.271306">
        <time>2026-09-04T23:30:09Z</time>
      </trkpt>
      <trkpt lat="23.065072" lon="113.271182">
        <time>2026-09-04T23:30:14Z</time>
      </trkpt>
      <trkpt lat="23.06512" lon="113.27104">
        <time>2026-09-04T23:30:19Z</time>
      </trkpt>
      <trkpt lat="23.065171" lon="113.27091">
        <time>2026-09-04T23:30:24Z</time>
      </trkpt>
      <trkpt lat="23.065223" lon="113.270786">
        <time>2026-09-04T23:30:29Z</time>
      </trkpt>
      <trkpt lat="23.065281" lon="113.270668">
        <time>2026-09-04T23:30:34Z</time>
      </trkpt>
      <trkpt lat="23.065342" lon="113.270547">
        <time>2026-09-04T23:30:39Z</time>
      </trkpt>
      <trkpt lat="23.065403" lon="113.270422">
        <time>2026-09-04T23:30:44Z</time>
      </trkpt>
      <trkpt lat="23.065459" lon="113.270303">
        <time>2026-09-04T23:30:49Z</time>
      </trkpt>
      <trkpt lat="23.065511" lon="113.270179">
        <time>2026-09-04T23:30:54Z</time>
      </trkpt>
      <trkpt lat="23.065558" lon="113.270051">
        <time>2026-09-04T23:30:59Z</time>
      </trkpt>
      <trkpt lat="23.065601" lon="113.269921">
        <time>2026-09-04T23:31:04Z</time>
      </trkpt>
      <trkpt lat="23.065633" lon="113.269796">
        <time>2026-09-04T23:31:09Z</time>
      </trkpt>
      <trkpt lat="23.065666" lon="113.269667">
        <time>2026-09-04T23:31:14Z</time>
      </trkpt>
      <trkpt lat="23.065711" lon="113.269533">
        <time>2026-09-04T23:31:19Z</time>
      </trkpt>
      <trkpt lat="23.065751" lon="113.269401">
        <time>2026-09-04T23:31:24Z</time>
      </trkpt>
      <trkpt lat="23.065778" lon="113.26926">
        <time>2026-09-04T23:31:29Z</time>
      </trkpt>
      <trkpt lat="23.065813" lon="113.269125">
        <time>2026-09-04T23:31:34Z</time>
      </trkpt>
      <trkpt lat="23.06586" lon="113.269002">
        <time>2026-09-04T23:31:39Z</time>
      </trkpt>
      <trkpt lat="23.065913" lon="113.268882">
        <time>2026-09-04T23:31:44Z</time>
      </trkpt>
      <trkpt lat="23.065966" lon="113.268764">
        <time>2026-09-04T23:31:49Z</time>
      </trkpt>
      <trkpt lat="23.06603" lon="113.268652">
        <time>2026-09-04T23:31:54Z</time>
      </trkpt>
      <trkpt lat="23.066096" lon="113.268537">
        <time>2026-09-04T23:31:59Z</time>
      </trkpt>
      <trkpt lat="23.066167" lon="113.268423">
        <time>2026-09-04T23:32:04Z</time>
      </trkpt>
      <trkpt lat="23.066253" lon="113.26832">
        <time>2026-09-04T23:32:09Z</time>
      </trkpt>
      <trkpt lat="23.066352" lon="113.268219">
        <time>2026-09-04T23:32:14Z</time>
      </trkpt>
      <trkpt lat="23.066468" lon="113.268146">
        <time>2026-09-04T23:32:19Z</time>
      </trkpt>
      <trkpt lat="23.066592" lon="113.268136">
        <time>2026-09-04T23:32:24Z</time>
      </trkpt>
      <trkpt lat="23.066719" lon="113.268137">
        <time>2026-09-04T23:32:29Z</time>
      </trkpt>
      <trkpt lat="23.066847" lon="113.268123">
        <time>2026-09-04T23:32:34Z</time>
      </trkpt>
      <trkpt lat="23.066972" lon="113.268138">
        <time>2026-09-04T23:32:39Z</time>
      </trkpt>
      <trkpt lat="23.067085" lon="113.268185">
        <time>2026-09-04T23:32:44Z</time>
      </trkpt>
      <trkpt lat="23.06719" lon="113.268248">
        <time>2026-09-04T23:32:49Z</time>
      </trkpt>
      <trkpt lat="23.067291" lon="113.268312">
        <time>2026-09-04T23:32:54Z</time>
      </trkpt>
      <trkpt lat="23.067392" lon="113.268369">
        <time>2026-09-04T23:32:59Z</time>
      </trkpt>
      <trkpt lat="23.067498" lon="113.268425">
        <time>2026-09-04T23:33:04Z</time>
      </trkpt>
      <trkpt lat="23.067619" lon="113.268493">
        <time>2026-09-04T23:33:09Z</time>
      </trkpt>
      <trkpt lat="23.067742" lon="113.268572">
        <time>2026-09-04T23:33:14Z</time>
      </trkpt>
      <trkpt lat="23.067856" lon="113.268643">
        <time>2026-09-04T23:33:19Z</time>
      </trkpt>
      <trkpt lat="23.067952" lon="113.268727">
        <time>2026-09-04T23:33:24Z</time>
      </trkpt>
      <trkpt lat="23.068049" lon="113.268779">
        <time>2026-09-04T23:33:29Z</time>
      </trkpt>
      <trkpt lat="23.068162" lon="113.268815">
        <time>2026-09-04T23:33:34Z</time>
      </trkpt>
      <trkpt lat="23.068282" lon="113.268864">
        <time>2026-09-04T23:33:39Z</time>
      </trkpt>
      <trkpt lat="23.068406" lon="113.268935">
        <time>2026-09-04T23:33:44Z</time>
      </trkpt>
      <trkpt lat="23.068512" lon="113.269004">
        <time>2026-09-04T23:33:49Z</time>
      </trkpt>
      <trkpt lat="23.068608" lon="113.269084">
        <time>2026-09-04T23:33:54Z</time>
      </trkpt>
      <trkpt lat="23.068695" lon="113.269161">
        <time>2026-09-04T23:33:59Z</time>
      </trkpt>
      <trkpt lat="23.068839" lon="113.269186">
        <time>2026-09-04T23:34:04Z</time>
      </trkpt>
      <trkpt lat="23.068981" lon="113.269218">
        <time>2026-09-04T23:34:09Z</time>
      </trkpt>
      <trkpt lat="23.069108" lon="113.269225">
        <time>2026-09-04T23:34:14Z</time>
      </trkpt>
      <trkpt lat="23.069141" lon="113.269135">
        <time>2026-09-04T23:34:19Z</time>
      </trkpt>
      <trkpt lat="23.069051" lon="113.269042">
        <time>2026-09-04T23:34:24Z</time>
      </trkpt>
      <trkpt lat="23.068944" lon="113.268992">
        <time>2026-09-04T23:34:29Z</time>
      </trkpt>
      <trkpt lat="23.068835" lon="113.268941">
        <time>2026-09-04T23:34:34Z</time>
      </trkpt>
      <trkpt lat="23.068722" lon="113.268878">
        <time>2026-09-04T23:34:39Z</time>
      </trkpt>
      <trkpt lat="23.068615" lon="113.268824">
        <time>2026-09-04T23:34:44Z</time>
      </trkpt>
      <trkpt lat="23.068512" lon="113.268773">
        <time>2026-09-04T23:34:49Z</time>
      </trkpt>
      <trkpt lat="23.068409" lon="113.268722">
        <time>2026-09-04T23:34:54Z</time>
      </trkpt>
      <trkpt lat="23.068292" lon="113.268676">
        <time>2026-09-04T23:34:59Z</time>
      </trkpt>
      <trkpt lat="23.068173" lon="113.268606">
        <time>2026-09-04T23:35:04Z</time>
      </trkpt>
      <trkpt lat="23.068047" lon="113.268552">
        <time>2026-09-04T23:35:09Z</time>
      </trkpt>
      <trkpt lat="23.067918" lon="113.268499">
        <time>2026-09-04T23:35:14Z</time>
      </trkpt>
      <trkpt lat="23.067793" lon="113.26845">
        <time>2026-09-04T23:35:19Z</time>
      </trkpt>
      <trkpt lat="23.067673" lon="113.268404">
        <time>2026-09-04T23:35:24Z</time>
      </trkpt>
      <trkpt lat="23.067557" lon="113.268339">
        <time>2026-09-04T23:35:29Z</time>
      </trkpt>
      <trkpt lat="23.067435" lon="113.268289">
        <time>2026-09-04T23:35:34Z</time>
      </trkpt>
      <trkpt lat="23.067317" lon="113.268233">
        <time>2026-09-04T23:35:39Z</time>
      </trkpt>
      <trkpt lat="23.067209" lon="113.268174">
        <time>2026-09-04T23:35:44Z</time>
      </trkpt>
      <trkpt lat="23.067105" lon="113.268125">
        <time>2026-09-04T23:35:49Z</time>
      </trkpt>
      <trkpt lat="23.066986" lon="113.268061">
        <time>2026-09-04T23:35:54Z</time>
      </trkpt>
      <trkpt lat="23.066856" lon="113.268011">
        <time>2026-09-04T23:35:59Z</time>
      </trkpt>
      <trkpt lat="23.066713" lon="113.267991">
        <time>2026-09-04T23:36:04Z</time>
      </trkpt>
      <trkpt lat="23.066581" lon="113.267972">
        <time>2026-09-04T23:36:09Z</time>
      </trkpt>
      <trkpt lat="23.066459" lon="113.267935">
        <time>2026-09-04T23:36:14Z</time>
      </trkpt>
      <trkpt lat="23.06634" lon="113.267928">
        <time>2026-09-04T23:36:19Z</time>
      </trkpt>
      <trkpt lat="23.066222" lon="113.267965">
        <time>2026-09-04T23:36:24Z</time>
      </trkpt>
      <trkpt lat="23.066121" lon="113.26805">
        <time>2026-09-04T23:36:29Z</time>
      </trkpt>
      <trkpt lat="23.06603" lon="113.268166">
        <time>2026-09-04T23:36:34Z</time>
      </trkpt>
      <trkpt lat="23.065952" lon="113.268283">
        <time>2026-09-04T23:36:39Z</time>
      </trkpt>
      <trkpt lat="23.065867" lon="113.268401">
        <time>2026-09-04T23:36:44Z</time>
      </trkpt>
      <trkpt lat="23.065795" lon="113.268532">
        <time>2026-09-04T23:36:49Z</time>
      </trkpt>
      <trkpt lat="23.065732" lon="113.268669">
        <time>2026-09-04T23:36:54Z</time>
      </trkpt>
      <trkpt lat="23.065681" lon="113.268796">
        <time>2026-09-04T23:36:59Z</time>
      </trkpt>
      <trkpt lat="23.065631" lon="113.26892">
        <time>2026-09-04T23:37:04Z</time>
      </trkpt>
      <trkpt lat="23.065588" lon="113.26905">
        <time>2026-09-04T23:37:09Z</time>
      </trkpt>
      <trkpt lat="23.065557" lon="113.269184">
        <time>2026-09-04T23:37:14Z</time>
      </trkpt>
      <trkpt lat="23.065534" lon="113.269312">
        <time>2026-09-04T23:37:19Z</time>
      </trkpt>
      <trkpt lat="23.065502" lon="113.269436">
        <time>2026-09-04T23:37:24Z</time>
      </trkpt>
      <trkpt lat="23.065469" lon="113.269563">
        <time>2026-09-04T23:37:29Z</time>
      </trkpt>
      <trkpt lat="23.065444" lon="113.269699">
        <time>2026-09-04T23:37:34Z</time>
      </trkpt>
      <trkpt lat="23.065406" lon="113.269837">
        <time>2026-09-04T23:37:39Z</time>
      </trkpt>
      <trkpt lat="23.065354" lon="113.269967">
        <time>2026-09-04T23:37:44Z</time>
      </trkpt>
      <trkpt lat="23.065303" lon="113.270098">
        <time>2026-09-04T23:37:49Z</time>
      </trkpt>
      <trkpt lat="23.065251" lon="113.270225">
        <time>2026-09-04T23:37:54Z</time>
      </trkpt>
      <trkpt lat="23.065194" lon="113.270343">
        <time>2026-09-04T23:37:59Z</time>
      </trkpt>
      <trkpt lat="23.065139" lon="113.270461">
        <time>2026-09-04T23:38:04Z</time>
      </trkpt>
      <trkpt lat="23.065087" lon="113.270579">
        <time>2026-09-04T23:38:09Z</time>
      </trkpt>
      <trkpt lat="23.065037" lon="113.270696">
        <time>2026-09-04T23:38:14Z</time>
      </trkpt>
      <trkpt lat="23.064984" lon="113.270815">
        <time>2026-09-04T23:38:19Z</time>
      </trkpt>
      <trkpt lat="23.064924" lon="113.270933">
        <time>2026-09-04T23:38:24Z</time>
      </trkpt>
      <trkpt lat="23.064872" lon="113.271047">
        <time>2026-09-04T23:38:29Z</time>
      </trkpt>
      <trkpt lat="23.064816" lon="113.27116">
        <time>2026-09-04T23:38:34Z</time>
      </trkpt>
      <trkpt lat="23.064759" lon="113.271271">
        <time>2026-09-04T23:38:39Z</time>
      </trkpt>
      <trkpt lat="23.064708" lon="113.271383">
        <time>2026-09-04T23:38:44Z</time>
      </trkpt>
      <trkpt lat="23.064659" lon="113.271497">
        <time>2026-09-04T23:38:49Z</time>
      </trkpt>
      <trkpt lat="23.064603" lon="113.271612">
        <time>2026-09-04T23:38:54Z</time>
      </trkpt>
      <trkpt lat="23.064549" lon="113.271729">
        <time>2026-09-04T23:38:59Z</time>
      </trkpt>
      <trkpt lat="23.064493" lon="113.271845">
        <time>2026-09-04T23:39:04Z</time>
      </trkpt>
      <trkpt lat="23.064444" lon="113.271962">
        <time>2026-09-04T23:39:09Z</time>
      </trkpt>
      <trkpt lat="23.064392" lon="113.272077">
        <time>2026-09-04T23:39:14Z</time>
      </trkpt>
      <trkpt lat="23.064341" lon="113.272206">
        <time>2026-09-04T23:39:19Z</time>
      </trkpt>
      <trkpt lat="23.064323" lon="113.272347">
        <time>2026-09-04T23:39:24Z</time>
      </trkpt>
      <trkpt lat="23.064315" lon="113.27248">
        <time>2026-09-04T23:39:29Z</time>
      </trkpt>
      <trkpt lat="23.064317" lon="113.272607">
        <time>2026-09-04T23:39:34Z</time>
      </trkpt>
      <trkpt lat="23.064341" lon="113.272731">
        <time>2026-09-04T23:39:39Z</time>
      </trkpt>
      <trkpt lat="23.064379" lon="113.27285">
        <time>2026-09-04T23:39:44Z</time>
      </trkpt>
      <trkpt lat="23.064417" lon="113.272971">
        <time>2026-09-04T23:39:49Z</time>
      </trkpt>
      <trkpt lat="23.064458" lon="113.273093">
        <time>2026-09-04T23:39:54Z</time>
      </trkpt>
      <trkpt lat="23.064459" lon="113.273219">
        <time>2026-09-04T23:39:59Z</time>
      </trkpt>
      <trkpt lat="23.064399" lon="113.27333">
        <time>2026-09-04T23:40:04Z</time>
      </trkpt>
      <trkpt lat="23.064297" lon="113.273413">
        <time>2026-09-04T23:40:09Z</time>
      </trkpt>
      <trkpt lat="23.064194" lon="113.273492">
        <time>2026-09-04T23:40:14Z</time>
      </trkpt>
      <trkpt lat="23.064095" lon="113.273573">
        <time>2026-09-04T23:40:19Z</time>
      </trkpt>
      <trkpt lat="23.064002" lon="113.273652">
        <time>2026-09-04T23:40:24Z</time>
      </trkpt>
      <trkpt lat="23.063914" lon="113.273739">
        <time>2026-09-04T23:40:29Z</time>
      </trkpt>
      <trkpt lat="23.063838" lon="113.273841">
        <time>2026-09-04T23:40:34Z</time>
      </trkpt>
      <trkpt lat="23.063773" lon="113.273953">
        <time>2026-09-04T23:40:39Z</time>
      </trkpt>
      <trkpt lat="23.063704" lon="113.274063">
        <time>2026-09-04T23:40:44Z</time>
      </trkpt>
      <trkpt lat="23.063612" lon="113.274149">
        <time>2026-09-04T23:40:49Z</time>
      </trkpt>
      <trkpt lat="23.063551" lon="113.274253">
        <time>2026-09-04T23:40:54Z</time>
      </trkpt>
      <trkpt lat="23.063493" lon="113.274382">
        <time>2026-09-04T23:40:59Z</time>
      </trkpt>
      <trkpt lat="23.063434" lon="113.274502">
        <time>2026-09-04T23:41:04Z</time>
      </trkpt>
      <trkpt lat="23.063392" lon="113.274625">
        <time>2026-09-04T23:41:09Z</time>
      </trkpt>
      <trkpt lat="23.06334" lon="113.27475">
        <time>2026-09-04T23:41:14Z</time>
      </trkpt>
      <trkpt lat="23.063297" lon="113.274871">
        <time>2026-09-04T23:41:19Z</time>
      </trkpt>
      <trkpt lat="23.063258" lon="113.274997">
        <time>2026-09-04T23:41:24Z</time>
      </trkpt>
      <trkpt lat="23.063199" lon="113.275115">
        <time>2026-09-04T23:41:29Z</time>
      </trkpt>
      <trkpt lat="23.06313" lon="113.275228">
        <time>2026-09-04T23:41:34Z</time>
      </trkpt>
      <trkpt lat="23.063073" lon="113.275336">
        <time>2026-09-04T23:41:39Z</time>
      </trkpt>
      <trkpt lat="23.063011" lon="113.275446">
        <time>2026-09-04T23:41:44Z</time>
      </trkpt>
      <trkpt lat="23.062929" lon="113.275552">
        <time>2026-09-04T23:41:49Z</time>
      </trkpt>
      <trkpt lat="23.062837" lon="113.275648">
        <time>2026-09-04T23:41:54Z</time>
      </trkpt>
      <trkpt lat="23.062737" lon="113.275744">
        <time>2026-09-04T23:41:59Z</time>
      </trkpt>
      <trkpt lat="23.062643" lon="113.275847">
        <time>2026-09-04T23:42:04Z</time>
      </trkpt>
      <trkpt lat="23.062559" lon="113.275959">
        <time>2026-09-04T23:42:09Z</time>
      </trkpt>
      <trkpt lat="23.062484" lon="113.276073">
        <time>2026-09-04T23:42:14Z</time>
      </trkpt>
      <trkpt lat="23.062428" lon="113.276192">
        <time>2026-09-04T23:42:19Z</time>
      </trkpt>
      <trkpt lat="23.062382" lon="113.276315">
        <time>2026-09-04T23:42:24Z</time>
      </trkpt>
      <trkpt lat="23.06234" lon="113.276441">
        <time>2026-09-04T23:42:29Z</time>
      </trkpt>
      <trkpt lat="23.062294" lon="113.276565">
        <time>2026-09-04T23:42:34Z</time>
      </trkpt>
      <trkpt lat="23.06225" lon="113.276687">
        <time>2026-09-04T23:42:39Z</time>
      </trkpt>
      <trkpt lat="23.0622" lon="113.27681">
        <time>2026-09-04T23:42:44Z</time>
      </trkpt>
      <trkpt lat="23.062156" lon="113.276929">
        <time>2026-09-04T23:42:49Z</time>
      </trkpt>
      <trkpt lat="23.062121" lon="113.277042">
        <time>2026-09-04T23:42:54Z</time>
      </trkpt>
      <trkpt lat="23.062077" lon="113.277163">
        <time>2026-09-04T23:42:59Z</time>
      </trkpt>
      <trkpt lat="23.062026" lon="113.277286">
        <time>2026-09-04T23:43:04Z</time>
      </trkpt>
      <trkpt lat="23.061976" lon="113.277411">
        <time>2026-09-04T23:43:09Z</time>
      </trkpt>
      <trkpt lat="23.061934" lon="113.277532">
        <time>2026-09-04T23:43:14Z</time>
      </trkpt>
      <trkpt lat="23.061882" lon="113.277651">
        <time>2026-09-04T23:43:19Z</time>
      </trkpt>
      <trkpt lat="23.061847" lon="113.277779">
        <time>2026-09-04T23:43:24Z</time>
      </trkpt>
      <trkpt lat="23.061838" lon="113.277912">
        <time>2026-09-04T23:43:29Z</time>
      </trkpt>
      <trkpt lat="23.061837" lon="113.278044">
        <time>2026-09-04T23:43:34Z</time>
      </trkpt>
      <trkpt lat="23.061845" lon="113.278174">
        <time>2026-09-04T23:43:39Z</time>
      </trkpt>
      <trkpt lat="23.061843" lon="113.278306">
        <time>2026-09-04T23:43:44Z</time>
      </trkpt>
      <trkpt lat="23.061847" lon="113.278437">
        <time>2026-09-04T23:43:49Z</time>
      </trkpt>
      <trkpt lat="23.061854" lon="113.278563">
        <time>2026-09-04T23:43:54Z</time>
      </trkpt>
      <trkpt lat="23.061847" lon="113.278682">
        <time>2026-09-04T23:43:59Z</time>
      </trkpt>
      <trkpt lat="23.061788" lon="113.278754">
        <time>2026-09-04T23:44:04Z</time>
      </trkpt>
      <trkpt lat="23.061698" lon="113.278833">
        <time>2026-09-04T23:44:09Z</time>
      </trkpt>
      <trkpt lat="23.061645" lon="113.278972">
        <time>2026-09-04T23:44:14Z</time>
      </trkpt>
      <trkpt lat="23.061592" lon="113.2791">
        <time>2026-09-04T23:44:19Z</time>
      </trkpt>
      <trkpt lat="23.061557" lon="113.279189">
        <time>2026-09-04T23:44:24Z</time>
      </trkpt>
      <trkpt lat="23.061585" lon="113.279175">
        <time>2026-09-04T23:44:29Z</time>
      </trkpt>
      <trkpt lat="23.061571" lon="113.279162">
        <time>2026-09-04T23:44:34Z</time>
      </trkpt>
      <trkpt lat="23.061551" lon="113.279214">
        <time>2026-09-04T23:44:39Z</time>
      </trkpt>
      <trkpt lat="23.061514" lon="113.279332">
        <time>2026-09-04T23:44:44Z</time>
      </trkpt>
      <trkpt lat="23.061449" lon="113.27946">
        <time>2026-09-04T23:44:49Z</time>
      </trkpt>
      <trkpt lat="23.061392" lon="113.279596">
        <time>2026-09-04T23:44:54Z</time>
      </trkpt>
      <trkpt lat="23.061344" lon="113.279726">
        <time>2026-09-04T23:44:59Z</time>
      </trkpt>
      <trkpt lat="23.061288" lon="113.279845">
        <time>2026-09-04T23:45:04Z</time>
      </trkpt>
      <trkpt lat="23.061233" lon="113.279972">
        <time>2026-09-04T23:45:09Z</time>
      </trkpt>
      <trkpt lat="23.06118" lon="113.280103">
        <time>2026-09-04T23:45:14Z</time>
      </trkpt>
      <trkpt lat="23.061129" lon="113.280231">
        <time>2026-09-04T23:45:19Z</time>
      </trkpt>
      <trkpt lat="23.061076" lon="113.280363">
        <time>2026-09-04T23:45:24Z</time>
      </trkpt>
      <trkpt lat="23.061025" lon="113.280495">
        <time>2026-09-04T23:45:29Z</time>
      </trkpt>
      <trkpt lat="23.060974" lon="113.280632">
        <time>2026-09-04T23:45:34Z</time>
      </trkpt>
      <trkpt lat="23.06092" lon="113.280761">
        <time>2026-09-04T23:45:39Z</time>
      </trkpt>
      <trkpt lat="23.060867" lon="113.280888">
        <time>2026-09-04T23:45:44Z</time>
      </trkpt>
      <trkpt lat="23.060812" lon="113.281012">
        <time>2026-09-04T23:45:49Z</time>
      </trkpt>
      <trkpt lat="23.060759" lon="113.28114">
        <time>2026-09-04T23:45:54Z</time>
      </trkpt>
      <trkpt lat="23.060704" lon="113.281258">
        <time>2026-09-04T23:45:59Z</time>
      </trkpt>
      <trkpt lat="23.06065" lon="113.281375">
        <time>2026-09-04T23:46:04Z</time>
      </trkpt>
      <trkpt lat="23.060597" lon="113.281494">
        <time>2026-09-04T23:46:09Z</time>
      </trkpt>
      <trkpt lat="23.060544" lon="113.281619">
        <time>2026-09-04T23:46:14Z</time>
      </trkpt>
      <trkpt lat="23.060495" lon="113.28175">
        <time>2026-09-04T23:46:19Z</time>
      </trkpt>
      <trkpt lat="23.060443" lon="113.28187">
        <time>2026-09-04T23:46:24Z</time>
      </trkpt>
      <trkpt lat="23.060396" lon="113.281986">
        <time>2026-09-04T23:46:29Z</time>
      </trkpt>
      <trkpt lat="23.060337" lon="113.282094">
        <time>2026-09-04T23:46:34Z</time>
      </trkpt>
      <trkpt lat="23.060285" lon="113.282214">
        <time>2026-09-04T23:46:39Z</time>
      </trkpt>
      <trkpt lat="23.06024" lon="113.282334">
        <time>2026-09-04T23:46:44Z</time>
      </trkpt>
      <trkpt lat="23.060197" lon="113.28246">
        <time>2026-09-04T23:46:49Z</time>
      </trkpt>
      <trkpt lat="23.060151" lon="113.282593">
        <time>2026-09-04T23:46:54Z</time>
      </trkpt>
      <trkpt lat="23.060089" lon="113.282725">
        <time>2026-09-04T23:46:59Z</time>
      </trkpt>
      <trkpt lat="23.060029" lon="113.282851">
        <time>2026-09-04T23:47:04Z</time>
      </trkpt>
      <trkpt lat="23.059973" lon="113.282979">
        <time>2026-09-04T23:47:09Z</time>
      </trkpt>
      <trkpt lat="23.05992" lon="113.283108">
        <time>2026-09-04T23:47:14Z</time>
      </trkpt>
      <trkpt lat="23.059865" lon="113.283234">
        <time>2026-09-04T23:47:19Z</time>
      </trkpt>
      <trkpt lat="23.059804" lon="113.283363">
        <time>2026-09-04T23:47:24Z</time>
      </trkpt>
      <trkpt lat="23.059743" lon="113.283491">
        <time>2026-09-04T23:47:29Z</time>
      </trkpt>
      <trkpt lat="23.059699" lon="113.283628">
        <time>2026-09-04T23:47:34Z</time>
      </trkpt>
      <trkpt lat="23.059643" lon="113.283749">
        <time>2026-09-04T23:47:39Z</time>
      </trkpt>
      <trkpt lat="23.059582" lon="113.283871">
        <time>2026-09-04T23:47:44Z</time>
      </trkpt>
      <trkpt lat="23.059515" lon="113.28399">
        <time>2026-09-04T23:47:49Z</time>
      </trkpt>
      <trkpt lat="23.059445" lon="113.284107">
        <time>2026-09-04T23:47:54Z</time>
      </trkpt>
      <trkpt lat="23.059379" lon="113.284234">
        <time>2026-09-04T23:47:59Z</time>
      </trkpt>
      <trkpt lat="23.059331" lon="113.284361">
        <time>2026-09-04T23:48:04Z</time>
      </trkpt>
      <trkpt lat="23.059291" lon="113.284487">
        <time>2026-09-04T23:48:09Z</time>
      </trkpt>
      <trkpt lat="23.059273" lon="113.284625">
        <time>2026-09-04T23:48:14Z</time>
      </trkpt>
      <trkpt lat="23.059231" lon="113.284767">
        <time>2026-09-04T23:48:19Z</time>
      </trkpt>
      <trkpt lat="23.059182" lon="113.284884">
        <time>2026-09-04T23:48:24Z</time>
      </trkpt>
      <trkpt lat="23.059132" lon="113.285001">
        <time>2026-09-04T23:48:29Z</time>
      </trkpt>
      <trkpt lat="23.059075" lon="113.285129">
        <time>2026-09-04T23:48:34Z</time>
      </trkpt>
      <trkpt lat="23.059011" lon="113.285267">
        <time>2026-09-04T23:48:39Z</time>
      </trkpt>
      <trkpt lat="23.058954" lon="113.285396">
        <time>2026-09-04T23:48:44Z</time>
      </trkpt>
      <trkpt lat="23.058904" lon="113.285513">
        <time>2026-09-04T23:48:49Z</time>
      </trkpt>
      <trkpt lat="23.058853" lon="113.285636">
        <time>2026-09-04T23:48:54Z</time>
      </trkpt>
      <trkpt lat="23.058803" lon="113.285759">
        <time>2026-09-04T23:48:59Z</time>
      </trkpt>
      <trkpt lat="23.058757" lon="113.285882">
        <time>2026-09-04T23:49:04Z</time>
      </trkpt>
      <trkpt lat="23.058707" lon="113.286006">
        <time>2026-09-04T23:49:09Z</time>
      </trkpt>
      <trkpt lat="23.058719" lon="113.286123">
        <time>2026-09-04T23:49:14Z</time>
      </trkpt>
      <trkpt lat="23.0588" lon="113.286055">
        <time>2026-09-04T23:49:19Z</time>
      </trkpt>
      <trkpt lat="23.058858" lon="113.285902">
        <time>2026-09-04T23:49:24Z</time>
      </trkpt>
      <trkpt lat="23.058913" lon="113.28576">
        <time>2026-09-04T23:49:29Z</time>
      </trkpt>
      <trkpt lat="23.058969" lon="113.285625">
        <time>2026-09-04T23:49:34Z</time>
      </trkpt>
      <trkpt lat="23.059023" lon="113.285498">
        <time>2026-09-04T23:49:39Z</time>
      </trkpt>
      <trkpt lat="23.059079" lon="113.285368">
        <time>2026-09-04T23:49:44Z</time>
      </trkpt>
      <trkpt lat="23.05913" lon="113.285238">
        <time>2026-09-04T23:49:49Z</time>
      </trkpt>
      <trkpt lat="23.059181" lon="113.285106">
        <time>2026-09-04T23:49:54Z</time>
      </trkpt>
      <trkpt lat="23.059237" lon="113.28498">
        <time>2026-09-04T23:49:59Z</time>
      </trkpt>
      <trkpt lat="23.0593" lon="113.284852">
        <time>2026-09-04T23:50:04Z</time>
      </trkpt>
      <trkpt lat="23.059368" lon="113.284719">
        <time>2026-09-04T23:50:09Z</time>
      </trkpt>
      <trkpt lat="23.059425" lon="113.284591">
        <time>2026-09-04T23:50:14Z</time>
      </trkpt>
      <trkpt lat="23.059481" lon="113.284466">
        <time>2026-09-04T23:50:19Z</time>
      </trkpt>
      <trkpt lat="23.059531" lon="113.284345">
        <time>2026-09-04T23:50:24Z</time>
      </trkpt>
      <trkpt lat="23.059584" lon="113.284217">
        <time>2026-09-04T23:50:29Z</time>
      </trkpt>
      <trkpt lat="23.059632" lon="113.284089">
        <time>2026-09-04T23:50:34Z</time>
      </trkpt>
      <trkpt lat="23.059681" lon="113.283971">
        <time>2026-09-04T23:50:39Z</time>
      </trkpt>
      <trkpt lat="23.059742" lon="113.283854">
        <time>2026-09-04T23:50:44Z</time>
      </trkpt>
      <trkpt lat="23.059806" lon="113.283733">
        <time>2026-09-04T23:50:49Z</time>
      </trkpt>
      <trkpt lat="23.059866" lon="113.283614">
        <time>2026-09-04T23:50:54Z</time>
      </trkpt>
      <trkpt lat="23.05992" lon="113.283496">
        <time>2026-09-04T23:50:59Z</time>
      </trkpt>
      <trkpt lat="23.059975" lon="113.283376">
        <time>2026-09-04T23:51:04Z</time>
      </trkpt>
      <trkpt lat="23.060034" lon="113.283269">
        <time>2026-09-04T23:51:09Z</time>
      </trkpt>
      <trkpt lat="23.06009" lon="113.283166">
        <time>2026-09-04T23:51:14Z</time>
      </trkpt>
      <trkpt lat="23.06016" lon="113.283051">
        <time>2026-09-04T23:51:19Z</time>
      </trkpt>
      <trkpt lat="23.060217" lon="113.282934">
        <time>2026-09-04T23:51:24Z</time>
      </trkpt>
      <trkpt lat="23.06026" lon="113.282818">
        <time>2026-09-04T23:51:29Z</time>
      </trkpt>
      <trkpt lat="23.060301" lon="113.282695">
        <time>2026-09-04T23:51:34Z</time>
      </trkpt>
      <trkpt lat="23.06034" lon="113.28256">
        <time>2026-09-04T23:51:39Z</time>
      </trkpt>
      <trkpt lat="23.060382" lon="113.282422">
        <time>2026-09-04T23:51:44Z</time>
      </trkpt>
      <trkpt lat="23.06042" lon="113.282292">
        <time>2026-09-04T23:51:49Z</time>
      </trkpt>
      <trkpt lat="23.060468" lon="113.282172">
        <time>2026-09-04T23:51:54Z</time>
      </trkpt>
      <trkpt lat="23.060516" lon="113.282057">
        <time>2026-09-04T23:51:59Z</time>
      </trkpt>
      <trkpt lat="23.060565" lon="113.281942">
        <time>2026-09-04T23:52:04Z</time>
      </trkpt>
      <trkpt lat="23.060614" lon="113.281819">
        <time>2026-09-04T23:52:09Z</time>
      </trkpt>
      <trkpt lat="23.060659" lon="113.281699">
        <time>2026-09-04T23:52:14Z</time>
      </trkpt>
      <trkpt lat="23.0607" lon="113.281577">
        <time>2026-09-04T23:52:19Z</time>
      </trkpt>
      <trkpt lat="23.060752" lon="113.281459">
        <time>2026-09-04T23:52:24Z</time>
      </trkpt>
      <trkpt lat="23.060817" lon="113.28133">
        <time>2026-09-04T23:52:29Z</time>
      </trkpt>
      <trkpt lat="23.060873" lon="113.281202">
        <time>2026-09-04T23:52:34Z</time>
      </trkpt>
      <trkpt lat="23.060923" lon="113.281076">
        <time>2026-09-04T23:52:39Z</time>
      </trkpt>
      <trkpt lat="23.060976" lon="113.280952">
        <time>2026-09-04T23:52:44Z</time>
      </trkpt>
      <trkpt lat="23.061028" lon="113.28084">
        <time>2026-09-04T23:52:49Z</time>
      </trkpt>
      <trkpt lat="23.061081" lon="113.280714">
        <time>2026-09-04T23:52:54Z</time>
      </trkpt>
      <trkpt lat="23.06114" lon="113.280592">
        <time>2026-09-04T23:52:59Z</time>
      </trkpt>
      <trkpt lat="23.061185" lon="113.280477">
        <time>2026-09-04T23:53:04Z</time>
      </trkpt>
      <trkpt lat="23.061233" lon="113.280366">
        <time>2026-09-04T23:53:09Z</time>
      </trkpt>
      <trkpt lat="23.061294" lon="113.280254">
        <time>2026-09-04T23:53:14Z</time>
      </trkpt>
      <trkpt lat="23.061363" lon="113.280142">
        <time>2026-09-04T23:53:19Z</time>
      </trkpt>
      <trkpt lat="23.061419" lon="113.280028">
        <time>2026-09-04T23:53:24Z</time>
      </trkpt>
      <trkpt lat="23.061471" lon="113.279907">
        <time>2026-09-04T23:53:29Z</time>
      </trkpt>
      <trkpt lat="23.061514" lon="113.279786">
        <time>2026-09-04T23:53:34Z</time>
      </trkpt>
      <trkpt lat="23.061553" lon="113.279663">
        <time>2026-09-04T23:53:39Z</time>
      </trkpt>
      <trkpt lat="23.0616" lon="113.279535">
        <time>2026-09-04T23:53:44Z</time>
      </trkpt>
      <trkpt lat="23.061652" lon="113.279412">
        <time>2026-09-04T23:53:49Z</time>
      </trkpt>
      <trkpt lat="23.0617" lon="113.279283">
        <time>2026-09-04T23:53:54Z</time>
      </trkpt>
      <trkpt lat="23.06175" lon="113.279156">
        <time>2026-09-04T23:53:59Z</time>
      </trkpt>
      <trkpt lat="23.061816" lon="113.279046">
        <time>2026-09-04T23:54:04Z</time>
      </trkpt>
      <trkpt lat="23.061896" lon="113.278934">
        <time>2026-09-04T23:54:09Z</time>
      </trkpt>
      <trkpt lat="23.061955" lon="113.278809">
        <time>2026-09-04T23:54:14Z</time>
      </trkpt>
      <trkpt lat="23.061978" lon="113.278674">
        <time>2026-09-04T23:54:19Z</time>
      </trkpt>
      <trkpt lat="23.061973" lon="113.278538">
        <time>2026-09-04T23:54:24Z</time>
      </trkpt>
      <trkpt lat="23.061964" lon="113.278402">
        <time>2026-09-04T23:54:29Z</time>
      </trkpt>
      <trkpt lat="23.061956" lon="113.278267">
        <time>2026-09-04T23:54:34Z</time>
      </trkpt>
      <trkpt lat="23.061951" lon="113.278131">
        <time>2026-09-04T23:54:39Z</time>
      </trkpt>
      <trkpt lat="23.06195" lon="113.277994">
        <time>2026-09-04T23:54:44Z</time>
      </trkpt>
      <trkpt lat="23.06195" lon="113.277859">
        <time>2026-09-04T23:54:49Z</time>
      </trkpt>
      <trkpt lat="23.061967" lon="113.277723">
        <time>2026-09-04T23:54:54Z</time>
      </trkpt>
      <trkpt lat="23.062003" lon="113.277597">
        <time>2026-09-04T23:54:59Z</time>
      </trkpt>
      <trkpt lat="23.062048" lon="113.277477">
        <time>2026-09-04T23:55:04Z</time>
      </trkpt>
      <trkpt lat="23.062095" lon="113.277359">
        <time>2026-09-04T23:55:09Z</time>
      </trkpt>
      <trkpt lat="23.06214" lon="113.277237">
        <time>2026-09-04T23:55:14Z</time>
      </trkpt>
      <trkpt lat="23.062176" lon="113.277113">
        <time>2026-09-04T23:55:19Z</time>
      </trkpt>
      <trkpt lat="23.062221" lon="113.276995">
        <time>2026-09-04T23:55:24Z</time>
      </trkpt>
      <trkpt lat="23.062274" lon="113.27688">
        <time>2026-09-04T23:55:29Z</time>
      </trkpt>
      <trkpt lat="23.062325" lon="113.276763">
        <time>2026-09-04T23:55:34Z</time>
      </trkpt>
      <trkpt lat="23.062371" lon="113.276642">
        <time>2026-09-04T23:55:39Z</time>
      </trkpt>
      <trkpt lat="23.062418" lon="113.276519">
        <time>2026-09-04T23:55:44Z</time>
      </trkpt>
      <trkpt lat="23.062459" lon="113.276405">
        <time>2026-09-04T23:55:49Z</time>
      </trkpt>
      <trkpt lat="23.062502" lon="113.276285">
        <time>2026-09-04T23:55:54Z</time>
      </trkpt>
      <trkpt lat="23.062558" lon="113.276168">
        <time>2026-09-04T23:55:59Z</time>
      </trkpt>
      <trkpt lat="23.062616" lon="113.27606">
        <time>2026-09-04T23:56:04Z</time>
      </trkpt>
      <trkpt lat="23.062685" lon="113.275957">
        <time>2026-09-04T23:56:09Z</time>
      </trkpt>
      <trkpt lat="23.062762" lon="113.275857">
        <time>2026-09-04T23:56:14Z</time>
      </trkpt>
      <trkpt lat="23.062846" lon="113.275766">
        <time>2026-09-04T23:56:19Z</time>
      </trkpt>
      <trkpt lat="23.062945" lon="113.275683">
        <time>2026-09-04T23:56:24Z</time>
      </trkpt>
      <trkpt lat="23.063031" lon="113.275591">
        <time>2026-09-04T23:56:29Z</time>
      </trkpt>
      <trkpt lat="23.063094" lon="113.275486">
        <time>2026-09-04T23:56:34Z</time>
      </trkpt>
      <trkpt lat="23.063154" lon="113.275374">
        <time>2026-09-04T23:56:39Z</time>
      </trkpt>
      <trkpt lat="23.063221" lon="113.275266">
        <time>2026-09-04T23:56:44Z</time>
      </trkpt>
      <trkpt lat="23.06329" lon="113.27516">
        <time>2026-09-04T23:56:49Z</time>
      </trkpt>
      <trkpt lat="23.063351" lon="113.275045">
        <time>2026-09-04T23:56:54Z</time>
      </trkpt>
      <trkpt lat="23.063397" lon="113.274926">
        <time>2026-09-04T23:56:59Z</time>
      </trkpt>
      <trkpt lat="23.063435" lon="113.274811">
        <time>2026-09-04T23:57:04Z</time>
      </trkpt>
      <trkpt lat="23.063469" lon="113.274693">
        <time>2026-09-04T23:57:09Z</time>
      </trkpt>
      <trkpt lat="23.063494" lon="113.274572">
        <time>2026-09-04T23:57:14Z</time>
      </trkpt>
      <trkpt lat="23.063527" lon="113.274451">
        <time>2026-09-04T23:57:19Z</time>
      </trkpt>
      <trkpt lat="23.063578" lon="113.274362">
        <time>2026-09-04T23:57:24Z</time>
      </trkpt>
      <trkpt lat="23.063675" lon="113.274252">
        <time>2026-09-04T23:57:29Z</time>
      </trkpt>
      <trkpt lat="23.063779" lon="113.274134">
        <time>2026-09-04T23:57:34Z</time>
      </trkpt>
      <trkpt lat="23.063858" lon="113.274005">
        <time>2026-09-04T23:57:39Z</time>
      </trkpt>
      <trkpt lat="23.063935" lon="113.273871">
        <time>2026-09-04T23:57:44Z</time>
      </trkpt>
      <trkpt lat="23.064019" lon="113.273753">
        <time>2026-09-04T23:57:49Z</time>
      </trkpt>
      <trkpt lat="23.064127" lon="113.273653">
        <time>2026-09-04T23:57:54Z</time>
      </trkpt>
      <trkpt lat="23.064247" lon="113.273571">
        <time>2026-09-04T23:57:59Z</time>
      </trkpt>
      <trkpt lat="23.06436" lon="113.273487">
        <time>2026-09-04T23:58:04Z</time>
      </trkpt>
      <trkpt lat="23.06447" lon="113.273408">
        <time>2026-09-04T23:58:09Z</time>
      </trkpt>
      <trkpt lat="23.064555" lon="113.273302">
        <time>2026-09-04T23:58:14Z</time>
      </trkpt>
      <trkpt lat="23.064591" lon="113.273167">
        <time>2026-09-04T23:58:19Z</time>
      </trkpt>
      <trkpt lat="23.064572" lon="113.273026">
        <time>2026-09-04T23:58:24Z</time>
      </trkpt>
      <trkpt lat="23.064525" lon="113.272893">
        <time>2026-09-04T23:58:29Z</time>
      </trkpt>
      <trkpt lat="23.064475" lon="113.272761">
        <time>2026-09-04T23:58:34Z</time>
      </trkpt>
      <trkpt lat="23.06444" lon="113.272632">
        <time>2026-09-04T23:58:39Z</time>
      </trkpt>
      <trkpt lat="23.064454" lon="113.272506">
        <time>2026-09-04T23:58:44Z</time>
      </trkpt>
      <trkpt lat="23.064509" lon="113.272383">
        <time>2026-09-04T23:58:49Z</time>
      </trkpt>
      <trkpt lat="23.064551" lon="113.272258">
        <time>2026-09-04T23:58:54Z</time>
      </trkpt>
      <trkpt lat="23.06459" lon="113.272141">
        <time>2026-09-04T23:58:59Z</time>
      </trkpt>
      <trkpt lat="23.064649" lon="113.272026">
        <time>2026-09-04T23:59:04Z</time>
      </trkpt>
      <trkpt lat="23.064699" lon="113.271915">
        <time>2026-09-04T23:59:09Z</time>
      </trkpt>
      <trkpt lat="23.064738" lon="113.2718">
        <time>2026-09-04T23:59:14Z</time>
      </trkpt>
      <trkpt lat="23.064799" lon="113.271688">
        <time>2026-09-04T23:59:19Z</time>
      </trkpt>
      <trkpt lat="23.06487" lon="113.271573">
        <time>2026-09-04T23:59:24Z</time>
      </trkpt>
      <trkpt lat="23.064929" lon="113.271453">
        <time>2026-09-04T23:59:29Z</time>
      </trkpt>
      <trkpt lat="23.064978" lon="113.271339">
        <time>2026-09-04T23:59:34Z</time>
      </trkpt>
      <trkpt lat="23.065034" lon="113.271221">
        <time>2026-09-04T23:59:39Z</time>
      </trkpt>
      <trkpt lat="23.065099" lon="113.271106">
        <time>2026-09-04T23:59:44Z</time>
      </trkpt>
      <trkpt lat="23.065153" lon="113.270982">
        <time>2026-09-04T23:59:49Z</time>
      </trkpt>
      <trkpt lat="23.065202" lon="113.27086">
        <time>2026-09-04T23:59:54Z</time>
      </trkpt>
      <trkpt lat="23.065254" lon="113.270735">
        <time>2026-09-04T23:59:59Z</time>
      </trkpt>
      <trkpt lat="23.065305" lon="113.270615">
        <time>2026-09-05T00:00:04Z</time>
      </trkpt>
      <trkpt lat="23.065363" lon="113.270493">
        <time>2026-09-05T00:00:09Z</time>
      </trkpt>
      <trkpt lat="23.065421" lon="113.270371">
        <time>2026-09-05T00:00:14Z</time>
      </trkpt>
      <trkpt lat="23.065478" lon="113.270252">
        <time>2026-09-05T00:00:19Z</time>
      </trkpt>
      <trkpt lat="23.065529" lon="113.270134">
        <time>2026-09-05T00:00:24Z</time>
      </trkpt>
      <trkpt lat="23.065573" lon="113.270012">
        <time>2026-09-05T00:00:29Z</time>
      </trkpt>
      <trkpt lat="23.065613" lon="113.269886">
        <time>2026-09-05T00:00:34Z</time>
      </trkpt>
      <trkpt lat="23.065644" lon="113.269749">
        <time>2026-09-05T00:00:39Z</time>
      </trkpt>
      <trkpt lat="23.065679" lon="113.269614">
        <time>2026-09-05T00:00:44Z</time>
      </trkpt>
      <trkpt lat="23.065723" lon="113.269489">
        <time>2026-09-05T00:00:49Z</time>
      </trkpt>
      <trkpt lat="23.065756" lon="113.269355">
        <time>2026-09-05T00:00:54Z</time>
      </trkpt>
      <trkpt lat="23.065782" lon="113.269219">
        <time>2026-09-05T00:00:59Z</time>
      </trkpt>
      <trkpt lat="23.06582" lon="113.269093">
        <time>2026-09-05T00:01:04Z</time>
      </trkpt>
      <trkpt lat="23.065873" lon="113.268968">
        <time>2026-09-05T00:01:09Z</time>
      </trkpt>
      <trkpt lat="23.065926" lon="113.268851">
        <time>2026-09-05T00:01:14Z</time>
      </trkpt>
      <trkpt lat="23.065978" lon="113.26873">
        <time>2026-09-05T00:01:19Z</time>
      </trkpt>
      <trkpt lat="23.066045" lon="113.268617">
        <time>2026-09-05T00:01:24Z</time>
      </trkpt>
      <trkpt lat="23.066121" lon="113.268505">
        <time>2026-09-05T00:01:29Z</time>
      </trkpt>
      <trkpt lat="23.066199" lon="113.26839">
        <time>2026-09-05T00:01:34Z</time>
      </trkpt>
      <trkpt lat="23.066279" lon="113.268282">
        <time>2026-09-05T00:01:39Z</time>
      </trkpt>
      <trkpt lat="23.06637" lon="113.268186">
        <time>2026-09-05T00:01:44Z</time>
      </trkpt>
      <trkpt lat="23.066485" lon="113.268131">
        <time>2026-09-05T00:01:49Z</time>
      </trkpt>
      <trkpt lat="23.066611" lon="113.268145">
        <time>2026-09-05T00:01:54Z</time>
      </trkpt>
      <trkpt lat="23.066743" lon="113.268163">
        <time>2026-09-05T00:01:59Z</time>
      </trkpt>
      <trkpt lat="23.066878" lon="113.268163">
        <time>2026-09-05T00:02:04Z</time>
      </trkpt>
      <trkpt lat="23.067009" lon="113.268177">
        <time>2026-09-05T00:02:09Z</time>
      </trkpt>
      <trkpt lat="23.067109" lon="113.268227">
        <time>2026-09-05T00:02:14Z</time>
      </trkpt>
      <trkpt lat="23.067215" lon="113.26828">
        <time>2026-09-05T00:02:19Z</time>
      </trkpt>
      <trkpt lat="23.067316" lon="113.26834">
        <time>2026-09-05T00:02:24Z</time>
      </trkpt>
      <trkpt lat="23.067418" lon="113.268401">
        <time>2026-09-05T00:02:29Z</time>
      </trkpt>
      <trkpt lat="23.067526" lon="113.268468">
        <time>2026-09-05T00:02:34Z</time>
      </trkpt>
      <trkpt lat="23.067648" lon="113.268532">
        <time>2026-09-05T00:02:39Z</time>
      </trkpt>
      <trkpt lat="23.067768" lon="113.268584">
        <time>2026-09-05T00:02:44Z</time>
      </trkpt>
      <trkpt lat="23.06788" lon="113.268629">
        <time>2026-09-05T00:02:49Z</time>
      </trkpt>
      <trkpt lat="23.067993" lon="113.26869">
        <time>2026-09-05T00:02:54Z</time>
      </trkpt>
      <trkpt lat="23.068107" lon="113.268743">
        <time>2026-09-05T00:02:59Z</time>
      </trkpt>
      <trkpt lat="23.068227" lon="113.268786">
        <time>2026-09-05T00:03:04Z</time>
      </trkpt>
      <trkpt lat="23.068344" lon="113.268827">
        <time>2026-09-05T00:03:09Z</time>
      </trkpt>
      <trkpt lat="23.068458" lon="113.268863">
        <time>2026-09-05T00:03:14Z</time>
      </trkpt>
      <trkpt lat="23.068576" lon="113.268911">
        <time>2026-09-05T00:03:19Z</time>
      </trkpt>
      <trkpt lat="23.0687" lon="113.268974">
        <time>2026-09-05T00:03:24Z</time>
      </trkpt>
      <trkpt lat="23.068814" lon="113.269041">
        <time>2026-09-05T00:03:29Z</time>
      </trkpt>
      <trkpt lat="23.06894" lon="113.269083">
        <time>2026-09-05T00:03:34Z</time>
      </trkpt>
      <trkpt lat="23.069051" lon="113.269104">
        <time>2026-09-05T00:03:39Z</time>
      </trkpt>
      <trkpt lat="23.06905" lon="113.269045">
        <time>2026-09-05T00:03:44Z</time>
      </trkpt>
      <trkpt lat="23.068933" lon="113.268983">
        <time>2026-09-05T00:03:49Z</time>
      </trkpt>
      <trkpt lat="23.068827" lon="113.268949">
        <time>2026-09-05T00:03:54Z</time>
      </trkpt>
      <trkpt lat="23.068724" lon="113.268888">
        <time>2026-09-05T00:03:59Z</time>
      </trkpt>
      <trkpt lat="23.068629" lon="113.26883">
        <time>2026-09-05T00:04:04Z</time>
      </trkpt>
      <trkpt lat="23.068528" lon="113.268768">
        <time>2026-09-05T00:04:09Z</time>
      </trkpt>
      <trkpt lat="23.068423" lon="113.268714">
        <time>2026-09-05T00:04:14Z</time>
      </trkpt>
      <trkpt lat="23.068312" lon="113.26865">
        <time>2026-09-05T00:04:19Z</time>
      </trkpt>
      <trkpt lat="23.068198" lon="113.268577">
        <time>2026-09-05T00:04:24Z</time>
      </trkpt>
      <trkpt lat="23.068057" lon="113.268522">
        <time>2026-09-05T00:04:29Z</time>
      </trkpt>
      <trkpt lat="23.067909" lon="113.268477">
        <time>2026-09-05T00:04:34Z</time>
      </trkpt>
      <trkpt lat="23.067783" lon="113.268433">
        <time>2026-09-05T00:04:39Z</time>
      </trkpt>
      <trkpt lat="23.06766" lon="113.268377">
        <time>2026-09-05T00:04:44Z</time>
      </trkpt>
      <trkpt lat="23.067536" lon="113.268313">
        <time>2026-09-05T00:04:49Z</time>
      </trkpt>
      <trkpt lat="23.06742" lon="113.268265">
        <time>2026-09-05T00:04:54Z</time>
      </trkpt>
      <trkpt lat="23.067304" lon="113.268207">
        <time>2026-09-05T00:04:59Z</time>
      </trkpt>
      <trkpt lat="23.067194" lon="113.26815">
        <time>2026-09-05T00:05:04Z</time>
      </trkpt>
      <trkpt lat="23.067085" lon="113.268098">
        <time>2026-09-05T00:05:09Z</time>
      </trkpt>
      <trkpt lat="23.066975" lon="113.268056">
        <time>2026-09-05T00:05:14Z</time>
      </trkpt>
      <trkpt lat="23.066859" lon="113.268021">
        <time>2026-09-05T00:05:19Z</time>
      </trkpt>
      <trkpt lat="23.066729" lon="113.268013">
        <time>2026-09-05T00:05:24Z</time>
      </trkpt>
      <trkpt lat="23.066602" lon="113.268009">
        <time>2026-09-05T00:05:29Z</time>
      </trkpt>
      <trkpt lat="23.066476" lon="113.267956">
        <time>2026-09-05T00:05:34Z</time>
      </trkpt>
      <trkpt lat="23.066354" lon="113.267947">
        <time>2026-09-05T00:05:39Z</time>
      </trkpt>
      <trkpt lat="23.066247" lon="113.267984">
        <time>2026-09-05T00:05:44Z</time>
      </trkpt>
      <trkpt lat="23.066219" lon="113.2681">
        <time>2026-09-05T00:05:49Z</time>
      </trkpt>
      <trkpt lat="23.066236" lon="113.268231">
        <time>2026-09-05T00:05:54Z</time>
      </trkpt>
      <trkpt lat="23.066175" lon="113.268355">
        <time>2026-09-05T00:05:59Z</time>
      </trkpt>
      <trkpt lat="23.066113" lon="113.268476">
        <time>2026-09-05T00:06:04Z</time>
      </trkpt>
      <trkpt lat="23.066043" lon="113.268577">
        <time>2026-09-05T00:06:09Z</time>
      </trkpt>
      <trkpt lat="23.065981" lon="113.268681">
        <time>2026-09-05T00:06:14Z</time>
      </trkpt>
      <trkpt lat="23.065926" lon="113.268798">
        <time>2026-09-05T00:06:19Z</time>
      </trkpt>
      <trkpt lat="23.065874" lon="113.268914">
        <time>2026-09-05T00:06:24Z</time>
      </trkpt>
      <trkpt lat="23.065818" lon="113.26903">
        <time>2026-09-05T00:06:29Z</time>
      </trkpt>
      <trkpt lat="23.06578" lon="113.269148">
        <time>2026-09-05T00:06:34Z</time>
      </trkpt>
      <trkpt lat="23.065749" lon="113.269275">
        <time>2026-09-05T00:06:39Z</time>
      </trkpt>
      <trkpt lat="23.065725" lon="113.269406">
        <time>2026-09-05T00:06:44Z</time>
      </trkpt>
      <trkpt lat="23.065695" lon="113.269534">
        <time>2026-09-05T00:06:49Z</time>
      </trkpt>
      <trkpt lat="23.065668" lon="113.269663">
        <time>2026-09-05T00:06:54Z</time>
      </trkpt>
      <trkpt lat="23.065655" lon="113.269799">
        <time>2026-09-05T00:06:59Z</time>
      </trkpt>
      <trkpt lat="23.065625" lon="113.269927">
        <time>2026-09-05T00:07:04Z</time>
      </trkpt>
      <trkpt lat="23.065592" lon="113.270055">
        <time>2026-09-05T00:07:09Z</time>
      </trkpt>
      <trkpt lat="23.065552" lon="113.270187">
        <time>2026-09-05T00:07:14Z</time>
      </trkpt>
      <trkpt lat="23.065495" lon="113.270313">
        <time>2026-09-05T00:07:19Z</time>
      </trkpt>
      <trkpt lat="23.065438" lon="113.270435">
        <time>2026-09-05T00:07:24Z</time>
      </trkpt>
      <trkpt lat="23.065388" lon="113.270553">
        <time>2026-09-05T00:07:29Z</time>
      </trkpt>
      <trkpt lat="23.065329" lon="113.270664">
        <time>2026-09-05T00:07:34Z</time>
      </trkpt>
      <trkpt lat="23.065274" lon="113.270779">
        <time>2026-09-05T00:07:39Z</time>
      </trkpt>
      <trkpt lat="23.065228" lon="113.270902">
        <time>2026-09-05T00:07:44Z</time>
      </trkpt>
      <trkpt lat="23.065217" lon="113.271036">
        <time>2026-09-05T00:07:49Z</time>
      </trkpt>
      <trkpt lat="23.0653" lon="113.271124">
        <time>2026-09-05T00:07:54Z</time>
      </trkpt>
      <trkpt lat="23.065416" lon="113.27115">
        <time>2026-09-05T00:07:59Z</time>
      </trkpt>
      <trkpt lat="23.065542" lon="113.271187">
        <time>2026-09-05T00:08:04Z</time>
      </trkpt>
      <trkpt lat="23.065654" lon="113.271214">
        <time>2026-09-05T00:08:09Z</time>
      </trkpt>
      <trkpt lat="23.065771" lon="113.271252">
        <time>2026-09-05T00:08:14Z</time>
      </trkpt>
      <trkpt lat="23.065881" lon="113.271304">
        <time>2026-09-05T00:08:19Z</time>
      </trkpt>
      <trkpt lat="23.066004" lon="113.271366">
        <time>2026-09-05T00:08:24Z</time>
      </trkpt>
      <trkpt lat="23.066105" lon="113.271431">
        <time>2026-09-05T00:08:29Z</time>
      </trkpt>
      <trkpt lat="23.066189" lon="113.271504">
        <time>2026-09-05T00:08:34Z</time>
      </trkpt>
      <trkpt lat="23.066282" lon="113.271591">
        <time>2026-09-05T00:08:39Z</time>
      </trkpt>
      <trkpt lat="23.066381" lon="113.271657">
        <time>2026-09-05T00:08:44Z</time>
      </trkpt>
      <trkpt lat="23.066399" lon="113.271767">
        <time>2026-09-05T00:08:49Z</time>
      </trkpt>
      <trkpt lat="23.066402" lon="113.271883">
        <time>2026-09-05T00:08:54Z</time>
      </trkpt>
      <trkpt lat="23.066396" lon="113.272004">
        <time>2026-09-05T00:08:59Z</time>
      </trkpt>
      <trkpt lat="23.066391" lon="113.272144">
        <time>2026-09-05T00:09:04Z</time>
      </trkpt>
      <trkpt lat="23.066403" lon="113.27229">
        <time>2026-09-05T00:09:09Z</time>
      </trkpt>
      <trkpt lat="23.066393" lon="113.272429">
        <time>2026-09-05T00:09:14Z</time>
      </trkpt>
      <trkpt lat="23.066397" lon="113.272563">
        <time>2026-09-05T00:09:19Z</time>
      </trkpt>
      <trkpt lat="23.066471" lon="113.272682">
        <time>2026-09-05T00:09:24Z</time>
      </trkpt>
      <trkpt lat="23.066621" lon="113.272703">
        <time>2026-09-05T00:09:29Z</time>
      </trkpt>
      <trkpt lat="23.066757" lon="113.272663">
        <time>2026-09-05T00:09:34Z</time>
      </trkpt>
      <trkpt lat="23.06688" lon="113.272619">
        <time>2026-09-05T00:09:39Z</time>
      </trkpt>
      <trkpt lat="23.066975" lon="113.272535">
        <time>2026-09-05T00:09:44Z</time>
      </trkpt>
      <trkpt lat="23.067067" lon="113.272454">
        <time>2026-09-05T00:09:49Z</time>
      </trkpt>
      <trkpt lat="23.067167" lon="113.272382">
        <time>2026-09-05T00:09:54Z</time>
      </trkpt>
      <trkpt lat="23.06727" lon="113.272311">
        <time>2026-09-05T00:09:59Z</time>
      </trkpt>
      <trkpt lat="23.067365" lon="113.272227">
        <time>2026-09-05T00:10:04Z</time>
      </trkpt>
      <trkpt lat="23.067462" lon="113.272145">
        <time>2026-09-05T00:10:09Z</time>
      </trkpt>
      <trkpt lat="23.067566" lon="113.272086">
        <time>2026-09-05T00:10:14Z</time>
      </trkpt>
      <trkpt lat="23.067676" lon="113.272031">
        <time>2026-09-05T00:10:19Z</time>
      </trkpt>
      <trkpt lat="23.067772" lon="113.271949">
        <time>2026-09-05T00:10:24Z</time>
      </trkpt>
      <trkpt lat="23.067875" lon="113.271869">
        <time>2026-09-05T00:10:29Z</time>
      </trkpt>
      <trkpt lat="23.067916" lon="113.271794">
        <time>2026-09-05T00:10:34Z</time>
      </trkpt>
      <trkpt lat="23.067833" lon="113.271862">
        <time>2026-09-05T00:10:39Z</time>
      </trkpt>
      <trkpt lat="23.067714" lon="113.27197">
        <time>2026-09-05T00:10:44Z</time>
      </trkpt>
      <trkpt lat="23.067582" lon="113.27204">
        <time>2026-09-05T00:10:49Z</time>
      </trkpt>
      <trkpt lat="23.067467" lon="113.272111">
        <time>2026-09-05T00:10:54Z</time>
      </trkpt>
      <trkpt lat="23.067357" lon="113.272188">
        <time>2026-09-05T00:10:59Z</time>
      </trkpt>
      <trkpt lat="23.067248" lon="113.272271">
        <time>2026-09-05T00:11:04Z</time>
      </trkpt>
      <trkpt lat="23.067138" lon="113.27233">
        <time>2026-09-05T00:11:09Z</time>
      </trkpt>
      <trkpt lat="23.067048" lon="113.272391">
        <time>2026-09-05T00:11:14Z</time>
      </trkpt>
      <trkpt lat="23.066947" lon="113.272464">
        <time>2026-09-05T00:11:19Z</time>
      </trkpt>
      <trkpt lat="23.066837" lon="113.272534">
        <time>2026-09-05T00:11:24Z</time>
      </trkpt>
      <trkpt lat="23.066738" lon="113.272609">
        <time>2026-09-05T00:11:29Z</time>
      </trkpt>
      <trkpt lat="23.066633" lon="113.272654">
        <time>2026-09-05T00:11:34Z</time>
      </trkpt>
      <trkpt lat="23.066514" lon="113.272686">
        <time>2026-09-05T00:11:39Z</time>
      </trkpt>
      <trkpt lat="23.066397" lon="113.272712">
        <time>2026-09-05T00:11:44Z</time>
      </trkpt>
      <trkpt lat="23.066278" lon="113.27276">
        <time>2026-09-05T00:11:49Z</time>
      </trkpt>
      <trkpt lat="23.066157" lon="113.272784">
        <time>2026-09-05T00:11:54Z</time>
      </trkpt>
      <trkpt lat="23.066033" lon="113.272804">
        <time>2026-09-05T00:11:59Z</time>
      </trkpt>
      <trkpt lat="23.065902" lon="113.272827">
        <time>2026-09-05T00:12:04Z</time>
      </trkpt>
      <trkpt lat="23.065776" lon="113.272816">
        <time>2026-09-05T00:12:09Z</time>
      </trkpt>
      <trkpt lat="23.065648" lon="113.272782">
        <time>2026-09-05T00:12:14Z</time>
      </trkpt>
      <trkpt lat="23.065542" lon="113.272742">
        <time>2026-09-05T00:12:19Z</time>
      </trkpt>
      <trkpt lat="23.065432" lon="113.272703">
        <time>2026-09-05T00:12:24Z</time>
      </trkpt>
      <trkpt lat="23.065319" lon="113.272657">
        <time>2026-09-05T00:12:29Z</time>
      </trkpt>
      <trkpt lat="23.065207" lon="113.272621">
        <time>2026-09-05T00:12:34Z</time>
      </trkpt>
      <trkpt lat="23.065087" lon="113.272581">
        <time>2026-09-05T00:12:39Z</time>
      </trkpt>
      <trkpt lat="23.064968" lon="113.272553">
        <time>2026-09-05T00:12:44Z</time>
      </trkpt>
      <trkpt lat="23.064852" lon="113.27253">
        <time>2026-09-05T00:12:49Z</time>
      </trkpt>
      <trkpt lat="23.064732" lon="113.272504">
        <time>2026-09-05T00:12:54Z</time>
      </trkpt>
      <trkpt lat="23.064617" lon="113.272476">
        <time>2026-09-05T00:12:59Z</time>
      </trkpt>
      <trkpt lat="23.064499" lon="113.272496">
        <time>2026-09-05T00:13:04Z</time>
      </trkpt>
      <trkpt lat="23.064444" lon="113.272608">
        <time>2026-09-05T00:13:09Z</time>
      </trkpt>
      <trkpt lat="23.064466" lon="113.272752">
        <time>2026-09-05T00:13:14Z</time>
      </trkpt>
      <trkpt lat="23.064504" lon="113.27289">
        <time>2026-09-05T00:13:19Z</time>
      </trkpt>
      <trkpt lat="23.06454" lon="113.273022">
        <time>2026-09-05T00:13:24Z</time>
      </trkpt>
      <trkpt lat="23.06456" lon="113.273155">
        <time>2026-09-05T00:13:29Z</time>
      </trkpt>
      <trkpt lat="23.064535" lon="113.273286">
        <time>2026-09-05T00:13:34Z</time>
      </trkpt>
      <trkpt lat="23.064465" lon="113.273396">
        <time>2026-09-05T00:13:39Z</time>
      </trkpt>
      <trkpt lat="23.064364" lon="113.273478">
        <time>2026-09-05T00:13:44Z</time>
      </trkpt>
      <trkpt lat="23.064257" lon="113.273565">
        <time>2026-09-05T00:13:49Z</time>
      </trkpt>
      <trkpt lat="23.064148" lon="113.273643">
        <time>2026-09-05T00:13:54Z</time>
      </trkpt>
      <trkpt lat="23.06405" lon="113.273727">
        <time>2026-09-05T00:13:59Z</time>
      </trkpt>
      <trkpt lat="23.063963" lon="113.273826">
        <time>2026-09-05T00:14:04Z</time>
      </trkpt>
      <trkpt lat="23.0639" lon="113.27394">
        <time>2026-09-05T00:14:09Z</time>
      </trkpt>
      <trkpt lat="23.063841" lon="113.274055">
        <time>2026-09-05T00:14:14Z</time>
      </trkpt>
      <trkpt lat="23.06377" lon="113.274167">
        <time>2026-09-05T00:14:19Z</time>
      </trkpt>
      <trkpt lat="23.063675" lon="113.274263">
        <time>2026-09-05T00:14:24Z</time>
      </trkpt>
      <trkpt lat="23.063597" lon="113.274376">
        <time>2026-09-05T00:14:29Z</time>
      </trkpt>
      <trkpt lat="23.063536" lon="113.274502">
        <time>2026-09-05T00:14:34Z</time>
      </trkpt>
      <trkpt lat="23.063491" lon="113.27465">
        <time>2026-09-05T00:14:39Z</time>
      </trkpt>
      <trkpt lat="23.063435" lon="113.274792">
        <time>2026-09-05T00:14:44Z</time>
      </trkpt>
      <trkpt lat="23.063395" lon="113.274931">
        <time>2026-09-05T00:14:49Z</time>
      </trkpt>
      <trkpt lat="23.063332" lon="113.275067">
        <time>2026-09-05T00:14:54Z</time>
      </trkpt>
      <trkpt lat="23.063251" lon="113.275182">
        <time>2026-09-05T00:14:59Z</time>
      </trkpt>
      <trkpt lat="23.06318" lon="113.275296">
        <time>2026-09-05T00:15:04Z</time>
      </trkpt>
      <trkpt lat="23.063112" lon="113.27541">
        <time>2026-09-05T00:15:09Z</time>
      </trkpt>
      <trkpt lat="23.063043" lon="113.27554">
        <time>2026-09-05T00:15:14Z</time>
      </trkpt>
      <trkpt lat="23.062949" lon="113.275665">
        <time>2026-09-05T00:15:19Z</time>
      </trkpt>
      <trkpt lat="23.062842" lon="113.275763">
        <time>2026-09-05T00:15:24Z</time>
      </trkpt>
      <trkpt lat="23.062741" lon="113.275857">
        <time>2026-09-05T00:15:29Z</time>
      </trkpt>
      <trkpt lat="23.062652" lon="113.275965">
        <time>2026-09-05T00:15:34Z</time>
      </trkpt>
      <trkpt lat="23.062576" lon="113.276087">
        <time>2026-09-05T00:15:39Z</time>
      </trkpt>
      <trkpt lat="23.062503" lon="113.276214">
        <time>2026-09-05T00:15:44Z</time>
      </trkpt>
      <trkpt lat="23.062453" lon="113.276355">
        <time>2026-09-05T00:15:49Z</time>
      </trkpt>
      <trkpt lat="23.062403" lon="113.27649">
        <time>2026-09-05T00:15:54Z</time>
      </trkpt>
      <trkpt lat="23.062356" lon="113.276623">
        <time>2026-09-05T00:15:59Z</time>
      </trkpt>
      <trkpt lat="23.062307" lon="113.276756">
        <time>2026-09-05T00:16:04Z</time>
      </trkpt>
      <trkpt lat="23.062255" lon="113.276889">
        <time>2026-09-05T00:16:09Z</time>
      </trkpt>
      <trkpt lat="23.062186" lon="113.277023">
        <time>2026-09-05T00:16:14Z</time>
      </trkpt>
      <trkpt lat="23.062135" lon="113.277155">
        <time>2026-09-05T00:16:19Z</time>
      </trkpt>
      <trkpt lat="23.062095" lon="113.277282">
        <time>2026-09-05T00:16:24Z</time>
      </trkpt>
      <trkpt lat="23.062055" lon="113.277406">
        <time>2026-09-05T00:16:29Z</time>
      </trkpt>
      <trkpt lat="23.062011" lon="113.27753">
        <time>2026-09-05T00:16:34Z</time>
      </trkpt>
      <trkpt lat="23.06196" lon="113.277663">
        <time>2026-09-05T00:16:39Z</time>
      </trkpt>
      <trkpt lat="23.06193" lon="113.277801">
        <time>2026-09-05T00:16:44Z</time>
      </trkpt>
      <trkpt lat="23.061928" lon="113.277935">
        <time>2026-09-05T00:16:49Z</time>
      </trkpt>
      <trkpt lat="23.061937" lon="113.27807">
        <time>2026-09-05T00:16:54Z</time>
      </trkpt>
      <trkpt lat="23.061946" lon="113.278203">
        <time>2026-09-05T00:16:59Z</time>
      </trkpt>
      <trkpt lat="23.061947" lon="113.278331">
        <time>2026-09-05T00:17:04Z</time>
      </trkpt>
      <trkpt lat="23.061953" lon="113.278459">
        <time>2026-09-05T00:17:09Z</time>
      </trkpt>
      <trkpt lat="23.061967" lon="113.278588">
        <time>2026-09-05T00:17:14Z</time>
      </trkpt>
      <trkpt lat="23.061967" lon="113.278723">
        <time>2026-09-05T00:17:19Z</time>
      </trkpt>
      <trkpt lat="23.061945" lon="113.278859">
        <time>2026-09-05T00:17:24Z</time>
      </trkpt>
      <trkpt lat="23.061889" lon="113.278987">
        <time>2026-09-05T00:17:29Z</time>
      </trkpt>
      <trkpt lat="23.061832" lon="113.279104">
        <time>2026-09-05T00:17:34Z</time>
      </trkpt>
      <trkpt lat="23.06178" lon="113.279218">
        <time>2026-09-05T00:17:39Z</time>
      </trkpt>
      <trkpt lat="23.061731" lon="113.279341">
        <time>2026-09-05T00:17:44Z</time>
      </trkpt>
      <trkpt lat="23.061688" lon="113.279469">
        <time>2026-09-05T00:17:49Z</time>
      </trkpt>
      <trkpt lat="23.061642" lon="113.279595">
        <time>2026-09-05T00:17:54Z</time>
      </trkpt>
      <trkpt lat="23.061597" lon="113.279718">
        <time>2026-09-05T00:17:59Z</time>
      </trkpt>
      <trkpt lat="23.061555" lon="113.279839">
        <time>2026-09-05T00:18:04Z</time>
      </trkpt>
      <trkpt lat="23.06151" lon="113.279956">
        <time>2026-09-05T00:18:09Z</time>
      </trkpt>
      <trkpt lat="23.061457" lon="113.280081">
        <time>2026-09-05T00:18:14Z</time>
      </trkpt>
      <trkpt lat="23.061388" lon="113.280206">
        <time>2026-09-05T00:18:19Z</time>
      </trkpt>
      <trkpt lat="23.061312" lon="113.280332">
        <time>2026-09-05T00:18:24Z</time>
      </trkpt>
      <trkpt lat="23.061228" lon="113.280449">
        <time>2026-09-05T00:18:29Z</time>
      </trkpt>
      <trkpt lat="23.061152" lon="113.280568">
        <time>2026-09-05T00:18:34Z</time>
      </trkpt>
      <trkpt lat="23.061087" lon="113.280689">
        <time>2026-09-05T00:18:39Z</time>
      </trkpt>
      <trkpt lat="23.061033" lon="113.280809">
        <time>2026-09-05T00:18:44Z</time>
      </trkpt>
      <trkpt lat="23.060983" lon="113.280922">
        <time>2026-09-05T00:18:49Z</time>
      </trkpt>
      <trkpt lat="23.060929" lon="113.281036">
        <time>2026-09-05T00:18:54Z</time>
      </trkpt>
      <trkpt lat="23.060874" lon="113.281154">
        <time>2026-09-05T00:18:59Z</time>
      </trkpt>
      <trkpt lat="23.060818" lon="113.281275">
        <time>2026-09-05T00:19:04Z</time>
      </trkpt>
      <trkpt lat="23.060763" lon="113.281407">
        <time>2026-09-05T00:19:09Z</time>
      </trkpt>
      <trkpt lat="23.060715" lon="113.281544">
        <time>2026-09-05T00:19:14Z</time>
      </trkpt>
      <trkpt lat="23.060656" lon="113.281679">
        <time>2026-09-05T00:19:19Z</time>
      </trkpt>
      <trkpt lat="23.060587" lon="113.281816">
        <time>2026-09-05T00:19:24Z</time>
      </trkpt>
      <trkpt lat="23.060523" lon="113.281953">
        <time>2026-09-05T00:19:29Z</time>
      </trkpt>
      <trkpt lat="23.060467" lon="113.28209">
        <time>2026-09-05T00:19:34Z</time>
      </trkpt>
      <trkpt lat="23.060418" lon="113.282228">
        <time>2026-09-05T00:19:39Z</time>
      </trkpt>
      <trkpt lat="23.060363" lon="113.282367">
        <time>2026-09-05T00:19:44Z</time>
      </trkpt>
      <trkpt lat="23.060312" lon="113.282512">
        <time>2026-09-05T00:19:49Z</time>
      </trkpt>
      <trkpt lat="23.060261" lon="113.282651">
        <time>2026-09-05T00:19:54Z</time>
      </trkpt>
      <trkpt lat="23.060206" lon="113.282789">
        <time>2026-09-05T00:19:59Z</time>
      </trkpt>
      <trkpt lat="23.060147" lon="113.282925">
        <time>2026-09-05T00:20:04Z</time>
      </trkpt>
      <trkpt lat="23.060098" lon="113.283061">
        <time>2026-09-05T00:20:09Z</time>
      </trkpt>
      <trkpt lat="23.060033" lon="113.283192">
        <time>2026-09-05T00:20:14Z</time>
      </trkpt>
      <trkpt lat="23.059961" lon="113.283316">
        <time>2026-09-05T00:20:19Z</time>
      </trkpt>
      <trkpt lat="23.059946" lon="113.283421">
        <time>2026-09-05T00:20:24Z</time>
      </trkpt>
      <trkpt lat="23.060051" lon="113.283397">
        <time>2026-09-05T00:20:29Z</time>
      </trkpt>
      <trkpt lat="23.060135" lon="113.283273">
        <time>2026-09-05T00:20:34Z</time>
      </trkpt>
      <trkpt lat="23.060208" lon="113.283139">
        <time>2026-09-05T00:20:39Z</time>
      </trkpt>
      <trkpt lat="23.060271" lon="113.283007">
        <time>2026-09-05T00:20:44Z</time>
      </trkpt>
      <trkpt lat="23.060321" lon="113.282871">
        <time>2026-09-05T00:20:49Z</time>
      </trkpt>
      <trkpt lat="23.06037" lon="113.28273">
        <time>2026-09-05T00:20:54Z</time>
      </trkpt>
      <trkpt lat="23.060424" lon="113.282597">
        <time>2026-09-05T00:20:59Z</time>
      </trkpt>
      <trkpt lat="23.06048" lon="113.282473">
        <time>2026-09-05T00:21:04Z</time>
      </trkpt>
      <trkpt lat="23.060529" lon="113.282355">
        <time>2026-09-05T00:21:09Z</time>
      </trkpt>
      <trkpt lat="23.060603" lon="113.282249">
        <time>2026-09-05T00:21:14Z</time>
      </trkpt>
      <trkpt lat="23.060732" lon="113.282231">
        <time>2026-09-05T00:21:19Z</time>
      </trkpt>
      <trkpt lat="23.060863" lon="113.282229">
        <time>2026-09-05T00:21:24Z</time>
      </trkpt>
      <trkpt lat="23.060983" lon="113.282212">
        <time>2026-09-05T00:21:29Z</time>
      </trkpt>
      <trkpt lat="23.061107" lon="113.282195">
        <time>2026-09-05T00:21:34Z</time>
      </trkpt>
      <trkpt lat="23.061235" lon="113.282204">
        <time>2026-09-05T00:21:39Z</time>
      </trkpt>
      <trkpt lat="23.061357" lon="113.282201">
        <time>2026-09-05T00:21:44Z</time>
      </trkpt>
      <trkpt lat="23.061479" lon="113.282198">
        <time>2026-09-05T00:21:49Z</time>
      </trkpt>
      <trkpt lat="23.06161" lon="113.282223">
        <time>2026-09-05T00:21:54Z</time>
      </trkpt>
      <trkpt lat="23.061738" lon="113.282233">
        <time>2026-09-05T00:21:59Z</time>
      </trkpt>
      <trkpt lat="23.061852" lon="113.282214">
        <time>2026-09-05T00:22:04Z</time>
      </trkpt>
      <trkpt lat="23.061967" lon="113.282171">
        <time>2026-09-05T00:22:09Z</time>
      </trkpt>
      <trkpt lat="23.06208" lon="113.282174">
        <time>2026-09-05T00:22:14Z</time>
      </trkpt>
      <trkpt lat="23.062158" lon="113.28227">
        <time>2026-09-05T00:22:19Z</time>
      </trkpt>
      <trkpt lat="23.062167" lon="113.282413">
        <time>2026-09-05T00:22:24Z</time>
      </trkpt>
      <trkpt lat="23.062138" lon="113.282563">
        <time>2026-09-05T00:22:29Z</time>
      </trkpt>
      <trkpt lat="23.062107" lon="113.282711">
        <time>2026-09-05T00:22:34Z</time>
      </trkpt>
      <trkpt lat="23.062074" lon="113.28285">
        <time>2026-09-05T00:22:39Z</time>
      </trkpt>
      <trkpt lat="23.062044" lon="113.282998">
        <time>2026-09-05T00:22:44Z</time>
      </trkpt>
      <trkpt lat="23.06202" lon="113.283136">
        <time>2026-09-05T00:22:49Z</time>
      </trkpt>
      <trkpt lat="23.062007" lon="113.283255">
        <time>2026-09-05T00:22:54Z</time>
      </trkpt>
      <trkpt lat="23.061999" lon="113.283382">
        <time>2026-09-05T00:22:59Z</time>
      </trkpt>
      <trkpt lat="23.062013" lon="113.283527">
        <time>2026-09-05T00:23:04Z</time>
      </trkpt>
      <trkpt lat="23.062" lon="113.283651">
        <time>2026-09-05T00:23:09Z</time>
      </trkpt>
      <trkpt lat="23.062009" lon="113.283788">
        <time>2026-09-05T00:23:14Z</time>
      </trkpt>
      <trkpt lat="23.062013" lon="113.28389">
        <time>2026-09-05T00:23:19Z</time>
      </trkpt>
      <trkpt lat="23.062026" lon="113.283997">
        <time>2026-09-05T00:23:24Z</time>
      </trkpt>
      <trkpt lat="23.062026" lon="113.284116">
        <time>2026-09-05T00:23:29Z</time>
      </trkpt>
      <trkpt lat="23.062011" lon="113.284245">
        <time>2026-09-05T00:23:34Z</time>
      </trkpt>
      <trkpt lat="23.061963" lon="113.284386">
        <time>2026-09-05T00:23:39Z</time>
      </trkpt>
      <trkpt lat="23.061907" lon="113.284488">
        <time>2026-09-05T00:23:44Z</time>
      </trkpt>
      <trkpt lat="23.061887" lon="113.284632">
        <time>2026-09-05T00:23:49Z</time>
      </trkpt>
      <trkpt lat="23.061882" lon="113.284814">
        <time>2026-09-05T00:23:54Z</time>
      </trkpt>
      <trkpt lat="23.061876" lon="113.284937">
        <time>2026-09-05T00:23:59Z</time>
      </trkpt>
      <trkpt lat="23.061845" lon="113.28506">
        <time>2026-09-05T00:24:04Z</time>
      </trkpt>
      <trkpt lat="23.061831" lon="113.285206">
        <time>2026-09-05T00:24:09Z</time>
      </trkpt>
      <trkpt lat="23.061864" lon="113.285348">
        <time>2026-09-05T00:24:14Z</time>
      </trkpt>
      <trkpt lat="23.061874" lon="113.285461">
        <time>2026-09-05T00:24:19Z</time>
      </trkpt>
      <trkpt lat="23.061865" lon="113.285579">
        <time>2026-09-05T00:24:24Z</time>
      </trkpt>
      <trkpt lat="23.06182" lon="113.285679">
        <time>2026-09-05T00:24:29Z</time>
      </trkpt>
      <trkpt lat="23.061745" lon="113.285787">
        <time>2026-09-05T00:24:34Z</time>
      </trkpt>
      <trkpt lat="23.061692" lon="113.285871">
        <time>2026-09-05T00:24:39Z</time>
      </trkpt>
      <trkpt lat="23.061669" lon="113.285983">
        <time>2026-09-05T00:24:44Z</time>
      </trkpt>
      <trkpt lat="23.061688" lon="113.286138">
        <time>2026-09-05T00:24:49Z</time>
      </trkpt>
      <trkpt lat="23.06171" lon="113.286293">
        <time>2026-09-05T00:24:54Z</time>
      </trkpt>
      <trkpt lat="23.06173" lon="113.286426">
        <time>2026-09-05T00:24:59Z</time>
      </trkpt>
      <trkpt lat="23.061694" lon="113.286474">
        <time>2026-09-05T00:25:04Z</time>
      </trkpt>
      <trkpt lat="23.061647" lon="113.286502">
        <time>2026-09-05T00:25:09Z</time>
      </trkpt>
      <trkpt lat="23.061565" lon="113.28649">
        <time>2026-09-05T00:25:14Z</time>
      </trkpt>
      <trkpt lat="23.061469" lon="113.286444">
        <time>2026-09-05T00:25:19Z</time>
      </trkpt>
      <trkpt lat="23.06138" lon="113.286403">
        <time>2026-09-05T00:25:24Z</time>
      </trkpt>
      <trkpt lat="23.061271" lon="113.286379">
        <time>2026-09-05T00:25:29Z</time>
      </trkpt>
      <trkpt lat="23.06115" lon="113.286367">
        <time>2026-09-05T00:25:34Z</time>
      </trkpt>
      <trkpt lat="23.061019" lon="113.286355">
        <time>2026-09-05T00:25:39Z</time>
      </trkpt>
      <trkpt lat="23.060875" lon="113.286359">
        <time>2026-09-05T00:25:44Z</time>
      </trkpt>
      <trkpt lat="23.060744" lon="113.286386">
        <time>2026-09-05T00:25:49Z</time>
      </trkpt>
      <trkpt lat="23.060613" lon="113.286425">
        <time>2026-09-05T00:25:54Z</time>
      </trkpt>
      <trkpt lat="23.060484" lon="113.286469">
        <time>2026-09-05T00:25:59Z</time>
      </trkpt>
      <trkpt lat="23.060345" lon="113.286497">
        <time>2026-09-05T00:26:04Z</time>
      </trkpt>
      <trkpt lat="23.060208" lon="113.286513">
        <time>2026-09-05T00:26:09Z</time>
      </trkpt>
      <trkpt lat="23.060083" lon="113.286492">
        <time>2026-09-05T00:26:14Z</time>
      </trkpt>
      <trkpt lat="23.059961" lon="113.28647">
        <time>2026-09-05T00:26:19Z</time>
      </trkpt>
      <trkpt lat="23.059838" lon="113.286443">
        <time>2026-09-05T00:26:24Z</time>
      </trkpt>
      <trkpt lat="23.059702" lon="113.286435">
        <time>2026-09-05T00:26:29Z</time>
      </trkpt>
      <trkpt lat="23.059567" lon="113.286431">
        <time>2026-09-05T00:26:34Z</time>
      </trkpt>
      <trkpt lat="23.059446" lon="113.286412">
        <time>2026-09-05T00:26:39Z</time>
      </trkpt>
      <trkpt lat="23.059328" lon="113.2864">
        <time>2026-09-05T00:26:44Z</time>
      </trkpt>
      <trkpt lat="23.059206" lon="113.286389">
        <time>2026-09-05T00:26:49Z</time>
      </trkpt>
      <trkpt lat="23.059082" lon="113.286373">
        <time>2026-09-05T00:26:54Z</time>
      </trkpt>
      <trkpt lat="23.058961" lon="113.286353">
        <time>2026-09-05T00:26:59Z</time>
      </trkpt>
      <trkpt lat="23.058836" lon="113.286332">
        <time>2026-09-05T00:27:04Z</time>
      </trkpt>
      <trkpt lat="23.05871" lon="113.286289">
        <time>2026-09-05T00:27:09Z</time>
      </trkpt>
      <trkpt lat="23.058637" lon="113.286184">
        <time>2026-09-05T00:27:14Z</time>
      </trkpt>
      <trkpt lat="23.058642" lon="113.286051">
        <time>2026-09-05T00:27:19Z</time>
      </trkpt>
      <trkpt lat="23.058695" lon="113.285928">
        <time>2026-09-05T00:27:24Z</time>
      </trkpt>
      <trkpt lat="23.058751" lon="113.285808">
        <time>2026-09-05T00:27:29Z</time>
      </trkpt>
      <trkpt lat="23.058814" lon="113.285698">
        <time>2026-09-05T00:27:34Z</time>
      </trkpt>
      <trkpt lat="23.058879" lon="113.285588">
        <time>2026-09-05T00:27:39Z</time>
      </trkpt>
      <trkpt lat="23.058936" lon="113.285465">
        <time>2026-09-05T00:27:44Z</time>
      </trkpt>
      <trkpt lat="23.058983" lon="113.285344">
        <time>2026-09-05T00:27:49Z</time>
      </trkpt>
      <trkpt lat="23.059031" lon="113.285229">
        <time>2026-09-05T00:27:54Z</time>
      </trkpt>
      <trkpt lat="23.059085" lon="113.285112">
        <time>2026-09-05T00:27:59Z</time>
      </trkpt>
      <trkpt lat="23.059139" lon="113.284992">
        <time>2026-09-05T00:28:04Z</time>
      </trkpt>
      <trkpt lat="23.05919" lon="113.284871">
        <time>2026-09-05T00:28:09Z</time>
      </trkpt>
      <trkpt lat="23.059241" lon="113.284754">
        <time>2026-09-05T00:28:14Z</time>
      </trkpt>
      <trkpt lat="23.059293" lon="113.28463">
        <time>2026-09-05T00:28:19Z</time>
      </trkpt>
      <trkpt lat="23.059334" lon="113.284503">
        <time>2026-09-05T00:28:24Z</time>
      </trkpt>
      <trkpt lat="23.059377" lon="113.284377">
        <time>2026-09-05T00:28:29Z</time>
      </trkpt>
      <trkpt lat="23.059426" lon="113.284254">
        <time>2026-09-05T00:28:34Z</time>
      </trkpt>
      <trkpt lat="23.05948" lon="113.284135">
        <time>2026-09-05T00:28:39Z</time>
      </trkpt>
      <trkpt lat="23.05953" lon="113.28401">
        <time>2026-09-05T00:28:44Z</time>
      </trkpt>
      <trkpt lat="23.059578" lon="113.283885">
        <time>2026-09-05T00:28:49Z</time>
      </trkpt>
      <trkpt lat="23.05962" lon="113.28376">
        <time>2026-09-05T00:28:54Z</time>
      </trkpt>
      <trkpt lat="23.05967" lon="113.283638">
        <time>2026-09-05T00:28:59Z</time>
      </trkpt>
      <trkpt lat="23.059721" lon="113.283521">
        <time>2026-09-05T00:29:04Z</time>
      </trkpt>
      <trkpt lat="23.059778" lon="113.283399">
        <time>2026-09-05T00:29:09Z</time>
      </trkpt>
      <trkpt lat="23.059836" lon="113.283275">
        <time>2026-09-05T00:29:14Z</time>
      </trkpt>
      <trkpt lat="23.059887" lon="113.283159">
        <time>2026-09-05T00:29:19Z</time>
      </trkpt>
      <trkpt lat="23.059943" lon="113.28305">
        <time>2026-09-05T00:29:24Z</time>
      </trkpt>
      <trkpt lat="23.059997" lon="113.282922">
        <time>2026-09-05T00:29:29Z</time>
      </trkpt>
      <trkpt lat="23.060051" lon="113.28279">
        <time>2026-09-05T00:29:34Z</time>
      </trkpt>
      <trkpt lat="23.06011" lon="113.282667">
        <time>2026-09-05T00:29:39Z</time>
      </trkpt>
      <trkpt lat="23.060148" lon="113.282535">
        <time>2026-09-05T00:29:44Z</time>
      </trkpt>
      <trkpt lat="23.060195" lon="113.282401">
        <time>2026-09-05T00:29:49Z</time>
      </trkpt>
      <trkpt lat="23.060253" lon="113.28228">
        <time>2026-09-05T00:29:54Z</time>
      </trkpt>
      <trkpt lat="23.060315" lon="113.282168">
        <time>2026-09-05T00:29:59Z</time>
      </trkpt>
      <trkpt lat="23.060366" lon="113.282048">
        <time>2026-09-05T00:30:04Z</time>
      </trkpt>
      <trkpt lat="23.060419" lon="113.281927">
        <time>2026-09-05T00:30:09Z</time>
      </trkpt>
      <trkpt lat="23.060472" lon="113.281806">
        <time>2026-09-05T00:30:14Z</time>
      </trkpt>
      <trkpt lat="23.060517" lon="113.281691">
        <time>2026-09-05T00:30:19Z</time>
      </trkpt>
      <trkpt lat="23.060565" lon="113.281567">
        <time>2026-09-05T00:30:24Z</time>
      </trkpt>
      <trkpt lat="23.060609" lon="113.281437">
        <time>2026-09-05T00:30:29Z</time>
      </trkpt>
      <trkpt lat="23.060665" lon="113.281312">
        <time>2026-09-05T00:30:34Z</time>
      </trkpt>
      <trkpt lat="23.060725" lon="113.281184">
        <time>2026-09-05T00:30:39Z</time>
      </trkpt>
      <trkpt lat="23.060788" lon="113.281049">
        <time>2026-09-05T00:30:44Z</time>
      </trkpt>
      <trkpt lat="23.060843" lon="113.280924">
        <time>2026-09-05T00:30:49Z</time>
      </trkpt>
      <trkpt lat="23.060901" lon="113.280788">
        <time>2026-09-05T00:30:54Z</time>
      </trkpt>
      <trkpt lat="23.060961" lon="113.280649">
        <time>2026-09-05T00:30:59Z</time>
      </trkpt>
      <trkpt lat="23.061016" lon="113.28052">
        <time>2026-09-05T00:31:04Z</time>
      </trkpt>
      <trkpt lat="23.061071" lon="113.280391">
        <time>2026-09-05T00:31:09Z</time>
      </trkpt>
      <trkpt lat="23.061129" lon="113.280261">
        <time>2026-09-05T00:31:14Z</time>
      </trkpt>
      <trkpt lat="23.061184" lon="113.280133">
        <time>2026-09-05T00:31:19Z</time>
      </trkpt>
      <trkpt lat="23.061231" lon="113.28001">
        <time>2026-09-05T00:31:24Z</time>
      </trkpt>
      <trkpt lat="23.061285" lon="113.279894">
        <time>2026-09-05T00:31:29Z</time>
      </trkpt>
      <trkpt lat="23.061334" lon="113.279772">
        <time>2026-09-05T00:31:34Z</time>
      </trkpt>
      <trkpt lat="23.061394" lon="113.279651">
        <time>2026-09-05T00:31:39Z</time>
      </trkpt>
      <trkpt lat="23.061444" lon="113.279521">
        <time>2026-09-05T00:31:44Z</time>
      </trkpt>
      <trkpt lat="23.061478" lon="113.279386">
        <time>2026-09-05T00:31:49Z</time>
      </trkpt>
      <trkpt lat="23.061529" lon="113.279259">
        <time>2026-09-05T00:31:54Z</time>
      </trkpt>
      <trkpt lat="23.061571" lon="113.279159">
        <time>2026-09-05T00:31:59Z</time>
      </trkpt>
      <trkpt lat="23.061623" lon="113.279052">
        <time>2026-09-05T00:32:04Z</time>
      </trkpt>
      <trkpt lat="23.061677" lon="113.278923">
        <time>2026-09-05T00:32:09Z</time>
      </trkpt>
      <trkpt lat="23.061734" lon="113.278798">
        <time>2026-09-05T00:32:14Z</time>
      </trkpt>
      <trkpt lat="23.061812" lon="113.278723">
        <time>2026-09-05T00:32:19Z</time>
      </trkpt>
      <trkpt lat="23.061925" lon="113.278701">
        <time>2026-09-05T00:32:24Z</time>
      </trkpt>
      <trkpt lat="23.061978" lon="113.278588">
        <time>2026-09-05T00:32:29Z</time>
      </trkpt>
      <trkpt lat="23.061973" lon="113.278447">
        <time>2026-09-05T00:32:34Z</time>
      </trkpt>
      <trkpt lat="23.061968" lon="113.278311">
        <time>2026-09-05T00:32:39Z</time>
      </trkpt>
      <trkpt lat="23.061958" lon="113.278177">
        <time>2026-09-05T00:32:44Z</time>
      </trkpt>
      <trkpt lat="23.061955" lon="113.278048">
        <time>2026-09-05T00:32:49Z</time>
      </trkpt>
      <trkpt lat="23.061948" lon="113.277919">
        <time>2026-09-05T00:32:54Z</time>
      </trkpt>
      <trkpt lat="23.061952" lon="113.27779">
        <time>2026-09-05T00:32:59Z</time>
      </trkpt>
      <trkpt lat="23.06198" lon="113.277666">
        <time>2026-09-05T00:33:04Z</time>
      </trkpt>
      <trkpt lat="23.062019" lon="113.277537">
        <time>2026-09-05T00:33:09Z</time>
      </trkpt>
      <trkpt lat="23.062067" lon="113.277411">
        <time>2026-09-05T00:33:14Z</time>
      </trkpt>
      <trkpt lat="23.062113" lon="113.277291">
        <time>2026-09-05T00:33:19Z</time>
      </trkpt>
      <trkpt lat="23.062154" lon="113.277171">
        <time>2026-09-05T00:33:24Z</time>
      </trkpt>
      <trkpt lat="23.062194" lon="113.277052">
        <time>2026-09-05T00:33:29Z</time>
      </trkpt>
      <trkpt lat="23.062242" lon="113.276934">
        <time>2026-09-05T00:33:34Z</time>
      </trkpt>
      <trkpt lat="23.062289" lon="113.276816">
        <time>2026-09-05T00:33:39Z</time>
      </trkpt>
      <trkpt lat="23.062338" lon="113.276698">
        <time>2026-09-05T00:33:44Z</time>
      </trkpt>
      <trkpt lat="23.062383" lon="113.276576">
        <time>2026-09-05T00:33:49Z</time>
      </trkpt>
      <trkpt lat="23.06243" lon="113.27645">
        <time>2026-09-05T00:33:54Z</time>
      </trkpt>
      <trkpt lat="23.062474" lon="113.276331">
        <time>2026-09-05T00:33:59Z</time>
      </trkpt>
      <trkpt lat="23.062517" lon="113.276212">
        <time>2026-09-05T00:34:04Z</time>
      </trkpt>
      <trkpt lat="23.062573" lon="113.2761">
        <time>2026-09-05T00:34:09Z</time>
      </trkpt>
      <trkpt lat="23.062639" lon="113.275998">
        <time>2026-09-05T00:34:14Z</time>
      </trkpt>
      <trkpt lat="23.062715" lon="113.275899">
        <time>2026-09-05T00:34:19Z</time>
      </trkpt>
      <trkpt lat="23.062803" lon="113.275808">
        <time>2026-09-05T00:34:24Z</time>
      </trkpt>
      <trkpt lat="23.062899" lon="113.275718">
        <time>2026-09-05T00:34:29Z</time>
      </trkpt>
      <trkpt lat="23.062985" lon="113.275626">
        <time>2026-09-05T00:34:34Z</time>
      </trkpt>
      <trkpt lat="23.06306" lon="113.27553">
        <time>2026-09-05T00:34:39Z</time>
      </trkpt>
      <trkpt lat="23.063124" lon="113.275424">
        <time>2026-09-05T00:34:44Z</time>
      </trkpt>
      <trkpt lat="23.063184" lon="113.275315">
        <time>2026-09-05T00:34:49Z</time>
      </trkpt>
      <trkpt lat="23.063249" lon="113.275208">
        <time>2026-09-05T00:34:54Z</time>
      </trkpt>
      <trkpt lat="23.063316" lon="113.2751">
        <time>2026-09-05T00:34:59Z</time>
      </trkpt>
      <trkpt lat="23.063389" lon="113.275004">
        <time>2026-09-05T00:35:04Z</time>
      </trkpt>
      <trkpt lat="23.063438" lon="113.274895">
        <time>2026-09-05T00:35:09Z</time>
      </trkpt>
      <trkpt lat="23.063468" lon="113.274774">
        <time>2026-09-05T00:35:14Z</time>
      </trkpt>
      <trkpt lat="23.063502" lon="113.274652">
        <time>2026-09-05T00:35:19Z</time>
      </trkpt>
      <trkpt lat="23.063524" lon="113.274528">
        <time>2026-09-05T00:35:24Z</time>
      </trkpt>
      <trkpt lat="23.063556" lon="113.27442">
        <time>2026-09-05T00:35:29Z</time>
      </trkpt>
      <trkpt lat="23.063608" lon="113.274323">
        <time>2026-09-05T00:35:34Z</time>
      </trkpt>
      <trkpt lat="23.063729" lon="113.274243">
        <time>2026-09-05T00:35:39Z</time>
      </trkpt>
      <trkpt lat="23.063819" lon="113.274151">
        <time>2026-09-05T00:35:44Z</time>
      </trkpt>
      <trkpt lat="23.063891" lon="113.274025">
        <time>2026-09-05T00:35:49Z</time>
      </trkpt>
      <trkpt lat="23.063963" lon="113.273895">
        <time>2026-09-05T00:35:54Z</time>
      </trkpt>
      <trkpt lat="23.064038" lon="113.273781">
        <time>2026-09-05T00:35:59Z</time>
      </trkpt>
      <trkpt lat="23.064133" lon="113.273692">
        <time>2026-09-05T00:36:04Z</time>
      </trkpt>
      <trkpt lat="23.06423" lon="113.273617">
        <time>2026-09-05T00:36:09Z</time>
      </trkpt>
      <trkpt lat="23.064323" lon="113.273544">
        <time>2026-09-05T00:36:14Z</time>
      </trkpt>
      <trkpt lat="23.064416" lon="113.273452">
        <time>2026-09-05T00:36:19Z</time>
      </trkpt>
      <trkpt lat="23.064502" lon="113.273359">
        <time>2026-09-05T00:36:24Z</time>
      </trkpt>
      <trkpt lat="23.06456" lon="113.273247">
        <time>2026-09-05T00:36:29Z</time>
      </trkpt>
      <trkpt lat="23.06457" lon="113.273113">
        <time>2026-09-05T00:36:34Z</time>
      </trkpt>
      <trkpt lat="23.06454" lon="113.272977">
        <time>2026-09-05T00:36:39Z</time>
      </trkpt>
      <trkpt lat="23.064492" lon="113.272848">
        <time>2026-09-05T00:36:44Z</time>
      </trkpt>
      <trkpt lat="23.064454" lon="113.272722">
        <time>2026-09-05T00:36:49Z</time>
      </trkpt>
      <trkpt lat="23.064439" lon="113.272592">
        <time>2026-09-05T00:36:54Z</time>
      </trkpt>
      <trkpt lat="23.064483" lon="113.272467">
        <time>2026-09-05T00:36:59Z</time>
      </trkpt>
      <trkpt lat="23.06454" lon="113.272335">
        <time>2026-09-05T00:37:04Z</time>
      </trkpt>
      <trkpt lat="23.064576" lon="113.272203">
        <time>2026-09-05T00:37:09Z</time>
      </trkpt>
      <trkpt lat="23.064627" lon="113.272082">
        <time>2026-09-05T00:37:14Z</time>
      </trkpt>
      <trkpt lat="23.064682" lon="113.271969">
        <time>2026-09-05T00:37:19Z</time>
      </trkpt>
      <trkpt lat="23.064732" lon="113.27185">
        <time>2026-09-05T00:37:24Z</time>
      </trkpt>
      <trkpt lat="23.064787" lon="113.271729">
        <time>2026-09-05T00:37:29Z</time>
      </trkpt>
      <trkpt lat="23.064855" lon="113.271625">
        <time>2026-09-05T00:37:34Z</time>
      </trkpt>
      <trkpt lat="23.064933" lon="113.27152">
        <time>2026-09-05T00:37:39Z</time>
      </trkpt>
      <trkpt lat="23.064994" lon="113.271404">
        <time>2026-09-05T00:37:44Z</time>
      </trkpt>
      <trkpt lat="23.065046" lon="113.271301">
        <time>2026-09-05T00:37:49Z</time>
      </trkpt>
      <trkpt lat="23.065113" lon="113.271209">
        <time>2026-09-05T00:37:54Z</time>
      </trkpt>
      <trkpt lat="23.065223" lon="113.271171">
        <time>2026-09-05T00:37:59Z</time>
      </trkpt>
      <trkpt lat="23.065342" lon="113.271204">
        <time>2026-09-05T00:38:04Z</time>
      </trkpt>
      <trkpt lat="23.065448" lon="113.271247">
        <time>2026-09-05T00:38:09Z</time>
      </trkpt>
      <trkpt lat="23.065551" lon="113.271299">
        <time>2026-09-05T00:38:14Z</time>
      </trkpt>
      <trkpt lat="23.065648" lon="113.27136">
        <time>2026-09-05T00:38:19Z</time>
      </trkpt>
      <trkpt lat="23.065754" lon="113.271399">
        <time>2026-09-05T00:38:24Z</time>
      </trkpt>
      <trkpt lat="23.065865" lon="113.271423">
        <time>2026-09-05T00:38:29Z</time>
      </trkpt>
      <trkpt lat="23.065979" lon="113.27146">
        <time>2026-09-05T00:38:34Z</time>
      </trkpt>
      <trkpt lat="23.066085" lon="113.271506">
        <time>2026-09-05T00:38:39Z</time>
      </trkpt>
      <trkpt lat="23.066186" lon="113.271539">
        <time>2026-09-05T00:38:44Z</time>
      </trkpt>
      <trkpt lat="23.066304" lon="113.271565">
        <time>2026-09-05T00:38:49Z</time>
      </trkpt>
      <trkpt lat="23.066299" lon="113.271505">
        <time>2026-09-05T00:38:54Z</time>
      </trkpt>
      <trkpt lat="23.066182" lon="113.271462">
        <time>2026-09-05T00:38:59Z</time>
      </trkpt>
      <trkpt lat="23.066076" lon="113.271424">
        <time>2026-09-05T00:39:04Z</time>
      </trkpt>
      <trkpt lat="23.065973" lon="113.271352">
        <time>2026-09-05T00:39:09Z</time>
      </trkpt>
      <trkpt lat="23.065843" lon="113.271289">
        <time>2026-09-05T00:39:14Z</time>
      </trkpt>
      <trkpt lat="23.065715" lon="113.271235">
        <time>2026-09-05T00:39:19Z</time>
      </trkpt>
      <trkpt lat="23.0656" lon="113.271188">
        <time>2026-09-05T00:39:24Z</time>
      </trkpt>
      <trkpt lat="23.06548" lon="113.271152">
        <time>2026-09-05T00:39:29Z</time>
      </trkpt>
      <trkpt lat="23.065354" lon="113.271122">
        <time>2026-09-05T00:39:34Z</time>
      </trkpt>
      <trkpt lat="23.065245" lon="113.271051">
        <time>2026-09-05T00:39:39Z</time>
      </trkpt>
      <trkpt lat="23.065221" lon="113.270924">
        <time>2026-09-05T00:39:44Z</time>
      </trkpt>
      <trkpt lat="23.065254" lon="113.270793">
        <time>2026-09-05T00:39:49Z</time>
      </trkpt>
      <trkpt lat="23.065306" lon="113.270675">
        <time>2026-09-05T00:39:54Z</time>
      </trkpt>
      <trkpt lat="23.065366" lon="113.270562">
        <time>2026-09-05T00:39:59Z</time>
      </trkpt>
      <trkpt lat="23.06542" lon="113.270446">
        <time>2026-09-05T00:40:04Z</time>
      </trkpt>
      <trkpt lat="23.065473" lon="113.270329">
        <time>2026-09-05T00:40:09Z</time>
      </trkpt>
      <trkpt lat="23.065534" lon="113.270209">
        <time>2026-09-05T00:40:14Z</time>
      </trkpt>
      <trkpt lat="23.065588" lon="113.270085">
        <time>2026-09-05T00:40:19Z</time>
      </trkpt>
      <trkpt lat="23.065633" lon="113.269959">
        <time>2026-09-05T00:40:24Z</time>
      </trkpt>
      <trkpt lat="23.065661" lon="113.269831">
        <time>2026-09-05T00:40:29Z</time>
      </trkpt>
      <trkpt lat="23.065674" lon="113.269688">
        <time>2026-09-05T00:40:34Z</time>
      </trkpt>
      <trkpt lat="23.065702" lon="113.269549">
        <time>2026-09-05T00:40:39Z</time>
      </trkpt>
      <trkpt lat="23.065736" lon="113.269421">
        <time>2026-09-05T00:40:44Z</time>
      </trkpt>
      <trkpt lat="23.065764" lon="113.269291">
        <time>2026-09-05T00:40:49Z</time>
      </trkpt>
      <trkpt lat="23.065806" lon="113.269159">
        <time>2026-09-05T00:40:54Z</time>
      </trkpt>
      <trkpt lat="23.065847" lon="113.269026">
        <time>2026-09-05T00:40:59Z</time>
      </trkpt>
      <trkpt lat="23.065897" lon="113.268899">
        <time>2026-09-05T00:41:04Z</time>
      </trkpt>
      <trkpt lat="23.065951" lon="113.268773">
        <time>2026-09-05T00:41:09Z</time>
      </trkpt>
      <trkpt lat="23.066009" lon="113.268655">
        <time>2026-09-05T00:41:14Z</time>
      </trkpt>
      <trkpt lat="23.066082" lon="113.268539">
        <time>2026-09-05T00:41:19Z</time>
      </trkpt>
      <trkpt lat="23.066164" lon="113.268425">
        <time>2026-09-05T00:41:24Z</time>
      </trkpt>
      <trkpt lat="23.066247" lon="113.268316">
        <time>2026-09-05T00:41:29Z</time>
      </trkpt>
      <trkpt lat="23.066333" lon="113.268215">
        <time>2026-09-05T00:41:34Z</time>
      </trkpt>
      <trkpt lat="23.066442" lon="113.268151">
        <time>2026-09-05T00:41:39Z</time>
      </trkpt>
      <trkpt lat="23.06657" lon="113.268141">
        <time>2026-09-05T00:41:44Z</time>
      </trkpt>
      <trkpt lat="23.0667" lon="113.268162">
        <time>2026-09-05T00:41:49Z</time>
      </trkpt>
      <trkpt lat="23.066839" lon="113.268179">
        <time>2026-09-05T00:41:54Z</time>
      </trkpt>
      <trkpt lat="23.066969" lon="113.268184">
        <time>2026-09-05T00:41:59Z</time>
      </trkpt>
      <trkpt lat="23.06708" lon="113.268237">
        <time>2026-09-05T00:42:04Z</time>
      </trkpt>
      <trkpt lat="23.067188" lon="113.268301">
        <time>2026-09-05T00:42:09Z</time>
      </trkpt>
      <trkpt lat="23.067293" lon="113.268347">
        <time>2026-09-05T00:42:14Z</time>
      </trkpt>
      <trkpt lat="23.0674" lon="113.268393">
        <time>2026-09-05T00:42:19Z</time>
      </trkpt>
      <trkpt lat="23.067518" lon="113.26845">
        <time>2026-09-05T00:42:24Z</time>
      </trkpt>
      <trkpt lat="23.067647" lon="113.268528">
        <time>2026-09-05T00:42:29Z</time>
      </trkpt>
      <trkpt lat="23.067774" lon="113.268597">
        <time>2026-09-05T00:42:34Z</time>
      </trkpt>
      <trkpt lat="23.067893" lon="113.268662">
        <time>2026-09-05T00:42:39Z</time>
      </trkpt>
      <trkpt lat="23.067996" lon="113.26875">
        <time>2026-09-05T00:42:44Z</time>
      </trkpt>
      <trkpt lat="23.0681" lon="113.268821">
        <time>2026-09-05T00:42:49Z</time>
      </trkpt>
      <trkpt lat="23.068215" lon="113.26885">
        <time>2026-09-05T00:42:54Z</time>
      </trkpt>
      <trkpt lat="23.068334" lon="113.268902">
        <time>2026-09-05T00:42:59Z</time>
      </trkpt>
      <trkpt lat="23.068456" lon="113.268972">
        <time>2026-09-05T00:43:04Z</time>
      </trkpt>
      <trkpt lat="23.068575" lon="113.269052">
        <time>2026-09-05T00:43:09Z</time>
      </trkpt>
      <trkpt lat="23.068699" lon="113.269136">
        <time>2026-09-05T00:43:14Z</time>
      </trkpt>
      <trkpt lat="23.068848" lon="113.26919">
        <time>2026-09-05T00:43:19Z</time>
      </trkpt>
      <trkpt lat="23.068996" lon="113.269214">
        <time>2026-09-05T00:43:24Z</time>
      </trkpt>
      <trkpt lat="23.069113" lon="113.269252">
        <time>2026-09-05T00:43:29Z</time>
      </trkpt>
      <trkpt lat="23.069219" lon="113.269308">
        <time>2026-09-05T00:43:34Z</time>
      </trkpt>
      <trkpt lat="23.069329" lon="113.26937">
        <time>2026-09-05T00:43:39Z</time>
      </trkpt>
      <trkpt lat="23.069453" lon="113.269426">
        <time>2026-09-05T00:43:44Z</time>
      </trkpt>
      <trkpt lat="23.06957" lon="113.269483">
        <time>2026-09-05T00:43:49Z</time>
      </trkpt>
      <trkpt lat="23.069685" lon="113.269533">
        <time>2026-09-05T00:43:54Z</time>
      </trkpt>
      <trkpt lat="23.069798" lon="113.269582">
        <time>2026-09-05T00:43:59Z</time>
      </trkpt>
      <trkpt lat="23.069907" lon="113.26964">
        <time>2026-09-05T00:44:04Z</time>
      </trkpt>
      <trkpt lat="23.070014" lon="113.269717">
        <time>2026-09-05T00:44:09Z</time>
      </trkpt>
      <trkpt lat="23.070122" lon="113.26979">
        <time>2026-09-05T00:44:14Z</time>
      </trkpt>
      <trkpt lat="23.070233" lon="113.269857">
        <time>2026-09-05T00:44:19Z</time>
      </trkpt>
      <trkpt lat="23.070337" lon="113.26992">
        <time>2026-09-05T00:44:24Z</time>
      </trkpt>
      <trkpt lat="23.070447" lon="113.269961">
        <time>2026-09-05T00:44:29Z</time>
      </trkpt>
      <trkpt lat="23.070565" lon="113.269997">
        <time>2026-09-05T00:44:34Z</time>
      </trkpt>
      <trkpt lat="23.07068" lon="113.270054">
        <time>2026-09-05T00:44:39Z</time>
      </trkpt>
      <trkpt lat="23.070789" lon="113.270104">
        <time>2026-09-05T00:44:44Z</time>
      </trkpt>
      <trkpt lat="23.070905" lon="113.270144">
        <time>2026-09-05T00:44:49Z</time>
      </trkpt>
      <trkpt lat="23.071012" lon="113.270195">
        <time>2026-09-05T00:44:54Z</time>
      </trkpt>
      <trkpt lat="23.071124" lon="113.270254">
        <time>2026-09-05T00:44:59Z</time>
      </trkpt>
      <trkpt lat="23.071228" lon="113.270322">
        <time>2026-09-05T00:45:04Z</time>
      </trkpt>
      <trkpt lat="23.071336" lon="113.270377">
        <time>2026-09-05T00:45:09Z</time>
      </trkpt>
      <trkpt lat="23.071446" lon="113.27043">
        <time>2026-09-05T00:45:14Z</time>
      </trkpt>
      <trkpt lat="23.071552" lon="113.270493">
        <time>2026-09-05T00:45:19Z</time>
      </trkpt>
      <trkpt lat="23.071667" lon="113.270551">
        <time>2026-09-05T00:45:24Z</time>
      </trkpt>
      <trkpt lat="23.071772" lon="113.270599">
        <time>2026-09-05T00:45:29Z</time>
      </trkpt>
      <trkpt lat="23.071881" lon="113.270651">
        <time>2026-09-05T00:45:34Z</time>
      </trkpt>
      <trkpt lat="23.072005" lon="113.270701">
        <time>2026-09-05T00:45:39Z</time>
      </trkpt>
      <trkpt lat="23.072126" lon="113.270756">
        <time>2026-09-05T00:45:44Z</time>
      </trkpt>
      <trkpt lat="23.07224" lon="113.270818">
        <time>2026-09-05T00:45:49Z</time>
      </trkpt>
      <trkpt lat="23.072359" lon="113.27087">
        <time>2026-09-05T00:45:54Z</time>
      </trkpt>
      <trkpt lat="23.072483" lon="113.270938">
        <time>2026-09-05T00:45:59Z</time>
      </trkpt>
      <trkpt lat="23.072614" lon="113.271011">
        <time>2026-09-05T00:46:04Z</time>
      </trkpt>
      <trkpt lat="23.072745" lon="113.27106">
        <time>2026-09-05T00:46:09Z</time>
      </trkpt>
      <trkpt lat="23.072917" lon="113.271069">
        <time>2026-09-05T00:46:14Z</time>
      </trkpt>
      <trkpt lat="23.073043" lon="113.271118">
        <time>2026-09-05T00:46:19Z</time>
      </trkpt>
      <trkpt lat="23.07316" lon="113.271154">
        <time>2026-09-05T00:46:24Z</time>
      </trkpt>
      <trkpt lat="23.073285" lon="113.271199">
        <time>2026-09-05T00:46:29Z</time>
      </trkpt>
      <trkpt lat="23.073405" lon="113.271274">
        <time>2026-09-05T00:46:34Z</time>
      </trkpt>
      <trkpt lat="23.073517" lon="113.271358">
        <time>2026-09-05T00:46:39Z</time>
      </trkpt>
      <trkpt lat="23.07364" lon="113.271443">
        <time>2026-09-05T00:46:44Z</time>
      </trkpt>
      <trkpt lat="23.07378" lon="113.271512">
        <time>2026-09-05T00:46:49Z</time>
      </trkpt>
      <trkpt lat="23.073897" lon="113.271588">
        <time>2026-09-05T00:46:54Z</time>
      </trkpt>
      <trkpt lat="23.074009" lon="113.271665">
        <time>2026-09-05T00:46:59Z</time>
      </trkpt>
      <trkpt lat="23.074104" lon="113.271752">
        <time>2026-09-05T00:47:04Z</time>
      </trkpt>
      <trkpt lat="23.07413" lon="113.271845">
        <time>2026-09-05T00:47:09Z</time>
      </trkpt>
      <trkpt lat="23.074073" lon="113.271959">
        <time>2026-09-05T00:47:14Z</time>
      </trkpt>
      <trkpt lat="23.074009" lon="113.272073">
        <time>2026-09-05T00:47:19Z</time>
      </trkpt>
      <trkpt lat="23.073951" lon="113.272179">
        <time>2026-09-05T00:47:24Z</time>
      </trkpt>
      <trkpt lat="23.073896" lon="113.272282">
        <time>2026-09-05T00:47:29Z</time>
      </trkpt>
      <trkpt lat="23.073839" lon="113.272383">
        <time>2026-09-05T00:47:34Z</time>
      </trkpt>
      <trkpt lat="23.07379" lon="113.272494">
        <time>2026-09-05T00:47:39Z</time>
      </trkpt>
      <trkpt lat="23.073748" lon="113.272625">
        <time>2026-09-05T00:47:44Z</time>
      </trkpt>
      <trkpt lat="23.073697" lon="113.272748">
        <time>2026-09-05T00:47:49Z</time>
      </trkpt>
      <trkpt lat="23.073643" lon="113.272859">
        <time>2026-09-05T00:47:54Z</time>
      </trkpt>
      <trkpt lat="23.073591" lon="113.272964">
        <time>2026-09-05T00:47:59Z</time>
      </trkpt>
      <trkpt lat="23.073541" lon="113.273054">
        <time>2026-09-05T00:48:04Z</time>
      </trkpt>
      <trkpt lat="23.073533" lon="113.273109">
        <time>2026-09-05T00:48:09Z</time>
      </trkpt>
      <trkpt lat="23.073586" lon="113.27304">
        <time>2026-09-05T00:48:14Z</time>
      </trkpt>
      <trkpt lat="23.073686" lon="113.272958">
        <time>2026-09-05T00:48:19Z</time>
      </trkpt>
      <trkpt lat="23.073828" lon="113.272955">
        <time>2026-09-05T00:48:24Z</time>
      </trkpt>
      <trkpt lat="23.073959" lon="113.273007">
        <time>2026-09-05T00:48:27Z</time>
      </trkpt>
    </trkseg>
  </trk>
</gpx>