<?xml version="1.0" encoding="UTF-8"?>
<gpx xmlns="http://www.topografix.com/GPX/1/1" xmlns:gpxtpx="http://www.garmin.com/xmlschemas/TrackPointExtension/v1" xmlns:xsi="http://www.w3.org/2001/XMLSchema-instance" xsi:schemaLocation="http://www.topografix.com/GPX/1/1 http://www.topografix.com/GPX/1/1/gpx.xsd" version="1.1" creator="gpx.py -- https://github.com/tkrajina/gpxpy">
  <trk>
    <name>gpx from joyrun</name>
    <trkseg>
      <trkpt lat="23.076" lon="113.272878">
        <time>2026-09-11T21:31:55Z</time>
      </trkpt>
      <trkpt lat="23.075993" lon="113.272859">
        <time>2026-09-11T21:32:00Z</time>
      </trkpt>
      <trkpt lat="23.075941" lon="113.27276">
        <time>2026-09-11T21:32:05Z</time>
      </trkpt>
      <trkpt lat="23.075864" lon="113.272668">
        <time>2026-09-11T21:32:10Z</time>
      </trkpt>
      <trkpt lat="23.075783" lon="113.272584">
        <time>2026-09-11T21:32:15Z</time>
      </trkpt>
      <trkpt lat="23.075704" lon="113.272507">
        <time>2026-09-11T21:32:20Z</time>
      </trkpt>
      <trkpt lat="23.075604" lon="113.272446">
        <time>2026-09-11T21:32:25Z</time>
      </trkpt>
      <trkpt lat="23.075455" lon="113.272431">
        <time>2026-09-11T21:32:30Z</time>
      </trkpt>
      <trkpt lat="23.075344" lon="113.272394">
        <time>2026-09-11T21:32:35Z</time>
      </trkpt>
      <trkpt lat="23.075253" lon="113.27234">
        <time>2026-09-11T21:32:40Z</time>
      </trkpt>
      <trkpt lat="23.075156" lon="113.272291">
        <time>2026-09-11T21:32:45Z</time>
      </trkpt>
      <trkpt lat="23.075059" lon="113.272229">
        <time>2026-09-11T21:32:50Z</time>
      </trkpt>
      <trkpt lat="23.074961" lon="113.272156">
        <time>2026-09-11T21:32:55Z</time>
      </trkpt>
      <trkpt lat="23.074861" lon="113.272093">
        <time>2026-09-11T21:33:00Z</time>
      </trkpt>
      <trkpt lat="23.074763" lon="113.272027">
        <time>2026-09-11T21:33:05Z</time>
      </trkpt>
      <trkpt lat="23.074657" lon="113.271973">
        <time>2026-09-11T21:33:10Z</time>
      </trkpt>
      <trkpt lat="23.07455" lon="113.271933">
        <time>2026-09-11T21:33:15Z</time>
      </trkpt>
      <trkpt lat="23.074442" lon="113.271974">
        <time>2026-09-11T21:33:20Z</time>
      </trkpt>
      <trkpt lat="23.074363" lon="113.272106">
        <time>2026-09-11T21:33:25Z</time>
      </trkpt>
      <trkpt lat="23.074307" lon="113.272245">
        <time>2026-09-11T21:33:30Z</time>
      </trkpt>
      <trkpt lat="23.074247" lon="113.27238">
        <time>2026-09-11T21:33:35Z</time>
      </trkpt>
      <trkpt lat="23.074186" lon="113.272516">
        <time>2026-09-11T21:33:40Z</time>
      </trkpt>
      <trkpt lat="23.074128" lon="113.272641">
        <time>2026-09-11T21:33:45Z</time>
      </trkpt>
      <trkpt lat="23.074078" lon="113.27278">
        <time>2026-09-11T21:33:50Z</time>
      </trkpt>
      <trkpt lat="23.073998" lon="113.272887">
        <time>2026-09-11T21:33:55Z</time>
      </trkpt>
      <trkpt lat="23.073853" lon="113.272931">
        <time>2026-09-11T21:34:00Z</time>
      </trkpt>
      <trkpt lat="23.073724" lon="113.272926">
        <time>2026-09-11T21:34:05Z</time>
      </trkpt>
      <trkpt lat="23.073667" lon="113.272847">
        <time>2026-09-11T21:34:10Z</time>
      </trkpt>
      <trkpt lat="23.073723" lon="113.272739">
        <time>2026-09-11T21:34:15Z</time>
      </trkpt>
      <trkpt lat="23.073784" lon="113.272635">
        <time>2026-09-11T21:34:20Z</time>
      </trkpt>
      <trkpt lat="23.073836" lon="113.272529">
        <time>2026-09-11T21:34:25Z</time>
      </trkpt>
      <trkpt lat="23.073878" lon="113.272429">
        <time>2026-09-11T21:34:30Z</time>
      </trkpt>
      <trkpt lat="23.073921" lon="113.272324">
        <time>2026-09-11T21:34:35Z</time>
      </trkpt>
      <trkpt lat="23.073973" lon="113.272212">
        <time>2026-09-11T21:34:40Z</time>
      </trkpt>
      <trkpt lat="23.074025" lon="113.272095">
        <time>2026-09-11T21:34:45Z</time>
      </trkpt>
      <trkpt lat="23.074066" lon="113.271977">
        <time>2026-09-11T21:34:50Z</time>
      </trkpt>
      <trkpt lat="23.074101" lon="113.27186">
        <time>2026-09-11T21:34:55Z</time>
      </trkpt>
      <trkpt lat="23.074102" lon="113.271751">
        <time>2026-09-11T21:35:00Z</time>
      </trkpt>
      <trkpt lat="23.074013" lon="113.271684">
        <time>2026-09-11T21:35:05Z</time>
      </trkpt>
      <trkpt lat="23.073908" lon="113.271625">
        <time>2026-09-11T21:35:10Z</time>
      </trkpt>
      <trkpt lat="23.073807" lon="113.271578">
        <time>2026-09-11T21:35:15Z</time>
      </trkpt>
      <trkpt lat="23.073712" lon="113.271532">
        <time>2026-09-11T21:35:20Z</time>
      </trkpt>
      <trkpt lat="23.0736" lon="113.271482">
        <time>2026-09-11T21:35:25Z</time>
      </trkpt>
      <trkpt lat="23.073468" lon="113.271446">
        <time>2026-09-11T21:35:30Z</time>
      </trkpt>
      <trkpt lat="23.073361" lon="113.271384">
        <time>2026-09-11T21:35:35Z</time>
      </trkpt>
      <trkpt lat="23.073267" lon="113.271278">
        <time>2026-09-11T21:35:40Z</time>
      </trkpt>
      <trkpt lat="23.07318" lon="113.271178">
        <time>2026-09-11T21:35:45Z</time>
      </trkpt>
      <trkpt lat="23.073086" lon="113.271114">
        <time>2026-09-11T21:35:50Z</time>
      </trkpt>
      <trkpt lat="23.072993" lon="113.271047">
        <time>2026-09-11T21:35:55Z</time>
      </trkpt>
      <trkpt lat="23.072909" lon="113.270975">
        <time>2026-09-11T21:36:00Z</time>
      </trkpt>
      <trkpt lat="23.072798" lon="113.270908">
        <time>2026-09-11T21:36:05Z</time>
      </trkpt>
      <trkpt lat="23.072667" lon="113.270867">
        <time>2026-09-11T21:36:10Z</time>
      </trkpt>
      <trkpt lat="23.072556" lon="113.270818">
        <time>2026-09-11T21:36:15Z</time>
      </trkpt>
      <trkpt lat="23.072434" lon="113.270778">
        <time>2026-09-11T21:36:20Z</time>
      </trkpt>
      <trkpt lat="23.072308" lon="113.270731">
        <time>2026-09-11T21:36:25Z</time>
      </trkpt>
      <trkpt lat="23.072194" lon="113.270673">
        <time>2026-09-11T21:36:30Z</time>
      </trkpt>
      <trkpt lat="23.072083" lon="113.270621">
        <time>2026-09-11T21:36:35Z</time>
      </trkpt>
      <trkpt lat="23.071977" lon="113.270574">
        <time>2026-09-11T21:36:40Z</time>
      </trkpt>
      <trkpt lat="23.071866" lon="113.270517">
        <time>2026-09-11T21:36:45Z</time>
      </trkpt>
      <trkpt lat="23.071752" lon="113.270464">
        <time>2026-09-11T21:36:50Z</time>
      </trkpt>
      <trkpt lat="23.071641" lon="113.270414">
        <time>2026-09-11T21:36:55Z</time>
      </trkpt>
      <trkpt lat="23.071523" lon="113.270376">
        <time>2026-09-11T21:37:00Z</time>
      </trkpt>
      <trkpt lat="23.071404" lon="113.27033">
        <time>2026-09-11T21:37:05Z</time>
      </trkpt>
      <trkpt lat="23.07128" lon="113.27028">
        <time>2026-09-11T21:37:10Z</time>
      </trkpt>
      <trkpt lat="23.071163" lon="113.270223">
        <time>2026-09-11T21:37:15Z</time>
      </trkpt>
      <trkpt lat="23.071049" lon="113.270168">
        <time>2026-09-11T21:37:20Z</time>
      </trkpt>
      <trkpt lat="23.070942" lon="113.27012">
        <time>2026-09-11T21:37:25Z</time>
      </trkpt>
      <trkpt lat="23.070827" lon="113.270071">
        <time>2026-09-11T21:37:30Z</time>
      </trkpt>
      <trkpt lat="23.070693" lon="113.270017">
        <time>2026-09-11T21:37:35Z</time>
      </trkpt>
      <trkpt lat="23.070553" lon="113.269961">
        <time>2026-09-11T21:37:40Z</time>
      </trkpt>
      <trkpt lat="23.07042" lon="113.269923">
        <time>2026-09-11T21:37:45Z</time>
      </trkpt>
      <trkpt lat="23.070309" lon="113.269851">
        <time>2026-09-11T21:37:50Z</time>
      </trkpt>
      <trkpt lat="23.0702" lon="113.269776">
        <time>2026-09-11T21:37:55Z</time>
      </trkpt>
      <trkpt lat="23.070092" lon="113.269725">
        <time>2026-09-11T21:38:00Z</time>
      </trkpt>
      <trkpt lat="23.069985" lon="113.269671">
        <time>2026-09-11T21:38:05Z</time>
      </trkpt>
      <trkpt lat="23.06988" lon="113.269622">
        <time>2026-09-11T21:38:10Z</time>
      </trkpt>
      <trkpt lat="23.06977" lon="113.269574">
        <time>2026-09-11T21:38:15Z</time>
      </trkpt>
      <trkpt lat="23.069659" lon="113.26951">
        <time>2026-09-11T21:38:20Z</time>
      </trkpt>
      <trkpt lat="23.06955" lon="113.269444">
        <time>2026-09-11T21:38:25Z</time>
      </trkpt>
      <trkpt lat="23.069439" lon="113.269392">
        <time>2026-09-11T21:38:30Z</time>
      </trkpt>
      <trkpt lat="23.069321" lon="113.269342">
        <time>2026-09-11T21:38:35Z</time>
      </trkpt>
      <trkpt lat="23.069209" lon="113.269278">
        <time>2026-09-11T21:38:40Z</time>
      </trkpt>
      <trkpt lat="23.0691" lon="113.269221">
        <time>2026-09-11T21:38:45Z</time>
      </trkpt>
      <trkpt lat="23.068995" lon="113.269185">
        <time>2026-09-11T21:38:50Z</time>
      </trkpt>
      <trkpt lat="23.068881" lon="113.269135">
        <time>2026-09-11T21:38:55Z</time>
      </trkpt>
      <trkpt lat="23.068754" lon="113.269087">
        <time>2026-09-11T21:39:00Z</time>
      </trkpt>
      <trkpt lat="23.068627" lon="113.269049">
        <time>2026-09-11T21:39:05Z</time>
      </trkpt>
      <trkpt lat="23.068507" lon="113.269018">
        <time>2026-09-11T21:39:10Z</time>
      </trkpt>
      <trkpt lat="23.068376" lon="113.268991">
        <time>2026-09-11T21:39:15Z</time>
      </trkpt>
      <trkpt lat="23.068237" lon="113.26896">
        <time>2026-09-11T21:39:20Z</time>
      </trkpt>
      <trkpt lat="23.068118" lon="113.268915">
        <time>2026-09-11T21:39:25Z</time>
      </trkpt>
      <trkpt lat="23.068011" lon="113.268834">
        <time>2026-09-11T21:39:30Z</time>
      </trkpt>
      <trkpt lat="23.067937" lon="113.268695">
        <time>2026-09-11T21:39:35Z</time>
      </trkpt>
      <trkpt lat="23.067881" lon="113.268543">
        <time>2026-09-11T21:39:40Z</time>
      </trkpt>
      <trkpt lat="23.067776" lon="113.268452">
        <time>2026-09-11T21:39:45Z</time>
      </trkpt>
      <trkpt lat="23.067662" lon="113.268388">
        <time>2026-09-11T21:39:50Z</time>
      </trkpt>
      <trkpt lat="23.067545" lon="113.268324">
        <time>2026-09-11T21:39:55Z</time>
      </trkpt>
      <trkpt lat="23.067421" lon="113.268275">
        <time>2026-09-11T21:40:00Z</time>
      </trkpt>
      <trkpt lat="23.067297" lon="113.26824">
        <time>2026-09-11T21:40:05Z</time>
      </trkpt>
      <trkpt lat="23.06718" lon="113.268182">
        <time>2026-09-11T21:40:10Z</time>
      </trkpt>
      <trkpt lat="23.067064" lon="113.268125">
        <time>2026-09-11T21:40:15Z</time>
      </trkpt>
      <trkpt lat="23.066942" lon="113.268079">
        <time>2026-09-11T21:40:20Z</time>
      </trkpt>
      <trkpt lat="23.066811" lon="113.268049">
        <time>2026-09-11T21:40:25Z</time>
      </trkpt>
      <trkpt lat="23.066674" lon="113.26804">
        <time>2026-09-11T21:40:30Z</time>
      </trkpt>
      <trkpt lat="23.066546" lon="113.268007">
        <time>2026-09-11T21:40:35Z</time>
      </trkpt>
      <trkpt lat="23.066413" lon="113.267978">
        <time>2026-09-11T21:40:40Z</time>
      </trkpt>
      <trkpt lat="23.066284" lon="113.267986">
        <time>2026-09-11T21:40:45Z</time>
      </trkpt>
      <trkpt lat="23.066176" lon="113.268054">
        <time>2026-09-11T21:40:50Z</time>
      </trkpt>
      <trkpt lat="23.066078" lon="113.268155">
        <time>2026-09-11T21:40:55Z</time>
      </trkpt>
      <trkpt lat="23.065985" lon="113.268255">
        <time>2026-09-11T21:41:00Z</time>
      </trkpt>
      <trkpt lat="23.065901" lon="113.268366">
        <time>2026-09-11T21:41:05Z</time>
      </trkpt>
      <trkpt lat="23.065825" lon="113.268486">
        <time>2026-09-11T21:41:10Z</time>
      </trkpt>
      <trkpt lat="23.065759" lon="113.268614">
        <time>2026-09-11T21:41:15Z</time>
      </trkpt>
      <trkpt lat="23.065707" lon="113.268744">
        <time>2026-09-11T21:41:20Z</time>
      </trkpt>
      <trkpt lat="23.065657" lon="113.268869">
        <time>2026-09-11T21:41:25Z</time>
      </trkpt>
      <trkpt lat="23.065608" lon="113.268997">
        <time>2026-09-11T21:41:30Z</time>
      </trkpt>
      <trkpt lat="23.065567" lon="113.269128">
        <time>2026-09-11T21:41:35Z</time>
      </trkpt>
      <trkpt lat="23.065536" lon="113.269263">
        <time>2026-09-11T21:41:40Z</time>
      </trkpt>
      <trkpt lat="23.065503" lon="113.269399">
        <time>2026-09-11T21:41:45Z</time>
      </trkpt>
      <trkpt lat="23.065475" lon="113.269542">
        <time>2026-09-11T21:41:50Z</time>
      </trkpt>
      <trkpt lat="23.065443" lon="113.269687">
        <time>2026-09-11T21:41:55Z</time>
      </trkpt>
      <trkpt lat="23.065404" lon="113.269824">
        <time>2026-09-11T21:42:00Z</time>
      </trkpt>
      <trkpt lat="23.065359" lon="113.269954">
        <time>2026-09-11T21:42:05Z</time>
      </trkpt>
      <trkpt lat="23.065301" lon="113.270081">
        <time>2026-09-11T21:42:10Z</time>
      </trkpt>
      <trkpt lat="23.065245" lon="113.270215">
        <time>2026-09-11T21:42:15Z</time>
      </trkpt>
      <trkpt lat="23.065187" lon="113.270356">
        <time>2026-09-11T21:42:20Z</time>
      </trkpt>
      <trkpt lat="23.06513" lon="113.27049">
        <time>2026-09-11T21:42:25Z</time>
      </trkpt>
      <trkpt lat="23.065069" lon="113.270624">
        <time>2026-09-11T21:42:30Z</time>
      </trkpt>
      <trkpt lat="23.065008" lon="113.270756">
        <time>2026-09-11T21:42:35Z</time>
      </trkpt>
      <trkpt lat="23.064948" lon="113.270885">
        <time>2026-09-11T21:42:40Z</time>
      </trkpt>
      <trkpt lat="23.064892" lon="113.27102">
        <time>2026-09-11T21:42:45Z</time>
      </trkpt>
      <trkpt lat="23.064833" lon="113.271149">
        <time>2026-09-11T21:42:50Z</time>
      </trkpt>
      <trkpt lat="23.064774" lon="113.271277">
        <time>2026-09-11T21:42:55Z</time>
      </trkpt>
      <trkpt lat="23.064715" lon="113.271405">
        <time>2026-09-11T21:43:00Z</time>
      </trkpt>
      <trkpt lat="23.06465" lon="113.271532">
        <time>2026-09-11T21:43:05Z</time>
      </trkpt>
      <trkpt lat="23.064589" lon="113.27166">
        <time>2026-09-11T21:43:10Z</time>
      </trkpt>
      <trkpt lat="23.064529" lon="113.271791">
        <time>2026-09-11T21:43:15Z</time>
      </trkpt>
      <trkpt lat="23.064469" lon="113.271919">
        <time>2026-09-11T21:43:20Z</time>
      </trkpt>
      <trkpt lat="23.064412" lon="113.272049">
        <time>2026-09-11T21:43:25Z</time>
      </trkpt>
      <trkpt lat="23.064354" lon="113.27218">
        <time>2026-09-11T21:43:30Z</time>
      </trkpt>
      <trkpt lat="23.06433" lon="113.272322">
        <time>2026-09-11T21:43:35Z</time>
      </trkpt>
      <trkpt lat="23.064321" lon="113.272458">
        <time>2026-09-11T21:43:40Z</time>
      </trkpt>
      <trkpt lat="23.064316" lon="113.272593">
        <time>2026-09-11T21:43:45Z</time>
      </trkpt>
      <trkpt lat="23.06434" lon="113.272732">
        <time>2026-09-11T21:43:50Z</time>
      </trkpt>
      <trkpt lat="23.064385" lon="113.272863">
        <time>2026-09-11T21:43:55Z</time>
      </trkpt>
      <trkpt lat="23.064432" lon="113.272999">
        <time>2026-09-11T21:44:00Z</time>
      </trkpt>
      <trkpt lat="23.06447" lon="113.273134">
        <time>2026-09-11T21:44:05Z</time>
      </trkpt>
      <trkpt lat="23.064448" lon="113.273269">
        <time>2026-09-11T21:44:10Z</time>
      </trkpt>
      <trkpt lat="23.064357" lon="113.273375">
        <time>2026-09-11T21:44:15Z</time>
      </trkpt>
      <trkpt lat="23.064238" lon="113.273456">
        <time>2026-09-11T21:44:20Z</time>
      </trkpt>
      <trkpt lat="23.064122" lon="113.273536">
        <time>2026-09-11T21:44:25Z</time>
      </trkpt>
      <trkpt lat="23.064012" lon="113.273623">
        <time>2026-09-11T21:44:30Z</time>
      </trkpt>
      <trkpt lat="23.063912" lon="113.273722">
        <time>2026-09-11T21:44:35Z</time>
      </trkpt>
      <trkpt lat="23.063831" lon="113.27384">
        <time>2026-09-11T21:44:40Z</time>
      </trkpt>
      <trkpt lat="23.063761" lon="113.273966">
        <time>2026-09-11T21:44:45Z</time>
      </trkpt>
      <trkpt lat="23.063687" lon="113.274089">
        <time>2026-09-11T21:44:50Z</time>
      </trkpt>
      <trkpt lat="23.06358" lon="113.274179">
        <time>2026-09-11T21:44:55Z</time>
      </trkpt>
      <trkpt lat="23.063495" lon="113.274289">
        <time>2026-09-11T21:45:00Z</time>
      </trkpt>
      <trkpt lat="23.063441" lon="113.274438">
        <time>2026-09-11T21:45:05Z</time>
      </trkpt>
      <trkpt lat="23.063395" lon="113.274582">
        <time>2026-09-11T21:45:10Z</time>
      </trkpt>
      <trkpt lat="23.063339" lon="113.274725">
        <time>2026-09-11T21:45:15Z</time>
      </trkpt>
      <trkpt lat="23.063288" lon="113.274875">
        <time>2026-09-11T21:45:20Z</time>
      </trkpt>
      <trkpt lat="23.063239" lon="113.275021">
        <time>2026-09-11T21:45:25Z</time>
      </trkpt>
      <trkpt lat="23.06317" lon="113.275154">
        <time>2026-09-11T21:45:30Z</time>
      </trkpt>
      <trkpt lat="23.063094" lon="113.275282">
        <time>2026-09-11T21:45:35Z</time>
      </trkpt>
      <trkpt lat="23.06302" lon="113.275404">
        <time>2026-09-11T21:45:40Z</time>
      </trkpt>
      <trkpt lat="23.062941" lon="113.275526">
        <time>2026-09-11T21:45:45Z</time>
      </trkpt>
      <trkpt lat="23.062847" lon="113.275638">
        <time>2026-09-11T21:45:50Z</time>
      </trkpt>
      <trkpt lat="23.062744" lon="113.275738">
        <time>2026-09-11T21:45:55Z</time>
      </trkpt>
      <trkpt lat="23.062644" lon="113.275844">
        <time>2026-09-11T21:46:00Z</time>
      </trkpt>
      <trkpt lat="23.06255" lon="113.275956">
        <time>2026-09-11T21:46:05Z</time>
      </trkpt>
      <trkpt lat="23.062474" lon="113.27608">
        <time>2026-09-11T21:46:10Z</time>
      </trkpt>
      <trkpt lat="23.062413" lon="113.276211">
        <time>2026-09-11T21:46:15Z</time>
      </trkpt>
      <trkpt lat="23.062365" lon="113.276341">
        <time>2026-09-11T21:46:20Z</time>
      </trkpt>
      <trkpt lat="23.062319" lon="113.276469">
        <time>2026-09-11T21:46:25Z</time>
      </trkpt>
      <trkpt lat="23.062266" lon="113.276605">
        <time>2026-09-11T21:46:30Z</time>
      </trkpt>
      <trkpt lat="23.062217" lon="113.276741">
        <time>2026-09-11T21:46:35Z</time>
      </trkpt>
      <trkpt lat="23.062169" lon="113.276874">
        <time>2026-09-11T21:46:40Z</time>
      </trkpt>
      <trkpt lat="23.062113" lon="113.277006">
        <time>2026-09-11T21:46:45Z</time>
      </trkpt>
      <trkpt lat="23.062062" lon="113.277141">
        <time>2026-09-11T21:46:50Z</time>
      </trkpt>
      <trkpt lat="23.06201" lon="113.277286">
        <time>2026-09-11T21:46:55Z</time>
      </trkpt>
      <trkpt lat="23.061958" lon="113.277426">
        <time>2026-09-11T21:47:00Z</time>
      </trkpt>
      <trkpt lat="23.061906" lon="113.277561">
        <time>2026-09-11T21:47:05Z</time>
      </trkpt>
      <trkpt lat="23.06186" lon="113.277698">
        <time>2026-09-11T21:47:10Z</time>
      </trkpt>
      <trkpt lat="23.061833" lon="113.277833">
        <time>2026-09-11T21:47:15Z</time>
      </trkpt>
      <trkpt lat="23.061829" lon="113.277973">
        <time>2026-09-11T21:47:20Z</time>
      </trkpt>
      <trkpt lat="23.061835" lon="113.278107">
        <time>2026-09-11T21:47:25Z</time>
      </trkpt>
      <trkpt lat="23.061844" lon="113.278241">
        <time>2026-09-11T21:47:30Z</time>
      </trkpt>
      <trkpt lat="23.061849" lon="113.278377">
        <time>2026-09-11T21:47:35Z</time>
      </trkpt>
      <trkpt lat="23.061854" lon="113.278518">
        <time>2026-09-11T21:47:40Z</time>
      </trkpt>
      <trkpt lat="23.061851" lon="113.278658">
        <time>2026-09-11T21:47:45Z</time>
      </trkpt>
      <trkpt lat="23.061798" lon="113.278745">
        <time>2026-09-11T21:47:50Z</time>
      </trkpt>
      <trkpt lat="23.061706" lon="113.278805">
        <time>2026-09-11T21:47:55Z</time>
      </trkpt>
      <trkpt lat="23.061651" lon="113.278932">
        <time>2026-09-11T21:48:00Z</time>
      </trkpt>
      <trkpt lat="23.061601" lon="113.279058">
        <time>2026-09-11T21:48:05Z</time>
      </trkpt>
      <trkpt lat="23.061554" lon="113.279172">
        <time>2026-09-11T21:48:10Z</time>
      </trkpt>
      <trkpt lat="23.061517" lon="113.279265">
        <time>2026-09-11T21:48:15Z</time>
      </trkpt>
      <trkpt lat="23.061469" lon="113.279398">
        <time>2026-09-11T21:48:20Z</time>
      </trkpt>
      <trkpt lat="23.061412" lon="113.279537">
        <time>2026-09-11T21:48:25Z</time>
      </trkpt>
      <trkpt lat="23.061352" lon="113.279671">
        <time>2026-09-11T21:48:30Z</time>
      </trkpt>
      <trkpt lat="23.061288" lon="113.2798">
        <time>2026-09-11T21:48:35Z</time>
      </trkpt>
      <trkpt lat="23.061233" lon="113.279932">
        <time>2026-09-11T21:48:40Z</time>
      </trkpt>
      <trkpt lat="23.061187" lon="113.280067">
        <time>2026-09-11T21:48:45Z</time>
      </trkpt>
      <trkpt lat="23.061136" lon="113.280197">
        <time>2026-09-11T21:48:50Z</time>
      </trkpt>
      <trkpt lat="23.061084" lon="113.280326">
        <time>2026-09-11T21:48:55Z</time>
      </trkpt>
      <trkpt lat="23.06103" lon="113.280463">
        <time>2026-09-11T21:49:00Z</time>
      </trkpt>
      <trkpt lat="23.060973" lon="113.280592">
        <time>2026-09-11T21:49:05Z</time>
      </trkpt>
      <trkpt lat="23.060912" lon="113.28072">
        <time>2026-09-11T21:49:10Z</time>
      </trkpt>
      <trkpt lat="23.06086" lon="113.280847">
        <time>2026-09-11T21:49:15Z</time>
      </trkpt>
      <trkpt lat="23.060807" lon="113.280975">
        <time>2026-09-11T21:49:20Z</time>
      </trkpt>
      <trkpt lat="23.060754" lon="113.281106">
        <time>2026-09-11T21:49:25Z</time>
      </trkpt>
      <trkpt lat="23.060695" lon="113.281235">
        <time>2026-09-11T21:49:30Z</time>
      </trkpt>
      <trkpt lat="23.060637" lon="113.28136">
        <time>2026-09-11T21:49:35Z</time>
      </trkpt>
      <trkpt lat="23.060583" lon="113.281487">
        <time>2026-09-11T21:49:40Z</time>
      </trkpt>
      <trkpt lat="23.060526" lon="113.281613">
        <time>2026-09-11T21:49:45Z</time>
      </trkpt>
      <trkpt lat="23.060469" lon="113.281736">
        <time>2026-09-11T21:49:50Z</time>
      </trkpt>
      <trkpt lat="23.060404" lon="113.281862">
        <time>2026-09-11T21:49:55Z</time>
      </trkpt>
      <trkpt lat="23.060356" lon="113.281964">
        <time>2026-09-11T21:50:00Z</time>
      </trkpt>
      <trkpt lat="23.060307" lon="113.282096">
        <time>2026-09-11T21:50:05Z</time>
      </trkpt>
      <trkpt lat="23.060258" lon="113.282227">
        <time>2026-09-11T21:50:10Z</time>
      </trkpt>
      <trkpt lat="23.060216" lon="113.282348">
        <time>2026-09-11T21:50:15Z</time>
      </trkpt>
      <trkpt lat="23.060167" lon="113.282475">
        <time>2026-09-11T21:50:20Z</time>
      </trkpt>
      <trkpt lat="23.060108" lon="113.282597">
        <time>2026-09-11T21:50:25Z</time>
      </trkpt>
      <trkpt lat="23.060046" lon="113.28272">
        <time>2026-09-11T21:50:30Z</time>
      </trkpt>
      <trkpt lat="23.059986" lon="113.282847">
        <time>2026-09-11T21:50:35Z</time>
      </trkpt>
      <trkpt lat="23.059932" lon="113.282973">
        <time>2026-09-11T21:50:40Z</time>
      </trkpt>
      <trkpt lat="23.059873" lon="113.283101">
        <time>2026-09-11T21:50:45Z</time>
      </trkpt>
      <trkpt lat="23.059822" lon="113.283232">
        <time>2026-09-11T21:50:50Z</time>
      </trkpt>
      <trkpt lat="23.05977" lon="113.283372">
        <time>2026-09-11T21:50:55Z</time>
      </trkpt>
      <trkpt lat="23.059712" lon="113.283506">
        <time>2026-09-11T21:51:00Z</time>
      </trkpt>
      <trkpt lat="23.059652" lon="113.283634">
        <time>2026-09-11T21:51:05Z</time>
      </trkpt>
      <trkpt lat="23.059601" lon="113.283767">
        <time>2026-09-11T21:51:10Z</time>
      </trkpt>
      <trkpt lat="23.05955" lon="113.2839">
        <time>2026-09-11T21:51:15Z</time>
      </trkpt>
      <trkpt lat="23.059495" lon="113.284029">
        <time>2026-09-11T21:51:20Z</time>
      </trkpt>
      <trkpt lat="23.059445" lon="113.284156">
        <time>2026-09-11T21:51:25Z</time>
      </trkpt>
      <trkpt lat="23.05943" lon="113.284297">
        <time>2026-09-11T21:51:30Z</time>
      </trkpt>
      <trkpt lat="23.059389" lon="113.284423">
        <time>2026-09-11T21:51:35Z</time>
      </trkpt>
      <trkpt lat="23.059337" lon="113.284543">
        <time>2026-09-11T21:51:40Z</time>
      </trkpt>
      <trkpt lat="23.059281" lon="113.284667">
        <time>2026-09-11T21:51:45Z</time>
      </trkpt>
      <trkpt lat="23.059219" lon="113.284796">
        <time>2026-09-11T21:51:50Z</time>
      </trkpt>
      <trkpt lat="23.059167" lon="113.284924">
        <time>2026-09-11T21:51:55Z</time>
      </trkpt>
      <trkpt lat="23.059113" lon="113.285058">
        <time>2026-09-11T21:52:00Z</time>
      </trkpt>
      <trkpt lat="23.059055" lon="113.285186">
        <time>2026-09-11T21:52:05Z</time>
      </trkpt>
      <trkpt lat="23.059" lon="113.285313">
        <time>2026-09-11T21:52:10Z</time>
      </trkpt>
      <trkpt lat="23.058942" lon="113.285432">
        <time>2026-09-11T21:52:15Z</time>
      </trkpt>
      <trkpt lat="23.058894" lon="113.28555">
        <time>2026-09-11T21:52:20Z</time>
      </trkpt>
      <trkpt lat="23.058842" lon="113.285673">
        <time>2026-09-11T21:52:25Z</time>
      </trkpt>
      <trkpt lat="23.058786" lon="113.285803">
        <time>2026-09-11T21:52:30Z</time>
      </trkpt>
      <trkpt lat="23.058733" lon="113.285934">
        <time>2026-09-11T21:52:35Z</time>
      </trkpt>
      <trkpt lat="23.058678" lon="113.28607">
        <time>2026-09-11T21:52:40Z</time>
      </trkpt>
      <trkpt lat="23.058657" lon="113.286211">
        <time>2026-09-11T21:52:45Z</time>
      </trkpt>
      <trkpt lat="23.058738" lon="113.286308">
        <time>2026-09-11T21:52:50Z</time>
      </trkpt>
      <trkpt lat="23.058869" lon="113.286342">
        <time>2026-09-11T21:52:55Z</time>
      </trkpt>
      <trkpt lat="23.058997" lon="113.286371">
        <time>2026-09-11T21:53:00Z</time>
      </trkpt>
      <trkpt lat="23.059131" lon="113.286398">
        <time>2026-09-11T21:53:05Z</time>
      </trkpt>
      <trkpt lat="23.059259" lon="113.286423">
        <time>2026-09-11T21:53:10Z</time>
      </trkpt>
      <trkpt lat="23.059384" lon="113.28644">
        <time>2026-09-11T21:53:15Z</time>
      </trkpt>
      <trkpt lat="23.059511" lon="113.286451">
        <time>2026-09-11T21:53:20Z</time>
      </trkpt>
      <trkpt lat="23.059641" lon="113.286463">
        <time>2026-09-11T21:53:25Z</time>
      </trkpt>
      <trkpt lat="23.059771" lon="113.286473">
        <time>2026-09-11T21:53:30Z</time>
      </trkpt>
      <trkpt lat="23.0599" lon="113.286469">
        <time>2026-09-11T21:53:35Z</time>
      </trkpt>
      <trkpt lat="23.06002" lon="113.286476">
        <time>2026-09-11T21:53:40Z</time>
      </trkpt>
      <trkpt lat="23.060106" lon="113.286534">
        <time>2026-09-11T21:53:45Z</time>
      </trkpt>
      <trkpt lat="23.060124" lon="113.286682">
        <time>2026-09-11T21:53:50Z</time>
      </trkpt>
      <trkpt lat="23.060134" lon="113.286833">
        <time>2026-09-11T21:53:55Z</time>
      </trkpt>
      <trkpt lat="23.060134" lon="113.286974">
        <time>2026-09-11T21:54:00Z</time>
      </trkpt>
      <trkpt lat="23.060122" lon="113.287126">
        <time>2026-09-11T21:54:05Z</time>
      </trkpt>
      <trkpt lat="23.060148" lon="113.287298">
        <time>2026-09-11T21:54:10Z</time>
      </trkpt>
      <trkpt lat="23.060207" lon="113.287436">
        <time>2026-09-11T21:54:15Z</time>
      </trkpt>
      <trkpt lat="23.060239" lon="113.287557">
        <time>2026-09-11T21:54:20Z</time>
      </trkpt>
      <trkpt lat="23.060263" lon="113.287691">
        <time>2026-09-11T21:54:25Z</time>
      </trkpt>
      <trkpt lat="23.060201" lon="113.287835">
        <time>2026-09-11T21:54:30Z</time>
      </trkpt>
      <trkpt lat="23.06015" lon="113.287948">
        <time>2026-09-11T21:54:35Z</time>
      </trkpt>
      <trkpt lat="23.060036" lon="113.287978">
        <time>2026-09-11T21:54:40Z</time>
      </trkpt>
      <trkpt lat="23.059895" lon="113.287987">
        <time>2026-09-11T21:54:45Z</time>
      </trkpt>
      <trkpt lat="23.059764" lon="113.288018">
        <time>2026-09-11T21:54:50Z</time>
      </trkpt>
      <trkpt lat="23.059646" lon="113.28803">
        <time>2026-09-11T21:54:55Z</time>
      </trkpt>
      <trkpt lat="23.059517" lon="113.288056">
        <time>2026-09-11T21:55:00Z</time>
      </trkpt>
      <trkpt lat="23.059376" lon="113.288092">
        <time>2026-09-11T21:55:05Z</time>
      </trkpt>
      <trkpt lat="23.059246" lon="113.288091">
        <time>2026-09-11T21:55:10Z</time>
      </trkpt>
      <trkpt lat="23.05911" lon="113.288082">
        <time>2026-09-11T21:55:15Z</time>
      </trkpt>
      <trkpt lat="23.058971" lon="113.288081">
        <time>2026-09-11T21:55:20Z</time>
      </trkpt>
      <trkpt lat="23.058835" lon="113.288095">
        <time>2026-09-11T21:55:25Z</time>
      </trkpt>
      <trkpt lat="23.058707" lon="113.288117">
        <time>2026-09-11T21:55:30Z</time>
      </trkpt>
      <trkpt lat="23.058586" lon="113.288148">
        <time>2026-09-11T21:55:35Z</time>
      </trkpt>
      <trkpt lat="23.058459" lon="113.288222">
        <time>2026-09-11T21:55:40Z</time>
      </trkpt>
      <trkpt lat="23.058366" lon="113.288321">
        <time>2026-09-11T21:55:45Z</time>
      </trkpt>
      <trkpt lat="23.058356" lon="113.288465">
        <time>2026-09-11T21:55:50Z</time>
      </trkpt>
      <trkpt lat="23.058379" lon="113.288612">
        <time>2026-09-11T21:55:55Z</time>
      </trkpt>
      <trkpt lat="23.058397" lon="113.288746">
        <time>2026-09-11T21:56:00Z</time>
      </trkpt>
      <trkpt lat="23.058412" lon="113.288884">
        <time>2026-09-11T21:56:05Z</time>
      </trkpt>
      <trkpt lat="23.058443" lon="113.289021">
        <time>2026-09-11T21:56:10Z</time>
      </trkpt>
      <trkpt lat="23.058466" lon="113.289156">
        <time>2026-09-11T21:56:15Z</time>
      </trkpt>
      <trkpt lat="23.05847" lon="113.289294">
        <time>2026-09-11T21:56:20Z</time>
      </trkpt>
      <trkpt lat="23.058474" lon="113.289444">
        <time>2026-09-11T21:56:25Z</time>
      </trkpt>
      <trkpt lat="23.058504" lon="113.289587">
        <time>2026-09-11T21:56:30Z</time>
      </trkpt>
      <trkpt lat="23.058543" lon="113.289729">
        <time>2026-09-11T21:56:35Z</time>
      </trkpt>
      <trkpt lat="23.05857" lon="113.289867">
        <time>2026-09-11T21:56:40Z</time>
      </trkpt>
      <trkpt lat="23.058592" lon="113.290006">
        <time>2026-09-11T21:56:45Z</time>
      </trkpt>
      <trkpt lat="23.058609" lon="113.290149">
        <time>2026-09-11T21:56:50Z</time>
      </trkpt>
      <trkpt lat="23.058633" lon="113.290292">
        <time>2026-09-11T21:56:55Z</time>
      </trkpt>
      <trkpt lat="23.058661" lon="113.290424">
        <time>2026-09-11T21:57:00Z</time>
      </trkpt>
      <trkpt lat="23.058697" lon="113.290551">
        <time>2026-09-11T21:57:05Z</time>
      </trkpt>
      <trkpt lat="23.058723" lon="113.290684">
        <time>2026-09-11T21:57:10Z</time>
      </trkpt>
      <trkpt lat="23.058741" lon="113.290815">
        <time>2026-09-11T21:57:15Z</time>
      </trkpt>
      <trkpt lat="23.058768" lon="113.290945">
        <time>2026-09-11T21:57:20Z</time>
      </trkpt>
      <trkpt lat="23.058786" lon="113.291086">
        <time>2026-09-11T21:57:25Z</time>
      </trkpt>
      <trkpt lat="23.058802" lon="113.291229">
        <time>2026-09-11T21:57:30Z</time>
      </trkpt>
      <trkpt lat="23.058825" lon="113.291365">
        <time>2026-09-11T21:57:35Z</time>
      </trkpt>
      <trkpt lat="23.058838" lon="113.291506">
        <time>2026-09-11T21:57:40Z</time>
      </trkpt>
      <trkpt lat="23.058853" lon="113.291642">
        <time>2026-09-11T21:57:45Z</time>
      </trkpt>
      <trkpt lat="23.058875" lon="113.291784">
        <time>2026-09-11T21:57:50Z</time>
      </trkpt>
      <trkpt lat="23.058892" lon="113.291932">
        <time>2026-09-11T21:57:55Z</time>
      </trkpt>
      <trkpt lat="23.058907" lon="113.292075">
        <time>2026-09-11T21:58:00Z</time>
      </trkpt>
      <trkpt lat="23.058927" lon="113.292215">
        <time>2026-09-11T21:58:05Z</time>
      </trkpt>
      <trkpt lat="23.058939" lon="113.292356">
        <time>2026-09-11T21:58:10Z</time>
      </trkpt>
      <trkpt lat="23.058951" lon="113.292491">
        <time>2026-09-11T21:58:15Z</time>
      </trkpt>
      <trkpt lat="23.058966" lon="113.292626">
        <time>2026-09-11T21:58:20Z</time>
      </trkpt>
      <trkpt lat="23.05898" lon="113.292766">
        <time>2026-09-11T21:58:25Z</time>
      </trkpt>
      <trkpt lat="23.058975" lon="113.292919">
        <time>2026-09-11T21:58:30Z</time>
      </trkpt>
      <trkpt lat="23.05897" lon="113.293066">
        <time>2026-09-11T21:58:35Z</time>
      </trkpt>
      <trkpt lat="23.058973" lon="113.293206">
        <time>2026-09-11T21:58:40Z</time>
      </trkpt>
      <trkpt lat="23.058961" lon="113.293344">
        <time>2026-09-11T21:58:45Z</time>
      </trkpt>
      <trkpt lat="23.058948" lon="113.293489">
        <time>2026-09-11T21:58:50Z</time>
      </trkpt>
      <trkpt lat="23.05894" lon="113.293641">
        <time>2026-09-11T21:58:55Z</time>
      </trkpt>
      <trkpt lat="23.058932" lon="113.293778">
        <time>2026-09-11T21:59:00Z</time>
      </trkpt>
      <trkpt lat="23.058922" lon="113.293905">
        <time>2026-09-11T21:59:05Z</time>
      </trkpt>
      <trkpt lat="23.058885" lon="113.294043">
        <time>2026-09-11T21:59:10Z</time>
      </trkpt>
      <trkpt lat="23.05886" lon="113.294186">
        <time>2026-09-11T21:59:15Z</time>
      </trkpt>
      <trkpt lat="23.058828" lon="113.294325">
        <time>2026-09-11T21:59:20Z</time>
      </trkpt>
      <trkpt lat="23.05879" lon="113.294475">
        <time>2026-09-11T21:59:25Z</time>
      </trkpt>
      <trkpt lat="23.05876" lon="113.294623">
        <time>2026-09-11T21:59:30Z</time>
      </trkpt>
      <trkpt lat="23.058727" lon="113.294764">
        <time>2026-09-11T21:59:35Z</time>
      </trkpt>
      <trkpt lat="23.058694" lon="113.294904">
        <time>2026-09-11T21:59:40Z</time>
      </trkpt>
      <trkpt lat="23.058668" lon="113.295037">
        <time>2026-09-11T21:59:45Z</time>
      </trkpt>
      <trkpt lat="23.058641" lon="113.295163">
        <time>2026-09-11T21:59:50Z</time>
      </trkpt>
      <trkpt lat="23.058615" lon="113.295302">
        <time>2026-09-11T21:59:55Z</time>
      </trkpt>
      <trkpt lat="23.058588" lon="113.29544">
        <time>2026-09-11T22:00:00Z</time>
      </trkpt>
      <trkpt lat="23.058559" lon="113.295582">
        <time>2026-09-11T22:00:05Z</time>
      </trkpt>
      <trkpt lat="23.058534" lon="113.295713">
        <time>2026-09-11T22:00:10Z</time>
      </trkpt>
      <trkpt lat="23.058498" lon="113.295845">
        <time>2026-09-11T22:00:15Z</time>
      </trkpt>
      <trkpt lat="23.058458" lon="113.295989">
        <time>2026-09-11T22:00:20Z</time>
      </trkpt>
      <trkpt lat="23.058438" lon="113.296135">
        <time>2026-09-11T22:00:25Z</time>
      </trkpt>
      <trkpt lat="23.058407" lon="113.296259">
        <time>2026-09-11T22:00:30Z</time>
      </trkpt>
      <trkpt lat="23.058381" lon="113.296374">
        <time>2026-09-11T22:00:35Z</time>
      </trkpt>
      <trkpt lat="23.058355" lon="113.296497">
        <time>2026-09-11T22:00:40Z</time>
      </trkpt>
      <trkpt lat="23.058329" lon="113.296633">
        <time>2026-09-11T22:00:45Z</time>
      </trkpt>
      <trkpt lat="23.058287" lon="113.296762">
        <time>2026-09-11T22:00:50Z</time>
      </trkpt>
      <trkpt lat="23.058267" lon="113.296912">
        <time>2026-09-11T22:00:55Z</time>
      </trkpt>
      <trkpt lat="23.058251" lon="113.297064">
        <time>2026-09-11T22:01:00Z</time>
      </trkpt>
      <trkpt lat="23.058239" lon="113.297209">
        <time>2026-09-11T22:01:05Z</time>
      </trkpt>
      <trkpt lat="23.058229" lon="113.297353">
        <time>2026-09-11T22:01:10Z</time>
      </trkpt>
      <trkpt lat="23.058222" lon="113.297493">
        <time>2026-09-11T22:01:15Z</time>
      </trkpt>
      <trkpt lat="23.058216" lon="113.29763">
        <time>2026-09-11T22:01:20Z</time>
      </trkpt>
      <trkpt lat="23.058211" lon="113.29776">
        <time>2026-09-11T22:01:25Z</time>
      </trkpt>
      <trkpt lat="23.058214" lon="113.297894">
        <time>2026-09-11T22:01:30Z</time>
      </trkpt>
      <trkpt lat="23.058223" lon="113.298033">
        <time>2026-09-11T22:01:35Z</time>
      </trkpt>
      <trkpt lat="23.058222" lon="113.298173">
        <time>2026-09-11T22:01:40Z</time>
      </trkpt>
      <trkpt lat="23.058212" lon="113.298306">
        <time>2026-09-11T22:01:45Z</time>
      </trkpt>
      <trkpt lat="23.058195" lon="113.298445">
        <time>2026-09-11T22:01:50Z</time>
      </trkpt>
      <trkpt lat="23.058182" lon="113.298575">
        <time>2026-09-11T22:01:55Z</time>
      </trkpt>
      <trkpt lat="23.058164" lon="113.298701">
        <time>2026-09-11T22:02:00Z</time>
      </trkpt>
      <trkpt lat="23.058152" lon="113.29884">
        <time>2026-09-11T22:02:05Z</time>
      </trkpt>
      <trkpt lat="23.05815" lon="113.298986">
        <time>2026-09-11T22:02:10Z</time>
      </trkpt>
      <trkpt lat="23.058142" lon="113.299123">
        <time>2026-09-11T22:02:15Z</time>
      </trkpt>
      <trkpt lat="23.058122" lon="113.299256">
        <time>2026-09-11T22:02:20Z</time>
      </trkpt>
      <trkpt lat="23.058093" lon="113.299398">
        <time>2026-09-11T22:02:25Z</time>
      </trkpt>
      <trkpt lat="23.058053" lon="113.299535">
        <time>2026-09-11T22:02:30Z</time>
      </trkpt>
      <trkpt lat="23.058029" lon="113.299669">
        <time>2026-09-11T22:02:35Z</time>
      </trkpt>
      <trkpt lat="23.058012" lon="113.299807">
        <time>2026-09-11T22:02:40Z</time>
      </trkpt>
      <trkpt lat="23.057994" lon="113.299949">
        <time>2026-09-11T22:02:45Z</time>
      </trkpt>
      <trkpt lat="23.057982" lon="113.300085">
        <time>2026-09-11T22:02:50Z</time>
      </trkpt>
      <trkpt lat="23.057963" lon="113.300219">
        <time>2026-09-11T22:02:55Z</time>
      </trkpt>
      <trkpt lat="23.057941" lon="113.300355">
        <time>2026-09-11T22:03:00Z</time>
      </trkpt>
      <trkpt lat="23.057917" lon="113.300488">
        <time>2026-09-11T22:03:05Z</time>
      </trkpt>
      <trkpt lat="23.057892" lon="113.300619">
        <time>2026-09-11T22:03:10Z</time>
      </trkpt>
      <trkpt lat="23.057865" lon="113.300752">
        <time>2026-09-11T22:03:15Z</time>
      </trkpt>
      <trkpt lat="23.057843" lon="113.300888">
        <time>2026-09-11T22:03:20Z</time>
      </trkpt>
      <trkpt lat="23.057824" lon="113.301012">
        <time>2026-09-11T22:03:25Z</time>
      </trkpt>
      <trkpt lat="23.057801" lon="113.301143">
        <time>2026-09-11T22:03:30Z</time>
      </trkpt>
      <trkpt lat="23.057784" lon="113.301274">
        <time>2026-09-11T22:03:35Z</time>
      </trkpt>
      <trkpt lat="23.057753" lon="113.301412">
        <time>2026-09-11T22:03:40Z</time>
      </trkpt>
      <trkpt lat="23.0577" lon="113.301568">
        <time>2026-09-11T22:03:45Z</time>
      </trkpt>
      <trkpt lat="23.05768" lon="113.301717">
        <time>2026-09-11T22:03:50Z</time>
      </trkpt>
      <trkpt lat="23.057682" lon="113.301862">
        <time>2026-09-11T22:03:55Z</time>
      </trkpt>
      <trkpt lat="23.057671" lon="113.302006">
        <time>2026-09-11T22:04:00Z</time>
      </trkpt>
      <trkpt lat="23.057655" lon="113.302134">
        <time>2026-09-11T22:04:05Z</time>
      </trkpt>
      <trkpt lat="23.057639" lon="113.302267">
        <time>2026-09-11T22:04:10Z</time>
      </trkpt>
      <trkpt lat="23.057613" lon="113.302411">
        <time>2026-09-11T22:04:15Z</time>
      </trkpt>
      <trkpt lat="23.057567" lon="113.302544">
        <time>2026-09-11T22:04:20Z</time>
      </trkpt>
      <trkpt lat="23.057541" lon="113.302673">
        <time>2026-09-11T22:04:25Z</time>
      </trkpt>
      <trkpt lat="23.057519" lon="113.302803">
        <time>2026-09-11T22:04:30Z</time>
      </trkpt>
      <trkpt lat="23.057493" lon="113.302937">
        <time>2026-09-11T22:04:35Z</time>
      </trkpt>
      <trkpt lat="23.057459" lon="113.303062">
        <time>2026-09-11T22:04:40Z</time>
      </trkpt>
      <trkpt lat="23.057435" lon="113.303215">
        <time>2026-09-11T22:04:45Z</time>
      </trkpt>
      <trkpt lat="23.057433" lon="113.303372">
        <time>2026-09-11T22:04:50Z</time>
      </trkpt>
      <trkpt lat="23.057426" lon="113.303514">
        <time>2026-09-11T22:04:55Z</time>
      </trkpt>
      <trkpt lat="23.05741" lon="113.303643">
        <time>2026-09-11T22:05:00Z</time>
      </trkpt>
      <trkpt lat="23.057393" lon="113.303768">
        <time>2026-09-11T22:05:05Z</time>
      </trkpt>
      <trkpt lat="23.057374" lon="113.30389">
        <time>2026-09-11T22:05:10Z</time>
      </trkpt>
      <trkpt lat="23.057339" lon="113.304021">
        <time>2026-09-11T22:05:15Z</time>
      </trkpt>
      <trkpt lat="23.057322" lon="113.304174">
        <time>2026-09-11T22:05:20Z</time>
      </trkpt>
      <trkpt lat="23.057309" lon="113.304335">
        <time>2026-09-11T22:05:25Z</time>
      </trkpt>
      <trkpt lat="23.057289" lon="113.304482">
        <time>2026-09-11T22:05:30Z</time>
      </trkpt>
      <trkpt lat="23.057273" lon="113.304612">
        <time>2026-09-11T22:05:35Z</time>
      </trkpt>
      <trkpt lat="23.057248" lon="113.304741">
        <time>2026-09-11T22:05:40Z</time>
      </trkpt>
      <trkpt lat="23.057233" lon="113.304889">
        <time>2026-09-11T22:05:45Z</time>
      </trkpt>
      <trkpt lat="23.057206" lon="113.305029">
        <time>2026-09-11T22:05:50Z</time>
      </trkpt>
      <trkpt lat="23.057184" lon="113.305147">
        <time>2026-09-11T22:05:55Z</time>
      </trkpt>
      <trkpt lat="23.057158" lon="113.305266">
        <time>2026-09-11T22:06:00Z</time>
      </trkpt>
      <trkpt lat="23.057135" lon="113.305389">
        <time>2026-09-11T22:06:05Z</time>
      </trkpt>
      <trkpt lat="23.057122" lon="113.305524">
        <time>2026-09-11T22:06:10Z</time>
      </trkpt>
      <trkpt lat="23.057122" lon="113.305673">
        <time>2026-09-11T22:06:15Z</time>
      </trkpt>
      <trkpt lat="23.057129" lon="113.305825">
        <time>2026-09-11T22:06:20Z</time>
      </trkpt>
      <trkpt lat="23.057146" lon="113.305971">
        <time>2026-09-11T22:06:25Z</time>
      </trkpt>
      <trkpt lat="23.057141" lon="113.306104">
        <time>2026-09-11T22:06:30Z</time>
      </trkpt>
      <trkpt lat="23.057127" lon="113.306229">
        <time>2026-09-11T22:06:35Z</time>
      </trkpt>
      <trkpt lat="23.057095" lon="113.306341">
        <time>2026-09-11T22:06:40Z</time>
      </trkpt>
      <trkpt lat="23.057071" lon="113.306461">
        <time>2026-09-11T22:06:45Z</time>
      </trkpt>
      <trkpt lat="23.057044" lon="113.306591">
        <time>2026-09-11T22:06:50Z</time>
      </trkpt>
      <trkpt lat="23.057035" lon="113.306745">
        <time>2026-09-11T22:06:55Z</time>
      </trkpt>
      <trkpt lat="23.057088" lon="113.306918">
        <time>2026-09-11T22:07:00Z</time>
      </trkpt>
      <trkpt lat="23.057114" lon="113.307069">
        <time>2026-09-11T22:07:05Z</time>
      </trkpt>
      <trkpt lat="23.057121" lon="113.307207">
        <time>2026-09-11T22:07:10Z</time>
      </trkpt>
      <trkpt lat="23.057129" lon="113.30734">
        <time>2026-09-11T22:07:15Z</time>
      </trkpt>
      <trkpt lat="23.057144" lon="113.307479">
        <time>2026-09-11T22:07:20Z</time>
      </trkpt>
      <trkpt lat="23.057157" lon="113.307624">
        <time>2026-09-11T22:07:25Z</time>
      </trkpt>
      <trkpt lat="23.057161" lon="113.307752">
        <time>2026-09-11T22:07:30Z</time>
      </trkpt>
      <trkpt lat="23.057159" lon="113.307889">
        <time>2026-09-11T22:07:35Z</time>
      </trkpt>
      <trkpt lat="23.057162" lon="113.308027">
        <time>2026-09-11T22:07:40Z</time>
      </trkpt>
      <trkpt lat="23.057167" lon="113.308163">
        <time>2026-09-11T22:07:45Z</time>
      </trkpt>
      <trkpt lat="23.057186" lon="113.308296">
        <time>2026-09-11T22:07:50Z</time>
      </trkpt>
      <trkpt lat="23.057197" lon="113.308437">
        <time>2026-09-11T22:07:55Z</time>
      </trkpt>
      <trkpt lat="23.057203" lon="113.308577">
        <time>2026-09-11T22:08:00Z</time>
      </trkpt>
      <trkpt lat="23.057206" lon="113.308724">
        <time>2026-09-11T22:08:05Z</time>
      </trkpt>
      <trkpt lat="23.057211" lon="113.308872">
        <time>2026-09-11T22:08:10Z</time>
      </trkpt>
      <trkpt lat="23.057222" lon="113.309017">
        <time>2026-09-11T22:08:15Z</time>
      </trkpt>
      <trkpt lat="23.057244" lon="113.309161">
        <time>2026-09-11T22:08:20Z</time>
      </trkpt>
      <trkpt lat="23.057259" lon="113.3093">
        <time>2026-09-11T22:08:25Z</time>
      </trkpt>
      <trkpt lat="23.05727" lon="113.309436">
        <time>2026-09-11T22:08:30Z</time>
      </trkpt>
      <trkpt lat="23.057307" lon="113.309571">
        <time>2026-09-11T22:08:35Z</time>
      </trkpt>
      <trkpt lat="23.05733" lon="113.309703">
        <time>2026-09-11T22:08:40Z</time>
      </trkpt>
      <trkpt lat="23.057341" lon="113.309837">
        <time>2026-09-11T22:08:45Z</time>
      </trkpt>
      <trkpt lat="23.057351" lon="113.309967">
        <time>2026-09-11T22:08:50Z</time>
      </trkpt>
      <trkpt lat="23.057375" lon="113.310108">
        <time>2026-09-11T22:08:55Z</time>
      </trkpt>
      <trkpt lat="23.057395" lon="113.310247">
        <time>2026-09-11T22:09:00Z</time>
      </trkpt>
      <trkpt lat="23.057394" lon="113.310372">
        <time>2026-09-11T22:09:05Z</time>
      </trkpt>
      <trkpt lat="23.057396" lon="113.310515">
        <time>2026-09-11T22:09:10Z</time>
      </trkpt>
      <trkpt lat="23.057398" lon="113.310664">
        <time>2026-09-11T22:09:15Z</time>
      </trkpt>
      <trkpt lat="23.057393" lon="113.310817">
        <time>2026-09-11T22:09:20Z</time>
      </trkpt>
      <trkpt lat="23.057376" lon="113.310966">
        <time>2026-09-11T22:09:25Z</time>
      </trkpt>
      <trkpt lat="23.057367" lon="113.31111">
        <time>2026-09-11T22:09:30Z</time>
      </trkpt>
      <trkpt lat="23.057361" lon="113.311257">
        <time>2026-09-11T22:09:35Z</time>
      </trkpt>
      <trkpt lat="23.057358" lon="113.311409">
        <time>2026-09-11T22:09:40Z</time>
      </trkpt>
      <trkpt lat="23.057355" lon="113.311562">
        <time>2026-09-11T22:09:45Z</time>
      </trkpt>
      <trkpt lat="23.057349" lon="113.311713">
        <time>2026-09-11T22:09:50Z</time>
      </trkpt>
      <trkpt lat="23.057359" lon="113.311858">
        <time>2026-09-11T22:09:55Z</time>
      </trkpt>
      <trkpt lat="23.057361" lon="113.311992">
        <time>2026-09-11T22:10:00Z</time>
      </trkpt>
      <trkpt lat="23.057364" lon="113.312118">
        <time>2026-09-11T22:10:05Z</time>
      </trkpt>
      <trkpt lat="23.057366" lon="113.312248">
        <time>2026-09-11T22:10:10Z</time>
      </trkpt>
      <trkpt lat="23.057369" lon="113.312384">
        <time>2026-09-11T22:10:15Z</time>
      </trkpt>
      <trkpt lat="23.057376" lon="113.312518">
        <time>2026-09-11T22:10:20Z</time>
      </trkpt>
      <trkpt lat="23.057376" lon="113.312658">
        <time>2026-09-11T22:10:25Z</time>
      </trkpt>
      <trkpt lat="23.057376" lon="113.312802">
        <time>2026-09-11T22:10:30Z</time>
      </trkpt>
      <trkpt lat="23.057378" lon="113.312941">
        <time>2026-09-11T22:10:35Z</time>
      </trkpt>
      <trkpt lat="23.057379" lon="113.313078">
        <time>2026-09-11T22:10:40Z</time>
      </trkpt>
      <trkpt lat="23.057373" lon="113.313217">
        <time>2026-09-11T22:10:45Z</time>
      </trkpt>
      <trkpt lat="23.05737" lon="113.313356">
        <time>2026-09-11T22:10:50Z</time>
      </trkpt>
      <trkpt lat="23.057375" lon="113.3135">
        <time>2026-09-11T22:10:55Z</time>
      </trkpt>
      <trkpt lat="23.057381" lon="113.313639">
        <time>2026-09-11T22:11:00Z</time>
      </trkpt>
      <trkpt lat="23.05739" lon="113.313773">
        <time>2026-09-11T22:11:05Z</time>
      </trkpt>
      <trkpt lat="23.057397" lon="113.313911">
        <time>2026-09-11T22:11:10Z</time>
      </trkpt>
      <trkpt lat="23.057405" lon="113.314049">
        <time>2026-09-11T22:11:15Z</time>
      </trkpt>
      <trkpt lat="23.057412" lon="113.314173">
        <time>2026-09-11T22:11:20Z</time>
      </trkpt>
      <trkpt lat="23.057409" lon="113.314299">
        <time>2026-09-11T22:11:25Z</time>
      </trkpt>
      <trkpt lat="23.057413" lon="113.314418">
        <time>2026-09-11T22:11:30Z</time>
      </trkpt>
      <trkpt lat="23.057412" lon="113.314554">
        <time>2026-09-11T22:11:35Z</time>
      </trkpt>
      <trkpt lat="23.057407" lon="113.314698">
        <time>2026-09-11T22:11:40Z</time>
      </trkpt>
      <trkpt lat="23.057407" lon="113.314853">
        <time>2026-09-11T22:11:45Z</time>
      </trkpt>
      <trkpt lat="23.057402" lon="113.315022">
        <time>2026-09-11T22:11:50Z</time>
      </trkpt>
      <trkpt lat="23.057407" lon="113.315178">
        <time>2026-09-11T22:11:55Z</time>
      </trkpt>
      <trkpt lat="23.057409" lon="113.315327">
        <time>2026-09-11T22:12:00Z</time>
      </trkpt>
      <trkpt lat="23.057408" lon="113.31547">
        <time>2026-09-11T22:12:05Z</time>
      </trkpt>
      <trkpt lat="23.057408" lon="113.315621">
        <time>2026-09-11T22:12:10Z</time>
      </trkpt>
      <trkpt lat="23.057414" lon="113.315768">
        <time>2026-09-11T22:12:15Z</time>
      </trkpt>
      <trkpt lat="23.05742" lon="113.315908">
        <time>2026-09-11T22:12:20Z</time>
      </trkpt>
      <trkpt lat="23.057426" lon="113.316033">
        <time>2026-09-11T22:12:25Z</time>
      </trkpt>
      <trkpt lat="23.057427" lon="113.316163">
        <time>2026-09-11T22:12:30Z</time>
      </trkpt>
      <trkpt lat="23.057424" lon="113.316303">
        <time>2026-09-11T22:12:35Z</time>
      </trkpt>
      <trkpt lat="23.05742" lon="113.316444">
        <time>2026-09-11T22:12:40Z</time>
      </trkpt>
      <trkpt lat="23.057418" lon="113.316587">
        <time>2026-09-11T22:12:45Z</time>
      </trkpt>
      <trkpt lat="23.057428" lon="113.316735">
        <time>2026-09-11T22:12:50Z</time>
      </trkpt>
      <trkpt lat="23.057444" lon="113.316874">
        <time>2026-09-11T22:12:55Z</time>
      </trkpt>
      <trkpt lat="23.057464" lon="113.317011">
        <time>2026-09-11T22:13:00Z</time>
      </trkpt>
      <trkpt lat="23.057474" lon="113.317147">
        <time>2026-09-11T22:13:05Z</time>
      </trkpt>
      <trkpt lat="23.05747" lon="113.317286">
        <time>2026-09-11T22:13:10Z</time>
      </trkpt>
      <trkpt lat="23.057476" lon="113.317439">
        <time>2026-09-11T22:13:15Z</time>
      </trkpt>
      <trkpt lat="23.057528" lon="113.317582">
        <time>2026-09-11T22:13:20Z</time>
      </trkpt>
      <trkpt lat="23.057576" lon="113.31772">
        <time>2026-09-11T22:13:25Z</time>
      </trkpt>
      <trkpt lat="23.057605" lon="113.317857">
        <time>2026-09-11T22:13:30Z</time>
      </trkpt>
      <trkpt lat="23.057651" lon="113.317995">
        <time>2026-09-11T22:13:35Z</time>
      </trkpt>
      <trkpt lat="23.057694" lon="113.318142">
        <time>2026-09-11T22:13:40Z</time>
      </trkpt>
      <trkpt lat="23.057708" lon="113.318294">
        <time>2026-09-11T22:13:45Z</time>
      </trkpt>
      <trkpt lat="23.057717" lon="113.318446">
        <time>2026-09-11T22:13:50Z</time>
      </trkpt>
      <trkpt lat="23.057729" lon="113.318594">
        <time>2026-09-11T22:13:55Z</time>
      </trkpt>
      <trkpt lat="23.057752" lon="113.318738">
        <time>2026-09-11T22:14:00Z</time>
      </trkpt>
      <trkpt lat="23.057779" lon="113.318875">
        <time>2026-09-11T22:14:05Z</time>
      </trkpt>
      <trkpt lat="23.057798" lon="113.319005">
        <time>2026-09-11T22:14:10Z</time>
      </trkpt>
      <trkpt lat="23.057819" lon="113.319134">
        <time>2026-09-11T22:14:15Z</time>
      </trkpt>
      <trkpt lat="23.057827" lon="113.319251">
        <time>2026-09-11T22:14:20Z</time>
      </trkpt>
      <trkpt lat="23.057812" lon="113.319369">
        <time>2026-09-11T22:14:25Z</time>
      </trkpt>
      <trkpt lat="23.057797" lon="113.319492">
        <time>2026-09-11T22:14:30Z</time>
      </trkpt>
      <trkpt lat="23.057807" lon="113.319636">
        <time>2026-09-11T22:14:35Z</time>
      </trkpt>
      <trkpt lat="23.057797" lon="113.319804">
        <time>2026-09-11T22:14:40Z</time>
      </trkpt>
      <trkpt lat="23.057777" lon="113.319968">
        <time>2026-09-11T22:14:45Z</time>
      </trkpt>
      <trkpt lat="23.05776" lon="113.320112">
        <time>2026-09-11T22:14:50Z</time>
      </trkpt>
      <trkpt lat="23.057757" lon="113.320255">
        <time>2026-09-11T22:14:55Z</time>
      </trkpt>
      <trkpt lat="23.057766" lon="113.320396">
        <time>2026-09-11T22:15:00Z</time>
      </trkpt>
      <trkpt lat="23.057768" lon="113.320526">
        <time>2026-09-11T22:15:05Z</time>
      </trkpt>
      <trkpt lat="23.057759" lon="113.320666">
        <time>2026-09-11T22:15:10Z</time>
      </trkpt>
      <trkpt lat="23.057746" lon="113.320804">
        <time>2026-09-11T22:15:15Z</time>
      </trkpt>
      <trkpt lat="23.057746" lon="113.320949">
        <time>2026-09-11T22:15:20Z</time>
      </trkpt>
      <trkpt lat="23.057739" lon="113.321089">
        <time>2026-09-11T22:15:25Z</time>
      </trkpt>
      <trkpt lat="23.057737" lon="113.321222">
        <time>2026-09-11T22:15:30Z</time>
      </trkpt>
      <trkpt lat="23.057739" lon="113.321351">
        <time>2026-09-11T22:15:35Z</time>
      </trkpt>
      <trkpt lat="23.057737" lon="113.32148">
        <time>2026-09-11T22:15:40Z</time>
      </trkpt>
      <trkpt lat="23.057744" lon="113.321621">
        <time>2026-09-11T22:15:45Z</time>
      </trkpt>
      <trkpt lat="23.057761" lon="113.321782">
        <time>2026-09-11T22:15:50Z</time>
      </trkpt>
      <trkpt lat="23.057756" lon="113.32194">
        <time>2026-09-11T22:15:55Z</time>
      </trkpt>
      <trkpt lat="23.057755" lon="113.322097">
        <time>2026-09-11T22:16:00Z</time>
      </trkpt>
      <trkpt lat="23.057744" lon="113.322258">
        <time>2026-09-11T22:16:05Z</time>
      </trkpt>
      <trkpt lat="23.057741" lon="113.322405">
        <time>2026-09-11T22:16:10Z</time>
      </trkpt>
      <trkpt lat="23.057738" lon="113.322541">
        <time>2026-09-11T22:16:15Z</time>
      </trkpt>
      <trkpt lat="23.057729" lon="113.322667">
        <time>2026-09-11T22:16:20Z</time>
      </trkpt>
      <trkpt lat="23.057724" lon="113.322783">
        <time>2026-09-11T22:16:25Z</time>
      </trkpt>
      <trkpt lat="23.057725" lon="113.322908">
        <time>2026-09-11T22:16:30Z</time>
      </trkpt>
      <trkpt lat="23.057736" lon="113.323055">
        <time>2026-09-11T22:16:35Z</time>
      </trkpt>
      <trkpt lat="23.057744" lon="113.323213">
        <time>2026-09-11T22:16:40Z</time>
      </trkpt>
      <trkpt lat="23.057751" lon="113.323384">
        <time>2026-09-11T22:16:45Z</time>
      </trkpt>
      <trkpt lat="23.057756" lon="113.323546">
        <time>2026-09-11T22:16:50Z</time>
      </trkpt>
      <trkpt lat="23.057751" lon="113.323707">
        <time>2026-09-11T22:16:55Z</time>
      </trkpt>
      <trkpt lat="23.057742" lon="113.323858">
        <time>2026-09-11T22:17:00Z</time>
      </trkpt>
      <trkpt lat="23.057737" lon="113.324008">
        <time>2026-09-11T22:17:05Z</time>
      </trkpt>
      <trkpt lat="23.057746" lon="113.324151">
        <time>2026-09-11T22:17:10Z</time>
      </trkpt>
      <trkpt lat="23.057757" lon="113.324292">
        <time>2026-09-11T22:17:15Z</time>
      </trkpt>
      <trkpt lat="23.057748" lon="113.324448">
        <time>2026-09-11T22:17:20Z</time>
      </trkpt>
      <trkpt lat="23.057747" lon="113.324604">
        <time>2026-09-11T22:17:25Z</time>
      </trkpt>
      <trkpt lat="23.057743" lon="113.324745">
        <time>2026-09-11T22:17:30Z</time>
      </trkpt>
      <trkpt lat="23.057727" lon="113.324893">
        <time>2026-09-11T22:17:35Z</time>
      </trkpt>
      <trkpt lat="23.057728" lon="113.325045">
        <time>2026-09-11T22:17:40Z</time>
      </trkpt>
      <trkpt lat="23.057738" lon="113.325199">
        <time>2026-09-11T22:17:45Z</time>
      </trkpt>
      <trkpt lat="23.057737" lon="113.325345">
        <time>2026-09-11T22:17:50Z</time>
      </trkpt>
      <trkpt lat="23.057731" lon="113.325488">
        <time>2026-09-11T22:17:55Z</time>
      </trkpt>
      <trkpt lat="23.057708" lon="113.325626">
        <time>2026-09-11T22:18:00Z</time>
      </trkpt>
      <trkpt lat="23.057709" lon="113.325775">
        <time>2026-09-11T22:18:05Z</time>
      </trkpt>
      <trkpt lat="23.057717" lon="113.325931">
        <time>2026-09-11T22:18:10Z</time>
      </trkpt>
      <trkpt lat="23.057711" lon="113.326073">
        <time>2026-09-11T22:18:15Z</time>
      </trkpt>
      <trkpt lat="23.057709" lon="113.326204">
        <time>2026-09-11T22:18:20Z</time>
      </trkpt>
      <trkpt lat="23.057743" lon="113.326331">
        <time>2026-09-11T22:18:25Z</time>
      </trkpt>
      <trkpt lat="23.057763" lon="113.326459">
        <time>2026-09-11T22:18:30Z</time>
      </trkpt>
      <trkpt lat="23.057747" lon="113.326598">
        <time>2026-09-11T22:18:35Z</time>
      </trkpt>
      <trkpt lat="23.057713" lon="113.326721">
        <time>2026-09-11T22:18:40Z</time>
      </trkpt>
      <trkpt lat="23.057676" lon="113.326855">
        <time>2026-09-11T22:18:45Z</time>
      </trkpt>
      <trkpt lat="23.057627" lon="113.327018">
        <time>2026-09-11T22:18:50Z</time>
      </trkpt>
      <trkpt lat="23.057583" lon="113.327173">
        <time>2026-09-11T22:18:55Z</time>
      </trkpt>
      <trkpt lat="23.057529" lon="113.327309">
        <time>2026-09-11T22:19:00Z</time>
      </trkpt>
      <trkpt lat="23.057484" lon="113.327439">
        <time>2026-09-11T22:19:05Z</time>
      </trkpt>
      <trkpt lat="23.057449" lon="113.327578">
        <time>2026-09-11T22:19:10Z</time>
      </trkpt>
      <trkpt lat="23.057413" lon="113.327714">
        <time>2026-09-11T22:19:15Z</time>
      </trkpt>
      <trkpt lat="23.057383" lon="113.327853">
        <time>2026-09-11T22:19:20Z</time>
      </trkpt>
      <trkpt lat="23.057336" lon="113.32798">
        <time>2026-09-11T22:19:25Z</time>
      </trkpt>
      <trkpt lat="23.057286" lon="113.328099">
        <time>2026-09-11T22:19:30Z</time>
      </trkpt>
      <trkpt lat="23.057237" lon="113.328225">
        <time>2026-09-11T22:19:35Z</time>
      </trkpt>
      <trkpt lat="23.057175" lon="113.328337">
        <time>2026-09-11T22:19:40Z</time>
      </trkpt>
      <trkpt lat="23.057117" lon="113.328451">
        <time>2026-09-11T22:19:45Z</time>
      </trkpt>
      <trkpt lat="23.057059" lon="113.328566">
        <time>2026-09-11T22:19:50Z</time>
      </trkpt>
      <trkpt lat="23.057024" lon="113.328697">
        <time>2026-09-11T22:19:55Z</time>
      </trkpt>
      <trkpt lat="23.057019" lon="113.328824">
        <time>2026-09-11T22:20:00Z</time>
      </trkpt>
      <trkpt lat="23.056985" lon="113.328954">
        <time>2026-09-11T22:20:05Z</time>
      </trkpt>
      <trkpt lat="23.056941" lon="113.32909">
        <time>2026-09-11T22:20:10Z</time>
      </trkpt>
      <trkpt lat="23.056892" lon="113.329228">
        <time>2026-09-11T22:20:15Z</time>
      </trkpt>
      <trkpt lat="23.056834" lon="113.32937">
        <time>2026-09-11T22:20:20Z</time>
      </trkpt>
      <trkpt lat="23.056789" lon="113.329517">
        <time>2026-09-11T22:20:25Z</time>
      </trkpt>
      <trkpt lat="23.056746" lon="113.329657">
        <time>2026-09-11T22:20:30Z</time>
      </trkpt>
      <trkpt lat="23.05671" lon="113.329788">
        <time>2026-09-11T22:20:35Z</time>
      </trkpt>
      <trkpt lat="23.05669" lon="113.329926">
        <time>2026-09-11T22:20:40Z</time>
      </trkpt>
      <trkpt lat="23.056641" lon="113.330077">
        <time>2026-09-11T22:20:45Z</time>
      </trkpt>
      <trkpt lat="23.056581" lon="113.330235">
        <time>2026-09-11T22:20:50Z</time>
      </trkpt>
      <trkpt lat="23.056533" lon="113.330369">
        <time>2026-09-11T22:20:55Z</time>
      </trkpt>
      <trkpt lat="23.056484" lon="113.330483">
        <time>2026-09-11T22:21:00Z</time>
      </trkpt>
      <trkpt lat="23.056435" lon="113.330606">
        <time>2026-09-11T22:21:05Z</time>
      </trkpt>
      <trkpt lat="23.056374" lon="113.330738">
        <time>2026-09-11T22:21:10Z</time>
      </trkpt>
      <trkpt lat="23.056281" lon="113.330852">
        <time>2026-09-11T22:21:15Z</time>
      </trkpt>
      <trkpt lat="23.056186" lon="113.330961">
        <time>2026-09-11T22:21:20Z</time>
      </trkpt>
      <trkpt lat="23.05611" lon="113.331082">
        <time>2026-09-11T22:21:25Z</time>
      </trkpt>
      <trkpt lat="23.056036" lon="113.331204">
        <time>2026-09-11T22:21:30Z</time>
      </trkpt>
      <trkpt lat="23.055934" lon="113.331339">
        <time>2026-09-11T22:21:35Z</time>
      </trkpt>
      <trkpt lat="23.055846" lon="113.331448">
        <time>2026-09-11T22:21:40Z</time>
      </trkpt>
      <trkpt lat="23.055775" lon="113.331555">
        <time>2026-09-11T22:21:45Z</time>
      </trkpt>
      <trkpt lat="23.055682" lon="113.331668">
        <time>2026-09-11T22:21:50Z</time>
      </trkpt>
      <trkpt lat="23.05559" lon="113.331778">
        <time>2026-09-11T22:21:55Z</time>
      </trkpt>
      <trkpt lat="23.055511" lon="113.331881">
        <time>2026-09-11T22:22:00Z</time>
      </trkpt>
      <trkpt lat="23.05543" lon="113.331999">
        <time>2026-09-11T22:22:05Z</time>
      </trkpt>
      <trkpt lat="23.055347" lon="113.332115">
        <time>2026-09-11T22:22:10Z</time>
      </trkpt>
      <trkpt lat="23.055258" lon="113.332236">
        <time>2026-09-11T22:22:15Z</time>
      </trkpt>
      <trkpt lat="23.055184" lon="113.332356">
        <time>2026-09-11T22:22:20Z</time>
      </trkpt>
      <trkpt lat="23.055103" lon="113.332453">
        <time>2026-09-11T22:22:25Z</time>
      </trkpt>
      <trkpt lat="23.055031" lon="113.332553">
        <time>2026-09-11T22:22:30Z</time>
      </trkpt>
      <trkpt lat="23.055007" lon="113.332627">
        <time>2026-09-11T22:22:35Z</time>
      </trkpt>
      <trkpt lat="23.0551" lon="113.332542">
        <time>2026-09-11T22:22:40Z</time>
      </trkpt>
      <trkpt lat="23.055181" lon="113.332399">
        <time>2026-09-11T22:22:45Z</time>
      </trkpt>
      <trkpt lat="23.055253" lon="113.332269">
        <time>2026-09-11T22:22:50Z</time>
      </trkpt>
      <trkpt lat="23.055335" lon="113.332154">
        <time>2026-09-11T22:22:55Z</time>
      </trkpt>
      <trkpt lat="23.055415" lon="113.332047">
        <time>2026-09-11T22:23:00Z</time>
      </trkpt>
      <trkpt lat="23.055497" lon="113.331949">
        <time>2026-09-11T22:23:05Z</time>
      </trkpt>
      <trkpt lat="23.055583" lon="113.33184">
        <time>2026-09-11T22:23:10Z</time>
      </trkpt>
      <trkpt lat="23.055662" lon="113.331726">
        <time>2026-09-11T22:23:15Z</time>
      </trkpt>
      <trkpt lat="23.055735" lon="113.331615">
        <time>2026-09-11T22:23:20Z</time>
      </trkpt>
      <trkpt lat="23.055807" lon="113.331518">
        <time>2026-09-11T22:23:25Z</time>
      </trkpt>
      <trkpt lat="23.055874" lon="113.331404">
        <time>2026-09-11T22:23:30Z</time>
      </trkpt>
      <trkpt lat="23.055957" lon="113.331277">
        <time>2026-09-11T22:23:35Z</time>
      </trkpt>
      <trkpt lat="23.056044" lon="113.331163">
        <time>2026-09-11T22:23:40Z</time>
      </trkpt>
      <trkpt lat="23.056127" lon="113.331053">
        <time>2026-09-11T22:23:45Z</time>
      </trkpt>
      <trkpt lat="23.056217" lon="113.330945">
        <time>2026-09-11T22:23:50Z</time>
      </trkpt>
      <trkpt lat="23.056331" lon="113.330844">
        <time>2026-09-11T22:23:55Z</time>
      </trkpt>
      <trkpt lat="23.056407" lon="113.330738">
        <time>2026-09-11T22:24:00Z</time>
      </trkpt>
      <trkpt lat="23.056467" lon="113.330632">
        <time>2026-09-11T22:24:05Z</time>
      </trkpt>
      <trkpt lat="23.05652" lon="113.330529">
        <time>2026-09-11T22:24:10Z</time>
      </trkpt>
      <trkpt lat="23.05658" lon="113.330408">
        <time>2026-09-11T22:24:15Z</time>
      </trkpt>
      <trkpt lat="23.056628" lon="113.330253">
        <time>2026-09-11T22:24:20Z</time>
      </trkpt>
      <trkpt lat="23.056669" lon="113.330109">
        <time>2026-09-11T22:24:25Z</time>
      </trkpt>
      <trkpt lat="23.056704" lon="113.329981">
        <time>2026-09-11T22:24:30Z</time>
      </trkpt>
      <trkpt lat="23.056749" lon="113.329844">
        <time>2026-09-11T22:24:35Z</time>
      </trkpt>
      <trkpt lat="23.056786" lon="113.329697">
        <time>2026-09-11T22:24:40Z</time>
      </trkpt>
      <trkpt lat="23.056832" lon="113.329559">
        <time>2026-09-11T22:24:45Z</time>
      </trkpt>
      <trkpt lat="23.05689" lon="113.329435">
        <time>2026-09-11T22:24:50Z</time>
      </trkpt>
      <trkpt lat="23.056931" lon="113.329303">
        <time>2026-09-11T22:24:55Z</time>
      </trkpt>
      <trkpt lat="23.056957" lon="113.329164">
        <time>2026-09-11T22:25:00Z</time>
      </trkpt>
      <trkpt lat="23.056986" lon="113.329029">
        <time>2026-09-11T22:25:05Z</time>
      </trkpt>
      <trkpt lat="23.057031" lon="113.328891">
        <time>2026-09-11T22:25:10Z</time>
      </trkpt>
      <trkpt lat="23.057077" lon="113.328768">
        <time>2026-09-11T22:25:15Z</time>
      </trkpt>
      <trkpt lat="23.057114" lon="113.328638">
        <time>2026-09-11T22:25:20Z</time>
      </trkpt>
      <trkpt lat="23.057143" lon="113.328512">
        <time>2026-09-11T22:25:25Z</time>
      </trkpt>
      <trkpt lat="23.057168" lon="113.328383">
        <time>2026-09-11T22:25:30Z</time>
      </trkpt>
      <trkpt lat="23.057199" lon="113.328246">
        <time>2026-09-11T22:25:35Z</time>
      </trkpt>
      <trkpt lat="23.057245" lon="113.328113">
        <time>2026-09-11T22:25:40Z</time>
      </trkpt>
      <trkpt lat="23.057295" lon="113.327986">
        <time>2026-09-11T22:25:45Z</time>
      </trkpt>
      <trkpt lat="23.057354" lon="113.327843">
        <time>2026-09-11T22:25:50Z</time>
      </trkpt>
      <trkpt lat="23.057413" lon="113.327706">
        <time>2026-09-11T22:25:55Z</time>
      </trkpt>
      <trkpt lat="23.057457" lon="113.327574">
        <time>2026-09-11T22:26:00Z</time>
      </trkpt>
      <trkpt lat="23.057488" lon="113.327436">
        <time>2026-09-11T22:26:05Z</time>
      </trkpt>
      <trkpt lat="23.057538" lon="113.327303">
        <time>2026-09-11T22:26:10Z</time>
      </trkpt>
      <trkpt lat="23.057597" lon="113.327163">
        <time>2026-09-11T22:26:15Z</time>
      </trkpt>
      <trkpt lat="23.057645" lon="113.327021">
        <time>2026-09-11T22:26:20Z</time>
      </trkpt>
      <trkpt lat="23.057687" lon="113.326887">
        <time>2026-09-11T22:26:25Z</time>
      </trkpt>
      <trkpt lat="23.057721" lon="113.32676">
        <time>2026-09-11T22:26:30Z</time>
      </trkpt>
      <trkpt lat="23.057766" lon="113.32663">
        <time>2026-09-11T22:26:35Z</time>
      </trkpt>
      <trkpt lat="23.05779" lon="113.32649">
        <time>2026-09-11T22:26:40Z</time>
      </trkpt>
      <trkpt lat="23.057761" lon="113.326335">
        <time>2026-09-11T22:26:45Z</time>
      </trkpt>
      <trkpt lat="23.057733" lon="113.326195">
        <time>2026-09-11T22:26:50Z</time>
      </trkpt>
      <trkpt lat="23.057735" lon="113.326061">
        <time>2026-09-11T22:26:55Z</time>
      </trkpt>
      <trkpt lat="23.057735" lon="113.325915">
        <time>2026-09-11T22:27:00Z</time>
      </trkpt>
      <trkpt lat="23.057728" lon="113.325765">
        <time>2026-09-11T22:27:05Z</time>
      </trkpt>
      <trkpt lat="23.057733" lon="113.325626">
        <time>2026-09-11T22:27:10Z</time>
      </trkpt>
      <trkpt lat="23.057747" lon="113.325488">
        <time>2026-09-11T22:27:15Z</time>
      </trkpt>
      <trkpt lat="23.057766" lon="113.325337">
        <time>2026-09-11T22:27:20Z</time>
      </trkpt>
      <trkpt lat="23.057771" lon="113.325187">
        <time>2026-09-11T22:27:25Z</time>
      </trkpt>
      <trkpt lat="23.057776" lon="113.325039">
        <time>2026-09-11T22:27:30Z</time>
      </trkpt>
      <trkpt lat="23.05779" lon="113.324902">
        <time>2026-09-11T22:27:35Z</time>
      </trkpt>
      <trkpt lat="23.057813" lon="113.324773">
        <time>2026-09-11T22:27:40Z</time>
      </trkpt>
      <trkpt lat="23.057816" lon="113.324637">
        <time>2026-09-11T22:27:45Z</time>
      </trkpt>
      <trkpt lat="23.05781" lon="113.3245">
        <time>2026-09-11T22:27:50Z</time>
      </trkpt>
      <trkpt lat="23.057788" lon="113.324354">
        <time>2026-09-11T22:27:55Z</time>
      </trkpt>
      <trkpt lat="23.057781" lon="113.324221">
        <time>2026-09-11T22:28:00Z</time>
      </trkpt>
      <trkpt lat="23.057776" lon="113.324094">
        <time>2026-09-11T22:28:05Z</time>
      </trkpt>
      <trkpt lat="23.057774" lon="113.323951">
        <time>2026-09-11T22:28:10Z</time>
      </trkpt>
      <trkpt lat="23.057786" lon="113.323818">
        <time>2026-09-11T22:28:15Z</time>
      </trkpt>
      <trkpt lat="23.05778" lon="113.323688">
        <time>2026-09-11T22:28:20Z</time>
      </trkpt>
      <trkpt lat="23.057785" lon="113.323549">
        <time>2026-09-11T22:28:25Z</time>
      </trkpt>
      <trkpt lat="23.057769" lon="113.323412">
        <time>2026-09-11T22:28:30Z</time>
      </trkpt>
      <trkpt lat="23.05776" lon="113.323274">
        <time>2026-09-11T22:28:35Z</time>
      </trkpt>
      <trkpt lat="23.057757" lon="113.323141">
        <time>2026-09-11T22:28:40Z</time>
      </trkpt>
      <trkpt lat="23.05776" lon="113.322999">
        <time>2026-09-11T22:28:45Z</time>
      </trkpt>
      <trkpt lat="23.057767" lon="113.322862">
        <time>2026-09-11T22:28:50Z</time>
      </trkpt>
      <trkpt lat="23.057769" lon="113.322749">
        <time>2026-09-11T22:28:55Z</time>
      </trkpt>
      <trkpt lat="23.057771" lon="113.322625">
        <time>2026-09-11T22:29:00Z</time>
      </trkpt>
      <trkpt lat="23.057768" lon="113.322479">
        <time>2026-09-11T22:29:05Z</time>
      </trkpt>
      <trkpt lat="23.057765" lon="113.322319">
        <time>2026-09-11T22:29:10Z</time>
      </trkpt>
      <trkpt lat="23.057759" lon="113.322178">
        <time>2026-09-11T22:29:15Z</time>
      </trkpt>
      <trkpt lat="23.057749" lon="113.322033">
        <time>2026-09-11T22:29:20Z</time>
      </trkpt>
      <trkpt lat="23.057753" lon="113.321896">
        <time>2026-09-11T22:29:25Z</time>
      </trkpt>
      <trkpt lat="23.057761" lon="113.321761">
        <time>2026-09-11T22:29:30Z</time>
      </trkpt>
      <trkpt lat="23.057771" lon="113.321606">
        <time>2026-09-11T22:29:35Z</time>
      </trkpt>
      <trkpt lat="23.057783" lon="113.321449">
        <time>2026-09-11T22:29:40Z</time>
      </trkpt>
      <trkpt lat="23.057781" lon="113.321308">
        <time>2026-09-11T22:29:45Z</time>
      </trkpt>
      <trkpt lat="23.057768" lon="113.321162">
        <time>2026-09-11T22:29:50Z</time>
      </trkpt>
      <trkpt lat="23.057768" lon="113.32101">
        <time>2026-09-11T22:29:55Z</time>
      </trkpt>
      <trkpt lat="23.05777" lon="113.320855">
        <time>2026-09-11T22:30:00Z</time>
      </trkpt>
      <trkpt lat="23.057771" lon="113.320705">
        <time>2026-09-11T22:30:05Z</time>
      </trkpt>
      <trkpt lat="23.057772" lon="113.320545">
        <time>2026-09-11T22:30:10Z</time>
      </trkpt>
      <trkpt lat="23.057777" lon="113.32039">
        <time>2026-09-11T22:30:15Z</time>
      </trkpt>
      <trkpt lat="23.057785" lon="113.320253">
        <time>2026-09-11T22:30:20Z</time>
      </trkpt>
      <trkpt lat="23.057803" lon="113.320101">
        <time>2026-09-11T22:30:25Z</time>
      </trkpt>
      <trkpt lat="23.057819" lon="113.319948">
        <time>2026-09-11T22:30:30Z</time>
      </trkpt>
      <trkpt lat="23.057833" lon="113.319799">
        <time>2026-09-11T22:30:35Z</time>
      </trkpt>
      <trkpt lat="23.057845" lon="113.319653">
        <time>2026-09-11T22:30:40Z</time>
      </trkpt>
      <trkpt lat="23.057839" lon="113.319514">
        <time>2026-09-11T22:30:45Z</time>
      </trkpt>
      <trkpt lat="23.057844" lon="113.319383">
        <time>2026-09-11T22:30:50Z</time>
      </trkpt>
      <trkpt lat="23.057847" lon="113.319261">
        <time>2026-09-11T22:30:55Z</time>
      </trkpt>
      <trkpt lat="23.057841" lon="113.319127">
        <time>2026-09-11T22:31:00Z</time>
      </trkpt>
      <trkpt lat="23.057824" lon="113.318986">
        <time>2026-09-11T22:31:05Z</time>
      </trkpt>
      <trkpt lat="23.057815" lon="113.318838">
        <time>2026-09-11T22:31:10Z</time>
      </trkpt>
      <trkpt lat="23.057792" lon="113.318687">
        <time>2026-09-11T22:31:15Z</time>
      </trkpt>
      <trkpt lat="23.057769" lon="113.318544">
        <time>2026-09-11T22:31:20Z</time>
      </trkpt>
      <trkpt lat="23.057753" lon="113.318399">
        <time>2026-09-11T22:31:25Z</time>
      </trkpt>
      <trkpt lat="23.057727" lon="113.318249">
        <time>2026-09-11T22:31:30Z</time>
      </trkpt>
      <trkpt lat="23.057681" lon="113.318093">
        <time>2026-09-11T22:31:35Z</time>
      </trkpt>
      <trkpt lat="23.057617" lon="113.317945">
        <time>2026-09-11T22:31:40Z</time>
      </trkpt>
      <trkpt lat="23.057556" lon="113.317812">
        <time>2026-09-11T22:31:45Z</time>
      </trkpt>
      <trkpt lat="23.057504" lon="113.317686">
        <time>2026-09-11T22:31:50Z</time>
      </trkpt>
      <trkpt lat="23.057458" lon="113.317563">
        <time>2026-09-11T22:31:55Z</time>
      </trkpt>
      <trkpt lat="23.057464" lon="113.317421">
        <time>2026-09-11T22:32:00Z</time>
      </trkpt>
      <trkpt lat="23.057478" lon="113.317277">
        <time>2026-09-11T22:32:05Z</time>
      </trkpt>
      <trkpt lat="23.057483" lon="113.317133">
        <time>2026-09-11T22:32:10Z</time>
      </trkpt>
      <trkpt lat="23.057483" lon="113.316992">
        <time>2026-09-11T22:32:15Z</time>
      </trkpt>
      <trkpt lat="23.057483" lon="113.316845">
        <time>2026-09-11T22:32:20Z</time>
      </trkpt>
      <trkpt lat="23.057481" lon="113.316694">
        <time>2026-09-11T22:32:25Z</time>
      </trkpt>
      <trkpt lat="23.057479" lon="113.316548">
        <time>2026-09-11T22:32:30Z</time>
      </trkpt>
      <trkpt lat="23.057477" lon="113.316407">
        <time>2026-09-11T22:32:35Z</time>
      </trkpt>
      <trkpt lat="23.057464" lon="113.316271">
        <time>2026-09-11T22:32:40Z</time>
      </trkpt>
      <trkpt lat="23.057465" lon="113.316134">
        <time>2026-09-11T22:32:45Z</time>
      </trkpt>
      <trkpt lat="23.057465" lon="113.315989">
        <time>2026-09-11T22:32:50Z</time>
      </trkpt>
      <trkpt lat="23.057456" lon="113.315837">
        <time>2026-09-11T22:32:55Z</time>
      </trkpt>
      <trkpt lat="23.057442" lon="113.315686">
        <time>2026-09-11T22:33:00Z</time>
      </trkpt>
      <trkpt lat="23.057442" lon="113.315542">
        <time>2026-09-11T22:33:05Z</time>
      </trkpt>
      <trkpt lat="23.057438" lon="113.3154">
        <time>2026-09-11T22:33:10Z</time>
      </trkpt>
      <trkpt lat="23.057441" lon="113.315261">
        <time>2026-09-11T22:33:15Z</time>
      </trkpt>
      <trkpt lat="23.057452" lon="113.315127">
        <time>2026-09-11T22:33:20Z</time>
      </trkpt>
      <trkpt lat="23.057454" lon="113.314983">
        <time>2026-09-11T22:33:25Z</time>
      </trkpt>
      <trkpt lat="23.057455" lon="113.314837">
        <time>2026-09-11T22:33:30Z</time>
      </trkpt>
      <trkpt lat="23.057465" lon="113.314702">
        <time>2026-09-11T22:33:35Z</time>
      </trkpt>
      <trkpt lat="23.057463" lon="113.314564">
        <time>2026-09-11T22:33:40Z</time>
      </trkpt>
      <trkpt lat="23.057456" lon="113.31443">
        <time>2026-09-11T22:33:45Z</time>
      </trkpt>
      <trkpt lat="23.057437" lon="113.314303">
        <time>2026-09-11T22:33:50Z</time>
      </trkpt>
      <trkpt lat="23.057422" lon="113.314166">
        <time>2026-09-11T22:33:55Z</time>
      </trkpt>
      <trkpt lat="23.057408" lon="113.314025">
        <time>2026-09-11T22:34:00Z</time>
      </trkpt>
      <trkpt lat="23.057404" lon="113.313867">
        <time>2026-09-11T22:34:05Z</time>
      </trkpt>
      <trkpt lat="23.057403" lon="113.313716">
        <time>2026-09-11T22:34:10Z</time>
      </trkpt>
      <trkpt lat="23.057399" lon="113.313572">
        <time>2026-09-11T22:34:15Z</time>
      </trkpt>
      <trkpt lat="23.057389" lon="113.313432">
        <time>2026-09-11T22:34:20Z</time>
      </trkpt>
      <trkpt lat="23.05738" lon="113.313296">
        <time>2026-09-11T22:34:25Z</time>
      </trkpt>
      <trkpt lat="23.057376" lon="113.313156">
        <time>2026-09-11T22:34:30Z</time>
      </trkpt>
      <trkpt lat="23.057368" lon="113.313021">
        <time>2026-09-11T22:34:35Z</time>
      </trkpt>
      <trkpt lat="23.057371" lon="113.312895">
        <time>2026-09-11T22:34:40Z</time>
      </trkpt>
      <trkpt lat="23.057369" lon="113.312765">
        <time>2026-09-11T22:34:45Z</time>
      </trkpt>
      <trkpt lat="23.057367" lon="113.31262">
        <time>2026-09-11T22:34:50Z</time>
      </trkpt>
      <trkpt lat="23.057366" lon="113.312469">
        <time>2026-09-11T22:34:55Z</time>
      </trkpt>
      <trkpt lat="23.057369" lon="113.312313">
        <time>2026-09-11T22:35:00Z</time>
      </trkpt>
      <trkpt lat="23.057375" lon="113.312167">
        <time>2026-09-11T22:35:05Z</time>
      </trkpt>
      <trkpt lat="23.057372" lon="113.312035">
        <time>2026-09-11T22:35:10Z</time>
      </trkpt>
      <trkpt lat="23.057378" lon="113.311897">
        <time>2026-09-11T22:35:15Z</time>
      </trkpt>
      <trkpt lat="23.057386" lon="113.311742">
        <time>2026-09-11T22:35:20Z</time>
      </trkpt>
      <trkpt lat="23.057387" lon="113.311594">
        <time>2026-09-11T22:35:25Z</time>
      </trkpt>
      <trkpt lat="23.057389" lon="113.31145">
        <time>2026-09-11T22:35:30Z</time>
      </trkpt>
      <trkpt lat="23.057392" lon="113.311303">
        <time>2026-09-11T22:35:35Z</time>
      </trkpt>
      <trkpt lat="23.057401" lon="113.311154">
        <time>2026-09-11T22:35:40Z</time>
      </trkpt>
      <trkpt lat="23.057408" lon="113.311008">
        <time>2026-09-11T22:35:45Z</time>
      </trkpt>
      <trkpt lat="23.057415" lon="113.31086">
        <time>2026-09-11T22:35:50Z</time>
      </trkpt>
      <trkpt lat="23.057434" lon="113.310714">
        <time>2026-09-11T22:35:55Z</time>
      </trkpt>
      <trkpt lat="23.057437" lon="113.310568">
        <time>2026-09-11T22:36:00Z</time>
      </trkpt>
      <trkpt lat="23.057425" lon="113.310415">
        <time>2026-09-11T22:36:05Z</time>
      </trkpt>
      <trkpt lat="23.057412" lon="113.310262">
        <time>2026-09-11T22:36:10Z</time>
      </trkpt>
      <trkpt lat="23.05741" lon="113.310117">
        <time>2026-09-11T22:36:15Z</time>
      </trkpt>
      <trkpt lat="23.057403" lon="113.309976">
        <time>2026-09-11T22:36:20Z</time>
      </trkpt>
      <trkpt lat="23.057373" lon="113.309847">
        <time>2026-09-11T22:36:25Z</time>
      </trkpt>
      <trkpt lat="23.057329" lon="113.309728">
        <time>2026-09-11T22:36:30Z</time>
      </trkpt>
      <trkpt lat="23.057303" lon="113.309577">
        <time>2026-09-11T22:36:35Z</time>
      </trkpt>
      <trkpt lat="23.057283" lon="113.309435">
        <time>2026-09-11T22:36:40Z</time>
      </trkpt>
      <trkpt lat="23.057274" lon="113.309308">
        <time>2026-09-11T22:36:45Z</time>
      </trkpt>
      <trkpt lat="23.057259" lon="113.309159">
        <time>2026-09-11T22:36:50Z</time>
      </trkpt>
      <trkpt lat="23.057244" lon="113.309013">
        <time>2026-09-11T22:36:55Z</time>
      </trkpt>
      <trkpt lat="23.05723" lon="113.308873">
        <time>2026-09-11T22:37:00Z</time>
      </trkpt>
      <trkpt lat="23.057224" lon="113.308735">
        <time>2026-09-11T22:37:05Z</time>
      </trkpt>
      <trkpt lat="23.057223" lon="113.308611">
        <time>2026-09-11T22:37:10Z</time>
      </trkpt>
      <trkpt lat="23.057217" lon="113.308489">
        <time>2026-09-11T22:37:15Z</time>
      </trkpt>
      <trkpt lat="23.057217" lon="113.308347">
        <time>2026-09-11T22:37:20Z</time>
      </trkpt>
      <trkpt lat="23.05722" lon="113.308192">
        <time>2026-09-11T22:37:25Z</time>
      </trkpt>
      <trkpt lat="23.057214" lon="113.308047">
        <time>2026-09-11T22:37:30Z</time>
      </trkpt>
      <trkpt lat="23.057226" lon="113.307924">
        <time>2026-09-11T22:37:35Z</time>
      </trkpt>
      <trkpt lat="23.057214" lon="113.307789">
        <time>2026-09-11T22:37:40Z</time>
      </trkpt>
      <trkpt lat="23.057186" lon="113.307646">
        <time>2026-09-11T22:37:45Z</time>
      </trkpt>
      <trkpt lat="23.057181" lon="113.307504">
        <time>2026-09-11T22:37:50Z</time>
      </trkpt>
      <trkpt lat="23.057175" lon="113.307359">
        <time>2026-09-11T22:37:55Z</time>
      </trkpt>
      <trkpt lat="23.057171" lon="113.307224">
        <time>2026-09-11T22:38:00Z</time>
      </trkpt>
      <trkpt lat="23.057191" lon="113.307061">
        <time>2026-09-11T22:38:05Z</time>
      </trkpt>
      <trkpt lat="23.057206" lon="113.306898">
        <time>2026-09-11T22:38:10Z</time>
      </trkpt>
      <trkpt lat="23.057207" lon="113.306752">
        <time>2026-09-11T22:38:15Z</time>
      </trkpt>
      <trkpt lat="23.057215" lon="113.306621">
        <time>2026-09-11T22:38:20Z</time>
      </trkpt>
      <trkpt lat="23.057214" lon="113.3065">
        <time>2026-09-11T22:38:25Z</time>
      </trkpt>
      <trkpt lat="23.05722" lon="113.306377">
        <time>2026-09-11T22:38:30Z</time>
      </trkpt>
      <trkpt lat="23.057228" lon="113.306248">
        <time>2026-09-11T22:38:35Z</time>
      </trkpt>
      <trkpt lat="23.057212" lon="113.30609">
        <time>2026-09-11T22:38:40Z</time>
      </trkpt>
      <trkpt lat="23.057211" lon="113.305935">
        <time>2026-09-11T22:38:45Z</time>
      </trkpt>
      <trkpt lat="23.057216" lon="113.30579">
        <time>2026-09-11T22:38:50Z</time>
      </trkpt>
      <trkpt lat="23.057219" lon="113.305649">
        <time>2026-09-11T22:38:55Z</time>
      </trkpt>
      <trkpt lat="23.057223" lon="113.305497">
        <time>2026-09-11T22:39:00Z</time>
      </trkpt>
      <trkpt lat="23.057234" lon="113.305347">
        <time>2026-09-11T22:39:05Z</time>
      </trkpt>
      <trkpt lat="23.057246" lon="113.305212">
        <time>2026-09-11T22:39:10Z</time>
      </trkpt>
      <trkpt lat="23.057257" lon="113.305076">
        <time>2026-09-11T22:39:15Z</time>
      </trkpt>
      <trkpt lat="23.057287" lon="113.304929">
        <time>2026-09-11T22:39:20Z</time>
      </trkpt>
      <trkpt lat="23.057307" lon="113.304775">
        <time>2026-09-11T22:39:25Z</time>
      </trkpt>
      <trkpt lat="23.057317" lon="113.304634">
        <time>2026-09-11T22:39:30Z</time>
      </trkpt>
      <trkpt lat="23.057327" lon="113.304501">
        <time>2026-09-11T22:39:35Z</time>
      </trkpt>
      <trkpt lat="23.057345" lon="113.304361">
        <time>2026-09-11T22:39:40Z</time>
      </trkpt>
      <trkpt lat="23.057366" lon="113.304218">
        <time>2026-09-11T22:39:45Z</time>
      </trkpt>
      <trkpt lat="23.057378" lon="113.304077">
        <time>2026-09-11T22:39:50Z</time>
      </trkpt>
      <trkpt lat="23.057401" lon="113.303943">
        <time>2026-09-11T22:39:55Z</time>
      </trkpt>
      <trkpt lat="23.057419" lon="113.303811">
        <time>2026-09-11T22:40:00Z</time>
      </trkpt>
      <trkpt lat="23.057433" lon="113.303678">
        <time>2026-09-11T22:40:05Z</time>
      </trkpt>
      <trkpt lat="23.057462" lon="113.303532">
        <time>2026-09-11T22:40:10Z</time>
      </trkpt>
      <trkpt lat="23.05749" lon="113.303373">
        <time>2026-09-11T22:40:15Z</time>
      </trkpt>
      <trkpt lat="23.057522" lon="113.303211">
        <time>2026-09-11T22:40:20Z</time>
      </trkpt>
      <trkpt lat="23.057567" lon="113.303064">
        <time>2026-09-11T22:40:25Z</time>
      </trkpt>
      <trkpt lat="23.057573" lon="113.302919">
        <time>2026-09-11T22:40:30Z</time>
      </trkpt>
      <trkpt lat="23.057596" lon="113.302778">
        <time>2026-09-11T22:40:35Z</time>
      </trkpt>
      <trkpt lat="23.057626" lon="113.302635">
        <time>2026-09-11T22:40:40Z</time>
      </trkpt>
      <trkpt lat="23.057649" lon="113.302488">
        <time>2026-09-11T22:40:45Z</time>
      </trkpt>
      <trkpt lat="23.057674" lon="113.302343">
        <time>2026-09-11T22:40:50Z</time>
      </trkpt>
      <trkpt lat="23.057694" lon="113.302196">
        <time>2026-09-11T22:40:55Z</time>
      </trkpt>
      <trkpt lat="23.057721" lon="113.302064">
        <time>2026-09-11T22:41:00Z</time>
      </trkpt>
      <trkpt lat="23.057751" lon="113.301937">
        <time>2026-09-11T22:41:05Z</time>
      </trkpt>
      <trkpt lat="23.057756" lon="113.301794">
        <time>2026-09-11T22:41:10Z</time>
      </trkpt>
      <trkpt lat="23.057744" lon="113.301647">
        <time>2026-09-11T22:41:15Z</time>
      </trkpt>
      <trkpt lat="23.057745" lon="113.301485">
        <time>2026-09-11T22:41:20Z</time>
      </trkpt>
      <trkpt lat="23.057741" lon="113.301345">
        <time>2026-09-11T22:41:25Z</time>
      </trkpt>
      <trkpt lat="23.05775" lon="113.301218">
        <time>2026-09-11T22:41:30Z</time>
      </trkpt>
      <trkpt lat="23.057756" lon="113.301076">
        <time>2026-09-11T22:41:35Z</time>
      </trkpt>
      <trkpt lat="23.057795" lon="113.300912">
        <time>2026-09-11T22:41:40Z</time>
      </trkpt>
      <trkpt lat="23.057834" lon="113.300743">
        <time>2026-09-11T22:41:45Z</time>
      </trkpt>
      <trkpt lat="23.057859" lon="113.300591">
        <time>2026-09-11T22:41:50Z</time>
      </trkpt>
      <trkpt lat="23.057872" lon="113.300444">
        <time>2026-09-11T22:41:55Z</time>
      </trkpt>
      <trkpt lat="23.057893" lon="113.300305">
        <time>2026-09-11T22:42:00Z</time>
      </trkpt>
      <trkpt lat="23.057937" lon="113.300155">
        <time>2026-09-11T22:42:05Z</time>
      </trkpt>
      <trkpt lat="23.057958" lon="113.299987">
        <time>2026-09-11T22:42:10Z</time>
      </trkpt>
      <trkpt lat="23.057951" lon="113.299835">
        <time>2026-09-11T22:42:15Z</time>
      </trkpt>
      <trkpt lat="23.057972" lon="113.299693">
        <time>2026-09-11T22:42:20Z</time>
      </trkpt>
      <trkpt lat="23.058035" lon="113.299549">
        <time>2026-09-11T22:42:25Z</time>
      </trkpt>
      <trkpt lat="23.058045" lon="113.299396">
        <time>2026-09-11T22:42:30Z</time>
      </trkpt>
      <trkpt lat="23.058037" lon="113.299249">
        <time>2026-09-11T22:42:35Z</time>
      </trkpt>
      <trkpt lat="23.058062" lon="113.299107">
        <time>2026-09-11T22:42:40Z</time>
      </trkpt>
      <trkpt lat="23.058104" lon="113.298973">
        <time>2026-09-11T22:42:45Z</time>
      </trkpt>
      <trkpt lat="23.058174" lon="113.298831">
        <time>2026-09-11T22:42:50Z</time>
      </trkpt>
      <trkpt lat="23.058207" lon="113.298683">
        <time>2026-09-11T22:42:55Z</time>
      </trkpt>
      <trkpt lat="23.058222" lon="113.298535">
        <time>2026-09-11T22:43:00Z</time>
      </trkpt>
      <trkpt lat="23.058229" lon="113.298388">
        <time>2026-09-11T22:43:05Z</time>
      </trkpt>
      <trkpt lat="23.058214" lon="113.298259">
        <time>2026-09-11T22:43:10Z</time>
      </trkpt>
      <trkpt lat="23.058207" lon="113.298137">
        <time>2026-09-11T22:43:15Z</time>
      </trkpt>
      <trkpt lat="23.058209" lon="113.297992">
        <time>2026-09-11T22:43:20Z</time>
      </trkpt>
      <trkpt lat="23.058206" lon="113.297854">
        <time>2026-09-11T22:43:25Z</time>
      </trkpt>
      <trkpt lat="23.058204" lon="113.29772">
        <time>2026-09-11T22:43:30Z</time>
      </trkpt>
      <trkpt lat="23.0582" lon="113.297581">
        <time>2026-09-11T22:43:35Z</time>
      </trkpt>
      <trkpt lat="23.058199" lon="113.297445">
        <time>2026-09-11T22:43:40Z</time>
      </trkpt>
      <trkpt lat="23.058213" lon="113.297306">
        <time>2026-09-11T22:43:45Z</time>
      </trkpt>
      <trkpt lat="23.058228" lon="113.297164">
        <time>2026-09-11T22:43:50Z</time>
      </trkpt>
      <trkpt lat="23.058239" lon="113.297025">
        <time>2026-09-11T22:43:55Z</time>
      </trkpt>
      <trkpt lat="23.058262" lon="113.296887">
        <time>2026-09-11T22:44:00Z</time>
      </trkpt>
      <trkpt lat="23.058306" lon="113.296747">
        <time>2026-09-11T22:44:05Z</time>
      </trkpt>
      <trkpt lat="23.058344" lon="113.296613">
        <time>2026-09-11T22:44:10Z</time>
      </trkpt>
      <trkpt lat="23.058368" lon="113.296488">
        <time>2026-09-11T22:44:15Z</time>
      </trkpt>
      <trkpt lat="23.058394" lon="113.296359">
        <time>2026-09-11T22:44:20Z</time>
      </trkpt>
      <trkpt lat="23.058426" lon="113.296232">
        <time>2026-09-11T22:44:25Z</time>
      </trkpt>
      <trkpt lat="23.058462" lon="113.296095">
        <time>2026-09-11T22:44:30Z</time>
      </trkpt>
      <trkpt lat="23.05848" lon="113.295949">
        <time>2026-09-11T22:44:35Z</time>
      </trkpt>
      <trkpt lat="23.058502" lon="113.29581">
        <time>2026-09-11T22:44:40Z</time>
      </trkpt>
      <trkpt lat="23.058525" lon="113.295674">
        <time>2026-09-11T22:44:45Z</time>
      </trkpt>
      <trkpt lat="23.058553" lon="113.295536">
        <time>2026-09-11T22:44:50Z</time>
      </trkpt>
      <trkpt lat="23.058578" lon="113.295392">
        <time>2026-09-11T22:44:55Z</time>
      </trkpt>
      <trkpt lat="23.058619" lon="113.295245">
        <time>2026-09-11T22:45:00Z</time>
      </trkpt>
      <trkpt lat="23.058641" lon="113.295103">
        <time>2026-09-11T22:45:05Z</time>
      </trkpt>
      <trkpt lat="23.058669" lon="113.294971">
        <time>2026-09-11T22:45:10Z</time>
      </trkpt>
      <trkpt lat="23.058702" lon="113.294844">
        <time>2026-09-11T22:45:15Z</time>
      </trkpt>
      <trkpt lat="23.058723" lon="113.294713">
        <time>2026-09-11T22:45:20Z</time>
      </trkpt>
      <trkpt lat="23.058754" lon="113.294588">
        <time>2026-09-11T22:45:25Z</time>
      </trkpt>
      <trkpt lat="23.058789" lon="113.294462">
        <time>2026-09-11T22:45:30Z</time>
      </trkpt>
      <trkpt lat="23.058816" lon="113.294329">
        <time>2026-09-11T22:45:35Z</time>
      </trkpt>
      <trkpt lat="23.058839" lon="113.294195">
        <time>2026-09-11T22:45:40Z</time>
      </trkpt>
      <trkpt lat="23.058853" lon="113.294066">
        <time>2026-09-11T22:45:45Z</time>
      </trkpt>
      <trkpt lat="23.058868" lon="113.293937">
        <time>2026-09-11T22:45:50Z</time>
      </trkpt>
      <trkpt lat="23.058893" lon="113.293808">
        <time>2026-09-11T22:45:55Z</time>
      </trkpt>
      <trkpt lat="23.058903" lon="113.293682">
        <time>2026-09-11T22:46:00Z</time>
      </trkpt>
      <trkpt lat="23.058927" lon="113.29355">
        <time>2026-09-11T22:46:05Z</time>
      </trkpt>
      <trkpt lat="23.058954" lon="113.293411">
        <time>2026-09-11T22:46:10Z</time>
      </trkpt>
      <trkpt lat="23.058967" lon="113.293278">
        <time>2026-09-11T22:46:15Z</time>
      </trkpt>
      <trkpt lat="23.05897" lon="113.293156">
        <time>2026-09-11T22:46:20Z</time>
      </trkpt>
      <trkpt lat="23.058969" lon="113.293028">
        <time>2026-09-11T22:46:25Z</time>
      </trkpt>
      <trkpt lat="23.058964" lon="113.292896">
        <time>2026-09-11T22:46:30Z</time>
      </trkpt>
      <trkpt lat="23.058966" lon="113.292768">
        <time>2026-09-11T22:46:35Z</time>
      </trkpt>
      <trkpt lat="23.058963" lon="113.292642">
        <time>2026-09-11T22:46:40Z</time>
      </trkpt>
      <trkpt lat="23.058956" lon="113.292506">
        <time>2026-09-11T22:46:45Z</time>
      </trkpt>
      <trkpt lat="23.058942" lon="113.292366">
        <time>2026-09-11T22:46:50Z</time>
      </trkpt>
      <trkpt lat="23.058927" lon="113.292229">
        <time>2026-09-11T22:46:55Z</time>
      </trkpt>
      <trkpt lat="23.058915" lon="113.292093">
        <time>2026-09-11T22:47:00Z</time>
      </trkpt>
      <trkpt lat="23.05889" lon="113.291959">
        <time>2026-09-11T22:47:05Z</time>
      </trkpt>
      <trkpt lat="23.058866" lon="113.291819">
        <time>2026-09-11T22:47:10Z</time>
      </trkpt>
      <trkpt lat="23.05884" lon="113.291683">
        <time>2026-09-11T22:47:15Z</time>
      </trkpt>
      <trkpt lat="23.058825" lon="113.291547">
        <time>2026-09-11T22:47:20Z</time>
      </trkpt>
      <trkpt lat="23.058816" lon="113.291401">
        <time>2026-09-11T22:47:25Z</time>
      </trkpt>
      <trkpt lat="23.058791" lon="113.291252">
        <time>2026-09-11T22:47:30Z</time>
      </trkpt>
      <trkpt lat="23.05877" lon="113.291106">
        <time>2026-09-11T22:47:35Z</time>
      </trkpt>
      <trkpt lat="23.058756" lon="113.290959">
        <time>2026-09-11T22:47:40Z</time>
      </trkpt>
      <trkpt lat="23.05874" lon="113.290819">
        <time>2026-09-11T22:47:45Z</time>
      </trkpt>
      <trkpt lat="23.058729" lon="113.290684">
        <time>2026-09-11T22:47:50Z</time>
      </trkpt>
      <trkpt lat="23.058716" lon="113.290547">
        <time>2026-09-11T22:47:55Z</time>
      </trkpt>
      <trkpt lat="23.058705" lon="113.290404">
        <time>2026-09-11T22:48:00Z</time>
      </trkpt>
      <trkpt lat="23.058684" lon="113.290258">
        <time>2026-09-11T22:48:05Z</time>
      </trkpt>
      <trkpt lat="23.058653" lon="113.290106">
        <time>2026-09-11T22:48:10Z</time>
      </trkpt>
      <trkpt lat="23.058624" lon="113.28996">
        <time>2026-09-11T22:48:15Z</time>
      </trkpt>
      <trkpt lat="23.058595" lon="113.289816">
        <time>2026-09-11T22:48:20Z</time>
      </trkpt>
      <trkpt lat="23.05857" lon="113.289675">
        <time>2026-09-11T22:48:25Z</time>
      </trkpt>
      <trkpt lat="23.058544" lon="113.28954">
        <time>2026-09-11T22:48:30Z</time>
      </trkpt>
      <trkpt lat="23.05852" lon="113.289403">
        <time>2026-09-11T22:48:35Z</time>
      </trkpt>
      <trkpt lat="23.058493" lon="113.289261">
        <time>2026-09-11T22:48:40Z</time>
      </trkpt>
      <trkpt lat="23.058465" lon="113.28912">
        <time>2026-09-11T22:48:45Z</time>
      </trkpt>
      <trkpt lat="23.058453" lon="113.288977">
        <time>2026-09-11T22:48:50Z</time>
      </trkpt>
      <trkpt lat="23.058432" lon="113.288843">
        <time>2026-09-11T22:48:55Z</time>
      </trkpt>
      <trkpt lat="23.058416" lon="113.2887">
        <time>2026-09-11T22:49:00Z</time>
      </trkpt>
      <trkpt lat="23.058394" lon="113.288556">
        <time>2026-09-11T22:49:05Z</time>
      </trkpt>
      <trkpt lat="23.058382" lon="113.288417">
        <time>2026-09-11T22:49:10Z</time>
      </trkpt>
      <trkpt lat="23.058462" lon="113.288302">
        <time>2026-09-11T22:49:15Z</time>
      </trkpt>
      <trkpt lat="23.058619" lon="113.28826">
        <time>2026-09-11T22:49:20Z</time>
      </trkpt>
      <trkpt lat="23.058751" lon="113.288203">
        <time>2026-09-11T22:49:25Z</time>
      </trkpt>
      <trkpt lat="23.058886" lon="113.288174">
        <time>2026-09-11T22:49:30Z</time>
      </trkpt>
      <trkpt lat="23.059027" lon="113.288156">
        <time>2026-09-11T22:49:35Z</time>
      </trkpt>
      <trkpt lat="23.059161" lon="113.28815">
        <time>2026-09-11T22:49:40Z</time>
      </trkpt>
      <trkpt lat="23.059297" lon="113.288142">
        <time>2026-09-11T22:49:45Z</time>
      </trkpt>
      <trkpt lat="23.059435" lon="113.288133">
        <time>2026-09-11T22:49:50Z</time>
      </trkpt>
      <trkpt lat="23.059563" lon="113.288122">
        <time>2026-09-11T22:49:55Z</time>
      </trkpt>
      <trkpt lat="23.059686" lon="113.288107">
        <time>2026-09-11T22:50:00Z</time>
      </trkpt>
      <trkpt lat="23.059816" lon="113.288083">
        <time>2026-09-11T22:50:05Z</time>
      </trkpt>
      <trkpt lat="23.059968" lon="113.288055">
        <time>2026-09-11T22:50:10Z</time>
      </trkpt>
      <trkpt lat="23.060112" lon="113.288017">
        <time>2026-09-11T22:50:15Z</time>
      </trkpt>
      <trkpt lat="23.060252" lon="113.287975">
        <time>2026-09-11T22:50:20Z</time>
      </trkpt>
      <trkpt lat="23.060355" lon="113.287902">
        <time>2026-09-11T22:50:25Z</time>
      </trkpt>
      <trkpt lat="23.060353" lon="113.287782">
        <time>2026-09-11T22:50:30Z</time>
      </trkpt>
      <trkpt lat="23.060328" lon="113.287653">
        <time>2026-09-11T22:50:35Z</time>
      </trkpt>
      <trkpt lat="23.060301" lon="113.287552">
        <time>2026-09-11T22:50:40Z</time>
      </trkpt>
      <trkpt lat="23.060257" lon="113.28744">
        <time>2026-09-11T22:50:45Z</time>
      </trkpt>
      <trkpt lat="23.060217" lon="113.287325">
        <time>2026-09-11T22:50:50Z</time>
      </trkpt>
      <trkpt lat="23.060177" lon="113.287213">
        <time>2026-09-11T22:50:55Z</time>
      </trkpt>
      <trkpt lat="23.060135" lon="113.287054">
        <time>2026-09-11T22:51:00Z</time>
      </trkpt>
      <trkpt lat="23.060198" lon="113.286875">
        <time>2026-09-11T22:51:05Z</time>
      </trkpt>
      <trkpt lat="23.060264" lon="113.286735">
        <time>2026-09-11T22:51:10Z</time>
      </trkpt>
      <trkpt lat="23.060259" lon="113.286629">
        <time>2026-09-11T22:51:15Z</time>
      </trkpt>
      <trkpt lat="23.060133" lon="113.286538">
        <time>2026-09-11T22:51:20Z</time>
      </trkpt>
      <trkpt lat="23.059985" lon="113.286488">
        <time>2026-09-11T22:51:25Z</time>
      </trkpt>
      <trkpt lat="23.059864" lon="113.286436">
        <time>2026-09-11T22:51:30Z</time>
      </trkpt>
      <trkpt lat="23.059752" lon="113.286353">
        <time>2026-09-11T22:51:35Z</time>
      </trkpt>
      <trkpt lat="23.059631" lon="113.286281">
        <time>2026-09-11T22:51:40Z</time>
      </trkpt>
      <trkpt lat="23.059493" lon="113.28627">
        <time>2026-09-11T22:51:45Z</time>
      </trkpt>
      <trkpt lat="23.059365" lon="113.286272">
        <time>2026-09-11T22:51:50Z</time>
      </trkpt>
      <trkpt lat="23.059247" lon="113.286268">
        <time>2026-09-11T22:51:55Z</time>
      </trkpt>
      <trkpt lat="23.059128" lon="113.286271">
        <time>2026-09-11T22:52:00Z</time>
      </trkpt>
      <trkpt lat="23.05901" lon="113.286274">
        <time>2026-09-11T22:52:05Z</time>
      </trkpt>
      <trkpt lat="23.058883" lon="113.286262">
        <time>2026-09-11T22:52:10Z</time>
      </trkpt>
      <trkpt lat="23.058773" lon="113.286195">
        <time>2026-09-11T22:52:15Z</time>
      </trkpt>
      <trkpt lat="23.058781" lon="113.28607">
        <time>2026-09-11T22:52:20Z</time>
      </trkpt>
      <trkpt lat="23.058836" lon="113.285948">
        <time>2026-09-11T22:52:25Z</time>
      </trkpt>
      <trkpt lat="23.058884" lon="113.285826">
        <time>2026-09-11T22:52:30Z</time>
      </trkpt>
      <trkpt lat="23.058933" lon="113.285709">
        <time>2026-09-11T22:52:35Z</time>
      </trkpt>
      <trkpt lat="23.058982" lon="113.285593">
        <time>2026-09-11T22:52:40Z</time>
      </trkpt>
      <trkpt lat="23.059033" lon="113.285476">
        <time>2026-09-11T22:52:45Z</time>
      </trkpt>
      <trkpt lat="23.059088" lon="113.285356">
        <time>2026-09-11T22:52:50Z</time>
      </trkpt>
      <trkpt lat="23.059141" lon="113.28523">
        <time>2026-09-11T22:52:55Z</time>
      </trkpt>
      <trkpt lat="23.059199" lon="113.285104">
        <time>2026-09-11T22:53:00Z</time>
      </trkpt>
      <trkpt lat="23.05925" lon="113.284986">
        <time>2026-09-11T22:53:05Z</time>
      </trkpt>
      <trkpt lat="23.059304" lon="113.284864">
        <time>2026-09-11T22:53:10Z</time>
      </trkpt>
      <trkpt lat="23.059357" lon="113.284739">
        <time>2026-09-11T22:53:15Z</time>
      </trkpt>
      <trkpt lat="23.059404" lon="113.284618">
        <time>2026-09-11T22:53:20Z</time>
      </trkpt>
      <trkpt lat="23.059457" lon="113.284501">
        <time>2026-09-11T22:53:25Z</time>
      </trkpt>
      <trkpt lat="23.059508" lon="113.284383">
        <time>2026-09-11T22:53:30Z</time>
      </trkpt>
      <trkpt lat="23.059568" lon="113.284269">
        <time>2026-09-11T22:53:35Z</time>
      </trkpt>
      <trkpt lat="23.059617" lon="113.284149">
        <time>2026-09-11T22:53:40Z</time>
      </trkpt>
      <trkpt lat="23.059668" lon="113.284027">
        <time>2026-09-11T22:53:45Z</time>
      </trkpt>
      <trkpt lat="23.059731" lon="113.283905">
        <time>2026-09-11T22:53:50Z</time>
      </trkpt>
      <trkpt lat="23.059796" lon="113.283784">
        <time>2026-09-11T22:53:55Z</time>
      </trkpt>
      <trkpt lat="23.059851" lon="113.283671">
        <time>2026-09-11T22:54:00Z</time>
      </trkpt>
      <trkpt lat="23.059905" lon="113.283554">
        <time>2026-09-11T22:54:05Z</time>
      </trkpt>
      <trkpt lat="23.059935" lon="113.283417">
        <time>2026-09-11T22:54:10Z</time>
      </trkpt>
      <trkpt lat="23.059986" lon="113.2833">
        <time>2026-09-11T22:54:15Z</time>
      </trkpt>
      <trkpt lat="23.060045" lon="113.283193">
        <time>2026-09-11T22:54:20Z</time>
      </trkpt>
      <trkpt lat="23.060097" lon="113.283071">
        <time>2026-09-11T22:54:25Z</time>
      </trkpt>
      <trkpt lat="23.060152" lon="113.282943">
        <time>2026-09-11T22:54:30Z</time>
      </trkpt>
      <trkpt lat="23.060216" lon="113.282808">
        <time>2026-09-11T22:54:35Z</time>
      </trkpt>
      <trkpt lat="23.060279" lon="113.282684">
        <time>2026-09-11T22:54:40Z</time>
      </trkpt>
      <trkpt lat="23.060329" lon="113.282557">
        <time>2026-09-11T22:54:45Z</time>
      </trkpt>
      <trkpt lat="23.060373" lon="113.282421">
        <time>2026-09-11T22:54:50Z</time>
      </trkpt>
      <trkpt lat="23.060422" lon="113.282292">
        <time>2026-09-11T22:54:55Z</time>
      </trkpt>
      <trkpt lat="23.060459" lon="113.282167">
        <time>2026-09-11T22:55:00Z</time>
      </trkpt>
      <trkpt lat="23.060504" lon="113.282049">
        <time>2026-09-11T22:55:05Z</time>
      </trkpt>
      <trkpt lat="23.060559" lon="113.281927">
        <time>2026-09-11T22:55:10Z</time>
      </trkpt>
      <trkpt lat="23.060615" lon="113.281808">
        <time>2026-09-11T22:55:15Z</time>
      </trkpt>
      <trkpt lat="23.060663" lon="113.281685">
        <time>2026-09-11T22:55:20Z</time>
      </trkpt>
      <trkpt lat="23.060707" lon="113.281555">
        <time>2026-09-11T22:55:25Z</time>
      </trkpt>
      <trkpt lat="23.060765" lon="113.281416">
        <time>2026-09-11T22:55:30Z</time>
      </trkpt>
      <trkpt lat="23.060834" lon="113.281286">
        <time>2026-09-11T22:55:35Z</time>
      </trkpt>
      <trkpt lat="23.060894" lon="113.281166">
        <time>2026-09-11T22:55:40Z</time>
      </trkpt>
      <trkpt lat="23.060949" lon="113.281046">
        <time>2026-09-11T22:55:45Z</time>
      </trkpt>
      <trkpt lat="23.061002" lon="113.280924">
        <time>2026-09-11T22:55:50Z</time>
      </trkpt>
      <trkpt lat="23.061055" lon="113.280801">
        <time>2026-09-11T22:55:55Z</time>
      </trkpt>
      <trkpt lat="23.061108" lon="113.280665">
        <time>2026-09-11T22:56:00Z</time>
      </trkpt>
      <trkpt lat="23.061163" lon="113.280533">
        <time>2026-09-11T22:56:05Z</time>
      </trkpt>
      <trkpt lat="23.061219" lon="113.280408">
        <time>2026-09-11T22:56:10Z</time>
      </trkpt>
      <trkpt lat="23.061277" lon="113.28028">
        <time>2026-09-11T22:56:15Z</time>
      </trkpt>
      <trkpt lat="23.061329" lon="113.280156">
        <time>2026-09-11T22:56:20Z</time>
      </trkpt>
      <trkpt lat="23.061381" lon="113.280038">
        <time>2026-09-11T22:56:25Z</time>
      </trkpt>
      <trkpt lat="23.06143" lon="113.279922">
        <time>2026-09-11T22:56:30Z</time>
      </trkpt>
      <trkpt lat="23.061475" lon="113.279803">
        <time>2026-09-11T22:56:35Z</time>
      </trkpt>
      <trkpt lat="23.061522" lon="113.279677">
        <time>2026-09-11T22:56:40Z</time>
      </trkpt>
      <trkpt lat="23.061568" lon="113.279556">
        <time>2026-09-11T22:56:45Z</time>
      </trkpt>
      <trkpt lat="23.061617" lon="113.279432">
        <time>2026-09-11T22:56:50Z</time>
      </trkpt>
      <trkpt lat="23.061667" lon="113.279307">
        <time>2026-09-11T22:56:55Z</time>
      </trkpt>
      <trkpt lat="23.061727" lon="113.279175">
        <time>2026-09-11T22:57:00Z</time>
      </trkpt>
      <trkpt lat="23.061798" lon="113.279055">
        <time>2026-09-11T22:57:05Z</time>
      </trkpt>
      <trkpt lat="23.06188" lon="113.278937">
        <time>2026-09-11T22:57:10Z</time>
      </trkpt>
      <trkpt lat="23.061954" lon="113.278796">
        <time>2026-09-11T22:57:15Z</time>
      </trkpt>
      <trkpt lat="23.061982" lon="113.278648">
        <time>2026-09-11T22:57:20Z</time>
      </trkpt>
      <trkpt lat="23.061974" lon="113.278509">
        <time>2026-09-11T22:57:25Z</time>
      </trkpt>
      <trkpt lat="23.061967" lon="113.278367">
        <time>2026-09-11T22:57:30Z</time>
      </trkpt>
      <trkpt lat="23.061958" lon="113.278223">
        <time>2026-09-11T22:57:35Z</time>
      </trkpt>
      <trkpt lat="23.061949" lon="113.278076">
        <time>2026-09-11T22:57:40Z</time>
      </trkpt>
      <trkpt lat="23.061941" lon="113.277935">
        <time>2026-09-11T22:57:45Z</time>
      </trkpt>
      <trkpt lat="23.061941" lon="113.277797">
        <time>2026-09-11T22:57:50Z</time>
      </trkpt>
      <trkpt lat="23.061971" lon="113.277662">
        <time>2026-09-11T22:57:55Z</time>
      </trkpt>
      <trkpt lat="23.062025" lon="113.277525">
        <time>2026-09-11T22:58:00Z</time>
      </trkpt>
      <trkpt lat="23.062078" lon="113.277387">
        <time>2026-09-11T22:58:05Z</time>
      </trkpt>
      <trkpt lat="23.062128" lon="113.277255">
        <time>2026-09-11T22:58:10Z</time>
      </trkpt>
      <trkpt lat="23.062176" lon="113.277121">
        <time>2026-09-11T22:58:15Z</time>
      </trkpt>
      <trkpt lat="23.062226" lon="113.276995">
        <time>2026-09-11T22:58:20Z</time>
      </trkpt>
      <trkpt lat="23.062274" lon="113.27687">
        <time>2026-09-11T22:58:25Z</time>
      </trkpt>
      <trkpt lat="23.062318" lon="113.276742">
        <time>2026-09-11T22:58:30Z</time>
      </trkpt>
      <trkpt lat="23.062362" lon="113.276611">
        <time>2026-09-11T22:58:35Z</time>
      </trkpt>
      <trkpt lat="23.062408" lon="113.276479">
        <time>2026-09-11T22:58:40Z</time>
      </trkpt>
      <trkpt lat="23.06246" lon="113.276354">
        <time>2026-09-11T22:58:45Z</time>
      </trkpt>
      <trkpt lat="23.062517" lon="113.27623">
        <time>2026-09-11T22:58:50Z</time>
      </trkpt>
      <trkpt lat="23.062583" lon="113.276104">
        <time>2026-09-11T22:58:55Z</time>
      </trkpt>
      <trkpt lat="23.062655" lon="113.275986">
        <time>2026-09-11T22:59:00Z</time>
      </trkpt>
      <trkpt lat="23.062744" lon="113.275875">
        <time>2026-09-11T22:59:05Z</time>
      </trkpt>
      <trkpt lat="23.062844" lon="113.275779">
        <time>2026-09-11T22:59:10Z</time>
      </trkpt>
      <trkpt lat="23.06295" lon="113.275689">
        <time>2026-09-11T22:59:15Z</time>
      </trkpt>
      <trkpt lat="23.063041" lon="113.275585">
        <time>2026-09-11T22:59:20Z</time>
      </trkpt>
      <trkpt lat="23.063113" lon="113.275476">
        <time>2026-09-11T22:59:25Z</time>
      </trkpt>
      <trkpt lat="23.063176" lon="113.275358">
        <time>2026-09-11T22:59:30Z</time>
      </trkpt>
      <trkpt lat="23.063242" lon="113.275235">
        <time>2026-09-11T22:59:35Z</time>
      </trkpt>
      <trkpt lat="23.063309" lon="113.275112">
        <time>2026-09-11T22:59:40Z</time>
      </trkpt>
      <trkpt lat="23.063357" lon="113.274983">
        <time>2026-09-11T22:59:45Z</time>
      </trkpt>
      <trkpt lat="23.063397" lon="113.274859">
        <time>2026-09-11T22:59:50Z</time>
      </trkpt>
      <trkpt lat="23.063443" lon="113.274733">
        <time>2026-09-11T22:59:55Z</time>
      </trkpt>
      <trkpt lat="23.063491" lon="113.274601">
        <time>2026-09-11T23:00:00Z</time>
      </trkpt>
      <trkpt lat="23.063536" lon="113.274471">
        <time>2026-09-11T23:00:05Z</time>
      </trkpt>
      <trkpt lat="23.063605" lon="113.274353">
        <time>2026-09-11T23:00:10Z</time>
      </trkpt>
      <trkpt lat="23.063697" lon="113.274242">
        <time>2026-09-11T23:00:15Z</time>
      </trkpt>
      <trkpt lat="23.063784" lon="113.274144">
        <time>2026-09-11T23:00:20Z</time>
      </trkpt>
      <trkpt lat="23.063859" lon="113.274045">
        <time>2026-09-11T23:00:25Z</time>
      </trkpt>
      <trkpt lat="23.063922" lon="113.273929">
        <time>2026-09-11T23:00:30Z</time>
      </trkpt>
      <trkpt lat="23.06399" lon="113.273811">
        <time>2026-09-11T23:00:35Z</time>
      </trkpt>
      <trkpt lat="23.064081" lon="113.273713">
        <time>2026-09-11T23:00:40Z</time>
      </trkpt>
      <trkpt lat="23.064191" lon="113.273634">
        <time>2026-09-11T23:00:45Z</time>
      </trkpt>
      <trkpt lat="23.064297" lon="113.273548">
        <time>2026-09-11T23:00:50Z</time>
      </trkpt>
      <trkpt lat="23.064405" lon="113.273459">
        <time>2026-09-11T23:00:55Z</time>
      </trkpt>
      <trkpt lat="23.064505" lon="113.273363">
        <time>2026-09-11T23:01:00Z</time>
      </trkpt>
      <trkpt lat="23.06458" lon="113.273243">
        <time>2026-09-11T23:01:05Z</time>
      </trkpt>
      <trkpt lat="23.064588" lon="113.273094">
        <time>2026-09-11T23:01:10Z</time>
      </trkpt>
      <trkpt lat="23.064545" lon="113.272953">
        <time>2026-09-11T23:01:15Z</time>
      </trkpt>
      <trkpt lat="23.064489" lon="113.27281">
        <time>2026-09-11T23:01:20Z</time>
      </trkpt>
      <trkpt lat="23.064446" lon="113.272666">
        <time>2026-09-11T23:01:25Z</time>
      </trkpt>
      <trkpt lat="23.064453" lon="113.272528">
        <time>2026-09-11T23:01:30Z</time>
      </trkpt>
      <trkpt lat="23.064511" lon="113.272394">
        <time>2026-09-11T23:01:35Z</time>
      </trkpt>
      <trkpt lat="23.064554" lon="113.27225">
        <time>2026-09-11T23:01:40Z</time>
      </trkpt>
      <trkpt lat="23.064603" lon="113.272122">
        <time>2026-09-11T23:01:45Z</time>
      </trkpt>
      <trkpt lat="23.064672" lon="113.272015">
        <time>2026-09-11T23:01:50Z</time>
      </trkpt>
      <trkpt lat="23.064735" lon="113.2719">
        <time>2026-09-11T23:01:55Z</time>
      </trkpt>
      <trkpt lat="23.064793" lon="113.271774">
        <time>2026-09-11T23:02:00Z</time>
      </trkpt>
      <trkpt lat="23.064851" lon="113.271632">
        <time>2026-09-11T23:02:05Z</time>
      </trkpt>
      <trkpt lat="23.064911" lon="113.271502">
        <time>2026-09-11T23:02:10Z</time>
      </trkpt>
      <trkpt lat="23.064971" lon="113.271379">
        <time>2026-09-11T23:02:15Z</time>
      </trkpt>
      <trkpt lat="23.065033" lon="113.27126">
        <time>2026-09-11T23:02:20Z</time>
      </trkpt>
      <trkpt lat="23.065091" lon="113.271126">
        <time>2026-09-11T23:02:25Z</time>
      </trkpt>
      <trkpt lat="23.06515" lon="113.270993">
        <time>2026-09-11T23:02:30Z</time>
      </trkpt>
      <trkpt lat="23.065192" lon="113.270866">
        <time>2026-09-11T23:02:35Z</time>
      </trkpt>
      <trkpt lat="23.06525" lon="113.270737">
        <time>2026-09-11T23:02:40Z</time>
      </trkpt>
      <trkpt lat="23.065311" lon="113.27061">
        <time>2026-09-11T23:02:45Z</time>
      </trkpt>
      <trkpt lat="23.06537" lon="113.270487">
        <time>2026-09-11T23:02:50Z</time>
      </trkpt>
      <trkpt lat="23.065421" lon="113.270361">
        <time>2026-09-11T23:02:55Z</time>
      </trkpt>
      <trkpt lat="23.065473" lon="113.270238">
        <time>2026-09-11T23:03:00Z</time>
      </trkpt>
      <trkpt lat="23.065528" lon="113.270116">
        <time>2026-09-11T23:03:05Z</time>
      </trkpt>
      <trkpt lat="23.065576" lon="113.269989">
        <time>2026-09-11T23:03:10Z</time>
      </trkpt>
      <trkpt lat="23.065617" lon="113.269862">
        <time>2026-09-11T23:03:15Z</time>
      </trkpt>
      <trkpt lat="23.065649" lon="113.269739">
        <time>2026-09-11T23:03:20Z</time>
      </trkpt>
      <trkpt lat="23.06568" lon="113.269605">
        <time>2026-09-11T23:03:25Z</time>
      </trkpt>
      <trkpt lat="23.06572" lon="113.269467">
        <time>2026-09-11T23:03:30Z</time>
      </trkpt>
      <trkpt lat="23.065755" lon="113.269324">
        <time>2026-09-11T23:03:35Z</time>
      </trkpt>
      <trkpt lat="23.065793" lon="113.269187">
        <time>2026-09-11T23:03:40Z</time>
      </trkpt>
      <trkpt lat="23.06584" lon="113.269059">
        <time>2026-09-11T23:03:45Z</time>
      </trkpt>
      <trkpt lat="23.065897" lon="113.268943">
        <time>2026-09-11T23:03:50Z</time>
      </trkpt>
      <trkpt lat="23.065955" lon="113.268829">
        <time>2026-09-11T23:03:55Z</time>
      </trkpt>
      <trkpt lat="23.066013" lon="113.268716">
        <time>2026-09-11T23:04:00Z</time>
      </trkpt>
      <trkpt lat="23.066076" lon="113.268604">
        <time>2026-09-11T23:04:05Z</time>
      </trkpt>
      <trkpt lat="23.066152" lon="113.268492">
        <time>2026-09-11T23:04:10Z</time>
      </trkpt>
      <trkpt lat="23.066228" lon="113.268383">
        <time>2026-09-11T23:04:15Z</time>
      </trkpt>
      <trkpt lat="23.066306" lon="113.268283">
        <time>2026-09-11T23:04:20Z</time>
      </trkpt>
      <trkpt lat="23.066395" lon="113.268198">
        <time>2026-09-11T23:04:25Z</time>
      </trkpt>
      <trkpt lat="23.066502" lon="113.268152">
        <time>2026-09-11T23:04:30Z</time>
      </trkpt>
      <trkpt lat="23.066626" lon="113.268156">
        <time>2026-09-11T23:04:35Z</time>
      </trkpt>
      <trkpt lat="23.066752" lon="113.268164">
        <time>2026-09-11T23:04:40Z</time>
      </trkpt>
      <trkpt lat="23.066884" lon="113.268147">
        <time>2026-09-11T23:04:45Z</time>
      </trkpt>
      <trkpt lat="23.06701" lon="113.268163">
        <time>2026-09-11T23:04:50Z</time>
      </trkpt>
      <trkpt lat="23.067109" lon="113.268229">
        <time>2026-09-11T23:04:55Z</time>
      </trkpt>
      <trkpt lat="23.067199" lon="113.268287">
        <time>2026-09-11T23:05:00Z</time>
      </trkpt>
      <trkpt lat="23.067306" lon="113.268329">
        <time>2026-09-11T23:05:05Z</time>
      </trkpt>
      <trkpt lat="23.067412" lon="113.268377">
        <time>2026-09-11T23:05:10Z</time>
      </trkpt>
      <trkpt lat="23.06752" lon="113.26844">
        <time>2026-09-11T23:05:15Z</time>
      </trkpt>
      <trkpt lat="23.067645" lon="113.268506">
        <time>2026-09-11T23:05:20Z</time>
      </trkpt>
      <trkpt lat="23.067773" lon="113.268572">
        <time>2026-09-11T23:05:25Z</time>
      </trkpt>
      <trkpt lat="23.067907" lon="113.268634">
        <time>2026-09-11T23:05:30Z</time>
      </trkpt>
      <trkpt lat="23.068024" lon="113.268687">
        <time>2026-09-11T23:05:35Z</time>
      </trkpt>
      <trkpt lat="23.068132" lon="113.26872">
        <time>2026-09-11T23:05:40Z</time>
      </trkpt>
      <trkpt lat="23.068235" lon="113.268766">
        <time>2026-09-11T23:05:45Z</time>
      </trkpt>
      <trkpt lat="23.068345" lon="113.268826">
        <time>2026-09-11T23:05:50Z</time>
      </trkpt>
      <trkpt lat="23.068461" lon="113.268886">
        <time>2026-09-11T23:05:55Z</time>
      </trkpt>
      <trkpt lat="23.068592" lon="113.26893">
        <time>2026-09-11T23:06:00Z</time>
      </trkpt>
      <trkpt lat="23.068713" lon="113.268956">
        <time>2026-09-11T23:06:05Z</time>
      </trkpt>
      <trkpt lat="23.068827" lon="113.269008">
        <time>2026-09-11T23:06:10Z</time>
      </trkpt>
      <trkpt lat="23.068946" lon="113.269068">
        <time>2026-09-11T23:06:15Z</time>
      </trkpt>
      <trkpt lat="23.06906" lon="113.269096">
        <time>2026-09-11T23:06:20Z</time>
      </trkpt>
      <trkpt lat="23.069045" lon="113.26905">
        <time>2026-09-11T23:06:25Z</time>
      </trkpt>
      <trkpt lat="23.068936" lon="113.268996">
        <time>2026-09-11T23:06:30Z</time>
      </trkpt>
      <trkpt lat="23.068814" lon="113.268929">
        <time>2026-09-11T23:06:35Z</time>
      </trkpt>
      <trkpt lat="23.068686" lon="113.268869">
        <time>2026-09-11T23:06:40Z</time>
      </trkpt>
      <trkpt lat="23.068565" lon="113.268811">
        <time>2026-09-11T23:06:45Z</time>
      </trkpt>
      <trkpt lat="23.068458" lon="113.268762">
        <time>2026-09-11T23:06:50Z</time>
      </trkpt>
      <trkpt lat="23.06835" lon="113.268714">
        <time>2026-09-11T23:06:55Z</time>
      </trkpt>
      <trkpt lat="23.068234" lon="113.268651">
        <time>2026-09-11T23:07:00Z</time>
      </trkpt>
      <trkpt lat="23.068112" lon="113.268586">
        <time>2026-09-11T23:07:05Z</time>
      </trkpt>
      <trkpt lat="23.067975" lon="113.268538">
        <time>2026-09-11T23:07:10Z</time>
      </trkpt>
      <trkpt lat="23.067841" lon="113.268467">
        <time>2026-09-11T23:07:15Z</time>
      </trkpt>
      <trkpt lat="23.067714" lon="113.268399">
        <time>2026-09-11T23:07:20Z</time>
      </trkpt>
      <trkpt lat="23.067585" lon="113.268333">
        <time>2026-09-11T23:07:25Z</time>
      </trkpt>
      <trkpt lat="23.067457" lon="113.268277">
        <time>2026-09-11T23:07:30Z</time>
      </trkpt>
      <trkpt lat="23.067337" lon="113.268232">
        <time>2026-09-11T23:07:35Z</time>
      </trkpt>
      <trkpt lat="23.06722" lon="113.268187">
        <time>2026-09-11T23:07:40Z</time>
      </trkpt>
      <trkpt lat="23.067102" lon="113.268139">
        <time>2026-09-11T23:07:45Z</time>
      </trkpt>
      <trkpt lat="23.066987" lon="113.268075">
        <time>2026-09-11T23:07:50Z</time>
      </trkpt>
      <trkpt lat="23.06687" lon="113.268032">
        <time>2026-09-11T23:07:55Z</time>
      </trkpt>
      <trkpt lat="23.066744" lon="113.268021">
        <time>2026-09-11T23:08:00Z</time>
      </trkpt>
      <trkpt lat="23.066605" lon="113.267993">
        <time>2026-09-11T23:08:05Z</time>
      </trkpt>
      <trkpt lat="23.066476" lon="113.267943">
        <time>2026-09-11T23:08:10Z</time>
      </trkpt>
      <trkpt lat="23.066344" lon="113.267935">
        <time>2026-09-11T23:08:15Z</time>
      </trkpt>
      <trkpt lat="23.066217" lon="113.267993">
        <time>2026-09-11T23:08:20Z</time>
      </trkpt>
      <trkpt lat="23.066111" lon="113.268097">
        <time>2026-09-11T23:08:25Z</time>
      </trkpt>
      <trkpt lat="23.066015" lon="113.268212">
        <time>2026-09-11T23:08:30Z</time>
      </trkpt>
      <trkpt lat="23.065934" lon="113.26833">
        <time>2026-09-11T23:08:35Z</time>
      </trkpt>
      <trkpt lat="23.065858" lon="113.268452">
        <time>2026-09-11T23:08:40Z</time>
      </trkpt>
      <trkpt lat="23.065797" lon="113.268576">
        <time>2026-09-11T23:08:45Z</time>
      </trkpt>
      <trkpt lat="23.065741" lon="113.268696">
        <time>2026-09-11T23:08:50Z</time>
      </trkpt>
      <trkpt lat="23.065687" lon="113.268815">
        <time>2026-09-11T23:08:55Z</time>
      </trkpt>
      <trkpt lat="23.065639" lon="113.26894">
        <time>2026-09-11T23:09:00Z</time>
      </trkpt>
      <trkpt lat="23.065593" lon="113.269065">
        <time>2026-09-11T23:09:05Z</time>
      </trkpt>
      <trkpt lat="23.065558" lon="113.269192">
        <time>2026-09-11T23:09:10Z</time>
      </trkpt>
      <trkpt lat="23.065525" lon="113.269326">
        <time>2026-09-11T23:09:15Z</time>
      </trkpt>
      <trkpt lat="23.065497" lon="113.269458">
        <time>2026-09-11T23:09:20Z</time>
      </trkpt>
      <trkpt lat="23.06547" lon="113.269594">
        <time>2026-09-11T23:09:25Z</time>
      </trkpt>
      <trkpt lat="23.065441" lon="113.269736">
        <time>2026-09-11T23:09:30Z</time>
      </trkpt>
      <trkpt lat="23.065401" lon="113.269865">
        <time>2026-09-11T23:09:35Z</time>
      </trkpt>
      <trkpt lat="23.065354" lon="113.269995">
        <time>2026-09-11T23:09:40Z</time>
      </trkpt>
      <trkpt lat="23.065302" lon="113.270121">
        <time>2026-09-11T23:09:45Z</time>
      </trkpt>
      <trkpt lat="23.065258" lon="113.270251">
        <time>2026-09-11T23:09:50Z</time>
      </trkpt>
      <trkpt lat="23.065203" lon="113.27038">
        <time>2026-09-11T23:09:55Z</time>
      </trkpt>
      <trkpt lat="23.065133" lon="113.270498">
        <time>2026-09-11T23:10:00Z</time>
      </trkpt>
      <trkpt lat="23.065073" lon="113.270617">
        <time>2026-09-11T23:10:05Z</time>
      </trkpt>
      <trkpt lat="23.065021" lon="113.270739">
        <time>2026-09-11T23:10:10Z</time>
      </trkpt>
      <trkpt lat="23.064969" lon="113.270859">
        <time>2026-09-11T23:10:15Z</time>
      </trkpt>
      <trkpt lat="23.064915" lon="113.270983">
        <time>2026-09-11T23:10:20Z</time>
      </trkpt>
      <trkpt lat="23.064854" lon="113.271109">
        <time>2026-09-11T23:10:25Z</time>
      </trkpt>
      <trkpt lat="23.064792" lon="113.271234">
        <time>2026-09-11T23:10:30Z</time>
      </trkpt>
      <trkpt lat="23.064729" lon="113.271362">
        <time>2026-09-11T23:10:35Z</time>
      </trkpt>
      <trkpt lat="23.06467" lon="113.271492">
        <time>2026-09-11T23:10:40Z</time>
      </trkpt>
      <trkpt lat="23.064612" lon="113.271618">
        <time>2026-09-11T23:10:45Z</time>
      </trkpt>
      <trkpt lat="23.064555" lon="113.271737">
        <time>2026-09-11T23:10:50Z</time>
      </trkpt>
      <trkpt lat="23.0645" lon="113.271855">
        <time>2026-09-11T23:10:55Z</time>
      </trkpt>
      <trkpt lat="23.064439" lon="113.271978">
        <time>2026-09-11T23:11:00Z</time>
      </trkpt>
      <trkpt lat="23.06438" lon="113.272103">
        <time>2026-09-11T23:11:05Z</time>
      </trkpt>
      <trkpt lat="23.064328" lon="113.27223">
        <time>2026-09-11T23:11:10Z</time>
      </trkpt>
      <trkpt lat="23.064324" lon="113.272374">
        <time>2026-09-11T23:11:15Z</time>
      </trkpt>
      <trkpt lat="23.06432" lon="113.27251">
        <time>2026-09-11T23:11:20Z</time>
      </trkpt>
      <trkpt lat="23.064328" lon="113.272647">
        <time>2026-09-11T23:11:25Z</time>
      </trkpt>
      <trkpt lat="23.064362" lon="113.272773">
        <time>2026-09-11T23:11:30Z</time>
      </trkpt>
      <trkpt lat="23.0644" lon="113.272893">
        <time>2026-09-11T23:11:35Z</time>
      </trkpt>
      <trkpt lat="23.064436" lon="113.273017">
        <time>2026-09-11T23:11:40Z</time>
      </trkpt>
      <trkpt lat="23.064465" lon="113.273134">
        <time>2026-09-11T23:11:45Z</time>
      </trkpt>
      <trkpt lat="23.064441" lon="113.273258">
        <time>2026-09-11T23:11:50Z</time>
      </trkpt>
      <trkpt lat="23.064358" lon="113.273365">
        <time>2026-09-11T23:11:55Z</time>
      </trkpt>
      <trkpt lat="23.064252" lon="113.273446">
        <time>2026-09-11T23:12:00Z</time>
      </trkpt>
      <trkpt lat="23.064145" lon="113.27352">
        <time>2026-09-11T23:12:05Z</time>
      </trkpt>
      <trkpt lat="23.06404" lon="113.273601">
        <time>2026-09-11T23:12:10Z</time>
      </trkpt>
      <trkpt lat="23.063939" lon="113.273691">
        <time>2026-09-11T23:12:15Z</time>
      </trkpt>
      <trkpt lat="23.063858" lon="113.273798">
        <time>2026-09-11T23:12:20Z</time>
      </trkpt>
      <trkpt lat="23.063792" lon="113.273911">
        <time>2026-09-11T23:12:25Z</time>
      </trkpt>
      <trkpt lat="23.063732" lon="113.274019">
        <time>2026-09-11T23:12:30Z</time>
      </trkpt>
      <trkpt lat="23.063641" lon="113.274125">
        <time>2026-09-11T23:12:35Z</time>
      </trkpt>
      <trkpt lat="23.063541" lon="113.27422">
        <time>2026-09-11T23:12:40Z</time>
      </trkpt>
      <trkpt lat="23.063483" lon="113.274345">
        <time>2026-09-11T23:12:45Z</time>
      </trkpt>
      <trkpt lat="23.063437" lon="113.274484">
        <time>2026-09-11T23:12:50Z</time>
      </trkpt>
      <trkpt lat="23.06339" lon="113.274622">
        <time>2026-09-11T23:12:55Z</time>
      </trkpt>
      <trkpt lat="23.063345" lon="113.274771">
        <time>2026-09-11T23:13:00Z</time>
      </trkpt>
      <trkpt lat="23.063301" lon="113.274903">
        <time>2026-09-11T23:13:05Z</time>
      </trkpt>
      <trkpt lat="23.06325" lon="113.275033">
        <time>2026-09-11T23:13:10Z</time>
      </trkpt>
      <trkpt lat="23.063181" lon="113.275155">
        <time>2026-09-11T23:13:15Z</time>
      </trkpt>
      <trkpt lat="23.063113" lon="113.27527">
        <time>2026-09-11T23:13:20Z</time>
      </trkpt>
      <trkpt lat="23.063039" lon="113.275383">
        <time>2026-09-11T23:13:25Z</time>
      </trkpt>
      <trkpt lat="23.062964" lon="113.2755">
        <time>2026-09-11T23:13:30Z</time>
      </trkpt>
      <trkpt lat="23.062874" lon="113.27561">
        <time>2026-09-11T23:13:35Z</time>
      </trkpt>
      <trkpt lat="23.06278" lon="113.27571">
        <time>2026-09-11T23:13:40Z</time>
      </trkpt>
      <trkpt lat="23.062684" lon="113.275806">
        <time>2026-09-11T23:13:45Z</time>
      </trkpt>
      <trkpt lat="23.062597" lon="113.275911">
        <time>2026-09-11T23:13:50Z</time>
      </trkpt>
      <trkpt lat="23.06252" lon="113.276024">
        <time>2026-09-11T23:13:55Z</time>
      </trkpt>
      <trkpt lat="23.062455" lon="113.276147">
        <time>2026-09-11T23:14:00Z</time>
      </trkpt>
      <trkpt lat="23.062398" lon="113.276275">
        <time>2026-09-11T23:14:05Z</time>
      </trkpt>
      <trkpt lat="23.062349" lon="113.276406">
        <time>2026-09-11T23:14:10Z</time>
      </trkpt>
      <trkpt lat="23.0623" lon="113.276537">
        <time>2026-09-11T23:14:15Z</time>
      </trkpt>
      <trkpt lat="23.062253" lon="113.276669">
        <time>2026-09-11T23:14:20Z</time>
      </trkpt>
      <trkpt lat="23.062207" lon="113.2768">
        <time>2026-09-11T23:14:25Z</time>
      </trkpt>
      <trkpt lat="23.062165" lon="113.276932">
        <time>2026-09-11T23:14:30Z</time>
      </trkpt>
      <trkpt lat="23.062116" lon="113.277062">
        <time>2026-09-11T23:14:35Z</time>
      </trkpt>
      <trkpt lat="23.062066" lon="113.277193">
        <time>2026-09-11T23:14:40Z</time>
      </trkpt>
      <trkpt lat="23.062012" lon="113.277324">
        <time>2026-09-11T23:14:45Z</time>
      </trkpt>
      <trkpt lat="23.06196" lon="113.277457">
        <time>2026-09-11T23:14:50Z</time>
      </trkpt>
      <trkpt lat="23.061907" lon="113.277585">
        <time>2026-09-11T23:14:55Z</time>
      </trkpt>
      <trkpt lat="23.061853" lon="113.277711">
        <time>2026-09-11T23:15:00Z</time>
      </trkpt>
      <trkpt lat="23.061832" lon="113.277846">
        <time>2026-09-11T23:15:05Z</time>
      </trkpt>
      <trkpt lat="23.06183" lon="113.277974">
        <time>2026-09-11T23:15:10Z</time>
      </trkpt>
      <trkpt lat="23.061837" lon="113.278095">
        <time>2026-09-11T23:15:15Z</time>
      </trkpt>
      <trkpt lat="23.06185" lon="113.278225">
        <time>2026-09-11T23:15:20Z</time>
      </trkpt>
      <trkpt lat="23.061855" lon="113.278361">
        <time>2026-09-11T23:15:25Z</time>
      </trkpt>
      <trkpt lat="23.061865" lon="113.278494">
        <time>2026-09-11T23:15:30Z</time>
      </trkpt>
      <trkpt lat="23.061863" lon="113.278625">
        <time>2026-09-11T23:15:35Z</time>
      </trkpt>
      <trkpt lat="23.061833" lon="113.278744">
        <time>2026-09-11T23:15:40Z</time>
      </trkpt>
      <trkpt lat="23.061741" lon="113.278786">
        <time>2026-09-11T23:15:45Z</time>
      </trkpt>
      <trkpt lat="23.061675" lon="113.278891">
        <time>2026-09-11T23:15:50Z</time>
      </trkpt>
      <trkpt lat="23.061629" lon="113.279008">
        <time>2026-09-11T23:15:55Z</time>
      </trkpt>
      <trkpt lat="23.061584" lon="113.279124">
        <time>2026-09-11T23:16:00Z</time>
      </trkpt>
      <trkpt lat="23.061551" lon="113.279184">
        <time>2026-09-11T23:16:05Z</time>
      </trkpt>
      <trkpt lat="23.061586" lon="113.279172">
        <time>2026-09-11T23:16:10Z</time>
      </trkpt>
      <trkpt lat="23.06162" lon="113.279139">
        <time>2026-09-11T23:16:15Z</time>
      </trkpt>
      <trkpt lat="23.061608" lon="113.279118">
        <time>2026-09-11T23:16:20Z</time>
      </trkpt>
      <trkpt lat="23.061576" lon="113.279162">
        <time>2026-09-11T23:16:25Z</time>
      </trkpt>
      <trkpt lat="23.061557" lon="113.279214">
        <time>2026-09-11T23:16:30Z</time>
      </trkpt>
      <trkpt lat="23.061515" lon="113.279335">
        <time>2026-09-11T23:16:35Z</time>
      </trkpt>
      <trkpt lat="23.061457" lon="113.279463">
        <time>2026-09-11T23:16:40Z</time>
      </trkpt>
      <trkpt lat="23.061401" lon="113.279588">
        <time>2026-09-11T23:16:45Z</time>
      </trkpt>
      <trkpt lat="23.061345" lon="113.279717">
        <time>2026-09-11T23:16:50Z</time>
      </trkpt>
      <trkpt lat="23.06129" lon="113.279847">
        <time>2026-09-11T23:16:55Z</time>
      </trkpt>
      <trkpt lat="23.061238" lon="113.279979">
        <time>2026-09-11T23:17:00Z</time>
      </trkpt>
      <trkpt lat="23.061186" lon="113.280106">
        <time>2026-09-11T23:17:05Z</time>
      </trkpt>
      <trkpt lat="23.061135" lon="113.280236">
        <time>2026-09-11T23:17:10Z</time>
      </trkpt>
      <trkpt lat="23.061082" lon="113.280367">
        <time>2026-09-11T23:17:15Z</time>
      </trkpt>
      <trkpt lat="23.061015" lon="113.280491">
        <time>2026-09-11T23:17:20Z</time>
      </trkpt>
      <trkpt lat="23.060964" lon="113.280632">
        <time>2026-09-11T23:17:25Z</time>
      </trkpt>
      <trkpt lat="23.060907" lon="113.280762">
        <time>2026-09-11T23:17:30Z</time>
      </trkpt>
      <trkpt lat="23.060861" lon="113.280886">
        <time>2026-09-11T23:17:35Z</time>
      </trkpt>
      <trkpt lat="23.060817" lon="113.281011">
        <time>2026-09-11T23:17:40Z</time>
      </trkpt>
      <trkpt lat="23.060768" lon="113.281132">
        <time>2026-09-11T23:17:45Z</time>
      </trkpt>
      <trkpt lat="23.060709" lon="113.281254">
        <time>2026-09-11T23:17:50Z</time>
      </trkpt>
      <trkpt lat="23.060649" lon="113.281382">
        <time>2026-09-11T23:17:55Z</time>
      </trkpt>
      <trkpt lat="23.060593" lon="113.281511">
        <time>2026-09-11T23:18:00Z</time>
      </trkpt>
      <trkpt lat="23.06054" lon="113.281639">
        <time>2026-09-11T23:18:05Z</time>
      </trkpt>
      <trkpt lat="23.060484" lon="113.281764">
        <time>2026-09-11T23:18:10Z</time>
      </trkpt>
      <trkpt lat="23.060428" lon="113.281894">
        <time>2026-09-11T23:18:15Z</time>
      </trkpt>
      <trkpt lat="23.060377" lon="113.282021">
        <time>2026-09-11T23:18:20Z</time>
      </trkpt>
      <trkpt lat="23.060319" lon="113.282143">
        <time>2026-09-11T23:18:25Z</time>
      </trkpt>
      <trkpt lat="23.06026" lon="113.282266">
        <time>2026-09-11T23:18:30Z</time>
      </trkpt>
      <trkpt lat="23.060214" lon="113.282392">
        <time>2026-09-11T23:18:35Z</time>
      </trkpt>
      <trkpt lat="23.060167" lon="113.282519">
        <time>2026-09-11T23:18:40Z</time>
      </trkpt>
      <trkpt lat="23.060113" lon="113.282645">
        <time>2026-09-11T23:18:45Z</time>
      </trkpt>
      <trkpt lat="23.060057" lon="113.282772">
        <time>2026-09-11T23:18:50Z</time>
      </trkpt>
      <trkpt lat="23.059995" lon="113.282906">
        <time>2026-09-11T23:18:55Z</time>
      </trkpt>
      <trkpt lat="23.059943" lon="113.283039">
        <time>2026-09-11T23:19:00Z</time>
      </trkpt>
      <trkpt lat="23.059891" lon="113.283166">
        <time>2026-09-11T23:19:05Z</time>
      </trkpt>
      <trkpt lat="23.059838" lon="113.283295">
        <time>2026-09-11T23:19:10Z</time>
      </trkpt>
      <trkpt lat="23.059782" lon="113.28342">
        <time>2026-09-11T23:19:15Z</time>
      </trkpt>
      <trkpt lat="23.059719" lon="113.283543">
        <time>2026-09-11T23:19:20Z</time>
      </trkpt>
      <trkpt lat="23.059652" lon="113.283668">
        <time>2026-09-11T23:19:25Z</time>
      </trkpt>
      <trkpt lat="23.05959" lon="113.283799">
        <time>2026-09-11T23:19:30Z</time>
      </trkpt>
      <trkpt lat="23.05953" lon="113.283927">
        <time>2026-09-11T23:19:35Z</time>
      </trkpt>
      <trkpt lat="23.059466" lon="113.284053">
        <time>2026-09-11T23:19:40Z</time>
      </trkpt>
      <trkpt lat="23.059403" lon="113.284181">
        <time>2026-09-11T23:19:45Z</time>
      </trkpt>
      <trkpt lat="23.059344" lon="113.28431">
        <time>2026-09-11T23:19:50Z</time>
      </trkpt>
      <trkpt lat="23.059299" lon="113.28444">
        <time>2026-09-11T23:19:55Z</time>
      </trkpt>
      <trkpt lat="23.059288" lon="113.284577">
        <time>2026-09-11T23:20:00Z</time>
      </trkpt>
      <trkpt lat="23.059252" lon="113.284705">
        <time>2026-09-11T23:20:05Z</time>
      </trkpt>
      <trkpt lat="23.059201" lon="113.28483">
        <time>2026-09-11T23:20:10Z</time>
      </trkpt>
      <trkpt lat="23.059147" lon="113.284954">
        <time>2026-09-11T23:20:15Z</time>
      </trkpt>
      <trkpt lat="23.059097" lon="113.285078">
        <time>2026-09-11T23:20:20Z</time>
      </trkpt>
      <trkpt lat="23.059041" lon="113.285204">
        <time>2026-09-11T23:20:25Z</time>
      </trkpt>
      <trkpt lat="23.05899" lon="113.285333">
        <time>2026-09-11T23:20:30Z</time>
      </trkpt>
      <trkpt lat="23.058934" lon="113.285459">
        <time>2026-09-11T23:20:35Z</time>
      </trkpt>
      <trkpt lat="23.058882" lon="113.285585">
        <time>2026-09-11T23:20:40Z</time>
      </trkpt>
      <trkpt lat="23.058827" lon="113.285713">
        <time>2026-09-11T23:20:45Z</time>
      </trkpt>
      <trkpt lat="23.058768" lon="113.285839">
        <time>2026-09-11T23:20:50Z</time>
      </trkpt>
      <trkpt lat="23.058712" lon="113.285966">
        <time>2026-09-11T23:20:55Z</time>
      </trkpt>
      <trkpt lat="23.058656" lon="113.286096">
        <time>2026-09-11T23:21:00Z</time>
      </trkpt>
      <trkpt lat="23.058606" lon="113.286226">
        <time>2026-09-11T23:21:05Z</time>
      </trkpt>
      <trkpt lat="23.058655" lon="113.286326">
        <time>2026-09-11T23:21:10Z</time>
      </trkpt>
      <trkpt lat="23.05878" lon="113.286378">
        <time>2026-09-11T23:21:15Z</time>
      </trkpt>
      <trkpt lat="23.058916" lon="113.286401">
        <time>2026-09-11T23:21:20Z</time>
      </trkpt>
      <trkpt lat="23.059043" lon="113.28641">
        <time>2026-09-11T23:21:25Z</time>
      </trkpt>
      <trkpt lat="23.059169" lon="113.286413">
        <time>2026-09-11T23:21:30Z</time>
      </trkpt>
      <trkpt lat="23.059296" lon="113.286412">
        <time>2026-09-11T23:21:35Z</time>
      </trkpt>
      <trkpt lat="23.059418" lon="113.286415">
        <time>2026-09-11T23:21:40Z</time>
      </trkpt>
      <trkpt lat="23.059536" lon="113.286413">
        <time>2026-09-11T23:21:45Z</time>
      </trkpt>
      <trkpt lat="23.059662" lon="113.286422">
        <time>2026-09-11T23:21:50Z</time>
      </trkpt>
      <trkpt lat="23.059786" lon="113.286434">
        <time>2026-09-11T23:21:55Z</time>
      </trkpt>
      <trkpt lat="23.059913" lon="113.28644">
        <time>2026-09-11T23:22:00Z</time>
      </trkpt>
      <trkpt lat="23.060038" lon="113.286485">
        <time>2026-09-11T23:22:05Z</time>
      </trkpt>
      <trkpt lat="23.060124" lon="113.28661">
        <time>2026-09-11T23:22:10Z</time>
      </trkpt>
      <trkpt lat="23.060125" lon="113.286764">
        <time>2026-09-11T23:22:15Z</time>
      </trkpt>
      <trkpt lat="23.060117" lon="113.286914">
        <time>2026-09-11T23:22:20Z</time>
      </trkpt>
      <trkpt lat="23.060121" lon="113.287061">
        <time>2026-09-11T23:22:25Z</time>
      </trkpt>
      <trkpt lat="23.060118" lon="113.287209">
        <time>2026-09-11T23:22:30Z</time>
      </trkpt>
      <trkpt lat="23.060136" lon="113.287354">
        <time>2026-09-11T23:22:35Z</time>
      </trkpt>
      <trkpt lat="23.060164" lon="113.287509">
        <time>2026-09-11T23:22:40Z</time>
      </trkpt>
      <trkpt lat="23.060152" lon="113.287664">
        <time>2026-09-11T23:22:45Z</time>
      </trkpt>
      <trkpt lat="23.060138" lon="113.287817">
        <time>2026-09-11T23:22:50Z</time>
      </trkpt>
      <trkpt lat="23.060166" lon="113.287948">
        <time>2026-09-11T23:22:55Z</time>
      </trkpt>
      <trkpt lat="23.060267" lon="113.287942">
        <time>2026-09-11T23:23:00Z</time>
      </trkpt>
      <trkpt lat="23.060286" lon="113.287808">
        <time>2026-09-11T23:23:05Z</time>
      </trkpt>
      <trkpt lat="23.060265" lon="113.287672">
        <time>2026-09-11T23:23:10Z</time>
      </trkpt>
      <trkpt lat="23.060244" lon="113.287547">
        <time>2026-09-11T23:23:15Z</time>
      </trkpt>
      <trkpt lat="23.060226" lon="113.287417">
        <time>2026-09-11T23:23:20Z</time>
      </trkpt>
      <trkpt lat="23.060195" lon="113.287283">
        <time>2026-09-11T23:23:25Z</time>
      </trkpt>
      <trkpt lat="23.060164" lon="113.287122">
        <time>2026-09-11T23:23:30Z</time>
      </trkpt>
      <trkpt lat="23.060118" lon="113.286975">
        <time>2026-09-11T23:23:35Z</time>
      </trkpt>
      <trkpt lat="23.060091" lon="113.286827">
        <time>2026-09-11T23:23:40Z</time>
      </trkpt>
      <trkpt lat="23.060143" lon="113.286656">
        <time>2026-09-11T23:23:45Z</time>
      </trkpt>
      <trkpt lat="23.060178" lon="113.286521">
        <time>2026-09-11T23:23:50Z</time>
      </trkpt>
      <trkpt lat="23.060085" lon="113.286461">
        <time>2026-09-11T23:23:55Z</time>
      </trkpt>
      <trkpt lat="23.059952" lon="113.286432">
        <time>2026-09-11T23:24:00Z</time>
      </trkpt>
      <trkpt lat="23.059821" lon="113.286393">
        <time>2026-09-11T23:24:05Z</time>
      </trkpt>
      <trkpt lat="23.059692" lon="113.286344">
        <time>2026-09-11T23:24:10Z</time>
      </trkpt>
      <trkpt lat="23.059562" lon="113.286288">
        <time>2026-09-11T23:24:15Z</time>
      </trkpt>
      <trkpt lat="23.059423" lon="113.286269">
        <time>2026-09-11T23:24:20Z</time>
      </trkpt>
      <trkpt lat="23.059294" lon="113.286273">
        <time>2026-09-11T23:24:25Z</time>
      </trkpt>
      <trkpt lat="23.059166" lon="113.286269">
        <time>2026-09-11T23:24:30Z</time>
      </trkpt>
      <trkpt lat="23.059036" lon="113.286251">
        <time>2026-09-11T23:24:35Z</time>
      </trkpt>
      <trkpt lat="23.058906" lon="113.286234">
        <time>2026-09-11T23:24:40Z</time>
      </trkpt>
      <trkpt lat="23.058788" lon="113.286196">
        <time>2026-09-11T23:24:45Z</time>
      </trkpt>
      <trkpt lat="23.058751" lon="113.286099">
        <time>2026-09-11T23:24:50Z</time>
      </trkpt>
      <trkpt lat="23.058817" lon="113.285969">
        <time>2026-09-11T23:24:55Z</time>
      </trkpt>
      <trkpt lat="23.058875" lon="113.285848">
        <time>2026-09-11T23:25:00Z</time>
      </trkpt>
      <trkpt lat="23.05893" lon="113.285732">
        <time>2026-09-11T23:25:05Z</time>
      </trkpt>
      <trkpt lat="23.058977" lon="113.285611">
        <time>2026-09-11T23:25:10Z</time>
      </trkpt>
      <trkpt lat="23.059023" lon="113.285488">
        <time>2026-09-11T23:25:15Z</time>
      </trkpt>
      <trkpt lat="23.059074" lon="113.285361">
        <time>2026-09-11T23:25:20Z</time>
      </trkpt>
      <trkpt lat="23.059123" lon="113.285234">
        <time>2026-09-11T23:25:25Z</time>
      </trkpt>
      <trkpt lat="23.05918" lon="113.285104">
        <time>2026-09-11T23:25:30Z</time>
      </trkpt>
      <trkpt lat="23.059238" lon="113.284981">
        <time>2026-09-11T23:25:35Z</time>
      </trkpt>
      <trkpt lat="23.059292" lon="113.284858">
        <time>2026-09-11T23:25:40Z</time>
      </trkpt>
      <trkpt lat="23.059348" lon="113.284735">
        <time>2026-09-11T23:25:45Z</time>
      </trkpt>
      <trkpt lat="23.059402" lon="113.284608">
        <time>2026-09-11T23:25:50Z</time>
      </trkpt>
      <trkpt lat="23.059458" lon="113.28448">
        <time>2026-09-11T23:25:55Z</time>
      </trkpt>
      <trkpt lat="23.059517" lon="113.284358">
        <time>2026-09-11T23:26:00Z</time>
      </trkpt>
      <trkpt lat="23.059577" lon="113.284236">
        <time>2026-09-11T23:26:05Z</time>
      </trkpt>
      <trkpt lat="23.059635" lon="113.284108">
        <time>2026-09-11T23:26:10Z</time>
      </trkpt>
      <trkpt lat="23.059692" lon="113.28398">
        <time>2026-09-11T23:26:15Z</time>
      </trkpt>
      <trkpt lat="23.059751" lon="113.283851">
        <time>2026-09-11T23:26:20Z</time>
      </trkpt>
      <trkpt lat="23.059804" lon="113.283726">
        <time>2026-09-11T23:26:25Z</time>
      </trkpt>
      <trkpt lat="23.059883" lon="113.283668">
        <time>2026-09-11T23:26:30Z</time>
      </trkpt>
      <trkpt lat="23.059946" lon="113.283603">
        <time>2026-09-11T23:26:35Z</time>
      </trkpt>
      <trkpt lat="23.059953" lon="113.28346">
        <time>2026-09-11T23:26:40Z</time>
      </trkpt>
      <trkpt lat="23.059983" lon="113.283318">
        <time>2026-09-11T23:26:45Z</time>
      </trkpt>
      <trkpt lat="23.060041" lon="113.283214">
        <time>2026-09-11T23:26:50Z</time>
      </trkpt>
      <trkpt lat="23.060115" lon="113.283111">
        <time>2026-09-11T23:26:55Z</time>
      </trkpt>
      <trkpt lat="23.060185" lon="113.282978">
        <time>2026-09-11T23:27:00Z</time>
      </trkpt>
      <trkpt lat="23.060231" lon="113.282853">
        <time>2026-09-11T23:27:05Z</time>
      </trkpt>
      <trkpt lat="23.060286" lon="113.28272">
        <time>2026-09-11T23:27:10Z</time>
      </trkpt>
      <trkpt lat="23.060339" lon="113.282588">
        <time>2026-09-11T23:27:15Z</time>
      </trkpt>
      <trkpt lat="23.060378" lon="113.282455">
        <time>2026-09-11T23:27:20Z</time>
      </trkpt>
      <trkpt lat="23.06042" lon="113.282327">
        <time>2026-09-11T23:27:25Z</time>
      </trkpt>
      <trkpt lat="23.06046" lon="113.2822">
        <time>2026-09-11T23:27:30Z</time>
      </trkpt>
      <trkpt lat="23.060513" lon="113.282076">
        <time>2026-09-11T23:27:35Z</time>
      </trkpt>
      <trkpt lat="23.060563" lon="113.281944">
        <time>2026-09-11T23:27:40Z</time>
      </trkpt>
      <trkpt lat="23.060613" lon="113.281811">
        <time>2026-09-11T23:27:45Z</time>
      </trkpt>
      <trkpt lat="23.060659" lon="113.281685">
        <time>2026-09-11T23:27:50Z</time>
      </trkpt>
      <trkpt lat="23.060705" lon="113.281562">
        <time>2026-09-11T23:27:55Z</time>
      </trkpt>
      <trkpt lat="23.060758" lon="113.281434">
        <time>2026-09-11T23:28:00Z</time>
      </trkpt>
      <trkpt lat="23.060817" lon="113.281296">
        <time>2026-09-11T23:28:05Z</time>
      </trkpt>
      <trkpt lat="23.060872" lon="113.281161">
        <time>2026-09-11T23:28:10Z</time>
      </trkpt>
      <trkpt lat="23.060925" lon="113.281039">
        <time>2026-09-11T23:28:15Z</time>
      </trkpt>
      <trkpt lat="23.060979" lon="113.280917">
        <time>2026-09-11T23:28:20Z</time>
      </trkpt>
      <trkpt lat="23.061045" lon="113.280781">
        <time>2026-09-11T23:28:25Z</time>
      </trkpt>
      <trkpt lat="23.061118" lon="113.280637">
        <time>2026-09-11T23:28:30Z</time>
      </trkpt>
      <trkpt lat="23.061178" lon="113.2805">
        <time>2026-09-11T23:28:35Z</time>
      </trkpt>
      <trkpt lat="23.061235" lon="113.280372">
        <time>2026-09-11T23:28:40Z</time>
      </trkpt>
      <trkpt lat="23.061303" lon="113.280247">
        <time>2026-09-11T23:28:45Z</time>
      </trkpt>
      <trkpt lat="23.061373" lon="113.280132">
        <time>2026-09-11T23:28:50Z</time>
      </trkpt>
      <trkpt lat="23.061432" lon="113.280014">
        <time>2026-09-11T23:28:55Z</time>
      </trkpt>
      <trkpt lat="23.061485" lon="113.279889">
        <time>2026-09-11T23:29:00Z</time>
      </trkpt>
      <trkpt lat="23.061537" lon="113.279758">
        <time>2026-09-11T23:29:05Z</time>
      </trkpt>
      <trkpt lat="23.06158" lon="113.279629">
        <time>2026-09-11T23:29:10Z</time>
      </trkpt>
      <trkpt lat="23.061629" lon="113.279491">
        <time>2026-09-11T23:29:15Z</time>
      </trkpt>
      <trkpt lat="23.061682" lon="113.279352">
        <time>2026-09-11T23:29:20Z</time>
      </trkpt>
      <trkpt lat="23.061739" lon="113.279212">
        <time>2026-09-11T23:29:25Z</time>
      </trkpt>
      <trkpt lat="23.06181" lon="113.279083">
        <time>2026-09-11T23:29:30Z</time>
      </trkpt>
      <trkpt lat="23.061892" lon="113.278959">
        <time>2026-09-11T23:29:35Z</time>
      </trkpt>
      <trkpt lat="23.061955" lon="113.278824">
        <time>2026-09-11T23:29:40Z</time>
      </trkpt>
      <trkpt lat="23.061983" lon="113.278684">
        <time>2026-09-11T23:29:45Z</time>
      </trkpt>
      <trkpt lat="23.061974" lon="113.278545">
        <time>2026-09-11T23:29:50Z</time>
      </trkpt>
      <trkpt lat="23.061962" lon="113.278405">
        <time>2026-09-11T23:29:55Z</time>
      </trkpt>
      <trkpt lat="23.061953" lon="113.278264">
        <time>2026-09-11T23:30:00Z</time>
      </trkpt>
      <trkpt lat="23.061946" lon="113.278117">
        <time>2026-09-11T23:30:05Z</time>
      </trkpt>
      <trkpt lat="23.061939" lon="113.277974">
        <time>2026-09-11T23:30:10Z</time>
      </trkpt>
      <trkpt lat="23.061938" lon="113.277833">
        <time>2026-09-11T23:30:15Z</time>
      </trkpt>
      <trkpt lat="23.06196" lon="113.277698">
        <time>2026-09-11T23:30:20Z</time>
      </trkpt>
      <trkpt lat="23.062005" lon="113.277565">
        <time>2026-09-11T23:30:25Z</time>
      </trkpt>
      <trkpt lat="23.062058" lon="113.277436">
        <time>2026-09-11T23:30:30Z</time>
      </trkpt>
      <trkpt lat="23.062107" lon="113.277307">
        <time>2026-09-11T23:30:35Z</time>
      </trkpt>
      <trkpt lat="23.062148" lon="113.277181">
        <time>2026-09-11T23:30:40Z</time>
      </trkpt>
      <trkpt lat="23.062197" lon="113.277064">
        <time>2026-09-11T23:30:45Z</time>
      </trkpt>
      <trkpt lat="23.062246" lon="113.276939">
        <time>2026-09-11T23:30:50Z</time>
      </trkpt>
      <trkpt lat="23.062295" lon="113.276814">
        <time>2026-09-11T23:30:55Z</time>
      </trkpt>
      <trkpt lat="23.062344" lon="113.276695">
        <time>2026-09-11T23:31:00Z</time>
      </trkpt>
      <trkpt lat="23.06239" lon="113.276568">
        <time>2026-09-11T23:31:05Z</time>
      </trkpt>
      <trkpt lat="23.062438" lon="113.276439">
        <time>2026-09-11T23:31:10Z</time>
      </trkpt>
      <trkpt lat="23.062485" lon="113.276313">
        <time>2026-09-11T23:31:15Z</time>
      </trkpt>
      <trkpt lat="23.062541" lon="113.276189">
        <time>2026-09-11T23:31:20Z</time>
      </trkpt>
      <trkpt lat="23.062603" lon="113.276069">
        <time>2026-09-11T23:31:25Z</time>
      </trkpt>
      <trkpt lat="23.062673" lon="113.275953">
        <time>2026-09-11T23:31:30Z</time>
      </trkpt>
      <trkpt lat="23.062755" lon="113.275848">
        <time>2026-09-11T23:31:35Z</time>
      </trkpt>
      <trkpt lat="23.062849" lon="113.275757">
        <time>2026-09-11T23:31:40Z</time>
      </trkpt>
      <trkpt lat="23.062952" lon="113.275665">
        <time>2026-09-11T23:31:45Z</time>
      </trkpt>
      <trkpt lat="23.063041" lon="113.275565">
        <time>2026-09-11T23:31:50Z</time>
      </trkpt>
      <trkpt lat="23.06311" lon="113.275456">
        <time>2026-09-11T23:31:55Z</time>
      </trkpt>
      <trkpt lat="23.063179" lon="113.275335">
        <time>2026-09-11T23:32:00Z</time>
      </trkpt>
      <trkpt lat="23.063254" lon="113.27522">
        <time>2026-09-11T23:32:05Z</time>
      </trkpt>
      <trkpt lat="23.063345" lon="113.275121">
        <time>2026-09-11T23:32:10Z</time>
      </trkpt>
      <trkpt lat="23.063408" lon="113.275005">
        <time>2026-09-11T23:32:15Z</time>
      </trkpt>
      <trkpt lat="23.063443" lon="113.274878">
        <time>2026-09-11T23:32:20Z</time>
      </trkpt>
      <trkpt lat="23.063477" lon="113.274755">
        <time>2026-09-11T23:32:25Z</time>
      </trkpt>
      <trkpt lat="23.063514" lon="113.274637">
        <time>2026-09-11T23:32:30Z</time>
      </trkpt>
      <trkpt lat="23.063539" lon="113.274511">
        <time>2026-09-11T23:32:35Z</time>
      </trkpt>
      <trkpt lat="23.06359" lon="113.274407">
        <time>2026-09-11T23:32:40Z</time>
      </trkpt>
      <trkpt lat="23.063677" lon="113.274314">
        <time>2026-09-11T23:32:45Z</time>
      </trkpt>
      <trkpt lat="23.063766" lon="113.274207">
        <time>2026-09-11T23:32:50Z</time>
      </trkpt>
      <trkpt lat="23.063843" lon="113.274087">
        <time>2026-09-11T23:32:55Z</time>
      </trkpt>
      <trkpt lat="23.063917" lon="113.273949">
        <time>2026-09-11T23:33:00Z</time>
      </trkpt>
      <trkpt lat="23.06399" lon="113.273828">
        <time>2026-09-11T23:33:05Z</time>
      </trkpt>
      <trkpt lat="23.064077" lon="113.273726">
        <time>2026-09-11T23:33:10Z</time>
      </trkpt>
      <trkpt lat="23.064179" lon="113.273661">
        <time>2026-09-11T23:33:15Z</time>
      </trkpt>
      <trkpt lat="23.064281" lon="113.273586">
        <time>2026-09-11T23:33:20Z</time>
      </trkpt>
      <trkpt lat="23.064385" lon="113.273498">
        <time>2026-09-11T23:33:25Z</time>
      </trkpt>
      <trkpt lat="23.06449" lon="113.273402">
        <time>2026-09-11T23:33:30Z</time>
      </trkpt>
      <trkpt lat="23.064566" lon="113.273288">
        <time>2026-09-11T23:33:35Z</time>
      </trkpt>
      <trkpt lat="23.06459" lon="113.273144">
        <time>2026-09-11T23:33:40Z</time>
      </trkpt>
      <trkpt lat="23.06456" lon="113.272996">
        <time>2026-09-11T23:33:45Z</time>
      </trkpt>
      <trkpt lat="23.06451" lon="113.272862">
        <time>2026-09-11T23:33:50Z</time>
      </trkpt>
      <trkpt lat="23.064463" lon="113.272733">
        <time>2026-09-11T23:33:55Z</time>
      </trkpt>
      <trkpt lat="23.064451" lon="113.272592">
        <time>2026-09-11T23:34:00Z</time>
      </trkpt>
      <trkpt lat="23.064503" lon="113.272475">
        <time>2026-09-11T23:34:05Z</time>
      </trkpt>
      <trkpt lat="23.064549" lon="113.272342">
        <time>2026-09-11T23:34:10Z</time>
      </trkpt>
      <trkpt lat="23.064567" lon="113.272198">
        <time>2026-09-11T23:34:15Z</time>
      </trkpt>
      <trkpt lat="23.064621" lon="113.272067">
        <time>2026-09-11T23:34:20Z</time>
      </trkpt>
      <trkpt lat="23.064686" lon="113.271945">
        <time>2026-09-11T23:34:25Z</time>
      </trkpt>
      <trkpt lat="23.064745" lon="113.271823">
        <time>2026-09-11T23:34:30Z</time>
      </trkpt>
      <trkpt lat="23.064804" lon="113.271699">
        <time>2026-09-11T23:34:35Z</time>
      </trkpt>
      <trkpt lat="23.064864" lon="113.271566">
        <time>2026-09-11T23:34:40Z</time>
      </trkpt>
      <trkpt lat="23.064925" lon="113.271441">
        <time>2026-09-11T23:34:45Z</time>
      </trkpt>
      <trkpt lat="23.064986" lon="113.271325">
        <time>2026-09-11T23:34:50Z</time>
      </trkpt>
      <trkpt lat="23.065055" lon="113.2712">
        <time>2026-09-11T23:34:55Z</time>
      </trkpt>
      <trkpt lat="23.065126" lon="113.271071">
        <time>2026-09-11T23:35:00Z</time>
      </trkpt>
      <trkpt lat="23.065174" lon="113.270933">
        <time>2026-09-11T23:35:05Z</time>
      </trkpt>
      <trkpt lat="23.065218" lon="113.270801">
        <time>2026-09-11T23:35:10Z</time>
      </trkpt>
      <trkpt lat="23.06527" lon="113.270676">
        <time>2026-09-11T23:35:15Z</time>
      </trkpt>
      <trkpt lat="23.06533" lon="113.270558">
        <time>2026-09-11T23:35:20Z</time>
      </trkpt>
      <trkpt lat="23.065391" lon="113.270436">
        <time>2026-09-11T23:35:25Z</time>
      </trkpt>
      <trkpt lat="23.065446" lon="113.270314">
        <time>2026-09-11T23:35:30Z</time>
      </trkpt>
      <trkpt lat="23.0655" lon="113.270188">
        <time>2026-09-11T23:35:35Z</time>
      </trkpt>
      <trkpt lat="23.065543" lon="113.27006">
        <time>2026-09-11T23:35:40Z</time>
      </trkpt>
      <trkpt lat="23.065585" lon="113.269938">
        <time>2026-09-11T23:35:45Z</time>
      </trkpt>
      <trkpt lat="23.065619" lon="113.269805">
        <time>2026-09-11T23:35:50Z</time>
      </trkpt>
      <trkpt lat="23.065662" lon="113.26967">
        <time>2026-09-11T23:35:55Z</time>
      </trkpt>
      <trkpt lat="23.065702" lon="113.269539">
        <time>2026-09-11T23:36:00Z</time>
      </trkpt>
      <trkpt lat="23.065735" lon="113.269403">
        <time>2026-09-11T23:36:05Z</time>
      </trkpt>
      <trkpt lat="23.065761" lon="113.26926">
        <time>2026-09-11T23:36:10Z</time>
      </trkpt>
      <trkpt lat="23.065802" lon="113.26912">
        <time>2026-09-11T23:36:15Z</time>
      </trkpt>
      <trkpt lat="23.065853" lon="113.268988">
        <time>2026-09-11T23:36:20Z</time>
      </trkpt>
      <trkpt lat="23.065907" lon="113.268861">
        <time>2026-09-11T23:36:25Z</time>
      </trkpt>
      <trkpt lat="23.065966" lon="113.268741">
        <time>2026-09-11T23:36:30Z</time>
      </trkpt>
      <trkpt lat="23.066027" lon="113.268621">
        <time>2026-09-11T23:36:35Z</time>
      </trkpt>
      <trkpt lat="23.066099" lon="113.268498">
        <time>2026-09-11T23:36:40Z</time>
      </trkpt>
      <trkpt lat="23.066171" lon="113.268387">
        <time>2026-09-11T23:36:45Z</time>
      </trkpt>
      <trkpt lat="23.066259" lon="113.268282">
        <time>2026-09-11T23:36:50Z</time>
      </trkpt>
      <trkpt lat="23.066354" lon="113.268184">
        <time>2026-09-11T23:36:55Z</time>
      </trkpt>
      <trkpt lat="23.066471" lon="113.268132">
        <time>2026-09-11T23:37:00Z</time>
      </trkpt>
      <trkpt lat="23.066602" lon="113.268148">
        <time>2026-09-11T23:37:05Z</time>
      </trkpt>
      <trkpt lat="23.066735" lon="113.268171">
        <time>2026-09-11T23:37:10Z</time>
      </trkpt>
      <trkpt lat="23.066862" lon="113.268159">
        <time>2026-09-11T23:37:15Z</time>
      </trkpt>
      <trkpt lat="23.066984" lon="113.268177">
        <time>2026-09-11T23:37:20Z</time>
      </trkpt>
      <trkpt lat="23.067098" lon="113.268232">
        <time>2026-09-11T23:37:25Z</time>
      </trkpt>
      <trkpt lat="23.067212" lon="113.268292">
        <time>2026-09-11T23:37:30Z</time>
      </trkpt>
      <trkpt lat="23.067327" lon="113.268352">
        <time>2026-09-11T23:37:35Z</time>
      </trkpt>
      <trkpt lat="23.067439" lon="113.268416">
        <time>2026-09-11T23:37:40Z</time>
      </trkpt>
      <trkpt lat="23.067548" lon="113.268484">
        <time>2026-09-11T23:37:45Z</time>
      </trkpt>
      <trkpt lat="23.067665" lon="113.268553">
        <time>2026-09-11T23:37:50Z</time>
      </trkpt>
      <trkpt lat="23.067792" lon="113.268607">
        <time>2026-09-11T23:37:55Z</time>
      </trkpt>
      <trkpt lat="23.067916" lon="113.268663">
        <time>2026-09-11T23:38:00Z</time>
      </trkpt>
      <trkpt lat="23.068037" lon="113.268731">
        <time>2026-09-11T23:38:05Z</time>
      </trkpt>
      <trkpt lat="23.068155" lon="113.268783">
        <time>2026-09-11T23:38:10Z</time>
      </trkpt>
      <trkpt lat="23.068265" lon="113.268833">
        <time>2026-09-11T23:38:15Z</time>
      </trkpt>
      <trkpt lat="23.068373" lon="113.268869">
        <time>2026-09-11T23:38:20Z</time>
      </trkpt>
      <trkpt lat="23.068484" lon="113.268897">
        <time>2026-09-11T23:38:25Z</time>
      </trkpt>
      <trkpt lat="23.068603" lon="113.268945">
        <time>2026-09-11T23:38:30Z</time>
      </trkpt>
      <trkpt lat="23.068718" lon="113.268997">
        <time>2026-09-11T23:38:35Z</time>
      </trkpt>
      <trkpt lat="23.068834" lon="113.269071">
        <time>2026-09-11T23:38:40Z</time>
      </trkpt>
      <trkpt lat="23.068964" lon="113.269127">
        <time>2026-09-11T23:38:45Z</time>
      </trkpt>
      <trkpt lat="23.069054" lon="113.269112">
        <time>2026-09-11T23:38:50Z</time>
      </trkpt>
      <trkpt lat="23.068988" lon="113.269033">
        <time>2026-09-11T23:38:55Z</time>
      </trkpt>
      <trkpt lat="23.068879" lon="113.268961">
        <time>2026-09-11T23:39:00Z</time>
      </trkpt>
      <trkpt lat="23.06877" lon="113.268893">
        <time>2026-09-11T23:39:05Z</time>
      </trkpt>
      <trkpt lat="23.068661" lon="113.26884">
        <time>2026-09-11T23:39:10Z</time>
      </trkpt>
      <trkpt lat="23.068532" lon="113.268794">
        <time>2026-09-11T23:39:15Z</time>
      </trkpt>
      <trkpt lat="23.068404" lon="113.268736">
        <time>2026-09-11T23:39:20Z</time>
      </trkpt>
      <trkpt lat="23.068289" lon="113.268684">
        <time>2026-09-11T23:39:25Z</time>
      </trkpt>
      <trkpt lat="23.068154" lon="113.268636">
        <time>2026-09-11T23:39:30Z</time>
      </trkpt>
      <trkpt lat="23.068019" lon="113.268567">
        <time>2026-09-11T23:39:35Z</time>
      </trkpt>
      <trkpt lat="23.067893" lon="113.268492">
        <time>2026-09-11T23:39:40Z</time>
      </trkpt>
      <trkpt lat="23.067769" lon="113.268429">
        <time>2026-09-11T23:39:45Z</time>
      </trkpt>
      <trkpt lat="23.067648" lon="113.268364">
        <time>2026-09-11T23:39:50Z</time>
      </trkpt>
      <trkpt lat="23.067529" lon="113.268304">
        <time>2026-09-11T23:39:55Z</time>
      </trkpt>
      <trkpt lat="23.067399" lon="113.26826">
        <time>2026-09-11T23:40:00Z</time>
      </trkpt>
      <trkpt lat="23.067276" lon="113.268208">
        <time>2026-09-11T23:40:05Z</time>
      </trkpt>
      <trkpt lat="23.067165" lon="113.268161">
        <time>2026-09-11T23:40:10Z</time>
      </trkpt>
      <trkpt lat="23.067066" lon="113.268093">
        <time>2026-09-11T23:40:15Z</time>
      </trkpt>
      <trkpt lat="23.066949" lon="113.268041">
        <time>2026-09-11T23:40:20Z</time>
      </trkpt>
      <trkpt lat="23.066821" lon="113.268007">
        <time>2026-09-11T23:40:25Z</time>
      </trkpt>
      <trkpt lat="23.066685" lon="113.267997">
        <time>2026-09-11T23:40:30Z</time>
      </trkpt>
      <trkpt lat="23.06656" lon="113.26797">
        <time>2026-09-11T23:40:35Z</time>
      </trkpt>
      <trkpt lat="23.066435" lon="113.267946">
        <time>2026-09-11T23:40:40Z</time>
      </trkpt>
      <trkpt lat="23.066312" lon="113.26796">
        <time>2026-09-11T23:40:45Z</time>
      </trkpt>
      <trkpt lat="23.066199" lon="113.268029">
        <time>2026-09-11T23:40:50Z</time>
      </trkpt>
      <trkpt lat="23.066104" lon="113.268128">
        <time>2026-09-11T23:40:55Z</time>
      </trkpt>
      <trkpt lat="23.066016" lon="113.268233">
        <time>2026-09-11T23:41:00Z</time>
      </trkpt>
      <trkpt lat="23.065932" lon="113.268343">
        <time>2026-09-11T23:41:05Z</time>
      </trkpt>
      <trkpt lat="23.06585" lon="113.268456">
        <time>2026-09-11T23:41:10Z</time>
      </trkpt>
      <trkpt lat="23.065778" lon="113.268579">
        <time>2026-09-11T23:41:15Z</time>
      </trkpt>
      <trkpt lat="23.065714" lon="113.2687">
        <time>2026-09-11T23:41:20Z</time>
      </trkpt>
      <trkpt lat="23.065662" lon="113.268825">
        <time>2026-09-11T23:41:25Z</time>
      </trkpt>
      <trkpt lat="23.065623" lon="113.268949">
        <time>2026-09-11T23:41:30Z</time>
      </trkpt>
      <trkpt lat="23.065584" lon="113.269078">
        <time>2026-09-11T23:41:35Z</time>
      </trkpt>
      <trkpt lat="23.065549" lon="113.269216">
        <time>2026-09-11T23:41:40Z</time>
      </trkpt>
      <trkpt lat="23.065501" lon="113.269342">
        <time>2026-09-11T23:41:45Z</time>
      </trkpt>
      <trkpt lat="23.065464" lon="113.269472">
        <time>2026-09-11T23:41:50Z</time>
      </trkpt>
      <trkpt lat="23.065439" lon="113.269604">
        <time>2026-09-11T23:41:55Z</time>
      </trkpt>
      <trkpt lat="23.065411" lon="113.269738">
        <time>2026-09-11T23:42:00Z</time>
      </trkpt>
      <trkpt lat="23.065373" lon="113.26987">
        <time>2026-09-11T23:42:05Z</time>
      </trkpt>
      <trkpt lat="23.065334" lon="113.270002">
        <time>2026-09-11T23:42:10Z</time>
      </trkpt>
      <trkpt lat="23.065306" lon="113.270137">
        <time>2026-09-11T23:42:15Z</time>
      </trkpt>
      <trkpt lat="23.065271" lon="113.270272">
        <time>2026-09-11T23:42:20Z</time>
      </trkpt>
      <trkpt lat="23.065214" lon="113.270403">
        <time>2026-09-11T23:42:25Z</time>
      </trkpt>
      <trkpt lat="23.065157" lon="113.270531">
        <time>2026-09-11T23:42:30Z</time>
      </trkpt>
      <trkpt lat="23.065102" lon="113.270655">
        <time>2026-09-11T23:42:35Z</time>
      </trkpt>
      <trkpt lat="23.065051" lon="113.270779">
        <time>2026-09-11T23:42:40Z</time>
      </trkpt>
      <trkpt lat="23.064993" lon="113.270908">
        <time>2026-09-11T23:42:45Z</time>
      </trkpt>
      <trkpt lat="23.064941" lon="113.271036">
        <time>2026-09-11T23:42:50Z</time>
      </trkpt>
      <trkpt lat="23.064887" lon="113.271163">
        <time>2026-09-11T23:42:55Z</time>
      </trkpt>
      <trkpt lat="23.064824" lon="113.271289">
        <time>2026-09-11T23:43:00Z</time>
      </trkpt>
      <trkpt lat="23.064759" lon="113.271414">
        <time>2026-09-11T23:43:05Z</time>
      </trkpt>
      <trkpt lat="23.064697" lon="113.271543">
        <time>2026-09-11T23:43:10Z</time>
      </trkpt>
      <trkpt lat="23.064632" lon="113.271669">
        <time>2026-09-11T23:43:15Z</time>
      </trkpt>
      <trkpt lat="23.06457" lon="113.271797">
        <time>2026-09-11T23:43:20Z</time>
      </trkpt>
      <trkpt lat="23.064511" lon="113.271929">
        <time>2026-09-11T23:43:25Z</time>
      </trkpt>
      <trkpt lat="23.064439" lon="113.272038">
        <time>2026-09-11T23:43:30Z</time>
      </trkpt>
      <trkpt lat="23.064355" lon="113.272135">
        <time>2026-09-11T23:43:35Z</time>
      </trkpt>
      <trkpt lat="23.06432" lon="113.272266">
        <time>2026-09-11T23:43:40Z</time>
      </trkpt>
      <trkpt lat="23.064317" lon="113.272402">
        <time>2026-09-11T23:43:45Z</time>
      </trkpt>
      <trkpt lat="23.064313" lon="113.272542">
        <time>2026-09-11T23:43:50Z</time>
      </trkpt>
      <trkpt lat="23.064327" lon="113.27269">
        <time>2026-09-11T23:43:55Z</time>
      </trkpt>
      <trkpt lat="23.06437" lon="113.272831">
        <time>2026-09-11T23:44:00Z</time>
      </trkpt>
      <trkpt lat="23.064417" lon="113.272965">
        <time>2026-09-11T23:44:05Z</time>
      </trkpt>
      <trkpt lat="23.064458" lon="113.273091">
        <time>2026-09-11T23:44:10Z</time>
      </trkpt>
      <trkpt lat="23.064459" lon="113.273234">
        <time>2026-09-11T23:44:15Z</time>
      </trkpt>
      <trkpt lat="23.064387" lon="113.273352">
        <time>2026-09-11T23:44:20Z</time>
      </trkpt>
      <trkpt lat="23.064266" lon="113.273449">
        <time>2026-09-11T23:44:25Z</time>
      </trkpt>
      <trkpt lat="23.064144" lon="113.27353">
        <time>2026-09-11T23:44:30Z</time>
      </trkpt>
      <trkpt lat="23.064032" lon="113.273609">
        <time>2026-09-11T23:44:35Z</time>
      </trkpt>
      <trkpt lat="23.063928" lon="113.273686">
        <time>2026-09-11T23:44:40Z</time>
      </trkpt>
      <trkpt lat="23.063846" lon="113.27379">
        <time>2026-09-11T23:44:45Z</time>
      </trkpt>
      <trkpt lat="23.06378" lon="113.27391">
        <time>2026-09-11T23:44:50Z</time>
      </trkpt>
      <trkpt lat="23.063719" lon="113.274021">
        <time>2026-09-11T23:44:55Z</time>
      </trkpt>
      <trkpt lat="23.063638" lon="113.274112">
        <time>2026-09-11T23:45:00Z</time>
      </trkpt>
      <trkpt lat="23.063548" lon="113.2742">
        <time>2026-09-11T23:45:05Z</time>
      </trkpt>
      <trkpt lat="23.063478" lon="113.274326">
        <time>2026-09-11T23:45:10Z</time>
      </trkpt>
      <trkpt lat="23.063425" lon="113.274461">
        <time>2026-09-11T23:45:15Z</time>
      </trkpt>
      <trkpt lat="23.063381" lon="113.2746">
        <time>2026-09-11T23:45:20Z</time>
      </trkpt>
      <trkpt lat="23.063332" lon="113.274739">
        <time>2026-09-11T23:45:25Z</time>
      </trkpt>
      <trkpt lat="23.06328" lon="113.274883">
        <time>2026-09-11T23:45:30Z</time>
      </trkpt>
      <trkpt lat="23.063226" lon="113.275027">
        <time>2026-09-11T23:45:35Z</time>
      </trkpt>
      <trkpt lat="23.063156" lon="113.275156">
        <time>2026-09-11T23:45:40Z</time>
      </trkpt>
      <trkpt lat="23.063084" lon="113.275272">
        <time>2026-09-11T23:45:45Z</time>
      </trkpt>
      <trkpt lat="23.063014" lon="113.275382">
        <time>2026-09-11T23:45:50Z</time>
      </trkpt>
      <trkpt lat="23.06294" lon="113.275506">
        <time>2026-09-11T23:45:55Z</time>
      </trkpt>
      <trkpt lat="23.062844" lon="113.275619">
        <time>2026-09-11T23:46:00Z</time>
      </trkpt>
      <trkpt lat="23.062741" lon="113.27572">
        <time>2026-09-11T23:46:05Z</time>
      </trkpt>
      <trkpt lat="23.062638" lon="113.275811">
        <time>2026-09-11T23:46:10Z</time>
      </trkpt>
      <trkpt lat="23.062543" lon="113.275909">
        <time>2026-09-11T23:46:15Z</time>
      </trkpt>
      <trkpt lat="23.062471" lon="113.276028">
        <time>2026-09-11T23:46:20Z</time>
      </trkpt>
      <trkpt lat="23.06239" lon="113.276144">
        <time>2026-09-11T23:46:25Z</time>
      </trkpt>
      <trkpt lat="23.06232" lon="113.276266">
        <time>2026-09-11T23:46:30Z</time>
      </trkpt>
      <trkpt lat="23.062283" lon="113.276395">
        <time>2026-09-11T23:46:35Z</time>
      </trkpt>
      <trkpt lat="23.062237" lon="113.27652">
        <time>2026-09-11T23:46:40Z</time>
      </trkpt>
      <trkpt lat="23.062185" lon="113.276649">
        <time>2026-09-11T23:46:45Z</time>
      </trkpt>
      <trkpt lat="23.062132" lon="113.276781">
        <time>2026-09-11T23:46:50Z</time>
      </trkpt>
      <trkpt lat="23.062077" lon="113.276915">
        <time>2026-09-11T23:46:55Z</time>
      </trkpt>
      <trkpt lat="23.06204" lon="113.277047">
        <time>2026-09-11T23:47:00Z</time>
      </trkpt>
      <trkpt lat="23.061996" lon="113.277193">
        <time>2026-09-11T23:47:05Z</time>
      </trkpt>
      <trkpt lat="23.061956" lon="113.277336">
        <time>2026-09-11T23:47:10Z</time>
      </trkpt>
      <trkpt lat="23.061916" lon="113.277473">
        <time>2026-09-11T23:47:15Z</time>
      </trkpt>
      <trkpt lat="23.061864" lon="113.277609">
        <time>2026-09-11T23:47:20Z</time>
      </trkpt>
      <trkpt lat="23.06182" lon="113.277751">
        <time>2026-09-11T23:47:25Z</time>
      </trkpt>
      <trkpt lat="23.061792" lon="113.277893">
        <time>2026-09-11T23:47:30Z</time>
      </trkpt>
      <trkpt lat="23.061794" lon="113.278026">
        <time>2026-09-11T23:47:35Z</time>
      </trkpt>
      <trkpt lat="23.061807" lon="113.278159">
        <time>2026-09-11T23:47:40Z</time>
      </trkpt>
      <trkpt lat="23.061822" lon="113.278297">
        <time>2026-09-11T23:47:45Z</time>
      </trkpt>
      <trkpt lat="23.061842" lon="113.278428">
        <time>2026-09-11T23:47:50Z</time>
      </trkpt>
      <trkpt lat="23.061843" lon="113.278568">
        <time>2026-09-11T23:47:55Z</time>
      </trkpt>
      <trkpt lat="23.061827" lon="113.278718">
        <time>2026-09-11T23:48:00Z</time>
      </trkpt>
      <trkpt lat="23.061751" lon="113.278769">
        <time>2026-09-11T23:48:05Z</time>
      </trkpt>
      <trkpt lat="23.06167" lon="113.27886">
        <time>2026-09-11T23:48:10Z</time>
      </trkpt>
      <trkpt lat="23.061618" lon="113.279002">
        <time>2026-09-11T23:48:15Z</time>
      </trkpt>
      <trkpt lat="23.061565" lon="113.279136">
        <time>2026-09-11T23:48:20Z</time>
      </trkpt>
      <trkpt lat="23.06152" lon="113.279245">
        <time>2026-09-11T23:48:25Z</time>
      </trkpt>
      <trkpt lat="23.061477" lon="113.279374">
        <time>2026-09-11T23:48:30Z</time>
      </trkpt>
      <trkpt lat="23.061441" lon="113.279514">
        <time>2026-09-11T23:48:35Z</time>
      </trkpt>
      <trkpt lat="23.061393" lon="113.279643">
        <time>2026-09-11T23:48:40Z</time>
      </trkpt>
      <trkpt lat="23.061341" lon="113.279771">
        <time>2026-09-11T23:48:45Z</time>
      </trkpt>
      <trkpt lat="23.061289" lon="113.279903">
        <time>2026-09-11T23:48:50Z</time>
      </trkpt>
      <trkpt lat="23.061226" lon="113.280024">
        <time>2026-09-11T23:48:55Z</time>
      </trkpt>
      <trkpt lat="23.06117" lon="113.280148">
        <time>2026-09-11T23:49:00Z</time>
      </trkpt>
      <trkpt lat="23.061121" lon="113.280271">
        <time>2026-09-11T23:49:05Z</time>
      </trkpt>
      <trkpt lat="23.061167" lon="113.280324">
        <time>2026-09-11T23:49:10Z</time>
      </trkpt>
      <trkpt lat="23.061279" lon="113.280246">
        <time>2026-09-11T23:49:15Z</time>
      </trkpt>
      <trkpt lat="23.061353" lon="113.280124">
        <time>2026-09-11T23:49:20Z</time>
      </trkpt>
      <trkpt lat="23.061406" lon="113.280013">
        <time>2026-09-11T23:49:25Z</time>
      </trkpt>
      <trkpt lat="23.06144" lon="113.279931">
        <time>2026-09-11T23:49:30Z</time>
      </trkpt>
      <trkpt lat="23.061482" lon="113.279813">
        <time>2026-09-11T23:49:35Z</time>
      </trkpt>
      <trkpt lat="23.061528" lon="113.279684">
        <time>2026-09-11T23:49:40Z</time>
      </trkpt>
      <trkpt lat="23.061577" lon="113.279563">
        <time>2026-09-11T23:49:45Z</time>
      </trkpt>
      <trkpt lat="23.061633" lon="113.279436">
        <time>2026-09-11T23:49:50Z</time>
      </trkpt>
      <trkpt lat="23.061686" lon="113.279303">
        <time>2026-09-11T23:49:55Z</time>
      </trkpt>
      <trkpt lat="23.061743" lon="113.279169">
        <time>2026-09-11T23:50:00Z</time>
      </trkpt>
      <trkpt lat="23.061815" lon="113.279045">
        <time>2026-09-11T23:50:05Z</time>
      </trkpt>
      <trkpt lat="23.061893" lon="113.278931">
        <time>2026-09-11T23:50:10Z</time>
      </trkpt>
      <trkpt lat="23.061957" lon="113.278807">
        <time>2026-09-11T23:50:15Z</time>
      </trkpt>
      <trkpt lat="23.061975" lon="113.278668">
        <time>2026-09-11T23:50:20Z</time>
      </trkpt>
      <trkpt lat="23.061965" lon="113.278532">
        <time>2026-09-11T23:50:25Z</time>
      </trkpt>
      <trkpt lat="23.061959" lon="113.278391">
        <time>2026-09-11T23:50:30Z</time>
      </trkpt>
      <trkpt lat="23.06195" lon="113.278244">
        <time>2026-09-11T23:50:35Z</time>
      </trkpt>
      <trkpt lat="23.061938" lon="113.278092">
        <time>2026-09-11T23:50:40Z</time>
      </trkpt>
      <trkpt lat="23.061927" lon="113.277939">
        <time>2026-09-11T23:50:45Z</time>
      </trkpt>
      <trkpt lat="23.061931" lon="113.277791">
        <time>2026-09-11T23:50:50Z</time>
      </trkpt>
      <trkpt lat="23.061974" lon="113.277649">
        <time>2026-09-11T23:50:55Z</time>
      </trkpt>
      <trkpt lat="23.062037" lon="113.277509">
        <time>2026-09-11T23:51:00Z</time>
      </trkpt>
      <trkpt lat="23.062088" lon="113.277378">
        <time>2026-09-11T23:51:05Z</time>
      </trkpt>
      <trkpt lat="23.062134" lon="113.277243">
        <time>2026-09-11T23:51:10Z</time>
      </trkpt>
      <trkpt lat="23.062183" lon="113.277102">
        <time>2026-09-11T23:51:15Z</time>
      </trkpt>
      <trkpt lat="23.062232" lon="113.276969">
        <time>2026-09-11T23:51:20Z</time>
      </trkpt>
      <trkpt lat="23.062282" lon="113.276834">
        <time>2026-09-11T23:51:25Z</time>
      </trkpt>
      <trkpt lat="23.062332" lon="113.276696">
        <time>2026-09-11T23:51:30Z</time>
      </trkpt>
      <trkpt lat="23.062384" lon="113.276557">
        <time>2026-09-11T23:51:35Z</time>
      </trkpt>
      <trkpt lat="23.062434" lon="113.276419">
        <time>2026-09-11T23:51:40Z</time>
      </trkpt>
      <trkpt lat="23.062485" lon="113.276285">
        <time>2026-09-11T23:51:45Z</time>
      </trkpt>
      <trkpt lat="23.062553" lon="113.276149">
        <time>2026-09-11T23:51:50Z</time>
      </trkpt>
      <trkpt lat="23.062628" lon="113.27602">
        <time>2026-09-11T23:51:55Z</time>
      </trkpt>
      <trkpt lat="23.062712" lon="113.275906">
        <time>2026-09-11T23:52:00Z</time>
      </trkpt>
      <trkpt lat="23.062803" lon="113.275803">
        <time>2026-09-11T23:52:05Z</time>
      </trkpt>
      <trkpt lat="23.062909" lon="113.275707">
        <time>2026-09-11T23:52:10Z</time>
      </trkpt>
      <trkpt lat="23.063013" lon="113.275601">
        <time>2026-09-11T23:52:15Z</time>
      </trkpt>
      <trkpt lat="23.063099" lon="113.275483">
        <time>2026-09-11T23:52:20Z</time>
      </trkpt>
      <trkpt lat="23.06317" lon="113.275367">
        <time>2026-09-11T23:52:25Z</time>
      </trkpt>
      <trkpt lat="23.063241" lon="113.275246">
        <time>2026-09-11T23:52:30Z</time>
      </trkpt>
      <trkpt lat="23.063325" lon="113.275132">
        <time>2026-09-11T23:52:35Z</time>
      </trkpt>
      <trkpt lat="23.063391" lon="113.275008">
        <time>2026-09-11T23:52:40Z</time>
      </trkpt>
      <trkpt lat="23.063433" lon="113.274882">
        <time>2026-09-11T23:52:45Z</time>
      </trkpt>
      <trkpt lat="23.063468" lon="113.274765">
        <time>2026-09-11T23:52:50Z</time>
      </trkpt>
      <trkpt lat="23.063498" lon="113.274644">
        <time>2026-09-11T23:52:55Z</time>
      </trkpt>
      <trkpt lat="23.063529" lon="113.27453">
        <time>2026-09-11T23:53:00Z</time>
      </trkpt>
      <trkpt lat="23.063589" lon="113.274427">
        <time>2026-09-11T23:53:05Z</time>
      </trkpt>
      <trkpt lat="23.063669" lon="113.274333">
        <time>2026-09-11T23:53:10Z</time>
      </trkpt>
      <trkpt lat="23.063756" lon="113.274234">
        <time>2026-09-11T23:53:15Z</time>
      </trkpt>
      <trkpt lat="23.063838" lon="113.27413">
        <time>2026-09-11T23:53:20Z</time>
      </trkpt>
      <trkpt lat="23.063913" lon="113.274007">
        <time>2026-09-11T23:53:25Z</time>
      </trkpt>
      <trkpt lat="23.063988" lon="113.273877">
        <time>2026-09-11T23:53:30Z</time>
      </trkpt>
      <trkpt lat="23.064075" lon="113.273754">
        <time>2026-09-11T23:53:35Z</time>
      </trkpt>
      <trkpt lat="23.064175" lon="113.273662">
        <time>2026-09-11T23:53:40Z</time>
      </trkpt>
      <trkpt lat="23.064275" lon="113.273587">
        <time>2026-09-11T23:53:45Z</time>
      </trkpt>
      <trkpt lat="23.064373" lon="113.27351">
        <time>2026-09-11T23:53:50Z</time>
      </trkpt>
      <trkpt lat="23.064475" lon="113.273415">
        <time>2026-09-11T23:53:55Z</time>
      </trkpt>
      <trkpt lat="23.064558" lon="113.273302">
        <time>2026-09-11T23:54:00Z</time>
      </trkpt>
      <trkpt lat="23.064594" lon="113.273167">
        <time>2026-09-11T23:54:05Z</time>
      </trkpt>
      <trkpt lat="23.064565" lon="113.273019">
        <time>2026-09-11T23:54:10Z</time>
      </trkpt>
      <trkpt lat="23.06451" lon="113.272873">
        <time>2026-09-11T23:54:15Z</time>
      </trkpt>
      <trkpt lat="23.064459" lon="113.272728">
        <time>2026-09-11T23:54:20Z</time>
      </trkpt>
      <trkpt lat="23.064448" lon="113.272585">
        <time>2026-09-11T23:54:25Z</time>
      </trkpt>
      <trkpt lat="23.064511" lon="113.272465">
        <time>2026-09-11T23:54:30Z</time>
      </trkpt>
      <trkpt lat="23.064557" lon="113.272333">
        <time>2026-09-11T23:54:35Z</time>
      </trkpt>
      <trkpt lat="23.064568" lon="113.272199">
        <time>2026-09-11T23:54:40Z</time>
      </trkpt>
      <trkpt lat="23.064621" lon="113.272082">
        <time>2026-09-11T23:54:45Z</time>
      </trkpt>
      <trkpt lat="23.064686" lon="113.27197">
        <time>2026-09-11T23:54:50Z</time>
      </trkpt>
      <trkpt lat="23.064743" lon="113.271852">
        <time>2026-09-11T23:54:55Z</time>
      </trkpt>
      <trkpt lat="23.064799" lon="113.271724">
        <time>2026-09-11T23:55:00Z</time>
      </trkpt>
      <trkpt lat="23.064858" lon="113.27159">
        <time>2026-09-11T23:55:05Z</time>
      </trkpt>
      <trkpt lat="23.064921" lon="113.271461">
        <time>2026-09-11T23:55:10Z</time>
      </trkpt>
      <trkpt lat="23.064977" lon="113.271332">
        <time>2026-09-11T23:55:15Z</time>
      </trkpt>
      <trkpt lat="23.065034" lon="113.271203">
        <time>2026-09-11T23:55:20Z</time>
      </trkpt>
      <trkpt lat="23.065103" lon="113.271084">
        <time>2026-09-11T23:55:25Z</time>
      </trkpt>
      <trkpt lat="23.06516" lon="113.270954">
        <time>2026-09-11T23:55:30Z</time>
      </trkpt>
      <trkpt lat="23.06522" lon="113.27082">
        <time>2026-09-11T23:55:35Z</time>
      </trkpt>
      <trkpt lat="23.065284" lon="113.27069">
        <time>2026-09-11T23:55:40Z</time>
      </trkpt>
      <trkpt lat="23.065342" lon="113.270558">
        <time>2026-09-11T23:55:45Z</time>
      </trkpt>
      <trkpt lat="23.065397" lon="113.270431">
        <time>2026-09-11T23:55:50Z</time>
      </trkpt>
      <trkpt lat="23.06545" lon="113.270307">
        <time>2026-09-11T23:55:55Z</time>
      </trkpt>
      <trkpt lat="23.065505" lon="113.27018">
        <time>2026-09-11T23:56:00Z</time>
      </trkpt>
      <trkpt lat="23.065553" lon="113.270055">
        <time>2026-09-11T23:56:05Z</time>
      </trkpt>
      <trkpt lat="23.065594" lon="113.269931">
        <time>2026-09-11T23:56:10Z</time>
      </trkpt>
      <trkpt lat="23.065629" lon="113.269809">
        <time>2026-09-11T23:56:15Z</time>
      </trkpt>
      <trkpt lat="23.065662" lon="113.269684">
        <time>2026-09-11T23:56:20Z</time>
      </trkpt>
      <trkpt lat="23.065705" lon="113.269554">
        <time>2026-09-11T23:56:25Z</time>
      </trkpt>
      <trkpt lat="23.065744" lon="113.269421">
        <time>2026-09-11T23:56:30Z</time>
      </trkpt>
      <trkpt lat="23.06577" lon="113.26928">
        <time>2026-09-11T23:56:35Z</time>
      </trkpt>
      <trkpt lat="23.065801" lon="113.26914">
        <time>2026-09-11T23:56:40Z</time>
      </trkpt>
      <trkpt lat="23.06585" lon="113.269008">
        <time>2026-09-11T23:56:45Z</time>
      </trkpt>
      <trkpt lat="23.065917" lon="113.268884">
        <time>2026-09-11T23:56:50Z</time>
      </trkpt>
      <trkpt lat="23.065981" lon="113.268756">
        <time>2026-09-11T23:56:55Z</time>
      </trkpt>
      <trkpt lat="23.066045" lon="113.268629">
        <time>2026-09-11T23:57:00Z</time>
      </trkpt>
      <trkpt lat="23.066116" lon="113.268512">
        <time>2026-09-11T23:57:05Z</time>
      </trkpt>
      <trkpt lat="23.066194" lon="113.268402">
        <time>2026-09-11T23:57:10Z</time>
      </trkpt>
      <trkpt lat="23.066279" lon="113.268288">
        <time>2026-09-11T23:57:15Z</time>
      </trkpt>
      <trkpt lat="23.066382" lon="113.268188">
        <time>2026-09-11T23:57:20Z</time>
      </trkpt>
      <trkpt lat="23.066503" lon="113.268143">
        <time>2026-09-11T23:57:25Z</time>
      </trkpt>
      <trkpt lat="23.066634" lon="113.268153">
        <time>2026-09-11T23:57:30Z</time>
      </trkpt>
      <trkpt lat="23.066768" lon="113.26815">
        <time>2026-09-11T23:57:35Z</time>
      </trkpt>
      <trkpt lat="23.066903" lon="113.26815">
        <time>2026-09-11T23:57:40Z</time>
      </trkpt>
      <trkpt lat="23.067031" lon="113.268187">
        <time>2026-09-11T23:57:45Z</time>
      </trkpt>
      <trkpt lat="23.067133" lon="113.268264">
        <time>2026-09-11T23:57:50Z</time>
      </trkpt>
      <trkpt lat="23.067234" lon="113.268341">
        <time>2026-09-11T23:57:55Z</time>
      </trkpt>
      <trkpt lat="23.067341" lon="113.268398">
        <time>2026-09-11T23:58:00Z</time>
      </trkpt>
      <trkpt lat="23.067456" lon="113.268461">
        <time>2026-09-11T23:58:05Z</time>
      </trkpt>
      <trkpt lat="23.067579" lon="113.268536">
        <time>2026-09-11T23:58:10Z</time>
      </trkpt>
      <trkpt lat="23.067706" lon="113.2686">
        <time>2026-09-11T23:58:15Z</time>
      </trkpt>
      <trkpt lat="23.067835" lon="113.268658">
        <time>2026-09-11T23:58:20Z</time>
      </trkpt>
      <trkpt lat="23.067963" lon="113.268712">
        <time>2026-09-11T23:58:25Z</time>
      </trkpt>
      <trkpt lat="23.06809" lon="113.268767">
        <time>2026-09-11T23:58:30Z</time>
      </trkpt>
      <trkpt lat="23.068214" lon="113.268825">
        <time>2026-09-11T23:58:35Z</time>
      </trkpt>
      <trkpt lat="23.068325" lon="113.26887">
        <time>2026-09-11T23:58:40Z</time>
      </trkpt>
      <trkpt lat="23.06844" lon="113.26893">
        <time>2026-09-11T23:58:45Z</time>
      </trkpt>
      <trkpt lat="23.068567" lon="113.268997">
        <time>2026-09-11T23:58:50Z</time>
      </trkpt>
      <trkpt lat="23.068693" lon="113.269066">
        <time>2026-09-11T23:58:55Z</time>
      </trkpt>
      <trkpt lat="23.068816" lon="113.269131">
        <time>2026-09-11T23:59:00Z</time>
      </trkpt>
      <trkpt lat="23.068956" lon="113.269171">
        <time>2026-09-11T23:59:05Z</time>
      </trkpt>
      <trkpt lat="23.069091" lon="113.269226">
        <time>2026-09-11T23:59:10Z</time>
      </trkpt>
      <trkpt lat="23.069223" lon="113.269273">
        <time>2026-09-11T23:59:15Z</time>
      </trkpt>
      <trkpt lat="23.069316" lon="113.269344">
        <time>2026-09-11T23:59:20Z</time>
      </trkpt>
      <trkpt lat="23.069413" lon="113.269411">
        <time>2026-09-11T23:59:25Z</time>
      </trkpt>
      <trkpt lat="23.069529" lon="113.26947">
        <time>2026-09-11T23:59:30Z</time>
      </trkpt>
      <trkpt lat="23.069652" lon="113.26952">
        <time>2026-09-11T23:59:35Z</time>
      </trkpt>
      <trkpt lat="23.06977" lon="113.269588">
        <time>2026-09-11T23:59:40Z</time>
      </trkpt>
      <trkpt lat="23.069879" lon="113.269653">
        <time>2026-09-11T23:59:45Z</time>
      </trkpt>
      <trkpt lat="23.069994" lon="113.269707">
        <time>2026-09-11T23:59:50Z</time>
      </trkpt>
      <trkpt lat="23.070104" lon="113.26977">
        <time>2026-09-11T23:59:55Z</time>
      </trkpt>
      <trkpt lat="23.070211" lon="113.269831">
        <time>2026-09-12T00:00:00Z</time>
      </trkpt>
      <trkpt lat="23.070321" lon="113.269892">
        <time>2026-09-12T00:00:05Z</time>
      </trkpt>
      <trkpt lat="23.070432" lon="113.269945">
        <time>2026-09-12T00:00:10Z</time>
      </trkpt>
      <trkpt lat="23.070549" lon="113.269998">
        <time>2026-09-12T00:00:15Z</time>
      </trkpt>
      <trkpt lat="23.070665" lon="113.270048">
        <time>2026-09-12T00:00:20Z</time>
      </trkpt>
      <trkpt lat="23.070781" lon="113.2701">
        <time>2026-09-12T00:00:25Z</time>
      </trkpt>
      <trkpt lat="23.070891" lon="113.270139">
        <time>2026-09-12T00:00:30Z</time>
      </trkpt>
      <trkpt lat="23.070991" lon="113.270176">
        <time>2026-09-12T00:00:35Z</time>
      </trkpt>
      <trkpt lat="23.071086" lon="113.270222">
        <time>2026-09-12T00:00:40Z</time>
      </trkpt>
      <trkpt lat="23.071179" lon="113.270274">
        <time>2026-09-12T00:00:45Z</time>
      </trkpt>
      <trkpt lat="23.07129" lon="113.270319">
        <time>2026-09-12T00:00:50Z</time>
      </trkpt>
      <trkpt lat="23.071395" lon="113.270381">
        <time>2026-09-12T00:00:55Z</time>
      </trkpt>
      <trkpt lat="23.071485" lon="113.270443">
        <time>2026-09-12T00:01:00Z</time>
      </trkpt>
      <trkpt lat="23.071591" lon="113.270497">
        <time>2026-09-12T00:01:05Z</time>
      </trkpt>
      <trkpt lat="23.071703" lon="113.270548">
        <time>2026-09-12T00:01:10Z</time>
      </trkpt>
      <trkpt lat="23.071812" lon="113.270614">
        <time>2026-09-12T00:01:15Z</time>
      </trkpt>
      <trkpt lat="23.071907" lon="113.270684">
        <time>2026-09-12T00:01:20Z</time>
      </trkpt>
      <trkpt lat="23.071996" lon="113.270744">
        <time>2026-09-12T00:01:25Z</time>
      </trkpt>
      <trkpt lat="23.072124" lon="113.270782">
        <time>2026-09-12T00:01:30Z</time>
      </trkpt>
      <trkpt lat="23.07225" lon="113.270823">
        <time>2026-09-12T00:01:35Z</time>
      </trkpt>
      <trkpt lat="23.072371" lon="113.270864">
        <time>2026-09-12T00:01:40Z</time>
      </trkpt>
      <trkpt lat="23.072498" lon="113.27091">
        <time>2026-09-12T00:01:45Z</time>
      </trkpt>
      <trkpt lat="23.072614" lon="113.27097">
        <time>2026-09-12T00:01:50Z</time>
      </trkpt>
      <trkpt lat="23.072727" lon="113.271036">
        <time>2026-09-12T00:01:55Z</time>
      </trkpt>
      <trkpt lat="23.072832" lon="113.271111">
        <time>2026-09-12T00:02:00Z</time>
      </trkpt>
      <trkpt lat="23.07292" lon="113.271171">
        <time>2026-09-12T00:02:05Z</time>
      </trkpt>
      <trkpt lat="23.073014" lon="113.271215">
        <time>2026-09-12T00:02:10Z</time>
      </trkpt>
      <trkpt lat="23.073139" lon="113.271239">
        <time>2026-09-12T00:02:15Z</time>
      </trkpt>
      <trkpt lat="23.07326" lon="113.271254">
        <time>2026-09-12T00:02:20Z</time>
      </trkpt>
      <trkpt lat="23.073367" lon="113.271309">
        <time>2026-09-12T00:02:25Z</time>
      </trkpt>
      <trkpt lat="23.073475" lon="113.27137">
        <time>2026-09-12T00:02:30Z</time>
      </trkpt>
      <trkpt lat="23.073577" lon="113.271443">
        <time>2026-09-12T00:02:35Z</time>
      </trkpt>
      <trkpt lat="23.073711" lon="113.271539">
        <time>2026-09-12T00:02:41Z</time>
      </trkpt>
    </trkseg>
  </trk>
</gpx>