<?xml version="1.0" encoding="UTF-8"?>
<gpx xmlns="http://www.topografix.com/GPX/1/1" xmlns:gpxtpx="http://www.garmin.com/xmlschemas/TrackPointExtension/v1" xmlns:xsi="http://www.w3.org/2001/XMLSchema-instance" xsi:schemaLocation="http://www.topografix.com/GPX/1/1 http://www.topografix.com/GPX/1/1/gpx.xsd" version="1.1" creator="gpx.py -- https://github.com/tkrajina/gpxpy">
  <trk>
    <name>gpx from joyrun</name>
    <trkseg>
      <trkpt lat="23.075933" lon="113.272803">
        <time>2026-09-18T22:11:45Z</time>
      </trkpt>
      <trkpt lat="23.075921" lon="113.272763">
        <time>2026-09-18T22:11:50Z</time>
      </trkpt>
      <trkpt lat="23.075829" lon="113.272703">
        <time>2026-09-18T22:11:55Z</time>
      </trkpt>
      <trkpt lat="23.075734" lon="113.272637">
        <time>2026-09-18T22:12:00Z</time>
      </trkpt>
      <trkpt lat="23.075658" lon="113.272565">
        <time>2026-09-18T22:12:05Z</time>
      </trkpt>
      <trkpt lat="23.075585" lon="113.272495">
        <time>2026-09-18T22:12:10Z</time>
      </trkpt>
      <trkpt lat="23.075496" lon="113.272447">
        <time>2026-09-18T22:12:15Z</time>
      </trkpt>
      <trkpt lat="23.075385" lon="113.27244">
        <time>2026-09-18T22:12:20Z</time>
      </trkpt>
      <trkpt lat="23.075275" lon="113.272413">
        <time>2026-09-18T22:12:25Z</time>
      </trkpt>
      <trkpt lat="23.075173" lon="113.272371">
        <time>2026-09-18T22:12:30Z</time>
      </trkpt>
      <trkpt lat="23.075084" lon="113.27233">
        <time>2026-09-18T22:12:35Z</time>
      </trkpt>
      <trkpt lat="23.07499" lon="113.272257">
        <time>2026-09-18T22:12:40Z</time>
      </trkpt>
      <trkpt lat="23.074892" lon="113.272206">
        <time>2026-09-18T22:12:45Z</time>
      </trkpt>
      <trkpt lat="23.074788" lon="113.272154">
        <time>2026-09-18T22:12:50Z</time>
      </trkpt>
      <trkpt lat="23.074693" lon="113.272102">
        <time>2026-09-18T22:12:55Z</time>
      </trkpt>
      <trkpt lat="23.074594" lon="113.272069">
        <time>2026-09-18T22:13:00Z</time>
      </trkpt>
      <trkpt lat="23.074498" lon="113.272049">
        <time>2026-09-18T22:13:05Z</time>
      </trkpt>
      <trkpt lat="23.074399" lon="113.27209">
        <time>2026-09-18T22:13:10Z</time>
      </trkpt>
      <trkpt lat="23.074335" lon="113.272175">
        <time>2026-09-18T22:13:15Z</time>
      </trkpt>
      <trkpt lat="23.074305" lon="113.272278">
        <time>2026-09-18T22:13:20Z</time>
      </trkpt>
      <trkpt lat="23.074269" lon="113.272383">
        <time>2026-09-18T22:13:25Z</time>
      </trkpt>
      <trkpt lat="23.074216" lon="113.272493">
        <time>2026-09-18T22:13:30Z</time>
      </trkpt>
      <trkpt lat="23.074159" lon="113.272624">
        <time>2026-09-18T22:13:35Z</time>
      </trkpt>
      <trkpt lat="23.074107" lon="113.27275">
        <time>2026-09-18T22:13:40Z</time>
      </trkpt>
      <trkpt lat="23.074058" lon="113.272866">
        <time>2026-09-18T22:13:45Z</time>
      </trkpt>
      <trkpt lat="23.074009" lon="113.272981">
        <time>2026-09-18T22:13:50Z</time>
      </trkpt>
      <trkpt lat="23.073964" lon="113.273083">
        <time>2026-09-18T22:13:55Z</time>
      </trkpt>
      <trkpt lat="23.07391" lon="113.273181">
        <time>2026-09-18T22:14:00Z</time>
      </trkpt>
      <trkpt lat="23.073864" lon="113.273264">
        <time>2026-09-18T22:14:05Z</time>
      </trkpt>
      <trkpt lat="23.073881" lon="113.273247">
        <time>2026-09-18T22:14:10Z</time>
      </trkpt>
      <trkpt lat="23.073926" lon="113.273168">
        <time>2026-09-18T22:14:15Z</time>
      </trkpt>
      <trkpt lat="23.073964" lon="113.273056">
        <time>2026-09-18T22:14:20Z</time>
      </trkpt>
      <trkpt lat="23.073992" lon="113.272924">
        <time>2026-09-18T22:14:25Z</time>
      </trkpt>
      <trkpt lat="23.074027" lon="113.272815">
        <time>2026-09-18T22:14:30Z</time>
      </trkpt>
      <trkpt lat="23.074019" lon="113.272818">
        <time>2026-09-18T22:14:35Z</time>
      </trkpt>
      <trkpt lat="23.073975" lon="113.27293">
        <time>2026-09-18T22:14:40Z</time>
      </trkpt>
      <trkpt lat="23.073922" lon="113.272996">
        <time>2026-09-18T22:14:45Z</time>
      </trkpt>
      <trkpt lat="23.073871" lon="113.27298">
        <time>2026-09-18T22:14:50Z</time>
      </trkpt>
      <trkpt lat="23.073775" lon="113.272934">
        <time>2026-09-18T22:14:55Z</time>
      </trkpt>
      <trkpt lat="23.073685" lon="113.272873">
        <time>2026-09-18T22:15:00Z</time>
      </trkpt>
      <trkpt lat="23.073693" lon="113.272774">
        <time>2026-09-18T22:15:05Z</time>
      </trkpt>
      <trkpt lat="23.07375" lon="113.27268">
        <time>2026-09-18T22:15:10Z</time>
      </trkpt>
      <trkpt lat="23.073798" lon="113.272585">
        <time>2026-09-18T22:15:15Z</time>
      </trkpt>
      <trkpt lat="23.073845" lon="113.272494">
        <time>2026-09-18T22:15:20Z</time>
      </trkpt>
      <trkpt lat="23.0739" lon="113.272388">
        <time>2026-09-18T22:15:25Z</time>
      </trkpt>
      <trkpt lat="23.073947" lon="113.272263">
        <time>2026-09-18T22:15:30Z</time>
      </trkpt>
      <trkpt lat="23.073988" lon="113.272139">
        <time>2026-09-18T22:15:35Z</time>
      </trkpt>
      <trkpt lat="23.074035" lon="113.27202">
        <time>2026-09-18T22:15:40Z</time>
      </trkpt>
      <trkpt lat="23.074077" lon="113.271909">
        <time>2026-09-18T22:15:45Z</time>
      </trkpt>
      <trkpt lat="23.074119" lon="113.2718">
        <time>2026-09-18T22:15:50Z</time>
      </trkpt>
      <trkpt lat="23.074084" lon="113.271718">
        <time>2026-09-18T22:15:55Z</time>
      </trkpt>
      <trkpt lat="23.07398" lon="113.271661">
        <time>2026-09-18T22:16:00Z</time>
      </trkpt>
      <trkpt lat="23.073882" lon="113.271604">
        <time>2026-09-18T22:16:05Z</time>
      </trkpt>
      <trkpt lat="23.073767" lon="113.271542">
        <time>2026-09-18T22:16:10Z</time>
      </trkpt>
      <trkpt lat="23.073662" lon="113.271494">
        <time>2026-09-18T22:16:15Z</time>
      </trkpt>
      <trkpt lat="23.073564" lon="113.271451">
        <time>2026-09-18T22:16:20Z</time>
      </trkpt>
      <trkpt lat="23.073455" lon="113.271432">
        <time>2026-09-18T22:16:25Z</time>
      </trkpt>
      <trkpt lat="23.07336" lon="113.271402">
        <time>2026-09-18T22:16:30Z</time>
      </trkpt>
      <trkpt lat="23.073267" lon="113.271344">
        <time>2026-09-18T22:16:35Z</time>
      </trkpt>
      <trkpt lat="23.073192" lon="113.271258">
        <time>2026-09-18T22:16:40Z</time>
      </trkpt>
      <trkpt lat="23.073094" lon="113.271204">
        <time>2026-09-18T22:16:45Z</time>
      </trkpt>
      <trkpt lat="23.072987" lon="113.271142">
        <time>2026-09-18T22:16:50Z</time>
      </trkpt>
      <trkpt lat="23.072884" lon="113.271091">
        <time>2026-09-18T22:16:55Z</time>
      </trkpt>
      <trkpt lat="23.072781" lon="113.271017">
        <time>2026-09-18T22:17:00Z</time>
      </trkpt>
      <trkpt lat="23.07267" lon="113.270974">
        <time>2026-09-18T22:17:05Z</time>
      </trkpt>
      <trkpt lat="23.072557" lon="113.270932">
        <time>2026-09-18T22:17:10Z</time>
      </trkpt>
      <trkpt lat="23.072448" lon="113.270895">
        <time>2026-09-18T22:17:15Z</time>
      </trkpt>
      <trkpt lat="23.072344" lon="113.270854">
        <time>2026-09-18T22:17:20Z</time>
      </trkpt>
      <trkpt lat="23.072239" lon="113.270802">
        <time>2026-09-18T22:17:25Z</time>
      </trkpt>
      <trkpt lat="23.072128" lon="113.27074">
        <time>2026-09-18T22:17:30Z</time>
      </trkpt>
      <trkpt lat="23.072018" lon="113.270668">
        <time>2026-09-18T22:17:35Z</time>
      </trkpt>
      <trkpt lat="23.071909" lon="113.270614">
        <time>2026-09-18T22:17:40Z</time>
      </trkpt>
      <trkpt lat="23.071793" lon="113.270562">
        <time>2026-09-18T22:17:45Z</time>
      </trkpt>
      <trkpt lat="23.071676" lon="113.270515">
        <time>2026-09-18T22:17:50Z</time>
      </trkpt>
      <trkpt lat="23.07156" lon="113.270481">
        <time>2026-09-18T22:17:55Z</time>
      </trkpt>
      <trkpt lat="23.071448" lon="113.270448">
        <time>2026-09-18T22:18:00Z</time>
      </trkpt>
      <trkpt lat="23.071333" lon="113.270408">
        <time>2026-09-18T22:18:05Z</time>
      </trkpt>
      <trkpt lat="23.071223" lon="113.270341">
        <time>2026-09-18T22:18:10Z</time>
      </trkpt>
      <trkpt lat="23.071116" lon="113.27028">
        <time>2026-09-18T22:18:15Z</time>
      </trkpt>
      <trkpt lat="23.071" lon="113.270234">
        <time>2026-09-18T22:18:20Z</time>
      </trkpt>
      <trkpt lat="23.070893" lon="113.270191">
        <time>2026-09-18T22:18:25Z</time>
      </trkpt>
      <trkpt lat="23.070787" lon="113.27013">
        <time>2026-09-18T22:18:30Z</time>
      </trkpt>
      <trkpt lat="23.070689" lon="113.270056">
        <time>2026-09-18T22:18:35Z</time>
      </trkpt>
      <trkpt lat="23.070588" lon="113.269981">
        <time>2026-09-18T22:18:40Z</time>
      </trkpt>
      <trkpt lat="23.070475" lon="113.269952">
        <time>2026-09-18T22:18:45Z</time>
      </trkpt>
      <trkpt lat="23.070355" lon="113.269937">
        <time>2026-09-18T22:18:50Z</time>
      </trkpt>
      <trkpt lat="23.070242" lon="113.269885">
        <time>2026-09-18T22:18:55Z</time>
      </trkpt>
      <trkpt lat="23.070136" lon="113.269823">
        <time>2026-09-18T22:19:00Z</time>
      </trkpt>
      <trkpt lat="23.070028" lon="113.269748">
        <time>2026-09-18T22:19:05Z</time>
      </trkpt>
      <trkpt lat="23.069922" lon="113.269675">
        <time>2026-09-18T22:19:10Z</time>
      </trkpt>
      <trkpt lat="23.069805" lon="113.269613">
        <time>2026-09-18T22:19:15Z</time>
      </trkpt>
      <trkpt lat="23.06968" lon="113.269557">
        <time>2026-09-18T22:19:20Z</time>
      </trkpt>
      <trkpt lat="23.069573" lon="113.26949">
        <time>2026-09-18T22:19:25Z</time>
      </trkpt>
      <trkpt lat="23.069473" lon="113.269434">
        <time>2026-09-18T22:19:30Z</time>
      </trkpt>
      <trkpt lat="23.069373" lon="113.269378">
        <time>2026-09-18T22:19:35Z</time>
      </trkpt>
      <trkpt lat="23.069265" lon="113.269293">
        <time>2026-09-18T22:19:40Z</time>
      </trkpt>
      <trkpt lat="23.069153" lon="113.269235">
        <time>2026-09-18T22:19:45Z</time>
      </trkpt>
      <trkpt lat="23.069038" lon="113.269214">
        <time>2026-09-18T22:19:50Z</time>
      </trkpt>
      <trkpt lat="23.068918" lon="113.269182">
        <time>2026-09-18T22:19:55Z</time>
      </trkpt>
      <trkpt lat="23.068795" lon="113.269146">
        <time>2026-09-18T22:20:00Z</time>
      </trkpt>
      <trkpt lat="23.068683" lon="113.269097">
        <time>2026-09-18T22:20:05Z</time>
      </trkpt>
      <trkpt lat="23.068575" lon="113.269047">
        <time>2026-09-18T22:20:10Z</time>
      </trkpt>
      <trkpt lat="23.068469" lon="113.268999">
        <time>2026-09-18T22:20:15Z</time>
      </trkpt>
      <trkpt lat="23.068383" lon="113.268956">
        <time>2026-09-18T22:20:20Z</time>
      </trkpt>
      <trkpt lat="23.068282" lon="113.268893">
        <time>2026-09-18T22:20:25Z</time>
      </trkpt>
      <trkpt lat="23.068173" lon="113.268818">
        <time>2026-09-18T22:20:30Z</time>
      </trkpt>
      <trkpt lat="23.068083" lon="113.268752">
        <time>2026-09-18T22:20:35Z</time>
      </trkpt>
      <trkpt lat="23.068048" lon="113.268653">
        <time>2026-09-18T22:20:40Z</time>
      </trkpt>
      <trkpt lat="23.067982" lon="113.26855">
        <time>2026-09-18T22:20:45Z</time>
      </trkpt>
      <trkpt lat="23.067858" lon="113.268489">
        <time>2026-09-18T22:20:50Z</time>
      </trkpt>
      <trkpt lat="23.067742" lon="113.268431">
        <time>2026-09-18T22:20:55Z</time>
      </trkpt>
      <trkpt lat="23.067633" lon="113.268374">
        <time>2026-09-18T22:21:00Z</time>
      </trkpt>
      <trkpt lat="23.067527" lon="113.268317">
        <time>2026-09-18T22:21:05Z</time>
      </trkpt>
      <trkpt lat="23.067415" lon="113.268271">
        <time>2026-09-18T22:21:10Z</time>
      </trkpt>
      <trkpt lat="23.067298" lon="113.268246">
        <time>2026-09-18T22:21:15Z</time>
      </trkpt>
      <trkpt lat="23.067188" lon="113.268204">
        <time>2026-09-18T22:21:20Z</time>
      </trkpt>
      <trkpt lat="23.067082" lon="113.268157">
        <time>2026-09-18T22:21:25Z</time>
      </trkpt>
      <trkpt lat="23.066967" lon="113.268095">
        <time>2026-09-18T22:21:30Z</time>
      </trkpt>
      <trkpt lat="23.066843" lon="113.268047">
        <time>2026-09-18T22:21:35Z</time>
      </trkpt>
      <trkpt lat="23.066722" lon="113.268045">
        <time>2026-09-18T22:21:40Z</time>
      </trkpt>
      <trkpt lat="23.066601" lon="113.268027">
        <time>2026-09-18T22:21:45Z</time>
      </trkpt>
      <trkpt lat="23.066483" lon="113.267981">
        <time>2026-09-18T22:21:50Z</time>
      </trkpt>
      <trkpt lat="23.066359" lon="113.26796">
        <time>2026-09-18T22:21:55Z</time>
      </trkpt>
      <trkpt lat="23.066241" lon="113.267985">
        <time>2026-09-18T22:22:00Z</time>
      </trkpt>
      <trkpt lat="23.06615" lon="113.26806">
        <time>2026-09-18T22:22:05Z</time>
      </trkpt>
      <trkpt lat="23.066068" lon="113.268158">
        <time>2026-09-18T22:22:10Z</time>
      </trkpt>
      <trkpt lat="23.06599" lon="113.268263">
        <time>2026-09-18T22:22:15Z</time>
      </trkpt>
      <trkpt lat="23.065914" lon="113.268371">
        <time>2026-09-18T22:22:20Z</time>
      </trkpt>
      <trkpt lat="23.065841" lon="113.26848">
        <time>2026-09-18T22:22:25Z</time>
      </trkpt>
      <trkpt lat="23.065781" lon="113.268593">
        <time>2026-09-18T22:22:30Z</time>
      </trkpt>
      <trkpt lat="23.065727" lon="113.268709">
        <time>2026-09-18T22:22:35Z</time>
      </trkpt>
      <trkpt lat="23.065676" lon="113.268828">
        <time>2026-09-18T22:22:40Z</time>
      </trkpt>
      <trkpt lat="23.065633" lon="113.26895">
        <time>2026-09-18T22:22:45Z</time>
      </trkpt>
      <trkpt lat="23.065596" lon="113.26907">
        <time>2026-09-18T22:22:50Z</time>
      </trkpt>
      <trkpt lat="23.065564" lon="113.269196">
        <time>2026-09-18T22:22:55Z</time>
      </trkpt>
      <trkpt lat="23.06554" lon="113.269323">
        <time>2026-09-18T22:23:00Z</time>
      </trkpt>
      <trkpt lat="23.065504" lon="113.269445">
        <time>2026-09-18T22:23:05Z</time>
      </trkpt>
      <trkpt lat="23.065469" lon="113.269571">
        <time>2026-09-18T22:23:10Z</time>
      </trkpt>
      <trkpt lat="23.06544" lon="113.269699">
        <time>2026-09-18T22:23:15Z</time>
      </trkpt>
      <trkpt lat="23.065405" lon="113.269829">
        <time>2026-09-18T22:23:20Z</time>
      </trkpt>
      <trkpt lat="23.06537" lon="113.26996">
        <time>2026-09-18T22:23:25Z</time>
      </trkpt>
      <trkpt lat="23.065319" lon="113.270088">
        <time>2026-09-18T22:23:30Z</time>
      </trkpt>
      <trkpt lat="23.065264" lon="113.270213">
        <time>2026-09-18T22:23:35Z</time>
      </trkpt>
      <trkpt lat="23.065207" lon="113.27033">
        <time>2026-09-18T22:23:40Z</time>
      </trkpt>
      <trkpt lat="23.065148" lon="113.27045">
        <time>2026-09-18T22:23:45Z</time>
      </trkpt>
      <trkpt lat="23.06509" lon="113.270567">
        <time>2026-09-18T22:23:50Z</time>
      </trkpt>
      <trkpt lat="23.065038" lon="113.270686">
        <time>2026-09-18T22:23:55Z</time>
      </trkpt>
      <trkpt lat="23.064983" lon="113.270808">
        <time>2026-09-18T22:24:00Z</time>
      </trkpt>
      <trkpt lat="23.06493" lon="113.270931">
        <time>2026-09-18T22:24:05Z</time>
      </trkpt>
      <trkpt lat="23.064878" lon="113.271051">
        <time>2026-09-18T22:24:10Z</time>
      </trkpt>
      <trkpt lat="23.06482" lon="113.271172">
        <time>2026-09-18T22:24:15Z</time>
      </trkpt>
      <trkpt lat="23.064763" lon="113.271289">
        <time>2026-09-18T22:24:20Z</time>
      </trkpt>
      <trkpt lat="23.06471" lon="113.271407">
        <time>2026-09-18T22:24:25Z</time>
      </trkpt>
      <trkpt lat="23.064659" lon="113.271529">
        <time>2026-09-18T22:24:30Z</time>
      </trkpt>
      <trkpt lat="23.064602" lon="113.271645">
        <time>2026-09-18T22:24:35Z</time>
      </trkpt>
      <trkpt lat="23.064545" lon="113.271763">
        <time>2026-09-18T22:24:40Z</time>
      </trkpt>
      <trkpt lat="23.064496" lon="113.271887">
        <time>2026-09-18T22:24:45Z</time>
      </trkpt>
      <trkpt lat="23.064437" lon="113.27201">
        <time>2026-09-18T22:24:50Z</time>
      </trkpt>
      <trkpt lat="23.064377" lon="113.272132">
        <time>2026-09-18T22:24:55Z</time>
      </trkpt>
      <trkpt lat="23.064318" lon="113.272255">
        <time>2026-09-18T22:25:00Z</time>
      </trkpt>
      <trkpt lat="23.064303" lon="113.272392">
        <time>2026-09-18T22:25:05Z</time>
      </trkpt>
      <trkpt lat="23.064293" lon="113.27253">
        <time>2026-09-18T22:25:10Z</time>
      </trkpt>
      <trkpt lat="23.064304" lon="113.272672">
        <time>2026-09-18T22:25:15Z</time>
      </trkpt>
      <trkpt lat="23.064341" lon="113.272807">
        <time>2026-09-18T22:25:20Z</time>
      </trkpt>
      <trkpt lat="23.064381" lon="113.272931">
        <time>2026-09-18T22:25:25Z</time>
      </trkpt>
      <trkpt lat="23.064422" lon="113.273054">
        <time>2026-09-18T22:25:30Z</time>
      </trkpt>
      <trkpt lat="23.064445" lon="113.273181">
        <time>2026-09-18T22:25:35Z</time>
      </trkpt>
      <trkpt lat="23.064402" lon="113.273298">
        <time>2026-09-18T22:25:40Z</time>
      </trkpt>
      <trkpt lat="23.064299" lon="113.273391">
        <time>2026-09-18T22:25:45Z</time>
      </trkpt>
      <trkpt lat="23.064184" lon="113.273475">
        <time>2026-09-18T22:25:50Z</time>
      </trkpt>
      <trkpt lat="23.064073" lon="113.273553">
        <time>2026-09-18T22:25:55Z</time>
      </trkpt>
      <trkpt lat="23.063975" lon="113.273638">
        <time>2026-09-18T22:26:00Z</time>
      </trkpt>
      <trkpt lat="23.063893" lon="113.273735">
        <time>2026-09-18T22:26:05Z</time>
      </trkpt>
      <trkpt lat="23.063824" lon="113.273843">
        <time>2026-09-18T22:26:10Z</time>
      </trkpt>
      <trkpt lat="23.063758" lon="113.273956">
        <time>2026-09-18T22:26:15Z</time>
      </trkpt>
      <trkpt lat="23.063683" lon="113.274062">
        <time>2026-09-18T22:26:20Z</time>
      </trkpt>
      <trkpt lat="23.063595" lon="113.274152">
        <time>2026-09-18T22:26:25Z</time>
      </trkpt>
      <trkpt lat="23.063516" lon="113.274261">
        <time>2026-09-18T22:26:30Z</time>
      </trkpt>
      <trkpt lat="23.063454" lon="113.274394">
        <time>2026-09-18T22:26:35Z</time>
      </trkpt>
      <trkpt lat="23.063398" lon="113.274526">
        <time>2026-09-18T22:26:40Z</time>
      </trkpt>
      <trkpt lat="23.063357" lon="113.274658">
        <time>2026-09-18T22:26:45Z</time>
      </trkpt>
      <trkpt lat="23.063311" lon="113.274783">
        <time>2026-09-18T22:26:50Z</time>
      </trkpt>
      <trkpt lat="23.063268" lon="113.27491">
        <time>2026-09-18T22:26:55Z</time>
      </trkpt>
      <trkpt lat="23.063219" lon="113.275042">
        <time>2026-09-18T22:27:00Z</time>
      </trkpt>
      <trkpt lat="23.063155" lon="113.275164">
        <time>2026-09-18T22:27:05Z</time>
      </trkpt>
      <trkpt lat="23.06309" lon="113.275277">
        <time>2026-09-18T22:27:10Z</time>
      </trkpt>
      <trkpt lat="23.063027" lon="113.275389">
        <time>2026-09-18T22:27:15Z</time>
      </trkpt>
      <trkpt lat="23.062953" lon="113.2755">
        <time>2026-09-18T22:27:20Z</time>
      </trkpt>
      <trkpt lat="23.062871" lon="113.275603">
        <time>2026-09-18T22:27:25Z</time>
      </trkpt>
      <trkpt lat="23.062785" lon="113.275691">
        <time>2026-09-18T22:27:30Z</time>
      </trkpt>
      <trkpt lat="23.062694" lon="113.27578">
        <time>2026-09-18T22:27:35Z</time>
      </trkpt>
      <trkpt lat="23.062609" lon="113.275879">
        <time>2026-09-18T22:27:40Z</time>
      </trkpt>
      <trkpt lat="23.062534" lon="113.275988">
        <time>2026-09-18T22:27:45Z</time>
      </trkpt>
      <trkpt lat="23.062471" lon="113.276104">
        <time>2026-09-18T22:27:50Z</time>
      </trkpt>
      <trkpt lat="23.062419" lon="113.276225">
        <time>2026-09-18T22:27:55Z</time>
      </trkpt>
      <trkpt lat="23.062372" lon="113.276348">
        <time>2026-09-18T22:28:00Z</time>
      </trkpt>
      <trkpt lat="23.062326" lon="113.276466">
        <time>2026-09-18T22:28:05Z</time>
      </trkpt>
      <trkpt lat="23.062278" lon="113.276583">
        <time>2026-09-18T22:28:10Z</time>
      </trkpt>
      <trkpt lat="23.062234" lon="113.276698">
        <time>2026-09-18T22:28:15Z</time>
      </trkpt>
      <trkpt lat="23.062192" lon="113.276815">
        <time>2026-09-18T22:28:20Z</time>
      </trkpt>
      <trkpt lat="23.062147" lon="113.276933">
        <time>2026-09-18T22:28:25Z</time>
      </trkpt>
      <trkpt lat="23.062103" lon="113.277054">
        <time>2026-09-18T22:28:30Z</time>
      </trkpt>
      <trkpt lat="23.062057" lon="113.277178">
        <time>2026-09-18T22:28:35Z</time>
      </trkpt>
      <trkpt lat="23.062004" lon="113.277301">
        <time>2026-09-18T22:28:40Z</time>
      </trkpt>
      <trkpt lat="23.061954" lon="113.277424">
        <time>2026-09-18T22:28:45Z</time>
      </trkpt>
      <trkpt lat="23.061908" lon="113.277541">
        <time>2026-09-18T22:28:50Z</time>
      </trkpt>
      <trkpt lat="23.061855" lon="113.27766">
        <time>2026-09-18T22:28:55Z</time>
      </trkpt>
      <trkpt lat="23.06183" lon="113.277785">
        <time>2026-09-18T22:29:00Z</time>
      </trkpt>
      <trkpt lat="23.061828" lon="113.277915">
        <time>2026-09-18T22:29:05Z</time>
      </trkpt>
      <trkpt lat="23.061832" lon="113.27804">
        <time>2026-09-18T22:29:10Z</time>
      </trkpt>
      <trkpt lat="23.061841" lon="113.278162">
        <time>2026-09-18T22:29:15Z</time>
      </trkpt>
      <trkpt lat="23.061834" lon="113.27829">
        <time>2026-09-18T22:29:20Z</time>
      </trkpt>
      <trkpt lat="23.061842" lon="113.278416">
        <time>2026-09-18T22:29:25Z</time>
      </trkpt>
      <trkpt lat="23.061858" lon="113.278534">
        <time>2026-09-18T22:29:30Z</time>
      </trkpt>
      <trkpt lat="23.061855" lon="113.27865">
        <time>2026-09-18T22:29:35Z</time>
      </trkpt>
      <trkpt lat="23.061817" lon="113.278747">
        <time>2026-09-18T22:29:40Z</time>
      </trkpt>
      <trkpt lat="23.061727" lon="113.278773">
        <time>2026-09-18T22:29:45Z</time>
      </trkpt>
      <trkpt lat="23.061673" lon="113.278868">
        <time>2026-09-18T22:29:50Z</time>
      </trkpt>
      <trkpt lat="23.061642" lon="113.278989">
        <time>2026-09-18T22:29:55Z</time>
      </trkpt>
      <trkpt lat="23.061606" lon="113.279104">
        <time>2026-09-18T22:30:00Z</time>
      </trkpt>
      <trkpt lat="23.061552" lon="113.279182">
        <time>2026-09-18T22:30:05Z</time>
      </trkpt>
      <trkpt lat="23.061524" lon="113.279281">
        <time>2026-09-18T22:30:10Z</time>
      </trkpt>
      <trkpt lat="23.06147" lon="113.279414">
        <time>2026-09-18T22:30:15Z</time>
      </trkpt>
      <trkpt lat="23.061412" lon="113.279541">
        <time>2026-09-18T22:30:20Z</time>
      </trkpt>
      <trkpt lat="23.061365" lon="113.279667">
        <time>2026-09-18T22:30:25Z</time>
      </trkpt>
      <trkpt lat="23.061318" lon="113.27979">
        <time>2026-09-18T22:30:30Z</time>
      </trkpt>
      <trkpt lat="23.061274" lon="113.27991">
        <time>2026-09-18T22:30:35Z</time>
      </trkpt>
      <trkpt lat="23.061223" lon="113.280028">
        <time>2026-09-18T22:30:40Z</time>
      </trkpt>
      <trkpt lat="23.061167" lon="113.280147">
        <time>2026-09-18T22:30:45Z</time>
      </trkpt>
      <trkpt lat="23.061124" lon="113.280272">
        <time>2026-09-18T22:30:50Z</time>
      </trkpt>
      <trkpt lat="23.061075" lon="113.28039">
        <time>2026-09-18T22:30:55Z</time>
      </trkpt>
      <trkpt lat="23.061015" lon="113.280503">
        <time>2026-09-18T22:31:00Z</time>
      </trkpt>
      <trkpt lat="23.060958" lon="113.28063">
        <time>2026-09-18T22:31:05Z</time>
      </trkpt>
      <trkpt lat="23.060907" lon="113.280752">
        <time>2026-09-18T22:31:10Z</time>
      </trkpt>
      <trkpt lat="23.060868" lon="113.280871">
        <time>2026-09-18T22:31:15Z</time>
      </trkpt>
      <trkpt lat="23.060814" lon="113.280986">
        <time>2026-09-18T22:31:20Z</time>
      </trkpt>
      <trkpt lat="23.060757" lon="113.281102">
        <time>2026-09-18T22:31:25Z</time>
      </trkpt>
      <trkpt lat="23.060708" lon="113.281215">
        <time>2026-09-18T22:31:30Z</time>
      </trkpt>
      <trkpt lat="23.060659" lon="113.281326">
        <time>2026-09-18T22:31:35Z</time>
      </trkpt>
      <trkpt lat="23.06061" lon="113.281444">
        <time>2026-09-18T22:31:40Z</time>
      </trkpt>
      <trkpt lat="23.060563" lon="113.281565">
        <time>2026-09-18T22:31:45Z</time>
      </trkpt>
      <trkpt lat="23.060513" lon="113.281684">
        <time>2026-09-18T22:31:50Z</time>
      </trkpt>
      <trkpt lat="23.060459" lon="113.281803">
        <time>2026-09-18T22:31:55Z</time>
      </trkpt>
      <trkpt lat="23.060406" lon="113.281924">
        <time>2026-09-18T22:32:00Z</time>
      </trkpt>
      <trkpt lat="23.060357" lon="113.282044">
        <time>2026-09-18T22:32:05Z</time>
      </trkpt>
      <trkpt lat="23.060307" lon="113.282166">
        <time>2026-09-18T22:32:10Z</time>
      </trkpt>
      <trkpt lat="23.060249" lon="113.282288">
        <time>2026-09-18T22:32:15Z</time>
      </trkpt>
      <trkpt lat="23.06019" lon="113.282398">
        <time>2026-09-18T22:32:20Z</time>
      </trkpt>
      <trkpt lat="23.060144" lon="113.282516">
        <time>2026-09-18T22:32:25Z</time>
      </trkpt>
      <trkpt lat="23.060104" lon="113.282637">
        <time>2026-09-18T22:32:30Z</time>
      </trkpt>
      <trkpt lat="23.060054" lon="113.282759">
        <time>2026-09-18T22:32:35Z</time>
      </trkpt>
      <trkpt lat="23.059998" lon="113.282875">
        <time>2026-09-18T22:32:40Z</time>
      </trkpt>
      <trkpt lat="23.059951" lon="113.282996">
        <time>2026-09-18T22:32:45Z</time>
      </trkpt>
      <trkpt lat="23.059901" lon="113.283117">
        <time>2026-09-18T22:32:50Z</time>
      </trkpt>
      <trkpt lat="23.059852" lon="113.283241">
        <time>2026-09-18T22:32:55Z</time>
      </trkpt>
      <trkpt lat="23.059828" lon="113.283385">
        <time>2026-09-18T22:33:00Z</time>
      </trkpt>
      <trkpt lat="23.059781" lon="113.283522">
        <time>2026-09-18T22:33:05Z</time>
      </trkpt>
      <trkpt lat="23.059728" lon="113.283654">
        <time>2026-09-18T22:33:10Z</time>
      </trkpt>
      <trkpt lat="23.05967" lon="113.283777">
        <time>2026-09-18T22:33:15Z</time>
      </trkpt>
      <trkpt lat="23.059611" lon="113.283898">
        <time>2026-09-18T22:33:20Z</time>
      </trkpt>
      <trkpt lat="23.059559" lon="113.284019">
        <time>2026-09-18T22:33:25Z</time>
      </trkpt>
      <trkpt lat="23.059511" lon="113.284138">
        <time>2026-09-18T22:33:30Z</time>
      </trkpt>
      <trkpt lat="23.059459" lon="113.284254">
        <time>2026-09-18T22:33:35Z</time>
      </trkpt>
      <trkpt lat="23.059411" lon="113.284376">
        <time>2026-09-18T22:33:40Z</time>
      </trkpt>
      <trkpt lat="23.059361" lon="113.284495">
        <time>2026-09-18T22:33:45Z</time>
      </trkpt>
      <trkpt lat="23.059312" lon="113.284609">
        <time>2026-09-18T22:33:50Z</time>
      </trkpt>
      <trkpt lat="23.059254" lon="113.284717">
        <time>2026-09-18T22:33:55Z</time>
      </trkpt>
      <trkpt lat="23.059203" lon="113.284835">
        <time>2026-09-18T22:34:00Z</time>
      </trkpt>
      <trkpt lat="23.059154" lon="113.284953">
        <time>2026-09-18T22:34:05Z</time>
      </trkpt>
      <trkpt lat="23.059101" lon="113.285067">
        <time>2026-09-18T22:34:10Z</time>
      </trkpt>
      <trkpt lat="23.059056" lon="113.285181">
        <time>2026-09-18T22:34:15Z</time>
      </trkpt>
      <trkpt lat="23.059005" lon="113.285303">
        <time>2026-09-18T22:34:20Z</time>
      </trkpt>
      <trkpt lat="23.058951" lon="113.285425">
        <time>2026-09-18T22:34:25Z</time>
      </trkpt>
      <trkpt lat="23.058901" lon="113.285539">
        <time>2026-09-18T22:34:30Z</time>
      </trkpt>
      <trkpt lat="23.058853" lon="113.285656">
        <time>2026-09-18T22:34:35Z</time>
      </trkpt>
      <trkpt lat="23.0588" lon="113.285779">
        <time>2026-09-18T22:34:40Z</time>
      </trkpt>
      <trkpt lat="23.058749" lon="113.285901">
        <time>2026-09-18T22:34:45Z</time>
      </trkpt>
      <trkpt lat="23.058698" lon="113.286021">
        <time>2026-09-18T22:34:50Z</time>
      </trkpt>
      <trkpt lat="23.058675" lon="113.286161">
        <time>2026-09-18T22:34:55Z</time>
      </trkpt>
      <trkpt lat="23.058711" lon="113.286284">
        <time>2026-09-18T22:35:00Z</time>
      </trkpt>
      <trkpt lat="23.058809" lon="113.28635">
        <time>2026-09-18T22:35:05Z</time>
      </trkpt>
      <trkpt lat="23.058919" lon="113.286386">
        <time>2026-09-18T22:35:10Z</time>
      </trkpt>
      <trkpt lat="23.059032" lon="113.28641">
        <time>2026-09-18T22:35:15Z</time>
      </trkpt>
      <trkpt lat="23.059154" lon="113.286415">
        <time>2026-09-18T22:35:20Z</time>
      </trkpt>
      <trkpt lat="23.059272" lon="113.286421">
        <time>2026-09-18T22:35:25Z</time>
      </trkpt>
      <trkpt lat="23.059386" lon="113.286428">
        <time>2026-09-18T22:35:30Z</time>
      </trkpt>
      <trkpt lat="23.059499" lon="113.286439">
        <time>2026-09-18T22:35:35Z</time>
      </trkpt>
      <trkpt lat="23.059617" lon="113.286448">
        <time>2026-09-18T22:35:40Z</time>
      </trkpt>
      <trkpt lat="23.059731" lon="113.286453">
        <time>2026-09-18T22:35:45Z</time>
      </trkpt>
      <trkpt lat="23.059837" lon="113.286466">
        <time>2026-09-18T22:35:50Z</time>
      </trkpt>
      <trkpt lat="23.059946" lon="113.286467">
        <time>2026-09-18T22:35:55Z</time>
      </trkpt>
      <trkpt lat="23.060052" lon="113.286502">
        <time>2026-09-18T22:36:00Z</time>
      </trkpt>
      <trkpt lat="23.06011" lon="113.286587">
        <time>2026-09-18T22:36:05Z</time>
      </trkpt>
      <trkpt lat="23.060122" lon="113.286728">
        <time>2026-09-18T22:36:10Z</time>
      </trkpt>
      <trkpt lat="23.060135" lon="113.286877">
        <time>2026-09-18T22:36:15Z</time>
      </trkpt>
      <trkpt lat="23.06016" lon="113.287018">
        <time>2026-09-18T22:36:20Z</time>
      </trkpt>
      <trkpt lat="23.060192" lon="113.287161">
        <time>2026-09-18T22:36:25Z</time>
      </trkpt>
      <trkpt lat="23.060212" lon="113.287289">
        <time>2026-09-18T22:36:30Z</time>
      </trkpt>
      <trkpt lat="23.060237" lon="113.287401">
        <time>2026-09-18T22:36:35Z</time>
      </trkpt>
      <trkpt lat="23.060259" lon="113.287524">
        <time>2026-09-18T22:36:40Z</time>
      </trkpt>
      <trkpt lat="23.060242" lon="113.28767">
        <time>2026-09-18T22:36:45Z</time>
      </trkpt>
      <trkpt lat="23.060217" lon="113.287822">
        <time>2026-09-18T22:36:50Z</time>
      </trkpt>
      <trkpt lat="23.06021" lon="113.287938">
        <time>2026-09-18T22:36:55Z</time>
      </trkpt>
      <trkpt lat="23.060113" lon="113.288008">
        <time>2026-09-18T22:37:00Z</time>
      </trkpt>
      <trkpt lat="23.059986" lon="113.288044">
        <time>2026-09-18T22:37:05Z</time>
      </trkpt>
      <trkpt lat="23.059866" lon="113.288069">
        <time>2026-09-18T22:37:10Z</time>
      </trkpt>
      <trkpt lat="23.059748" lon="113.288089">
        <time>2026-09-18T22:37:15Z</time>
      </trkpt>
      <trkpt lat="23.059636" lon="113.288076">
        <time>2026-09-18T22:37:20Z</time>
      </trkpt>
      <trkpt lat="23.059522" lon="113.288044">
        <time>2026-09-18T22:37:25Z</time>
      </trkpt>
      <trkpt lat="23.059396" lon="113.288043">
        <time>2026-09-18T22:37:30Z</time>
      </trkpt>
      <trkpt lat="23.059267" lon="113.288056">
        <time>2026-09-18T22:37:35Z</time>
      </trkpt>
      <trkpt lat="23.059144" lon="113.288064">
        <time>2026-09-18T22:37:40Z</time>
      </trkpt>
      <trkpt lat="23.059017" lon="113.28808">
        <time>2026-09-18T22:37:45Z</time>
      </trkpt>
      <trkpt lat="23.05889" lon="113.288098">
        <time>2026-09-18T22:37:50Z</time>
      </trkpt>
      <trkpt lat="23.058767" lon="113.28811">
        <time>2026-09-18T22:37:55Z</time>
      </trkpt>
      <trkpt lat="23.058639" lon="113.288128">
        <time>2026-09-18T22:38:00Z</time>
      </trkpt>
      <trkpt lat="23.058523" lon="113.288162">
        <time>2026-09-18T22:38:05Z</time>
      </trkpt>
      <trkpt lat="23.058422" lon="113.288245">
        <time>2026-09-18T22:38:10Z</time>
      </trkpt>
      <trkpt lat="23.058366" lon="113.288369">
        <time>2026-09-18T22:38:15Z</time>
      </trkpt>
      <trkpt lat="23.058375" lon="113.288506">
        <time>2026-09-18T22:38:20Z</time>
      </trkpt>
      <trkpt lat="23.058399" lon="113.288645">
        <time>2026-09-18T22:38:25Z</time>
      </trkpt>
      <trkpt lat="23.058415" lon="113.288785">
        <time>2026-09-18T22:38:30Z</time>
      </trkpt>
      <trkpt lat="23.058428" lon="113.288925">
        <time>2026-09-18T22:38:35Z</time>
      </trkpt>
      <trkpt lat="23.058448" lon="113.289052">
        <time>2026-09-18T22:38:40Z</time>
      </trkpt>
      <trkpt lat="23.058461" lon="113.289179">
        <time>2026-09-18T22:38:45Z</time>
      </trkpt>
      <trkpt lat="23.058468" lon="113.289315">
        <time>2026-09-18T22:38:50Z</time>
      </trkpt>
      <trkpt lat="23.058482" lon="113.289455">
        <time>2026-09-18T22:38:55Z</time>
      </trkpt>
      <trkpt lat="23.058501" lon="113.289595">
        <time>2026-09-18T22:39:00Z</time>
      </trkpt>
      <trkpt lat="23.058527" lon="113.289745">
        <time>2026-09-18T22:39:05Z</time>
      </trkpt>
      <trkpt lat="23.058551" lon="113.289887">
        <time>2026-09-18T22:39:10Z</time>
      </trkpt>
      <trkpt lat="23.058569" lon="113.290011">
        <time>2026-09-18T22:39:15Z</time>
      </trkpt>
      <trkpt lat="23.058588" lon="113.290136">
        <time>2026-09-18T22:39:20Z</time>
      </trkpt>
      <trkpt lat="23.058609" lon="113.290256">
        <time>2026-09-18T22:39:25Z</time>
      </trkpt>
      <trkpt lat="23.058629" lon="113.290383">
        <time>2026-09-18T22:39:30Z</time>
      </trkpt>
      <trkpt lat="23.058657" lon="113.290508">
        <time>2026-09-18T22:39:35Z</time>
      </trkpt>
      <trkpt lat="23.058691" lon="113.290645">
        <time>2026-09-18T22:39:40Z</time>
      </trkpt>
      <trkpt lat="23.058711" lon="113.290767">
        <time>2026-09-18T22:39:45Z</time>
      </trkpt>
      <trkpt lat="23.058729" lon="113.290887">
        <time>2026-09-18T22:39:50Z</time>
      </trkpt>
      <trkpt lat="23.058752" lon="113.291008">
        <time>2026-09-18T22:39:55Z</time>
      </trkpt>
      <trkpt lat="23.058764" lon="113.291136">
        <time>2026-09-18T22:40:00Z</time>
      </trkpt>
      <trkpt lat="23.058783" lon="113.29126">
        <time>2026-09-18T22:40:05Z</time>
      </trkpt>
      <trkpt lat="23.058803" lon="113.291379">
        <time>2026-09-18T22:40:10Z</time>
      </trkpt>
      <trkpt lat="23.058818" lon="113.291501">
        <time>2026-09-18T22:40:15Z</time>
      </trkpt>
      <trkpt lat="23.058827" lon="113.291628">
        <time>2026-09-18T22:40:20Z</time>
      </trkpt>
      <trkpt lat="23.058845" lon="113.291768">
        <time>2026-09-18T22:40:25Z</time>
      </trkpt>
      <trkpt lat="23.058871" lon="113.2919">
        <time>2026-09-18T22:40:30Z</time>
      </trkpt>
      <trkpt lat="23.058893" lon="113.292027">
        <time>2026-09-18T22:40:35Z</time>
      </trkpt>
      <trkpt lat="23.058913" lon="113.292153">
        <time>2026-09-18T22:40:40Z</time>
      </trkpt>
      <trkpt lat="23.058931" lon="113.292279">
        <time>2026-09-18T22:40:45Z</time>
      </trkpt>
      <trkpt lat="23.058946" lon="113.292404">
        <time>2026-09-18T22:40:50Z</time>
      </trkpt>
      <trkpt lat="23.058963" lon="113.292533">
        <time>2026-09-18T22:40:55Z</time>
      </trkpt>
      <trkpt lat="23.058981" lon="113.292662">
        <time>2026-09-18T22:41:00Z</time>
      </trkpt>
      <trkpt lat="23.058982" lon="113.292811">
        <time>2026-09-18T22:41:05Z</time>
      </trkpt>
      <trkpt lat="23.058973" lon="113.292958">
        <time>2026-09-18T22:41:10Z</time>
      </trkpt>
      <trkpt lat="23.058958" lon="113.293091">
        <time>2026-09-18T22:41:15Z</time>
      </trkpt>
      <trkpt lat="23.058953" lon="113.293235">
        <time>2026-09-18T22:41:20Z</time>
      </trkpt>
      <trkpt lat="23.058943" lon="113.293363">
        <time>2026-09-18T22:41:25Z</time>
      </trkpt>
      <trkpt lat="23.058925" lon="113.29349">
        <time>2026-09-18T22:41:30Z</time>
      </trkpt>
      <trkpt lat="23.058915" lon="113.293621">
        <time>2026-09-18T22:41:35Z</time>
      </trkpt>
      <trkpt lat="23.058902" lon="113.29375">
        <time>2026-09-18T22:41:40Z</time>
      </trkpt>
      <trkpt lat="23.058875" lon="113.29388">
        <time>2026-09-18T22:41:45Z</time>
      </trkpt>
      <trkpt lat="23.058833" lon="113.294003">
        <time>2026-09-18T22:41:50Z</time>
      </trkpt>
      <trkpt lat="23.058808" lon="113.294133">
        <time>2026-09-18T22:41:55Z</time>
      </trkpt>
      <trkpt lat="23.058797" lon="113.294266">
        <time>2026-09-18T22:42:00Z</time>
      </trkpt>
      <trkpt lat="23.058776" lon="113.294395">
        <time>2026-09-18T22:42:05Z</time>
      </trkpt>
      <trkpt lat="23.058751" lon="113.294532">
        <time>2026-09-18T22:42:10Z</time>
      </trkpt>
      <trkpt lat="23.058723" lon="113.294663">
        <time>2026-09-18T22:42:15Z</time>
      </trkpt>
      <trkpt lat="23.058692" lon="113.294803">
        <time>2026-09-18T22:42:20Z</time>
      </trkpt>
      <trkpt lat="23.058669" lon="113.294932">
        <time>2026-09-18T22:42:25Z</time>
      </trkpt>
      <trkpt lat="23.058645" lon="113.295062">
        <time>2026-09-18T22:42:30Z</time>
      </trkpt>
      <trkpt lat="23.058616" lon="113.295196">
        <time>2026-09-18T22:42:35Z</time>
      </trkpt>
      <trkpt lat="23.058588" lon="113.295323">
        <time>2026-09-18T22:42:40Z</time>
      </trkpt>
      <trkpt lat="23.058551" lon="113.295449">
        <time>2026-09-18T22:42:45Z</time>
      </trkpt>
      <trkpt lat="23.058516" lon="113.295583">
        <time>2026-09-18T22:42:50Z</time>
      </trkpt>
      <trkpt lat="23.058485" lon="113.295716">
        <time>2026-09-18T22:42:55Z</time>
      </trkpt>
      <trkpt lat="23.058459" lon="113.29585">
        <time>2026-09-18T22:43:00Z</time>
      </trkpt>
      <trkpt lat="23.058428" lon="113.295983">
        <time>2026-09-18T22:43:05Z</time>
      </trkpt>
      <trkpt lat="23.05841" lon="113.29612">
        <time>2026-09-18T22:43:10Z</time>
      </trkpt>
      <trkpt lat="23.058395" lon="113.296255">
        <time>2026-09-18T22:43:15Z</time>
      </trkpt>
      <trkpt lat="23.058363" lon="113.296386">
        <time>2026-09-18T22:43:20Z</time>
      </trkpt>
      <trkpt lat="23.058339" lon="113.29651">
        <time>2026-09-18T22:43:25Z</time>
      </trkpt>
      <trkpt lat="23.058313" lon="113.296638">
        <time>2026-09-18T22:43:30Z</time>
      </trkpt>
      <trkpt lat="23.058282" lon="113.296776">
        <time>2026-09-18T22:43:35Z</time>
      </trkpt>
      <trkpt lat="23.05825" lon="113.296901">
        <time>2026-09-18T22:43:40Z</time>
      </trkpt>
      <trkpt lat="23.058233" lon="113.297023">
        <time>2026-09-18T22:43:45Z</time>
      </trkpt>
      <trkpt lat="23.058218" lon="113.297147">
        <time>2026-09-18T22:43:50Z</time>
      </trkpt>
      <trkpt lat="23.058214" lon="113.297282">
        <time>2026-09-18T22:43:55Z</time>
      </trkpt>
      <trkpt lat="23.05821" lon="113.297417">
        <time>2026-09-18T22:44:00Z</time>
      </trkpt>
      <trkpt lat="23.058205" lon="113.297548">
        <time>2026-09-18T22:44:05Z</time>
      </trkpt>
      <trkpt lat="23.058201" lon="113.297681">
        <time>2026-09-18T22:44:10Z</time>
      </trkpt>
      <trkpt lat="23.058199" lon="113.297803">
        <time>2026-09-18T22:44:15Z</time>
      </trkpt>
      <trkpt lat="23.058195" lon="113.29793">
        <time>2026-09-18T22:44:20Z</time>
      </trkpt>
      <trkpt lat="23.058206" lon="113.298067">
        <time>2026-09-18T22:44:25Z</time>
      </trkpt>
      <trkpt lat="23.058206" lon="113.298197">
        <time>2026-09-18T22:44:30Z</time>
      </trkpt>
      <trkpt lat="23.058194" lon="113.298321">
        <time>2026-09-18T22:44:35Z</time>
      </trkpt>
      <trkpt lat="23.05818" lon="113.298451">
        <time>2026-09-18T22:44:40Z</time>
      </trkpt>
      <trkpt lat="23.058168" lon="113.298574">
        <time>2026-09-18T22:44:45Z</time>
      </trkpt>
      <trkpt lat="23.058159" lon="113.298695">
        <time>2026-09-18T22:44:50Z</time>
      </trkpt>
      <trkpt lat="23.058146" lon="113.298821">
        <time>2026-09-18T22:44:55Z</time>
      </trkpt>
      <trkpt lat="23.058126" lon="113.298952">
        <time>2026-09-18T22:45:00Z</time>
      </trkpt>
      <trkpt lat="23.058108" lon="113.299079">
        <time>2026-09-18T22:45:05Z</time>
      </trkpt>
      <trkpt lat="23.058092" lon="113.299209">
        <time>2026-09-18T22:45:10Z</time>
      </trkpt>
      <trkpt lat="23.05808" lon="113.299338">
        <time>2026-09-18T22:45:15Z</time>
      </trkpt>
      <trkpt lat="23.058065" lon="113.299457">
        <time>2026-09-18T22:45:20Z</time>
      </trkpt>
      <trkpt lat="23.058049" lon="113.299581">
        <time>2026-09-18T22:45:25Z</time>
      </trkpt>
      <trkpt lat="23.058037" lon="113.299713">
        <time>2026-09-18T22:45:30Z</time>
      </trkpt>
      <trkpt lat="23.058023" lon="113.299841">
        <time>2026-09-18T22:45:35Z</time>
      </trkpt>
      <trkpt lat="23.057994" lon="113.299967">
        <time>2026-09-18T22:45:40Z</time>
      </trkpt>
      <trkpt lat="23.057967" lon="113.300092">
        <time>2026-09-18T22:45:45Z</time>
      </trkpt>
      <trkpt lat="23.057945" lon="113.300222">
        <time>2026-09-18T22:45:50Z</time>
      </trkpt>
      <trkpt lat="23.057925" lon="113.300343">
        <time>2026-09-18T22:45:55Z</time>
      </trkpt>
      <trkpt lat="23.057906" lon="113.300465">
        <time>2026-09-18T22:46:00Z</time>
      </trkpt>
      <trkpt lat="23.057885" lon="113.300592">
        <time>2026-09-18T22:46:05Z</time>
      </trkpt>
      <trkpt lat="23.057867" lon="113.300727">
        <time>2026-09-18T22:46:10Z</time>
      </trkpt>
      <trkpt lat="23.057847" lon="113.300863">
        <time>2026-09-18T22:46:15Z</time>
      </trkpt>
      <trkpt lat="23.057824" lon="113.30099">
        <time>2026-09-18T22:46:20Z</time>
      </trkpt>
      <trkpt lat="23.057794" lon="113.301112">
        <time>2026-09-18T22:46:25Z</time>
      </trkpt>
      <trkpt lat="23.057762" lon="113.301228">
        <time>2026-09-18T22:46:30Z</time>
      </trkpt>
      <trkpt lat="23.057728" lon="113.301347">
        <time>2026-09-18T22:46:35Z</time>
      </trkpt>
      <trkpt lat="23.057695" lon="113.301477">
        <time>2026-09-18T22:46:40Z</time>
      </trkpt>
      <trkpt lat="23.057663" lon="113.301605">
        <time>2026-09-18T22:46:45Z</time>
      </trkpt>
      <trkpt lat="23.057651" lon="113.301737">
        <time>2026-09-18T22:46:50Z</time>
      </trkpt>
      <trkpt lat="23.057644" lon="113.30189">
        <time>2026-09-18T22:46:55Z</time>
      </trkpt>
      <trkpt lat="23.057631" lon="113.302028">
        <time>2026-09-18T22:47:00Z</time>
      </trkpt>
      <trkpt lat="23.05763" lon="113.302155">
        <time>2026-09-18T22:47:05Z</time>
      </trkpt>
      <trkpt lat="23.057627" lon="113.302274">
        <time>2026-09-18T22:47:10Z</time>
      </trkpt>
      <trkpt lat="23.057622" lon="113.30238">
        <time>2026-09-18T22:47:15Z</time>
      </trkpt>
      <trkpt lat="23.057608" lon="113.302493">
        <time>2026-09-18T22:47:20Z</time>
      </trkpt>
      <trkpt lat="23.057586" lon="113.302623">
        <time>2026-09-18T22:47:25Z</time>
      </trkpt>
      <trkpt lat="23.057568" lon="113.302742">
        <time>2026-09-18T22:47:30Z</time>
      </trkpt>
      <trkpt lat="23.057555" lon="113.302852">
        <time>2026-09-18T22:47:35Z</time>
      </trkpt>
      <trkpt lat="23.05754" lon="113.302966">
        <time>2026-09-18T22:47:40Z</time>
      </trkpt>
      <trkpt lat="23.057496" lon="113.303092">
        <time>2026-09-18T22:47:45Z</time>
      </trkpt>
      <trkpt lat="23.057463" lon="113.303218">
        <time>2026-09-18T22:47:50Z</time>
      </trkpt>
      <trkpt lat="23.057432" lon="113.303342">
        <time>2026-09-18T22:47:55Z</time>
      </trkpt>
      <trkpt lat="23.057414" lon="113.303465">
        <time>2026-09-18T22:48:00Z</time>
      </trkpt>
      <trkpt lat="23.057387" lon="113.303595">
        <time>2026-09-18T22:48:05Z</time>
      </trkpt>
      <trkpt lat="23.057371" lon="113.303737">
        <time>2026-09-18T22:48:10Z</time>
      </trkpt>
      <trkpt lat="23.05736" lon="113.30388">
        <time>2026-09-18T22:48:15Z</time>
      </trkpt>
      <trkpt lat="23.057334" lon="113.304012">
        <time>2026-09-18T22:48:20Z</time>
      </trkpt>
      <trkpt lat="23.057303" lon="113.304141">
        <time>2026-09-18T22:48:25Z</time>
      </trkpt>
      <trkpt lat="23.057277" lon="113.304272">
        <time>2026-09-18T22:48:30Z</time>
      </trkpt>
      <trkpt lat="23.057294" lon="113.304415">
        <time>2026-09-18T22:48:35Z</time>
      </trkpt>
      <trkpt lat="23.0573" lon="113.304553">
        <time>2026-09-18T22:48:40Z</time>
      </trkpt>
      <trkpt lat="23.057298" lon="113.30469">
        <time>2026-09-18T22:48:45Z</time>
      </trkpt>
      <trkpt lat="23.057295" lon="113.30483">
        <time>2026-09-18T22:48:50Z</time>
      </trkpt>
      <trkpt lat="23.057278" lon="113.304935">
        <time>2026-09-18T22:48:55Z</time>
      </trkpt>
      <trkpt lat="23.057261" lon="113.305056">
        <time>2026-09-18T22:49:00Z</time>
      </trkpt>
      <trkpt lat="23.057245" lon="113.305186">
        <time>2026-09-18T22:49:05Z</time>
      </trkpt>
      <trkpt lat="23.057231" lon="113.305305">
        <time>2026-09-18T22:49:10Z</time>
      </trkpt>
      <trkpt lat="23.057212" lon="113.305429">
        <time>2026-09-18T22:49:15Z</time>
      </trkpt>
      <trkpt lat="23.057198" lon="113.305554">
        <time>2026-09-18T22:49:20Z</time>
      </trkpt>
      <trkpt lat="23.057187" lon="113.305675">
        <time>2026-09-18T22:49:25Z</time>
      </trkpt>
      <trkpt lat="23.05719" lon="113.305808">
        <time>2026-09-18T22:49:30Z</time>
      </trkpt>
      <trkpt lat="23.05719" lon="113.305947">
        <time>2026-09-18T22:49:35Z</time>
      </trkpt>
      <trkpt lat="23.057169" lon="113.306069">
        <time>2026-09-18T22:49:40Z</time>
      </trkpt>
      <trkpt lat="23.057138" lon="113.306188">
        <time>2026-09-18T22:49:45Z</time>
      </trkpt>
      <trkpt lat="23.057132" lon="113.306335">
        <time>2026-09-18T22:49:50Z</time>
      </trkpt>
      <trkpt lat="23.057105" lon="113.306483">
        <time>2026-09-18T22:49:55Z</time>
      </trkpt>
      <trkpt lat="23.057068" lon="113.306615">
        <time>2026-09-18T22:50:00Z</time>
      </trkpt>
      <trkpt lat="23.057062" lon="113.306736">
        <time>2026-09-18T22:50:05Z</time>
      </trkpt>
      <trkpt lat="23.05709" lon="113.306864">
        <time>2026-09-18T22:50:10Z</time>
      </trkpt>
      <trkpt lat="23.05711" lon="113.307012">
        <time>2026-09-18T22:50:15Z</time>
      </trkpt>
      <trkpt lat="23.057114" lon="113.307157">
        <time>2026-09-18T22:50:20Z</time>
      </trkpt>
      <trkpt lat="23.057126" lon="113.307293">
        <time>2026-09-18T22:50:25Z</time>
      </trkpt>
      <trkpt lat="23.057126" lon="113.307427">
        <time>2026-09-18T22:50:30Z</time>
      </trkpt>
      <trkpt lat="23.057143" lon="113.307555">
        <time>2026-09-18T22:50:35Z</time>
      </trkpt>
      <trkpt lat="23.057153" lon="113.307678">
        <time>2026-09-18T22:50:40Z</time>
      </trkpt>
      <trkpt lat="23.057133" lon="113.307803">
        <time>2026-09-18T22:50:45Z</time>
      </trkpt>
      <trkpt lat="23.057131" lon="113.307915">
        <time>2026-09-18T22:50:50Z</time>
      </trkpt>
      <trkpt lat="23.057142" lon="113.308023">
        <time>2026-09-18T22:50:55Z</time>
      </trkpt>
      <trkpt lat="23.057155" lon="113.308125">
        <time>2026-09-18T22:51:00Z</time>
      </trkpt>
      <trkpt lat="23.05716" lon="113.308239">
        <time>2026-09-18T22:51:05Z</time>
      </trkpt>
      <trkpt lat="23.057162" lon="113.308353">
        <time>2026-09-18T22:51:10Z</time>
      </trkpt>
      <trkpt lat="23.057159" lon="113.308468">
        <time>2026-09-18T22:51:15Z</time>
      </trkpt>
      <trkpt lat="23.057162" lon="113.30858">
        <time>2026-09-18T22:51:20Z</time>
      </trkpt>
      <trkpt lat="23.057173" lon="113.308706">
        <time>2026-09-18T22:51:25Z</time>
      </trkpt>
      <trkpt lat="23.057183" lon="113.308834">
        <time>2026-09-18T22:51:30Z</time>
      </trkpt>
      <trkpt lat="23.057196" lon="113.308961">
        <time>2026-09-18T22:51:35Z</time>
      </trkpt>
      <trkpt lat="23.057212" lon="113.309078">
        <time>2026-09-18T22:51:40Z</time>
      </trkpt>
      <trkpt lat="23.057226" lon="113.309201">
        <time>2026-09-18T22:51:45Z</time>
      </trkpt>
      <trkpt lat="23.057247" lon="113.309341">
        <time>2026-09-18T22:51:50Z</time>
      </trkpt>
      <trkpt lat="23.05727" lon="113.309473">
        <time>2026-09-18T22:51:55Z</time>
      </trkpt>
      <trkpt lat="23.057301" lon="113.309609">
        <time>2026-09-18T22:52:00Z</time>
      </trkpt>
      <trkpt lat="23.057328" lon="113.309742">
        <time>2026-09-18T22:52:05Z</time>
      </trkpt>
      <trkpt lat="23.057348" lon="113.309867">
        <time>2026-09-18T22:52:10Z</time>
      </trkpt>
      <trkpt lat="23.057347" lon="113.309984">
        <time>2026-09-18T22:52:15Z</time>
      </trkpt>
      <trkpt lat="23.057352" lon="113.310118">
        <time>2026-09-18T22:52:20Z</time>
      </trkpt>
      <trkpt lat="23.057388" lon="113.31026">
        <time>2026-09-18T22:52:25Z</time>
      </trkpt>
      <trkpt lat="23.057406" lon="113.310389">
        <time>2026-09-18T22:52:30Z</time>
      </trkpt>
      <trkpt lat="23.057393" lon="113.310518">
        <time>2026-09-18T22:52:35Z</time>
      </trkpt>
      <trkpt lat="23.057386" lon="113.310655">
        <time>2026-09-18T22:52:40Z</time>
      </trkpt>
      <trkpt lat="23.057382" lon="113.310785">
        <time>2026-09-18T22:52:45Z</time>
      </trkpt>
      <trkpt lat="23.057368" lon="113.31092">
        <time>2026-09-18T22:52:50Z</time>
      </trkpt>
      <trkpt lat="23.057358" lon="113.31106">
        <time>2026-09-18T22:52:55Z</time>
      </trkpt>
      <trkpt lat="23.057352" lon="113.311194">
        <time>2026-09-18T22:53:00Z</time>
      </trkpt>
      <trkpt lat="23.05735" lon="113.311327">
        <time>2026-09-18T22:53:05Z</time>
      </trkpt>
      <trkpt lat="23.05735" lon="113.311459">
        <time>2026-09-18T22:53:10Z</time>
      </trkpt>
      <trkpt lat="23.057347" lon="113.311593">
        <time>2026-09-18T22:53:15Z</time>
      </trkpt>
      <trkpt lat="23.057339" lon="113.31173">
        <time>2026-09-18T22:53:20Z</time>
      </trkpt>
      <trkpt lat="23.057348" lon="113.311866">
        <time>2026-09-18T22:53:25Z</time>
      </trkpt>
      <trkpt lat="23.057351" lon="113.311994">
        <time>2026-09-18T22:53:30Z</time>
      </trkpt>
      <trkpt lat="23.057348" lon="113.312122">
        <time>2026-09-18T22:53:35Z</time>
      </trkpt>
      <trkpt lat="23.057347" lon="113.312244">
        <time>2026-09-18T22:53:40Z</time>
      </trkpt>
      <trkpt lat="23.057354" lon="113.312368">
        <time>2026-09-18T22:53:45Z</time>
      </trkpt>
      <trkpt lat="23.057364" lon="113.312493">
        <time>2026-09-18T22:53:50Z</time>
      </trkpt>
      <trkpt lat="23.057374" lon="113.312613">
        <time>2026-09-18T22:53:55Z</time>
      </trkpt>
      <trkpt lat="23.057374" lon="113.312737">
        <time>2026-09-18T22:54:00Z</time>
      </trkpt>
      <trkpt lat="23.057368" lon="113.312848">
        <time>2026-09-18T22:54:05Z</time>
      </trkpt>
      <trkpt lat="23.057367" lon="113.312938">
        <time>2026-09-18T22:54:10Z</time>
      </trkpt>
      <trkpt lat="23.057372" lon="113.313075">
        <time>2026-09-18T22:54:15Z</time>
      </trkpt>
      <trkpt lat="23.05737" lon="113.31321">
        <time>2026-09-18T22:54:20Z</time>
      </trkpt>
      <trkpt lat="23.057378" lon="113.313344">
        <time>2026-09-18T22:54:25Z</time>
      </trkpt>
      <trkpt lat="23.057377" lon="113.313479">
        <time>2026-09-18T22:54:30Z</time>
      </trkpt>
      <trkpt lat="23.05738" lon="113.313617">
        <time>2026-09-18T22:54:35Z</time>
      </trkpt>
      <trkpt lat="23.057387" lon="113.313754">
        <time>2026-09-18T22:54:40Z</time>
      </trkpt>
      <trkpt lat="23.057391" lon="113.313882">
        <time>2026-09-18T22:54:45Z</time>
      </trkpt>
      <trkpt lat="23.057395" lon="113.314007">
        <time>2026-09-18T22:54:50Z</time>
      </trkpt>
      <trkpt lat="23.057396" lon="113.314128">
        <time>2026-09-18T22:54:55Z</time>
      </trkpt>
      <trkpt lat="23.057396" lon="113.314247">
        <time>2026-09-18T22:55:00Z</time>
      </trkpt>
      <trkpt lat="23.057398" lon="113.314367">
        <time>2026-09-18T22:55:05Z</time>
      </trkpt>
      <trkpt lat="23.057395" lon="113.314492">
        <time>2026-09-18T22:55:10Z</time>
      </trkpt>
      <trkpt lat="23.057391" lon="113.314626">
        <time>2026-09-18T22:55:15Z</time>
      </trkpt>
      <trkpt lat="23.057391" lon="113.314757">
        <time>2026-09-18T22:55:20Z</time>
      </trkpt>
      <trkpt lat="23.057401" lon="113.314888">
        <time>2026-09-18T22:55:25Z</time>
      </trkpt>
      <trkpt lat="23.057402" lon="113.315031">
        <time>2026-09-18T22:55:30Z</time>
      </trkpt>
      <trkpt lat="23.057388" lon="113.315164">
        <time>2026-09-18T22:55:35Z</time>
      </trkpt>
      <trkpt lat="23.057393" lon="113.315295">
        <time>2026-09-18T22:55:40Z</time>
      </trkpt>
      <trkpt lat="23.057391" lon="113.31543">
        <time>2026-09-18T22:55:45Z</time>
      </trkpt>
      <trkpt lat="23.05739" lon="113.315562">
        <time>2026-09-18T22:55:50Z</time>
      </trkpt>
      <trkpt lat="23.0574" lon="113.315696">
        <time>2026-09-18T22:55:55Z</time>
      </trkpt>
      <trkpt lat="23.05741" lon="113.315831">
        <time>2026-09-18T22:56:00Z</time>
      </trkpt>
      <trkpt lat="23.057418" lon="113.315966">
        <time>2026-09-18T22:56:05Z</time>
      </trkpt>
      <trkpt lat="23.057419" lon="113.316097">
        <time>2026-09-18T22:56:10Z</time>
      </trkpt>
      <trkpt lat="23.057419" lon="113.316231">
        <time>2026-09-18T22:56:15Z</time>
      </trkpt>
      <trkpt lat="23.057425" lon="113.31636">
        <time>2026-09-18T22:56:20Z</time>
      </trkpt>
      <trkpt lat="23.057433" lon="113.316485">
        <time>2026-09-18T22:56:25Z</time>
      </trkpt>
      <trkpt lat="23.057429" lon="113.316611">
        <time>2026-09-18T22:56:30Z</time>
      </trkpt>
      <trkpt lat="23.05743" lon="113.31674">
        <time>2026-09-18T22:56:35Z</time>
      </trkpt>
      <trkpt lat="23.057435" lon="113.316871">
        <time>2026-09-18T22:56:40Z</time>
      </trkpt>
      <trkpt lat="23.057448" lon="113.316999">
        <time>2026-09-18T22:56:45Z</time>
      </trkpt>
      <trkpt lat="23.057455" lon="113.317124">
        <time>2026-09-18T22:56:50Z</time>
      </trkpt>
      <trkpt lat="23.057454" lon="113.317248">
        <time>2026-09-18T22:56:55Z</time>
      </trkpt>
      <trkpt lat="23.057457" lon="113.317379">
        <time>2026-09-18T22:57:00Z</time>
      </trkpt>
      <trkpt lat="23.057478" lon="113.317523">
        <time>2026-09-18T22:57:05Z</time>
      </trkpt>
      <trkpt lat="23.057523" lon="113.317641">
        <time>2026-09-18T22:57:10Z</time>
      </trkpt>
      <trkpt lat="23.057568" lon="113.317755">
        <time>2026-09-18T22:57:15Z</time>
      </trkpt>
      <trkpt lat="23.057603" lon="113.317875">
        <time>2026-09-18T22:57:20Z</time>
      </trkpt>
      <trkpt lat="23.057649" lon="113.318003">
        <time>2026-09-18T22:57:25Z</time>
      </trkpt>
      <trkpt lat="23.057683" lon="113.318135">
        <time>2026-09-18T22:57:30Z</time>
      </trkpt>
      <trkpt lat="23.057688" lon="113.318264">
        <time>2026-09-18T22:57:35Z</time>
      </trkpt>
      <trkpt lat="23.057695" lon="113.318391">
        <time>2026-09-18T22:57:40Z</time>
      </trkpt>
      <trkpt lat="23.057705" lon="113.318513">
        <time>2026-09-18T22:57:45Z</time>
      </trkpt>
      <trkpt lat="23.057721" lon="113.318637">
        <time>2026-09-18T22:57:50Z</time>
      </trkpt>
      <trkpt lat="23.057741" lon="113.318762">
        <time>2026-09-18T22:57:55Z</time>
      </trkpt>
      <trkpt lat="23.057764" lon="113.318882">
        <time>2026-09-18T22:58:00Z</time>
      </trkpt>
      <trkpt lat="23.057782" lon="113.318994">
        <time>2026-09-18T22:58:05Z</time>
      </trkpt>
      <trkpt lat="23.057797" lon="113.319113">
        <time>2026-09-18T22:58:10Z</time>
      </trkpt>
      <trkpt lat="23.057805" lon="113.31923">
        <time>2026-09-18T22:58:15Z</time>
      </trkpt>
      <trkpt lat="23.057799" lon="113.319354">
        <time>2026-09-18T22:58:20Z</time>
      </trkpt>
      <trkpt lat="23.057775" lon="113.319479">
        <time>2026-09-18T22:58:25Z</time>
      </trkpt>
      <trkpt lat="23.057753" lon="113.31962">
        <time>2026-09-18T22:58:30Z</time>
      </trkpt>
      <trkpt lat="23.057745" lon="113.31977">
        <time>2026-09-18T22:58:35Z</time>
      </trkpt>
      <trkpt lat="23.057736" lon="113.31992">
        <time>2026-09-18T22:58:40Z</time>
      </trkpt>
      <trkpt lat="23.057743" lon="113.320058">
        <time>2026-09-18T22:58:45Z</time>
      </trkpt>
      <trkpt lat="23.057739" lon="113.320182">
        <time>2026-09-18T22:58:50Z</time>
      </trkpt>
      <trkpt lat="23.057736" lon="113.320317">
        <time>2026-09-18T22:58:55Z</time>
      </trkpt>
      <trkpt lat="23.057742" lon="113.320453">
        <time>2026-09-18T22:59:00Z</time>
      </trkpt>
      <trkpt lat="23.05774" lon="113.320588">
        <time>2026-09-18T22:59:05Z</time>
      </trkpt>
      <trkpt lat="23.057734" lon="113.32072">
        <time>2026-09-18T22:59:10Z</time>
      </trkpt>
      <trkpt lat="23.057739" lon="113.320859">
        <time>2026-09-18T22:59:15Z</time>
      </trkpt>
      <trkpt lat="23.057738" lon="113.320996">
        <time>2026-09-18T22:59:20Z</time>
      </trkpt>
      <trkpt lat="23.057736" lon="113.321128">
        <time>2026-09-18T22:59:25Z</time>
      </trkpt>
      <trkpt lat="23.057733" lon="113.321253">
        <time>2026-09-18T22:59:30Z</time>
      </trkpt>
      <trkpt lat="23.057732" lon="113.321378">
        <time>2026-09-18T22:59:35Z</time>
      </trkpt>
      <trkpt lat="23.057725" lon="113.321505">
        <time>2026-09-18T22:59:40Z</time>
      </trkpt>
      <trkpt lat="23.057725" lon="113.321629">
        <time>2026-09-18T22:59:45Z</time>
      </trkpt>
      <trkpt lat="23.057733" lon="113.321762">
        <time>2026-09-18T22:59:50Z</time>
      </trkpt>
      <trkpt lat="23.057741" lon="113.321905">
        <time>2026-09-18T22:59:55Z</time>
      </trkpt>
      <trkpt lat="23.057744" lon="113.322051">
        <time>2026-09-18T23:00:00Z</time>
      </trkpt>
      <trkpt lat="23.05775" lon="113.32221">
        <time>2026-09-18T23:00:05Z</time>
      </trkpt>
      <trkpt lat="23.057744" lon="113.322364">
        <time>2026-09-18T23:00:10Z</time>
      </trkpt>
      <trkpt lat="23.057732" lon="113.322491">
        <time>2026-09-18T23:00:15Z</time>
      </trkpt>
      <trkpt lat="23.057731" lon="113.322619">
        <time>2026-09-18T23:00:20Z</time>
      </trkpt>
      <trkpt lat="23.057734" lon="113.322742">
        <time>2026-09-18T23:00:25Z</time>
      </trkpt>
      <trkpt lat="23.05772" lon="113.322867">
        <time>2026-09-18T23:00:30Z</time>
      </trkpt>
      <trkpt lat="23.057718" lon="113.322984">
        <time>2026-09-18T23:00:35Z</time>
      </trkpt>
      <trkpt lat="23.057729" lon="113.323108">
        <time>2026-09-18T23:00:40Z</time>
      </trkpt>
      <trkpt lat="23.057744" lon="113.32324">
        <time>2026-09-18T23:00:45Z</time>
      </trkpt>
      <trkpt lat="23.057752" lon="113.323385">
        <time>2026-09-18T23:00:50Z</time>
      </trkpt>
      <trkpt lat="23.057752" lon="113.323537">
        <time>2026-09-18T23:00:55Z</time>
      </trkpt>
      <trkpt lat="23.057755" lon="113.323688">
        <time>2026-09-18T23:01:00Z</time>
      </trkpt>
      <trkpt lat="23.057744" lon="113.323824">
        <time>2026-09-18T23:01:05Z</time>
      </trkpt>
      <trkpt lat="23.057743" lon="113.323946">
        <time>2026-09-18T23:01:10Z</time>
      </trkpt>
      <trkpt lat="23.057767" lon="113.324069">
        <time>2026-09-18T23:01:15Z</time>
      </trkpt>
      <trkpt lat="23.057772" lon="113.324213">
        <time>2026-09-18T23:01:20Z</time>
      </trkpt>
      <trkpt lat="23.05776" lon="113.324352">
        <time>2026-09-18T23:01:25Z</time>
      </trkpt>
      <trkpt lat="23.057754" lon="113.32449">
        <time>2026-09-18T23:01:30Z</time>
      </trkpt>
      <trkpt lat="23.057746" lon="113.324622">
        <time>2026-09-18T23:01:35Z</time>
      </trkpt>
      <trkpt lat="23.057733" lon="113.324764">
        <time>2026-09-18T23:01:40Z</time>
      </trkpt>
      <trkpt lat="23.057721" lon="113.324903">
        <time>2026-09-18T23:01:45Z</time>
      </trkpt>
      <trkpt lat="23.057713" lon="113.325044">
        <time>2026-09-18T23:01:50Z</time>
      </trkpt>
      <trkpt lat="23.057709" lon="113.325184">
        <time>2026-09-18T23:01:55Z</time>
      </trkpt>
      <trkpt lat="23.057696" lon="113.325315">
        <time>2026-09-18T23:02:00Z</time>
      </trkpt>
      <trkpt lat="23.057679" lon="113.325445">
        <time>2026-09-18T23:02:05Z</time>
      </trkpt>
      <trkpt lat="23.057676" lon="113.32558">
        <time>2026-09-18T23:02:10Z</time>
      </trkpt>
      <trkpt lat="23.057699" lon="113.32572">
        <time>2026-09-18T23:02:15Z</time>
      </trkpt>
      <trkpt lat="23.057707" lon="113.325857">
        <time>2026-09-18T23:02:20Z</time>
      </trkpt>
      <trkpt lat="23.057701" lon="113.325986">
        <time>2026-09-18T23:02:25Z</time>
      </trkpt>
      <trkpt lat="23.057703" lon="113.326106">
        <time>2026-09-18T23:02:30Z</time>
      </trkpt>
      <trkpt lat="23.057726" lon="113.326231">
        <time>2026-09-18T23:02:35Z</time>
      </trkpt>
      <trkpt lat="23.057747" lon="113.326369">
        <time>2026-09-18T23:02:40Z</time>
      </trkpt>
      <trkpt lat="23.057746" lon="113.3265">
        <time>2026-09-18T23:02:45Z</time>
      </trkpt>
      <trkpt lat="23.057722" lon="113.326632">
        <time>2026-09-18T23:02:50Z</time>
      </trkpt>
      <trkpt lat="23.057684" lon="113.326773">
        <time>2026-09-18T23:02:55Z</time>
      </trkpt>
      <trkpt lat="23.057647" lon="113.326905">
        <time>2026-09-18T23:03:00Z</time>
      </trkpt>
      <trkpt lat="23.057602" lon="113.327033">
        <time>2026-09-18T23:03:05Z</time>
      </trkpt>
      <trkpt lat="23.057553" lon="113.32715">
        <time>2026-09-18T23:03:10Z</time>
      </trkpt>
      <trkpt lat="23.057496" lon="113.327269">
        <time>2026-09-18T23:03:15Z</time>
      </trkpt>
      <trkpt lat="23.057449" lon="113.327388">
        <time>2026-09-18T23:03:20Z</time>
      </trkpt>
      <trkpt lat="23.057417" lon="113.327515">
        <time>2026-09-18T23:03:25Z</time>
      </trkpt>
      <trkpt lat="23.057373" lon="113.327639">
        <time>2026-09-18T23:03:30Z</time>
      </trkpt>
      <trkpt lat="23.057342" lon="113.327782">
        <time>2026-09-18T23:03:35Z</time>
      </trkpt>
      <trkpt lat="23.057305" lon="113.327911">
        <time>2026-09-18T23:03:40Z</time>
      </trkpt>
      <trkpt lat="23.057258" lon="113.328024">
        <time>2026-09-18T23:03:45Z</time>
      </trkpt>
      <trkpt lat="23.057197" lon="113.328133">
        <time>2026-09-18T23:03:50Z</time>
      </trkpt>
      <trkpt lat="23.05715" lon="113.328244">
        <time>2026-09-18T23:03:55Z</time>
      </trkpt>
      <trkpt lat="23.057107" lon="113.328359">
        <time>2026-09-18T23:04:00Z</time>
      </trkpt>
      <trkpt lat="23.057071" lon="113.328494">
        <time>2026-09-18T23:04:05Z</time>
      </trkpt>
      <trkpt lat="23.057055" lon="113.328626">
        <time>2026-09-18T23:04:10Z</time>
      </trkpt>
      <trkpt lat="23.057034" lon="113.328763">
        <time>2026-09-18T23:04:15Z</time>
      </trkpt>
      <trkpt lat="23.056986" lon="113.328886">
        <time>2026-09-18T23:04:20Z</time>
      </trkpt>
      <trkpt lat="23.056944" lon="113.329001">
        <time>2026-09-18T23:04:25Z</time>
      </trkpt>
      <trkpt lat="23.056912" lon="113.329107">
        <time>2026-09-18T23:04:30Z</time>
      </trkpt>
      <trkpt lat="23.056884" lon="113.329243">
        <time>2026-09-18T23:04:35Z</time>
      </trkpt>
      <trkpt lat="23.056841" lon="113.32938">
        <time>2026-09-18T23:04:40Z</time>
      </trkpt>
      <trkpt lat="23.056805" lon="113.329504">
        <time>2026-09-18T23:04:45Z</time>
      </trkpt>
      <trkpt lat="23.05676" lon="113.329624">
        <time>2026-09-18T23:04:50Z</time>
      </trkpt>
      <trkpt lat="23.056726" lon="113.329732">
        <time>2026-09-18T23:04:55Z</time>
      </trkpt>
      <trkpt lat="23.056695" lon="113.329845">
        <time>2026-09-18T23:05:00Z</time>
      </trkpt>
      <trkpt lat="23.05666" lon="113.32996">
        <time>2026-09-18T23:05:05Z</time>
      </trkpt>
      <trkpt lat="23.056637" lon="113.330113">
        <time>2026-09-18T23:05:10Z</time>
      </trkpt>
      <trkpt lat="23.056581" lon="113.330252">
        <time>2026-09-18T23:05:15Z</time>
      </trkpt>
      <trkpt lat="23.056525" lon="113.330338">
        <time>2026-09-18T23:05:20Z</time>
      </trkpt>
      <trkpt lat="23.056482" lon="113.330447">
        <time>2026-09-18T23:05:25Z</time>
      </trkpt>
      <trkpt lat="23.056418" lon="113.330566">
        <time>2026-09-18T23:05:30Z</time>
      </trkpt>
      <trkpt lat="23.056361" lon="113.330683">
        <time>2026-09-18T23:05:35Z</time>
      </trkpt>
      <trkpt lat="23.056281" lon="113.330798">
        <time>2026-09-18T23:05:40Z</time>
      </trkpt>
      <trkpt lat="23.05619" lon="113.330908">
        <time>2026-09-18T23:05:45Z</time>
      </trkpt>
      <trkpt lat="23.056117" lon="113.331017">
        <time>2026-09-18T23:05:50Z</time>
      </trkpt>
      <trkpt lat="23.056028" lon="113.331126">
        <time>2026-09-18T23:05:55Z</time>
      </trkpt>
      <trkpt lat="23.05594" lon="113.331239">
        <time>2026-09-18T23:06:00Z</time>
      </trkpt>
      <trkpt lat="23.055875" lon="113.331342">
        <time>2026-09-18T23:06:05Z</time>
      </trkpt>
      <trkpt lat="23.055803" lon="113.331438">
        <time>2026-09-18T23:06:10Z</time>
      </trkpt>
      <trkpt lat="23.055737" lon="113.331549">
        <time>2026-09-18T23:06:15Z</time>
      </trkpt>
      <trkpt lat="23.055654" lon="113.331681">
        <time>2026-09-18T23:06:20Z</time>
      </trkpt>
      <trkpt lat="23.055577" lon="113.331793">
        <time>2026-09-18T23:06:25Z</time>
      </trkpt>
      <trkpt lat="23.055508" lon="113.331896">
        <time>2026-09-18T23:06:30Z</time>
      </trkpt>
      <trkpt lat="23.055435" lon="113.332005">
        <time>2026-09-18T23:06:35Z</time>
      </trkpt>
      <trkpt lat="23.055361" lon="113.332107">
        <time>2026-09-18T23:06:40Z</time>
      </trkpt>
      <trkpt lat="23.055273" lon="113.332218">
        <time>2026-09-18T23:06:45Z</time>
      </trkpt>
      <trkpt lat="23.055179" lon="113.332338">
        <time>2026-09-18T23:06:50Z</time>
      </trkpt>
      <trkpt lat="23.055103" lon="113.33245">
        <time>2026-09-18T23:06:55Z</time>
      </trkpt>
      <trkpt lat="23.055034" lon="113.332556">
        <time>2026-09-18T23:07:00Z</time>
      </trkpt>
      <trkpt lat="23.054975" lon="113.332682">
        <time>2026-09-18T23:07:05Z</time>
      </trkpt>
      <trkpt lat="23.054914" lon="113.332799">
        <time>2026-09-18T23:07:10Z</time>
      </trkpt>
      <trkpt lat="23.05484" lon="113.332895">
        <time>2026-09-18T23:07:15Z</time>
      </trkpt>
      <trkpt lat="23.054752" lon="113.33298">
        <time>2026-09-18T23:07:20Z</time>
      </trkpt>
      <trkpt lat="23.054651" lon="113.333067">
        <time>2026-09-18T23:07:25Z</time>
      </trkpt>
      <trkpt lat="23.054555" lon="113.333167">
        <time>2026-09-18T23:07:30Z</time>
      </trkpt>
      <trkpt lat="23.05448" lon="113.333269">
        <time>2026-09-18T23:07:35Z</time>
      </trkpt>
      <trkpt lat="23.054401" lon="113.333348">
        <time>2026-09-18T23:07:40Z</time>
      </trkpt>
      <trkpt lat="23.054329" lon="113.333439">
        <time>2026-09-18T23:07:45Z</time>
      </trkpt>
      <trkpt lat="23.054255" lon="113.333526">
        <time>2026-09-18T23:07:50Z</time>
      </trkpt>
      <trkpt lat="23.054197" lon="113.333634">
        <time>2026-09-18T23:07:55Z</time>
      </trkpt>
      <trkpt lat="23.054137" lon="113.333754">
        <time>2026-09-18T23:08:00Z</time>
      </trkpt>
      <trkpt lat="23.05409" lon="113.333884">
        <time>2026-09-18T23:08:05Z</time>
      </trkpt>
      <trkpt lat="23.054052" lon="113.333995">
        <time>2026-09-18T23:08:10Z</time>
      </trkpt>
      <trkpt lat="23.053971" lon="113.334079">
        <time>2026-09-18T23:08:15Z</time>
      </trkpt>
      <trkpt lat="23.053885" lon="113.334175">
        <time>2026-09-18T23:08:20Z</time>
      </trkpt>
      <trkpt lat="23.053803" lon="113.334296">
        <time>2026-09-18T23:08:25Z</time>
      </trkpt>
      <trkpt lat="23.053731" lon="113.334423">
        <time>2026-09-18T23:08:30Z</time>
      </trkpt>
      <trkpt lat="23.053656" lon="113.334508">
        <time>2026-09-18T23:08:35Z</time>
      </trkpt>
      <trkpt lat="23.053578" lon="113.334587">
        <time>2026-09-18T23:08:40Z</time>
      </trkpt>
      <trkpt lat="23.053484" lon="113.334666">
        <time>2026-09-18T23:08:45Z</time>
      </trkpt>
      <trkpt lat="23.053401" lon="113.334762">
        <time>2026-09-18T23:08:50Z</time>
      </trkpt>
      <trkpt lat="23.053329" lon="113.334853">
        <time>2026-09-18T23:08:55Z</time>
      </trkpt>
      <trkpt lat="23.053254" lon="113.334928">
        <time>2026-09-18T23:09:00Z</time>
      </trkpt>
      <trkpt lat="23.053182" lon="113.335023">
        <time>2026-09-18T23:09:05Z</time>
      </trkpt>
      <trkpt lat="23.05311" lon="113.335129">
        <time>2026-09-18T23:09:10Z</time>
      </trkpt>
      <trkpt lat="23.053036" lon="113.335235">
        <time>2026-09-18T23:09:15Z</time>
      </trkpt>
      <trkpt lat="23.05297" lon="113.335348">
        <time>2026-09-18T23:09:20Z</time>
      </trkpt>
      <trkpt lat="23.05291" lon="113.335464">
        <time>2026-09-18T23:09:25Z</time>
      </trkpt>
      <trkpt lat="23.052846" lon="113.335576">
        <time>2026-09-18T23:09:30Z</time>
      </trkpt>
      <trkpt lat="23.052787" lon="113.335692">
        <time>2026-09-18T23:09:35Z</time>
      </trkpt>
      <trkpt lat="23.052709" lon="113.335795">
        <time>2026-09-18T23:09:40Z</time>
      </trkpt>
      <trkpt lat="23.052613" lon="113.335878">
        <time>2026-09-18T23:09:45Z</time>
      </trkpt>
      <trkpt lat="23.052547" lon="113.336005">
        <time>2026-09-18T23:09:50Z</time>
      </trkpt>
      <trkpt lat="23.052471" lon="113.336143">
        <time>2026-09-18T23:09:55Z</time>
      </trkpt>
      <trkpt lat="23.052409" lon="113.336259">
        <time>2026-09-18T23:10:00Z</time>
      </trkpt>
      <trkpt lat="23.052368" lon="113.336368">
        <time>2026-09-18T23:10:05Z</time>
      </trkpt>
      <trkpt lat="23.052296" lon="113.33646">
        <time>2026-09-18T23:10:10Z</time>
      </trkpt>
      <trkpt lat="23.052204" lon="113.336537">
        <time>2026-09-18T23:10:15Z</time>
      </trkpt>
      <trkpt lat="23.05211" lon="113.336618">
        <time>2026-09-18T23:10:20Z</time>
      </trkpt>
      <trkpt lat="23.052022" lon="113.336687">
        <time>2026-09-18T23:10:25Z</time>
      </trkpt>
      <trkpt lat="23.051943" lon="113.336792">
        <time>2026-09-18T23:10:30Z</time>
      </trkpt>
      <trkpt lat="23.05188" lon="113.336916">
        <time>2026-09-18T23:10:35Z</time>
      </trkpt>
      <trkpt lat="23.051835" lon="113.337057">
        <time>2026-09-18T23:10:40Z</time>
      </trkpt>
      <trkpt lat="23.0518" lon="113.337203">
        <time>2026-09-18T23:10:45Z</time>
      </trkpt>
      <trkpt lat="23.05176" lon="113.337344">
        <time>2026-09-18T23:10:50Z</time>
      </trkpt>
      <trkpt lat="23.051713" lon="113.337461">
        <time>2026-09-18T23:10:55Z</time>
      </trkpt>
      <trkpt lat="23.051647" lon="113.337567">
        <time>2026-09-18T23:11:00Z</time>
      </trkpt>
      <trkpt lat="23.051568" lon="113.337672">
        <time>2026-09-18T23:11:05Z</time>
      </trkpt>
      <trkpt lat="23.051496" lon="113.337785">
        <time>2026-09-18T23:11:10Z</time>
      </trkpt>
      <trkpt lat="23.051426" lon="113.337899">
        <time>2026-09-18T23:11:15Z</time>
      </trkpt>
      <trkpt lat="23.051352" lon="113.338001">
        <time>2026-09-18T23:11:20Z</time>
      </trkpt>
      <trkpt lat="23.051286" lon="113.338095">
        <time>2026-09-18T23:11:25Z</time>
      </trkpt>
      <trkpt lat="23.051217" lon="113.338191">
        <time>2026-09-18T23:11:30Z</time>
      </trkpt>
      <trkpt lat="23.051147" lon="113.33829">
        <time>2026-09-18T23:11:35Z</time>
      </trkpt>
      <trkpt lat="23.051077" lon="113.338413">
        <time>2026-09-18T23:11:40Z</time>
      </trkpt>
      <trkpt lat="23.051008" lon="113.33852">
        <time>2026-09-18T23:11:45Z</time>
      </trkpt>
      <trkpt lat="23.050933" lon="113.338623">
        <time>2026-09-18T23:11:50Z</time>
      </trkpt>
      <trkpt lat="23.050857" lon="113.33873">
        <time>2026-09-18T23:11:55Z</time>
      </trkpt>
      <trkpt lat="23.050781" lon="113.338826">
        <time>2026-09-18T23:12:00Z</time>
      </trkpt>
      <trkpt lat="23.050708" lon="113.338924">
        <time>2026-09-18T23:12:05Z</time>
      </trkpt>
      <trkpt lat="23.050638" lon="113.339024">
        <time>2026-09-18T23:12:10Z</time>
      </trkpt>
      <trkpt lat="23.050561" lon="113.339126">
        <time>2026-09-18T23:12:15Z</time>
      </trkpt>
      <trkpt lat="23.050486" lon="113.339241">
        <time>2026-09-18T23:12:20Z</time>
      </trkpt>
      <trkpt lat="23.050423" lon="113.339349">
        <time>2026-09-18T23:12:25Z</time>
      </trkpt>
      <trkpt lat="23.050361" lon="113.339446">
        <time>2026-09-18T23:12:30Z</time>
      </trkpt>
      <trkpt lat="23.050302" lon="113.33955">
        <time>2026-09-18T23:12:35Z</time>
      </trkpt>
      <trkpt lat="23.050245" lon="113.339676">
        <time>2026-09-18T23:12:40Z</time>
      </trkpt>
      <trkpt lat="23.050183" lon="113.339791">
        <time>2026-09-18T23:12:45Z</time>
      </trkpt>
      <trkpt lat="23.050111" lon="113.339893">
        <time>2026-09-18T23:12:50Z</time>
      </trkpt>
      <trkpt lat="23.050035" lon="113.339989">
        <time>2026-09-18T23:12:55Z</time>
      </trkpt>
      <trkpt lat="23.049959" lon="113.340099">
        <time>2026-09-18T23:13:00Z</time>
      </trkpt>
      <trkpt lat="23.049893" lon="113.340208">
        <time>2026-09-18T23:13:05Z</time>
      </trkpt>
      <trkpt lat="23.04983" lon="113.340309">
        <time>2026-09-18T23:13:10Z</time>
      </trkpt>
      <trkpt lat="23.049759" lon="113.340411">
        <time>2026-09-18T23:13:15Z</time>
      </trkpt>
      <trkpt lat="23.049688" lon="113.34053">
        <time>2026-09-18T23:13:20Z</time>
      </trkpt>
      <trkpt lat="23.049622" lon="113.340634">
        <time>2026-09-18T23:13:25Z</time>
      </trkpt>
      <trkpt lat="23.049566" lon="113.340752">
        <time>2026-09-18T23:13:30Z</time>
      </trkpt>
      <trkpt lat="23.049525" lon="113.340855">
        <time>2026-09-18T23:13:35Z</time>
      </trkpt>
      <trkpt lat="23.049484" lon="113.340956">
        <time>2026-09-18T23:13:40Z</time>
      </trkpt>
      <trkpt lat="23.04943" lon="113.34106">
        <time>2026-09-18T23:13:45Z</time>
      </trkpt>
      <trkpt lat="23.04939" lon="113.3412">
        <time>2026-09-18T23:13:50Z</time>
      </trkpt>
      <trkpt lat="23.049362" lon="113.341336">
        <time>2026-09-18T23:13:55Z</time>
      </trkpt>
      <trkpt lat="23.049336" lon="113.341471">
        <time>2026-09-18T23:14:00Z</time>
      </trkpt>
      <trkpt lat="23.0493" lon="113.341596">
        <time>2026-09-18T23:14:05Z</time>
      </trkpt>
      <trkpt lat="23.049258" lon="113.341719">
        <time>2026-09-18T23:14:10Z</time>
      </trkpt>
      <trkpt lat="23.049222" lon="113.341844">
        <time>2026-09-18T23:14:15Z</time>
      </trkpt>
      <trkpt lat="23.049193" lon="113.341952">
        <time>2026-09-18T23:14:20Z</time>
      </trkpt>
      <trkpt lat="23.049151" lon="113.342071">
        <time>2026-09-18T23:14:25Z</time>
      </trkpt>
      <trkpt lat="23.049125" lon="113.342201">
        <time>2026-09-18T23:14:30Z</time>
      </trkpt>
      <trkpt lat="23.049092" lon="113.342351">
        <time>2026-09-18T23:14:35Z</time>
      </trkpt>
      <trkpt lat="23.049063" lon="113.342498">
        <time>2026-09-18T23:14:40Z</time>
      </trkpt>
      <trkpt lat="23.049033" lon="113.34264">
        <time>2026-09-18T23:14:45Z</time>
      </trkpt>
      <trkpt lat="23.049005" lon="113.34277">
        <time>2026-09-18T23:14:50Z</time>
      </trkpt>
      <trkpt lat="23.048986" lon="113.342898">
        <time>2026-09-18T23:14:55Z</time>
      </trkpt>
      <trkpt lat="23.048972" lon="113.343033">
        <time>2026-09-18T23:15:00Z</time>
      </trkpt>
      <trkpt lat="23.048964" lon="113.343164">
        <time>2026-09-18T23:15:05Z</time>
      </trkpt>
      <trkpt lat="23.048961" lon="113.343303">
        <time>2026-09-18T23:15:10Z</time>
      </trkpt>
      <trkpt lat="23.048962" lon="113.343444">
        <time>2026-09-18T23:15:15Z</time>
      </trkpt>
      <trkpt lat="23.048966" lon="113.343595">
        <time>2026-09-18T23:15:20Z</time>
      </trkpt>
      <trkpt lat="23.048968" lon="113.343727">
        <time>2026-09-18T23:15:25Z</time>
      </trkpt>
      <trkpt lat="23.048964" lon="113.343862">
        <time>2026-09-18T23:15:30Z</time>
      </trkpt>
      <trkpt lat="23.048981" lon="113.344">
        <time>2026-09-18T23:15:35Z</time>
      </trkpt>
      <trkpt lat="23.048997" lon="113.344136">
        <time>2026-09-18T23:15:40Z</time>
      </trkpt>
      <trkpt lat="23.048984" lon="113.344272">
        <time>2026-09-18T23:15:45Z</time>
      </trkpt>
      <trkpt lat="23.048979" lon="113.344406">
        <time>2026-09-18T23:15:50Z</time>
      </trkpt>
      <trkpt lat="23.048982" lon="113.344527">
        <time>2026-09-18T23:15:55Z</time>
      </trkpt>
      <trkpt lat="23.048983" lon="113.344672">
        <time>2026-09-18T23:16:00Z</time>
      </trkpt>
      <trkpt lat="23.048988" lon="113.344812">
        <time>2026-09-18T23:16:05Z</time>
      </trkpt>
      <trkpt lat="23.049004" lon="113.34495">
        <time>2026-09-18T23:16:10Z</time>
      </trkpt>
      <trkpt lat="23.04902" lon="113.345078">
        <time>2026-09-18T23:16:15Z</time>
      </trkpt>
      <trkpt lat="23.049034" lon="113.345207">
        <time>2026-09-18T23:16:20Z</time>
      </trkpt>
      <trkpt lat="23.04905" lon="113.345334">
        <time>2026-09-18T23:16:25Z</time>
      </trkpt>
      <trkpt lat="23.049059" lon="113.345471">
        <time>2026-09-18T23:16:30Z</time>
      </trkpt>
      <trkpt lat="23.049059" lon="113.345609">
        <time>2026-09-18T23:16:35Z</time>
      </trkpt>
      <trkpt lat="23.049066" lon="113.345747">
        <time>2026-09-18T23:16:40Z</time>
      </trkpt>
      <trkpt lat="23.049077" lon="113.345878">
        <time>2026-09-18T23:16:45Z</time>
      </trkpt>
      <trkpt lat="23.049084" lon="113.346015">
        <time>2026-09-18T23:16:50Z</time>
      </trkpt>
      <trkpt lat="23.049098" lon="113.346154">
        <time>2026-09-18T23:16:55Z</time>
      </trkpt>
      <trkpt lat="23.049108" lon="113.346272">
        <time>2026-09-18T23:17:00Z</time>
      </trkpt>
      <trkpt lat="23.04912" lon="113.346397">
        <time>2026-09-18T23:17:05Z</time>
      </trkpt>
      <trkpt lat="23.049115" lon="113.346533">
        <time>2026-09-18T23:17:10Z</time>
      </trkpt>
      <trkpt lat="23.049099" lon="113.346663">
        <time>2026-09-18T23:17:15Z</time>
      </trkpt>
      <trkpt lat="23.049093" lon="113.346799">
        <time>2026-09-18T23:17:20Z</time>
      </trkpt>
      <trkpt lat="23.049096" lon="113.346938">
        <time>2026-09-18T23:17:25Z</time>
      </trkpt>
      <trkpt lat="23.049103" lon="113.347072">
        <time>2026-09-18T23:17:30Z</time>
      </trkpt>
      <trkpt lat="23.049104" lon="113.347206">
        <time>2026-09-18T23:17:35Z</time>
      </trkpt>
      <trkpt lat="23.049105" lon="113.347339">
        <time>2026-09-18T23:17:40Z</time>
      </trkpt>
      <trkpt lat="23.049096" lon="113.347475">
        <time>2026-09-18T23:17:45Z</time>
      </trkpt>
      <trkpt lat="23.04909" lon="113.347603">
        <time>2026-09-18T23:17:50Z</time>
      </trkpt>
      <trkpt lat="23.049092" lon="113.347726">
        <time>2026-09-18T23:17:55Z</time>
      </trkpt>
      <trkpt lat="23.049111" lon="113.347859">
        <time>2026-09-18T23:18:00Z</time>
      </trkpt>
      <trkpt lat="23.049127" lon="113.347997">
        <time>2026-09-18T23:18:05Z</time>
      </trkpt>
      <trkpt lat="23.049137" lon="113.348128">
        <time>2026-09-18T23:18:10Z</time>
      </trkpt>
      <trkpt lat="23.04914" lon="113.348263">
        <time>2026-09-18T23:18:15Z</time>
      </trkpt>
      <trkpt lat="23.04914" lon="113.348394">
        <time>2026-09-18T23:18:20Z</time>
      </trkpt>
      <trkpt lat="23.049148" lon="113.348515">
        <time>2026-09-18T23:18:25Z</time>
      </trkpt>
      <trkpt lat="23.049178" lon="113.348622">
        <time>2026-09-18T23:18:30Z</time>
      </trkpt>
      <trkpt lat="23.049196" lon="113.348749">
        <time>2026-09-18T23:18:35Z</time>
      </trkpt>
      <trkpt lat="23.049197" lon="113.348895">
        <time>2026-09-18T23:18:40Z</time>
      </trkpt>
      <trkpt lat="23.049201" lon="113.349042">
        <time>2026-09-18T23:18:45Z</time>
      </trkpt>
      <trkpt lat="23.049219" lon="113.34919">
        <time>2026-09-18T23:18:50Z</time>
      </trkpt>
      <trkpt lat="23.04922" lon="113.349345">
        <time>2026-09-18T23:18:55Z</time>
      </trkpt>
      <trkpt lat="23.049211" lon="113.349492">
        <time>2026-09-18T23:19:00Z</time>
      </trkpt>
      <trkpt lat="23.049209" lon="113.349625">
        <time>2026-09-18T23:19:05Z</time>
      </trkpt>
      <trkpt lat="23.049191" lon="113.349748">
        <time>2026-09-18T23:19:10Z</time>
      </trkpt>
      <trkpt lat="23.04917" lon="113.349859">
        <time>2026-09-18T23:19:15Z</time>
      </trkpt>
      <trkpt lat="23.049152" lon="113.349977">
        <time>2026-09-18T23:19:20Z</time>
      </trkpt>
      <trkpt lat="23.049138" lon="113.350108">
        <time>2026-09-18T23:19:25Z</time>
      </trkpt>
      <trkpt lat="23.049139" lon="113.350243">
        <time>2026-09-18T23:19:30Z</time>
      </trkpt>
      <trkpt lat="23.049132" lon="113.350366">
        <time>2026-09-18T23:19:35Z</time>
      </trkpt>
      <trkpt lat="23.049119" lon="113.350491">
        <time>2026-09-18T23:19:40Z</time>
      </trkpt>
      <trkpt lat="23.049113" lon="113.350617">
        <time>2026-09-18T23:19:45Z</time>
      </trkpt>
      <trkpt lat="23.049118" lon="113.350753">
        <time>2026-09-18T23:19:50Z</time>
      </trkpt>
      <trkpt lat="23.049124" lon="113.350886">
        <time>2026-09-18T23:19:55Z</time>
      </trkpt>
      <trkpt lat="23.049115" lon="113.351022">
        <time>2026-09-18T23:20:00Z</time>
      </trkpt>
      <trkpt lat="23.049114" lon="113.351154">
        <time>2026-09-18T23:20:05Z</time>
      </trkpt>
      <trkpt lat="23.049128" lon="113.351277">
        <time>2026-09-18T23:20:10Z</time>
      </trkpt>
      <trkpt lat="23.049138" lon="113.351408">
        <time>2026-09-18T23:20:15Z</time>
      </trkpt>
      <trkpt lat="23.049149" lon="113.351541">
        <time>2026-09-18T23:20:20Z</time>
      </trkpt>
      <trkpt lat="23.049152" lon="113.351659">
        <time>2026-09-18T23:20:25Z</time>
      </trkpt>
      <trkpt lat="23.049152" lon="113.351783">
        <time>2026-09-18T23:20:30Z</time>
      </trkpt>
      <trkpt lat="23.049169" lon="113.351907">
        <time>2026-09-18T23:20:35Z</time>
      </trkpt>
      <trkpt lat="23.049189" lon="113.352029">
        <time>2026-09-18T23:20:40Z</time>
      </trkpt>
      <trkpt lat="23.049208" lon="113.352151">
        <time>2026-09-18T23:20:45Z</time>
      </trkpt>
      <trkpt lat="23.049209" lon="113.352274">
        <time>2026-09-18T23:20:50Z</time>
      </trkpt>
      <trkpt lat="23.049211" lon="113.352403">
        <time>2026-09-18T23:20:55Z</time>
      </trkpt>
      <trkpt lat="23.049228" lon="113.35254">
        <time>2026-09-18T23:21:00Z</time>
      </trkpt>
      <trkpt lat="23.049235" lon="113.352672">
        <time>2026-09-18T23:21:05Z</time>
      </trkpt>
      <trkpt lat="23.049241" lon="113.352801">
        <time>2026-09-18T23:21:10Z</time>
      </trkpt>
      <trkpt lat="23.049241" lon="113.352928">
        <time>2026-09-18T23:21:15Z</time>
      </trkpt>
      <trkpt lat="23.049234" lon="113.353057">
        <time>2026-09-18T23:21:20Z</time>
      </trkpt>
      <trkpt lat="23.049238" lon="113.353191">
        <time>2026-09-18T23:21:25Z</time>
      </trkpt>
      <trkpt lat="23.049247" lon="113.353327">
        <time>2026-09-18T23:21:30Z</time>
      </trkpt>
      <trkpt lat="23.049254" lon="113.353463">
        <time>2026-09-18T23:21:35Z</time>
      </trkpt>
      <trkpt lat="23.049259" lon="113.3536">
        <time>2026-09-18T23:21:40Z</time>
      </trkpt>
      <trkpt lat="23.049265" lon="113.353732">
        <time>2026-09-18T23:21:45Z</time>
      </trkpt>
      <trkpt lat="23.049258" lon="113.353858">
        <time>2026-09-18T23:21:50Z</time>
      </trkpt>
      <trkpt lat="23.049256" lon="113.353995">
        <time>2026-09-18T23:21:55Z</time>
      </trkpt>
      <trkpt lat="23.049273" lon="113.354133">
        <time>2026-09-18T23:22:00Z</time>
      </trkpt>
      <trkpt lat="23.049296" lon="113.354273">
        <time>2026-09-18T23:22:05Z</time>
      </trkpt>
      <trkpt lat="23.049316" lon="113.354409">
        <time>2026-09-18T23:22:10Z</time>
      </trkpt>
      <trkpt lat="23.049331" lon="113.354544">
        <time>2026-09-18T23:22:15Z</time>
      </trkpt>
      <trkpt lat="23.049352" lon="113.354682">
        <time>2026-09-18T23:22:20Z</time>
      </trkpt>
      <trkpt lat="23.049365" lon="113.354812">
        <time>2026-09-18T23:22:25Z</time>
      </trkpt>
      <trkpt lat="23.049389" lon="113.354943">
        <time>2026-09-18T23:22:30Z</time>
      </trkpt>
      <trkpt lat="23.049423" lon="113.35507">
        <time>2026-09-18T23:22:35Z</time>
      </trkpt>
      <trkpt lat="23.049457" lon="113.3552">
        <time>2026-09-18T23:22:40Z</time>
      </trkpt>
      <trkpt lat="23.049484" lon="113.355325">
        <time>2026-09-18T23:22:45Z</time>
      </trkpt>
      <trkpt lat="23.049508" lon="113.355453">
        <time>2026-09-18T23:22:50Z</time>
      </trkpt>
      <trkpt lat="23.049534" lon="113.355584">
        <time>2026-09-18T23:22:55Z</time>
      </trkpt>
      <trkpt lat="23.049564" lon="113.355714">
        <time>2026-09-18T23:23:00Z</time>
      </trkpt>
      <trkpt lat="23.049593" lon="113.355842">
        <time>2026-09-18T23:23:05Z</time>
      </trkpt>
      <trkpt lat="23.049632" lon="113.355964">
        <time>2026-09-18T23:23:10Z</time>
      </trkpt>
      <trkpt lat="23.049686" lon="113.356009">
        <time>2026-09-18T23:23:15Z</time>
      </trkpt>
      <trkpt lat="23.049666" lon="113.355899">
        <time>2026-09-18T23:23:20Z</time>
      </trkpt>
      <trkpt lat="23.049605" lon="113.355772">
        <time>2026-09-18T23:23:25Z</time>
      </trkpt>
      <trkpt lat="23.049565" lon="113.355642">
        <time>2026-09-18T23:23:30Z</time>
      </trkpt>
      <trkpt lat="23.049531" lon="113.355514">
        <time>2026-09-18T23:23:35Z</time>
      </trkpt>
      <trkpt lat="23.049505" lon="113.355389">
        <time>2026-09-18T23:23:40Z</time>
      </trkpt>
      <trkpt lat="23.049481" lon="113.35526">
        <time>2026-09-18T23:23:45Z</time>
      </trkpt>
      <trkpt lat="23.049465" lon="113.355128">
        <time>2026-09-18T23:23:50Z</time>
      </trkpt>
      <trkpt lat="23.049447" lon="113.354992">
        <time>2026-09-18T23:23:55Z</time>
      </trkpt>
      <trkpt lat="23.049421" lon="113.354863">
        <time>2026-09-18T23:24:00Z</time>
      </trkpt>
      <trkpt lat="23.049404" lon="113.354733">
        <time>2026-09-18T23:24:05Z</time>
      </trkpt>
      <trkpt lat="23.049384" lon="113.354604">
        <time>2026-09-18T23:24:10Z</time>
      </trkpt>
      <trkpt lat="23.049362" lon="113.354475">
        <time>2026-09-18T23:24:15Z</time>
      </trkpt>
      <trkpt lat="23.049349" lon="113.354348">
        <time>2026-09-18T23:24:20Z</time>
      </trkpt>
      <trkpt lat="23.049333" lon="113.354222">
        <time>2026-09-18T23:24:25Z</time>
      </trkpt>
      <trkpt lat="23.049312" lon="113.354094">
        <time>2026-09-18T23:24:30Z</time>
      </trkpt>
      <trkpt lat="23.0493" lon="113.353966">
        <time>2026-09-18T23:24:35Z</time>
      </trkpt>
      <trkpt lat="23.049303" lon="113.353835">
        <time>2026-09-18T23:24:40Z</time>
      </trkpt>
      <trkpt lat="23.049301" lon="113.353703">
        <time>2026-09-18T23:24:45Z</time>
      </trkpt>
      <trkpt lat="23.049285" lon="113.353575">
        <time>2026-09-18T23:24:50Z</time>
      </trkpt>
      <trkpt lat="23.049278" lon="113.353443">
        <time>2026-09-18T23:24:55Z</time>
      </trkpt>
      <trkpt lat="23.049276" lon="113.353313">
        <time>2026-09-18T23:25:00Z</time>
      </trkpt>
      <trkpt lat="23.04927" lon="113.353184">
        <time>2026-09-18T23:25:05Z</time>
      </trkpt>
      <trkpt lat="23.049267" lon="113.353053">
        <time>2026-09-18T23:25:10Z</time>
      </trkpt>
      <trkpt lat="23.049271" lon="113.352921">
        <time>2026-09-18T23:25:15Z</time>
      </trkpt>
      <trkpt lat="23.049268" lon="113.352792">
        <time>2026-09-18T23:25:20Z</time>
      </trkpt>
      <trkpt lat="23.049263" lon="113.35266">
        <time>2026-09-18T23:25:25Z</time>
      </trkpt>
      <trkpt lat="23.049253" lon="113.35253">
        <time>2026-09-18T23:25:30Z</time>
      </trkpt>
      <trkpt lat="23.049244" lon="113.352399">
        <time>2026-09-18T23:25:35Z</time>
      </trkpt>
      <trkpt lat="23.04924" lon="113.352268">
        <time>2026-09-18T23:25:40Z</time>
      </trkpt>
      <trkpt lat="23.049237" lon="113.352138">
        <time>2026-09-18T23:25:45Z</time>
      </trkpt>
      <trkpt lat="23.049228" lon="113.352008">
        <time>2026-09-18T23:25:50Z</time>
      </trkpt>
      <trkpt lat="23.049215" lon="113.351879">
        <time>2026-09-18T23:25:55Z</time>
      </trkpt>
      <trkpt lat="23.049201" lon="113.35175">
        <time>2026-09-18T23:26:00Z</time>
      </trkpt>
      <trkpt lat="23.0492" lon="113.351625">
        <time>2026-09-18T23:26:05Z</time>
      </trkpt>
      <trkpt lat="23.0492" lon="113.3515">
        <time>2026-09-18T23:26:10Z</time>
      </trkpt>
      <trkpt lat="23.049185" lon="113.351373">
        <time>2026-09-18T23:26:15Z</time>
      </trkpt>
      <trkpt lat="23.049165" lon="113.351249">
        <time>2026-09-18T23:26:20Z</time>
      </trkpt>
      <trkpt lat="23.049158" lon="113.351118">
        <time>2026-09-18T23:26:25Z</time>
      </trkpt>
      <trkpt lat="23.049153" lon="113.350982">
        <time>2026-09-18T23:26:30Z</time>
      </trkpt>
      <trkpt lat="23.049152" lon="113.35085">
        <time>2026-09-18T23:26:35Z</time>
      </trkpt>
      <trkpt lat="23.049158" lon="113.350721">
        <time>2026-09-18T23:26:40Z</time>
      </trkpt>
      <trkpt lat="23.049165" lon="113.350591">
        <time>2026-09-18T23:26:45Z</time>
      </trkpt>
      <trkpt lat="23.049175" lon="113.350463">
        <time>2026-09-18T23:26:50Z</time>
      </trkpt>
      <trkpt lat="23.049183" lon="113.350337">
        <time>2026-09-18T23:26:55Z</time>
      </trkpt>
      <trkpt lat="23.049187" lon="113.350208">
        <time>2026-09-18T23:27:00Z</time>
      </trkpt>
      <trkpt lat="23.049193" lon="113.350082">
        <time>2026-09-18T23:27:05Z</time>
      </trkpt>
      <trkpt lat="23.049208" lon="113.349953">
        <time>2026-09-18T23:27:10Z</time>
      </trkpt>
      <trkpt lat="23.049219" lon="113.349823">
        <time>2026-09-18T23:27:15Z</time>
      </trkpt>
      <trkpt lat="23.049231" lon="113.349699">
        <time>2026-09-18T23:27:20Z</time>
      </trkpt>
      <trkpt lat="23.049248" lon="113.349572">
        <time>2026-09-18T23:27:25Z</time>
      </trkpt>
      <trkpt lat="23.049263" lon="113.34944">
        <time>2026-09-18T23:27:30Z</time>
      </trkpt>
      <trkpt lat="23.049266" lon="113.349313">
        <time>2026-09-18T23:27:35Z</time>
      </trkpt>
      <trkpt lat="23.049266" lon="113.349185">
        <time>2026-09-18T23:27:40Z</time>
      </trkpt>
      <trkpt lat="23.049264" lon="113.34905">
        <time>2026-09-18T23:27:45Z</time>
      </trkpt>
      <trkpt lat="23.049263" lon="113.348918">
        <time>2026-09-18T23:27:50Z</time>
      </trkpt>
      <trkpt lat="23.049257" lon="113.348796">
        <time>2026-09-18T23:27:55Z</time>
      </trkpt>
      <trkpt lat="23.049237" lon="113.348668">
        <time>2026-09-18T23:28:00Z</time>
      </trkpt>
      <trkpt lat="23.049225" lon="113.348541">
        <time>2026-09-18T23:28:05Z</time>
      </trkpt>
      <trkpt lat="23.049217" lon="113.348431">
        <time>2026-09-18T23:28:10Z</time>
      </trkpt>
      <trkpt lat="23.049226" lon="113.348306">
        <time>2026-09-18T23:28:15Z</time>
      </trkpt>
      <trkpt lat="23.049212" lon="113.348187">
        <time>2026-09-18T23:28:20Z</time>
      </trkpt>
      <trkpt lat="23.049219" lon="113.348051">
        <time>2026-09-18T23:28:25Z</time>
      </trkpt>
      <trkpt lat="23.049214" lon="113.347909">
        <time>2026-09-18T23:28:30Z</time>
      </trkpt>
      <trkpt lat="23.049209" lon="113.347779">
        <time>2026-09-18T23:28:35Z</time>
      </trkpt>
      <trkpt lat="23.049206" lon="113.347654">
        <time>2026-09-18T23:28:40Z</time>
      </trkpt>
      <trkpt lat="23.049196" lon="113.347528">
        <time>2026-09-18T23:28:45Z</time>
      </trkpt>
      <trkpt lat="23.049194" lon="113.347401">
        <time>2026-09-18T23:28:50Z</time>
      </trkpt>
      <trkpt lat="23.049188" lon="113.347273">
        <time>2026-09-18T23:28:55Z</time>
      </trkpt>
      <trkpt lat="23.049184" lon="113.34714">
        <time>2026-09-18T23:29:00Z</time>
      </trkpt>
      <trkpt lat="23.049172" lon="113.347002">
        <time>2026-09-18T23:29:05Z</time>
      </trkpt>
      <trkpt lat="23.049169" lon="113.346861">
        <time>2026-09-18T23:29:10Z</time>
      </trkpt>
      <trkpt lat="23.04917" lon="113.346726">
        <time>2026-09-18T23:29:15Z</time>
      </trkpt>
      <trkpt lat="23.049166" lon="113.346592">
        <time>2026-09-18T23:29:20Z</time>
      </trkpt>
      <trkpt lat="23.049158" lon="113.346464">
        <time>2026-09-18T23:29:25Z</time>
      </trkpt>
      <trkpt lat="23.049139" lon="113.346339">
        <time>2026-09-18T23:29:30Z</time>
      </trkpt>
      <trkpt lat="23.049135" lon="113.346207">
        <time>2026-09-18T23:29:35Z</time>
      </trkpt>
      <trkpt lat="23.049137" lon="113.346075">
        <time>2026-09-18T23:29:40Z</time>
      </trkpt>
      <trkpt lat="23.049142" lon="113.345934">
        <time>2026-09-18T23:29:45Z</time>
      </trkpt>
      <trkpt lat="23.049137" lon="113.345802">
        <time>2026-09-18T23:29:50Z</time>
      </trkpt>
      <trkpt lat="23.049116" lon="113.345677">
        <time>2026-09-18T23:29:55Z</time>
      </trkpt>
      <trkpt lat="23.049102" lon="113.345544">
        <time>2026-09-18T23:30:00Z</time>
      </trkpt>
      <trkpt lat="23.049096" lon="113.345412">
        <time>2026-09-18T23:30:05Z</time>
      </trkpt>
      <trkpt lat="23.049092" lon="113.345283">
        <time>2026-09-18T23:30:10Z</time>
      </trkpt>
      <trkpt lat="23.049088" lon="113.345158">
        <time>2026-09-18T23:30:15Z</time>
      </trkpt>
      <trkpt lat="23.049077" lon="113.345026">
        <time>2026-09-18T23:30:20Z</time>
      </trkpt>
      <trkpt lat="23.049064" lon="113.344897">
        <time>2026-09-18T23:30:25Z</time>
      </trkpt>
      <trkpt lat="23.049056" lon="113.344763">
        <time>2026-09-18T23:30:30Z</time>
      </trkpt>
      <trkpt lat="23.049052" lon="113.344633">
        <time>2026-09-18T23:30:35Z</time>
      </trkpt>
      <trkpt lat="23.049043" lon="113.3445">
        <time>2026-09-18T23:30:40Z</time>
      </trkpt>
      <trkpt lat="23.049048" lon="113.344363">
        <time>2026-09-18T23:30:45Z</time>
      </trkpt>
      <trkpt lat="23.049059" lon="113.344234">
        <time>2026-09-18T23:30:50Z</time>
      </trkpt>
      <trkpt lat="23.049066" lon="113.344106">
        <time>2026-09-18T23:30:55Z</time>
      </trkpt>
      <trkpt lat="23.049044" lon="113.343982">
        <time>2026-09-18T23:31:00Z</time>
      </trkpt>
      <trkpt lat="23.049008" lon="113.34385">
        <time>2026-09-18T23:31:05Z</time>
      </trkpt>
      <trkpt lat="23.048998" lon="113.343711">
        <time>2026-09-18T23:31:10Z</time>
      </trkpt>
      <trkpt lat="23.048996" lon="113.343588">
        <time>2026-09-18T23:31:15Z</time>
      </trkpt>
      <trkpt lat="23.048993" lon="113.343455">
        <time>2026-09-18T23:31:20Z</time>
      </trkpt>
      <trkpt lat="23.048987" lon="113.343318">
        <time>2026-09-18T23:31:25Z</time>
      </trkpt>
      <trkpt lat="23.048984" lon="113.343195">
        <time>2026-09-18T23:31:30Z</time>
      </trkpt>
      <trkpt lat="23.048988" lon="113.343076">
        <time>2026-09-18T23:31:35Z</time>
      </trkpt>
      <trkpt lat="23.049002" lon="113.342946">
        <time>2026-09-18T23:31:40Z</time>
      </trkpt>
      <trkpt lat="23.049008" lon="113.342825">
        <time>2026-09-18T23:31:45Z</time>
      </trkpt>
      <trkpt lat="23.04902" lon="113.3427">
        <time>2026-09-18T23:31:50Z</time>
      </trkpt>
      <trkpt lat="23.049043" lon="113.342567">
        <time>2026-09-18T23:31:55Z</time>
      </trkpt>
      <trkpt lat="23.049077" lon="113.342434">
        <time>2026-09-18T23:32:00Z</time>
      </trkpt>
      <trkpt lat="23.049111" lon="113.342308">
        <time>2026-09-18T23:32:05Z</time>
      </trkpt>
      <trkpt lat="23.049144" lon="113.342186">
        <time>2026-09-18T23:32:10Z</time>
      </trkpt>
      <trkpt lat="23.049174" lon="113.342054">
        <time>2026-09-18T23:32:15Z</time>
      </trkpt>
      <trkpt lat="23.049205" lon="113.341941">
        <time>2026-09-18T23:32:20Z</time>
      </trkpt>
      <trkpt lat="23.049233" lon="113.341812">
        <time>2026-09-18T23:32:25Z</time>
      </trkpt>
      <trkpt lat="23.049258" lon="113.341674">
        <time>2026-09-18T23:32:30Z</time>
      </trkpt>
      <trkpt lat="23.049275" lon="113.341542">
        <time>2026-09-18T23:32:35Z</time>
      </trkpt>
      <trkpt lat="23.049312" lon="113.341417">
        <time>2026-09-18T23:32:40Z</time>
      </trkpt>
      <trkpt lat="23.049359" lon="113.341296">
        <time>2026-09-18T23:32:45Z</time>
      </trkpt>
      <trkpt lat="23.049411" lon="113.341161">
        <time>2026-09-18T23:32:50Z</time>
      </trkpt>
      <trkpt lat="23.049464" lon="113.341038">
        <time>2026-09-18T23:32:55Z</time>
      </trkpt>
      <trkpt lat="23.049526" lon="113.34092">
        <time>2026-09-18T23:33:00Z</time>
      </trkpt>
      <trkpt lat="23.049586" lon="113.340788">
        <time>2026-09-18T23:33:05Z</time>
      </trkpt>
      <trkpt lat="23.049652" lon="113.340659">
        <time>2026-09-18T23:33:10Z</time>
      </trkpt>
      <trkpt lat="23.049729" lon="113.340535">
        <time>2026-09-18T23:33:15Z</time>
      </trkpt>
      <trkpt lat="23.049809" lon="113.340416">
        <time>2026-09-18T23:33:20Z</time>
      </trkpt>
      <trkpt lat="23.049864" lon="113.340297">
        <time>2026-09-18T23:33:25Z</time>
      </trkpt>
      <trkpt lat="23.049928" lon="113.340187">
        <time>2026-09-18T23:33:30Z</time>
      </trkpt>
      <trkpt lat="23.05" lon="113.340078">
        <time>2026-09-18T23:33:35Z</time>
      </trkpt>
      <trkpt lat="23.050064" lon="113.339978">
        <time>2026-09-18T23:33:40Z</time>
      </trkpt>
      <trkpt lat="23.05013" lon="113.339872">
        <time>2026-09-18T23:33:45Z</time>
      </trkpt>
      <trkpt lat="23.050195" lon="113.339769">
        <time>2026-09-18T23:33:50Z</time>
      </trkpt>
      <trkpt lat="23.050251" lon="113.339669">
        <time>2026-09-18T23:33:55Z</time>
      </trkpt>
      <trkpt lat="23.050305" lon="113.33957">
        <time>2026-09-18T23:34:00Z</time>
      </trkpt>
      <trkpt lat="23.05037" lon="113.339475">
        <time>2026-09-18T23:34:05Z</time>
      </trkpt>
      <trkpt lat="23.050448" lon="113.339371">
        <time>2026-09-18T23:34:10Z</time>
      </trkpt>
      <trkpt lat="23.050535" lon="113.339246">
        <time>2026-09-18T23:34:15Z</time>
      </trkpt>
      <trkpt lat="23.050621" lon="113.339102">
        <time>2026-09-18T23:34:20Z</time>
      </trkpt>
      <trkpt lat="23.050695" lon="113.338985">
        <time>2026-09-18T23:34:25Z</time>
      </trkpt>
      <trkpt lat="23.050772" lon="113.338869">
        <time>2026-09-18T23:34:30Z</time>
      </trkpt>
      <trkpt lat="23.050846" lon="113.33875">
        <time>2026-09-18T23:34:35Z</time>
      </trkpt>
      <trkpt lat="23.05091" lon="113.338631">
        <time>2026-09-18T23:34:40Z</time>
      </trkpt>
      <trkpt lat="23.05098" lon="113.338519">
        <time>2026-09-18T23:34:45Z</time>
      </trkpt>
      <trkpt lat="23.051078" lon="113.338405">
        <time>2026-09-18T23:34:50Z</time>
      </trkpt>
      <trkpt lat="23.051147" lon="113.338303">
        <time>2026-09-18T23:34:55Z</time>
      </trkpt>
      <trkpt lat="23.05121" lon="113.338207">
        <time>2026-09-18T23:35:00Z</time>
      </trkpt>
      <trkpt lat="23.051288" lon="113.3381">
        <time>2026-09-18T23:35:05Z</time>
      </trkpt>
      <trkpt lat="23.051376" lon="113.337984">
        <time>2026-09-18T23:35:10Z</time>
      </trkpt>
      <trkpt lat="23.051456" lon="113.337879">
        <time>2026-09-18T23:35:15Z</time>
      </trkpt>
      <trkpt lat="23.051528" lon="113.337765">
        <time>2026-09-18T23:35:20Z</time>
      </trkpt>
      <trkpt lat="23.051589" lon="113.337647">
        <time>2026-09-18T23:35:25Z</time>
      </trkpt>
      <trkpt lat="23.051655" lon="113.337549">
        <time>2026-09-18T23:35:30Z</time>
      </trkpt>
      <trkpt lat="23.051721" lon="113.337434">
        <time>2026-09-18T23:35:35Z</time>
      </trkpt>
      <trkpt lat="23.051777" lon="113.3373">
        <time>2026-09-18T23:35:40Z</time>
      </trkpt>
      <trkpt lat="23.051838" lon="113.337177">
        <time>2026-09-18T23:35:45Z</time>
      </trkpt>
      <trkpt lat="23.051878" lon="113.337042">
        <time>2026-09-18T23:35:50Z</time>
      </trkpt>
      <trkpt lat="23.051916" lon="113.336907">
        <time>2026-09-18T23:35:55Z</time>
      </trkpt>
      <trkpt lat="23.051978" lon="113.336762">
        <time>2026-09-18T23:36:00Z</time>
      </trkpt>
      <trkpt lat="23.052051" lon="113.336646">
        <time>2026-09-18T23:36:05Z</time>
      </trkpt>
      <trkpt lat="23.052154" lon="113.336581">
        <time>2026-09-18T23:36:10Z</time>
      </trkpt>
      <trkpt lat="23.05225" lon="113.336504">
        <time>2026-09-18T23:36:15Z</time>
      </trkpt>
      <trkpt lat="23.052355" lon="113.336444">
        <time>2026-09-18T23:36:20Z</time>
      </trkpt>
      <trkpt lat="23.052459" lon="113.336347">
        <time>2026-09-18T23:36:25Z</time>
      </trkpt>
      <trkpt lat="23.052538" lon="113.336212">
        <time>2026-09-18T23:36:30Z</time>
      </trkpt>
      <trkpt lat="23.052616" lon="113.336101">
        <time>2026-09-18T23:36:35Z</time>
      </trkpt>
      <trkpt lat="23.052662" lon="113.336004">
        <time>2026-09-18T23:36:40Z</time>
      </trkpt>
      <trkpt lat="23.052701" lon="113.335894">
        <time>2026-09-18T23:36:45Z</time>
      </trkpt>
      <trkpt lat="23.052765" lon="113.335763">
        <time>2026-09-18T23:36:50Z</time>
      </trkpt>
      <trkpt lat="23.052837" lon="113.335641">
        <time>2026-09-18T23:36:55Z</time>
      </trkpt>
      <trkpt lat="23.0529" lon="113.335526">
        <time>2026-09-18T23:37:00Z</time>
      </trkpt>
      <trkpt lat="23.052965" lon="113.335411">
        <time>2026-09-18T23:37:05Z</time>
      </trkpt>
      <trkpt lat="23.053024" lon="113.335296">
        <time>2026-09-18T23:37:10Z</time>
      </trkpt>
      <trkpt lat="23.053099" lon="113.335184">
        <time>2026-09-18T23:37:15Z</time>
      </trkpt>
      <trkpt lat="23.053198" lon="113.335067">
        <time>2026-09-18T23:37:20Z</time>
      </trkpt>
      <trkpt lat="23.053301" lon="113.334964">
        <time>2026-09-18T23:37:25Z</time>
      </trkpt>
      <trkpt lat="23.053389" lon="113.33488">
        <time>2026-09-18T23:37:30Z</time>
      </trkpt>
      <trkpt lat="23.05347" lon="113.334778">
        <time>2026-09-18T23:37:35Z</time>
      </trkpt>
      <trkpt lat="23.053562" lon="113.334669">
        <time>2026-09-18T23:37:40Z</time>
      </trkpt>
      <trkpt lat="23.05364" lon="113.334558">
        <time>2026-09-18T23:37:45Z</time>
      </trkpt>
      <trkpt lat="23.05375" lon="113.334448">
        <time>2026-09-18T23:37:50Z</time>
      </trkpt>
      <trkpt lat="23.05385" lon="113.334332">
        <time>2026-09-18T23:37:55Z</time>
      </trkpt>
      <trkpt lat="23.053925" lon="113.334224">
        <time>2026-09-18T23:38:00Z</time>
      </trkpt>
      <trkpt lat="23.053989" lon="113.334116">
        <time>2026-09-18T23:38:05Z</time>
      </trkpt>
      <trkpt lat="23.054052" lon="113.333996">
        <time>2026-09-18T23:38:10Z</time>
      </trkpt>
      <trkpt lat="23.0541" lon="113.333882">
        <time>2026-09-18T23:38:15Z</time>
      </trkpt>
      <trkpt lat="23.054173" lon="113.333769">
        <time>2026-09-18T23:38:20Z</time>
      </trkpt>
      <trkpt lat="23.054263" lon="113.333639">
        <time>2026-09-18T23:38:25Z</time>
      </trkpt>
      <trkpt lat="23.054343" lon="113.333511">
        <time>2026-09-18T23:38:30Z</time>
      </trkpt>
      <trkpt lat="23.054416" lon="113.333388">
        <time>2026-09-18T23:38:35Z</time>
      </trkpt>
      <trkpt lat="23.054482" lon="113.333264">
        <time>2026-09-18T23:38:40Z</time>
      </trkpt>
      <trkpt lat="23.05455" lon="113.333143">
        <time>2026-09-18T23:38:45Z</time>
      </trkpt>
      <trkpt lat="23.054626" lon="113.33303">
        <time>2026-09-18T23:38:50Z</time>
      </trkpt>
      <trkpt lat="23.054738" lon="113.33294">
        <time>2026-09-18T23:38:55Z</time>
      </trkpt>
      <trkpt lat="23.054836" lon="113.332866">
        <time>2026-09-18T23:39:00Z</time>
      </trkpt>
      <trkpt lat="23.054896" lon="113.332754">
        <time>2026-09-18T23:39:05Z</time>
      </trkpt>
      <trkpt lat="23.05499" lon="113.332679">
        <time>2026-09-18T23:39:10Z</time>
      </trkpt>
      <trkpt lat="23.055086" lon="113.332577">
        <time>2026-09-18T23:39:15Z</time>
      </trkpt>
      <trkpt lat="23.055158" lon="113.332456">
        <time>2026-09-18T23:39:20Z</time>
      </trkpt>
      <trkpt lat="23.055235" lon="113.332336">
        <time>2026-09-18T23:39:25Z</time>
      </trkpt>
      <trkpt lat="23.055311" lon="113.332217">
        <time>2026-09-18T23:39:30Z</time>
      </trkpt>
      <trkpt lat="23.055389" lon="113.33211">
        <time>2026-09-18T23:39:35Z</time>
      </trkpt>
      <trkpt lat="23.055462" lon="113.332006">
        <time>2026-09-18T23:39:40Z</time>
      </trkpt>
      <trkpt lat="23.055535" lon="113.331889">
        <time>2026-09-18T23:39:45Z</time>
      </trkpt>
      <trkpt lat="23.055605" lon="113.331775">
        <time>2026-09-18T23:39:50Z</time>
      </trkpt>
      <trkpt lat="23.055685" lon="113.331661">
        <time>2026-09-18T23:39:55Z</time>
      </trkpt>
      <trkpt lat="23.055755" lon="113.331562">
        <time>2026-09-18T23:40:00Z</time>
      </trkpt>
      <trkpt lat="23.055818" lon="113.331477">
        <time>2026-09-18T23:40:05Z</time>
      </trkpt>
      <trkpt lat="23.055901" lon="113.331358">
        <time>2026-09-18T23:40:10Z</time>
      </trkpt>
      <trkpt lat="23.055962" lon="113.33125">
        <time>2026-09-18T23:40:15Z</time>
      </trkpt>
      <trkpt lat="23.056024" lon="113.331145">
        <time>2026-09-18T23:40:20Z</time>
      </trkpt>
      <trkpt lat="23.0561" lon="113.331029">
        <time>2026-09-18T23:40:25Z</time>
      </trkpt>
      <trkpt lat="23.056164" lon="113.330905">
        <time>2026-09-18T23:40:30Z</time>
      </trkpt>
      <trkpt lat="23.056264" lon="113.330813">
        <time>2026-09-18T23:40:35Z</time>
      </trkpt>
      <trkpt lat="23.056355" lon="113.330705">
        <time>2026-09-18T23:40:40Z</time>
      </trkpt>
      <trkpt lat="23.056446" lon="113.330622">
        <time>2026-09-18T23:40:45Z</time>
      </trkpt>
      <trkpt lat="23.056522" lon="113.330521">
        <time>2026-09-18T23:40:50Z</time>
      </trkpt>
      <trkpt lat="23.056554" lon="113.330374">
        <time>2026-09-18T23:40:55Z</time>
      </trkpt>
      <trkpt lat="23.056606" lon="113.330217">
        <time>2026-09-18T23:41:00Z</time>
      </trkpt>
      <trkpt lat="23.056646" lon="113.330086">
        <time>2026-09-18T23:41:05Z</time>
      </trkpt>
      <trkpt lat="23.056667" lon="113.329955">
        <time>2026-09-18T23:41:10Z</time>
      </trkpt>
      <trkpt lat="23.0567" lon="113.32983">
        <time>2026-09-18T23:41:15Z</time>
      </trkpt>
      <trkpt lat="23.056743" lon="113.329699">
        <time>2026-09-18T23:41:20Z</time>
      </trkpt>
      <trkpt lat="23.056794" lon="113.329555">
        <time>2026-09-18T23:41:25Z</time>
      </trkpt>
      <trkpt lat="23.056836" lon="113.329423">
        <time>2026-09-18T23:41:30Z</time>
      </trkpt>
      <trkpt lat="23.056864" lon="113.329294">
        <time>2026-09-18T23:41:35Z</time>
      </trkpt>
      <trkpt lat="23.056901" lon="113.329158">
        <time>2026-09-18T23:41:40Z</time>
      </trkpt>
      <trkpt lat="23.056952" lon="113.329026">
        <time>2026-09-18T23:41:45Z</time>
      </trkpt>
      <trkpt lat="23.057006" lon="113.328894">
        <time>2026-09-18T23:41:50Z</time>
      </trkpt>
      <trkpt lat="23.057042" lon="113.328763">
        <time>2026-09-18T23:41:55Z</time>
      </trkpt>
      <trkpt lat="23.057065" lon="113.328642">
        <time>2026-09-18T23:42:00Z</time>
      </trkpt>
      <trkpt lat="23.057093" lon="113.328521">
        <time>2026-09-18T23:42:05Z</time>
      </trkpt>
      <trkpt lat="23.057121" lon="113.328406">
        <time>2026-09-18T23:42:10Z</time>
      </trkpt>
      <trkpt lat="23.057157" lon="113.328281">
        <time>2026-09-18T23:42:15Z</time>
      </trkpt>
      <trkpt lat="23.057206" lon="113.328146">
        <time>2026-09-18T23:42:20Z</time>
      </trkpt>
      <trkpt lat="23.057246" lon="113.328013">
        <time>2026-09-18T23:42:25Z</time>
      </trkpt>
      <trkpt lat="23.057305" lon="113.327875">
        <time>2026-09-18T23:42:30Z</time>
      </trkpt>
      <trkpt lat="23.05735" lon="113.327751">
        <time>2026-09-18T23:42:35Z</time>
      </trkpt>
      <trkpt lat="23.057385" lon="113.327625">
        <time>2026-09-18T23:42:40Z</time>
      </trkpt>
      <trkpt lat="23.057418" lon="113.327486">
        <time>2026-09-18T23:42:45Z</time>
      </trkpt>
      <trkpt lat="23.057477" lon="113.327353">
        <time>2026-09-18T23:42:50Z</time>
      </trkpt>
      <trkpt lat="23.057549" lon="113.327221">
        <time>2026-09-18T23:42:55Z</time>
      </trkpt>
      <trkpt lat="23.057602" lon="113.327078">
        <time>2026-09-18T23:43:00Z</time>
      </trkpt>
      <trkpt lat="23.057647" lon="113.326932">
        <time>2026-09-18T23:43:05Z</time>
      </trkpt>
      <trkpt lat="23.057679" lon="113.326797">
        <time>2026-09-18T23:43:10Z</time>
      </trkpt>
      <trkpt lat="23.057702" lon="113.326666">
        <time>2026-09-18T23:43:15Z</time>
      </trkpt>
      <trkpt lat="23.057715" lon="113.32653">
        <time>2026-09-18T23:43:20Z</time>
      </trkpt>
      <trkpt lat="23.057734" lon="113.326394">
        <time>2026-09-18T23:43:25Z</time>
      </trkpt>
      <trkpt lat="23.057759" lon="113.326252">
        <time>2026-09-18T23:43:30Z</time>
      </trkpt>
      <trkpt lat="23.05777" lon="113.326116">
        <time>2026-09-18T23:43:35Z</time>
      </trkpt>
      <trkpt lat="23.057775" lon="113.325988">
        <time>2026-09-18T23:43:40Z</time>
      </trkpt>
      <trkpt lat="23.057779" lon="113.325862">
        <time>2026-09-18T23:43:45Z</time>
      </trkpt>
      <trkpt lat="23.057775" lon="113.325729">
        <time>2026-09-18T23:43:50Z</time>
      </trkpt>
      <trkpt lat="23.057763" lon="113.325598">
        <time>2026-09-18T23:43:55Z</time>
      </trkpt>
      <trkpt lat="23.057746" lon="113.325463">
        <time>2026-09-18T23:44:00Z</time>
      </trkpt>
      <trkpt lat="23.057737" lon="113.325326">
        <time>2026-09-18T23:44:05Z</time>
      </trkpt>
      <trkpt lat="23.057738" lon="113.325191">
        <time>2026-09-18T23:44:10Z</time>
      </trkpt>
      <trkpt lat="23.057736" lon="113.325047">
        <time>2026-09-18T23:44:15Z</time>
      </trkpt>
      <trkpt lat="23.057734" lon="113.324897">
        <time>2026-09-18T23:44:20Z</time>
      </trkpt>
      <trkpt lat="23.05775" lon="113.324753">
        <time>2026-09-18T23:44:25Z</time>
      </trkpt>
      <trkpt lat="23.057752" lon="113.324614">
        <time>2026-09-18T23:44:30Z</time>
      </trkpt>
      <trkpt lat="23.057744" lon="113.324481">
        <time>2026-09-18T23:44:35Z</time>
      </trkpt>
      <trkpt lat="23.057735" lon="113.324343">
        <time>2026-09-18T23:44:40Z</time>
      </trkpt>
      <trkpt lat="23.057735" lon="113.324209">
        <time>2026-09-18T23:44:45Z</time>
      </trkpt>
      <trkpt lat="23.057719" lon="113.324078">
        <time>2026-09-18T23:44:50Z</time>
      </trkpt>
      <trkpt lat="23.057708" lon="113.323952">
        <time>2026-09-18T23:44:55Z</time>
      </trkpt>
      <trkpt lat="23.057724" lon="113.323831">
        <time>2026-09-18T23:45:00Z</time>
      </trkpt>
      <trkpt lat="23.057729" lon="113.323703">
        <time>2026-09-18T23:45:05Z</time>
      </trkpt>
      <trkpt lat="23.057741" lon="113.323561">
        <time>2026-09-18T23:45:10Z</time>
      </trkpt>
      <trkpt lat="23.057736" lon="113.323424">
        <time>2026-09-18T23:45:15Z</time>
      </trkpt>
      <trkpt lat="23.057729" lon="113.323297">
        <time>2026-09-18T23:45:20Z</time>
      </trkpt>
      <trkpt lat="23.057722" lon="113.323176">
        <time>2026-09-18T23:45:25Z</time>
      </trkpt>
      <trkpt lat="23.057716" lon="113.323051">
        <time>2026-09-18T23:45:30Z</time>
      </trkpt>
      <trkpt lat="23.057716" lon="113.322927">
        <time>2026-09-18T23:45:35Z</time>
      </trkpt>
      <trkpt lat="23.057711" lon="113.322796">
        <time>2026-09-18T23:45:40Z</time>
      </trkpt>
      <trkpt lat="23.057703" lon="113.322653">
        <time>2026-09-18T23:45:45Z</time>
      </trkpt>
      <trkpt lat="23.057701" lon="113.322528">
        <time>2026-09-18T23:45:50Z</time>
      </trkpt>
      <trkpt lat="23.057709" lon="113.322393">
        <time>2026-09-18T23:45:55Z</time>
      </trkpt>
      <trkpt lat="23.057726" lon="113.322256">
        <time>2026-09-18T23:46:00Z</time>
      </trkpt>
      <trkpt lat="23.057743" lon="113.322125">
        <time>2026-09-18T23:46:05Z</time>
      </trkpt>
      <trkpt lat="23.057739" lon="113.32199">
        <time>2026-09-18T23:46:10Z</time>
      </trkpt>
      <trkpt lat="23.057743" lon="113.321846">
        <time>2026-09-18T23:46:15Z</time>
      </trkpt>
      <trkpt lat="23.057735" lon="113.321711">
        <time>2026-09-18T23:46:20Z</time>
      </trkpt>
      <trkpt lat="23.057741" lon="113.321589">
        <time>2026-09-18T23:46:25Z</time>
      </trkpt>
      <trkpt lat="23.057744" lon="113.321458">
        <time>2026-09-18T23:46:30Z</time>
      </trkpt>
      <trkpt lat="23.057745" lon="113.321323">
        <time>2026-09-18T23:46:35Z</time>
      </trkpt>
      <trkpt lat="23.057747" lon="113.321195">
        <time>2026-09-18T23:46:40Z</time>
      </trkpt>
      <trkpt lat="23.057746" lon="113.321066">
        <time>2026-09-18T23:46:45Z</time>
      </trkpt>
      <trkpt lat="23.057735" lon="113.32094">
        <time>2026-09-18T23:46:50Z</time>
      </trkpt>
      <trkpt lat="23.057733" lon="113.320834">
        <time>2026-09-18T23:46:55Z</time>
      </trkpt>
      <trkpt lat="23.057745" lon="113.320688">
        <time>2026-09-18T23:47:00Z</time>
      </trkpt>
      <trkpt lat="23.05775" lon="113.320542">
        <time>2026-09-18T23:47:05Z</time>
      </trkpt>
      <trkpt lat="23.05775" lon="113.320408">
        <time>2026-09-18T23:47:10Z</time>
      </trkpt>
      <trkpt lat="23.057747" lon="113.320281">
        <time>2026-09-18T23:47:15Z</time>
      </trkpt>
      <trkpt lat="23.057744" lon="113.320147">
        <time>2026-09-18T23:47:20Z</time>
      </trkpt>
      <trkpt lat="23.057755" lon="113.319998">
        <time>2026-09-18T23:47:25Z</time>
      </trkpt>
      <trkpt lat="23.057764" lon="113.319854">
        <time>2026-09-18T23:47:30Z</time>
      </trkpt>
      <trkpt lat="23.057774" lon="113.319723">
        <time>2026-09-18T23:47:35Z</time>
      </trkpt>
      <trkpt lat="23.05779" lon="113.319597">
        <time>2026-09-18T23:47:40Z</time>
      </trkpt>
      <trkpt lat="23.05781" lon="113.319467">
        <time>2026-09-18T23:47:45Z</time>
      </trkpt>
      <trkpt lat="23.057832" lon="113.319344">
        <time>2026-09-18T23:47:50Z</time>
      </trkpt>
      <trkpt lat="23.057845" lon="113.319216">
        <time>2026-09-18T23:47:55Z</time>
      </trkpt>
      <trkpt lat="23.05784" lon="113.319074">
        <time>2026-09-18T23:48:00Z</time>
      </trkpt>
      <trkpt lat="23.057813" lon="113.318929">
        <time>2026-09-18T23:48:05Z</time>
      </trkpt>
      <trkpt lat="23.057784" lon="113.318794">
        <time>2026-09-18T23:48:10Z</time>
      </trkpt>
      <trkpt lat="23.057767" lon="113.318658">
        <time>2026-09-18T23:48:15Z</time>
      </trkpt>
      <trkpt lat="23.057748" lon="113.318527">
        <time>2026-09-18T23:48:20Z</time>
      </trkpt>
      <trkpt lat="23.057719" lon="113.318396">
        <time>2026-09-18T23:48:25Z</time>
      </trkpt>
      <trkpt lat="23.057702" lon="113.318261">
        <time>2026-09-18T23:48:30Z</time>
      </trkpt>
      <trkpt lat="23.057671" lon="113.318127">
        <time>2026-09-18T23:48:35Z</time>
      </trkpt>
      <trkpt lat="23.057627" lon="113.317998">
        <time>2026-09-18T23:48:40Z</time>
      </trkpt>
      <trkpt lat="23.057572" lon="113.317882">
        <time>2026-09-18T23:48:45Z</time>
      </trkpt>
      <trkpt lat="23.057524" lon="113.317766">
        <time>2026-09-18T23:48:50Z</time>
      </trkpt>
      <trkpt lat="23.05749" lon="113.317652">
        <time>2026-09-18T23:48:55Z</time>
      </trkpt>
      <trkpt lat="23.057453" lon="113.317541">
        <time>2026-09-18T23:49:00Z</time>
      </trkpt>
      <trkpt lat="23.057475" lon="113.31741">
        <time>2026-09-18T23:49:05Z</time>
      </trkpt>
      <trkpt lat="23.057487" lon="113.317264">
        <time>2026-09-18T23:49:10Z</time>
      </trkpt>
      <trkpt lat="23.057485" lon="113.317126">
        <time>2026-09-18T23:49:15Z</time>
      </trkpt>
      <trkpt lat="23.057478" lon="113.316987">
        <time>2026-09-18T23:49:20Z</time>
      </trkpt>
      <trkpt lat="23.057474" lon="113.316847">
        <time>2026-09-18T23:49:25Z</time>
      </trkpt>
      <trkpt lat="23.057472" lon="113.316699">
        <time>2026-09-18T23:49:30Z</time>
      </trkpt>
      <trkpt lat="23.057469" lon="113.316556">
        <time>2026-09-18T23:49:35Z</time>
      </trkpt>
      <trkpt lat="23.057465" lon="113.31642">
        <time>2026-09-18T23:49:40Z</time>
      </trkpt>
      <trkpt lat="23.057461" lon="113.316288">
        <time>2026-09-18T23:49:45Z</time>
      </trkpt>
      <trkpt lat="23.057456" lon="113.316155">
        <time>2026-09-18T23:49:50Z</time>
      </trkpt>
      <trkpt lat="23.057451" lon="113.316025">
        <time>2026-09-18T23:49:55Z</time>
      </trkpt>
      <trkpt lat="23.057449" lon="113.315887">
        <time>2026-09-18T23:50:00Z</time>
      </trkpt>
      <trkpt lat="23.057441" lon="113.315746">
        <time>2026-09-18T23:50:05Z</time>
      </trkpt>
      <trkpt lat="23.05743" lon="113.31561">
        <time>2026-09-18T23:50:10Z</time>
      </trkpt>
      <trkpt lat="23.057419" lon="113.31547">
        <time>2026-09-18T23:50:15Z</time>
      </trkpt>
      <trkpt lat="23.057412" lon="113.315333">
        <time>2026-09-18T23:50:20Z</time>
      </trkpt>
      <trkpt lat="23.057402" lon="113.315204">
        <time>2026-09-18T23:50:25Z</time>
      </trkpt>
      <trkpt lat="23.057392" lon="113.315082">
        <time>2026-09-18T23:50:30Z</time>
      </trkpt>
      <trkpt lat="23.057392" lon="113.31495">
        <time>2026-09-18T23:50:35Z</time>
      </trkpt>
      <trkpt lat="23.057402" lon="113.314805">
        <time>2026-09-18T23:50:40Z</time>
      </trkpt>
      <trkpt lat="23.05741" lon="113.314662">
        <time>2026-09-18T23:50:45Z</time>
      </trkpt>
      <trkpt lat="23.057416" lon="113.314527">
        <time>2026-09-18T23:50:50Z</time>
      </trkpt>
      <trkpt lat="23.057417" lon="113.314394">
        <time>2026-09-18T23:50:55Z</time>
      </trkpt>
      <trkpt lat="23.057411" lon="113.314263">
        <time>2026-09-18T23:51:00Z</time>
      </trkpt>
      <trkpt lat="23.0574" lon="113.314142">
        <time>2026-09-18T23:51:05Z</time>
      </trkpt>
      <trkpt lat="23.057391" lon="113.314019">
        <time>2026-09-18T23:51:10Z</time>
      </trkpt>
      <trkpt lat="23.05739" lon="113.313887">
        <time>2026-09-18T23:51:15Z</time>
      </trkpt>
      <trkpt lat="23.057384" lon="113.313752">
        <time>2026-09-18T23:51:20Z</time>
      </trkpt>
      <trkpt lat="23.057378" lon="113.313619">
        <time>2026-09-18T23:51:25Z</time>
      </trkpt>
      <trkpt lat="23.057373" lon="113.313482">
        <time>2026-09-18T23:51:30Z</time>
      </trkpt>
      <trkpt lat="23.057369" lon="113.31335">
        <time>2026-09-18T23:51:35Z</time>
      </trkpt>
      <trkpt lat="23.057366" lon="113.31322">
        <time>2026-09-18T23:51:40Z</time>
      </trkpt>
      <trkpt lat="23.057367" lon="113.313092">
        <time>2026-09-18T23:51:45Z</time>
      </trkpt>
      <trkpt lat="23.057359" lon="113.312965">
        <time>2026-09-18T23:51:50Z</time>
      </trkpt>
      <trkpt lat="23.057361" lon="113.31283">
        <time>2026-09-18T23:51:55Z</time>
      </trkpt>
      <trkpt lat="23.057362" lon="113.31269">
        <time>2026-09-18T23:52:00Z</time>
      </trkpt>
      <trkpt lat="23.057358" lon="113.312553">
        <time>2026-09-18T23:52:05Z</time>
      </trkpt>
      <trkpt lat="23.057357" lon="113.312412">
        <time>2026-09-18T23:52:10Z</time>
      </trkpt>
      <trkpt lat="23.057356" lon="113.312274">
        <time>2026-09-18T23:52:15Z</time>
      </trkpt>
      <trkpt lat="23.057354" lon="113.312136">
        <time>2026-09-18T23:52:20Z</time>
      </trkpt>
      <trkpt lat="23.057355" lon="113.312">
        <time>2026-09-18T23:52:25Z</time>
      </trkpt>
      <trkpt lat="23.057357" lon="113.311866">
        <time>2026-09-18T23:52:30Z</time>
      </trkpt>
      <trkpt lat="23.057353" lon="113.311715">
        <time>2026-09-18T23:52:35Z</time>
      </trkpt>
      <trkpt lat="23.057353" lon="113.311565">
        <time>2026-09-18T23:52:40Z</time>
      </trkpt>
      <trkpt lat="23.057366" lon="113.31142">
        <time>2026-09-18T23:52:45Z</time>
      </trkpt>
      <trkpt lat="23.057376" lon="113.311283">
        <time>2026-09-18T23:52:50Z</time>
      </trkpt>
      <trkpt lat="23.057383" lon="113.311145">
        <time>2026-09-18T23:52:55Z</time>
      </trkpt>
      <trkpt lat="23.057389" lon="113.311009">
        <time>2026-09-18T23:53:00Z</time>
      </trkpt>
      <trkpt lat="23.057401" lon="113.310877">
        <time>2026-09-18T23:53:05Z</time>
      </trkpt>
      <trkpt lat="23.057416" lon="113.310737">
        <time>2026-09-18T23:53:10Z</time>
      </trkpt>
      <trkpt lat="23.057417" lon="113.310597">
        <time>2026-09-18T23:53:15Z</time>
      </trkpt>
      <trkpt lat="23.057419" lon="113.310457">
        <time>2026-09-18T23:53:20Z</time>
      </trkpt>
      <trkpt lat="23.05743" lon="113.310305">
        <time>2026-09-18T23:53:25Z</time>
      </trkpt>
      <trkpt lat="23.057423" lon="113.310162">
        <time>2026-09-18T23:53:30Z</time>
      </trkpt>
      <trkpt lat="23.057381" lon="113.310033">
        <time>2026-09-18T23:53:35Z</time>
      </trkpt>
      <trkpt lat="23.057347" lon="113.309898">
        <time>2026-09-18T23:53:40Z</time>
      </trkpt>
      <trkpt lat="23.05733" lon="113.30977">
        <time>2026-09-18T23:53:45Z</time>
      </trkpt>
      <trkpt lat="23.057311" lon="113.309639">
        <time>2026-09-18T23:53:50Z</time>
      </trkpt>
      <trkpt lat="23.057286" lon="113.3095">
        <time>2026-09-18T23:53:55Z</time>
      </trkpt>
      <trkpt lat="23.057259" lon="113.30937">
        <time>2026-09-18T23:54:00Z</time>
      </trkpt>
      <trkpt lat="23.057246" lon="113.309249">
        <time>2026-09-18T23:54:05Z</time>
      </trkpt>
      <trkpt lat="23.057232" lon="113.309106">
        <time>2026-09-18T23:54:10Z</time>
      </trkpt>
      <trkpt lat="23.057218" lon="113.308962">
        <time>2026-09-18T23:54:15Z</time>
      </trkpt>
      <trkpt lat="23.057205" lon="113.308819">
        <time>2026-09-18T23:54:20Z</time>
      </trkpt>
      <trkpt lat="23.057198" lon="113.308686">
        <time>2026-09-18T23:54:25Z</time>
      </trkpt>
      <trkpt lat="23.057201" lon="113.308555">
        <time>2026-09-18T23:54:30Z</time>
      </trkpt>
      <trkpt lat="23.057204" lon="113.308417">
        <time>2026-09-18T23:54:35Z</time>
      </trkpt>
      <trkpt lat="23.057209" lon="113.308267">
        <time>2026-09-18T23:54:40Z</time>
      </trkpt>
      <trkpt lat="23.057205" lon="113.308121">
        <time>2026-09-18T23:54:45Z</time>
      </trkpt>
      <trkpt lat="23.057191" lon="113.307996">
        <time>2026-09-18T23:54:50Z</time>
      </trkpt>
      <trkpt lat="23.057173" lon="113.307871">
        <time>2026-09-18T23:54:55Z</time>
      </trkpt>
      <trkpt lat="23.057153" lon="113.30773">
        <time>2026-09-18T23:55:00Z</time>
      </trkpt>
      <trkpt lat="23.057152" lon="113.307577">
        <time>2026-09-18T23:55:05Z</time>
      </trkpt>
      <trkpt lat="23.057152" lon="113.307431">
        <time>2026-09-18T23:55:10Z</time>
      </trkpt>
      <trkpt lat="23.057144" lon="113.307301">
        <time>2026-09-18T23:55:15Z</time>
      </trkpt>
      <trkpt lat="23.057144" lon="113.307181">
        <time>2026-09-18T23:55:20Z</time>
      </trkpt>
      <trkpt lat="23.057151" lon="113.307045">
        <time>2026-09-18T23:55:25Z</time>
      </trkpt>
      <trkpt lat="23.057169" lon="113.306898">
        <time>2026-09-18T23:55:30Z</time>
      </trkpt>
      <trkpt lat="23.057175" lon="113.306757">
        <time>2026-09-18T23:55:35Z</time>
      </trkpt>
      <trkpt lat="23.057184" lon="113.306625">
        <time>2026-09-18T23:55:40Z</time>
      </trkpt>
      <trkpt lat="23.057198" lon="113.306494">
        <time>2026-09-18T23:55:45Z</time>
      </trkpt>
      <trkpt lat="23.057194" lon="113.306365">
        <time>2026-09-18T23:55:50Z</time>
      </trkpt>
      <trkpt lat="23.057193" lon="113.306255">
        <time>2026-09-18T23:55:55Z</time>
      </trkpt>
      <trkpt lat="23.057208" lon="113.306137">
        <time>2026-09-18T23:56:00Z</time>
      </trkpt>
      <trkpt lat="23.057207" lon="113.305996">
        <time>2026-09-18T23:56:05Z</time>
      </trkpt>
      <trkpt lat="23.057211" lon="113.305849">
        <time>2026-09-18T23:56:10Z</time>
      </trkpt>
      <trkpt lat="23.057225" lon="113.305705">
        <time>2026-09-18T23:56:15Z</time>
      </trkpt>
      <trkpt lat="23.057233" lon="113.305565">
        <time>2026-09-18T23:56:20Z</time>
      </trkpt>
      <trkpt lat="23.057244" lon="113.305431">
        <time>2026-09-18T23:56:25Z</time>
      </trkpt>
      <trkpt lat="23.057239" lon="113.3053">
        <time>2026-09-18T23:56:30Z</time>
      </trkpt>
      <trkpt lat="23.057244" lon="113.305173">
        <time>2026-09-18T23:56:35Z</time>
      </trkpt>
      <trkpt lat="23.057285" lon="113.305026">
        <time>2026-09-18T23:56:40Z</time>
      </trkpt>
      <trkpt lat="23.057305" lon="113.304885">
        <time>2026-09-18T23:56:45Z</time>
      </trkpt>
      <trkpt lat="23.05732" lon="113.304748">
        <time>2026-09-18T23:56:50Z</time>
      </trkpt>
      <trkpt lat="23.057332" lon="113.304623">
        <time>2026-09-18T23:56:55Z</time>
      </trkpt>
      <trkpt lat="23.057343" lon="113.304513">
        <time>2026-09-18T23:57:00Z</time>
      </trkpt>
      <trkpt lat="23.057357" lon="113.304382">
        <time>2026-09-18T23:57:05Z</time>
      </trkpt>
      <trkpt lat="23.057375" lon="113.304244">
        <time>2026-09-18T23:57:10Z</time>
      </trkpt>
      <trkpt lat="23.05739" lon="113.304111">
        <time>2026-09-18T23:57:15Z</time>
      </trkpt>
      <trkpt lat="23.057404" lon="113.30398">
        <time>2026-09-18T23:57:20Z</time>
      </trkpt>
      <trkpt lat="23.05742" lon="113.303857">
        <time>2026-09-18T23:57:25Z</time>
      </trkpt>
      <trkpt lat="23.057431" lon="113.303728">
        <time>2026-09-18T23:57:30Z</time>
      </trkpt>
      <trkpt lat="23.057444" lon="113.303596">
        <time>2026-09-18T23:57:35Z</time>
      </trkpt>
      <trkpt lat="23.057464" lon="113.303454">
        <time>2026-09-18T23:57:40Z</time>
      </trkpt>
      <trkpt lat="23.05748" lon="113.303318">
        <time>2026-09-18T23:57:45Z</time>
      </trkpt>
      <trkpt lat="23.057481" lon="113.303181">
        <time>2026-09-18T23:57:50Z</time>
      </trkpt>
      <trkpt lat="23.057484" lon="113.303053">
        <time>2026-09-18T23:57:55Z</time>
      </trkpt>
      <trkpt lat="23.057491" lon="113.302927">
        <time>2026-09-18T23:58:00Z</time>
      </trkpt>
      <trkpt lat="23.057542" lon="113.302789">
        <time>2026-09-18T23:58:05Z</time>
      </trkpt>
      <trkpt lat="23.057574" lon="113.302658">
        <time>2026-09-18T23:58:10Z</time>
      </trkpt>
      <trkpt lat="23.057589" lon="113.302523">
        <time>2026-09-18T23:58:15Z</time>
      </trkpt>
      <trkpt lat="23.057616" lon="113.302385">
        <time>2026-09-18T23:58:20Z</time>
      </trkpt>
      <trkpt lat="23.057637" lon="113.302259">
        <time>2026-09-18T23:58:25Z</time>
      </trkpt>
      <trkpt lat="23.057656" lon="113.302135">
        <time>2026-09-18T23:58:30Z</time>
      </trkpt>
      <trkpt lat="23.057671" lon="113.302005">
        <time>2026-09-18T23:58:35Z</time>
      </trkpt>
      <trkpt lat="23.057681" lon="113.301887">
        <time>2026-09-18T23:58:40Z</time>
      </trkpt>
      <trkpt lat="23.057698" lon="113.301778">
        <time>2026-09-18T23:58:45Z</time>
      </trkpt>
      <trkpt lat="23.057719" lon="113.301649">
        <time>2026-09-18T23:58:50Z</time>
      </trkpt>
      <trkpt lat="23.057715" lon="113.301512">
        <time>2026-09-18T23:58:55Z</time>
      </trkpt>
      <trkpt lat="23.057693" lon="113.301395">
        <time>2026-09-18T23:59:00Z</time>
      </trkpt>
      <trkpt lat="23.057668" lon="113.30128">
        <time>2026-09-18T23:59:05Z</time>
      </trkpt>
      <trkpt lat="23.05766" lon="113.301157">
        <time>2026-09-18T23:59:10Z</time>
      </trkpt>
      <trkpt lat="23.057674" lon="113.301012">
        <time>2026-09-18T23:59:15Z</time>
      </trkpt>
      <trkpt lat="23.057767" lon="113.300826">
        <time>2026-09-18T23:59:20Z</time>
      </trkpt>
      <trkpt lat="23.057813" lon="113.300676">
        <time>2026-09-18T23:59:25Z</time>
      </trkpt>
      <trkpt lat="23.057851" lon="113.300549">
        <time>2026-09-18T23:59:30Z</time>
      </trkpt>
      <trkpt lat="23.057862" lon="113.300421">
        <time>2026-09-18T23:59:35Z</time>
      </trkpt>
      <trkpt lat="23.05788" lon="113.300289">
        <time>2026-09-18T23:59:40Z</time>
      </trkpt>
      <trkpt lat="23.057932" lon="113.300154">
        <time>2026-09-18T23:59:45Z</time>
      </trkpt>
      <trkpt lat="23.057951" lon="113.300011">
        <time>2026-09-18T23:59:50Z</time>
      </trkpt>
      <trkpt lat="23.057947" lon="113.299878">
        <time>2026-09-18T23:59:55Z</time>
      </trkpt>
      <trkpt lat="23.057968" lon="113.299751">
        <time>2026-09-19T00:00:00Z</time>
      </trkpt>
      <trkpt lat="23.058005" lon="113.29963">
        <time>2026-09-19T00:00:05Z</time>
      </trkpt>
      <trkpt lat="23.058039" lon="113.299499">
        <time>2026-09-19T00:00:10Z</time>
      </trkpt>
      <trkpt lat="23.05805" lon="113.29937">
        <time>2026-09-19T00:00:15Z</time>
      </trkpt>
      <trkpt lat="23.058083" lon="113.299258">
        <time>2026-09-19T00:00:20Z</time>
      </trkpt>
      <trkpt lat="23.058134" lon="113.299128">
        <time>2026-09-19T00:00:25Z</time>
      </trkpt>
      <trkpt lat="23.058156" lon="113.298988">
        <time>2026-09-19T00:00:30Z</time>
      </trkpt>
      <trkpt lat="23.058164" lon="113.298852">
        <time>2026-09-19T00:00:35Z</time>
      </trkpt>
      <trkpt lat="23.058179" lon="113.298725">
        <time>2026-09-19T00:00:40Z</time>
      </trkpt>
      <trkpt lat="23.058199" lon="113.2986">
        <time>2026-09-19T00:00:45Z</time>
      </trkpt>
      <trkpt lat="23.058226" lon="113.29847">
        <time>2026-09-19T00:00:50Z</time>
      </trkpt>
      <trkpt lat="23.058232" lon="113.298337">
        <time>2026-09-19T00:00:55Z</time>
      </trkpt>
      <trkpt lat="23.058241" lon="113.298204">
        <time>2026-09-19T00:01:00Z</time>
      </trkpt>
      <trkpt lat="23.058254" lon="113.298075">
        <time>2026-09-19T00:01:05Z</time>
      </trkpt>
      <trkpt lat="23.058234" lon="113.297944">
        <time>2026-09-19T00:01:10Z</time>
      </trkpt>
      <trkpt lat="23.058217" lon="113.297812">
        <time>2026-09-19T00:01:15Z</time>
      </trkpt>
      <trkpt lat="23.058216" lon="113.297682">
        <time>2026-09-19T00:01:20Z</time>
      </trkpt>
      <trkpt lat="23.05822" lon="113.297554">
        <time>2026-09-19T00:01:25Z</time>
      </trkpt>
      <trkpt lat="23.058222" lon="113.297427">
        <time>2026-09-19T00:01:30Z</time>
      </trkpt>
      <trkpt lat="23.058215" lon="113.2973">
        <time>2026-09-19T00:01:35Z</time>
      </trkpt>
      <trkpt lat="23.058221" lon="113.297173">
        <time>2026-09-19T00:01:40Z</time>
      </trkpt>
      <trkpt lat="23.058227" lon="113.297046">
        <time>2026-09-19T00:01:45Z</time>
      </trkpt>
      <trkpt lat="23.05824" lon="113.296923">
        <time>2026-09-19T00:01:50Z</time>
      </trkpt>
      <trkpt lat="23.058279" lon="113.296801">
        <time>2026-09-19T00:01:55Z</time>
      </trkpt>
      <trkpt lat="23.058325" lon="113.296654">
        <time>2026-09-19T00:02:00Z</time>
      </trkpt>
      <trkpt lat="23.058353" lon="113.296527">
        <time>2026-09-19T00:02:05Z</time>
      </trkpt>
      <trkpt lat="23.05838" lon="113.296416">
        <time>2026-09-19T00:02:10Z</time>
      </trkpt>
      <trkpt lat="23.058389" lon="113.29629">
        <time>2026-09-19T00:02:15Z</time>
      </trkpt>
      <trkpt lat="23.058423" lon="113.296149">
        <time>2026-09-19T00:02:20Z</time>
      </trkpt>
      <trkpt lat="23.05845" lon="113.296001">
        <time>2026-09-19T00:02:25Z</time>
      </trkpt>
      <trkpt lat="23.058483" lon="113.295864">
        <time>2026-09-19T00:02:30Z</time>
      </trkpt>
      <trkpt lat="23.058503" lon="113.295734">
        <time>2026-09-19T00:02:35Z</time>
      </trkpt>
      <trkpt lat="23.05852" lon="113.295612">
        <time>2026-09-19T00:02:40Z</time>
      </trkpt>
      <trkpt lat="23.058544" lon="113.295479">
        <time>2026-09-19T00:02:45Z</time>
      </trkpt>
      <trkpt lat="23.058566" lon="113.295347">
        <time>2026-09-19T00:02:50Z</time>
      </trkpt>
      <trkpt lat="23.058598" lon="113.295211">
        <time>2026-09-19T00:02:55Z</time>
      </trkpt>
      <trkpt lat="23.058637" lon="113.295083">
        <time>2026-09-19T00:03:00Z</time>
      </trkpt>
      <trkpt lat="23.05868" lon="113.294966">
        <time>2026-09-19T00:03:05Z</time>
      </trkpt>
      <trkpt lat="23.05871" lon="113.294836">
        <time>2026-09-19T00:03:10Z</time>
      </trkpt>
      <trkpt lat="23.058741" lon="113.294695">
        <time>2026-09-19T00:03:15Z</time>
      </trkpt>
      <trkpt lat="23.058777" lon="113.294554">
        <time>2026-09-19T00:03:20Z</time>
      </trkpt>
      <trkpt lat="23.058812" lon="113.294428">
        <time>2026-09-19T00:03:25Z</time>
      </trkpt>
      <trkpt lat="23.058845" lon="113.294315">
        <time>2026-09-19T00:03:30Z</time>
      </trkpt>
      <trkpt lat="23.058877" lon="113.294181">
        <time>2026-09-19T00:03:35Z</time>
      </trkpt>
      <trkpt lat="23.058909" lon="113.294036">
        <time>2026-09-19T00:03:40Z</time>
      </trkpt>
      <trkpt lat="23.05894" lon="113.2939">
        <time>2026-09-19T00:03:45Z</time>
      </trkpt>
      <trkpt lat="23.058932" lon="113.293771">
        <time>2026-09-19T00:03:50Z</time>
      </trkpt>
      <trkpt lat="23.058921" lon="113.293656">
        <time>2026-09-19T00:03:55Z</time>
      </trkpt>
      <trkpt lat="23.058915" lon="113.293516">
        <time>2026-09-19T00:04:00Z</time>
      </trkpt>
      <trkpt lat="23.058926" lon="113.293377">
        <time>2026-09-19T00:04:05Z</time>
      </trkpt>
      <trkpt lat="23.058933" lon="113.293245">
        <time>2026-09-19T00:04:10Z</time>
      </trkpt>
      <trkpt lat="23.058937" lon="113.293121">
        <time>2026-09-19T00:04:15Z</time>
      </trkpt>
      <trkpt lat="23.058948" lon="113.292998">
        <time>2026-09-19T00:04:20Z</time>
      </trkpt>
      <trkpt lat="23.058944" lon="113.292871">
        <time>2026-09-19T00:04:25Z</time>
      </trkpt>
      <trkpt lat="23.05894" lon="113.292738">
        <time>2026-09-19T00:04:30Z</time>
      </trkpt>
      <trkpt lat="23.058937" lon="113.292606">
        <time>2026-09-19T00:04:35Z</time>
      </trkpt>
      <trkpt lat="23.058935" lon="113.292477">
        <time>2026-09-19T00:04:40Z</time>
      </trkpt>
      <trkpt lat="23.058933" lon="113.292343">
        <time>2026-09-19T00:04:45Z</time>
      </trkpt>
      <trkpt lat="23.058925" lon="113.292208">
        <time>2026-09-19T00:04:50Z</time>
      </trkpt>
      <trkpt lat="23.058913" lon="113.292073">
        <time>2026-09-19T00:04:55Z</time>
      </trkpt>
      <trkpt lat="23.058905" lon="113.291963">
        <time>2026-09-19T00:05:00Z</time>
      </trkpt>
      <trkpt lat="23.058883" lon="113.291839">
        <time>2026-09-19T00:05:05Z</time>
      </trkpt>
      <trkpt lat="23.05886" lon="113.291704">
        <time>2026-09-19T00:05:10Z</time>
      </trkpt>
      <trkpt lat="23.058837" lon="113.291574">
        <time>2026-09-19T00:05:15Z</time>
      </trkpt>
      <trkpt lat="23.058796" lon="113.291448">
        <time>2026-09-19T00:05:20Z</time>
      </trkpt>
      <trkpt lat="23.058754" lon="113.291327">
        <time>2026-09-19T00:05:25Z</time>
      </trkpt>
      <trkpt lat="23.058746" lon="113.291196">
        <time>2026-09-19T00:05:30Z</time>
      </trkpt>
      <trkpt lat="23.058739" lon="113.291056">
        <time>2026-09-19T00:05:35Z</time>
      </trkpt>
      <trkpt lat="23.058724" lon="113.290919">
        <time>2026-09-19T00:05:40Z</time>
      </trkpt>
      <trkpt lat="23.058706" lon="113.290786">
        <time>2026-09-19T00:05:45Z</time>
      </trkpt>
      <trkpt lat="23.058684" lon="113.290657">
        <time>2026-09-19T00:05:50Z</time>
      </trkpt>
      <trkpt lat="23.058665" lon="113.290528">
        <time>2026-09-19T00:05:55Z</time>
      </trkpt>
      <trkpt lat="23.058648" lon="113.290399">
        <time>2026-09-19T00:06:00Z</time>
      </trkpt>
      <trkpt lat="23.058631" lon="113.290272">
        <time>2026-09-19T00:06:05Z</time>
      </trkpt>
      <trkpt lat="23.058611" lon="113.290143">
        <time>2026-09-19T00:06:10Z</time>
      </trkpt>
      <trkpt lat="23.058596" lon="113.290005">
        <time>2026-09-19T00:06:15Z</time>
      </trkpt>
      <trkpt lat="23.058586" lon="113.289874">
        <time>2026-09-19T00:06:20Z</time>
      </trkpt>
      <trkpt lat="23.058572" lon="113.289749">
        <time>2026-09-19T00:06:25Z</time>
      </trkpt>
      <trkpt lat="23.058539" lon="113.289627">
        <time>2026-09-19T00:06:30Z</time>
      </trkpt>
      <trkpt lat="23.05853" lon="113.289496">
        <time>2026-09-19T00:06:35Z</time>
      </trkpt>
      <trkpt lat="23.05852" lon="113.289366">
        <time>2026-09-19T00:06:40Z</time>
      </trkpt>
      <trkpt lat="23.058502" lon="113.289239">
        <time>2026-09-19T00:06:45Z</time>
      </trkpt>
      <trkpt lat="23.058479" lon="113.289115">
        <time>2026-09-19T00:06:50Z</time>
      </trkpt>
      <trkpt lat="23.058462" lon="113.288988">
        <time>2026-09-19T00:06:55Z</time>
      </trkpt>
      <trkpt lat="23.058458" lon="113.28886">
        <time>2026-09-19T00:07:00Z</time>
      </trkpt>
      <trkpt lat="23.058443" lon="113.288732">
        <time>2026-09-19T00:07:05Z</time>
      </trkpt>
      <trkpt lat="23.058425" lon="113.288609">
        <time>2026-09-19T00:07:10Z</time>
      </trkpt>
      <trkpt lat="23.058408" lon="113.288486">
        <time>2026-09-19T00:07:15Z</time>
      </trkpt>
      <trkpt lat="23.058407" lon="113.28836">
        <time>2026-09-19T00:07:20Z</time>
      </trkpt>
      <trkpt lat="23.058453" lon="113.288241">
        <time>2026-09-19T00:07:25Z</time>
      </trkpt>
      <trkpt lat="23.058523" lon="113.288193">
        <time>2026-09-19T00:07:30Z</time>
      </trkpt>
      <trkpt lat="23.058615" lon="113.288158">
        <time>2026-09-19T00:07:35Z</time>
      </trkpt>
      <trkpt lat="23.058741" lon="113.288127">
        <time>2026-09-19T00:07:40Z</time>
      </trkpt>
      <trkpt lat="23.058873" lon="113.288126">
        <time>2026-09-19T00:07:45Z</time>
      </trkpt>
      <trkpt lat="23.059002" lon="113.288128">
        <time>2026-09-19T00:07:50Z</time>
      </trkpt>
      <trkpt lat="23.059133" lon="113.288109">
        <time>2026-09-19T00:07:55Z</time>
      </trkpt>
      <trkpt lat="23.059259" lon="113.288102">
        <time>2026-09-19T00:08:00Z</time>
      </trkpt>
      <trkpt lat="23.059384" lon="113.2881">
        <time>2026-09-19T00:08:05Z</time>
      </trkpt>
      <trkpt lat="23.059506" lon="113.288093">
        <time>2026-09-19T00:08:10Z</time>
      </trkpt>
      <trkpt lat="23.059619" lon="113.288091">
        <time>2026-09-19T00:08:15Z</time>
      </trkpt>
      <trkpt lat="23.059733" lon="113.2881">
        <time>2026-09-19T00:08:20Z</time>
      </trkpt>
      <trkpt lat="23.059863" lon="113.288101">
        <time>2026-09-19T00:08:25Z</time>
      </trkpt>
      <trkpt lat="23.059997" lon="113.288079">
        <time>2026-09-19T00:08:30Z</time>
      </trkpt>
      <trkpt lat="23.060125" lon="113.288042">
        <time>2026-09-19T00:08:35Z</time>
      </trkpt>
      <trkpt lat="23.060194" lon="113.28795">
        <time>2026-09-19T00:08:40Z</time>
      </trkpt>
      <trkpt lat="23.060165" lon="113.28781">
        <time>2026-09-19T00:08:45Z</time>
      </trkpt>
      <trkpt lat="23.060138" lon="113.287671">
        <time>2026-09-19T00:08:50Z</time>
      </trkpt>
      <trkpt lat="23.060125" lon="113.287543">
        <time>2026-09-19T00:08:55Z</time>
      </trkpt>
      <trkpt lat="23.060131" lon="113.287421">
        <time>2026-09-19T00:09:00Z</time>
      </trkpt>
      <trkpt lat="23.060151" lon="113.287288">
        <time>2026-09-19T00:09:05Z</time>
      </trkpt>
      <trkpt lat="23.060158" lon="113.287128">
        <time>2026-09-19T00:09:10Z</time>
      </trkpt>
      <trkpt lat="23.060158" lon="113.286972">
        <time>2026-09-19T00:09:15Z</time>
      </trkpt>
      <trkpt lat="23.060165" lon="113.286831">
        <time>2026-09-19T00:09:20Z</time>
      </trkpt>
      <trkpt lat="23.060159" lon="113.286695">
        <time>2026-09-19T00:09:25Z</time>
      </trkpt>
      <trkpt lat="23.060114" lon="113.286575">
        <time>2026-09-19T00:09:30Z</time>
      </trkpt>
      <trkpt lat="23.060025" lon="113.2865">
        <time>2026-09-19T00:09:35Z</time>
      </trkpt>
      <trkpt lat="23.059892" lon="113.286464">
        <time>2026-09-19T00:09:40Z</time>
      </trkpt>
      <trkpt lat="23.059764" lon="113.286438">
        <time>2026-09-19T00:09:45Z</time>
      </trkpt>
      <trkpt lat="23.059646" lon="113.286412">
        <time>2026-09-19T00:09:50Z</time>
      </trkpt>
      <trkpt lat="23.059523" lon="113.286388">
        <time>2026-09-19T00:09:55Z</time>
      </trkpt>
      <trkpt lat="23.059401" lon="113.286369">
        <time>2026-09-19T00:10:00Z</time>
      </trkpt>
      <trkpt lat="23.059283" lon="113.286361">
        <time>2026-09-19T00:10:05Z</time>
      </trkpt>
      <trkpt lat="23.059163" lon="113.286362">
        <time>2026-09-19T00:10:10Z</time>
      </trkpt>
      <trkpt lat="23.059047" lon="113.286347">
        <time>2026-09-19T00:10:15Z</time>
      </trkpt>
      <trkpt lat="23.058934" lon="113.286329">
        <time>2026-09-19T00:10:20Z</time>
      </trkpt>
      <trkpt lat="23.058826" lon="113.286311">
        <time>2026-09-19T00:10:25Z</time>
      </trkpt>
      <trkpt lat="23.058711" lon="113.286276">
        <time>2026-09-19T00:10:30Z</time>
      </trkpt>
      <trkpt lat="23.058632" lon="113.286177">
        <time>2026-09-19T00:10:35Z</time>
      </trkpt>
      <trkpt lat="23.058617" lon="113.286055">
        <time>2026-09-19T00:10:40Z</time>
      </trkpt>
      <trkpt lat="23.058676" lon="113.285943">
        <time>2026-09-19T00:10:45Z</time>
      </trkpt>
      <trkpt lat="23.058737" lon="113.285823">
        <time>2026-09-19T00:10:50Z</time>
      </trkpt>
      <trkpt lat="23.058804" lon="113.285707">
        <time>2026-09-19T00:10:55Z</time>
      </trkpt>
      <trkpt lat="23.058867" lon="113.285587">
        <time>2026-09-19T00:11:00Z</time>
      </trkpt>
      <trkpt lat="23.05892" lon="113.285464">
        <time>2026-09-19T00:11:05Z</time>
      </trkpt>
      <trkpt lat="23.058973" lon="113.285338">
        <time>2026-09-19T00:11:10Z</time>
      </trkpt>
      <trkpt lat="23.059022" lon="113.285218">
        <time>2026-09-19T00:11:15Z</time>
      </trkpt>
      <trkpt lat="23.059063" lon="113.285088">
        <time>2026-09-19T00:11:20Z</time>
      </trkpt>
      <trkpt lat="23.059118" lon="113.284963">
        <time>2026-09-19T00:11:25Z</time>
      </trkpt>
      <trkpt lat="23.059166" lon="113.284841">
        <time>2026-09-19T00:11:30Z</time>
      </trkpt>
      <trkpt lat="23.059211" lon="113.284719">
        <time>2026-09-19T00:11:35Z</time>
      </trkpt>
      <trkpt lat="23.059255" lon="113.28459">
        <time>2026-09-19T00:11:40Z</time>
      </trkpt>
      <trkpt lat="23.059293" lon="113.284457">
        <time>2026-09-19T00:11:45Z</time>
      </trkpt>
      <trkpt lat="23.059344" lon="113.284331">
        <time>2026-09-19T00:11:50Z</time>
      </trkpt>
      <trkpt lat="23.059401" lon="113.284213">
        <time>2026-09-19T00:11:55Z</time>
      </trkpt>
      <trkpt lat="23.059462" lon="113.284103">
        <time>2026-09-19T00:12:00Z</time>
      </trkpt>
      <trkpt lat="23.05952" lon="113.283994">
        <time>2026-09-19T00:12:05Z</time>
      </trkpt>
      <trkpt lat="23.059575" lon="113.283871">
        <time>2026-09-19T00:12:10Z</time>
      </trkpt>
      <trkpt lat="23.059634" lon="113.283741">
        <time>2026-09-19T00:12:15Z</time>
      </trkpt>
      <trkpt lat="23.059683" lon="113.283604">
        <time>2026-09-19T00:12:20Z</time>
      </trkpt>
      <trkpt lat="23.059722" lon="113.28347">
        <time>2026-09-19T00:12:25Z</time>
      </trkpt>
      <trkpt lat="23.059791" lon="113.28334">
        <time>2026-09-19T00:12:30Z</time>
      </trkpt>
      <trkpt lat="23.059856" lon="113.283213">
        <time>2026-09-19T00:12:35Z</time>
      </trkpt>
      <trkpt lat="23.059916" lon="113.283084">
        <time>2026-09-19T00:12:40Z</time>
      </trkpt>
      <trkpt lat="23.059979" lon="113.282959">
        <time>2026-09-19T00:12:45Z</time>
      </trkpt>
      <trkpt lat="23.060033" lon="113.28284">
        <time>2026-09-19T00:12:50Z</time>
      </trkpt>
      <trkpt lat="23.060086" lon="113.282721">
        <time>2026-09-19T00:12:55Z</time>
      </trkpt>
      <trkpt lat="23.060141" lon="113.282599">
        <time>2026-09-19T00:13:00Z</time>
      </trkpt>
      <trkpt lat="23.060194" lon="113.282475">
        <time>2026-09-19T00:13:05Z</time>
      </trkpt>
      <trkpt lat="23.060249" lon="113.282349">
        <time>2026-09-19T00:13:10Z</time>
      </trkpt>
      <trkpt lat="23.060302" lon="113.282214">
        <time>2026-09-19T00:13:15Z</time>
      </trkpt>
      <trkpt lat="23.060355" lon="113.282088">
        <time>2026-09-19T00:13:20Z</time>
      </trkpt>
      <trkpt lat="23.060402" lon="113.281962">
        <time>2026-09-19T00:13:25Z</time>
      </trkpt>
      <trkpt lat="23.060439" lon="113.281834">
        <time>2026-09-19T00:13:30Z</time>
      </trkpt>
      <trkpt lat="23.060495" lon="113.281715">
        <time>2026-09-19T00:13:35Z</time>
      </trkpt>
      <trkpt lat="23.060543" lon="113.281597">
        <time>2026-09-19T00:13:40Z</time>
      </trkpt>
      <trkpt lat="23.060589" lon="113.281473">
        <time>2026-09-19T00:13:45Z</time>
      </trkpt>
      <trkpt lat="23.060646" lon="113.281355">
        <time>2026-09-19T00:13:50Z</time>
      </trkpt>
      <trkpt lat="23.060696" lon="113.281232">
        <time>2026-09-19T00:13:55Z</time>
      </trkpt>
      <trkpt lat="23.060748" lon="113.281108">
        <time>2026-09-19T00:14:00Z</time>
      </trkpt>
      <trkpt lat="23.060804" lon="113.280997">
        <time>2026-09-19T00:14:05Z</time>
      </trkpt>
      <trkpt lat="23.060858" lon="113.280875">
        <time>2026-09-19T00:14:10Z</time>
      </trkpt>
      <trkpt lat="23.06091" lon="113.280745">
        <time>2026-09-19T00:14:15Z</time>
      </trkpt>
      <trkpt lat="23.060966" lon="113.280618">
        <time>2026-09-19T00:14:20Z</time>
      </trkpt>
      <trkpt lat="23.061012" lon="113.28049">
        <time>2026-09-19T00:14:25Z</time>
      </trkpt>
      <trkpt lat="23.061059" lon="113.28036">
        <time>2026-09-19T00:14:30Z</time>
      </trkpt>
      <trkpt lat="23.061105" lon="113.280228">
        <time>2026-09-19T00:14:35Z</time>
      </trkpt>
      <trkpt lat="23.061166" lon="113.2801">
        <time>2026-09-19T00:14:40Z</time>
      </trkpt>
      <trkpt lat="23.061224" lon="113.279971">
        <time>2026-09-19T00:14:45Z</time>
      </trkpt>
      <trkpt lat="23.061281" lon="113.279844">
        <time>2026-09-19T00:14:50Z</time>
      </trkpt>
      <trkpt lat="23.061335" lon="113.279721">
        <time>2026-09-19T00:14:55Z</time>
      </trkpt>
      <trkpt lat="23.06138" lon="113.279597">
        <time>2026-09-19T00:15:00Z</time>
      </trkpt>
      <trkpt lat="23.061425" lon="113.279473">
        <time>2026-09-19T00:15:05Z</time>
      </trkpt>
      <trkpt lat="23.061484" lon="113.27935">
        <time>2026-09-19T00:15:10Z</time>
      </trkpt>
      <trkpt lat="23.061531" lon="113.279233">
        <time>2026-09-19T00:15:15Z</time>
      </trkpt>
      <trkpt lat="23.061553" lon="113.27916">
        <time>2026-09-19T00:15:20Z</time>
      </trkpt>
      <trkpt lat="23.061576" lon="113.279123">
        <time>2026-09-19T00:15:25Z</time>
      </trkpt>
      <trkpt lat="23.06159" lon="113.279094">
        <time>2026-09-19T00:15:30Z</time>
      </trkpt>
      <trkpt lat="23.061597" lon="113.279076">
        <time>2026-09-19T00:15:35Z</time>
      </trkpt>
      <trkpt lat="23.06165" lon="113.278989">
        <time>2026-09-19T00:15:40Z</time>
      </trkpt>
      <trkpt lat="23.061714" lon="113.27886">
        <time>2026-09-19T00:15:45Z</time>
      </trkpt>
      <trkpt lat="23.061761" lon="113.278746">
        <time>2026-09-19T00:15:50Z</time>
      </trkpt>
      <trkpt lat="23.061837" lon="113.2787">
        <time>2026-09-19T00:15:55Z</time>
      </trkpt>
      <trkpt lat="23.06186" lon="113.27858">
        <time>2026-09-19T00:16:00Z</time>
      </trkpt>
      <trkpt lat="23.061864" lon="113.278435">
        <time>2026-09-19T00:16:05Z</time>
      </trkpt>
      <trkpt lat="23.06186" lon="113.278293">
        <time>2026-09-19T00:16:10Z</time>
      </trkpt>
      <trkpt lat="23.061856" lon="113.278152">
        <time>2026-09-19T00:16:15Z</time>
      </trkpt>
      <trkpt lat="23.061846" lon="113.278018">
        <time>2026-09-19T00:16:20Z</time>
      </trkpt>
      <trkpt lat="23.061835" lon="113.277893">
        <time>2026-09-19T00:16:25Z</time>
      </trkpt>
      <trkpt lat="23.061846" lon="113.27777">
        <time>2026-09-19T00:16:30Z</time>
      </trkpt>
      <trkpt lat="23.061868" lon="113.277632">
        <time>2026-09-19T00:16:35Z</time>
      </trkpt>
      <trkpt lat="23.061911" lon="113.277502">
        <time>2026-09-19T00:16:40Z</time>
      </trkpt>
      <trkpt lat="23.061963" lon="113.277381">
        <time>2026-09-19T00:16:45Z</time>
      </trkpt>
      <trkpt lat="23.062003" lon="113.277257">
        <time>2026-09-19T00:16:50Z</time>
      </trkpt>
      <trkpt lat="23.062023" lon="113.277127">
        <time>2026-09-19T00:16:55Z</time>
      </trkpt>
      <trkpt lat="23.062043" lon="113.277012">
        <time>2026-09-19T00:17:00Z</time>
      </trkpt>
      <trkpt lat="23.062081" lon="113.276911">
        <time>2026-09-19T00:17:05Z</time>
      </trkpt>
      <trkpt lat="23.062116" lon="113.276801">
        <time>2026-09-19T00:17:10Z</time>
      </trkpt>
      <trkpt lat="23.062151" lon="113.27669">
        <time>2026-09-19T00:17:15Z</time>
      </trkpt>
      <trkpt lat="23.062199" lon="113.27656">
        <time>2026-09-19T00:17:20Z</time>
      </trkpt>
      <trkpt lat="23.062243" lon="113.276437">
        <time>2026-09-19T00:17:25Z</time>
      </trkpt>
      <trkpt lat="23.062287" lon="113.276326">
        <time>2026-09-19T00:17:30Z</time>
      </trkpt>
      <trkpt lat="23.062337" lon="113.276213">
        <time>2026-09-19T00:17:35Z</time>
      </trkpt>
      <trkpt lat="23.062426" lon="113.276114">
        <time>2026-09-19T00:17:40Z</time>
      </trkpt>
      <trkpt lat="23.062507" lon="113.276004">
        <time>2026-09-19T00:17:45Z</time>
      </trkpt>
      <trkpt lat="23.062578" lon="113.27589">
        <time>2026-09-19T00:17:50Z</time>
      </trkpt>
      <trkpt lat="23.062665" lon="113.275781">
        <time>2026-09-19T00:17:55Z</time>
      </trkpt>
      <trkpt lat="23.062759" lon="113.27568">
        <time>2026-09-19T00:18:00Z</time>
      </trkpt>
      <trkpt lat="23.062851" lon="113.275592">
        <time>2026-09-19T00:18:05Z</time>
      </trkpt>
      <trkpt lat="23.062922" lon="113.275491">
        <time>2026-09-19T00:18:10Z</time>
      </trkpt>
      <trkpt lat="23.062916" lon="113.275359">
        <time>2026-09-19T00:18:15Z</time>
      </trkpt>
      <trkpt lat="23.062906" lon="113.275233">
        <time>2026-09-19T00:18:20Z</time>
      </trkpt>
      <trkpt lat="23.062992" lon="113.275151">
        <time>2026-09-19T00:18:25Z</time>
      </trkpt>
      <trkpt lat="23.06307" lon="113.275059">
        <time>2026-09-19T00:18:30Z</time>
      </trkpt>
      <trkpt lat="23.063096" lon="113.274933">
        <time>2026-09-19T00:18:35Z</time>
      </trkpt>
      <trkpt lat="23.063132" lon="113.274808">
        <time>2026-09-19T00:18:40Z</time>
      </trkpt>
      <trkpt lat="23.063169" lon="113.274687">
        <time>2026-09-19T00:18:45Z</time>
      </trkpt>
      <trkpt lat="23.06321" lon="113.274568">
        <time>2026-09-19T00:18:50Z</time>
      </trkpt>
      <trkpt lat="23.063246" lon="113.274449">
        <time>2026-09-19T00:18:55Z</time>
      </trkpt>
      <trkpt lat="23.063279" lon="113.274327">
        <time>2026-09-19T00:19:00Z</time>
      </trkpt>
      <trkpt lat="23.063328" lon="113.274209">
        <time>2026-09-19T00:19:05Z</time>
      </trkpt>
      <trkpt lat="23.063396" lon="113.274099">
        <time>2026-09-19T00:19:10Z</time>
      </trkpt>
      <trkpt lat="23.063496" lon="113.274102">
        <time>2026-09-19T00:19:15Z</time>
      </trkpt>
      <trkpt lat="23.06361" lon="113.274091">
        <time>2026-09-19T00:19:20Z</time>
      </trkpt>
      <trkpt lat="23.06371" lon="113.274008">
        <time>2026-09-19T00:19:25Z</time>
      </trkpt>
      <trkpt lat="23.063781" lon="113.273905">
        <time>2026-09-19T00:19:30Z</time>
      </trkpt>
      <trkpt lat="23.063848" lon="113.273796">
        <time>2026-09-19T00:19:35Z</time>
      </trkpt>
      <trkpt lat="23.063926" lon="113.273689">
        <time>2026-09-19T00:19:40Z</time>
      </trkpt>
      <trkpt lat="23.064021" lon="113.273595">
        <time>2026-09-19T00:19:45Z</time>
      </trkpt>
      <trkpt lat="23.064129" lon="113.273512">
        <time>2026-09-19T00:19:50Z</time>
      </trkpt>
      <trkpt lat="23.064226" lon="113.273434">
        <time>2026-09-19T00:19:55Z</time>
      </trkpt>
      <trkpt lat="23.064323" lon="113.273357">
        <time>2026-09-19T00:20:00Z</time>
      </trkpt>
      <trkpt lat="23.064413" lon="113.273275">
        <time>2026-09-19T00:20:05Z</time>
      </trkpt>
      <trkpt lat="23.064455" lon="113.273163">
        <time>2026-09-19T00:20:10Z</time>
      </trkpt>
      <trkpt lat="23.064436" lon="113.273028">
        <time>2026-09-19T00:20:15Z</time>
      </trkpt>
      <trkpt lat="23.064391" lon="113.272901">
        <time>2026-09-19T00:20:20Z</time>
      </trkpt>
      <trkpt lat="23.064345" lon="113.272777">
        <time>2026-09-19T00:20:25Z</time>
      </trkpt>
      <trkpt lat="23.064349" lon="113.272661">
        <time>2026-09-19T00:20:30Z</time>
      </trkpt>
      <trkpt lat="23.064422" lon="113.272545">
        <time>2026-09-19T00:20:35Z</time>
      </trkpt>
      <trkpt lat="23.064506" lon="113.272456">
        <time>2026-09-19T00:20:40Z</time>
      </trkpt>
      <trkpt lat="23.064621" lon="113.272484">
        <time>2026-09-19T00:20:45Z</time>
      </trkpt>
      <trkpt lat="23.064738" lon="113.272532">
        <time>2026-09-19T00:20:50Z</time>
      </trkpt>
      <trkpt lat="23.064849" lon="113.272564">
        <time>2026-09-19T00:20:55Z</time>
      </trkpt>
      <trkpt lat="23.064958" lon="113.272601">
        <time>2026-09-19T00:21:00Z</time>
      </trkpt>
      <trkpt lat="23.065069" lon="113.272638">
        <time>2026-09-19T00:21:05Z</time>
      </trkpt>
      <trkpt lat="23.065175" lon="113.272671">
        <time>2026-09-19T00:21:10Z</time>
      </trkpt>
      <trkpt lat="23.065278" lon="113.2727">
        <time>2026-09-19T00:21:15Z</time>
      </trkpt>
      <trkpt lat="23.065375" lon="113.272729">
        <time>2026-09-19T00:21:20Z</time>
      </trkpt>
      <trkpt lat="23.065482" lon="113.27277">
        <time>2026-09-19T00:21:25Z</time>
      </trkpt>
      <trkpt lat="23.065606" lon="113.272818">
        <time>2026-09-19T00:21:30Z</time>
      </trkpt>
      <trkpt lat="23.065731" lon="113.27285">
        <time>2026-09-19T00:21:35Z</time>
      </trkpt>
      <trkpt lat="23.06585" lon="113.272868">
        <time>2026-09-19T00:21:40Z</time>
      </trkpt>
      <trkpt lat="23.065972" lon="113.272864">
        <time>2026-09-19T00:21:45Z</time>
      </trkpt>
      <trkpt lat="23.066092" lon="113.272842">
        <time>2026-09-19T00:21:50Z</time>
      </trkpt>
      <trkpt lat="23.066208" lon="113.272808">
        <time>2026-09-19T00:21:55Z</time>
      </trkpt>
      <trkpt lat="23.066318" lon="113.272766">
        <time>2026-09-19T00:22:00Z</time>
      </trkpt>
      <trkpt lat="23.066424" lon="113.272717">
        <time>2026-09-19T00:22:05Z</time>
      </trkpt>
      <trkpt lat="23.066546" lon="113.272737">
        <time>2026-09-19T00:22:10Z</time>
      </trkpt>
      <trkpt lat="23.066667" lon="113.272768">
        <time>2026-09-19T00:22:15Z</time>
      </trkpt>
      <trkpt lat="23.066785" lon="113.272756">
        <time>2026-09-19T00:22:20Z</time>
      </trkpt>
      <trkpt lat="23.066897" lon="113.272693">
        <time>2026-09-19T00:22:25Z</time>
      </trkpt>
      <trkpt lat="23.066987" lon="113.272603">
        <time>2026-09-19T00:22:30Z</time>
      </trkpt>
      <trkpt lat="23.067066" lon="113.27252">
        <time>2026-09-19T00:22:35Z</time>
      </trkpt>
      <trkpt lat="23.06713" lon="113.272443">
        <time>2026-09-19T00:22:40Z</time>
      </trkpt>
      <trkpt lat="23.0672" lon="113.272361">
        <time>2026-09-19T00:22:45Z</time>
      </trkpt>
      <trkpt lat="23.067293" lon="113.272265">
        <time>2026-09-19T00:22:50Z</time>
      </trkpt>
      <trkpt lat="23.067418" lon="113.272195">
        <time>2026-09-19T00:22:55Z</time>
      </trkpt>
      <trkpt lat="23.067519" lon="113.272119">
        <time>2026-09-19T00:23:00Z</time>
      </trkpt>
      <trkpt lat="23.067622" lon="113.272055">
        <time>2026-09-19T00:23:05Z</time>
      </trkpt>
      <trkpt lat="23.0677" lon="113.271983">
        <time>2026-09-19T00:23:10Z</time>
      </trkpt>
      <trkpt lat="23.067642" lon="113.271999">
        <time>2026-09-19T00:23:15Z</time>
      </trkpt>
      <trkpt lat="23.067531" lon="113.272075">
        <time>2026-09-19T00:23:20Z</time>
      </trkpt>
      <trkpt lat="23.067418" lon="113.272127">
        <time>2026-09-19T00:23:25Z</time>
      </trkpt>
      <trkpt lat="23.067299" lon="113.272166">
        <time>2026-09-19T00:23:30Z</time>
      </trkpt>
      <trkpt lat="23.067191" lon="113.272239">
        <time>2026-09-19T00:23:35Z</time>
      </trkpt>
      <trkpt lat="23.067087" lon="113.272321">
        <time>2026-09-19T00:23:40Z</time>
      </trkpt>
      <trkpt lat="23.066998" lon="113.272391">
        <time>2026-09-19T00:23:45Z</time>
      </trkpt>
      <trkpt lat="23.06689" lon="113.272438">
        <time>2026-09-19T00:23:50Z</time>
      </trkpt>
      <trkpt lat="23.066786" lon="113.272513">
        <time>2026-09-19T00:23:55Z</time>
      </trkpt>
      <trkpt lat="23.066691" lon="113.272591">
        <time>2026-09-19T00:24:00Z</time>
      </trkpt>
      <trkpt lat="23.066579" lon="113.272625">
        <time>2026-09-19T00:24:05Z</time>
      </trkpt>
      <trkpt lat="23.066481" lon="113.272595">
        <time>2026-09-19T00:24:10Z</time>
      </trkpt>
      <trkpt lat="23.066421" lon="113.2725">
        <time>2026-09-19T00:24:15Z</time>
      </trkpt>
      <trkpt lat="23.066411" lon="113.272374">
        <time>2026-09-19T00:24:20Z</time>
      </trkpt>
      <trkpt lat="23.066411" lon="113.272256">
        <time>2026-09-19T00:24:25Z</time>
      </trkpt>
      <trkpt lat="23.066412" lon="113.272136">
        <time>2026-09-19T00:24:30Z</time>
      </trkpt>
      <trkpt lat="23.066408" lon="113.272006">
        <time>2026-09-19T00:24:35Z</time>
      </trkpt>
      <trkpt lat="23.066406" lon="113.271881">
        <time>2026-09-19T00:24:40Z</time>
      </trkpt>
      <trkpt lat="23.066387" lon="113.271758">
        <time>2026-09-19T00:24:45Z</time>
      </trkpt>
      <trkpt lat="23.0664" lon="113.271628">
        <time>2026-09-19T00:24:50Z</time>
      </trkpt>
      <trkpt lat="23.066387" lon="113.271506">
        <time>2026-09-19T00:24:55Z</time>
      </trkpt>
      <trkpt lat="23.066313" lon="113.271414">
        <time>2026-09-19T00:25:00Z</time>
      </trkpt>
      <trkpt lat="23.066211" lon="113.271383">
        <time>2026-09-19T00:25:05Z</time>
      </trkpt>
      <trkpt lat="23.0661" lon="113.271353">
        <time>2026-09-19T00:25:10Z</time>
      </trkpt>
      <trkpt lat="23.065973" lon="113.271319">
        <time>2026-09-19T00:25:15Z</time>
      </trkpt>
      <trkpt lat="23.065853" lon="113.271288">
        <time>2026-09-19T00:25:20Z</time>
      </trkpt>
      <trkpt lat="23.065747" lon="113.271261">
        <time>2026-09-19T00:25:25Z</time>
      </trkpt>
      <trkpt lat="23.06563" lon="113.271243">
        <time>2026-09-19T00:25:30Z</time>
      </trkpt>
      <trkpt lat="23.065513" lon="113.271226">
        <time>2026-09-19T00:25:35Z</time>
      </trkpt>
      <trkpt lat="23.065401" lon="113.271197">
        <time>2026-09-19T00:25:40Z</time>
      </trkpt>
      <trkpt lat="23.065285" lon="113.271149">
        <time>2026-09-19T00:25:45Z</time>
      </trkpt>
      <trkpt lat="23.065177" lon="113.271059">
        <time>2026-09-19T00:25:50Z</time>
      </trkpt>
      <trkpt lat="23.065135" lon="113.270935">
        <time>2026-09-19T00:25:55Z</time>
      </trkpt>
      <trkpt lat="23.065183" lon="113.270808">
        <time>2026-09-19T00:26:00Z</time>
      </trkpt>
      <trkpt lat="23.065245" lon="113.270693">
        <time>2026-09-19T00:26:05Z</time>
      </trkpt>
      <trkpt lat="23.065303" lon="113.27058">
        <time>2026-09-19T00:26:10Z</time>
      </trkpt>
      <trkpt lat="23.065358" lon="113.270467">
        <time>2026-09-19T00:26:15Z</time>
      </trkpt>
      <trkpt lat="23.06541" lon="113.270352">
        <time>2026-09-19T00:26:20Z</time>
      </trkpt>
      <trkpt lat="23.065465" lon="113.270238">
        <time>2026-09-19T00:26:25Z</time>
      </trkpt>
      <trkpt lat="23.065508" lon="113.270118">
        <time>2026-09-19T00:26:30Z</time>
      </trkpt>
      <trkpt lat="23.065541" lon="113.27">
        <time>2026-09-19T00:26:35Z</time>
      </trkpt>
      <trkpt lat="23.065571" lon="113.269882">
        <time>2026-09-19T00:26:40Z</time>
      </trkpt>
      <trkpt lat="23.065604" lon="113.269764">
        <time>2026-09-19T00:26:45Z</time>
      </trkpt>
      <trkpt lat="23.065638" lon="113.269643">
        <time>2026-09-19T00:26:50Z</time>
      </trkpt>
      <trkpt lat="23.065676" lon="113.269518">
        <time>2026-09-19T00:26:55Z</time>
      </trkpt>
      <trkpt lat="23.065707" lon="113.269392">
        <time>2026-09-19T00:27:00Z</time>
      </trkpt>
      <trkpt lat="23.065742" lon="113.269268">
        <time>2026-09-19T00:27:05Z</time>
      </trkpt>
      <trkpt lat="23.065779" lon="113.269148">
        <time>2026-09-19T00:27:10Z</time>
      </trkpt>
      <trkpt lat="23.065809" lon="113.269034">
        <time>2026-09-19T00:27:15Z</time>
      </trkpt>
      <trkpt lat="23.065851" lon="113.268917">
        <time>2026-09-19T00:27:20Z</time>
      </trkpt>
      <trkpt lat="23.065904" lon="113.268798">
        <time>2026-09-19T00:27:25Z</time>
      </trkpt>
      <trkpt lat="23.065968" lon="113.268686">
        <time>2026-09-19T00:27:30Z</time>
      </trkpt>
      <trkpt lat="23.066036" lon="113.268583">
        <time>2026-09-19T00:27:35Z</time>
      </trkpt>
      <trkpt lat="23.066109" lon="113.268473">
        <time>2026-09-19T00:27:40Z</time>
      </trkpt>
      <trkpt lat="23.066183" lon="113.268364">
        <time>2026-09-19T00:27:45Z</time>
      </trkpt>
      <trkpt lat="23.066262" lon="113.268255">
        <time>2026-09-19T00:27:50Z</time>
      </trkpt>
      <trkpt lat="23.066357" lon="113.26817">
        <time>2026-09-19T00:27:55Z</time>
      </trkpt>
      <trkpt lat="23.066476" lon="113.268134">
        <time>2026-09-19T00:28:00Z</time>
      </trkpt>
      <trkpt lat="23.0666" lon="113.268143">
        <time>2026-09-19T00:28:05Z</time>
      </trkpt>
      <trkpt lat="23.066724" lon="113.268159">
        <time>2026-09-19T00:28:10Z</time>
      </trkpt>
      <trkpt lat="23.066846" lon="113.268156">
        <time>2026-09-19T00:28:15Z</time>
      </trkpt>
      <trkpt lat="23.066966" lon="113.268173">
        <time>2026-09-19T00:28:20Z</time>
      </trkpt>
      <trkpt lat="23.067073" lon="113.268225">
        <time>2026-09-19T00:28:25Z</time>
      </trkpt>
      <trkpt lat="23.067181" lon="113.268279">
        <time>2026-09-19T00:28:30Z</time>
      </trkpt>
      <trkpt lat="23.067272" lon="113.268346">
        <time>2026-09-19T00:28:35Z</time>
      </trkpt>
      <trkpt lat="23.067361" lon="113.268408">
        <time>2026-09-19T00:28:40Z</time>
      </trkpt>
      <trkpt lat="23.067464" lon="113.268472">
        <time>2026-09-19T00:28:45Z</time>
      </trkpt>
      <trkpt lat="23.067575" lon="113.268542">
        <time>2026-09-19T00:28:50Z</time>
      </trkpt>
      <trkpt lat="23.067696" lon="113.268615">
        <time>2026-09-19T00:28:55Z</time>
      </trkpt>
      <trkpt lat="23.067818" lon="113.268681">
        <time>2026-09-19T00:29:00Z</time>
      </trkpt>
      <trkpt lat="23.067933" lon="113.268749">
        <time>2026-09-19T00:29:05Z</time>
      </trkpt>
      <trkpt lat="23.068054" lon="113.268788">
        <time>2026-09-19T00:29:10Z</time>
      </trkpt>
      <trkpt lat="23.068154" lon="113.268834">
        <time>2026-09-19T00:29:15Z</time>
      </trkpt>
      <trkpt lat="23.068254" lon="113.268885">
        <time>2026-09-19T00:29:20Z</time>
      </trkpt>
      <trkpt lat="23.068353" lon="113.268935">
        <time>2026-09-19T00:29:25Z</time>
      </trkpt>
      <trkpt lat="23.068449" lon="113.268978">
        <time>2026-09-19T00:29:30Z</time>
      </trkpt>
      <trkpt lat="23.068578" lon="113.269015">
        <time>2026-09-19T00:29:35Z</time>
      </trkpt>
      <trkpt lat="23.068686" lon="113.269059">
        <time>2026-09-19T00:29:40Z</time>
      </trkpt>
      <trkpt lat="23.068785" lon="113.269111">
        <time>2026-09-19T00:29:45Z</time>
      </trkpt>
      <trkpt lat="23.068898" lon="113.269157">
        <time>2026-09-19T00:29:50Z</time>
      </trkpt>
      <trkpt lat="23.068998" lon="113.269216">
        <time>2026-09-19T00:29:55Z</time>
      </trkpt>
      <trkpt lat="23.069118" lon="113.269269">
        <time>2026-09-19T00:30:00Z</time>
      </trkpt>
      <trkpt lat="23.069234" lon="113.269326">
        <time>2026-09-19T00:30:05Z</time>
      </trkpt>
      <trkpt lat="23.069359" lon="113.269382">
        <time>2026-09-19T00:30:10Z</time>
      </trkpt>
      <trkpt lat="23.069458" lon="113.269469">
        <time>2026-09-19T00:30:15Z</time>
      </trkpt>
      <trkpt lat="23.069564" lon="113.269542">
        <time>2026-09-19T00:30:20Z</time>
      </trkpt>
      <trkpt lat="23.069675" lon="113.26958">
        <time>2026-09-19T00:30:25Z</time>
      </trkpt>
      <trkpt lat="23.069788" lon="113.269617">
        <time>2026-09-19T00:30:30Z</time>
      </trkpt>
      <trkpt lat="23.069888" lon="113.269689">
        <time>2026-09-19T00:30:35Z</time>
      </trkpt>
      <trkpt lat="23.069982" lon="113.269768">
        <time>2026-09-19T00:30:40Z</time>
      </trkpt>
      <trkpt lat="23.070083" lon="113.269838">
        <time>2026-09-19T00:30:45Z</time>
      </trkpt>
      <trkpt lat="23.07019" lon="113.269898">
        <time>2026-09-19T00:30:50Z</time>
      </trkpt>
      <trkpt lat="23.070289" lon="113.269957">
        <time>2026-09-19T00:30:55Z</time>
      </trkpt>
      <trkpt lat="23.070388" lon="113.270006">
        <time>2026-09-19T00:31:00Z</time>
      </trkpt>
      <trkpt lat="23.070517" lon="113.270018">
        <time>2026-09-19T00:31:05Z</time>
      </trkpt>
      <trkpt lat="23.070559" lon="113.269929">
        <time>2026-09-19T00:31:10Z</time>
      </trkpt>
      <trkpt lat="23.070471" lon="113.269835">
        <time>2026-09-19T00:31:15Z</time>
      </trkpt>
      <trkpt lat="23.07036" lon="113.269775">
        <time>2026-09-19T00:31:20Z</time>
      </trkpt>
      <trkpt lat="23.070267" lon="113.269704">
        <time>2026-09-19T00:31:25Z</time>
      </trkpt>
      <trkpt lat="23.07018" lon="113.269641">
        <time>2026-09-19T00:31:30Z</time>
      </trkpt>
      <trkpt lat="23.070077" lon="113.26959">
        <time>2026-09-19T00:31:35Z</time>
      </trkpt>
      <trkpt lat="23.069965" lon="113.269537">
        <time>2026-09-19T00:31:40Z</time>
      </trkpt>
      <trkpt lat="23.069859" lon="113.269485">
        <time>2026-09-19T00:31:45Z</time>
      </trkpt>
      <trkpt lat="23.069759" lon="113.269443">
        <time>2026-09-19T00:31:50Z</time>
      </trkpt>
      <trkpt lat="23.069658" lon="113.269387">
        <time>2026-09-19T00:31:55Z</time>
      </trkpt>
      <trkpt lat="23.069551" lon="113.269324">
        <time>2026-09-19T00:32:00Z</time>
      </trkpt>
      <trkpt lat="23.069451" lon="113.269275">
        <time>2026-09-19T00:32:05Z</time>
      </trkpt>
      <trkpt lat="23.069359" lon="113.269224">
        <time>2026-09-19T00:32:10Z</time>
      </trkpt>
      <trkpt lat="23.069266" lon="113.26916">
        <time>2026-09-19T00:32:15Z</time>
      </trkpt>
      <trkpt lat="23.069137" lon="113.269111">
        <time>2026-09-19T00:32:20Z</time>
      </trkpt>
      <trkpt lat="23.069021" lon="113.269066">
        <time>2026-09-19T00:32:25Z</time>
      </trkpt>
      <trkpt lat="23.068927" lon="113.269008">
        <time>2026-09-19T00:32:30Z</time>
      </trkpt>
      <trkpt lat="23.068831" lon="113.268955">
        <time>2026-09-19T00:32:35Z</time>
      </trkpt>
      <trkpt lat="23.068733" lon="113.268901">
        <time>2026-09-19T00:32:40Z</time>
      </trkpt>
      <trkpt lat="23.068648" lon="113.268866">
        <time>2026-09-19T00:32:45Z</time>
      </trkpt>
      <trkpt lat="23.068558" lon="113.26882">
        <time>2026-09-19T00:32:50Z</time>
      </trkpt>
      <trkpt lat="23.068459" lon="113.268776">
        <time>2026-09-19T00:32:55Z</time>
      </trkpt>
      <trkpt lat="23.06835" lon="113.268729">
        <time>2026-09-19T00:33:00Z</time>
      </trkpt>
      <trkpt lat="23.068219" lon="113.268671">
        <time>2026-09-19T00:33:05Z</time>
      </trkpt>
      <trkpt lat="23.068092" lon="113.268597">
        <time>2026-09-19T00:33:10Z</time>
      </trkpt>
      <trkpt lat="23.067967" lon="113.268538">
        <time>2026-09-19T00:33:15Z</time>
      </trkpt>
      <trkpt lat="23.067845" lon="113.26848">
        <time>2026-09-19T00:33:20Z</time>
      </trkpt>
      <trkpt lat="23.067735" lon="113.268419">
        <time>2026-09-19T00:33:25Z</time>
      </trkpt>
      <trkpt lat="23.067622" lon="113.268371">
        <time>2026-09-19T00:33:30Z</time>
      </trkpt>
      <trkpt lat="23.067501" lon="113.268323">
        <time>2026-09-19T00:33:35Z</time>
      </trkpt>
      <trkpt lat="23.06739" lon="113.268276">
        <time>2026-09-19T00:33:40Z</time>
      </trkpt>
      <trkpt lat="23.067282" lon="113.268223">
        <time>2026-09-19T00:33:45Z</time>
      </trkpt>
      <trkpt lat="23.067176" lon="113.268186">
        <time>2026-09-19T00:33:50Z</time>
      </trkpt>
      <trkpt lat="23.067076" lon="113.26816">
        <time>2026-09-19T00:33:55Z</time>
      </trkpt>
      <trkpt lat="23.066964" lon="113.268116">
        <time>2026-09-19T00:34:00Z</time>
      </trkpt>
      <trkpt lat="23.066852" lon="113.268074">
        <time>2026-09-19T00:34:05Z</time>
      </trkpt>
      <trkpt lat="23.066738" lon="113.268059">
        <time>2026-09-19T00:34:10Z</time>
      </trkpt>
      <trkpt lat="23.066626" lon="113.268036">
        <time>2026-09-19T00:34:15Z</time>
      </trkpt>
      <trkpt lat="23.066521" lon="113.267987">
        <time>2026-09-19T00:34:20Z</time>
      </trkpt>
      <trkpt lat="23.066404" lon="113.267957">
        <time>2026-09-19T00:34:25Z</time>
      </trkpt>
      <trkpt lat="23.066286" lon="113.267979">
        <time>2026-09-19T00:34:30Z</time>
      </trkpt>
      <trkpt lat="23.06618" lon="113.268057">
        <time>2026-09-19T00:34:35Z</time>
      </trkpt>
      <trkpt lat="23.066091" lon="113.268145">
        <time>2026-09-19T00:34:40Z</time>
      </trkpt>
      <trkpt lat="23.066014" lon="113.268234">
        <time>2026-09-19T00:34:45Z</time>
      </trkpt>
      <trkpt lat="23.065967" lon="113.268343">
        <time>2026-09-19T00:34:50Z</time>
      </trkpt>
      <trkpt lat="23.065915" lon="113.268443">
        <time>2026-09-19T00:34:55Z</time>
      </trkpt>
      <trkpt lat="23.065843" lon="113.268558">
        <time>2026-09-19T00:35:00Z</time>
      </trkpt>
      <trkpt lat="23.065781" lon="113.268675">
        <time>2026-09-19T00:35:05Z</time>
      </trkpt>
      <trkpt lat="23.065728" lon="113.268792">
        <time>2026-09-19T00:35:10Z</time>
      </trkpt>
      <trkpt lat="23.065682" lon="113.268911">
        <time>2026-09-19T00:35:15Z</time>
      </trkpt>
      <trkpt lat="23.065643" lon="113.269038">
        <time>2026-09-19T00:35:20Z</time>
      </trkpt>
      <trkpt lat="23.065607" lon="113.269164">
        <time>2026-09-19T00:35:25Z</time>
      </trkpt>
      <trkpt lat="23.065571" lon="113.269291">
        <time>2026-09-19T00:35:30Z</time>
      </trkpt>
      <trkpt lat="23.065539" lon="113.269423">
        <time>2026-09-19T00:35:35Z</time>
      </trkpt>
      <trkpt lat="23.065508" lon="113.269555">
        <time>2026-09-19T00:35:40Z</time>
      </trkpt>
      <trkpt lat="23.065481" lon="113.269679">
        <time>2026-09-19T00:35:45Z</time>
      </trkpt>
      <trkpt lat="23.06545" lon="113.269796">
        <time>2026-09-19T00:35:50Z</time>
      </trkpt>
      <trkpt lat="23.065408" lon="113.269914">
        <time>2026-09-19T00:35:55Z</time>
      </trkpt>
      <trkpt lat="23.065358" lon="113.270034">
        <time>2026-09-19T00:36:00Z</time>
      </trkpt>
      <trkpt lat="23.065312" lon="113.270149">
        <time>2026-09-19T00:36:05Z</time>
      </trkpt>
      <trkpt lat="23.065273" lon="113.270263">
        <time>2026-09-19T00:36:10Z</time>
      </trkpt>
      <trkpt lat="23.065224" lon="113.270374">
        <time>2026-09-19T00:36:15Z</time>
      </trkpt>
      <trkpt lat="23.065168" lon="113.270486">
        <time>2026-09-19T00:36:20Z</time>
      </trkpt>
      <trkpt lat="23.065111" lon="113.2706">
        <time>2026-09-19T00:36:25Z</time>
      </trkpt>
      <trkpt lat="23.065055" lon="113.270713">
        <time>2026-09-19T00:36:30Z</time>
      </trkpt>
      <trkpt lat="23.065001" lon="113.270826">
        <time>2026-09-19T00:36:35Z</time>
      </trkpt>
      <trkpt lat="23.064957" lon="113.270946">
        <time>2026-09-19T00:36:40Z</time>
      </trkpt>
      <trkpt lat="23.064907" lon="113.271058">
        <time>2026-09-19T00:36:45Z</time>
      </trkpt>
      <trkpt lat="23.064856" lon="113.271168">
        <time>2026-09-19T00:36:50Z</time>
      </trkpt>
      <trkpt lat="23.064805" lon="113.271281">
        <time>2026-09-19T00:36:55Z</time>
      </trkpt>
      <trkpt lat="23.064757" lon="113.271406">
        <time>2026-09-19T00:37:00Z</time>
      </trkpt>
      <trkpt lat="23.064705" lon="113.271525">
        <time>2026-09-19T00:37:05Z</time>
      </trkpt>
      <trkpt lat="23.064651" lon="113.271642">
        <time>2026-09-19T00:37:10Z</time>
      </trkpt>
      <trkpt lat="23.064598" lon="113.271756">
        <time>2026-09-19T00:37:15Z</time>
      </trkpt>
      <trkpt lat="23.064547" lon="113.271867">
        <time>2026-09-19T00:37:20Z</time>
      </trkpt>
      <trkpt lat="23.0645" lon="113.271977">
        <time>2026-09-19T00:37:25Z</time>
      </trkpt>
      <trkpt lat="23.064439" lon="113.272083">
        <time>2026-09-19T00:37:30Z</time>
      </trkpt>
      <trkpt lat="23.064344" lon="113.272144">
        <time>2026-09-19T00:37:35Z</time>
      </trkpt>
      <trkpt lat="23.064289" lon="113.272248">
        <time>2026-09-19T00:37:40Z</time>
      </trkpt>
      <trkpt lat="23.06429" lon="113.272385">
        <time>2026-09-19T00:37:45Z</time>
      </trkpt>
      <trkpt lat="23.064295" lon="113.272518">
        <time>2026-09-19T00:37:50Z</time>
      </trkpt>
      <trkpt lat="23.064311" lon="113.272649">
        <time>2026-09-19T00:37:55Z</time>
      </trkpt>
      <trkpt lat="23.064349" lon="113.27277">
        <time>2026-09-19T00:38:00Z</time>
      </trkpt>
      <trkpt lat="23.064389" lon="113.272888">
        <time>2026-09-19T00:38:05Z</time>
      </trkpt>
      <trkpt lat="23.064429" lon="113.27301">
        <time>2026-09-19T00:38:10Z</time>
      </trkpt>
      <trkpt lat="23.064464" lon="113.273126">
        <time>2026-09-19T00:38:15Z</time>
      </trkpt>
      <trkpt lat="23.064453" lon="113.273245">
        <time>2026-09-19T00:38:20Z</time>
      </trkpt>
      <trkpt lat="23.064376" lon="113.27335">
        <time>2026-09-19T00:38:25Z</time>
      </trkpt>
      <trkpt lat="23.064268" lon="113.273428">
        <time>2026-09-19T00:38:30Z</time>
      </trkpt>
      <trkpt lat="23.064163" lon="113.273503">
        <time>2026-09-19T00:38:35Z</time>
      </trkpt>
      <trkpt lat="23.064063" lon="113.273578">
        <time>2026-09-19T00:38:40Z</time>
      </trkpt>
      <trkpt lat="23.063966" lon="113.273661">
        <time>2026-09-19T00:38:45Z</time>
      </trkpt>
      <trkpt lat="23.063884" lon="113.273758">
        <time>2026-09-19T00:38:50Z</time>
      </trkpt>
      <trkpt lat="23.063816" lon="113.273863">
        <time>2026-09-19T00:38:55Z</time>
      </trkpt>
      <trkpt lat="23.063754" lon="113.273974">
        <time>2026-09-19T00:39:00Z</time>
      </trkpt>
      <trkpt lat="23.06368" lon="113.274079">
        <time>2026-09-19T00:39:05Z</time>
      </trkpt>
      <trkpt lat="23.063575" lon="113.27416">
        <time>2026-09-19T00:39:10Z</time>
      </trkpt>
      <trkpt lat="23.063494" lon="113.274267">
        <time>2026-09-19T00:39:15Z</time>
      </trkpt>
      <trkpt lat="23.06344" lon="113.274395">
        <time>2026-09-19T00:39:20Z</time>
      </trkpt>
      <trkpt lat="23.063408" lon="113.27454">
        <time>2026-09-19T00:39:25Z</time>
      </trkpt>
      <trkpt lat="23.063357" lon="113.274667">
        <time>2026-09-19T00:39:30Z</time>
      </trkpt>
      <trkpt lat="23.063303" lon="113.27479">
        <time>2026-09-19T00:39:35Z</time>
      </trkpt>
      <trkpt lat="23.06326" lon="113.274915">
        <time>2026-09-19T00:39:40Z</time>
      </trkpt>
      <trkpt lat="23.06321" lon="113.275041">
        <time>2026-09-19T00:39:45Z</time>
      </trkpt>
      <trkpt lat="23.063142" lon="113.275159">
        <time>2026-09-19T00:39:50Z</time>
      </trkpt>
      <trkpt lat="23.063073" lon="113.275271">
        <time>2026-09-19T00:39:55Z</time>
      </trkpt>
      <trkpt lat="23.063009" lon="113.275375">
        <time>2026-09-19T00:40:00Z</time>
      </trkpt>
      <trkpt lat="23.06294" lon="113.275477">
        <time>2026-09-19T00:40:05Z</time>
      </trkpt>
      <trkpt lat="23.062859" lon="113.27558">
        <time>2026-09-19T00:40:10Z</time>
      </trkpt>
      <trkpt lat="23.062772" lon="113.275674">
        <time>2026-09-19T00:40:15Z</time>
      </trkpt>
      <trkpt lat="23.062676" lon="113.275756">
        <time>2026-09-19T00:40:20Z</time>
      </trkpt>
      <trkpt lat="23.062561" lon="113.275805">
        <time>2026-09-19T00:40:25Z</time>
      </trkpt>
      <trkpt lat="23.062465" lon="113.275888">
        <time>2026-09-19T00:40:30Z</time>
      </trkpt>
      <trkpt lat="23.062407" lon="113.276011">
        <time>2026-09-19T00:40:35Z</time>
      </trkpt>
      <trkpt lat="23.06236" lon="113.276134">
        <time>2026-09-19T00:40:40Z</time>
      </trkpt>
      <trkpt lat="23.06232" lon="113.276254">
        <time>2026-09-19T00:40:45Z</time>
      </trkpt>
      <trkpt lat="23.062285" lon="113.276368">
        <time>2026-09-19T00:40:50Z</time>
      </trkpt>
      <trkpt lat="23.062253" lon="113.276482">
        <time>2026-09-19T00:40:55Z</time>
      </trkpt>
      <trkpt lat="23.062209" lon="113.276591">
        <time>2026-09-19T00:41:00Z</time>
      </trkpt>
      <trkpt lat="23.062169" lon="113.276703">
        <time>2026-09-19T00:41:05Z</time>
      </trkpt>
      <trkpt lat="23.062129" lon="113.276824">
        <time>2026-09-19T00:41:10Z</time>
      </trkpt>
      <trkpt lat="23.062094" lon="113.27694">
        <time>2026-09-19T00:41:15Z</time>
      </trkpt>
      <trkpt lat="23.062065" lon="113.277059">
        <time>2026-09-19T00:41:20Z</time>
      </trkpt>
      <trkpt lat="23.062022" lon="113.277191">
        <time>2026-09-19T00:41:25Z</time>
      </trkpt>
      <trkpt lat="23.061975" lon="113.277318">
        <time>2026-09-19T00:41:30Z</time>
      </trkpt>
      <trkpt lat="23.061932" lon="113.277444">
        <time>2026-09-19T00:41:35Z</time>
      </trkpt>
      <trkpt lat="23.061882" lon="113.277567">
        <time>2026-09-19T00:41:40Z</time>
      </trkpt>
      <trkpt lat="23.06184" lon="113.277694">
        <time>2026-09-19T00:41:45Z</time>
      </trkpt>
      <trkpt lat="23.061826" lon="113.277831">
        <time>2026-09-19T00:41:50Z</time>
      </trkpt>
      <trkpt lat="23.061819" lon="113.277971">
        <time>2026-09-19T00:41:55Z</time>
      </trkpt>
      <trkpt lat="23.06182" lon="113.278101">
        <time>2026-09-19T00:42:00Z</time>
      </trkpt>
      <trkpt lat="23.061829" lon="113.278225">
        <time>2026-09-19T00:42:05Z</time>
      </trkpt>
      <trkpt lat="23.061838" lon="113.278354">
        <time>2026-09-19T00:42:10Z</time>
      </trkpt>
      <trkpt lat="23.061848" lon="113.278488">
        <time>2026-09-19T00:42:15Z</time>
      </trkpt>
      <trkpt lat="23.061852" lon="113.278618">
        <time>2026-09-19T00:42:20Z</time>
      </trkpt>
      <trkpt lat="23.06182" lon="113.278729">
        <time>2026-09-19T00:42:25Z</time>
      </trkpt>
      <trkpt lat="23.061726" lon="113.278766">
        <time>2026-09-19T00:42:30Z</time>
      </trkpt>
      <trkpt lat="23.061663" lon="113.278869">
        <time>2026-09-19T00:42:35Z</time>
      </trkpt>
      <trkpt lat="23.061625" lon="113.278984">
        <time>2026-09-19T00:42:40Z</time>
      </trkpt>
      <trkpt lat="23.061586" lon="113.27908">
        <time>2026-09-19T00:42:45Z</time>
      </trkpt>
      <trkpt lat="23.061588" lon="113.279142">
        <time>2026-09-19T00:42:50Z</time>
      </trkpt>
      <trkpt lat="23.061586" lon="113.279188">
        <time>2026-09-19T00:42:55Z</time>
      </trkpt>
      <trkpt lat="23.061545" lon="113.279247">
        <time>2026-09-19T00:43:00Z</time>
      </trkpt>
      <trkpt lat="23.061486" lon="113.279367">
        <time>2026-09-19T00:43:05Z</time>
      </trkpt>
      <trkpt lat="23.061426" lon="113.2795">
        <time>2026-09-19T00:43:10Z</time>
      </trkpt>
      <trkpt lat="23.061379" lon="113.279632">
        <time>2026-09-19T00:43:15Z</time>
      </trkpt>
      <trkpt lat="23.061331" lon="113.279759">
        <time>2026-09-19T00:43:20Z</time>
      </trkpt>
      <trkpt lat="23.061282" lon="113.279883">
        <time>2026-09-19T00:43:25Z</time>
      </trkpt>
      <trkpt lat="23.061229" lon="113.280004">
        <time>2026-09-19T00:43:30Z</time>
      </trkpt>
      <trkpt lat="23.061173" lon="113.28012">
        <time>2026-09-19T00:43:35Z</time>
      </trkpt>
      <trkpt lat="23.061126" lon="113.280235">
        <time>2026-09-19T00:43:40Z</time>
      </trkpt>
      <trkpt lat="23.061076" lon="113.280352">
        <time>2026-09-19T00:43:45Z</time>
      </trkpt>
      <trkpt lat="23.061022" lon="113.280468">
        <time>2026-09-19T00:43:50Z</time>
      </trkpt>
      <trkpt lat="23.060972" lon="113.280588">
        <time>2026-09-19T00:43:55Z</time>
      </trkpt>
      <trkpt lat="23.06092" lon="113.2807">
        <time>2026-09-19T00:44:00Z</time>
      </trkpt>
      <trkpt lat="23.060869" lon="113.280805">
        <time>2026-09-19T00:44:05Z</time>
      </trkpt>
      <trkpt lat="23.060827" lon="113.280907">
        <time>2026-09-19T00:44:10Z</time>
      </trkpt>
      <trkpt lat="23.060787" lon="113.281013">
        <time>2026-09-19T00:44:15Z</time>
      </trkpt>
      <trkpt lat="23.060738" lon="113.281117">
        <time>2026-09-19T00:44:20Z</time>
      </trkpt>
      <trkpt lat="23.060693" lon="113.281227">
        <time>2026-09-19T00:44:25Z</time>
      </trkpt>
      <trkpt lat="23.060643" lon="113.281333">
        <time>2026-09-19T00:44:30Z</time>
      </trkpt>
      <trkpt lat="23.060604" lon="113.281443">
        <time>2026-09-19T00:44:35Z</time>
      </trkpt>
      <trkpt lat="23.060563" lon="113.281563">
        <time>2026-09-19T00:44:40Z</time>
      </trkpt>
      <trkpt lat="23.06052" lon="113.281678">
        <time>2026-09-19T00:44:45Z</time>
      </trkpt>
      <trkpt lat="23.060476" lon="113.281793">
        <time>2026-09-19T00:44:50Z</time>
      </trkpt>
      <trkpt lat="23.06043" lon="113.281913">
        <time>2026-09-19T00:44:55Z</time>
      </trkpt>
      <trkpt lat="23.060373" lon="113.282027">
        <time>2026-09-19T00:45:00Z</time>
      </trkpt>
      <trkpt lat="23.060318" lon="113.282138">
        <time>2026-09-19T00:45:05Z</time>
      </trkpt>
      <trkpt lat="23.060278" lon="113.282255">
        <time>2026-09-19T00:45:10Z</time>
      </trkpt>
      <trkpt lat="23.060233" lon="113.282369">
        <time>2026-09-19T00:45:15Z</time>
      </trkpt>
      <trkpt lat="23.060182" lon="113.282484">
        <time>2026-09-19T00:45:20Z</time>
      </trkpt>
      <trkpt lat="23.060128" lon="113.282597">
        <time>2026-09-19T00:45:25Z</time>
      </trkpt>
      <trkpt lat="23.060083" lon="113.282703">
        <time>2026-09-19T00:45:30Z</time>
      </trkpt>
      <trkpt lat="23.060033" lon="113.282806">
        <time>2026-09-19T00:45:35Z</time>
      </trkpt>
      <trkpt lat="23.059982" lon="113.282915">
        <time>2026-09-19T00:45:40Z</time>
      </trkpt>
      <trkpt lat="23.059935" lon="113.283029">
        <time>2026-09-19T00:45:45Z</time>
      </trkpt>
      <trkpt lat="23.059884" lon="113.283139">
        <time>2026-09-19T00:45:50Z</time>
      </trkpt>
      <trkpt lat="23.059832" lon="113.283244">
        <time>2026-09-19T00:45:55Z</time>
      </trkpt>
      <trkpt lat="23.059843" lon="113.283348">
        <time>2026-09-19T00:46:00Z</time>
      </trkpt>
      <trkpt lat="23.059953" lon="113.283333">
        <time>2026-09-19T00:46:05Z</time>
      </trkpt>
      <trkpt lat="23.060026" lon="113.283228">
        <time>2026-09-19T00:46:10Z</time>
      </trkpt>
      <trkpt lat="23.060078" lon="113.283119">
        <time>2026-09-19T00:46:15Z</time>
      </trkpt>
      <trkpt lat="23.060137" lon="113.282999">
        <time>2026-09-19T00:46:20Z</time>
      </trkpt>
      <trkpt lat="23.060193" lon="113.282878">
        <time>2026-09-19T00:46:25Z</time>
      </trkpt>
      <trkpt lat="23.060243" lon="113.282761">
        <time>2026-09-19T00:46:30Z</time>
      </trkpt>
      <trkpt lat="23.060289" lon="113.282643">
        <time>2026-09-19T00:46:35Z</time>
      </trkpt>
      <trkpt lat="23.060326" lon="113.282519">
        <time>2026-09-19T00:46:40Z</time>
      </trkpt>
      <trkpt lat="23.060367" lon="113.282392">
        <time>2026-09-19T00:46:45Z</time>
      </trkpt>
      <trkpt lat="23.060416" lon="113.282271">
        <time>2026-09-19T00:46:50Z</time>
      </trkpt>
      <trkpt lat="23.060453" lon="113.282154">
        <time>2026-09-19T00:46:55Z</time>
      </trkpt>
      <trkpt lat="23.060498" lon="113.282055">
        <time>2026-09-19T00:47:00Z</time>
      </trkpt>
      <trkpt lat="23.06055" lon="113.281959">
        <time>2026-09-19T00:47:05Z</time>
      </trkpt>
      <trkpt lat="23.0606" lon="113.281849">
        <time>2026-09-19T00:47:10Z</time>
      </trkpt>
      <trkpt lat="23.060653" lon="113.281733">
        <time>2026-09-19T00:47:15Z</time>
      </trkpt>
      <trkpt lat="23.0607" lon="113.281629">
        <time>2026-09-19T00:47:20Z</time>
      </trkpt>
      <trkpt lat="23.060741" lon="113.281524">
        <time>2026-09-19T00:47:25Z</time>
      </trkpt>
      <trkpt lat="23.060784" lon="113.28142">
        <time>2026-09-19T00:47:30Z</time>
      </trkpt>
      <trkpt lat="23.060836" lon="113.28131">
        <time>2026-09-19T00:47:35Z</time>
      </trkpt>
      <trkpt lat="23.060881" lon="113.281198">
        <time>2026-09-19T00:47:40Z</time>
      </trkpt>
      <trkpt lat="23.060924" lon="113.281094">
        <time>2026-09-19T00:47:45Z</time>
      </trkpt>
      <trkpt lat="23.060966" lon="113.280992">
        <time>2026-09-19T00:47:50Z</time>
      </trkpt>
      <trkpt lat="23.061006" lon="113.280883">
        <time>2026-09-19T00:47:55Z</time>
      </trkpt>
      <trkpt lat="23.061051" lon="113.28077">
        <time>2026-09-19T00:48:00Z</time>
      </trkpt>
      <trkpt lat="23.061105" lon="113.28065">
        <time>2026-09-19T00:48:05Z</time>
      </trkpt>
      <trkpt lat="23.061163" lon="113.280528">
        <time>2026-09-19T00:48:10Z</time>
      </trkpt>
      <trkpt lat="23.061221" lon="113.280413">
        <time>2026-09-19T00:48:15Z</time>
      </trkpt>
      <trkpt lat="23.061271" lon="113.280303">
        <time>2026-09-19T00:48:20Z</time>
      </trkpt>
      <trkpt lat="23.061324" lon="113.280191">
        <time>2026-09-19T00:48:25Z</time>
      </trkpt>
      <trkpt lat="23.061374" lon="113.28008">
        <time>2026-09-19T00:48:30Z</time>
      </trkpt>
      <trkpt lat="23.061417" lon="113.279975">
        <time>2026-09-19T00:48:35Z</time>
      </trkpt>
      <trkpt lat="23.06146" lon="113.27987">
        <time>2026-09-19T00:48:40Z</time>
      </trkpt>
      <trkpt lat="23.061507" lon="113.279759">
        <time>2026-09-19T00:48:45Z</time>
      </trkpt>
      <trkpt lat="23.061551" lon="113.279645">
        <time>2026-09-19T00:48:50Z</time>
      </trkpt>
      <trkpt lat="23.061591" lon="113.279533">
        <time>2026-09-19T00:48:55Z</time>
      </trkpt>
      <trkpt lat="23.061629" lon="113.27941">
        <time>2026-09-19T00:49:00Z</time>
      </trkpt>
      <trkpt lat="23.061673" lon="113.279287">
        <time>2026-09-19T00:49:05Z</time>
      </trkpt>
      <trkpt lat="23.061733" lon="113.279167">
        <time>2026-09-19T00:49:10Z</time>
      </trkpt>
      <trkpt lat="23.061805" lon="113.279053">
        <time>2026-09-19T00:49:15Z</time>
      </trkpt>
      <trkpt lat="23.061878" lon="113.278953">
        <time>2026-09-19T00:49:20Z</time>
      </trkpt>
      <trkpt lat="23.061945" lon="113.278844">
        <time>2026-09-19T00:49:25Z</time>
      </trkpt>
      <trkpt lat="23.061982" lon="113.278719">
        <time>2026-09-19T00:49:30Z</time>
      </trkpt>
      <trkpt lat="23.061985" lon="113.278592">
        <time>2026-09-19T00:49:35Z</time>
      </trkpt>
      <trkpt lat="23.061977" lon="113.278469">
        <time>2026-09-19T00:49:40Z</time>
      </trkpt>
      <trkpt lat="23.061972" lon="113.278347">
        <time>2026-09-19T00:49:45Z</time>
      </trkpt>
      <trkpt lat="23.061967" lon="113.278222">
        <time>2026-09-19T00:49:50Z</time>
      </trkpt>
      <trkpt lat="23.061959" lon="113.278097">
        <time>2026-09-19T00:49:55Z</time>
      </trkpt>
      <trkpt lat="23.061948" lon="113.277972">
        <time>2026-09-19T00:50:00Z</time>
      </trkpt>
      <trkpt lat="23.061943" lon="113.277845">
        <time>2026-09-19T00:50:05Z</time>
      </trkpt>
      <trkpt lat="23.061959" lon="113.277723">
        <time>2026-09-19T00:50:10Z</time>
      </trkpt>
      <trkpt lat="23.061998" lon="113.277603">
        <time>2026-09-19T00:50:15Z</time>
      </trkpt>
      <trkpt lat="23.062041" lon="113.277488">
        <time>2026-09-19T00:50:20Z</time>
      </trkpt>
      <trkpt lat="23.062083" lon="113.277383">
        <time>2026-09-19T00:50:25Z</time>
      </trkpt>
      <trkpt lat="23.062121" lon="113.277275">
        <time>2026-09-19T00:50:30Z</time>
      </trkpt>
      <trkpt lat="23.062157" lon="113.277161">
        <time>2026-09-19T00:50:35Z</time>
      </trkpt>
      <trkpt lat="23.062203" lon="113.27705">
        <time>2026-09-19T00:50:40Z</time>
      </trkpt>
      <trkpt lat="23.062248" lon="113.276941">
        <time>2026-09-19T00:50:45Z</time>
      </trkpt>
      <trkpt lat="23.062288" lon="113.27683">
        <time>2026-09-19T00:50:50Z</time>
      </trkpt>
      <trkpt lat="23.062328" lon="113.276715">
        <time>2026-09-19T00:50:55Z</time>
      </trkpt>
      <trkpt lat="23.062374" lon="113.2766">
        <time>2026-09-19T00:51:00Z</time>
      </trkpt>
      <trkpt lat="23.06242" lon="113.276492">
        <time>2026-09-19T00:51:05Z</time>
      </trkpt>
      <trkpt lat="23.062455" lon="113.276383">
        <time>2026-09-19T00:51:10Z</time>
      </trkpt>
      <trkpt lat="23.062499" lon="113.276268">
        <time>2026-09-19T00:51:15Z</time>
      </trkpt>
      <trkpt lat="23.062549" lon="113.276156">
        <time>2026-09-19T00:51:20Z</time>
      </trkpt>
      <trkpt lat="23.062605" lon="113.276053">
        <time>2026-09-19T00:51:25Z</time>
      </trkpt>
      <trkpt lat="23.06267" lon="113.275955">
        <time>2026-09-19T00:51:30Z</time>
      </trkpt>
      <trkpt lat="23.062743" lon="113.275861">
        <time>2026-09-19T00:51:35Z</time>
      </trkpt>
      <trkpt lat="23.062825" lon="113.275778">
        <time>2026-09-19T00:51:40Z</time>
      </trkpt>
      <trkpt lat="23.062912" lon="113.275697">
        <time>2026-09-19T00:51:45Z</time>
      </trkpt>
      <trkpt lat="23.062994" lon="113.275609">
        <time>2026-09-19T00:51:50Z</time>
      </trkpt>
      <trkpt lat="23.063067" lon="113.275515">
        <time>2026-09-19T00:51:55Z</time>
      </trkpt>
      <trkpt lat="23.063123" lon="113.275412">
        <time>2026-09-19T00:52:00Z</time>
      </trkpt>
      <trkpt lat="23.063182" lon="113.275313">
        <time>2026-09-19T00:52:05Z</time>
      </trkpt>
      <trkpt lat="23.063247" lon="113.275212">
        <time>2026-09-19T00:52:10Z</time>
      </trkpt>
      <trkpt lat="23.063318" lon="113.27511">
        <time>2026-09-19T00:52:15Z</time>
      </trkpt>
      <trkpt lat="23.063378" lon="113.275004">
        <time>2026-09-19T00:52:20Z</time>
      </trkpt>
      <trkpt lat="23.063418" lon="113.274886">
        <time>2026-09-19T00:52:25Z</time>
      </trkpt>
      <trkpt lat="23.063454" lon="113.274776">
        <time>2026-09-19T00:52:30Z</time>
      </trkpt>
      <trkpt lat="23.063488" lon="113.274667">
        <time>2026-09-19T00:52:35Z</time>
      </trkpt>
      <trkpt lat="23.063526" lon="113.274555">
        <time>2026-09-19T00:52:40Z</time>
      </trkpt>
      <trkpt lat="23.063561" lon="113.27443">
        <time>2026-09-19T00:52:45Z</time>
      </trkpt>
      <trkpt lat="23.063607" lon="113.274325">
        <time>2026-09-19T00:52:50Z</time>
      </trkpt>
      <trkpt lat="23.063685" lon="113.27424">
        <time>2026-09-19T00:52:55Z</time>
      </trkpt>
      <trkpt lat="23.063744" lon="113.274188">
        <time>2026-09-19T00:53:00Z</time>
      </trkpt>
      <trkpt lat="23.063792" lon="113.274152">
        <time>2026-09-19T00:53:05Z</time>
      </trkpt>
      <trkpt lat="23.063835" lon="113.274116">
        <time>2026-09-19T00:53:10Z</time>
      </trkpt>
      <trkpt lat="23.063863" lon="113.274062">
        <time>2026-09-19T00:53:15Z</time>
      </trkpt>
      <trkpt lat="23.063901" lon="113.273994">
        <time>2026-09-19T00:53:20Z</time>
      </trkpt>
      <trkpt lat="23.063962" lon="113.273896">
        <time>2026-09-19T00:53:25Z</time>
      </trkpt>
      <trkpt lat="23.06403" lon="113.273787">
        <time>2026-09-19T00:53:30Z</time>
      </trkpt>
      <trkpt lat="23.064111" lon="113.273696">
        <time>2026-09-19T00:53:35Z</time>
      </trkpt>
      <trkpt lat="23.064197" lon="113.273627">
        <time>2026-09-19T00:53:40Z</time>
      </trkpt>
      <trkpt lat="23.064281" lon="113.27356">
        <time>2026-09-19T00:53:45Z</time>
      </trkpt>
      <trkpt lat="23.064371" lon="113.273483">
        <time>2026-09-19T00:53:50Z</time>
      </trkpt>
      <trkpt lat="23.064459" lon="113.273405">
        <time>2026-09-19T00:53:55Z</time>
      </trkpt>
      <trkpt lat="23.064534" lon="113.273317">
        <time>2026-09-19T00:54:00Z</time>
      </trkpt>
      <trkpt lat="23.064575" lon="113.273205">
        <time>2026-09-19T00:54:05Z</time>
      </trkpt>
      <trkpt lat="23.064567" lon="113.273071">
        <time>2026-09-19T00:54:10Z</time>
      </trkpt>
      <trkpt lat="23.064528" lon="113.272939">
        <time>2026-09-19T00:54:15Z</time>
      </trkpt>
      <trkpt lat="23.064485" lon="113.272816">
        <time>2026-09-19T00:54:20Z</time>
      </trkpt>
      <trkpt lat="23.06445" lon="113.272698">
        <time>2026-09-19T00:54:25Z</time>
      </trkpt>
      <trkpt lat="23.064446" lon="113.272586">
        <time>2026-09-19T00:54:30Z</time>
      </trkpt>
      <trkpt lat="23.0645" lon="113.272472">
        <time>2026-09-19T00:54:35Z</time>
      </trkpt>
      <trkpt lat="23.064548" lon="113.272346">
        <time>2026-09-19T00:54:40Z</time>
      </trkpt>
      <trkpt lat="23.064567" lon="113.272224">
        <time>2026-09-19T00:54:45Z</time>
      </trkpt>
      <trkpt lat="23.064606" lon="113.272115">
        <time>2026-09-19T00:54:50Z</time>
      </trkpt>
      <trkpt lat="23.06466" lon="113.272015">
        <time>2026-09-19T00:54:55Z</time>
      </trkpt>
      <trkpt lat="23.064714" lon="113.271907">
        <time>2026-09-19T00:55:00Z</time>
      </trkpt>
      <trkpt lat="23.064768" lon="113.271797">
        <time>2026-09-19T00:55:05Z</time>
      </trkpt>
      <trkpt lat="23.064823" lon="113.271689">
        <time>2026-09-19T00:55:10Z</time>
      </trkpt>
      <trkpt lat="23.064879" lon="113.271582">
        <time>2026-09-19T00:55:15Z</time>
      </trkpt>
      <trkpt lat="23.064931" lon="113.271475">
        <time>2026-09-19T00:55:20Z</time>
      </trkpt>
      <trkpt lat="23.064984" lon="113.27137">
        <time>2026-09-19T00:55:25Z</time>
      </trkpt>
      <trkpt lat="23.065025" lon="113.271258">
        <time>2026-09-19T00:55:30Z</time>
      </trkpt>
      <trkpt lat="23.065092" lon="113.271144">
        <time>2026-09-19T00:55:35Z</time>
      </trkpt>
      <trkpt lat="23.065155" lon="113.271023">
        <time>2026-09-19T00:55:40Z</time>
      </trkpt>
      <trkpt lat="23.0652" lon="113.270895">
        <time>2026-09-19T00:55:45Z</time>
      </trkpt>
      <trkpt lat="23.065247" lon="113.270772">
        <time>2026-09-19T00:55:50Z</time>
      </trkpt>
      <trkpt lat="23.0653" lon="113.270655">
        <time>2026-09-19T00:55:55Z</time>
      </trkpt>
      <trkpt lat="23.065348" lon="113.270541">
        <time>2026-09-19T00:56:00Z</time>
      </trkpt>
      <trkpt lat="23.065398" lon="113.270433">
        <time>2026-09-19T00:56:05Z</time>
      </trkpt>
      <trkpt lat="23.065449" lon="113.270325">
        <time>2026-09-19T00:56:10Z</time>
      </trkpt>
      <trkpt lat="23.065495" lon="113.270207">
        <time>2026-09-19T00:56:15Z</time>
      </trkpt>
      <trkpt lat="23.065532" lon="113.27009">
        <time>2026-09-19T00:56:20Z</time>
      </trkpt>
      <trkpt lat="23.065564" lon="113.269973">
        <time>2026-09-19T00:56:25Z</time>
      </trkpt>
      <trkpt lat="23.065597" lon="113.269859">
        <time>2026-09-19T00:56:30Z</time>
      </trkpt>
      <trkpt lat="23.065634" lon="113.269748">
        <time>2026-09-19T00:56:35Z</time>
      </trkpt>
      <trkpt lat="23.065669" lon="113.269629">
        <time>2026-09-19T00:56:40Z</time>
      </trkpt>
      <trkpt lat="23.0657" lon="113.269505">
        <time>2026-09-19T00:56:45Z</time>
      </trkpt>
      <trkpt lat="23.065729" lon="113.269384">
        <time>2026-09-19T00:56:50Z</time>
      </trkpt>
      <trkpt lat="23.065755" lon="113.269265">
        <time>2026-09-19T00:56:55Z</time>
      </trkpt>
      <trkpt lat="23.065792" lon="113.269147">
        <time>2026-09-19T00:57:00Z</time>
      </trkpt>
      <trkpt lat="23.065843" lon="113.269036">
        <time>2026-09-19T00:57:05Z</time>
      </trkpt>
      <trkpt lat="23.065899" lon="113.268935">
        <time>2026-09-19T00:57:10Z</time>
      </trkpt>
      <trkpt lat="23.065946" lon="113.268832">
        <time>2026-09-19T00:57:15Z</time>
      </trkpt>
      <trkpt lat="23.065999" lon="113.268718">
        <time>2026-09-19T00:57:20Z</time>
      </trkpt>
      <trkpt lat="23.066057" lon="113.268603">
        <time>2026-09-19T00:57:25Z</time>
      </trkpt>
      <trkpt lat="23.066119" lon="113.268496">
        <time>2026-09-19T00:57:30Z</time>
      </trkpt>
      <trkpt lat="23.066185" lon="113.268391">
        <time>2026-09-19T00:57:35Z</time>
      </trkpt>
      <trkpt lat="23.066258" lon="113.268295">
        <time>2026-09-19T00:57:40Z</time>
      </trkpt>
      <trkpt lat="23.066343" lon="113.268203">
        <time>2026-09-19T00:57:45Z</time>
      </trkpt>
      <trkpt lat="23.066447" lon="113.268144">
        <time>2026-09-19T00:57:50Z</time>
      </trkpt>
      <trkpt lat="23.066564" lon="113.268138">
        <time>2026-09-19T00:57:55Z</time>
      </trkpt>
      <trkpt lat="23.066681" lon="113.268159">
        <time>2026-09-19T00:58:00Z</time>
      </trkpt>
      <trkpt lat="23.066797" lon="113.268169">
        <time>2026-09-19T00:58:05Z</time>
      </trkpt>
      <trkpt lat="23.066911" lon="113.268165">
        <time>2026-09-19T00:58:10Z</time>
      </trkpt>
      <trkpt lat="23.067022" lon="113.268185">
        <time>2026-09-19T00:58:15Z</time>
      </trkpt>
      <trkpt lat="23.067124" lon="113.268238">
        <time>2026-09-19T00:58:20Z</time>
      </trkpt>
      <trkpt lat="23.067226" lon="113.268305">
        <time>2026-09-19T00:58:25Z</time>
      </trkpt>
      <trkpt lat="23.067317" lon="113.268371">
        <time>2026-09-19T00:58:30Z</time>
      </trkpt>
      <trkpt lat="23.067402" lon="113.268419">
        <time>2026-09-19T00:58:35Z</time>
      </trkpt>
      <trkpt lat="23.0675" lon="113.268475">
        <time>2026-09-19T00:58:40Z</time>
      </trkpt>
      <trkpt lat="23.06761" lon="113.268548">
        <time>2026-09-19T00:58:45Z</time>
      </trkpt>
      <trkpt lat="23.067705" lon="113.268593">
        <time>2026-09-19T00:58:50Z</time>
      </trkpt>
      <trkpt lat="23.067809" lon="113.268642">
        <time>2026-09-19T00:58:55Z</time>
      </trkpt>
      <trkpt lat="23.06791" lon="113.268706">
        <time>2026-09-19T00:59:00Z</time>
      </trkpt>
      <trkpt lat="23.067979" lon="113.268739">
        <time>2026-09-19T00:59:05Z</time>
      </trkpt>
      <trkpt lat="23.068025" lon="113.268762">
        <time>2026-09-19T00:59:10Z</time>
      </trkpt>
      <trkpt lat="23.068079" lon="113.268797">
        <time>2026-09-19T00:59:15Z</time>
      </trkpt>
      <trkpt lat="23.068125" lon="113.268812">
        <time>2026-09-19T00:59:20Z</time>
      </trkpt>
      <trkpt lat="23.068173" lon="113.268826">
        <time>2026-09-19T00:59:25Z</time>
      </trkpt>
      <trkpt lat="23.068229" lon="113.26885">
        <time>2026-09-19T00:59:30Z</time>
      </trkpt>
      <trkpt lat="23.068308" lon="113.268889">
        <time>2026-09-19T00:59:35Z</time>
      </trkpt>
      <trkpt lat="23.068415" lon="113.268977">
        <time>2026-09-19T00:59:40Z</time>
      </trkpt>
      <trkpt lat="23.068532" lon="113.269074">
        <time>2026-09-19T00:59:45Z</time>
      </trkpt>
      <trkpt lat="23.068625" lon="113.269154">
        <time>2026-09-19T00:59:50Z</time>
      </trkpt>
      <trkpt lat="23.068724" lon="113.269216">
        <time>2026-09-19T00:59:55Z</time>
      </trkpt>
      <trkpt lat="23.06885" lon="113.269241">
        <time>2026-09-19T01:00:00Z</time>
      </trkpt>
      <trkpt lat="23.068968" lon="113.269255">
        <time>2026-09-19T01:00:05Z</time>
      </trkpt>
      <trkpt lat="23.069073" lon="113.269294">
        <time>2026-09-19T01:00:10Z</time>
      </trkpt>
      <trkpt lat="23.069181" lon="113.269338">
        <time>2026-09-19T01:00:15Z</time>
      </trkpt>
      <trkpt lat="23.069292" lon="113.269382">
        <time>2026-09-19T01:00:20Z</time>
      </trkpt>
      <trkpt lat="23.069412" lon="113.269409">
        <time>2026-09-19T01:00:25Z</time>
      </trkpt>
      <trkpt lat="23.069533" lon="113.269463">
        <time>2026-09-19T01:00:30Z</time>
      </trkpt>
      <trkpt lat="23.069644" lon="113.269533">
        <time>2026-09-19T01:00:35Z</time>
      </trkpt>
      <trkpt lat="23.069754" lon="113.26959">
        <time>2026-09-19T01:00:40Z</time>
      </trkpt>
      <trkpt lat="23.069854" lon="113.26966">
        <time>2026-09-19T01:00:45Z</time>
      </trkpt>
      <trkpt lat="23.069953" lon="113.269734">
        <time>2026-09-19T01:00:50Z</time>
      </trkpt>
      <trkpt lat="23.070058" lon="113.269778">
        <time>2026-09-19T01:00:55Z</time>
      </trkpt>
      <trkpt lat="23.070157" lon="113.269828">
        <time>2026-09-19T01:01:00Z</time>
      </trkpt>
      <trkpt lat="23.070242" lon="113.269869">
        <time>2026-09-19T01:01:05Z</time>
      </trkpt>
      <trkpt lat="23.070328" lon="113.269911">
        <time>2026-09-19T01:01:10Z</time>
      </trkpt>
      <trkpt lat="23.070418" lon="113.269954">
        <time>2026-09-19T01:01:15Z</time>
      </trkpt>
      <trkpt lat="23.070517" lon="113.270006">
        <time>2026-09-19T01:01:20Z</time>
      </trkpt>
      <trkpt lat="23.070619" lon="113.270039">
        <time>2026-09-19T01:01:25Z</time>
      </trkpt>
      <trkpt lat="23.070714" lon="113.270085">
        <time>2026-09-19T01:01:30Z</time>
      </trkpt>
      <trkpt lat="23.070814" lon="113.270128">
        <time>2026-09-19T01:01:35Z</time>
      </trkpt>
      <trkpt lat="23.07091" lon="113.270185">
        <time>2026-09-19T01:01:40Z</time>
      </trkpt>
      <trkpt lat="23.071029" lon="113.270225">
        <time>2026-09-19T01:01:45Z</time>
      </trkpt>
      <trkpt lat="23.071127" lon="113.270264">
        <time>2026-09-19T01:01:50Z</time>
      </trkpt>
      <trkpt lat="23.071222" lon="113.270315">
        <time>2026-09-19T01:01:55Z</time>
      </trkpt>
      <trkpt lat="23.071326" lon="113.270358">
        <time>2026-09-19T01:02:00Z</time>
      </trkpt>
      <trkpt lat="23.071418" lon="113.270412">
        <time>2026-09-19T01:02:05Z</time>
      </trkpt>
      <trkpt lat="23.071505" lon="113.270449">
        <time>2026-09-19T01:02:10Z</time>
      </trkpt>
      <trkpt lat="23.071598" lon="113.270487">
        <time>2026-09-19T01:02:15Z</time>
      </trkpt>
      <trkpt lat="23.071688" lon="113.270535">
        <time>2026-09-19T01:02:20Z</time>
      </trkpt>
      <trkpt lat="23.071784" lon="113.270589">
        <time>2026-09-19T01:02:25Z</time>
      </trkpt>
      <trkpt lat="23.071888" lon="113.270642">
        <time>2026-09-19T01:02:30Z</time>
      </trkpt>
      <trkpt lat="23.071994" lon="113.270686">
        <time>2026-09-19T01:02:35Z</time>
      </trkpt>
      <trkpt lat="23.072107" lon="113.27074">
        <time>2026-09-19T01:02:40Z</time>
      </trkpt>
      <trkpt lat="23.072208" lon="113.270802">
        <time>2026-09-19T01:02:45Z</time>
      </trkpt>
      <trkpt lat="23.072305" lon="113.270846">
        <time>2026-09-19T01:02:50Z</time>
      </trkpt>
      <trkpt lat="23.072409" lon="113.270886">
        <time>2026-09-19T01:02:55Z</time>
      </trkpt>
      <trkpt lat="23.072508" lon="113.270941">
        <time>2026-09-19T01:03:00Z</time>
      </trkpt>
      <trkpt lat="23.072602" lon="113.270986">
        <time>2026-09-19T01:03:05Z</time>
      </trkpt>
      <trkpt lat="23.072694" lon="113.271028">
        <time>2026-09-19T01:03:10Z</time>
      </trkpt>
      <trkpt lat="23.072795" lon="113.271054">
        <time>2026-09-19T01:03:15Z</time>
      </trkpt>
      <trkpt lat="23.072895" lon="113.271111">
        <time>2026-09-19T01:03:20Z</time>
      </trkpt>
      <trkpt lat="23.072997" lon="113.271176">
        <time>2026-09-19T01:03:25Z</time>
      </trkpt>
      <trkpt lat="23.073089" lon="113.271229">
        <time>2026-09-19T01:03:30Z</time>
      </trkpt>
      <trkpt lat="23.07321" lon="113.271276">
        <time>2026-09-19T01:03:35Z</time>
      </trkpt>
      <trkpt lat="23.07332" lon="113.271328">
        <time>2026-09-19T01:03:40Z</time>
      </trkpt>
      <trkpt lat="23.073428" lon="113.271382">
        <time>2026-09-19T01:03:45Z</time>
      </trkpt>
      <trkpt lat="23.073517" lon="113.271448">
        <time>2026-09-19T01:03:50Z</time>
      </trkpt>
      <trkpt lat="23.073592" lon="113.271523">
        <time>2026-09-19T01:03:55Z</time>
      </trkpt>
      <trkpt lat="23.073668" lon="113.27161">
        <time>2026-09-19T01:04:00Z</time>
      </trkpt>
      <trkpt lat="23.073766" lon="113.271657">
        <time>2026-09-19T01:04:05Z</time>
      </trkpt>
      <trkpt lat="23.073882" lon="113.271676">
        <time>2026-09-19T01:04:10Z</time>
      </trkpt>
      <trkpt lat="23.073997" lon="113.271703">
        <time>2026-09-19T01:04:15Z</time>
      </trkpt>
      <trkpt lat="23.074091" lon="113.271742">
        <time>2026-09-19T01:04:20Z</time>
      </trkpt>
      <trkpt lat="23.074123" lon="113.271812">
        <time>2026-09-19T01:04:25Z</time>
      </trkpt>
      <trkpt lat="23.074073" lon="113.271896">
        <time>2026-09-19T01:04:30Z</time>
      </trkpt>
      <trkpt lat="23.074022" lon="113.271994">
        <time>2026-09-19T01:04:35Z</time>
      </trkpt>
      <trkpt lat="23.07397" lon="113.2721">
        <time>2026-09-19T01:04:40Z</time>
      </trkpt>
      <trkpt lat="23.073934" lon="113.272202">
        <time>2026-09-19T01:04:45Z</time>
      </trkpt>
      <trkpt lat="23.073898" lon="113.27229">
        <time>2026-09-19T01:04:50Z</time>
      </trkpt>
      <trkpt lat="23.073853" lon="113.272389">
        <time>2026-09-19T01:04:55Z</time>
      </trkpt>
      <trkpt lat="23.073804" lon="113.272499">
        <time>2026-09-19T01:05:00Z</time>
      </trkpt>
      <trkpt lat="23.07375" lon="113.272596">
        <time>2026-09-19T01:05:05Z</time>
      </trkpt>
      <trkpt lat="23.073706" lon="113.272701">
        <time>2026-09-19T01:05:10Z</time>
      </trkpt>
      <trkpt lat="23.073667" lon="113.272813">
        <time>2026-09-19T01:05:15Z</time>
      </trkpt>
      <trkpt lat="23.073629" lon="113.272906">
        <time>2026-09-19T01:05:20Z</time>
      </trkpt>
      <trkpt lat="23.073578" lon="113.272975">
        <time>2026-09-19T01:05:25Z</time>
      </trkpt>
      <trkpt lat="23.073555" lon="113.273057">
        <time>2026-09-19T01:05:30Z</time>
      </trkpt>
      <trkpt lat="23.073556" lon="113.273046">
        <time>2026-09-19T01:05:35Z</time>
      </trkpt>
      <trkpt lat="23.073611" lon="113.272962">
        <time>2026-09-19T01:05:40Z</time>
      </trkpt>
      <trkpt lat="23.073717" lon="113.272916">
        <time>2026-09-19T01:05:45Z</time>
      </trkpt>
      <trkpt lat="23.073854" lon="113.272933">
        <time>2026-09-19T01:05:50Z</time>
      </trkpt>
      <trkpt lat="23.073982" lon="113.272964">
        <time>2026-09-19T01:05:55Z</time>
      </trkpt>
      <trkpt lat="23.074071" lon="113.272906">
        <time>2026-09-19T01:06:00Z</time>
      </trkpt>
      <trkpt lat="23.074115" lon="113.272798">
        <time>2026-09-19T01:06:05Z</time>
      </trkpt>
      <trkpt lat="23.074148" lon="113.272692">
        <time>2026-09-19T01:06:10Z</time>
      </trkpt>
      <trkpt lat="23.074172" lon="113.272595">
        <time>2026-09-19T01:06:15Z</time>
      </trkpt>
      <trkpt lat="23.074209" lon="113.2725">
        <time>2026-09-19T01:06:20Z</time>
      </trkpt>
      <trkpt lat="23.074261" lon="113.272394">
        <time>2026-09-19T01:06:25Z</time>
      </trkpt>
      <trkpt lat="23.074306" lon="113.272291">
        <time>2026-09-19T01:06:30Z</time>
      </trkpt>
      <trkpt lat="23.07434" lon="113.272207">
        <time>2026-09-19T01:06:35Z</time>
      </trkpt>
      <trkpt lat="23.074405" lon="113.272103">
        <time>2026-09-19T01:06:40Z</time>
      </trkpt>
      <trkpt lat="23.074488" lon="113.272034">
        <time>2026-09-19T01:06:45Z</time>
      </trkpt>
      <trkpt lat="23.074576" lon="113.272042">
        <time>2026-09-19T01:06:50Z</time>
      </trkpt>
      <trkpt lat="23.074674" lon="113.272101">
        <time>2026-09-19T01:06:55Z</time>
      </trkpt>
      <trkpt lat="23.074769" lon="113.272176">
        <time>2026-09-19T01:07:00Z</time>
      </trkpt>
      <trkpt lat="23.074864" lon="113.272229">
        <time>2026-09-19T01:07:05Z</time>
      </trkpt>
      <trkpt lat="23.074958" lon="113.272296">
        <time>2026-09-19T01:07:14Z</time>
      </trkpt>
    </trkseg>
  </trk>
</gpx>