<?xml version="1.0" encoding="UTF-8"?>
<gpx xmlns="http://www.topografix.com/GPX/1/1" xmlns:gpxtpx="http://www.garmin.com/xmlschemas/TrackPointExtension/v1" xmlns:xsi="http://www.w3.org/2001/XMLSchema-instance" xsi:schemaLocation="http://www.topografix.com/GPX/1/1 http://www.topografix.com/GPX/1/1/gpx.xsd" version="1.1" creator="gpx.py -- https://github.com/tkrajina/gpxpy">
  <trk>
    <name>gpx from joyrun</name>
    <trkseg>
      <trkpt lat="23.076077" lon="113.27286">
        <time>2026-09-23T21:44:07Z</time>
      </trkpt>
      <trkpt lat="23.076082" lon="113.272854">
        <time>2026-09-23T21:44:12Z</time>
      </trkpt>
      <trkpt lat="23.076069" lon="113.272767">
        <time>2026-09-23T21:44:17Z</time>
      </trkpt>
      <trkpt lat="23.07605" lon="113.272654">
        <time>2026-09-23T21:44:22Z</time>
      </trkpt>
      <trkpt lat="23.076031" lon="113.272632">
        <time>2026-09-23T21:44:27Z</time>
      </trkpt>
      <trkpt lat="23.076012" lon="113.272624">
        <time>2026-09-23T21:44:32Z</time>
      </trkpt>
      <trkpt lat="23.075937" lon="113.27261">
        <time>2026-09-23T21:44:37Z</time>
      </trkpt>
      <trkpt lat="23.075805" lon="113.272611">
        <time>2026-09-23T21:44:42Z</time>
      </trkpt>
      <trkpt lat="23.075685" lon="113.272599">
        <time>2026-09-23T21:44:47Z</time>
      </trkpt>
      <trkpt lat="23.075584" lon="113.272578">
        <time>2026-09-23T21:44:52Z</time>
      </trkpt>
      <trkpt lat="23.075494" lon="113.272547">
        <time>2026-09-23T21:44:57Z</time>
      </trkpt>
      <trkpt lat="23.075414" lon="113.272466">
        <time>2026-09-23T21:45:02Z</time>
      </trkpt>
      <trkpt lat="23.075321" lon="113.2724">
        <time>2026-09-23T21:45:07Z</time>
      </trkpt>
      <trkpt lat="23.075211" lon="113.272353">
        <time>2026-09-23T21:45:12Z</time>
      </trkpt>
      <trkpt lat="23.075112" lon="113.272289">
        <time>2026-09-23T21:45:17Z</time>
      </trkpt>
      <trkpt lat="23.075015" lon="113.272239">
        <time>2026-09-23T21:45:22Z</time>
      </trkpt>
      <trkpt lat="23.074917" lon="113.272192">
        <time>2026-09-23T21:45:27Z</time>
      </trkpt>
      <trkpt lat="23.074819" lon="113.272129">
        <time>2026-09-23T21:45:32Z</time>
      </trkpt>
      <trkpt lat="23.074716" lon="113.272085">
        <time>2026-09-23T21:45:37Z</time>
      </trkpt>
      <trkpt lat="23.074616" lon="113.272036">
        <time>2026-09-23T21:45:42Z</time>
      </trkpt>
      <trkpt lat="23.074513" lon="113.271988">
        <time>2026-09-23T21:45:47Z</time>
      </trkpt>
      <trkpt lat="23.074408" lon="113.271987">
        <time>2026-09-23T21:45:52Z</time>
      </trkpt>
      <trkpt lat="23.074345" lon="113.272073">
        <time>2026-09-23T21:45:57Z</time>
      </trkpt>
      <trkpt lat="23.074302" lon="113.272186">
        <time>2026-09-23T21:46:02Z</time>
      </trkpt>
      <trkpt lat="23.074259" lon="113.272299">
        <time>2026-09-23T21:46:07Z</time>
      </trkpt>
      <trkpt lat="23.07422" lon="113.272411">
        <time>2026-09-23T21:46:12Z</time>
      </trkpt>
      <trkpt lat="23.074175" lon="113.272523">
        <time>2026-09-23T21:46:17Z</time>
      </trkpt>
      <trkpt lat="23.07413" lon="113.272639">
        <time>2026-09-23T21:46:22Z</time>
      </trkpt>
      <trkpt lat="23.074085" lon="113.272759">
        <time>2026-09-23T21:46:27Z</time>
      </trkpt>
      <trkpt lat="23.074036" lon="113.272873">
        <time>2026-09-23T21:46:32Z</time>
      </trkpt>
      <trkpt lat="23.073986" lon="113.272978">
        <time>2026-09-23T21:46:37Z</time>
      </trkpt>
      <trkpt lat="23.073947" lon="113.27305">
        <time>2026-09-23T21:46:42Z</time>
      </trkpt>
      <trkpt lat="23.073934" lon="113.273027">
        <time>2026-09-23T21:46:47Z</time>
      </trkpt>
      <trkpt lat="23.07392" lon="113.273007">
        <time>2026-09-23T21:46:52Z</time>
      </trkpt>
      <trkpt lat="23.07386" lon="113.27297">
        <time>2026-09-23T21:46:57Z</time>
      </trkpt>
      <trkpt lat="23.073762" lon="113.272911">
        <time>2026-09-23T21:47:02Z</time>
      </trkpt>
      <trkpt lat="23.07368" lon="113.272845">
        <time>2026-09-23T21:47:07Z</time>
      </trkpt>
      <trkpt lat="23.073699" lon="113.272743">
        <time>2026-09-23T21:47:12Z</time>
      </trkpt>
      <trkpt lat="23.073746" lon="113.27264">
        <time>2026-09-23T21:47:17Z</time>
      </trkpt>
      <trkpt lat="23.073787" lon="113.272539">
        <time>2026-09-23T21:47:22Z</time>
      </trkpt>
      <trkpt lat="23.073836" lon="113.272437">
        <time>2026-09-23T21:47:27Z</time>
      </trkpt>
      <trkpt lat="23.073887" lon="113.272327">
        <time>2026-09-23T21:47:32Z</time>
      </trkpt>
      <trkpt lat="23.073929" lon="113.272218">
        <time>2026-09-23T21:47:37Z</time>
      </trkpt>
      <trkpt lat="23.073971" lon="113.272107">
        <time>2026-09-23T21:47:42Z</time>
      </trkpt>
      <trkpt lat="23.07401" lon="113.271997">
        <time>2026-09-23T21:47:47Z</time>
      </trkpt>
      <trkpt lat="23.074056" lon="113.271887">
        <time>2026-09-23T21:47:52Z</time>
      </trkpt>
      <trkpt lat="23.0741" lon="113.271774">
        <time>2026-09-23T21:47:57Z</time>
      </trkpt>
      <trkpt lat="23.074065" lon="113.271696">
        <time>2026-09-23T21:48:02Z</time>
      </trkpt>
      <trkpt lat="23.073971" lon="113.271651">
        <time>2026-09-23T21:48:07Z</time>
      </trkpt>
      <trkpt lat="23.073872" lon="113.271603">
        <time>2026-09-23T21:48:12Z</time>
      </trkpt>
      <trkpt lat="23.073756" lon="113.271567">
        <time>2026-09-23T21:48:17Z</time>
      </trkpt>
      <trkpt lat="23.073642" lon="113.271523">
        <time>2026-09-23T21:48:22Z</time>
      </trkpt>
      <trkpt lat="23.073537" lon="113.271479">
        <time>2026-09-23T21:48:27Z</time>
      </trkpt>
      <trkpt lat="23.073426" lon="113.271431">
        <time>2026-09-23T21:48:32Z</time>
      </trkpt>
      <trkpt lat="23.073318" lon="113.271372">
        <time>2026-09-23T21:48:37Z</time>
      </trkpt>
      <trkpt lat="23.073223" lon="113.271292">
        <time>2026-09-23T21:48:42Z</time>
      </trkpt>
      <trkpt lat="23.073127" lon="113.271214">
        <time>2026-09-23T21:48:47Z</time>
      </trkpt>
      <trkpt lat="23.073014" lon="113.271164">
        <time>2026-09-23T21:48:52Z</time>
      </trkpt>
      <trkpt lat="23.072902" lon="113.271112">
        <time>2026-09-23T21:48:57Z</time>
      </trkpt>
      <trkpt lat="23.0728" lon="113.27103">
        <time>2026-09-23T21:49:02Z</time>
      </trkpt>
      <trkpt lat="23.072696" lon="113.270949">
        <time>2026-09-23T21:49:07Z</time>
      </trkpt>
      <trkpt lat="23.072583" lon="113.270904">
        <time>2026-09-23T21:49:12Z</time>
      </trkpt>
      <trkpt lat="23.072466" lon="113.270875">
        <time>2026-09-23T21:49:17Z</time>
      </trkpt>
      <trkpt lat="23.07235" lon="113.270833">
        <time>2026-09-23T21:49:22Z</time>
      </trkpt>
      <trkpt lat="23.072233" lon="113.270777">
        <time>2026-09-23T21:49:27Z</time>
      </trkpt>
      <trkpt lat="23.072114" lon="113.270715">
        <time>2026-09-23T21:49:32Z</time>
      </trkpt>
      <trkpt lat="23.072004" lon="113.270662">
        <time>2026-09-23T21:49:37Z</time>
      </trkpt>
      <trkpt lat="23.071901" lon="113.270585">
        <time>2026-09-23T21:49:42Z</time>
      </trkpt>
      <trkpt lat="23.071787" lon="113.270519">
        <time>2026-09-23T21:49:47Z</time>
      </trkpt>
      <trkpt lat="23.071672" lon="113.270465">
        <time>2026-09-23T21:49:52Z</time>
      </trkpt>
      <trkpt lat="23.071567" lon="113.270421">
        <time>2026-09-23T21:49:57Z</time>
      </trkpt>
      <trkpt lat="23.071458" lon="113.270369">
        <time>2026-09-23T21:50:02Z</time>
      </trkpt>
      <trkpt lat="23.071338" lon="113.270328">
        <time>2026-09-23T21:50:07Z</time>
      </trkpt>
      <trkpt lat="23.071221" lon="113.270299">
        <time>2026-09-23T21:50:12Z</time>
      </trkpt>
      <trkpt lat="23.071119" lon="113.27025">
        <time>2026-09-23T21:50:17Z</time>
      </trkpt>
      <trkpt lat="23.071018" lon="113.270201">
        <time>2026-09-23T21:50:22Z</time>
      </trkpt>
      <trkpt lat="23.070902" lon="113.270169">
        <time>2026-09-23T21:50:27Z</time>
      </trkpt>
      <trkpt lat="23.070789" lon="113.270127">
        <time>2026-09-23T21:50:32Z</time>
      </trkpt>
      <trkpt lat="23.070672" lon="113.270096">
        <time>2026-09-23T21:50:37Z</time>
      </trkpt>
      <trkpt lat="23.070569" lon="113.270027">
        <time>2026-09-23T21:50:42Z</time>
      </trkpt>
      <trkpt lat="23.070451" lon="113.269972">
        <time>2026-09-23T21:50:47Z</time>
      </trkpt>
      <trkpt lat="23.070335" lon="113.269933">
        <time>2026-09-23T21:50:52Z</time>
      </trkpt>
      <trkpt lat="23.070225" lon="113.269867">
        <time>2026-09-23T21:50:57Z</time>
      </trkpt>
      <trkpt lat="23.07012" lon="113.269811">
        <time>2026-09-23T21:51:02Z</time>
      </trkpt>
      <trkpt lat="23.070018" lon="113.26974">
        <time>2026-09-23T21:51:07Z</time>
      </trkpt>
      <trkpt lat="23.06991" lon="113.269672">
        <time>2026-09-23T21:51:12Z</time>
      </trkpt>
      <trkpt lat="23.069803" lon="113.269607">
        <time>2026-09-23T21:51:17Z</time>
      </trkpt>
      <trkpt lat="23.069702" lon="113.269541">
        <time>2026-09-23T21:51:22Z</time>
      </trkpt>
      <trkpt lat="23.069595" lon="113.269487">
        <time>2026-09-23T21:51:27Z</time>
      </trkpt>
      <trkpt lat="23.069496" lon="113.269431">
        <time>2026-09-23T21:51:32Z</time>
      </trkpt>
      <trkpt lat="23.069395" lon="113.269376">
        <time>2026-09-23T21:51:37Z</time>
      </trkpt>
      <trkpt lat="23.06928" lon="113.269298">
        <time>2026-09-23T21:51:42Z</time>
      </trkpt>
      <trkpt lat="23.069162" lon="113.269232">
        <time>2026-09-23T21:51:47Z</time>
      </trkpt>
      <trkpt lat="23.069057" lon="113.269181">
        <time>2026-09-23T21:51:52Z</time>
      </trkpt>
      <trkpt lat="23.068962" lon="113.269123">
        <time>2026-09-23T21:51:57Z</time>
      </trkpt>
      <trkpt lat="23.068853" lon="113.269074">
        <time>2026-09-23T21:52:02Z</time>
      </trkpt>
      <trkpt lat="23.068739" lon="113.269026">
        <time>2026-09-23T21:52:07Z</time>
      </trkpt>
      <trkpt lat="23.068626" lon="113.268991">
        <time>2026-09-23T21:52:12Z</time>
      </trkpt>
      <trkpt lat="23.068522" lon="113.268966">
        <time>2026-09-23T21:52:17Z</time>
      </trkpt>
      <trkpt lat="23.068427" lon="113.268943">
        <time>2026-09-23T21:52:22Z</time>
      </trkpt>
      <trkpt lat="23.068319" lon="113.268908">
        <time>2026-09-23T21:52:27Z</time>
      </trkpt>
      <trkpt lat="23.068209" lon="113.268859">
        <time>2026-09-23T21:52:32Z</time>
      </trkpt>
      <trkpt lat="23.068086" lon="113.268787">
        <time>2026-09-23T21:52:37Z</time>
      </trkpt>
      <trkpt lat="23.067962" lon="113.268695">
        <time>2026-09-23T21:52:42Z</time>
      </trkpt>
      <trkpt lat="23.06785" lon="113.268603">
        <time>2026-09-23T21:52:47Z</time>
      </trkpt>
      <trkpt lat="23.067735" lon="113.268528">
        <time>2026-09-23T21:52:52Z</time>
      </trkpt>
      <trkpt lat="23.067655" lon="113.268429">
        <time>2026-09-23T21:52:57Z</time>
      </trkpt>
      <trkpt lat="23.067577" lon="113.268329">
        <time>2026-09-23T21:53:02Z</time>
      </trkpt>
      <trkpt lat="23.067464" lon="113.26827">
        <time>2026-09-23T21:53:07Z</time>
      </trkpt>
      <trkpt lat="23.067337" lon="113.268249">
        <time>2026-09-23T21:53:12Z</time>
      </trkpt>
      <trkpt lat="23.067225" lon="113.268204">
        <time>2026-09-23T21:53:17Z</time>
      </trkpt>
      <trkpt lat="23.067115" lon="113.268151">
        <time>2026-09-23T21:53:22Z</time>
      </trkpt>
      <trkpt lat="23.067004" lon="113.268093">
        <time>2026-09-23T21:53:27Z</time>
      </trkpt>
      <trkpt lat="23.066896" lon="113.268029">
        <time>2026-09-23T21:53:32Z</time>
      </trkpt>
      <trkpt lat="23.066766" lon="113.268">
        <time>2026-09-23T21:53:37Z</time>
      </trkpt>
      <trkpt lat="23.066626" lon="113.267997">
        <time>2026-09-23T21:53:42Z</time>
      </trkpt>
      <trkpt lat="23.066509" lon="113.267958">
        <time>2026-09-23T21:53:47Z</time>
      </trkpt>
      <trkpt lat="23.066398" lon="113.267918">
        <time>2026-09-23T21:53:52Z</time>
      </trkpt>
      <trkpt lat="23.066285" lon="113.267937">
        <time>2026-09-23T21:53:57Z</time>
      </trkpt>
      <trkpt lat="23.066185" lon="113.268004">
        <time>2026-09-23T21:54:02Z</time>
      </trkpt>
      <trkpt lat="23.066103" lon="113.268103">
        <time>2026-09-23T21:54:07Z</time>
      </trkpt>
      <trkpt lat="23.066018" lon="113.268205">
        <time>2026-09-23T21:54:12Z</time>
      </trkpt>
      <trkpt lat="23.06594" lon="113.268308">
        <time>2026-09-23T21:54:17Z</time>
      </trkpt>
      <trkpt lat="23.065866" lon="113.26842">
        <time>2026-09-23T21:54:22Z</time>
      </trkpt>
      <trkpt lat="23.065805" lon="113.268533">
        <time>2026-09-23T21:54:27Z</time>
      </trkpt>
      <trkpt lat="23.06575" lon="113.268645">
        <time>2026-09-23T21:54:32Z</time>
      </trkpt>
      <trkpt lat="23.065696" lon="113.268763">
        <time>2026-09-23T21:54:37Z</time>
      </trkpt>
      <trkpt lat="23.065651" lon="113.268881">
        <time>2026-09-23T21:54:42Z</time>
      </trkpt>
      <trkpt lat="23.065615" lon="113.269005">
        <time>2026-09-23T21:54:47Z</time>
      </trkpt>
      <trkpt lat="23.065577" lon="113.269133">
        <time>2026-09-23T21:54:52Z</time>
      </trkpt>
      <trkpt lat="23.065545" lon="113.269264">
        <time>2026-09-23T21:54:57Z</time>
      </trkpt>
      <trkpt lat="23.065516" lon="113.269395">
        <time>2026-09-23T21:55:02Z</time>
      </trkpt>
      <trkpt lat="23.065487" lon="113.269524">
        <time>2026-09-23T21:55:07Z</time>
      </trkpt>
      <trkpt lat="23.065452" lon="113.269648">
        <time>2026-09-23T21:55:12Z</time>
      </trkpt>
      <trkpt lat="23.065418" lon="113.269776">
        <time>2026-09-23T21:55:17Z</time>
      </trkpt>
      <trkpt lat="23.065376" lon="113.269907">
        <time>2026-09-23T21:55:22Z</time>
      </trkpt>
      <trkpt lat="23.065329" lon="113.270046">
        <time>2026-09-23T21:55:27Z</time>
      </trkpt>
      <trkpt lat="23.065276" lon="113.270176">
        <time>2026-09-23T21:55:32Z</time>
      </trkpt>
      <trkpt lat="23.065217" lon="113.270298">
        <time>2026-09-23T21:55:37Z</time>
      </trkpt>
      <trkpt lat="23.065158" lon="113.27042">
        <time>2026-09-23T21:55:42Z</time>
      </trkpt>
      <trkpt lat="23.065106" lon="113.270542">
        <time>2026-09-23T21:55:47Z</time>
      </trkpt>
      <trkpt lat="23.065053" lon="113.270665">
        <time>2026-09-23T21:55:52Z</time>
      </trkpt>
      <trkpt lat="23.064993" lon="113.270787">
        <time>2026-09-23T21:55:57Z</time>
      </trkpt>
      <trkpt lat="23.064939" lon="113.270914">
        <time>2026-09-23T21:56:02Z</time>
      </trkpt>
      <trkpt lat="23.06488" lon="113.271032">
        <time>2026-09-23T21:56:07Z</time>
      </trkpt>
      <trkpt lat="23.064822" lon="113.271146">
        <time>2026-09-23T21:56:12Z</time>
      </trkpt>
      <trkpt lat="23.064768" lon="113.271262">
        <time>2026-09-23T21:56:17Z</time>
      </trkpt>
      <trkpt lat="23.064713" lon="113.271374">
        <time>2026-09-23T21:56:22Z</time>
      </trkpt>
      <trkpt lat="23.064657" lon="113.271498">
        <time>2026-09-23T21:56:27Z</time>
      </trkpt>
      <trkpt lat="23.064602" lon="113.271618">
        <time>2026-09-23T21:56:32Z</time>
      </trkpt>
      <trkpt lat="23.064545" lon="113.271736">
        <time>2026-09-23T21:56:37Z</time>
      </trkpt>
      <trkpt lat="23.064491" lon="113.271857">
        <time>2026-09-23T21:56:42Z</time>
      </trkpt>
      <trkpt lat="23.064439" lon="113.271976">
        <time>2026-09-23T21:56:47Z</time>
      </trkpt>
      <trkpt lat="23.064384" lon="113.272099">
        <time>2026-09-23T21:56:52Z</time>
      </trkpt>
      <trkpt lat="23.06435" lon="113.272235">
        <time>2026-09-23T21:56:57Z</time>
      </trkpt>
      <trkpt lat="23.064336" lon="113.272367">
        <time>2026-09-23T21:57:02Z</time>
      </trkpt>
      <trkpt lat="23.064326" lon="113.272499">
        <time>2026-09-23T21:57:07Z</time>
      </trkpt>
      <trkpt lat="23.064339" lon="113.272643">
        <time>2026-09-23T21:57:12Z</time>
      </trkpt>
      <trkpt lat="23.064386" lon="113.272792">
        <time>2026-09-23T21:57:17Z</time>
      </trkpt>
      <trkpt lat="23.064432" lon="113.272945">
        <time>2026-09-23T21:57:22Z</time>
      </trkpt>
      <trkpt lat="23.064466" lon="113.273093">
        <time>2026-09-23T21:57:27Z</time>
      </trkpt>
      <trkpt lat="23.064446" lon="113.27324">
        <time>2026-09-23T21:57:32Z</time>
      </trkpt>
      <trkpt lat="23.064343" lon="113.273361">
        <time>2026-09-23T21:57:37Z</time>
      </trkpt>
      <trkpt lat="23.064211" lon="113.27346">
        <time>2026-09-23T21:57:42Z</time>
      </trkpt>
      <trkpt lat="23.064086" lon="113.273554">
        <time>2026-09-23T21:57:47Z</time>
      </trkpt>
      <trkpt lat="23.063968" lon="113.273651">
        <time>2026-09-23T21:57:52Z</time>
      </trkpt>
      <trkpt lat="23.063873" lon="113.273775">
        <time>2026-09-23T21:57:57Z</time>
      </trkpt>
      <trkpt lat="23.063792" lon="113.273914">
        <time>2026-09-23T21:58:02Z</time>
      </trkpt>
      <trkpt lat="23.063708" lon="113.274052">
        <time>2026-09-23T21:58:07Z</time>
      </trkpt>
      <trkpt lat="23.063593" lon="113.27416">
        <time>2026-09-23T21:58:12Z</time>
      </trkpt>
      <trkpt lat="23.063502" lon="113.274291">
        <time>2026-09-23T21:58:17Z</time>
      </trkpt>
      <trkpt lat="23.063437" lon="113.274459">
        <time>2026-09-23T21:58:22Z</time>
      </trkpt>
      <trkpt lat="23.06338" lon="113.274629">
        <time>2026-09-23T21:58:27Z</time>
      </trkpt>
      <trkpt lat="23.063319" lon="113.274796">
        <time>2026-09-23T21:58:32Z</time>
      </trkpt>
      <trkpt lat="23.063265" lon="113.274961">
        <time>2026-09-23T21:58:37Z</time>
      </trkpt>
      <trkpt lat="23.063196" lon="113.275115">
        <time>2026-09-23T21:58:42Z</time>
      </trkpt>
      <trkpt lat="23.063109" lon="113.275254">
        <time>2026-09-23T21:58:47Z</time>
      </trkpt>
      <trkpt lat="23.063026" lon="113.275392">
        <time>2026-09-23T21:58:52Z</time>
      </trkpt>
      <trkpt lat="23.062935" lon="113.27553">
        <time>2026-09-23T21:58:57Z</time>
      </trkpt>
      <trkpt lat="23.062827" lon="113.275655">
        <time>2026-09-23T21:59:02Z</time>
      </trkpt>
      <trkpt lat="23.062713" lon="113.275768">
        <time>2026-09-23T21:59:07Z</time>
      </trkpt>
      <trkpt lat="23.062598" lon="113.275879">
        <time>2026-09-23T21:59:12Z</time>
      </trkpt>
      <trkpt lat="23.062509" lon="113.276007">
        <time>2026-09-23T21:59:17Z</time>
      </trkpt>
      <trkpt lat="23.062433" lon="113.276143">
        <time>2026-09-23T21:59:22Z</time>
      </trkpt>
      <trkpt lat="23.062366" lon="113.276286">
        <time>2026-09-23T21:59:27Z</time>
      </trkpt>
      <trkpt lat="23.062317" lon="113.276434">
        <time>2026-09-23T21:59:32Z</time>
      </trkpt>
      <trkpt lat="23.062263" lon="113.27659">
        <time>2026-09-23T21:59:37Z</time>
      </trkpt>
      <trkpt lat="23.062211" lon="113.276737">
        <time>2026-09-23T21:59:42Z</time>
      </trkpt>
      <trkpt lat="23.062167" lon="113.276878">
        <time>2026-09-23T21:59:47Z</time>
      </trkpt>
      <trkpt lat="23.062111" lon="113.277029">
        <time>2026-09-23T21:59:52Z</time>
      </trkpt>
      <trkpt lat="23.062043" lon="113.277194">
        <time>2026-09-23T21:59:57Z</time>
      </trkpt>
      <trkpt lat="23.061976" lon="113.277362">
        <time>2026-09-23T22:00:02Z</time>
      </trkpt>
      <trkpt lat="23.061913" lon="113.277521">
        <time>2026-09-23T22:00:07Z</time>
      </trkpt>
      <trkpt lat="23.061861" lon="113.27768">
        <time>2026-09-23T22:00:12Z</time>
      </trkpt>
      <trkpt lat="23.06183" lon="113.277846">
        <time>2026-09-23T22:00:17Z</time>
      </trkpt>
      <trkpt lat="23.061827" lon="113.278007">
        <time>2026-09-23T22:00:22Z</time>
      </trkpt>
      <trkpt lat="23.061838" lon="113.278164">
        <time>2026-09-23T22:00:27Z</time>
      </trkpt>
      <trkpt lat="23.061844" lon="113.278326">
        <time>2026-09-23T22:00:32Z</time>
      </trkpt>
      <trkpt lat="23.061855" lon="113.27849">
        <time>2026-09-23T22:00:37Z</time>
      </trkpt>
      <trkpt lat="23.061856" lon="113.278657">
        <time>2026-09-23T22:00:42Z</time>
      </trkpt>
      <trkpt lat="23.061817" lon="113.278825">
        <time>2026-09-23T22:00:47Z</time>
      </trkpt>
      <trkpt lat="23.061738" lon="113.278974">
        <time>2026-09-23T22:00:52Z</time>
      </trkpt>
      <trkpt lat="23.061656" lon="113.279116">
        <time>2026-09-23T22:00:57Z</time>
      </trkpt>
      <trkpt lat="23.061589" lon="113.279259">
        <time>2026-09-23T22:01:02Z</time>
      </trkpt>
      <trkpt lat="23.061523" lon="113.279409">
        <time>2026-09-23T22:01:07Z</time>
      </trkpt>
      <trkpt lat="23.061455" lon="113.279566">
        <time>2026-09-23T22:01:12Z</time>
      </trkpt>
      <trkpt lat="23.061384" lon="113.279732">
        <time>2026-09-23T22:01:17Z</time>
      </trkpt>
      <trkpt lat="23.061321" lon="113.279886">
        <time>2026-09-23T22:01:22Z</time>
      </trkpt>
      <trkpt lat="23.061258" lon="113.280043">
        <time>2026-09-23T22:01:27Z</time>
      </trkpt>
      <trkpt lat="23.061196" lon="113.280205">
        <time>2026-09-23T22:01:32Z</time>
      </trkpt>
      <trkpt lat="23.061128" lon="113.280365">
        <time>2026-09-23T22:01:37Z</time>
      </trkpt>
      <trkpt lat="23.061049" lon="113.280528">
        <time>2026-09-23T22:01:42Z</time>
      </trkpt>
      <trkpt lat="23.060975" lon="113.280691">
        <time>2026-09-23T22:01:47Z</time>
      </trkpt>
      <trkpt lat="23.060912" lon="113.280857">
        <time>2026-09-23T22:01:52Z</time>
      </trkpt>
      <trkpt lat="23.060849" lon="113.281015">
        <time>2026-09-23T22:01:57Z</time>
      </trkpt>
      <trkpt lat="23.060776" lon="113.281169">
        <time>2026-09-23T22:02:02Z</time>
      </trkpt>
      <trkpt lat="23.060701" lon="113.281318">
        <time>2026-09-23T22:02:07Z</time>
      </trkpt>
      <trkpt lat="23.060634" lon="113.281476">
        <time>2026-09-23T22:02:12Z</time>
      </trkpt>
      <trkpt lat="23.060566" lon="113.281642">
        <time>2026-09-23T22:02:17Z</time>
      </trkpt>
      <trkpt lat="23.060497" lon="113.281805">
        <time>2026-09-23T22:02:22Z</time>
      </trkpt>
      <trkpt lat="23.060429" lon="113.281973">
        <time>2026-09-23T22:02:27Z</time>
      </trkpt>
      <trkpt lat="23.060363" lon="113.282143">
        <time>2026-09-23T22:02:32Z</time>
      </trkpt>
      <trkpt lat="23.060299" lon="113.282304">
        <time>2026-09-23T22:02:37Z</time>
      </trkpt>
      <trkpt lat="23.060232" lon="113.282455">
        <time>2026-09-23T22:02:42Z</time>
      </trkpt>
      <trkpt lat="23.060161" lon="113.282609">
        <time>2026-09-23T22:02:47Z</time>
      </trkpt>
      <trkpt lat="23.060094" lon="113.282765">
        <time>2026-09-23T22:02:52Z</time>
      </trkpt>
      <trkpt lat="23.060025" lon="113.282926">
        <time>2026-09-23T22:02:57Z</time>
      </trkpt>
      <trkpt lat="23.059952" lon="113.283086">
        <time>2026-09-23T22:03:02Z</time>
      </trkpt>
      <trkpt lat="23.059883" lon="113.283246">
        <time>2026-09-23T22:03:07Z</time>
      </trkpt>
      <trkpt lat="23.05987" lon="113.28337">
        <time>2026-09-23T22:03:12Z</time>
      </trkpt>
      <trkpt lat="23.05997" lon="113.283286">
        <time>2026-09-23T22:03:17Z</time>
      </trkpt>
      <trkpt lat="23.060059" lon="113.283134">
        <time>2026-09-23T22:03:22Z</time>
      </trkpt>
      <trkpt lat="23.060129" lon="113.282971">
        <time>2026-09-23T22:03:27Z</time>
      </trkpt>
      <trkpt lat="23.060195" lon="113.282814">
        <time>2026-09-23T22:03:32Z</time>
      </trkpt>
      <trkpt lat="23.060274" lon="113.282651">
        <time>2026-09-23T22:03:37Z</time>
      </trkpt>
      <trkpt lat="23.060352" lon="113.282487">
        <time>2026-09-23T22:03:42Z</time>
      </trkpt>
      <trkpt lat="23.060424" lon="113.282318">
        <time>2026-09-23T22:03:47Z</time>
      </trkpt>
      <trkpt lat="23.060487" lon="113.282149">
        <time>2026-09-23T22:03:52Z</time>
      </trkpt>
      <trkpt lat="23.060551" lon="113.281978">
        <time>2026-09-23T22:03:57Z</time>
      </trkpt>
      <trkpt lat="23.060622" lon="113.281812">
        <time>2026-09-23T22:04:02Z</time>
      </trkpt>
      <trkpt lat="23.060684" lon="113.281657">
        <time>2026-09-23T22:04:07Z</time>
      </trkpt>
      <trkpt lat="23.060753" lon="113.281482">
        <time>2026-09-23T22:04:12Z</time>
      </trkpt>
      <trkpt lat="23.060833" lon="113.281308">
        <time>2026-09-23T22:04:17Z</time>
      </trkpt>
      <trkpt lat="23.0609" lon="113.281152">
        <time>2026-09-23T22:04:22Z</time>
      </trkpt>
      <trkpt lat="23.06096" lon="113.281006">
        <time>2026-09-23T22:04:27Z</time>
      </trkpt>
      <trkpt lat="23.061017" lon="113.280853">
        <time>2026-09-23T22:04:32Z</time>
      </trkpt>
      <trkpt lat="23.061086" lon="113.280686">
        <time>2026-09-23T22:04:37Z</time>
      </trkpt>
      <trkpt lat="23.061162" lon="113.280516">
        <time>2026-09-23T22:04:42Z</time>
      </trkpt>
      <trkpt lat="23.061236" lon="113.280353">
        <time>2026-09-23T22:04:47Z</time>
      </trkpt>
      <trkpt lat="23.06131" lon="113.280197">
        <time>2026-09-23T22:04:52Z</time>
      </trkpt>
      <trkpt lat="23.06138" lon="113.280044">
        <time>2026-09-23T22:04:57Z</time>
      </trkpt>
      <trkpt lat="23.061448" lon="113.279889">
        <time>2026-09-23T22:05:02Z</time>
      </trkpt>
      <trkpt lat="23.061517" lon="113.279737">
        <time>2026-09-23T22:05:07Z</time>
      </trkpt>
      <trkpt lat="23.061586" lon="113.279574">
        <time>2026-09-23T22:05:12Z</time>
      </trkpt>
      <trkpt lat="23.061649" lon="113.279412">
        <time>2026-09-23T22:05:17Z</time>
      </trkpt>
      <trkpt lat="23.061713" lon="113.279241">
        <time>2026-09-23T22:05:22Z</time>
      </trkpt>
      <trkpt lat="23.06179" lon="113.279081">
        <time>2026-09-23T22:05:27Z</time>
      </trkpt>
      <trkpt lat="23.061882" lon="113.278934">
        <time>2026-09-23T22:05:32Z</time>
      </trkpt>
      <trkpt lat="23.06197" lon="113.278775">
        <time>2026-09-23T22:05:37Z</time>
      </trkpt>
      <trkpt lat="23.062" lon="113.278606">
        <time>2026-09-23T22:05:42Z</time>
      </trkpt>
      <trkpt lat="23.061986" lon="113.27843">
        <time>2026-09-23T22:05:47Z</time>
      </trkpt>
      <trkpt lat="23.061971" lon="113.278244">
        <time>2026-09-23T22:05:52Z</time>
      </trkpt>
      <trkpt lat="23.061956" lon="113.27806">
        <time>2026-09-23T22:05:57Z</time>
      </trkpt>
      <trkpt lat="23.061944" lon="113.277876">
        <time>2026-09-23T22:06:02Z</time>
      </trkpt>
      <trkpt lat="23.06196" lon="113.277698">
        <time>2026-09-23T22:06:07Z</time>
      </trkpt>
      <trkpt lat="23.062015" lon="113.277529">
        <time>2026-09-23T22:06:12Z</time>
      </trkpt>
      <trkpt lat="23.06208" lon="113.277363">
        <time>2026-09-23T22:06:17Z</time>
      </trkpt>
      <trkpt lat="23.06214" lon="113.2772">
        <time>2026-09-23T22:06:22Z</time>
      </trkpt>
      <trkpt lat="23.062197" lon="113.277032">
        <time>2026-09-23T22:06:27Z</time>
      </trkpt>
      <trkpt lat="23.062258" lon="113.276867">
        <time>2026-09-23T22:06:32Z</time>
      </trkpt>
      <trkpt lat="23.062316" lon="113.276709">
        <time>2026-09-23T22:06:37Z</time>
      </trkpt>
      <trkpt lat="23.062379" lon="113.276553">
        <time>2026-09-23T22:06:42Z</time>
      </trkpt>
      <trkpt lat="23.062438" lon="113.27639">
        <time>2026-09-23T22:06:47Z</time>
      </trkpt>
      <trkpt lat="23.062502" lon="113.276229">
        <time>2026-09-23T22:06:52Z</time>
      </trkpt>
      <trkpt lat="23.06258" lon="113.276076">
        <time>2026-09-23T22:06:57Z</time>
      </trkpt>
      <trkpt lat="23.062673" lon="113.275928">
        <time>2026-09-23T22:07:02Z</time>
      </trkpt>
      <trkpt lat="23.06278" lon="113.275797">
        <time>2026-09-23T22:07:07Z</time>
      </trkpt>
      <trkpt lat="23.062902" lon="113.275684">
        <time>2026-09-23T22:07:12Z</time>
      </trkpt>
      <trkpt lat="23.06302" lon="113.275564">
        <time>2026-09-23T22:07:17Z</time>
      </trkpt>
      <trkpt lat="23.063114" lon="113.275428">
        <time>2026-09-23T22:07:22Z</time>
      </trkpt>
      <trkpt lat="23.063202" lon="113.275281">
        <time>2026-09-23T22:07:27Z</time>
      </trkpt>
      <trkpt lat="23.063297" lon="113.275125">
        <time>2026-09-23T22:07:32Z</time>
      </trkpt>
      <trkpt lat="23.063373" lon="113.274964">
        <time>2026-09-23T22:07:37Z</time>
      </trkpt>
      <trkpt lat="23.063422" lon="113.274804">
        <time>2026-09-23T22:07:42Z</time>
      </trkpt>
      <trkpt lat="23.063472" lon="113.274648">
        <time>2026-09-23T22:07:47Z</time>
      </trkpt>
      <trkpt lat="23.063527" lon="113.274475">
        <time>2026-09-23T22:07:52Z</time>
      </trkpt>
      <trkpt lat="23.063602" lon="113.27432">
        <time>2026-09-23T22:07:57Z</time>
      </trkpt>
      <trkpt lat="23.063696" lon="113.27419">
        <time>2026-09-23T22:08:02Z</time>
      </trkpt>
      <trkpt lat="23.063806" lon="113.274085">
        <time>2026-09-23T22:08:07Z</time>
      </trkpt>
      <trkpt lat="23.063905" lon="113.273935">
        <time>2026-09-23T22:08:12Z</time>
      </trkpt>
      <trkpt lat="23.064002" lon="113.273773">
        <time>2026-09-23T22:08:17Z</time>
      </trkpt>
      <trkpt lat="23.064124" lon="113.273636">
        <time>2026-09-23T22:08:22Z</time>
      </trkpt>
      <trkpt lat="23.064264" lon="113.273532">
        <time>2026-09-23T22:08:27Z</time>
      </trkpt>
      <trkpt lat="23.064403" lon="113.273427">
        <time>2026-09-23T22:08:32Z</time>
      </trkpt>
      <trkpt lat="23.064524" lon="113.273315">
        <time>2026-09-23T22:08:37Z</time>
      </trkpt>
      <trkpt lat="23.064589" lon="113.273165">
        <time>2026-09-23T22:08:42Z</time>
      </trkpt>
      <trkpt lat="23.064564" lon="113.272989">
        <time>2026-09-23T22:08:47Z</time>
      </trkpt>
      <trkpt lat="23.064493" lon="113.27282">
        <time>2026-09-23T22:08:52Z</time>
      </trkpt>
      <trkpt lat="23.064436" lon="113.272655">
        <time>2026-09-23T22:08:57Z</time>
      </trkpt>
      <trkpt lat="23.064454" lon="113.272485">
        <time>2026-09-23T22:09:02Z</time>
      </trkpt>
      <trkpt lat="23.064523" lon="113.272317">
        <time>2026-09-23T22:09:07Z</time>
      </trkpt>
      <trkpt lat="23.06458" lon="113.272154">
        <time>2026-09-23T22:09:12Z</time>
      </trkpt>
      <trkpt lat="23.06465" lon="113.272005">
        <time>2026-09-23T22:09:17Z</time>
      </trkpt>
      <trkpt lat="23.064721" lon="113.271861">
        <time>2026-09-23T22:09:22Z</time>
      </trkpt>
      <trkpt lat="23.064798" lon="113.27171">
        <time>2026-09-23T22:09:27Z</time>
      </trkpt>
      <trkpt lat="23.064872" lon="113.271558">
        <time>2026-09-23T22:09:32Z</time>
      </trkpt>
      <trkpt lat="23.064945" lon="113.271421">
        <time>2026-09-23T22:09:37Z</time>
      </trkpt>
      <trkpt lat="23.065032" lon="113.271279">
        <time>2026-09-23T22:09:42Z</time>
      </trkpt>
      <trkpt lat="23.065121" lon="113.271124">
        <time>2026-09-23T22:09:47Z</time>
      </trkpt>
      <trkpt lat="23.065192" lon="113.270966">
        <time>2026-09-23T22:09:52Z</time>
      </trkpt>
      <trkpt lat="23.065237" lon="113.270807">
        <time>2026-09-23T22:09:57Z</time>
      </trkpt>
      <trkpt lat="23.065293" lon="113.270653">
        <time>2026-09-23T22:10:02Z</time>
      </trkpt>
      <trkpt lat="23.065358" lon="113.270508">
        <time>2026-09-23T22:10:07Z</time>
      </trkpt>
      <trkpt lat="23.065426" lon="113.270366">
        <time>2026-09-23T22:10:12Z</time>
      </trkpt>
      <trkpt lat="23.065495" lon="113.270215">
        <time>2026-09-23T22:10:17Z</time>
      </trkpt>
      <trkpt lat="23.065554" lon="113.27006">
        <time>2026-09-23T22:10:22Z</time>
      </trkpt>
      <trkpt lat="23.0656" lon="113.269905">
        <time>2026-09-23T22:10:27Z</time>
      </trkpt>
      <trkpt lat="23.065643" lon="113.269749">
        <time>2026-09-23T22:10:32Z</time>
      </trkpt>
      <trkpt lat="23.065688" lon="113.269586">
        <time>2026-09-23T22:10:37Z</time>
      </trkpt>
      <trkpt lat="23.065725" lon="113.269431">
        <time>2026-09-23T22:10:42Z</time>
      </trkpt>
      <trkpt lat="23.065774" lon="113.269268">
        <time>2026-09-23T22:10:47Z</time>
      </trkpt>
      <trkpt lat="23.065826" lon="113.269096">
        <time>2026-09-23T22:10:52Z</time>
      </trkpt>
      <trkpt lat="23.065887" lon="113.26894">
        <time>2026-09-23T22:10:57Z</time>
      </trkpt>
      <trkpt lat="23.065953" lon="113.268796">
        <time>2026-09-23T22:11:02Z</time>
      </trkpt>
      <trkpt lat="23.06603" lon="113.268654">
        <time>2026-09-23T22:11:07Z</time>
      </trkpt>
      <trkpt lat="23.066126" lon="113.268504">
        <time>2026-09-23T22:11:12Z</time>
      </trkpt>
      <trkpt lat="23.06623" lon="113.268354">
        <time>2026-09-23T22:11:17Z</time>
      </trkpt>
      <trkpt lat="23.066342" lon="113.268218">
        <time>2026-09-23T22:11:22Z</time>
      </trkpt>
      <trkpt lat="23.066468" lon="113.26812">
        <time>2026-09-23T22:11:27Z</time>
      </trkpt>
      <trkpt lat="23.066612" lon="113.268109">
        <time>2026-09-23T22:11:32Z</time>
      </trkpt>
      <trkpt lat="23.06669" lon="113.268046">
        <time>2026-09-23T22:11:37Z</time>
      </trkpt>
      <trkpt lat="23.066559" lon="113.267954">
        <time>2026-09-23T22:11:42Z</time>
      </trkpt>
      <trkpt lat="23.066381" lon="113.267931">
        <time>2026-09-23T22:11:47Z</time>
      </trkpt>
      <trkpt lat="23.066232" lon="113.267979">
        <time>2026-09-23T22:11:52Z</time>
      </trkpt>
      <trkpt lat="23.066121" lon="113.268102">
        <time>2026-09-23T22:11:57Z</time>
      </trkpt>
      <trkpt lat="23.066021" lon="113.268235">
        <time>2026-09-23T22:12:02Z</time>
      </trkpt>
      <trkpt lat="23.065926" lon="113.268371">
        <time>2026-09-23T22:12:07Z</time>
      </trkpt>
      <trkpt lat="23.065832" lon="113.268511">
        <time>2026-09-23T22:12:12Z</time>
      </trkpt>
      <trkpt lat="23.065754" lon="113.268667">
        <time>2026-09-23T22:12:17Z</time>
      </trkpt>
      <trkpt lat="23.065684" lon="113.268827">
        <time>2026-09-23T22:12:22Z</time>
      </trkpt>
      <trkpt lat="23.065625" lon="113.268989">
        <time>2026-09-23T22:12:27Z</time>
      </trkpt>
      <trkpt lat="23.06558" lon="113.269155">
        <time>2026-09-23T22:12:32Z</time>
      </trkpt>
      <trkpt lat="23.065534" lon="113.26933">
        <time>2026-09-23T22:12:37Z</time>
      </trkpt>
      <trkpt lat="23.065488" lon="113.269496">
        <time>2026-09-23T22:12:42Z</time>
      </trkpt>
      <trkpt lat="23.06545" lon="113.269657">
        <time>2026-09-23T22:12:47Z</time>
      </trkpt>
      <trkpt lat="23.065407" lon="113.269818">
        <time>2026-09-23T22:12:52Z</time>
      </trkpt>
      <trkpt lat="23.065357" lon="113.269981">
        <time>2026-09-23T22:12:57Z</time>
      </trkpt>
      <trkpt lat="23.065294" lon="113.270139">
        <time>2026-09-23T22:13:02Z</time>
      </trkpt>
      <trkpt lat="23.065231" lon="113.270289">
        <time>2026-09-23T22:13:07Z</time>
      </trkpt>
      <trkpt lat="23.065161" lon="113.270435">
        <time>2026-09-23T22:13:12Z</time>
      </trkpt>
      <trkpt lat="23.065089" lon="113.270587">
        <time>2026-09-23T22:13:17Z</time>
      </trkpt>
      <trkpt lat="23.065015" lon="113.270737">
        <time>2026-09-23T22:13:22Z</time>
      </trkpt>
      <trkpt lat="23.064948" lon="113.270884">
        <time>2026-09-23T22:13:27Z</time>
      </trkpt>
      <trkpt lat="23.064879" lon="113.271035">
        <time>2026-09-23T22:13:32Z</time>
      </trkpt>
      <trkpt lat="23.064804" lon="113.271186">
        <time>2026-09-23T22:13:37Z</time>
      </trkpt>
      <trkpt lat="23.064738" lon="113.271332">
        <time>2026-09-23T22:13:42Z</time>
      </trkpt>
      <trkpt lat="23.064674" lon="113.271482">
        <time>2026-09-23T22:13:47Z</time>
      </trkpt>
      <trkpt lat="23.064605" lon="113.271636">
        <time>2026-09-23T22:13:52Z</time>
      </trkpt>
      <trkpt lat="23.064527" lon="113.271797">
        <time>2026-09-23T22:13:57Z</time>
      </trkpt>
      <trkpt lat="23.064452" lon="113.271958">
        <time>2026-09-23T22:14:02Z</time>
      </trkpt>
      <trkpt lat="23.064385" lon="113.272114">
        <time>2026-09-23T22:14:07Z</time>
      </trkpt>
      <trkpt lat="23.064339" lon="113.272285">
        <time>2026-09-23T22:14:12Z</time>
      </trkpt>
      <trkpt lat="23.064329" lon="113.272462">
        <time>2026-09-23T22:14:17Z</time>
      </trkpt>
      <trkpt lat="23.064334" lon="113.272633">
        <time>2026-09-23T22:14:22Z</time>
      </trkpt>
      <trkpt lat="23.064375" lon="113.2728">
        <time>2026-09-23T22:14:27Z</time>
      </trkpt>
      <trkpt lat="23.06443" lon="113.272965">
        <time>2026-09-23T22:14:32Z</time>
      </trkpt>
      <trkpt lat="23.064469" lon="113.273128">
        <time>2026-09-23T22:14:37Z</time>
      </trkpt>
      <trkpt lat="23.064436" lon="113.273279">
        <time>2026-09-23T22:14:42Z</time>
      </trkpt>
      <trkpt lat="23.064318" lon="113.273386">
        <time>2026-09-23T22:14:47Z</time>
      </trkpt>
      <trkpt lat="23.064176" lon="113.273487">
        <time>2026-09-23T22:14:52Z</time>
      </trkpt>
      <trkpt lat="23.064042" lon="113.273589">
        <time>2026-09-23T22:14:57Z</time>
      </trkpt>
      <trkpt lat="23.063927" lon="113.273706">
        <time>2026-09-23T22:15:02Z</time>
      </trkpt>
      <trkpt lat="23.06384" lon="113.273842">
        <time>2026-09-23T22:15:07Z</time>
      </trkpt>
      <trkpt lat="23.063759" lon="113.273979">
        <time>2026-09-23T22:15:12Z</time>
      </trkpt>
      <trkpt lat="23.063651" lon="113.274092">
        <time>2026-09-23T22:15:17Z</time>
      </trkpt>
      <trkpt lat="23.063539" lon="113.274199">
        <time>2026-09-23T22:15:22Z</time>
      </trkpt>
      <trkpt lat="23.063473" lon="113.274353">
        <time>2026-09-23T22:15:27Z</time>
      </trkpt>
      <trkpt lat="23.063424" lon="113.274528">
        <time>2026-09-23T22:15:32Z</time>
      </trkpt>
      <trkpt lat="23.063355" lon="113.274702">
        <time>2026-09-23T22:15:37Z</time>
      </trkpt>
      <trkpt lat="23.063288" lon="113.274872">
        <time>2026-09-23T22:15:42Z</time>
      </trkpt>
      <trkpt lat="23.063233" lon="113.275032">
        <time>2026-09-23T22:15:47Z</time>
      </trkpt>
      <trkpt lat="23.063154" lon="113.275179">
        <time>2026-09-23T22:15:52Z</time>
      </trkpt>
      <trkpt lat="23.063073" lon="113.275322">
        <time>2026-09-23T22:15:57Z</time>
      </trkpt>
      <trkpt lat="23.062983" lon="113.275462">
        <time>2026-09-23T22:16:02Z</time>
      </trkpt>
      <trkpt lat="23.062875" lon="113.275594">
        <time>2026-09-23T22:16:07Z</time>
      </trkpt>
      <trkpt lat="23.062757" lon="113.275714">
        <time>2026-09-23T22:16:12Z</time>
      </trkpt>
      <trkpt lat="23.062645" lon="113.275834">
        <time>2026-09-23T22:16:17Z</time>
      </trkpt>
      <trkpt lat="23.062546" lon="113.275963">
        <time>2026-09-23T22:16:22Z</time>
      </trkpt>
      <trkpt lat="23.062467" lon="113.276108">
        <time>2026-09-23T22:16:27Z</time>
      </trkpt>
      <trkpt lat="23.062403" lon="113.276261">
        <time>2026-09-23T22:16:32Z</time>
      </trkpt>
      <trkpt lat="23.062348" lon="113.276416">
        <time>2026-09-23T22:16:37Z</time>
      </trkpt>
      <trkpt lat="23.062288" lon="113.27657">
        <time>2026-09-23T22:16:42Z</time>
      </trkpt>
      <trkpt lat="23.062236" lon="113.27672">
        <time>2026-09-23T22:16:47Z</time>
      </trkpt>
      <trkpt lat="23.062182" lon="113.276876">
        <time>2026-09-23T22:16:52Z</time>
      </trkpt>
      <trkpt lat="23.062124" lon="113.277033">
        <time>2026-09-23T22:16:57Z</time>
      </trkpt>
      <trkpt lat="23.062063" lon="113.277197">
        <time>2026-09-23T22:17:02Z</time>
      </trkpt>
      <trkpt lat="23.062001" lon="113.277369">
        <time>2026-09-23T22:17:07Z</time>
      </trkpt>
      <trkpt lat="23.061939" lon="113.277537">
        <time>2026-09-23T22:17:12Z</time>
      </trkpt>
      <trkpt lat="23.061882" lon="113.277703">
        <time>2026-09-23T22:17:17Z</time>
      </trkpt>
      <trkpt lat="23.06185" lon="113.27787">
        <time>2026-09-23T22:17:22Z</time>
      </trkpt>
      <trkpt lat="23.061847" lon="113.278036">
        <time>2026-09-23T22:17:27Z</time>
      </trkpt>
      <trkpt lat="23.061853" lon="113.278196">
        <time>2026-09-23T22:17:32Z</time>
      </trkpt>
      <trkpt lat="23.061859" lon="113.278354">
        <time>2026-09-23T22:17:37Z</time>
      </trkpt>
      <trkpt lat="23.061865" lon="113.278518">
        <time>2026-09-23T22:17:42Z</time>
      </trkpt>
      <trkpt lat="23.061864" lon="113.278684">
        <time>2026-09-23T22:17:47Z</time>
      </trkpt>
      <trkpt lat="23.061812" lon="113.278841">
        <time>2026-09-23T22:17:52Z</time>
      </trkpt>
      <trkpt lat="23.061728" lon="113.27898">
        <time>2026-09-23T22:17:57Z</time>
      </trkpt>
      <trkpt lat="23.061646" lon="113.279116">
        <time>2026-09-23T22:18:02Z</time>
      </trkpt>
      <trkpt lat="23.061575" lon="113.279262">
        <time>2026-09-23T22:18:07Z</time>
      </trkpt>
      <trkpt lat="23.06151" lon="113.279414">
        <time>2026-09-23T22:18:12Z</time>
      </trkpt>
      <trkpt lat="23.061457" lon="113.279563">
        <time>2026-09-23T22:18:17Z</time>
      </trkpt>
      <trkpt lat="23.061395" lon="113.279712">
        <time>2026-09-23T22:18:22Z</time>
      </trkpt>
      <trkpt lat="23.061331" lon="113.279864">
        <time>2026-09-23T22:18:27Z</time>
      </trkpt>
      <trkpt lat="23.061266" lon="113.280019">
        <time>2026-09-23T22:18:32Z</time>
      </trkpt>
      <trkpt lat="23.061202" lon="113.280177">
        <time>2026-09-23T22:18:37Z</time>
      </trkpt>
      <trkpt lat="23.061137" lon="113.280337">
        <time>2026-09-23T22:18:42Z</time>
      </trkpt>
      <trkpt lat="23.061067" lon="113.280498">
        <time>2026-09-23T22:18:47Z</time>
      </trkpt>
      <trkpt lat="23.060996" lon="113.280653">
        <time>2026-09-23T22:18:52Z</time>
      </trkpt>
      <trkpt lat="23.060901" lon="113.280791">
        <time>2026-09-23T22:18:57Z</time>
      </trkpt>
      <trkpt lat="23.060832" lon="113.280942">
        <time>2026-09-23T22:19:02Z</time>
      </trkpt>
      <trkpt lat="23.060767" lon="113.281095">
        <time>2026-09-23T22:19:07Z</time>
      </trkpt>
      <trkpt lat="23.060705" lon="113.281242">
        <time>2026-09-23T22:19:12Z</time>
      </trkpt>
      <trkpt lat="23.060644" lon="113.281385">
        <time>2026-09-23T22:19:17Z</time>
      </trkpt>
      <trkpt lat="23.060579" lon="113.281531">
        <time>2026-09-23T22:19:22Z</time>
      </trkpt>
      <trkpt lat="23.060519" lon="113.281676">
        <time>2026-09-23T22:19:27Z</time>
      </trkpt>
      <trkpt lat="23.060454" lon="113.281829">
        <time>2026-09-23T22:19:32Z</time>
      </trkpt>
      <trkpt lat="23.060378" lon="113.281991">
        <time>2026-09-23T22:19:37Z</time>
      </trkpt>
      <trkpt lat="23.060312" lon="113.282142">
        <time>2026-09-23T22:19:42Z</time>
      </trkpt>
      <trkpt lat="23.060251" lon="113.282291">
        <time>2026-09-23T22:19:47Z</time>
      </trkpt>
      <trkpt lat="23.060188" lon="113.282437">
        <time>2026-09-23T22:19:52Z</time>
      </trkpt>
      <trkpt lat="23.060118" lon="113.28259">
        <time>2026-09-23T22:19:57Z</time>
      </trkpt>
      <trkpt lat="23.060055" lon="113.282742">
        <time>2026-09-23T22:20:02Z</time>
      </trkpt>
      <trkpt lat="23.059997" lon="113.282895">
        <time>2026-09-23T22:20:07Z</time>
      </trkpt>
      <trkpt lat="23.059936" lon="113.283049">
        <time>2026-09-23T22:20:12Z</time>
      </trkpt>
      <trkpt lat="23.059866" lon="113.283201">
        <time>2026-09-23T22:20:17Z</time>
      </trkpt>
      <trkpt lat="23.059791" lon="113.283354">
        <time>2026-09-23T22:20:22Z</time>
      </trkpt>
      <trkpt lat="23.059719" lon="113.283512">
        <time>2026-09-23T22:20:27Z</time>
      </trkpt>
      <trkpt lat="23.059641" lon="113.283671">
        <time>2026-09-23T22:20:32Z</time>
      </trkpt>
      <trkpt lat="23.059581" lon="113.283831">
        <time>2026-09-23T22:20:37Z</time>
      </trkpt>
      <trkpt lat="23.059517" lon="113.283986">
        <time>2026-09-23T22:20:42Z</time>
      </trkpt>
      <trkpt lat="23.05946" lon="113.28414">
        <time>2026-09-23T22:20:47Z</time>
      </trkpt>
      <trkpt lat="23.059404" lon="113.284298">
        <time>2026-09-23T22:20:52Z</time>
      </trkpt>
      <trkpt lat="23.059354" lon="113.284451">
        <time>2026-09-23T22:20:57Z</time>
      </trkpt>
      <trkpt lat="23.059303" lon="113.284593">
        <time>2026-09-23T22:21:02Z</time>
      </trkpt>
      <trkpt lat="23.059248" lon="113.284734">
        <time>2026-09-23T22:21:07Z</time>
      </trkpt>
      <trkpt lat="23.059193" lon="113.284873">
        <time>2026-09-23T22:21:12Z</time>
      </trkpt>
      <trkpt lat="23.059134" lon="113.285013">
        <time>2026-09-23T22:21:17Z</time>
      </trkpt>
      <trkpt lat="23.059075" lon="113.285151">
        <time>2026-09-23T22:21:22Z</time>
      </trkpt>
      <trkpt lat="23.059008" lon="113.285301">
        <time>2026-09-23T22:21:27Z</time>
      </trkpt>
      <trkpt lat="23.05894" lon="113.285447">
        <time>2026-09-23T22:21:32Z</time>
      </trkpt>
      <trkpt lat="23.058875" lon="113.285592">
        <time>2026-09-23T22:21:37Z</time>
      </trkpt>
      <trkpt lat="23.058808" lon="113.285746">
        <time>2026-09-23T22:21:42Z</time>
      </trkpt>
      <trkpt lat="23.058743" lon="113.285896">
        <time>2026-09-23T22:21:47Z</time>
      </trkpt>
      <trkpt lat="23.058687" lon="113.286043">
        <time>2026-09-23T22:21:52Z</time>
      </trkpt>
      <trkpt lat="23.058743" lon="113.286106">
        <time>2026-09-23T22:21:57Z</time>
      </trkpt>
      <trkpt lat="23.058831" lon="113.285974">
        <time>2026-09-23T22:22:02Z</time>
      </trkpt>
      <trkpt lat="23.058895" lon="113.285816">
        <time>2026-09-23T22:22:07Z</time>
      </trkpt>
      <trkpt lat="23.058961" lon="113.285661">
        <time>2026-09-23T22:22:12Z</time>
      </trkpt>
      <trkpt lat="23.059019" lon="113.285503">
        <time>2026-09-23T22:22:17Z</time>
      </trkpt>
      <trkpt lat="23.059085" lon="113.285346">
        <time>2026-09-23T22:22:22Z</time>
      </trkpt>
      <trkpt lat="23.059155" lon="113.285194">
        <time>2026-09-23T22:22:27Z</time>
      </trkpt>
      <trkpt lat="23.059223" lon="113.285045">
        <time>2026-09-23T22:22:32Z</time>
      </trkpt>
      <trkpt lat="23.059292" lon="113.284904">
        <time>2026-09-23T22:22:37Z</time>
      </trkpt>
      <trkpt lat="23.059362" lon="113.284762">
        <time>2026-09-23T22:22:42Z</time>
      </trkpt>
      <trkpt lat="23.059421" lon="113.284613">
        <time>2026-09-23T22:22:47Z</time>
      </trkpt>
      <trkpt lat="23.059485" lon="113.28446">
        <time>2026-09-23T22:22:52Z</time>
      </trkpt>
      <trkpt lat="23.059553" lon="113.284312">
        <time>2026-09-23T22:22:57Z</time>
      </trkpt>
      <trkpt lat="23.059619" lon="113.284167">
        <time>2026-09-23T22:23:02Z</time>
      </trkpt>
      <trkpt lat="23.059681" lon="113.284016">
        <time>2026-09-23T22:23:07Z</time>
      </trkpt>
      <trkpt lat="23.059747" lon="113.283862">
        <time>2026-09-23T22:23:12Z</time>
      </trkpt>
      <trkpt lat="23.059815" lon="113.283703">
        <time>2026-09-23T22:23:17Z</time>
      </trkpt>
      <trkpt lat="23.059886" lon="113.283558">
        <time>2026-09-23T22:23:22Z</time>
      </trkpt>
      <trkpt lat="23.059948" lon="113.283414">
        <time>2026-09-23T22:23:27Z</time>
      </trkpt>
      <trkpt lat="23.06" lon="113.283278">
        <time>2026-09-23T22:23:32Z</time>
      </trkpt>
      <trkpt lat="23.060059" lon="113.283149">
        <time>2026-09-23T22:23:37Z</time>
      </trkpt>
      <trkpt lat="23.060124" lon="113.283026">
        <time>2026-09-23T22:23:42Z</time>
      </trkpt>
      <trkpt lat="23.06019" lon="113.282894">
        <time>2026-09-23T22:23:47Z</time>
      </trkpt>
      <trkpt lat="23.060262" lon="113.282748">
        <time>2026-09-23T22:23:52Z</time>
      </trkpt>
      <trkpt lat="23.06031" lon="113.282594">
        <time>2026-09-23T22:23:57Z</time>
      </trkpt>
      <trkpt lat="23.060362" lon="113.282436">
        <time>2026-09-23T22:24:02Z</time>
      </trkpt>
      <trkpt lat="23.060424" lon="113.282277">
        <time>2026-09-23T22:24:07Z</time>
      </trkpt>
      <trkpt lat="23.06048" lon="113.282129">
        <time>2026-09-23T22:24:12Z</time>
      </trkpt>
      <trkpt lat="23.060538" lon="113.281989">
        <time>2026-09-23T22:24:17Z</time>
      </trkpt>
      <trkpt lat="23.060597" lon="113.281843">
        <time>2026-09-23T22:24:22Z</time>
      </trkpt>
      <trkpt lat="23.060652" lon="113.281692">
        <time>2026-09-23T22:24:27Z</time>
      </trkpt>
      <trkpt lat="23.060705" lon="113.281545">
        <time>2026-09-23T22:24:32Z</time>
      </trkpt>
      <trkpt lat="23.060773" lon="113.281393">
        <time>2026-09-23T22:24:37Z</time>
      </trkpt>
      <trkpt lat="23.060852" lon="113.281232">
        <time>2026-09-23T22:24:42Z</time>
      </trkpt>
      <trkpt lat="23.060919" lon="113.281086">
        <time>2026-09-23T22:24:47Z</time>
      </trkpt>
      <trkpt lat="23.060983" lon="113.280938">
        <time>2026-09-23T22:24:52Z</time>
      </trkpt>
      <trkpt lat="23.061048" lon="113.280787">
        <time>2026-09-23T22:24:57Z</time>
      </trkpt>
      <trkpt lat="23.061121" lon="113.280633">
        <time>2026-09-23T22:25:02Z</time>
      </trkpt>
      <trkpt lat="23.061186" lon="113.280492">
        <time>2026-09-23T22:25:07Z</time>
      </trkpt>
      <trkpt lat="23.061248" lon="113.280341">
        <time>2026-09-23T22:25:12Z</time>
      </trkpt>
      <trkpt lat="23.061315" lon="113.280191">
        <time>2026-09-23T22:25:17Z</time>
      </trkpt>
      <trkpt lat="23.061377" lon="113.280055">
        <time>2026-09-23T22:25:22Z</time>
      </trkpt>
      <trkpt lat="23.061432" lon="113.279922">
        <time>2026-09-23T22:25:27Z</time>
      </trkpt>
      <trkpt lat="23.061487" lon="113.279784">
        <time>2026-09-23T22:25:32Z</time>
      </trkpt>
      <trkpt lat="23.061549" lon="113.279641">
        <time>2026-09-23T22:25:37Z</time>
      </trkpt>
      <trkpt lat="23.061612" lon="113.279488">
        <time>2026-09-23T22:25:42Z</time>
      </trkpt>
      <trkpt lat="23.061667" lon="113.279335">
        <time>2026-09-23T22:25:47Z</time>
      </trkpt>
      <trkpt lat="23.061729" lon="113.279183">
        <time>2026-09-23T22:25:52Z</time>
      </trkpt>
      <trkpt lat="23.061804" lon="113.279038">
        <time>2026-09-23T22:25:57Z</time>
      </trkpt>
      <trkpt lat="23.061896" lon="113.2789">
        <time>2026-09-23T22:26:02Z</time>
      </trkpt>
      <trkpt lat="23.061972" lon="113.278758">
        <time>2026-09-23T22:26:07Z</time>
      </trkpt>
      <trkpt lat="23.062" lon="113.278596">
        <time>2026-09-23T22:26:12Z</time>
      </trkpt>
      <trkpt lat="23.061991" lon="113.278423">
        <time>2026-09-23T22:26:17Z</time>
      </trkpt>
      <trkpt lat="23.06197" lon="113.278253">
        <time>2026-09-23T22:26:22Z</time>
      </trkpt>
      <trkpt lat="23.061957" lon="113.278084">
        <time>2026-09-23T22:26:27Z</time>
      </trkpt>
      <trkpt lat="23.06195" lon="113.277917">
        <time>2026-09-23T22:26:32Z</time>
      </trkpt>
      <trkpt lat="23.061957" lon="113.277751">
        <time>2026-09-23T22:26:37Z</time>
      </trkpt>
      <trkpt lat="23.062004" lon="113.277586">
        <time>2026-09-23T22:26:42Z</time>
      </trkpt>
      <trkpt lat="23.062061" lon="113.277428">
        <time>2026-09-23T22:26:47Z</time>
      </trkpt>
      <trkpt lat="23.062123" lon="113.277276">
        <time>2026-09-23T22:26:52Z</time>
      </trkpt>
      <trkpt lat="23.062175" lon="113.277118">
        <time>2026-09-23T22:26:57Z</time>
      </trkpt>
      <trkpt lat="23.06224" lon="113.276975">
        <time>2026-09-23T22:27:02Z</time>
      </trkpt>
      <trkpt lat="23.062302" lon="113.27682">
        <time>2026-09-23T22:27:07Z</time>
      </trkpt>
      <trkpt lat="23.06236" lon="113.276667">
        <time>2026-09-23T22:27:12Z</time>
      </trkpt>
      <trkpt lat="23.062418" lon="113.276517">
        <time>2026-09-23T22:27:17Z</time>
      </trkpt>
      <trkpt lat="23.062479" lon="113.276355">
        <time>2026-09-23T22:27:22Z</time>
      </trkpt>
      <trkpt lat="23.062539" lon="113.276199">
        <time>2026-09-23T22:27:27Z</time>
      </trkpt>
      <trkpt lat="23.062618" lon="113.276055">
        <time>2026-09-23T22:27:32Z</time>
      </trkpt>
      <trkpt lat="23.06271" lon="113.275915">
        <time>2026-09-23T22:27:37Z</time>
      </trkpt>
      <trkpt lat="23.06281" lon="113.27579">
        <time>2026-09-23T22:27:42Z</time>
      </trkpt>
      <trkpt lat="23.062929" lon="113.27567">
        <time>2026-09-23T22:27:47Z</time>
      </trkpt>
      <trkpt lat="23.063042" lon="113.275547">
        <time>2026-09-23T22:27:52Z</time>
      </trkpt>
      <trkpt lat="23.063124" lon="113.275396">
        <time>2026-09-23T22:27:57Z</time>
      </trkpt>
      <trkpt lat="23.063209" lon="113.275249">
        <time>2026-09-23T22:28:02Z</time>
      </trkpt>
      <trkpt lat="23.063296" lon="113.275111">
        <time>2026-09-23T22:28:07Z</time>
      </trkpt>
      <trkpt lat="23.063369" lon="113.274966">
        <time>2026-09-23T22:28:12Z</time>
      </trkpt>
      <trkpt lat="23.063408" lon="113.274817">
        <time>2026-09-23T22:28:17Z</time>
      </trkpt>
      <trkpt lat="23.063454" lon="113.274666">
        <time>2026-09-23T22:28:22Z</time>
      </trkpt>
      <trkpt lat="23.063508" lon="113.274513">
        <time>2026-09-23T22:28:27Z</time>
      </trkpt>
      <trkpt lat="23.063575" lon="113.274376">
        <time>2026-09-23T22:28:32Z</time>
      </trkpt>
      <trkpt lat="23.063676" lon="113.274257">
        <time>2026-09-23T22:28:37Z</time>
      </trkpt>
      <trkpt lat="23.063792" lon="113.274156">
        <time>2026-09-23T22:28:42Z</time>
      </trkpt>
      <trkpt lat="23.063897" lon="113.274022">
        <time>2026-09-23T22:28:47Z</time>
      </trkpt>
      <trkpt lat="23.063989" lon="113.273848">
        <time>2026-09-23T22:28:52Z</time>
      </trkpt>
      <trkpt lat="23.06408" lon="113.273687">
        <time>2026-09-23T22:28:57Z</time>
      </trkpt>
      <trkpt lat="23.064201" lon="113.273574">
        <time>2026-09-23T22:29:02Z</time>
      </trkpt>
      <trkpt lat="23.064321" lon="113.273479">
        <time>2026-09-23T22:29:07Z</time>
      </trkpt>
      <trkpt lat="23.064439" lon="113.273389">
        <time>2026-09-23T22:29:12Z</time>
      </trkpt>
      <trkpt lat="23.064537" lon="113.273284">
        <time>2026-09-23T22:29:17Z</time>
      </trkpt>
      <trkpt lat="23.064583" lon="113.27315">
        <time>2026-09-23T22:29:22Z</time>
      </trkpt>
      <trkpt lat="23.064561" lon="113.272993">
        <time>2026-09-23T22:29:27Z</time>
      </trkpt>
      <trkpt lat="23.064504" lon="113.27284">
        <time>2026-09-23T22:29:32Z</time>
      </trkpt>
      <trkpt lat="23.064446" lon="113.272695">
        <time>2026-09-23T22:29:37Z</time>
      </trkpt>
      <trkpt lat="23.064432" lon="113.272543">
        <time>2026-09-23T22:29:42Z</time>
      </trkpt>
      <trkpt lat="23.064494" lon="113.272387">
        <time>2026-09-23T22:29:47Z</time>
      </trkpt>
      <trkpt lat="23.064555" lon="113.272226">
        <time>2026-09-23T22:29:52Z</time>
      </trkpt>
      <trkpt lat="23.064614" lon="113.272077">
        <time>2026-09-23T22:29:57Z</time>
      </trkpt>
      <trkpt lat="23.064678" lon="113.271942">
        <time>2026-09-23T22:30:02Z</time>
      </trkpt>
      <trkpt lat="23.06474" lon="113.271801">
        <time>2026-09-23T22:30:07Z</time>
      </trkpt>
      <trkpt lat="23.064816" lon="113.271647">
        <time>2026-09-23T22:30:12Z</time>
      </trkpt>
      <trkpt lat="23.064881" lon="113.271501">
        <time>2026-09-23T22:30:17Z</time>
      </trkpt>
      <trkpt lat="23.06495" lon="113.271367">
        <time>2026-09-23T22:30:22Z</time>
      </trkpt>
      <trkpt lat="23.06502" lon="113.271225">
        <time>2026-09-23T22:30:27Z</time>
      </trkpt>
      <trkpt lat="23.065099" lon="113.271074">
        <time>2026-09-23T22:30:32Z</time>
      </trkpt>
      <trkpt lat="23.065165" lon="113.270918">
        <time>2026-09-23T22:30:37Z</time>
      </trkpt>
      <trkpt lat="23.065222" lon="113.270763">
        <time>2026-09-23T22:30:42Z</time>
      </trkpt>
      <trkpt lat="23.065295" lon="113.270621">
        <time>2026-09-23T22:30:47Z</time>
      </trkpt>
      <trkpt lat="23.065363" lon="113.270482">
        <time>2026-09-23T22:30:52Z</time>
      </trkpt>
      <trkpt lat="23.06542" lon="113.270339">
        <time>2026-09-23T22:30:57Z</time>
      </trkpt>
      <trkpt lat="23.06548" lon="113.270197">
        <time>2026-09-23T22:31:02Z</time>
      </trkpt>
      <trkpt lat="23.065538" lon="113.270053">
        <time>2026-09-23T22:31:07Z</time>
      </trkpt>
      <trkpt lat="23.065588" lon="113.269915">
        <time>2026-09-23T22:31:12Z</time>
      </trkpt>
      <trkpt lat="23.065632" lon="113.269774">
        <time>2026-09-23T22:31:17Z</time>
      </trkpt>
      <trkpt lat="23.065677" lon="113.269615">
        <time>2026-09-23T22:31:22Z</time>
      </trkpt>
      <trkpt lat="23.065714" lon="113.269448">
        <time>2026-09-23T22:31:27Z</time>
      </trkpt>
      <trkpt lat="23.065763" lon="113.269286">
        <time>2026-09-23T22:31:32Z</time>
      </trkpt>
      <trkpt lat="23.065808" lon="113.269128">
        <time>2026-09-23T22:31:37Z</time>
      </trkpt>
      <trkpt lat="23.065864" lon="113.268979">
        <time>2026-09-23T22:31:42Z</time>
      </trkpt>
      <trkpt lat="23.065936" lon="113.268843">
        <time>2026-09-23T22:31:47Z</time>
      </trkpt>
      <trkpt lat="23.066017" lon="113.268704">
        <time>2026-09-23T22:31:52Z</time>
      </trkpt>
      <trkpt lat="23.066104" lon="113.268557">
        <time>2026-09-23T22:31:57Z</time>
      </trkpt>
      <trkpt lat="23.066193" lon="113.268416">
        <time>2026-09-23T22:32:02Z</time>
      </trkpt>
      <trkpt lat="23.06629" lon="113.268281">
        <time>2026-09-23T22:32:07Z</time>
      </trkpt>
      <trkpt lat="23.066404" lon="113.268165">
        <time>2026-09-23T22:32:12Z</time>
      </trkpt>
      <trkpt lat="23.066537" lon="113.268116">
        <time>2026-09-23T22:32:17Z</time>
      </trkpt>
      <trkpt lat="23.066676" lon="113.268133">
        <time>2026-09-23T22:32:22Z</time>
      </trkpt>
      <trkpt lat="23.066821" lon="113.268138">
        <time>2026-09-23T22:32:27Z</time>
      </trkpt>
      <trkpt lat="23.066971" lon="113.268139">
        <time>2026-09-23T22:32:32Z</time>
      </trkpt>
      <trkpt lat="23.067099" lon="113.268186">
        <time>2026-09-23T22:32:37Z</time>
      </trkpt>
      <trkpt lat="23.067106" lon="113.268135">
        <time>2026-09-23T22:32:42Z</time>
      </trkpt>
      <trkpt lat="23.06697" lon="113.268058">
        <time>2026-09-23T22:32:47Z</time>
      </trkpt>
      <trkpt lat="23.066806" lon="113.268017">
        <time>2026-09-23T22:32:52Z</time>
      </trkpt>
      <trkpt lat="23.066652" lon="113.267987">
        <time>2026-09-23T22:32:57Z</time>
      </trkpt>
      <trkpt lat="23.066511" lon="113.267931">
        <time>2026-09-23T22:33:02Z</time>
      </trkpt>
      <trkpt lat="23.066367" lon="113.267915">
        <time>2026-09-23T22:33:07Z</time>
      </trkpt>
      <trkpt lat="23.066232" lon="113.267964">
        <time>2026-09-23T22:33:12Z</time>
      </trkpt>
      <trkpt lat="23.06612" lon="113.268075">
        <time>2026-09-23T22:33:17Z</time>
      </trkpt>
      <trkpt lat="23.06602" lon="113.268204">
        <time>2026-09-23T22:33:22Z</time>
      </trkpt>
      <trkpt lat="23.065922" lon="113.268333">
        <time>2026-09-23T22:33:27Z</time>
      </trkpt>
      <trkpt lat="23.065838" lon="113.268472">
        <time>2026-09-23T22:33:32Z</time>
      </trkpt>
      <trkpt lat="23.065771" lon="113.268613">
        <time>2026-09-23T22:33:37Z</time>
      </trkpt>
      <trkpt lat="23.065707" lon="113.26876">
        <time>2026-09-23T22:33:42Z</time>
      </trkpt>
      <trkpt lat="23.065645" lon="113.268913">
        <time>2026-09-23T22:33:47Z</time>
      </trkpt>
      <trkpt lat="23.065597" lon="113.269072">
        <time>2026-09-23T22:33:52Z</time>
      </trkpt>
      <trkpt lat="23.06556" lon="113.269232">
        <time>2026-09-23T22:33:57Z</time>
      </trkpt>
      <trkpt lat="23.065519" lon="113.2694">
        <time>2026-09-23T22:34:02Z</time>
      </trkpt>
      <trkpt lat="23.065478" lon="113.269562">
        <time>2026-09-23T22:34:07Z</time>
      </trkpt>
      <trkpt lat="23.065443" lon="113.269724">
        <time>2026-09-23T22:34:12Z</time>
      </trkpt>
      <trkpt lat="23.065398" lon="113.269874">
        <time>2026-09-23T22:34:17Z</time>
      </trkpt>
      <trkpt lat="23.065341" lon="113.270025">
        <time>2026-09-23T22:34:22Z</time>
      </trkpt>
      <trkpt lat="23.065278" lon="113.270173">
        <time>2026-09-23T22:34:27Z</time>
      </trkpt>
      <trkpt lat="23.065205" lon="113.270318">
        <time>2026-09-23T22:34:32Z</time>
      </trkpt>
      <trkpt lat="23.065139" lon="113.270465">
        <time>2026-09-23T22:34:37Z</time>
      </trkpt>
      <trkpt lat="23.065074" lon="113.27061">
        <time>2026-09-23T22:34:42Z</time>
      </trkpt>
      <trkpt lat="23.065008" lon="113.270753">
        <time>2026-09-23T22:34:47Z</time>
      </trkpt>
      <trkpt lat="23.064947" lon="113.270898">
        <time>2026-09-23T22:34:52Z</time>
      </trkpt>
      <trkpt lat="23.06489" lon="113.271047">
        <time>2026-09-23T22:34:57Z</time>
      </trkpt>
      <trkpt lat="23.064825" lon="113.271192">
        <time>2026-09-23T22:35:02Z</time>
      </trkpt>
      <trkpt lat="23.06475" lon="113.271327">
        <time>2026-09-23T22:35:07Z</time>
      </trkpt>
      <trkpt lat="23.064683" lon="113.271468">
        <time>2026-09-23T22:35:12Z</time>
      </trkpt>
      <trkpt lat="23.064621" lon="113.271613">
        <time>2026-09-23T22:35:17Z</time>
      </trkpt>
      <trkpt lat="23.064559" lon="113.27176">
        <time>2026-09-23T22:35:22Z</time>
      </trkpt>
      <trkpt lat="23.06449" lon="113.27191">
        <time>2026-09-23T22:35:27Z</time>
      </trkpt>
      <trkpt lat="23.06442" lon="113.27206">
        <time>2026-09-23T22:35:32Z</time>
      </trkpt>
      <trkpt lat="23.064355" lon="113.272216">
        <time>2026-09-23T22:35:37Z</time>
      </trkpt>
      <trkpt lat="23.064306" lon="113.272384">
        <time>2026-09-23T22:35:42Z</time>
      </trkpt>
      <trkpt lat="23.064297" lon="113.272547">
        <time>2026-09-23T22:35:47Z</time>
      </trkpt>
      <trkpt lat="23.064325" lon="113.272709">
        <time>2026-09-23T22:35:52Z</time>
      </trkpt>
      <trkpt lat="23.06438" lon="113.272867">
        <time>2026-09-23T22:35:57Z</time>
      </trkpt>
      <trkpt lat="23.064433" lon="113.273022">
        <time>2026-09-23T22:36:02Z</time>
      </trkpt>
      <trkpt lat="23.064465" lon="113.273173">
        <time>2026-09-23T22:36:07Z</time>
      </trkpt>
      <trkpt lat="23.064418" lon="113.273314">
        <time>2026-09-23T22:36:12Z</time>
      </trkpt>
      <trkpt lat="23.064314" lon="113.273412">
        <time>2026-09-23T22:36:17Z</time>
      </trkpt>
      <trkpt lat="23.06419" lon="113.27349">
        <time>2026-09-23T22:36:22Z</time>
      </trkpt>
      <trkpt lat="23.064064" lon="113.273582">
        <time>2026-09-23T22:36:27Z</time>
      </trkpt>
      <trkpt lat="23.063948" lon="113.273689">
        <time>2026-09-23T22:36:32Z</time>
      </trkpt>
      <trkpt lat="23.063849" lon="113.273813">
        <time>2026-09-23T22:36:37Z</time>
      </trkpt>
      <trkpt lat="23.06377" lon="113.273955">
        <time>2026-09-23T22:36:42Z</time>
      </trkpt>
      <trkpt lat="23.063667" lon="113.274089">
        <time>2026-09-23T22:36:47Z</time>
      </trkpt>
      <trkpt lat="23.063547" lon="113.274198">
        <time>2026-09-23T22:36:52Z</time>
      </trkpt>
      <trkpt lat="23.063464" lon="113.274343">
        <time>2026-09-23T22:36:57Z</time>
      </trkpt>
      <trkpt lat="23.063414" lon="113.274513">
        <time>2026-09-23T22:37:02Z</time>
      </trkpt>
      <trkpt lat="23.063351" lon="113.274674">
        <time>2026-09-23T22:37:07Z</time>
      </trkpt>
      <trkpt lat="23.063295" lon="113.274831">
        <time>2026-09-23T22:37:12Z</time>
      </trkpt>
      <trkpt lat="23.063247" lon="113.274989">
        <time>2026-09-23T22:37:17Z</time>
      </trkpt>
      <trkpt lat="23.063181" lon="113.275135">
        <time>2026-09-23T22:37:22Z</time>
      </trkpt>
      <trkpt lat="23.063104" lon="113.275272">
        <time>2026-09-23T22:37:27Z</time>
      </trkpt>
      <trkpt lat="23.063029" lon="113.275405">
        <time>2026-09-23T22:37:32Z</time>
      </trkpt>
      <trkpt lat="23.06294" lon="113.275538">
        <time>2026-09-23T22:37:37Z</time>
      </trkpt>
      <trkpt lat="23.062836" lon="113.275655">
        <time>2026-09-23T22:37:42Z</time>
      </trkpt>
      <trkpt lat="23.062728" lon="113.275757">
        <time>2026-09-23T22:37:47Z</time>
      </trkpt>
      <trkpt lat="23.062627" lon="113.275868">
        <time>2026-09-23T22:37:52Z</time>
      </trkpt>
      <trkpt lat="23.062536" lon="113.275991">
        <time>2026-09-23T22:37:57Z</time>
      </trkpt>
      <trkpt lat="23.062459" lon="113.276125">
        <time>2026-09-23T22:38:02Z</time>
      </trkpt>
      <trkpt lat="23.062391" lon="113.276266">
        <time>2026-09-23T22:38:07Z</time>
      </trkpt>
      <trkpt lat="23.062332" lon="113.276409">
        <time>2026-09-23T22:38:12Z</time>
      </trkpt>
      <trkpt lat="23.06228" lon="113.276555">
        <time>2026-09-23T22:38:17Z</time>
      </trkpt>
      <trkpt lat="23.062226" lon="113.276698">
        <time>2026-09-23T22:38:22Z</time>
      </trkpt>
      <trkpt lat="23.06217" lon="113.27684">
        <time>2026-09-23T22:38:27Z</time>
      </trkpt>
      <trkpt lat="23.062114" lon="113.27698">
        <time>2026-09-23T22:38:32Z</time>
      </trkpt>
      <trkpt lat="23.06206" lon="113.277124">
        <time>2026-09-23T22:38:37Z</time>
      </trkpt>
      <trkpt lat="23.062012" lon="113.277275">
        <time>2026-09-23T22:38:42Z</time>
      </trkpt>
      <trkpt lat="23.061955" lon="113.277427">
        <time>2026-09-23T22:38:47Z</time>
      </trkpt>
      <trkpt lat="23.061898" lon="113.277572">
        <time>2026-09-23T22:38:52Z</time>
      </trkpt>
      <trkpt lat="23.061856" lon="113.277721">
        <time>2026-09-23T22:38:57Z</time>
      </trkpt>
      <trkpt lat="23.061832" lon="113.277878">
        <time>2026-09-23T22:39:02Z</time>
      </trkpt>
      <trkpt lat="23.061821" lon="113.278033">
        <time>2026-09-23T22:39:07Z</time>
      </trkpt>
      <trkpt lat="23.061834" lon="113.27818">
        <time>2026-09-23T22:39:12Z</time>
      </trkpt>
      <trkpt lat="23.061843" lon="113.27833">
        <time>2026-09-23T22:39:17Z</time>
      </trkpt>
      <trkpt lat="23.061849" lon="113.278483">
        <time>2026-09-23T22:39:22Z</time>
      </trkpt>
      <trkpt lat="23.061845" lon="113.278636">
        <time>2026-09-23T22:39:27Z</time>
      </trkpt>
      <trkpt lat="23.061826" lon="113.278784">
        <time>2026-09-23T22:39:32Z</time>
      </trkpt>
      <trkpt lat="23.061757" lon="113.278921">
        <time>2026-09-23T22:39:37Z</time>
      </trkpt>
      <trkpt lat="23.061682" lon="113.279047">
        <time>2026-09-23T22:39:42Z</time>
      </trkpt>
      <trkpt lat="23.06161" lon="113.279176">
        <time>2026-09-23T22:39:47Z</time>
      </trkpt>
      <trkpt lat="23.061551" lon="113.279316">
        <time>2026-09-23T22:39:52Z</time>
      </trkpt>
      <trkpt lat="23.061495" lon="113.279458">
        <time>2026-09-23T22:39:57Z</time>
      </trkpt>
      <trkpt lat="23.061441" lon="113.279604">
        <time>2026-09-23T22:40:02Z</time>
      </trkpt>
      <trkpt lat="23.061386" lon="113.279756">
        <time>2026-09-23T22:40:07Z</time>
      </trkpt>
      <trkpt lat="23.061324" lon="113.279905">
        <time>2026-09-23T22:40:12Z</time>
      </trkpt>
      <trkpt lat="23.061264" lon="113.280049">
        <time>2026-09-23T22:40:17Z</time>
      </trkpt>
      <trkpt lat="23.061202" lon="113.2802">
        <time>2026-09-23T22:40:22Z</time>
      </trkpt>
      <trkpt lat="23.061138" lon="113.280357">
        <time>2026-09-23T22:40:27Z</time>
      </trkpt>
      <trkpt lat="23.061073" lon="113.280511">
        <time>2026-09-23T22:40:32Z</time>
      </trkpt>
      <trkpt lat="23.061012" lon="113.280656">
        <time>2026-09-23T22:40:37Z</time>
      </trkpt>
      <trkpt lat="23.060947" lon="113.280795">
        <time>2026-09-23T22:40:42Z</time>
      </trkpt>
      <trkpt lat="23.060885" lon="113.280938">
        <time>2026-09-23T22:40:47Z</time>
      </trkpt>
      <trkpt lat="23.060819" lon="113.28108">
        <time>2026-09-23T22:40:52Z</time>
      </trkpt>
      <trkpt lat="23.060753" lon="113.281222">
        <time>2026-09-23T22:40:57Z</time>
      </trkpt>
      <trkpt lat="23.060685" lon="113.281364">
        <time>2026-09-23T22:41:02Z</time>
      </trkpt>
      <trkpt lat="23.060629" lon="113.281507">
        <time>2026-09-23T22:41:07Z</time>
      </trkpt>
      <trkpt lat="23.060571" lon="113.281661">
        <time>2026-09-23T22:41:12Z</time>
      </trkpt>
      <trkpt lat="23.060511" lon="113.281814">
        <time>2026-09-23T22:41:17Z</time>
      </trkpt>
      <trkpt lat="23.060444" lon="113.281967">
        <time>2026-09-23T22:41:22Z</time>
      </trkpt>
      <trkpt lat="23.060391" lon="113.282111">
        <time>2026-09-23T22:41:27Z</time>
      </trkpt>
      <trkpt lat="23.060327" lon="113.282251">
        <time>2026-09-23T22:41:32Z</time>
      </trkpt>
      <trkpt lat="23.060262" lon="113.282392">
        <time>2026-09-23T22:41:37Z</time>
      </trkpt>
      <trkpt lat="23.060199" lon="113.282531">
        <time>2026-09-23T22:41:42Z</time>
      </trkpt>
      <trkpt lat="23.060143" lon="113.282677">
        <time>2026-09-23T22:41:47Z</time>
      </trkpt>
      <trkpt lat="23.060088" lon="113.282818">
        <time>2026-09-23T22:41:52Z</time>
      </trkpt>
      <trkpt lat="23.060027" lon="113.282957">
        <time>2026-09-23T22:41:57Z</time>
      </trkpt>
      <trkpt lat="23.05996" lon="113.283103">
        <time>2026-09-23T22:42:02Z</time>
      </trkpt>
      <trkpt lat="23.059903" lon="113.283248">
        <time>2026-09-23T22:42:07Z</time>
      </trkpt>
      <trkpt lat="23.059835" lon="113.283395">
        <time>2026-09-23T22:42:12Z</time>
      </trkpt>
      <trkpt lat="23.059772" lon="113.283544">
        <time>2026-09-23T22:42:17Z</time>
      </trkpt>
      <trkpt lat="23.059713" lon="113.283691">
        <time>2026-09-23T22:42:22Z</time>
      </trkpt>
      <trkpt lat="23.059646" lon="113.283839">
        <time>2026-09-23T22:42:27Z</time>
      </trkpt>
      <trkpt lat="23.05958" lon="113.283986">
        <time>2026-09-23T22:42:32Z</time>
      </trkpt>
      <trkpt lat="23.059511" lon="113.28413">
        <time>2026-09-23T22:42:37Z</time>
      </trkpt>
      <trkpt lat="23.05944" lon="113.284277">
        <time>2026-09-23T22:42:42Z</time>
      </trkpt>
      <trkpt lat="23.059382" lon="113.284434">
        <time>2026-09-23T22:42:47Z</time>
      </trkpt>
      <trkpt lat="23.05932" lon="113.284577">
        <time>2026-09-23T22:42:52Z</time>
      </trkpt>
      <trkpt lat="23.059263" lon="113.284716">
        <time>2026-09-23T22:42:57Z</time>
      </trkpt>
      <trkpt lat="23.059203" lon="113.284864">
        <time>2026-09-23T22:43:02Z</time>
      </trkpt>
      <trkpt lat="23.05914" lon="113.285013">
        <time>2026-09-23T22:43:07Z</time>
      </trkpt>
      <trkpt lat="23.059073" lon="113.285165">
        <time>2026-09-23T22:43:12Z</time>
      </trkpt>
      <trkpt lat="23.059011" lon="113.285319">
        <time>2026-09-23T22:43:17Z</time>
      </trkpt>
      <trkpt lat="23.058939" lon="113.285469">
        <time>2026-09-23T22:43:22Z</time>
      </trkpt>
      <trkpt lat="23.058868" lon="113.285619">
        <time>2026-09-23T22:43:27Z</time>
      </trkpt>
      <trkpt lat="23.0588" lon="113.285773">
        <time>2026-09-23T22:43:32Z</time>
      </trkpt>
      <trkpt lat="23.058738" lon="113.285921">
        <time>2026-09-23T22:43:37Z</time>
      </trkpt>
      <trkpt lat="23.058703" lon="113.286058">
        <time>2026-09-23T22:43:42Z</time>
      </trkpt>
      <trkpt lat="23.058799" lon="113.286037">
        <time>2026-09-23T22:43:47Z</time>
      </trkpt>
      <trkpt lat="23.058884" lon="113.285885">
        <time>2026-09-23T22:43:52Z</time>
      </trkpt>
      <trkpt lat="23.058947" lon="113.285732">
        <time>2026-09-23T22:43:57Z</time>
      </trkpt>
      <trkpt lat="23.059004" lon="113.285577">
        <time>2026-09-23T22:44:02Z</time>
      </trkpt>
      <trkpt lat="23.059058" lon="113.285418">
        <time>2026-09-23T22:44:07Z</time>
      </trkpt>
      <trkpt lat="23.059115" lon="113.285262">
        <time>2026-09-23T22:44:12Z</time>
      </trkpt>
      <trkpt lat="23.059177" lon="113.285111">
        <time>2026-09-23T22:44:17Z</time>
      </trkpt>
      <trkpt lat="23.05924" lon="113.284969">
        <time>2026-09-23T22:44:22Z</time>
      </trkpt>
      <trkpt lat="23.059299" lon="113.284833">
        <time>2026-09-23T22:44:27Z</time>
      </trkpt>
      <trkpt lat="23.059379" lon="113.284711">
        <time>2026-09-23T22:44:32Z</time>
      </trkpt>
      <trkpt lat="23.059474" lon="113.284594">
        <time>2026-09-23T22:44:37Z</time>
      </trkpt>
      <trkpt lat="23.059548" lon="113.284463">
        <time>2026-09-23T22:44:42Z</time>
      </trkpt>
      <trkpt lat="23.059608" lon="113.284317">
        <time>2026-09-23T22:44:47Z</time>
      </trkpt>
      <trkpt lat="23.059616" lon="113.284151">
        <time>2026-09-23T22:44:52Z</time>
      </trkpt>
      <trkpt lat="23.05965" lon="113.284005">
        <time>2026-09-23T22:44:57Z</time>
      </trkpt>
      <trkpt lat="23.059714" lon="113.28387">
        <time>2026-09-23T22:45:02Z</time>
      </trkpt>
      <trkpt lat="23.059775" lon="113.283733">
        <time>2026-09-23T22:45:07Z</time>
      </trkpt>
      <trkpt lat="23.059845" lon="113.283597">
        <time>2026-09-23T22:45:12Z</time>
      </trkpt>
      <trkpt lat="23.059906" lon="113.283441">
        <time>2026-09-23T22:45:17Z</time>
      </trkpt>
      <trkpt lat="23.059975" lon="113.283296">
        <time>2026-09-23T22:45:22Z</time>
      </trkpt>
      <trkpt lat="23.060051" lon="113.28316">
        <time>2026-09-23T22:45:27Z</time>
      </trkpt>
      <trkpt lat="23.060111" lon="113.283015">
        <time>2026-09-23T22:45:32Z</time>
      </trkpt>
      <trkpt lat="23.060178" lon="113.282874">
        <time>2026-09-23T22:45:37Z</time>
      </trkpt>
      <trkpt lat="23.060253" lon="113.282739">
        <time>2026-09-23T22:45:42Z</time>
      </trkpt>
      <trkpt lat="23.060314" lon="113.282598">
        <time>2026-09-23T22:45:47Z</time>
      </trkpt>
      <trkpt lat="23.060358" lon="113.28245">
        <time>2026-09-23T22:45:52Z</time>
      </trkpt>
      <trkpt lat="23.0604" lon="113.282308">
        <time>2026-09-23T22:45:57Z</time>
      </trkpt>
      <trkpt lat="23.060446" lon="113.282185">
        <time>2026-09-23T22:46:02Z</time>
      </trkpt>
      <trkpt lat="23.060476" lon="113.282112">
        <time>2026-09-23T22:46:07Z</time>
      </trkpt>
      <trkpt lat="23.060502" lon="113.282054">
        <time>2026-09-23T22:46:12Z</time>
      </trkpt>
      <trkpt lat="23.060524" lon="113.281995">
        <time>2026-09-23T22:46:17Z</time>
      </trkpt>
      <trkpt lat="23.060549" lon="113.28194">
        <time>2026-09-23T22:46:22Z</time>
      </trkpt>
      <trkpt lat="23.060574" lon="113.281879">
        <time>2026-09-23T22:46:27Z</time>
      </trkpt>
      <trkpt lat="23.060598" lon="113.28182">
        <time>2026-09-23T22:46:32Z</time>
      </trkpt>
      <trkpt lat="23.060624" lon="113.281767">
        <time>2026-09-23T22:46:37Z</time>
      </trkpt>
      <trkpt lat="23.060648" lon="113.281709">
        <time>2026-09-23T22:46:42Z</time>
      </trkpt>
      <trkpt lat="23.060669" lon="113.281657">
        <time>2026-09-23T22:46:47Z</time>
      </trkpt>
      <trkpt lat="23.060692" lon="113.281605">
        <time>2026-09-23T22:46:52Z</time>
      </trkpt>
      <trkpt lat="23.060716" lon="113.281547">
        <time>2026-09-23T22:46:57Z</time>
      </trkpt>
      <trkpt lat="23.060741" lon="113.281486">
        <time>2026-09-23T22:47:02Z</time>
      </trkpt>
      <trkpt lat="23.060768" lon="113.281419">
        <time>2026-09-23T22:47:07Z</time>
      </trkpt>
      <trkpt lat="23.060798" lon="113.281364">
        <time>2026-09-23T22:47:12Z</time>
      </trkpt>
      <trkpt lat="23.060827" lon="113.281309">
        <time>2026-09-23T22:47:17Z</time>
      </trkpt>
      <trkpt lat="23.060851" lon="113.281254">
        <time>2026-09-23T22:47:22Z</time>
      </trkpt>
      <trkpt lat="23.060871" lon="113.281207">
        <time>2026-09-23T22:47:27Z</time>
      </trkpt>
      <trkpt lat="23.060893" lon="113.281157">
        <time>2026-09-23T22:47:32Z</time>
      </trkpt>
      <trkpt lat="23.060913" lon="113.281107">
        <time>2026-09-23T22:47:37Z</time>
      </trkpt>
      <trkpt lat="23.060932" lon="113.28106">
        <time>2026-09-23T22:47:42Z</time>
      </trkpt>
      <trkpt lat="23.060955" lon="113.281013">
        <time>2026-09-23T22:47:47Z</time>
      </trkpt>
      <trkpt lat="23.06098" lon="113.280962">
        <time>2026-09-23T22:47:52Z</time>
      </trkpt>
      <trkpt lat="23.061" lon="113.280907">
        <time>2026-09-23T22:47:57Z</time>
      </trkpt>
      <trkpt lat="23.061023" lon="113.280846">
        <time>2026-09-23T22:48:02Z</time>
      </trkpt>
      <trkpt lat="23.061068" lon="113.280751">
        <time>2026-09-23T22:48:07Z</time>
      </trkpt>
      <trkpt lat="23.061122" lon="113.280651">
        <time>2026-09-23T22:48:12Z</time>
      </trkpt>
      <trkpt lat="23.061167" lon="113.280557">
        <time>2026-09-23T22:48:17Z</time>
      </trkpt>
      <trkpt lat="23.061207" lon="113.280467">
        <time>2026-09-23T22:48:22Z</time>
      </trkpt>
      <trkpt lat="23.061245" lon="113.280378">
        <time>2026-09-23T22:48:27Z</time>
      </trkpt>
      <trkpt lat="23.061277" lon="113.280289">
        <time>2026-09-23T22:48:32Z</time>
      </trkpt>
      <trkpt lat="23.061311" lon="113.280205">
        <time>2026-09-23T22:48:37Z</time>
      </trkpt>
      <trkpt lat="23.061352" lon="113.280123">
        <time>2026-09-23T22:48:42Z</time>
      </trkpt>
      <trkpt lat="23.061391" lon="113.280041">
        <time>2026-09-23T22:48:47Z</time>
      </trkpt>
      <trkpt lat="23.061433" lon="113.279957">
        <time>2026-09-23T22:48:52Z</time>
      </trkpt>
      <trkpt lat="23.061467" lon="113.279871">
        <time>2026-09-23T22:48:57Z</time>
      </trkpt>
      <trkpt lat="23.061503" lon="113.279785">
        <time>2026-09-23T22:49:02Z</time>
      </trkpt>
      <trkpt lat="23.061539" lon="113.279692">
        <time>2026-09-23T22:49:07Z</time>
      </trkpt>
      <trkpt lat="23.061573" lon="113.279603">
        <time>2026-09-23T22:49:12Z</time>
      </trkpt>
      <trkpt lat="23.061609" lon="113.279512">
        <time>2026-09-23T22:49:17Z</time>
      </trkpt>
      <trkpt lat="23.061642" lon="113.279417">
        <time>2026-09-23T22:49:22Z</time>
      </trkpt>
      <trkpt lat="23.061676" lon="113.27932">
        <time>2026-09-23T22:49:27Z</time>
      </trkpt>
      <trkpt lat="23.061711" lon="113.27922">
        <time>2026-09-23T22:49:32Z</time>
      </trkpt>
      <trkpt lat="23.061755" lon="113.279122">
        <time>2026-09-23T22:49:37Z</time>
      </trkpt>
      <trkpt lat="23.061812" lon="113.279034">
        <time>2026-09-23T22:49:42Z</time>
      </trkpt>
      <trkpt lat="23.061876" lon="113.278953">
        <time>2026-09-23T22:49:47Z</time>
      </trkpt>
      <trkpt lat="23.061937" lon="113.278866">
        <time>2026-09-23T22:49:52Z</time>
      </trkpt>
      <trkpt lat="23.061969" lon="113.278762">
        <time>2026-09-23T22:49:57Z</time>
      </trkpt>
      <trkpt lat="23.061971" lon="113.27865">
        <time>2026-09-23T22:50:02Z</time>
      </trkpt>
      <trkpt lat="23.061964" lon="113.278545">
        <time>2026-09-23T22:50:07Z</time>
      </trkpt>
      <trkpt lat="23.061957" lon="113.278444">
        <time>2026-09-23T22:50:12Z</time>
      </trkpt>
      <trkpt lat="23.061955" lon="113.278338">
        <time>2026-09-23T22:50:17Z</time>
      </trkpt>
      <trkpt lat="23.06195" lon="113.27823">
        <time>2026-09-23T22:50:22Z</time>
      </trkpt>
      <trkpt lat="23.061943" lon="113.278122">
        <time>2026-09-23T22:50:27Z</time>
      </trkpt>
      <trkpt lat="23.061936" lon="113.278015">
        <time>2026-09-23T22:50:32Z</time>
      </trkpt>
      <trkpt lat="23.061933" lon="113.277908">
        <time>2026-09-23T22:50:37Z</time>
      </trkpt>
      <trkpt lat="23.061945" lon="113.277801">
        <time>2026-09-23T22:50:42Z</time>
      </trkpt>
      <trkpt lat="23.061972" lon="113.277695">
        <time>2026-09-23T22:50:47Z</time>
      </trkpt>
      <trkpt lat="23.062009" lon="113.277588">
        <time>2026-09-23T22:50:52Z</time>
      </trkpt>
      <trkpt lat="23.062048" lon="113.277487">
        <time>2026-09-23T22:50:57Z</time>
      </trkpt>
      <trkpt lat="23.06209" lon="113.277392">
        <time>2026-09-23T22:51:02Z</time>
      </trkpt>
      <trkpt lat="23.06213" lon="113.277294">
        <time>2026-09-23T22:51:07Z</time>
      </trkpt>
      <trkpt lat="23.062161" lon="113.277191">
        <time>2026-09-23T22:51:12Z</time>
      </trkpt>
      <trkpt lat="23.062193" lon="113.277091">
        <time>2026-09-23T22:51:17Z</time>
      </trkpt>
      <trkpt lat="23.062233" lon="113.276996">
        <time>2026-09-23T22:51:22Z</time>
      </trkpt>
      <trkpt lat="23.062268" lon="113.2769">
        <time>2026-09-23T22:51:27Z</time>
      </trkpt>
      <trkpt lat="23.062304" lon="113.2768">
        <time>2026-09-23T22:51:32Z</time>
      </trkpt>
      <trkpt lat="23.062343" lon="113.276699">
        <time>2026-09-23T22:51:37Z</time>
      </trkpt>
      <trkpt lat="23.062383" lon="113.276594">
        <time>2026-09-23T22:51:42Z</time>
      </trkpt>
      <trkpt lat="23.062425" lon="113.276491">
        <time>2026-09-23T22:51:47Z</time>
      </trkpt>
      <trkpt lat="23.062463" lon="113.276388">
        <time>2026-09-23T22:51:52Z</time>
      </trkpt>
      <trkpt lat="23.062501" lon="113.276287">
        <time>2026-09-23T22:51:57Z</time>
      </trkpt>
      <trkpt lat="23.062547" lon="113.276189">
        <time>2026-09-23T22:52:02Z</time>
      </trkpt>
      <trkpt lat="23.062598" lon="113.276093">
        <time>2026-09-23T22:52:07Z</time>
      </trkpt>
      <trkpt lat="23.062653" lon="113.276005">
        <time>2026-09-23T22:52:12Z</time>
      </trkpt>
      <trkpt lat="23.062714" lon="113.275915">
        <time>2026-09-23T22:52:17Z</time>
      </trkpt>
      <trkpt lat="23.06278" lon="113.275834">
        <time>2026-09-23T22:52:22Z</time>
      </trkpt>
      <trkpt lat="23.062853" lon="113.275763">
        <time>2026-09-23T22:52:27Z</time>
      </trkpt>
      <trkpt lat="23.062933" lon="113.27569">
        <time>2026-09-23T22:52:32Z</time>
      </trkpt>
      <trkpt lat="23.063006" lon="113.275607">
        <time>2026-09-23T22:52:37Z</time>
      </trkpt>
      <trkpt lat="23.063066" lon="113.27552">
        <time>2026-09-23T22:52:42Z</time>
      </trkpt>
      <trkpt lat="23.063116" lon="113.275427">
        <time>2026-09-23T22:52:47Z</time>
      </trkpt>
      <trkpt lat="23.063169" lon="113.275335">
        <time>2026-09-23T22:52:52Z</time>
      </trkpt>
      <trkpt lat="23.063224" lon="113.275238">
        <time>2026-09-23T22:52:57Z</time>
      </trkpt>
      <trkpt lat="23.063293" lon="113.275146">
        <time>2026-09-23T22:53:02Z</time>
      </trkpt>
      <trkpt lat="23.06335" lon="113.275049">
        <time>2026-09-23T22:53:07Z</time>
      </trkpt>
      <trkpt lat="23.0634" lon="113.274953">
        <time>2026-09-23T22:53:12Z</time>
      </trkpt>
      <trkpt lat="23.06344" lon="113.274855">
        <time>2026-09-23T22:53:17Z</time>
      </trkpt>
      <trkpt lat="23.063472" lon="113.274758">
        <time>2026-09-23T22:53:22Z</time>
      </trkpt>
      <trkpt lat="23.063502" lon="113.274659">
        <time>2026-09-23T22:53:27Z</time>
      </trkpt>
      <trkpt lat="23.063521" lon="113.274555">
        <time>2026-09-23T22:53:32Z</time>
      </trkpt>
      <trkpt lat="23.063557" lon="113.274461">
        <time>2026-09-23T22:53:37Z</time>
      </trkpt>
      <trkpt lat="23.063626" lon="113.274382">
        <time>2026-09-23T22:53:42Z</time>
      </trkpt>
      <trkpt lat="23.0637" lon="113.274314">
        <time>2026-09-23T22:53:47Z</time>
      </trkpt>
      <trkpt lat="23.063757" lon="113.274219">
        <time>2026-09-23T22:53:52Z</time>
      </trkpt>
      <trkpt lat="23.063814" lon="113.274124">
        <time>2026-09-23T22:53:57Z</time>
      </trkpt>
      <trkpt lat="23.063869" lon="113.274027">
        <time>2026-09-23T22:54:02Z</time>
      </trkpt>
      <trkpt lat="23.063934" lon="113.27392">
        <time>2026-09-23T22:54:07Z</time>
      </trkpt>
      <trkpt lat="23.063998" lon="113.273816">
        <time>2026-09-23T22:54:12Z</time>
      </trkpt>
      <trkpt lat="23.064073" lon="113.273725">
        <time>2026-09-23T22:54:17Z</time>
      </trkpt>
      <trkpt lat="23.064157" lon="113.273657">
        <time>2026-09-23T22:54:22Z</time>
      </trkpt>
      <trkpt lat="23.064243" lon="113.273593">
        <time>2026-09-23T22:54:27Z</time>
      </trkpt>
      <trkpt lat="23.064328" lon="113.273526">
        <time>2026-09-23T22:54:32Z</time>
      </trkpt>
      <trkpt lat="23.064404" lon="113.273448">
        <time>2026-09-23T22:54:37Z</time>
      </trkpt>
      <trkpt lat="23.064488" lon="113.273372">
        <time>2026-09-23T22:54:42Z</time>
      </trkpt>
      <trkpt lat="23.064556" lon="113.273281">
        <time>2026-09-23T22:54:47Z</time>
      </trkpt>
      <trkpt lat="23.06458" lon="113.273169">
        <time>2026-09-23T22:54:52Z</time>
      </trkpt>
      <trkpt lat="23.064564" lon="113.273051">
        <time>2026-09-23T22:54:57Z</time>
      </trkpt>
      <trkpt lat="23.064523" lon="113.272934">
        <time>2026-09-23T22:55:02Z</time>
      </trkpt>
      <trkpt lat="23.06448" lon="113.272815">
        <time>2026-09-23T22:55:07Z</time>
      </trkpt>
      <trkpt lat="23.064454" lon="113.27269">
        <time>2026-09-23T22:55:12Z</time>
      </trkpt>
      <trkpt lat="23.064457" lon="113.272571">
        <time>2026-09-23T22:55:17Z</time>
      </trkpt>
      <trkpt lat="23.064487" lon="113.27245">
        <time>2026-09-23T22:55:22Z</time>
      </trkpt>
      <trkpt lat="23.064526" lon="113.272332">
        <time>2026-09-23T22:55:27Z</time>
      </trkpt>
      <trkpt lat="23.064555" lon="113.272219">
        <time>2026-09-23T22:55:32Z</time>
      </trkpt>
      <trkpt lat="23.064596" lon="113.272109">
        <time>2026-09-23T22:55:37Z</time>
      </trkpt>
      <trkpt lat="23.064646" lon="113.272007">
        <time>2026-09-23T22:55:42Z</time>
      </trkpt>
      <trkpt lat="23.064699" lon="113.2719">
        <time>2026-09-23T22:55:47Z</time>
      </trkpt>
      <trkpt lat="23.064755" lon="113.271795">
        <time>2026-09-23T22:55:52Z</time>
      </trkpt>
      <trkpt lat="23.064806" lon="113.271694">
        <time>2026-09-23T22:55:57Z</time>
      </trkpt>
      <trkpt lat="23.064858" lon="113.271588">
        <time>2026-09-23T22:56:02Z</time>
      </trkpt>
      <trkpt lat="23.064903" lon="113.271483">
        <time>2026-09-23T22:56:07Z</time>
      </trkpt>
      <trkpt lat="23.064947" lon="113.271379">
        <time>2026-09-23T22:56:12Z</time>
      </trkpt>
      <trkpt lat="23.06499" lon="113.271278">
        <time>2026-09-23T22:56:17Z</time>
      </trkpt>
      <trkpt lat="23.065048" lon="113.271176">
        <time>2026-09-23T22:56:22Z</time>
      </trkpt>
      <trkpt lat="23.06511" lon="113.271072">
        <time>2026-09-23T22:56:27Z</time>
      </trkpt>
      <trkpt lat="23.065152" lon="113.270951">
        <time>2026-09-23T22:56:32Z</time>
      </trkpt>
      <trkpt lat="23.065182" lon="113.270836">
        <time>2026-09-23T22:56:37Z</time>
      </trkpt>
      <trkpt lat="23.065224" lon="113.270732">
        <time>2026-09-23T22:56:42Z</time>
      </trkpt>
      <trkpt lat="23.065272" lon="113.270633">
        <time>2026-09-23T22:56:47Z</time>
      </trkpt>
      <trkpt lat="23.065323" lon="113.270534">
        <time>2026-09-23T22:56:52Z</time>
      </trkpt>
      <trkpt lat="23.065379" lon="113.270426">
        <time>2026-09-23T22:56:57Z</time>
      </trkpt>
      <trkpt lat="23.065431" lon="113.270308">
        <time>2026-09-23T22:57:02Z</time>
      </trkpt>
      <trkpt lat="23.065478" lon="113.270194">
        <time>2026-09-23T22:57:07Z</time>
      </trkpt>
      <trkpt lat="23.065521" lon="113.270086">
        <time>2026-09-23T22:57:12Z</time>
      </trkpt>
      <trkpt lat="23.06556" lon="113.269986">
        <time>2026-09-23T22:57:17Z</time>
      </trkpt>
      <trkpt lat="23.065592" lon="113.269871">
        <time>2026-09-23T22:57:22Z</time>
      </trkpt>
      <trkpt lat="23.065624" lon="113.269757">
        <time>2026-09-23T22:57:27Z</time>
      </trkpt>
      <trkpt lat="23.065661" lon="113.269645">
        <time>2026-09-23T22:57:32Z</time>
      </trkpt>
      <trkpt lat="23.065692" lon="113.269528">
        <time>2026-09-23T22:57:37Z</time>
      </trkpt>
      <trkpt lat="23.065723" lon="113.269415">
        <time>2026-09-23T22:57:42Z</time>
      </trkpt>
      <trkpt lat="23.065756" lon="113.269304">
        <time>2026-09-23T22:57:47Z</time>
      </trkpt>
      <trkpt lat="23.065789" lon="113.269189">
        <time>2026-09-23T22:57:52Z</time>
      </trkpt>
      <trkpt lat="23.065824" lon="113.269076">
        <time>2026-09-23T22:57:57Z</time>
      </trkpt>
      <trkpt lat="23.065863" lon="113.26897">
        <time>2026-09-23T22:58:02Z</time>
      </trkpt>
      <trkpt lat="23.065903" lon="113.268867">
        <time>2026-09-23T22:58:07Z</time>
      </trkpt>
      <trkpt lat="23.065951" lon="113.268758">
        <time>2026-09-23T22:58:12Z</time>
      </trkpt>
      <trkpt lat="23.066" lon="113.268652">
        <time>2026-09-23T22:58:17Z</time>
      </trkpt>
      <trkpt lat="23.066053" lon="113.26855">
        <time>2026-09-23T22:58:22Z</time>
      </trkpt>
      <trkpt lat="23.066116" lon="113.268448">
        <time>2026-09-23T22:58:27Z</time>
      </trkpt>
      <trkpt lat="23.066182" lon="113.268355">
        <time>2026-09-23T22:58:32Z</time>
      </trkpt>
      <trkpt lat="23.066251" lon="113.268268">
        <time>2026-09-23T22:58:37Z</time>
      </trkpt>
      <trkpt lat="23.066335" lon="113.268189">
        <time>2026-09-23T22:58:42Z</time>
      </trkpt>
      <trkpt lat="23.066438" lon="113.268137">
        <time>2026-09-23T22:58:47Z</time>
      </trkpt>
      <trkpt lat="23.066551" lon="113.268126">
        <time>2026-09-23T22:58:52Z</time>
      </trkpt>
      <trkpt lat="23.066666" lon="113.268151">
        <time>2026-09-23T22:58:57Z</time>
      </trkpt>
      <trkpt lat="23.06678" lon="113.268177">
        <time>2026-09-23T22:59:02Z</time>
      </trkpt>
      <trkpt lat="23.066891" lon="113.26817">
        <time>2026-09-23T22:59:07Z</time>
      </trkpt>
      <trkpt lat="23.066996" lon="113.268193">
        <time>2026-09-23T22:59:12Z</time>
      </trkpt>
      <trkpt lat="23.067089" lon="113.268243">
        <time>2026-09-23T22:59:17Z</time>
      </trkpt>
      <trkpt lat="23.067173" lon="113.268298">
        <time>2026-09-23T22:59:22Z</time>
      </trkpt>
      <trkpt lat="23.067259" lon="113.268355">
        <time>2026-09-23T22:59:27Z</time>
      </trkpt>
      <trkpt lat="23.067348" lon="113.268407">
        <time>2026-09-23T22:59:32Z</time>
      </trkpt>
      <trkpt lat="23.067444" lon="113.268457">
        <time>2026-09-23T22:59:37Z</time>
      </trkpt>
      <trkpt lat="23.067568" lon="113.268516">
        <time>2026-09-23T22:59:42Z</time>
      </trkpt>
      <trkpt lat="23.067688" lon="113.268577">
        <time>2026-09-23T22:59:47Z</time>
      </trkpt>
      <trkpt lat="23.067799" lon="113.268628">
        <time>2026-09-23T22:59:52Z</time>
      </trkpt>
      <trkpt lat="23.067906" lon="113.268677">
        <time>2026-09-23T22:59:57Z</time>
      </trkpt>
      <trkpt lat="23.068013" lon="113.268722">
        <time>2026-09-23T23:00:02Z</time>
      </trkpt>
      <trkpt lat="23.06811" lon="113.268759">
        <time>2026-09-23T23:00:07Z</time>
      </trkpt>
      <trkpt lat="23.068194" lon="113.268792">
        <time>2026-09-23T23:00:12Z</time>
      </trkpt>
      <trkpt lat="23.068288" lon="113.268825">
        <time>2026-09-23T23:00:17Z</time>
      </trkpt>
      <trkpt lat="23.068385" lon="113.268868">
        <time>2026-09-23T23:00:22Z</time>
      </trkpt>
      <trkpt lat="23.068491" lon="113.268916">
        <time>2026-09-23T23:00:27Z</time>
      </trkpt>
      <trkpt lat="23.068607" lon="113.268982">
        <time>2026-09-23T23:00:32Z</time>
      </trkpt>
      <trkpt lat="23.068723" lon="113.269054">
        <time>2026-09-23T23:00:37Z</time>
      </trkpt>
      <trkpt lat="23.068843" lon="113.269109">
        <time>2026-09-23T23:00:42Z</time>
      </trkpt>
      <trkpt lat="23.068968" lon="113.269136">
        <time>2026-09-23T23:00:47Z</time>
      </trkpt>
      <trkpt lat="23.06907" lon="113.269192">
        <time>2026-09-23T23:00:52Z</time>
      </trkpt>
      <trkpt lat="23.069171" lon="113.269238">
        <time>2026-09-23T23:00:57Z</time>
      </trkpt>
      <trkpt lat="23.069255" lon="113.2693">
        <time>2026-09-23T23:01:02Z</time>
      </trkpt>
      <trkpt lat="23.069351" lon="113.269352">
        <time>2026-09-23T23:01:07Z</time>
      </trkpt>
      <trkpt lat="23.069457" lon="113.269377">
        <time>2026-09-23T23:01:12Z</time>
      </trkpt>
      <trkpt lat="23.069559" lon="113.269441">
        <time>2026-09-23T23:01:17Z</time>
      </trkpt>
      <trkpt lat="23.069658" lon="113.26951">
        <time>2026-09-23T23:01:22Z</time>
      </trkpt>
      <trkpt lat="23.069764" lon="113.269568">
        <time>2026-09-23T23:01:27Z</time>
      </trkpt>
      <trkpt lat="23.069869" lon="113.269619">
        <time>2026-09-23T23:01:32Z</time>
      </trkpt>
      <trkpt lat="23.069967" lon="113.269671">
        <time>2026-09-23T23:01:37Z</time>
      </trkpt>
      <trkpt lat="23.070069" lon="113.269744">
        <time>2026-09-23T23:01:42Z</time>
      </trkpt>
      <trkpt lat="23.070176" lon="113.269822">
        <time>2026-09-23T23:01:47Z</time>
      </trkpt>
      <trkpt lat="23.070284" lon="113.269877">
        <time>2026-09-23T23:01:52Z</time>
      </trkpt>
      <trkpt lat="23.07039" lon="113.269938">
        <time>2026-09-23T23:01:57Z</time>
      </trkpt>
      <trkpt lat="23.070499" lon="113.269991">
        <time>2026-09-23T23:02:02Z</time>
      </trkpt>
      <trkpt lat="23.070615" lon="113.270012">
        <time>2026-09-23T23:02:07Z</time>
      </trkpt>
      <trkpt lat="23.070713" lon="113.270049">
        <time>2026-09-23T23:02:12Z</time>
      </trkpt>
      <trkpt lat="23.070809" lon="113.270099">
        <time>2026-09-23T23:02:17Z</time>
      </trkpt>
      <trkpt lat="23.070915" lon="113.270135">
        <time>2026-09-23T23:02:22Z</time>
      </trkpt>
      <trkpt lat="23.071021" lon="113.270166">
        <time>2026-09-23T23:02:27Z</time>
      </trkpt>
      <trkpt lat="23.071127" lon="113.27019">
        <time>2026-09-23T23:02:32Z</time>
      </trkpt>
      <trkpt lat="23.071209" lon="113.270236">
        <time>2026-09-23T23:02:37Z</time>
      </trkpt>
      <trkpt lat="23.071306" lon="113.270276">
        <time>2026-09-23T23:02:42Z</time>
      </trkpt>
      <trkpt lat="23.071403" lon="113.270317">
        <time>2026-09-23T23:02:47Z</time>
      </trkpt>
      <trkpt lat="23.071468" lon="113.270372">
        <time>2026-09-23T23:02:52Z</time>
      </trkpt>
      <trkpt lat="23.071559" lon="113.270435">
        <time>2026-09-23T23:02:57Z</time>
      </trkpt>
      <trkpt lat="23.071663" lon="113.270471">
        <time>2026-09-23T23:03:02Z</time>
      </trkpt>
      <trkpt lat="23.071767" lon="113.270509">
        <time>2026-09-23T23:03:07Z</time>
      </trkpt>
      <trkpt lat="23.071864" lon="113.270568">
        <time>2026-09-23T23:03:12Z</time>
      </trkpt>
      <trkpt lat="23.071973" lon="113.270601">
        <time>2026-09-23T23:03:17Z</time>
      </trkpt>
      <trkpt lat="23.072089" lon="113.270627">
        <time>2026-09-23T23:03:22Z</time>
      </trkpt>
      <trkpt lat="23.072195" lon="113.270693">
        <time>2026-09-23T23:03:27Z</time>
      </trkpt>
      <trkpt lat="23.072289" lon="113.270765">
        <time>2026-09-23T23:03:32Z</time>
      </trkpt>
      <trkpt lat="23.07238" lon="113.270816">
        <time>2026-09-23T23:03:37Z</time>
      </trkpt>
      <trkpt lat="23.07246" lon="113.270887">
        <time>2026-09-23T23:03:42Z</time>
      </trkpt>
      <trkpt lat="23.072549" lon="113.270957">
        <time>2026-09-23T23:03:47Z</time>
      </trkpt>
      <trkpt lat="23.072653" lon="113.270999">
        <time>2026-09-23T23:03:52Z</time>
      </trkpt>
      <trkpt lat="23.072748" lon="113.271038">
        <time>2026-09-23T23:03:57Z</time>
      </trkpt>
      <trkpt lat="23.072822" lon="113.271083">
        <time>2026-09-23T23:04:02Z</time>
      </trkpt>
      <trkpt lat="23.072916" lon="113.271136">
        <time>2026-09-23T23:04:07Z</time>
      </trkpt>
      <trkpt lat="23.073026" lon="113.271184">
        <time>2026-09-23T23:04:12Z</time>
      </trkpt>
      <trkpt lat="23.073153" lon="113.271213">
        <time>2026-09-23T23:04:17Z</time>
      </trkpt>
      <trkpt lat="23.073255" lon="113.271266">
        <time>2026-09-23T23:04:22Z</time>
      </trkpt>
      <trkpt lat="23.073335" lon="113.271327">
        <time>2026-09-23T23:04:27Z</time>
      </trkpt>
      <trkpt lat="23.073422" lon="113.271378">
        <time>2026-09-23T23:04:32Z</time>
      </trkpt>
      <trkpt lat="23.073513" lon="113.271453">
        <time>2026-09-23T23:04:37Z</time>
      </trkpt>
      <trkpt lat="23.073604" lon="113.271519">
        <time>2026-09-23T23:04:42Z</time>
      </trkpt>
      <trkpt lat="23.073696" lon="113.271574">
        <time>2026-09-23T23:04:47Z</time>
      </trkpt>
      <trkpt lat="23.073819" lon="113.271618">
        <time>2026-09-23T23:04:52Z</time>
      </trkpt>
      <trkpt lat="23.073926" lon="113.271667">
        <time>2026-09-23T23:04:57Z</time>
      </trkpt>
      <trkpt lat="23.073977" lon="113.271737">
        <time>2026-09-23T23:05:02Z</time>
      </trkpt>
      <trkpt lat="23.073949" lon="113.271835">
        <time>2026-09-23T23:05:10Z</time>
      </trkpt>
    </trkseg>
  </trk>
</gpx>