<?xml version="1.0" encoding="UTF-8"?>
<gpx xmlns="http://www.topografix.com/GPX/1/1" xmlns:gpxtpx="http://www.garmin.com/xmlschemas/TrackPointExtension/v1" xmlns:xsi="http://www.w3.org/2001/XMLSchema-instance" xsi:schemaLocation="http://www.topografix.com/GPX/1/1 http://www.topografix.com/GPX/1/1/gpx.xsd" version="1.1" creator="gpx.py -- https://github.com/tkrajina/gpxpy">
  <trk>
    <name>gpx from joyrun</name>
    <trkseg>
      <trkpt lat="23.075999" lon="113.272846">
        <time>2026-09-25T22:00:31Z</time>
      </trkpt>
      <trkpt lat="23.075987" lon="113.272802">
        <time>2026-09-25T22:00:36Z</time>
      </trkpt>
      <trkpt lat="23.075951" lon="113.272713">
        <time>2026-09-25T22:00:41Z</time>
      </trkpt>
      <trkpt lat="23.075866" lon="113.272628">
        <time>2026-09-25T22:00:46Z</time>
      </trkpt>
      <trkpt lat="23.075778" lon="113.27256">
        <time>2026-09-25T22:00:51Z</time>
      </trkpt>
      <trkpt lat="23.075688" lon="113.2725">
        <time>2026-09-25T22:00:56Z</time>
      </trkpt>
      <trkpt lat="23.075601" lon="113.272438">
        <time>2026-09-25T22:01:01Z</time>
      </trkpt>
      <trkpt lat="23.075498" lon="113.272397">
        <time>2026-09-25T22:01:06Z</time>
      </trkpt>
      <trkpt lat="23.075354" lon="113.272435">
        <time>2026-09-25T22:01:11Z</time>
      </trkpt>
      <trkpt lat="23.075233" lon="113.272417">
        <time>2026-09-25T22:01:16Z</time>
      </trkpt>
      <trkpt lat="23.075142" lon="113.272377">
        <time>2026-09-25T22:01:21Z</time>
      </trkpt>
      <trkpt lat="23.07505" lon="113.272328">
        <time>2026-09-25T22:01:26Z</time>
      </trkpt>
      <trkpt lat="23.074944" lon="113.272256">
        <time>2026-09-25T22:01:31Z</time>
      </trkpt>
      <trkpt lat="23.074852" lon="113.272187">
        <time>2026-09-25T22:01:36Z</time>
      </trkpt>
      <trkpt lat="23.074741" lon="113.272117">
        <time>2026-09-25T22:01:41Z</time>
      </trkpt>
      <trkpt lat="23.074627" lon="113.272063">
        <time>2026-09-25T22:01:46Z</time>
      </trkpt>
      <trkpt lat="23.074522" lon="113.272023">
        <time>2026-09-25T22:01:51Z</time>
      </trkpt>
      <trkpt lat="23.074427" lon="113.271989">
        <time>2026-09-25T22:01:56Z</time>
      </trkpt>
      <trkpt lat="23.074353" lon="113.272037">
        <time>2026-09-25T22:02:01Z</time>
      </trkpt>
      <trkpt lat="23.074301" lon="113.27215">
        <time>2026-09-25T22:02:06Z</time>
      </trkpt>
      <trkpt lat="23.07425" lon="113.272284">
        <time>2026-09-25T22:02:11Z</time>
      </trkpt>
      <trkpt lat="23.074192" lon="113.272407">
        <time>2026-09-25T22:02:16Z</time>
      </trkpt>
      <trkpt lat="23.07414" lon="113.272523">
        <time>2026-09-25T22:02:21Z</time>
      </trkpt>
      <trkpt lat="23.074089" lon="113.272634">
        <time>2026-09-25T22:02:26Z</time>
      </trkpt>
      <trkpt lat="23.074034" lon="113.272751">
        <time>2026-09-25T22:02:31Z</time>
      </trkpt>
      <trkpt lat="23.073983" lon="113.27286">
        <time>2026-09-25T22:02:36Z</time>
      </trkpt>
      <trkpt lat="23.073935" lon="113.272968">
        <time>2026-09-25T22:02:41Z</time>
      </trkpt>
      <trkpt lat="23.073898" lon="113.273073">
        <time>2026-09-25T22:02:46Z</time>
      </trkpt>
      <trkpt lat="23.073857" lon="113.273176">
        <time>2026-09-25T22:02:51Z</time>
      </trkpt>
      <trkpt lat="23.073812" lon="113.273278">
        <time>2026-09-25T22:02:56Z</time>
      </trkpt>
      <trkpt lat="23.073819" lon="113.27327">
        <time>2026-09-25T22:03:01Z</time>
      </trkpt>
      <trkpt lat="23.073885" lon="113.273172">
        <time>2026-09-25T22:03:06Z</time>
      </trkpt>
      <trkpt lat="23.073936" lon="113.273072">
        <time>2026-09-25T22:03:11Z</time>
      </trkpt>
      <trkpt lat="23.073977" lon="113.272976">
        <time>2026-09-25T22:03:16Z</time>
      </trkpt>
      <trkpt lat="23.073997" lon="113.2729">
        <time>2026-09-25T22:03:21Z</time>
      </trkpt>
      <trkpt lat="23.073951" lon="113.27294">
        <time>2026-09-25T22:03:26Z</time>
      </trkpt>
      <trkpt lat="23.073894" lon="113.272971">
        <time>2026-09-25T22:03:31Z</time>
      </trkpt>
      <trkpt lat="23.073801" lon="113.272917">
        <time>2026-09-25T22:03:36Z</time>
      </trkpt>
      <trkpt lat="23.073704" lon="113.27284">
        <time>2026-09-25T22:03:41Z</time>
      </trkpt>
      <trkpt lat="23.073704" lon="113.272747">
        <time>2026-09-25T22:03:46Z</time>
      </trkpt>
      <trkpt lat="23.073758" lon="113.272642">
        <time>2026-09-25T22:03:51Z</time>
      </trkpt>
      <trkpt lat="23.073804" lon="113.272534">
        <time>2026-09-25T22:03:56Z</time>
      </trkpt>
      <trkpt lat="23.073854" lon="113.272437">
        <time>2026-09-25T22:04:01Z</time>
      </trkpt>
      <trkpt lat="23.073904" lon="113.272329">
        <time>2026-09-25T22:04:06Z</time>
      </trkpt>
      <trkpt lat="23.073953" lon="113.272217">
        <time>2026-09-25T22:04:11Z</time>
      </trkpt>
      <trkpt lat="23.073993" lon="113.272109">
        <time>2026-09-25T22:04:16Z</time>
      </trkpt>
      <trkpt lat="23.07406" lon="113.272014">
        <time>2026-09-25T22:04:21Z</time>
      </trkpt>
      <trkpt lat="23.074111" lon="113.271918">
        <time>2026-09-25T22:04:26Z</time>
      </trkpt>
      <trkpt lat="23.07415" lon="113.271805">
        <time>2026-09-25T22:04:31Z</time>
      </trkpt>
      <trkpt lat="23.074121" lon="113.271735">
        <time>2026-09-25T22:04:36Z</time>
      </trkpt>
      <trkpt lat="23.074024" lon="113.271688">
        <time>2026-09-25T22:04:41Z</time>
      </trkpt>
      <trkpt lat="23.073933" lon="113.271627">
        <time>2026-09-25T22:04:46Z</time>
      </trkpt>
      <trkpt lat="23.073839" lon="113.271565">
        <time>2026-09-25T22:04:51Z</time>
      </trkpt>
      <trkpt lat="23.07374" lon="113.271483">
        <time>2026-09-25T22:04:56Z</time>
      </trkpt>
      <trkpt lat="23.073631" lon="113.271426">
        <time>2026-09-25T22:05:01Z</time>
      </trkpt>
      <trkpt lat="23.073515" lon="113.271386">
        <time>2026-09-25T22:05:06Z</time>
      </trkpt>
      <trkpt lat="23.073397" lon="113.271338">
        <time>2026-09-25T22:05:11Z</time>
      </trkpt>
      <trkpt lat="23.07328" lon="113.27127">
        <time>2026-09-25T22:05:16Z</time>
      </trkpt>
      <trkpt lat="23.073157" lon="113.271147">
        <time>2026-09-25T22:05:21Z</time>
      </trkpt>
      <trkpt lat="23.073054" lon="113.271081">
        <time>2026-09-25T22:05:26Z</time>
      </trkpt>
      <trkpt lat="23.072956" lon="113.271035">
        <time>2026-09-25T22:05:31Z</time>
      </trkpt>
      <trkpt lat="23.072849" lon="113.270969">
        <time>2026-09-25T22:05:36Z</time>
      </trkpt>
      <trkpt lat="23.072737" lon="113.270898">
        <time>2026-09-25T22:05:41Z</time>
      </trkpt>
      <trkpt lat="23.072624" lon="113.270851">
        <time>2026-09-25T22:05:46Z</time>
      </trkpt>
      <trkpt lat="23.072513" lon="113.270808">
        <time>2026-09-25T22:05:51Z</time>
      </trkpt>
      <trkpt lat="23.072389" lon="113.270752">
        <time>2026-09-25T22:05:56Z</time>
      </trkpt>
      <trkpt lat="23.072265" lon="113.270685">
        <time>2026-09-25T22:06:01Z</time>
      </trkpt>
      <trkpt lat="23.07215" lon="113.27062">
        <time>2026-09-25T22:06:06Z</time>
      </trkpt>
      <trkpt lat="23.072032" lon="113.270561">
        <time>2026-09-25T22:06:11Z</time>
      </trkpt>
      <trkpt lat="23.071913" lon="113.270507">
        <time>2026-09-25T22:06:16Z</time>
      </trkpt>
      <trkpt lat="23.071802" lon="113.27045">
        <time>2026-09-25T22:06:21Z</time>
      </trkpt>
      <trkpt lat="23.071684" lon="113.270405">
        <time>2026-09-25T22:06:26Z</time>
      </trkpt>
      <trkpt lat="23.071569" lon="113.270361">
        <time>2026-09-25T22:06:31Z</time>
      </trkpt>
      <trkpt lat="23.071464" lon="113.270317">
        <time>2026-09-25T22:06:36Z</time>
      </trkpt>
      <trkpt lat="23.071355" lon="113.270279">
        <time>2026-09-25T22:06:41Z</time>
      </trkpt>
      <trkpt lat="23.071237" lon="113.270235">
        <time>2026-09-25T22:06:46Z</time>
      </trkpt>
      <trkpt lat="23.071131" lon="113.270192">
        <time>2026-09-25T22:06:51Z</time>
      </trkpt>
      <trkpt lat="23.071014" lon="113.270158">
        <time>2026-09-25T22:06:56Z</time>
      </trkpt>
      <trkpt lat="23.070908" lon="113.270093">
        <time>2026-09-25T22:07:01Z</time>
      </trkpt>
      <trkpt lat="23.070804" lon="113.27003">
        <time>2026-09-25T22:07:06Z</time>
      </trkpt>
      <trkpt lat="23.070703" lon="113.269964">
        <time>2026-09-25T22:07:11Z</time>
      </trkpt>
      <trkpt lat="23.070567" lon="113.269887">
        <time>2026-09-25T22:07:16Z</time>
      </trkpt>
      <trkpt lat="23.070439" lon="113.269862">
        <time>2026-09-25T22:07:21Z</time>
      </trkpt>
      <trkpt lat="23.07032" lon="113.269826">
        <time>2026-09-25T22:07:26Z</time>
      </trkpt>
      <trkpt lat="23.070206" lon="113.269767">
        <time>2026-09-25T22:07:31Z</time>
      </trkpt>
      <trkpt lat="23.070087" lon="113.269718">
        <time>2026-09-25T22:07:36Z</time>
      </trkpt>
      <trkpt lat="23.069987" lon="113.269652">
        <time>2026-09-25T22:07:41Z</time>
      </trkpt>
      <trkpt lat="23.06987" lon="113.269593">
        <time>2026-09-25T22:07:46Z</time>
      </trkpt>
      <trkpt lat="23.069754" lon="113.26954">
        <time>2026-09-25T22:07:51Z</time>
      </trkpt>
      <trkpt lat="23.069639" lon="113.269488">
        <time>2026-09-25T22:07:56Z</time>
      </trkpt>
      <trkpt lat="23.069531" lon="113.269432">
        <time>2026-09-25T22:08:01Z</time>
      </trkpt>
      <trkpt lat="23.069427" lon="113.269375">
        <time>2026-09-25T22:08:06Z</time>
      </trkpt>
      <trkpt lat="23.069309" lon="113.269314">
        <time>2026-09-25T22:08:11Z</time>
      </trkpt>
      <trkpt lat="23.069194" lon="113.269255">
        <time>2026-09-25T22:08:16Z</time>
      </trkpt>
      <trkpt lat="23.069083" lon="113.269206">
        <time>2026-09-25T22:08:21Z</time>
      </trkpt>
      <trkpt lat="23.068967" lon="113.269163">
        <time>2026-09-25T22:08:26Z</time>
      </trkpt>
      <trkpt lat="23.068856" lon="113.269112">
        <time>2026-09-25T22:08:31Z</time>
      </trkpt>
      <trkpt lat="23.068744" lon="113.269058">
        <time>2026-09-25T22:08:36Z</time>
      </trkpt>
      <trkpt lat="23.068639" lon="113.269015">
        <time>2026-09-25T22:08:41Z</time>
      </trkpt>
      <trkpt lat="23.068521" lon="113.268991">
        <time>2026-09-25T22:08:46Z</time>
      </trkpt>
      <trkpt lat="23.068399" lon="113.268959">
        <time>2026-09-25T22:08:51Z</time>
      </trkpt>
      <trkpt lat="23.068292" lon="113.268908">
        <time>2026-09-25T22:08:56Z</time>
      </trkpt>
      <trkpt lat="23.068192" lon="113.268866">
        <time>2026-09-25T22:09:01Z</time>
      </trkpt>
      <trkpt lat="23.068096" lon="113.268827">
        <time>2026-09-25T22:09:06Z</time>
      </trkpt>
      <trkpt lat="23.068007" lon="113.268703">
        <time>2026-09-25T22:09:11Z</time>
      </trkpt>
      <trkpt lat="23.067888" lon="113.268597">
        <time>2026-09-25T22:09:16Z</time>
      </trkpt>
      <trkpt lat="23.067757" lon="113.268527">
        <time>2026-09-25T22:09:21Z</time>
      </trkpt>
      <trkpt lat="23.067632" lon="113.268491">
        <time>2026-09-25T22:09:26Z</time>
      </trkpt>
      <trkpt lat="23.067523" lon="113.268444">
        <time>2026-09-25T22:09:31Z</time>
      </trkpt>
      <trkpt lat="23.067416" lon="113.268392">
        <time>2026-09-25T22:09:36Z</time>
      </trkpt>
      <trkpt lat="23.067316" lon="113.26833">
        <time>2026-09-25T22:09:41Z</time>
      </trkpt>
      <trkpt lat="23.067219" lon="113.268265">
        <time>2026-09-25T22:09:46Z</time>
      </trkpt>
      <trkpt lat="23.067138" lon="113.268176">
        <time>2026-09-25T22:09:51Z</time>
      </trkpt>
      <trkpt lat="23.067043" lon="113.2681">
        <time>2026-09-25T22:09:56Z</time>
      </trkpt>
      <trkpt lat="23.066936" lon="113.268044">
        <time>2026-09-25T22:10:01Z</time>
      </trkpt>
      <trkpt lat="23.066817" lon="113.268011">
        <time>2026-09-25T22:10:06Z</time>
      </trkpt>
      <trkpt lat="23.06669" lon="113.268001">
        <time>2026-09-25T22:10:11Z</time>
      </trkpt>
      <trkpt lat="23.066569" lon="113.267975">
        <time>2026-09-25T22:10:16Z</time>
      </trkpt>
      <trkpt lat="23.066446" lon="113.267946">
        <time>2026-09-25T22:10:21Z</time>
      </trkpt>
      <trkpt lat="23.066329" lon="113.267944">
        <time>2026-09-25T22:10:26Z</time>
      </trkpt>
      <trkpt lat="23.066229" lon="113.267988">
        <time>2026-09-25T22:10:31Z</time>
      </trkpt>
      <trkpt lat="23.066148" lon="113.26807">
        <time>2026-09-25T22:10:36Z</time>
      </trkpt>
      <trkpt lat="23.066071" lon="113.268169">
        <time>2026-09-25T22:10:41Z</time>
      </trkpt>
      <trkpt lat="23.065993" lon="113.268275">
        <time>2026-09-25T22:10:46Z</time>
      </trkpt>
      <trkpt lat="23.065916" lon="113.268387">
        <time>2026-09-25T22:10:51Z</time>
      </trkpt>
      <trkpt lat="23.06584" lon="113.268501">
        <time>2026-09-25T22:10:56Z</time>
      </trkpt>
      <trkpt lat="23.065768" lon="113.268618">
        <time>2026-09-25T22:11:01Z</time>
      </trkpt>
      <trkpt lat="23.065714" lon="113.26874">
        <time>2026-09-25T22:11:06Z</time>
      </trkpt>
      <trkpt lat="23.065668" lon="113.268861">
        <time>2026-09-25T22:11:11Z</time>
      </trkpt>
      <trkpt lat="23.065627" lon="113.268986">
        <time>2026-09-25T22:11:16Z</time>
      </trkpt>
      <trkpt lat="23.065591" lon="113.269111">
        <time>2026-09-25T22:11:21Z</time>
      </trkpt>
      <trkpt lat="23.065556" lon="113.269237">
        <time>2026-09-25T22:11:26Z</time>
      </trkpt>
      <trkpt lat="23.065526" lon="113.269366">
        <time>2026-09-25T22:11:31Z</time>
      </trkpt>
      <trkpt lat="23.065494" lon="113.269494">
        <time>2026-09-25T22:11:36Z</time>
      </trkpt>
      <trkpt lat="23.065468" lon="113.269622">
        <time>2026-09-25T22:11:41Z</time>
      </trkpt>
      <trkpt lat="23.065445" lon="113.269751">
        <time>2026-09-25T22:11:46Z</time>
      </trkpt>
      <trkpt lat="23.065407" lon="113.269877">
        <time>2026-09-25T22:11:51Z</time>
      </trkpt>
      <trkpt lat="23.065357" lon="113.270002">
        <time>2026-09-25T22:11:56Z</time>
      </trkpt>
      <trkpt lat="23.065308" lon="113.270123">
        <time>2026-09-25T22:12:01Z</time>
      </trkpt>
      <trkpt lat="23.065251" lon="113.270244">
        <time>2026-09-25T22:12:06Z</time>
      </trkpt>
      <trkpt lat="23.065195" lon="113.270364">
        <time>2026-09-25T22:12:11Z</time>
      </trkpt>
      <trkpt lat="23.065137" lon="113.270489">
        <time>2026-09-25T22:12:16Z</time>
      </trkpt>
      <trkpt lat="23.06508" lon="113.270607">
        <time>2026-09-25T22:12:21Z</time>
      </trkpt>
      <trkpt lat="23.065029" lon="113.270724">
        <time>2026-09-25T22:12:26Z</time>
      </trkpt>
      <trkpt lat="23.064979" lon="113.270838">
        <time>2026-09-25T22:12:31Z</time>
      </trkpt>
      <trkpt lat="23.064923" lon="113.270957">
        <time>2026-09-25T22:12:36Z</time>
      </trkpt>
      <trkpt lat="23.064874" lon="113.271087">
        <time>2026-09-25T22:12:41Z</time>
      </trkpt>
      <trkpt lat="23.064822" lon="113.271208">
        <time>2026-09-25T22:12:46Z</time>
      </trkpt>
      <trkpt lat="23.064768" lon="113.271325">
        <time>2026-09-25T22:12:51Z</time>
      </trkpt>
      <trkpt lat="23.064709" lon="113.27144">
        <time>2026-09-25T22:12:56Z</time>
      </trkpt>
      <trkpt lat="23.064651" lon="113.271558">
        <time>2026-09-25T22:13:01Z</time>
      </trkpt>
      <trkpt lat="23.064596" lon="113.271683">
        <time>2026-09-25T22:13:06Z</time>
      </trkpt>
      <trkpt lat="23.064532" lon="113.271807">
        <time>2026-09-25T22:13:11Z</time>
      </trkpt>
      <trkpt lat="23.064472" lon="113.271933">
        <time>2026-09-25T22:13:16Z</time>
      </trkpt>
      <trkpt lat="23.064415" lon="113.27206">
        <time>2026-09-25T22:13:21Z</time>
      </trkpt>
      <trkpt lat="23.064344" lon="113.272168">
        <time>2026-09-25T22:13:26Z</time>
      </trkpt>
      <trkpt lat="23.064312" lon="113.272293">
        <time>2026-09-25T22:13:31Z</time>
      </trkpt>
      <trkpt lat="23.064306" lon="113.272426">
        <time>2026-09-25T22:13:36Z</time>
      </trkpt>
      <trkpt lat="23.064304" lon="113.272561">
        <time>2026-09-25T22:13:41Z</time>
      </trkpt>
      <trkpt lat="23.064328" lon="113.272696">
        <time>2026-09-25T22:13:46Z</time>
      </trkpt>
      <trkpt lat="23.064371" lon="113.272822">
        <time>2026-09-25T22:13:51Z</time>
      </trkpt>
      <trkpt lat="23.064415" lon="113.272941">
        <time>2026-09-25T22:13:56Z</time>
      </trkpt>
      <trkpt lat="23.064447" lon="113.273063">
        <time>2026-09-25T22:14:01Z</time>
      </trkpt>
      <trkpt lat="23.06445" lon="113.273191">
        <time>2026-09-25T22:14:06Z</time>
      </trkpt>
      <trkpt lat="23.0644" lon="113.273305">
        <time>2026-09-25T22:14:11Z</time>
      </trkpt>
      <trkpt lat="23.064309" lon="113.27339">
        <time>2026-09-25T22:14:16Z</time>
      </trkpt>
      <trkpt lat="23.064206" lon="113.273466">
        <time>2026-09-25T22:14:21Z</time>
      </trkpt>
      <trkpt lat="23.064102" lon="113.27354">
        <time>2026-09-25T22:14:26Z</time>
      </trkpt>
      <trkpt lat="23.064004" lon="113.273627">
        <time>2026-09-25T22:14:31Z</time>
      </trkpt>
      <trkpt lat="23.063918" lon="113.273725">
        <time>2026-09-25T22:14:36Z</time>
      </trkpt>
      <trkpt lat="23.06385" lon="113.273834">
        <time>2026-09-25T22:14:41Z</time>
      </trkpt>
      <trkpt lat="23.063786" lon="113.273945">
        <time>2026-09-25T22:14:46Z</time>
      </trkpt>
      <trkpt lat="23.063712" lon="113.274048">
        <time>2026-09-25T22:14:51Z</time>
      </trkpt>
      <trkpt lat="23.063605" lon="113.274116">
        <time>2026-09-25T22:14:56Z</time>
      </trkpt>
      <trkpt lat="23.063488" lon="113.2741">
        <time>2026-09-25T22:15:01Z</time>
      </trkpt>
      <trkpt lat="23.063391" lon="113.274136">
        <time>2026-09-25T22:15:06Z</time>
      </trkpt>
      <trkpt lat="23.063336" lon="113.274273">
        <time>2026-09-25T22:15:11Z</time>
      </trkpt>
      <trkpt lat="23.063294" lon="113.274408">
        <time>2026-09-25T22:15:16Z</time>
      </trkpt>
      <trkpt lat="23.063255" lon="113.274536">
        <time>2026-09-25T22:15:21Z</time>
      </trkpt>
      <trkpt lat="23.063211" lon="113.274659">
        <time>2026-09-25T22:15:26Z</time>
      </trkpt>
      <trkpt lat="23.063163" lon="113.274785">
        <time>2026-09-25T22:15:31Z</time>
      </trkpt>
      <trkpt lat="23.063105" lon="113.274915">
        <time>2026-09-25T22:15:36Z</time>
      </trkpt>
      <trkpt lat="23.063062" lon="113.275043">
        <time>2026-09-25T22:15:41Z</time>
      </trkpt>
      <trkpt lat="23.062998" lon="113.275157">
        <time>2026-09-25T22:15:46Z</time>
      </trkpt>
      <trkpt lat="23.062909" lon="113.275241">
        <time>2026-09-25T22:15:51Z</time>
      </trkpt>
      <trkpt lat="23.062916" lon="113.275365">
        <time>2026-09-25T22:15:56Z</time>
      </trkpt>
      <trkpt lat="23.062941" lon="113.275487">
        <time>2026-09-25T22:16:01Z</time>
      </trkpt>
      <trkpt lat="23.062865" lon="113.275598">
        <time>2026-09-25T22:16:06Z</time>
      </trkpt>
      <trkpt lat="23.062763" lon="113.275694">
        <time>2026-09-25T22:16:11Z</time>
      </trkpt>
      <trkpt lat="23.06267" lon="113.275794">
        <time>2026-09-25T22:16:16Z</time>
      </trkpt>
      <trkpt lat="23.06258" lon="113.275901">
        <time>2026-09-25T22:16:21Z</time>
      </trkpt>
      <trkpt lat="23.062512" lon="113.276015">
        <time>2026-09-25T22:16:26Z</time>
      </trkpt>
      <trkpt lat="23.062451" lon="113.276125">
        <time>2026-09-25T22:16:31Z</time>
      </trkpt>
      <trkpt lat="23.062399" lon="113.276241">
        <time>2026-09-25T22:16:36Z</time>
      </trkpt>
      <trkpt lat="23.062354" lon="113.276361">
        <time>2026-09-25T22:16:41Z</time>
      </trkpt>
      <trkpt lat="23.062313" lon="113.276483">
        <time>2026-09-25T22:16:46Z</time>
      </trkpt>
      <trkpt lat="23.062271" lon="113.276608">
        <time>2026-09-25T22:16:51Z</time>
      </trkpt>
      <trkpt lat="23.06223" lon="113.276732">
        <time>2026-09-25T22:16:56Z</time>
      </trkpt>
      <trkpt lat="23.062187" lon="113.276855">
        <time>2026-09-25T22:17:01Z</time>
      </trkpt>
      <trkpt lat="23.062139" lon="113.276973">
        <time>2026-09-25T22:17:06Z</time>
      </trkpt>
      <trkpt lat="23.062096" lon="113.27709">
        <time>2026-09-25T22:17:11Z</time>
      </trkpt>
      <trkpt lat="23.062044" lon="113.277216">
        <time>2026-09-25T22:17:16Z</time>
      </trkpt>
      <trkpt lat="23.061993" lon="113.27735">
        <time>2026-09-25T22:17:21Z</time>
      </trkpt>
      <trkpt lat="23.061939" lon="113.277478">
        <time>2026-09-25T22:17:26Z</time>
      </trkpt>
      <trkpt lat="23.061893" lon="113.277606">
        <time>2026-09-25T22:17:31Z</time>
      </trkpt>
      <trkpt lat="23.06185" lon="113.277735">
        <time>2026-09-25T22:17:36Z</time>
      </trkpt>
      <trkpt lat="23.061829" lon="113.277867">
        <time>2026-09-25T22:17:41Z</time>
      </trkpt>
      <trkpt lat="23.061826" lon="113.278002">
        <time>2026-09-25T22:17:46Z</time>
      </trkpt>
      <trkpt lat="23.061833" lon="113.278134">
        <time>2026-09-25T22:17:51Z</time>
      </trkpt>
      <trkpt lat="23.061837" lon="113.278266">
        <time>2026-09-25T22:17:56Z</time>
      </trkpt>
      <trkpt lat="23.061842" lon="113.278397">
        <time>2026-09-25T22:18:01Z</time>
      </trkpt>
      <trkpt lat="23.061852" lon="113.278532">
        <time>2026-09-25T22:18:06Z</time>
      </trkpt>
      <trkpt lat="23.061845" lon="113.278664">
        <time>2026-09-25T22:18:11Z</time>
      </trkpt>
      <trkpt lat="23.061797" lon="113.278747">
        <time>2026-09-25T22:18:16Z</time>
      </trkpt>
      <trkpt lat="23.061704" lon="113.278799">
        <time>2026-09-25T22:18:21Z</time>
      </trkpt>
      <trkpt lat="23.06165" lon="113.278917">
        <time>2026-09-25T22:18:26Z</time>
      </trkpt>
      <trkpt lat="23.061608" lon="113.279038">
        <time>2026-09-25T22:18:31Z</time>
      </trkpt>
      <trkpt lat="23.061561" lon="113.279153">
        <time>2026-09-25T22:18:36Z</time>
      </trkpt>
      <trkpt lat="23.06153" lon="113.279249">
        <time>2026-09-25T22:18:41Z</time>
      </trkpt>
      <trkpt lat="23.061491" lon="113.279381">
        <time>2026-09-25T22:18:46Z</time>
      </trkpt>
      <trkpt lat="23.061439" lon="113.279511">
        <time>2026-09-25T22:18:51Z</time>
      </trkpt>
      <trkpt lat="23.061381" lon="113.279642">
        <time>2026-09-25T22:18:56Z</time>
      </trkpt>
      <trkpt lat="23.061332" lon="113.279763">
        <time>2026-09-25T22:19:01Z</time>
      </trkpt>
      <trkpt lat="23.061281" lon="113.279883">
        <time>2026-09-25T22:19:06Z</time>
      </trkpt>
      <trkpt lat="23.061234" lon="113.280012">
        <time>2026-09-25T22:19:11Z</time>
      </trkpt>
      <trkpt lat="23.061199" lon="113.280138">
        <time>2026-09-25T22:19:16Z</time>
      </trkpt>
      <trkpt lat="23.061159" lon="113.280258">
        <time>2026-09-25T22:19:21Z</time>
      </trkpt>
      <trkpt lat="23.061132" lon="113.280379">
        <time>2026-09-25T22:19:26Z</time>
      </trkpt>
      <trkpt lat="23.061069" lon="113.280489">
        <time>2026-09-25T22:19:31Z</time>
      </trkpt>
      <trkpt lat="23.060992" lon="113.280581">
        <time>2026-09-25T22:19:36Z</time>
      </trkpt>
      <trkpt lat="23.060933" lon="113.280696">
        <time>2026-09-25T22:19:41Z</time>
      </trkpt>
      <trkpt lat="23.060883" lon="113.280816">
        <time>2026-09-25T22:19:46Z</time>
      </trkpt>
      <trkpt lat="23.060834" lon="113.280931">
        <time>2026-09-25T22:19:51Z</time>
      </trkpt>
      <trkpt lat="23.060785" lon="113.281047">
        <time>2026-09-25T22:19:56Z</time>
      </trkpt>
      <trkpt lat="23.060732" lon="113.28117">
        <time>2026-09-25T22:20:01Z</time>
      </trkpt>
      <trkpt lat="23.060679" lon="113.281289">
        <time>2026-09-25T22:20:06Z</time>
      </trkpt>
      <trkpt lat="23.060631" lon="113.281408">
        <time>2026-09-25T22:20:11Z</time>
      </trkpt>
      <trkpt lat="23.060581" lon="113.281524">
        <time>2026-09-25T22:20:16Z</time>
      </trkpt>
      <trkpt lat="23.06053" lon="113.281644">
        <time>2026-09-25T22:20:21Z</time>
      </trkpt>
      <trkpt lat="23.06048" lon="113.281762">
        <time>2026-09-25T22:20:26Z</time>
      </trkpt>
      <trkpt lat="23.060424" lon="113.281884">
        <time>2026-09-25T22:20:31Z</time>
      </trkpt>
      <trkpt lat="23.060372" lon="113.282001">
        <time>2026-09-25T22:20:36Z</time>
      </trkpt>
      <trkpt lat="23.060328" lon="113.282119">
        <time>2026-09-25T22:20:41Z</time>
      </trkpt>
      <trkpt lat="23.060278" lon="113.282234">
        <time>2026-09-25T22:20:46Z</time>
      </trkpt>
      <trkpt lat="23.06023" lon="113.282349">
        <time>2026-09-25T22:20:51Z</time>
      </trkpt>
      <trkpt lat="23.060181" lon="113.282468">
        <time>2026-09-25T22:20:56Z</time>
      </trkpt>
      <trkpt lat="23.060135" lon="113.282585">
        <time>2026-09-25T22:21:01Z</time>
      </trkpt>
      <trkpt lat="23.060085" lon="113.282701">
        <time>2026-09-25T22:21:06Z</time>
      </trkpt>
      <trkpt lat="23.060034" lon="113.282822">
        <time>2026-09-25T22:21:11Z</time>
      </trkpt>
      <trkpt lat="23.059976" lon="113.282942">
        <time>2026-09-25T22:21:16Z</time>
      </trkpt>
      <trkpt lat="23.059922" lon="113.283059">
        <time>2026-09-25T22:21:21Z</time>
      </trkpt>
      <trkpt lat="23.059869" lon="113.283176">
        <time>2026-09-25T22:21:26Z</time>
      </trkpt>
      <trkpt lat="23.059817" lon="113.283293">
        <time>2026-09-25T22:21:31Z</time>
      </trkpt>
      <trkpt lat="23.059769" lon="113.283414">
        <time>2026-09-25T22:21:36Z</time>
      </trkpt>
      <trkpt lat="23.059723" lon="113.283531">
        <time>2026-09-25T22:21:41Z</time>
      </trkpt>
      <trkpt lat="23.05968" lon="113.283656">
        <time>2026-09-25T22:21:46Z</time>
      </trkpt>
      <trkpt lat="23.05962" lon="113.283773">
        <time>2026-09-25T22:21:51Z</time>
      </trkpt>
      <trkpt lat="23.05956" lon="113.283896">
        <time>2026-09-25T22:21:56Z</time>
      </trkpt>
      <trkpt lat="23.059508" lon="113.28402">
        <time>2026-09-25T22:22:01Z</time>
      </trkpt>
      <trkpt lat="23.059465" lon="113.284152">
        <time>2026-09-25T22:22:06Z</time>
      </trkpt>
      <trkpt lat="23.059422" lon="113.284286">
        <time>2026-09-25T22:22:11Z</time>
      </trkpt>
      <trkpt lat="23.059379" lon="113.284405">
        <time>2026-09-25T22:22:16Z</time>
      </trkpt>
      <trkpt lat="23.059333" lon="113.28452">
        <time>2026-09-25T22:22:21Z</time>
      </trkpt>
      <trkpt lat="23.059285" lon="113.284639">
        <time>2026-09-25T22:22:26Z</time>
      </trkpt>
      <trkpt lat="23.059239" lon="113.28476">
        <time>2026-09-25T22:22:31Z</time>
      </trkpt>
      <trkpt lat="23.059191" lon="113.284875">
        <time>2026-09-25T22:22:36Z</time>
      </trkpt>
      <trkpt lat="23.059137" lon="113.284988">
        <time>2026-09-25T22:22:41Z</time>
      </trkpt>
      <trkpt lat="23.059087" lon="113.285102">
        <time>2026-09-25T22:22:46Z</time>
      </trkpt>
      <trkpt lat="23.05904" lon="113.285222">
        <time>2026-09-25T22:22:51Z</time>
      </trkpt>
      <trkpt lat="23.058985" lon="113.285349">
        <time>2026-09-25T22:22:56Z</time>
      </trkpt>
      <trkpt lat="23.058928" lon="113.28547">
        <time>2026-09-25T22:23:01Z</time>
      </trkpt>
      <trkpt lat="23.058874" lon="113.28559">
        <time>2026-09-25T22:23:06Z</time>
      </trkpt>
      <trkpt lat="23.058818" lon="113.285711">
        <time>2026-09-25T22:23:11Z</time>
      </trkpt>
      <trkpt lat="23.058766" lon="113.285831">
        <time>2026-09-25T22:23:16Z</time>
      </trkpt>
      <trkpt lat="23.058719" lon="113.285951">
        <time>2026-09-25T22:23:21Z</time>
      </trkpt>
      <trkpt lat="23.058675" lon="113.286067">
        <time>2026-09-25T22:23:26Z</time>
      </trkpt>
      <trkpt lat="23.058656" lon="113.286191">
        <time>2026-09-25T22:23:31Z</time>
      </trkpt>
      <trkpt lat="23.0587" lon="113.286307">
        <time>2026-09-25T22:23:36Z</time>
      </trkpt>
      <trkpt lat="23.05881" lon="113.286361">
        <time>2026-09-25T22:23:41Z</time>
      </trkpt>
      <trkpt lat="23.058928" lon="113.286388">
        <time>2026-09-25T22:23:46Z</time>
      </trkpt>
      <trkpt lat="23.059052" lon="113.286409">
        <time>2026-09-25T22:23:51Z</time>
      </trkpt>
      <trkpt lat="23.059181" lon="113.286422">
        <time>2026-09-25T22:23:56Z</time>
      </trkpt>
      <trkpt lat="23.059308" lon="113.28643">
        <time>2026-09-25T22:24:01Z</time>
      </trkpt>
      <trkpt lat="23.059428" lon="113.286443">
        <time>2026-09-25T22:24:06Z</time>
      </trkpt>
      <trkpt lat="23.059553" lon="113.286441">
        <time>2026-09-25T22:24:11Z</time>
      </trkpt>
      <trkpt lat="23.059676" lon="113.286439">
        <time>2026-09-25T22:24:16Z</time>
      </trkpt>
      <trkpt lat="23.059788" lon="113.286439">
        <time>2026-09-25T22:24:21Z</time>
      </trkpt>
      <trkpt lat="23.059906" lon="113.28644">
        <time>2026-09-25T22:24:26Z</time>
      </trkpt>
      <trkpt lat="23.060034" lon="113.286472">
        <time>2026-09-25T22:24:31Z</time>
      </trkpt>
      <trkpt lat="23.060122" lon="113.286582">
        <time>2026-09-25T22:24:36Z</time>
      </trkpt>
      <trkpt lat="23.060132" lon="113.28674">
        <time>2026-09-25T22:24:41Z</time>
      </trkpt>
      <trkpt lat="23.060129" lon="113.286894">
        <time>2026-09-25T22:24:46Z</time>
      </trkpt>
      <trkpt lat="23.060136" lon="113.287034">
        <time>2026-09-25T22:24:51Z</time>
      </trkpt>
      <trkpt lat="23.06015" lon="113.287175">
        <time>2026-09-25T22:24:56Z</time>
      </trkpt>
      <trkpt lat="23.060174" lon="113.287313">
        <time>2026-09-25T22:25:01Z</time>
      </trkpt>
      <trkpt lat="23.060208" lon="113.287436">
        <time>2026-09-25T22:25:06Z</time>
      </trkpt>
      <trkpt lat="23.060251" lon="113.28755">
        <time>2026-09-25T22:25:11Z</time>
      </trkpt>
      <trkpt lat="23.060259" lon="113.287683">
        <time>2026-09-25T22:25:16Z</time>
      </trkpt>
      <trkpt lat="23.060242" lon="113.287847">
        <time>2026-09-25T22:25:21Z</time>
      </trkpt>
      <trkpt lat="23.060176" lon="113.287951">
        <time>2026-09-25T22:25:26Z</time>
      </trkpt>
      <trkpt lat="23.060058" lon="113.288012">
        <time>2026-09-25T22:25:31Z</time>
      </trkpt>
      <trkpt lat="23.05992" lon="113.288023">
        <time>2026-09-25T22:25:36Z</time>
      </trkpt>
      <trkpt lat="23.059796" lon="113.288042">
        <time>2026-09-25T22:25:41Z</time>
      </trkpt>
      <trkpt lat="23.059677" lon="113.288062">
        <time>2026-09-25T22:25:46Z</time>
      </trkpt>
      <trkpt lat="23.059544" lon="113.28806">
        <time>2026-09-25T22:25:51Z</time>
      </trkpt>
      <trkpt lat="23.0594" lon="113.288067">
        <time>2026-09-25T22:25:56Z</time>
      </trkpt>
      <trkpt lat="23.059274" lon="113.288068">
        <time>2026-09-25T22:26:01Z</time>
      </trkpt>
      <trkpt lat="23.059159" lon="113.288069">
        <time>2026-09-25T22:26:06Z</time>
      </trkpt>
      <trkpt lat="23.05904" lon="113.28807">
        <time>2026-09-25T22:26:11Z</time>
      </trkpt>
      <trkpt lat="23.05892" lon="113.288072">
        <time>2026-09-25T22:26:16Z</time>
      </trkpt>
      <trkpt lat="23.058798" lon="113.288082">
        <time>2026-09-25T22:26:21Z</time>
      </trkpt>
      <trkpt lat="23.058664" lon="113.288101">
        <time>2026-09-25T22:26:26Z</time>
      </trkpt>
      <trkpt lat="23.058537" lon="113.288142">
        <time>2026-09-25T22:26:31Z</time>
      </trkpt>
      <trkpt lat="23.058449" lon="113.288246">
        <time>2026-09-25T22:26:36Z</time>
      </trkpt>
      <trkpt lat="23.058394" lon="113.288375">
        <time>2026-09-25T22:26:41Z</time>
      </trkpt>
      <trkpt lat="23.058399" lon="113.288516">
        <time>2026-09-25T22:26:46Z</time>
      </trkpt>
      <trkpt lat="23.05842" lon="113.288655">
        <time>2026-09-25T22:26:51Z</time>
      </trkpt>
      <trkpt lat="23.058441" lon="113.288794">
        <time>2026-09-25T22:26:56Z</time>
      </trkpt>
      <trkpt lat="23.058451" lon="113.288934">
        <time>2026-09-25T22:27:01Z</time>
      </trkpt>
      <trkpt lat="23.058456" lon="113.28907">
        <time>2026-09-25T22:27:06Z</time>
      </trkpt>
      <trkpt lat="23.058466" lon="113.289208">
        <time>2026-09-25T22:27:11Z</time>
      </trkpt>
      <trkpt lat="23.058465" lon="113.289353">
        <time>2026-09-25T22:27:16Z</time>
      </trkpt>
      <trkpt lat="23.05847" lon="113.289497">
        <time>2026-09-25T22:27:21Z</time>
      </trkpt>
      <trkpt lat="23.058504" lon="113.289635">
        <time>2026-09-25T22:27:26Z</time>
      </trkpt>
      <trkpt lat="23.058516" lon="113.289776">
        <time>2026-09-25T22:27:31Z</time>
      </trkpt>
      <trkpt lat="23.058537" lon="113.289904">
        <time>2026-09-25T22:27:36Z</time>
      </trkpt>
      <trkpt lat="23.058559" lon="113.290036">
        <time>2026-09-25T22:27:41Z</time>
      </trkpt>
      <trkpt lat="23.058582" lon="113.290171">
        <time>2026-09-25T22:27:46Z</time>
      </trkpt>
      <trkpt lat="23.058604" lon="113.290302">
        <time>2026-09-25T22:27:51Z</time>
      </trkpt>
      <trkpt lat="23.058626" lon="113.290429">
        <time>2026-09-25T22:27:56Z</time>
      </trkpt>
      <trkpt lat="23.058635" lon="113.290557">
        <time>2026-09-25T22:28:01Z</time>
      </trkpt>
      <trkpt lat="23.058659" lon="113.290688">
        <time>2026-09-25T22:28:06Z</time>
      </trkpt>
      <trkpt lat="23.058681" lon="113.29081">
        <time>2026-09-25T22:28:11Z</time>
      </trkpt>
      <trkpt lat="23.058699" lon="113.290933">
        <time>2026-09-25T22:28:16Z</time>
      </trkpt>
      <trkpt lat="23.058717" lon="113.291072">
        <time>2026-09-25T22:28:21Z</time>
      </trkpt>
      <trkpt lat="23.058747" lon="113.291209">
        <time>2026-09-25T22:28:26Z</time>
      </trkpt>
      <trkpt lat="23.058769" lon="113.291335">
        <time>2026-09-25T22:28:31Z</time>
      </trkpt>
      <trkpt lat="23.058794" lon="113.291457">
        <time>2026-09-25T22:28:36Z</time>
      </trkpt>
      <trkpt lat="23.058813" lon="113.291585">
        <time>2026-09-25T22:28:41Z</time>
      </trkpt>
      <trkpt lat="23.058831" lon="113.291716">
        <time>2026-09-25T22:28:46Z</time>
      </trkpt>
      <trkpt lat="23.058853" lon="113.291858">
        <time>2026-09-25T22:28:51Z</time>
      </trkpt>
      <trkpt lat="23.058876" lon="113.291998">
        <time>2026-09-25T22:28:56Z</time>
      </trkpt>
      <trkpt lat="23.058896" lon="113.29213">
        <time>2026-09-25T22:29:01Z</time>
      </trkpt>
      <trkpt lat="23.058909" lon="113.292255">
        <time>2026-09-25T22:29:06Z</time>
      </trkpt>
      <trkpt lat="23.058921" lon="113.292379">
        <time>2026-09-25T22:29:11Z</time>
      </trkpt>
      <trkpt lat="23.058942" lon="113.29251">
        <time>2026-09-25T22:29:16Z</time>
      </trkpt>
      <trkpt lat="23.058959" lon="113.292646">
        <time>2026-09-25T22:29:21Z</time>
      </trkpt>
      <trkpt lat="23.058958" lon="113.292787">
        <time>2026-09-25T22:29:26Z</time>
      </trkpt>
      <trkpt lat="23.058952" lon="113.292932">
        <time>2026-09-25T22:29:31Z</time>
      </trkpt>
      <trkpt lat="23.058943" lon="113.293056">
        <time>2026-09-25T22:29:36Z</time>
      </trkpt>
      <trkpt lat="23.058942" lon="113.293184">
        <time>2026-09-25T22:29:41Z</time>
      </trkpt>
      <trkpt lat="23.058943" lon="113.29332">
        <time>2026-09-25T22:29:46Z</time>
      </trkpt>
      <trkpt lat="23.058939" lon="113.293469">
        <time>2026-09-25T22:29:51Z</time>
      </trkpt>
      <trkpt lat="23.058927" lon="113.293609">
        <time>2026-09-25T22:29:56Z</time>
      </trkpt>
      <trkpt lat="23.058917" lon="113.293732">
        <time>2026-09-25T22:30:01Z</time>
      </trkpt>
      <trkpt lat="23.058897" lon="113.293862">
        <time>2026-09-25T22:30:06Z</time>
      </trkpt>
      <trkpt lat="23.058857" lon="113.294008">
        <time>2026-09-25T22:30:11Z</time>
      </trkpt>
      <trkpt lat="23.058845" lon="113.294143">
        <time>2026-09-25T22:30:16Z</time>
      </trkpt>
      <trkpt lat="23.058834" lon="113.294282">
        <time>2026-09-25T22:30:21Z</time>
      </trkpt>
      <trkpt lat="23.058812" lon="113.294424">
        <time>2026-09-25T22:30:26Z</time>
      </trkpt>
      <trkpt lat="23.058785" lon="113.294556">
        <time>2026-09-25T22:30:31Z</time>
      </trkpt>
      <trkpt lat="23.058756" lon="113.294684">
        <time>2026-09-25T22:30:36Z</time>
      </trkpt>
      <trkpt lat="23.058716" lon="113.294823">
        <time>2026-09-25T22:30:41Z</time>
      </trkpt>
      <trkpt lat="23.058688" lon="113.294955">
        <time>2026-09-25T22:30:46Z</time>
      </trkpt>
      <trkpt lat="23.058677" lon="113.295085">
        <time>2026-09-25T22:30:51Z</time>
      </trkpt>
      <trkpt lat="23.058657" lon="113.295222">
        <time>2026-09-25T22:30:56Z</time>
      </trkpt>
      <trkpt lat="23.058629" lon="113.295353">
        <time>2026-09-25T22:31:01Z</time>
      </trkpt>
      <trkpt lat="23.058599" lon="113.295486">
        <time>2026-09-25T22:31:06Z</time>
      </trkpt>
      <trkpt lat="23.058554" lon="113.295625">
        <time>2026-09-25T22:31:11Z</time>
      </trkpt>
      <trkpt lat="23.058522" lon="113.295747">
        <time>2026-09-25T22:31:16Z</time>
      </trkpt>
      <trkpt lat="23.058492" lon="113.295872">
        <time>2026-09-25T22:31:21Z</time>
      </trkpt>
      <trkpt lat="23.058462" lon="113.296014">
        <time>2026-09-25T22:31:26Z</time>
      </trkpt>
      <trkpt lat="23.058445" lon="113.296152">
        <time>2026-09-25T22:31:31Z</time>
      </trkpt>
      <trkpt lat="23.058426" lon="113.296276">
        <time>2026-09-25T22:31:36Z</time>
      </trkpt>
      <trkpt lat="23.058403" lon="113.296391">
        <time>2026-09-25T22:31:41Z</time>
      </trkpt>
      <trkpt lat="23.058375" lon="113.296502">
        <time>2026-09-25T22:31:46Z</time>
      </trkpt>
      <trkpt lat="23.05834" lon="113.296632">
        <time>2026-09-25T22:31:51Z</time>
      </trkpt>
      <trkpt lat="23.058314" lon="113.296773">
        <time>2026-09-25T22:31:56Z</time>
      </trkpt>
      <trkpt lat="23.058292" lon="113.296914">
        <time>2026-09-25T22:32:01Z</time>
      </trkpt>
      <trkpt lat="23.058269" lon="113.297055">
        <time>2026-09-25T22:32:06Z</time>
      </trkpt>
      <trkpt lat="23.058248" lon="113.297196">
        <time>2026-09-25T22:32:11Z</time>
      </trkpt>
      <trkpt lat="23.058236" lon="113.297328">
        <time>2026-09-25T22:32:16Z</time>
      </trkpt>
      <trkpt lat="23.058227" lon="113.29746">
        <time>2026-09-25T22:32:21Z</time>
      </trkpt>
      <trkpt lat="23.058222" lon="113.297596">
        <time>2026-09-25T22:32:26Z</time>
      </trkpt>
      <trkpt lat="23.058221" lon="113.297731">
        <time>2026-09-25T22:32:31Z</time>
      </trkpt>
      <trkpt lat="23.058223" lon="113.297862">
        <time>2026-09-25T22:32:36Z</time>
      </trkpt>
      <trkpt lat="23.058221" lon="113.298005">
        <time>2026-09-25T22:32:41Z</time>
      </trkpt>
      <trkpt lat="23.058213" lon="113.298149">
        <time>2026-09-25T22:32:46Z</time>
      </trkpt>
      <trkpt lat="23.058202" lon="113.298281">
        <time>2026-09-25T22:32:51Z</time>
      </trkpt>
      <trkpt lat="23.05819" lon="113.298414">
        <time>2026-09-25T22:32:56Z</time>
      </trkpt>
      <trkpt lat="23.058181" lon="113.298543">
        <time>2026-09-25T22:33:01Z</time>
      </trkpt>
      <trkpt lat="23.058162" lon="113.298665">
        <time>2026-09-25T22:33:06Z</time>
      </trkpt>
      <trkpt lat="23.058142" lon="113.298794">
        <time>2026-09-25T22:33:11Z</time>
      </trkpt>
      <trkpt lat="23.058128" lon="113.298936">
        <time>2026-09-25T22:33:16Z</time>
      </trkpt>
      <trkpt lat="23.058114" lon="113.299071">
        <time>2026-09-25T22:33:21Z</time>
      </trkpt>
      <trkpt lat="23.058091" lon="113.299201">
        <time>2026-09-25T22:33:26Z</time>
      </trkpt>
      <trkpt lat="23.058072" lon="113.299338">
        <time>2026-09-25T22:33:31Z</time>
      </trkpt>
      <trkpt lat="23.058055" lon="113.299498">
        <time>2026-09-25T22:33:36Z</time>
      </trkpt>
      <trkpt lat="23.058039" lon="113.299649">
        <time>2026-09-25T22:33:41Z</time>
      </trkpt>
      <trkpt lat="23.058018" lon="113.299784">
        <time>2026-09-25T22:33:46Z</time>
      </trkpt>
      <trkpt lat="23.057998" lon="113.299923">
        <time>2026-09-25T22:33:51Z</time>
      </trkpt>
      <trkpt lat="23.057974" lon="113.300062">
        <time>2026-09-25T22:33:56Z</time>
      </trkpt>
      <trkpt lat="23.057949" lon="113.300208">
        <time>2026-09-25T22:34:01Z</time>
      </trkpt>
      <trkpt lat="23.057926" lon="113.300344">
        <time>2026-09-25T22:34:06Z</time>
      </trkpt>
      <trkpt lat="23.057909" lon="113.30048">
        <time>2026-09-25T22:34:11Z</time>
      </trkpt>
      <trkpt lat="23.057883" lon="113.300614">
        <time>2026-09-25T22:34:16Z</time>
      </trkpt>
      <trkpt lat="23.057856" lon="113.300751">
        <time>2026-09-25T22:34:21Z</time>
      </trkpt>
      <trkpt lat="23.057842" lon="113.300884">
        <time>2026-09-25T22:34:26Z</time>
      </trkpt>
      <trkpt lat="23.05783" lon="113.301009">
        <time>2026-09-25T22:34:31Z</time>
      </trkpt>
      <trkpt lat="23.057804" lon="113.301139">
        <time>2026-09-25T22:34:36Z</time>
      </trkpt>
      <trkpt lat="23.057784" lon="113.301267">
        <time>2026-09-25T22:34:41Z</time>
      </trkpt>
      <trkpt lat="23.05776" lon="113.301397">
        <time>2026-09-25T22:34:46Z</time>
      </trkpt>
      <trkpt lat="23.057731" lon="113.301528">
        <time>2026-09-25T22:34:51Z</time>
      </trkpt>
      <trkpt lat="23.0577" lon="113.301669">
        <time>2026-09-25T22:34:56Z</time>
      </trkpt>
      <trkpt lat="23.057677" lon="113.30182">
        <time>2026-09-25T22:35:01Z</time>
      </trkpt>
      <trkpt lat="23.057668" lon="113.301955">
        <time>2026-09-25T22:35:06Z</time>
      </trkpt>
      <trkpt lat="23.057642" lon="113.302084">
        <time>2026-09-25T22:35:11Z</time>
      </trkpt>
      <trkpt lat="23.057619" lon="113.302209">
        <time>2026-09-25T22:35:16Z</time>
      </trkpt>
      <trkpt lat="23.057589" lon="113.302346">
        <time>2026-09-25T22:35:21Z</time>
      </trkpt>
      <trkpt lat="23.05761" lon="113.302518">
        <time>2026-09-25T22:35:26Z</time>
      </trkpt>
      <trkpt lat="23.057595" lon="113.302662">
        <time>2026-09-25T22:35:31Z</time>
      </trkpt>
      <trkpt lat="23.057575" lon="113.302787">
        <time>2026-09-25T22:35:36Z</time>
      </trkpt>
      <trkpt lat="23.057566" lon="113.302907">
        <time>2026-09-25T22:35:41Z</time>
      </trkpt>
      <trkpt lat="23.057554" lon="113.303031">
        <time>2026-09-25T22:35:46Z</time>
      </trkpt>
      <trkpt lat="23.05753" lon="113.303172">
        <time>2026-09-25T22:35:51Z</time>
      </trkpt>
      <trkpt lat="23.057505" lon="113.303309">
        <time>2026-09-25T22:35:56Z</time>
      </trkpt>
      <trkpt lat="23.057496" lon="113.30344">
        <time>2026-09-25T22:36:01Z</time>
      </trkpt>
      <trkpt lat="23.057479" lon="113.303572">
        <time>2026-09-25T22:36:06Z</time>
      </trkpt>
      <trkpt lat="23.057451" lon="113.303692">
        <time>2026-09-25T22:36:11Z</time>
      </trkpt>
      <trkpt lat="23.057422" lon="113.303813">
        <time>2026-09-25T22:36:16Z</time>
      </trkpt>
      <trkpt lat="23.057395" lon="113.303951">
        <time>2026-09-25T22:36:21Z</time>
      </trkpt>
      <trkpt lat="23.057377" lon="113.304093">
        <time>2026-09-25T22:36:26Z</time>
      </trkpt>
      <trkpt lat="23.057355" lon="113.304223">
        <time>2026-09-25T22:36:31Z</time>
      </trkpt>
      <trkpt lat="23.057342" lon="113.304363">
        <time>2026-09-25T22:36:36Z</time>
      </trkpt>
      <trkpt lat="23.057331" lon="113.304493">
        <time>2026-09-25T22:36:41Z</time>
      </trkpt>
      <trkpt lat="23.057325" lon="113.304622">
        <time>2026-09-25T22:36:46Z</time>
      </trkpt>
      <trkpt lat="23.057311" lon="113.304767">
        <time>2026-09-25T22:36:51Z</time>
      </trkpt>
      <trkpt lat="23.057303" lon="113.304909">
        <time>2026-09-25T22:36:56Z</time>
      </trkpt>
      <trkpt lat="23.057313" lon="113.305057">
        <time>2026-09-25T22:37:01Z</time>
      </trkpt>
      <trkpt lat="23.057304" lon="113.305206">
        <time>2026-09-25T22:37:06Z</time>
      </trkpt>
      <trkpt lat="23.057293" lon="113.305338">
        <time>2026-09-25T22:37:11Z</time>
      </trkpt>
      <trkpt lat="23.057273" lon="113.305481">
        <time>2026-09-25T22:37:16Z</time>
      </trkpt>
      <trkpt lat="23.057248" lon="113.305623">
        <time>2026-09-25T22:37:21Z</time>
      </trkpt>
      <trkpt lat="23.057238" lon="113.305767">
        <time>2026-09-25T22:37:26Z</time>
      </trkpt>
      <trkpt lat="23.057228" lon="113.305905">
        <time>2026-09-25T22:37:31Z</time>
      </trkpt>
      <trkpt lat="23.057212" lon="113.306036">
        <time>2026-09-25T22:37:36Z</time>
      </trkpt>
      <trkpt lat="23.057199" lon="113.306168">
        <time>2026-09-25T22:37:41Z</time>
      </trkpt>
      <trkpt lat="23.057203" lon="113.306304">
        <time>2026-09-25T22:37:46Z</time>
      </trkpt>
      <trkpt lat="23.057214" lon="113.306436">
        <time>2026-09-25T22:37:51Z</time>
      </trkpt>
      <trkpt lat="23.057209" lon="113.30657">
        <time>2026-09-25T22:37:56Z</time>
      </trkpt>
      <trkpt lat="23.057196" lon="113.3067">
        <time>2026-09-25T22:38:01Z</time>
      </trkpt>
      <trkpt lat="23.05718" lon="113.306845">
        <time>2026-09-25T22:38:06Z</time>
      </trkpt>
      <trkpt lat="23.05718" lon="113.306996">
        <time>2026-09-25T22:38:11Z</time>
      </trkpt>
      <trkpt lat="23.057184" lon="113.307138">
        <time>2026-09-25T22:38:16Z</time>
      </trkpt>
      <trkpt lat="23.05719" lon="113.307268">
        <time>2026-09-25T22:38:21Z</time>
      </trkpt>
      <trkpt lat="23.057194" lon="113.307398">
        <time>2026-09-25T22:38:26Z</time>
      </trkpt>
      <trkpt lat="23.057172" lon="113.307552">
        <time>2026-09-25T22:38:31Z</time>
      </trkpt>
      <trkpt lat="23.057176" lon="113.307706">
        <time>2026-09-25T22:38:36Z</time>
      </trkpt>
      <trkpt lat="23.05718" lon="113.307848">
        <time>2026-09-25T22:38:41Z</time>
      </trkpt>
      <trkpt lat="23.057184" lon="113.307979">
        <time>2026-09-25T22:38:46Z</time>
      </trkpt>
      <trkpt lat="23.0572" lon="113.308091">
        <time>2026-09-25T22:38:51Z</time>
      </trkpt>
      <trkpt lat="23.057209" lon="113.308211">
        <time>2026-09-25T22:38:56Z</time>
      </trkpt>
      <trkpt lat="23.057199" lon="113.308347">
        <time>2026-09-25T22:39:01Z</time>
      </trkpt>
      <trkpt lat="23.057193" lon="113.308475">
        <time>2026-09-25T22:39:06Z</time>
      </trkpt>
      <trkpt lat="23.057186" lon="113.308602">
        <time>2026-09-25T22:39:11Z</time>
      </trkpt>
      <trkpt lat="23.057188" lon="113.308741">
        <time>2026-09-25T22:39:16Z</time>
      </trkpt>
      <trkpt lat="23.057198" lon="113.308876">
        <time>2026-09-25T22:39:21Z</time>
      </trkpt>
      <trkpt lat="23.057211" lon="113.309012">
        <time>2026-09-25T22:39:26Z</time>
      </trkpt>
      <trkpt lat="23.057223" lon="113.309144">
        <time>2026-09-25T22:39:31Z</time>
      </trkpt>
      <trkpt lat="23.057239" lon="113.309273">
        <time>2026-09-25T22:39:36Z</time>
      </trkpt>
      <trkpt lat="23.057269" lon="113.309412">
        <time>2026-09-25T22:39:41Z</time>
      </trkpt>
      <trkpt lat="23.057293" lon="113.309554">
        <time>2026-09-25T22:39:46Z</time>
      </trkpt>
      <trkpt lat="23.057313" lon="113.309688">
        <time>2026-09-25T22:39:51Z</time>
      </trkpt>
      <trkpt lat="23.057336" lon="113.309811">
        <time>2026-09-25T22:39:56Z</time>
      </trkpt>
      <trkpt lat="23.057352" lon="113.309936">
        <time>2026-09-25T22:40:01Z</time>
      </trkpt>
      <trkpt lat="23.057352" lon="113.310069">
        <time>2026-09-25T22:40:06Z</time>
      </trkpt>
      <trkpt lat="23.057352" lon="113.310195">
        <time>2026-09-25T22:40:11Z</time>
      </trkpt>
      <trkpt lat="23.05736" lon="113.310327">
        <time>2026-09-25T22:40:16Z</time>
      </trkpt>
      <trkpt lat="23.057361" lon="113.310468">
        <time>2026-09-25T22:40:21Z</time>
      </trkpt>
      <trkpt lat="23.057367" lon="113.310602">
        <time>2026-09-25T22:40:26Z</time>
      </trkpt>
      <trkpt lat="23.057377" lon="113.310738">
        <time>2026-09-25T22:40:31Z</time>
      </trkpt>
      <trkpt lat="23.057373" lon="113.310871">
        <time>2026-09-25T22:40:36Z</time>
      </trkpt>
      <trkpt lat="23.057344" lon="113.311001">
        <time>2026-09-25T22:40:41Z</time>
      </trkpt>
      <trkpt lat="23.057335" lon="113.31113">
        <time>2026-09-25T22:40:46Z</time>
      </trkpt>
      <trkpt lat="23.057331" lon="113.311262">
        <time>2026-09-25T22:40:51Z</time>
      </trkpt>
      <trkpt lat="23.05733" lon="113.311401">
        <time>2026-09-25T22:40:56Z</time>
      </trkpt>
      <trkpt lat="23.057336" lon="113.311535">
        <time>2026-09-25T22:41:01Z</time>
      </trkpt>
      <trkpt lat="23.05734" lon="113.311675">
        <time>2026-09-25T22:41:06Z</time>
      </trkpt>
      <trkpt lat="23.057341" lon="113.311816">
        <time>2026-09-25T22:41:11Z</time>
      </trkpt>
      <trkpt lat="23.057357" lon="113.311954">
        <time>2026-09-25T22:41:16Z</time>
      </trkpt>
      <trkpt lat="23.057362" lon="113.312087">
        <time>2026-09-25T22:41:21Z</time>
      </trkpt>
      <trkpt lat="23.057368" lon="113.312224">
        <time>2026-09-25T22:41:26Z</time>
      </trkpt>
      <trkpt lat="23.057373" lon="113.312359">
        <time>2026-09-25T22:41:31Z</time>
      </trkpt>
      <trkpt lat="23.057378" lon="113.31249">
        <time>2026-09-25T22:41:36Z</time>
      </trkpt>
      <trkpt lat="23.057377" lon="113.31262">
        <time>2026-09-25T22:41:41Z</time>
      </trkpt>
      <trkpt lat="23.057385" lon="113.312748">
        <time>2026-09-25T22:41:46Z</time>
      </trkpt>
      <trkpt lat="23.057389" lon="113.312882">
        <time>2026-09-25T22:41:51Z</time>
      </trkpt>
      <trkpt lat="23.057396" lon="113.313011">
        <time>2026-09-25T22:41:56Z</time>
      </trkpt>
      <trkpt lat="23.057401" lon="113.313137">
        <time>2026-09-25T22:42:01Z</time>
      </trkpt>
      <trkpt lat="23.057406" lon="113.313269">
        <time>2026-09-25T22:42:06Z</time>
      </trkpt>
      <trkpt lat="23.057406" lon="113.313408">
        <time>2026-09-25T22:42:11Z</time>
      </trkpt>
      <trkpt lat="23.057408" lon="113.31355">
        <time>2026-09-25T22:42:16Z</time>
      </trkpt>
      <trkpt lat="23.057414" lon="113.313686">
        <time>2026-09-25T22:42:21Z</time>
      </trkpt>
      <trkpt lat="23.057413" lon="113.313826">
        <time>2026-09-25T22:42:26Z</time>
      </trkpt>
      <trkpt lat="23.057412" lon="113.313966">
        <time>2026-09-25T22:42:31Z</time>
      </trkpt>
      <trkpt lat="23.057413" lon="113.314101">
        <time>2026-09-25T22:42:36Z</time>
      </trkpt>
      <trkpt lat="23.057413" lon="113.314232">
        <time>2026-09-25T22:42:41Z</time>
      </trkpt>
      <trkpt lat="23.05741" lon="113.314358">
        <time>2026-09-25T22:42:46Z</time>
      </trkpt>
      <trkpt lat="23.057409" lon="113.314483">
        <time>2026-09-25T22:42:51Z</time>
      </trkpt>
      <trkpt lat="23.057408" lon="113.314623">
        <time>2026-09-25T22:42:56Z</time>
      </trkpt>
      <trkpt lat="23.057408" lon="113.314759">
        <time>2026-09-25T22:43:01Z</time>
      </trkpt>
      <trkpt lat="23.057406" lon="113.3149">
        <time>2026-09-25T22:43:06Z</time>
      </trkpt>
      <trkpt lat="23.0574" lon="113.315052">
        <time>2026-09-25T22:43:11Z</time>
      </trkpt>
      <trkpt lat="23.057389" lon="113.315198">
        <time>2026-09-25T22:43:16Z</time>
      </trkpt>
      <trkpt lat="23.057387" lon="113.315336">
        <time>2026-09-25T22:43:21Z</time>
      </trkpt>
      <trkpt lat="23.05739" lon="113.315479">
        <time>2026-09-25T22:43:26Z</time>
      </trkpt>
      <trkpt lat="23.057404" lon="113.315617">
        <time>2026-09-25T22:43:31Z</time>
      </trkpt>
      <trkpt lat="23.057414" lon="113.315755">
        <time>2026-09-25T22:43:36Z</time>
      </trkpt>
      <trkpt lat="23.057423" lon="113.315885">
        <time>2026-09-25T22:43:41Z</time>
      </trkpt>
      <trkpt lat="23.057428" lon="113.316017">
        <time>2026-09-25T22:43:46Z</time>
      </trkpt>
      <trkpt lat="23.057428" lon="113.316152">
        <time>2026-09-25T22:43:51Z</time>
      </trkpt>
      <trkpt lat="23.057428" lon="113.316292">
        <time>2026-09-25T22:43:56Z</time>
      </trkpt>
      <trkpt lat="23.057434" lon="113.316431">
        <time>2026-09-25T22:44:01Z</time>
      </trkpt>
      <trkpt lat="23.057437" lon="113.316565">
        <time>2026-09-25T22:44:06Z</time>
      </trkpt>
      <trkpt lat="23.057439" lon="113.316695">
        <time>2026-09-25T22:44:11Z</time>
      </trkpt>
      <trkpt lat="23.057438" lon="113.316829">
        <time>2026-09-25T22:44:16Z</time>
      </trkpt>
      <trkpt lat="23.057439" lon="113.316958">
        <time>2026-09-25T22:44:21Z</time>
      </trkpt>
      <trkpt lat="23.057443" lon="113.317091">
        <time>2026-09-25T22:44:26Z</time>
      </trkpt>
      <trkpt lat="23.057448" lon="113.317222">
        <time>2026-09-25T22:44:31Z</time>
      </trkpt>
      <trkpt lat="23.05746" lon="113.317343">
        <time>2026-09-25T22:44:36Z</time>
      </trkpt>
      <trkpt lat="23.057471" lon="113.317472">
        <time>2026-09-25T22:44:41Z</time>
      </trkpt>
      <trkpt lat="23.057469" lon="113.317605">
        <time>2026-09-25T22:44:46Z</time>
      </trkpt>
      <trkpt lat="23.05751" lon="113.317738">
        <time>2026-09-25T22:44:51Z</time>
      </trkpt>
      <trkpt lat="23.057562" lon="113.317859">
        <time>2026-09-25T22:44:56Z</time>
      </trkpt>
      <trkpt lat="23.057622" lon="113.317976">
        <time>2026-09-25T22:45:01Z</time>
      </trkpt>
      <trkpt lat="23.057678" lon="113.318087">
        <time>2026-09-25T22:45:06Z</time>
      </trkpt>
      <trkpt lat="23.057718" lon="113.318201">
        <time>2026-09-25T22:45:11Z</time>
      </trkpt>
      <trkpt lat="23.057721" lon="113.318335">
        <time>2026-09-25T22:45:16Z</time>
      </trkpt>
      <trkpt lat="23.057737" lon="113.318465">
        <time>2026-09-25T22:45:21Z</time>
      </trkpt>
      <trkpt lat="23.057749" lon="113.318594">
        <time>2026-09-25T22:45:26Z</time>
      </trkpt>
      <trkpt lat="23.057762" lon="113.318719">
        <time>2026-09-25T22:45:31Z</time>
      </trkpt>
      <trkpt lat="23.057788" lon="113.318837">
        <time>2026-09-25T22:45:36Z</time>
      </trkpt>
      <trkpt lat="23.057797" lon="113.318951">
        <time>2026-09-25T22:45:41Z</time>
      </trkpt>
      <trkpt lat="23.057809" lon="113.319078">
        <time>2026-09-25T22:45:46Z</time>
      </trkpt>
      <trkpt lat="23.057823" lon="113.319204">
        <time>2026-09-25T22:45:51Z</time>
      </trkpt>
      <trkpt lat="23.057821" lon="113.319327">
        <time>2026-09-25T22:45:56Z</time>
      </trkpt>
      <trkpt lat="23.057805" lon="113.319454">
        <time>2026-09-25T22:46:01Z</time>
      </trkpt>
      <trkpt lat="23.057801" lon="113.319585">
        <time>2026-09-25T22:46:06Z</time>
      </trkpt>
      <trkpt lat="23.057801" lon="113.319722">
        <time>2026-09-25T22:46:11Z</time>
      </trkpt>
      <trkpt lat="23.057797" lon="113.319869">
        <time>2026-09-25T22:46:16Z</time>
      </trkpt>
      <trkpt lat="23.057797" lon="113.320022">
        <time>2026-09-25T22:46:21Z</time>
      </trkpt>
      <trkpt lat="23.05779" lon="113.320163">
        <time>2026-09-25T22:46:26Z</time>
      </trkpt>
      <trkpt lat="23.05778" lon="113.320301">
        <time>2026-09-25T22:46:31Z</time>
      </trkpt>
      <trkpt lat="23.057776" lon="113.320438">
        <time>2026-09-25T22:46:36Z</time>
      </trkpt>
      <trkpt lat="23.057768" lon="113.320579">
        <time>2026-09-25T22:46:41Z</time>
      </trkpt>
      <trkpt lat="23.057765" lon="113.320728">
        <time>2026-09-25T22:46:46Z</time>
      </trkpt>
      <trkpt lat="23.05776" lon="113.320871">
        <time>2026-09-25T22:46:51Z</time>
      </trkpt>
      <trkpt lat="23.057753" lon="113.321009">
        <time>2026-09-25T22:46:56Z</time>
      </trkpt>
      <trkpt lat="23.057759" lon="113.321148">
        <time>2026-09-25T22:47:01Z</time>
      </trkpt>
      <trkpt lat="23.057757" lon="113.32127">
        <time>2026-09-25T22:47:06Z</time>
      </trkpt>
      <trkpt lat="23.057756" lon="113.321391">
        <time>2026-09-25T22:47:11Z</time>
      </trkpt>
      <trkpt lat="23.057759" lon="113.321513">
        <time>2026-09-25T22:47:16Z</time>
      </trkpt>
      <trkpt lat="23.057757" lon="113.321648">
        <time>2026-09-25T22:47:21Z</time>
      </trkpt>
      <trkpt lat="23.057759" lon="113.321789">
        <time>2026-09-25T22:47:26Z</time>
      </trkpt>
      <trkpt lat="23.057753" lon="113.321945">
        <time>2026-09-25T22:47:31Z</time>
      </trkpt>
      <trkpt lat="23.057745" lon="113.322098">
        <time>2026-09-25T22:47:36Z</time>
      </trkpt>
      <trkpt lat="23.057748" lon="113.32225">
        <time>2026-09-25T22:47:41Z</time>
      </trkpt>
      <trkpt lat="23.057751" lon="113.322398">
        <time>2026-09-25T22:47:46Z</time>
      </trkpt>
      <trkpt lat="23.057747" lon="113.322547">
        <time>2026-09-25T22:47:51Z</time>
      </trkpt>
      <trkpt lat="23.057753" lon="113.322679">
        <time>2026-09-25T22:47:56Z</time>
      </trkpt>
      <trkpt lat="23.057761" lon="113.322791">
        <time>2026-09-25T22:48:01Z</time>
      </trkpt>
      <trkpt lat="23.057766" lon="113.322916">
        <time>2026-09-25T22:48:06Z</time>
      </trkpt>
      <trkpt lat="23.057778" lon="113.323041">
        <time>2026-09-25T22:48:11Z</time>
      </trkpt>
      <trkpt lat="23.057787" lon="113.323182">
        <time>2026-09-25T22:48:16Z</time>
      </trkpt>
      <trkpt lat="23.057787" lon="113.323322">
        <time>2026-09-25T22:48:21Z</time>
      </trkpt>
      <trkpt lat="23.057779" lon="113.323461">
        <time>2026-09-25T22:48:26Z</time>
      </trkpt>
      <trkpt lat="23.057773" lon="113.323603">
        <time>2026-09-25T22:48:31Z</time>
      </trkpt>
      <trkpt lat="23.057785" lon="113.323749">
        <time>2026-09-25T22:48:36Z</time>
      </trkpt>
      <trkpt lat="23.057772" lon="113.323892">
        <time>2026-09-25T22:48:41Z</time>
      </trkpt>
      <trkpt lat="23.057763" lon="113.324036">
        <time>2026-09-25T22:48:46Z</time>
      </trkpt>
      <trkpt lat="23.057763" lon="113.324178">
        <time>2026-09-25T22:48:51Z</time>
      </trkpt>
      <trkpt lat="23.057762" lon="113.32432">
        <time>2026-09-25T22:48:56Z</time>
      </trkpt>
      <trkpt lat="23.057766" lon="113.324467">
        <time>2026-09-25T22:49:01Z</time>
      </trkpt>
      <trkpt lat="23.057763" lon="113.324607">
        <time>2026-09-25T22:49:06Z</time>
      </trkpt>
      <trkpt lat="23.057749" lon="113.324751">
        <time>2026-09-25T22:49:11Z</time>
      </trkpt>
      <trkpt lat="23.057725" lon="113.324896">
        <time>2026-09-25T22:49:16Z</time>
      </trkpt>
      <trkpt lat="23.057734" lon="113.325045">
        <time>2026-09-25T22:49:21Z</time>
      </trkpt>
      <trkpt lat="23.057753" lon="113.325192">
        <time>2026-09-25T22:49:26Z</time>
      </trkpt>
      <trkpt lat="23.057756" lon="113.325338">
        <time>2026-09-25T22:49:31Z</time>
      </trkpt>
      <trkpt lat="23.057762" lon="113.325489">
        <time>2026-09-25T22:49:36Z</time>
      </trkpt>
      <trkpt lat="23.05777" lon="113.32563">
        <time>2026-09-25T22:49:41Z</time>
      </trkpt>
      <trkpt lat="23.057774" lon="113.325764">
        <time>2026-09-25T22:49:46Z</time>
      </trkpt>
      <trkpt lat="23.05777" lon="113.325909">
        <time>2026-09-25T22:49:51Z</time>
      </trkpt>
      <trkpt lat="23.057766" lon="113.326051">
        <time>2026-09-25T22:49:56Z</time>
      </trkpt>
      <trkpt lat="23.057766" lon="113.326183">
        <time>2026-09-25T22:50:01Z</time>
      </trkpt>
      <trkpt lat="23.057763" lon="113.326325">
        <time>2026-09-25T22:50:06Z</time>
      </trkpt>
      <trkpt lat="23.057762" lon="113.326459">
        <time>2026-09-25T22:50:11Z</time>
      </trkpt>
      <trkpt lat="23.057752" lon="113.326585">
        <time>2026-09-25T22:50:16Z</time>
      </trkpt>
      <trkpt lat="23.057717" lon="113.326707">
        <time>2026-09-25T22:50:21Z</time>
      </trkpt>
      <trkpt lat="23.057682" lon="113.326842">
        <time>2026-09-25T22:50:26Z</time>
      </trkpt>
      <trkpt lat="23.057639" lon="113.326997">
        <time>2026-09-25T22:50:31Z</time>
      </trkpt>
      <trkpt lat="23.057594" lon="113.327127">
        <time>2026-09-25T22:50:36Z</time>
      </trkpt>
      <trkpt lat="23.057548" lon="113.327262">
        <time>2026-09-25T22:50:41Z</time>
      </trkpt>
      <trkpt lat="23.057505" lon="113.327397">
        <time>2026-09-25T22:50:46Z</time>
      </trkpt>
      <trkpt lat="23.057466" lon="113.32753">
        <time>2026-09-25T22:50:51Z</time>
      </trkpt>
      <trkpt lat="23.057416" lon="113.32766">
        <time>2026-09-25T22:50:56Z</time>
      </trkpt>
      <trkpt lat="23.057369" lon="113.32779">
        <time>2026-09-25T22:51:01Z</time>
      </trkpt>
      <trkpt lat="23.057334" lon="113.327926">
        <time>2026-09-25T22:51:06Z</time>
      </trkpt>
      <trkpt lat="23.057282" lon="113.328042">
        <time>2026-09-25T22:51:11Z</time>
      </trkpt>
      <trkpt lat="23.057228" lon="113.328154">
        <time>2026-09-25T22:51:16Z</time>
      </trkpt>
      <trkpt lat="23.057174" lon="113.328273">
        <time>2026-09-25T22:51:21Z</time>
      </trkpt>
      <trkpt lat="23.057119" lon="113.32839">
        <time>2026-09-25T22:51:26Z</time>
      </trkpt>
      <trkpt lat="23.057067" lon="113.328505">
        <time>2026-09-25T22:51:31Z</time>
      </trkpt>
      <trkpt lat="23.057031" lon="113.328645">
        <time>2026-09-25T22:51:36Z</time>
      </trkpt>
      <trkpt lat="23.057011" lon="113.328787">
        <time>2026-09-25T22:51:41Z</time>
      </trkpt>
      <trkpt lat="23.056978" lon="113.328923">
        <time>2026-09-25T22:51:46Z</time>
      </trkpt>
      <trkpt lat="23.056951" lon="113.329044">
        <time>2026-09-25T22:51:51Z</time>
      </trkpt>
      <trkpt lat="23.056913" lon="113.329165">
        <time>2026-09-25T22:51:56Z</time>
      </trkpt>
      <trkpt lat="23.056865" lon="113.329329">
        <time>2026-09-25T22:52:01Z</time>
      </trkpt>
      <trkpt lat="23.056833" lon="113.329481">
        <time>2026-09-25T22:52:06Z</time>
      </trkpt>
      <trkpt lat="23.05679" lon="113.329613">
        <time>2026-09-25T22:52:11Z</time>
      </trkpt>
      <trkpt lat="23.056751" lon="113.329734">
        <time>2026-09-25T22:52:16Z</time>
      </trkpt>
      <trkpt lat="23.056719" lon="113.329858">
        <time>2026-09-25T22:52:21Z</time>
      </trkpt>
      <trkpt lat="23.056684" lon="113.329979">
        <time>2026-09-25T22:52:26Z</time>
      </trkpt>
      <trkpt lat="23.056653" lon="113.330118">
        <time>2026-09-25T22:52:31Z</time>
      </trkpt>
      <trkpt lat="23.056611" lon="113.330262">
        <time>2026-09-25T22:52:36Z</time>
      </trkpt>
      <trkpt lat="23.056563" lon="113.330372">
        <time>2026-09-25T22:52:41Z</time>
      </trkpt>
      <trkpt lat="23.056512" lon="113.330496">
        <time>2026-09-25T22:52:46Z</time>
      </trkpt>
      <trkpt lat="23.056449" lon="113.330602">
        <time>2026-09-25T22:52:51Z</time>
      </trkpt>
      <trkpt lat="23.056373" lon="113.330722">
        <time>2026-09-25T22:52:56Z</time>
      </trkpt>
      <trkpt lat="23.056287" lon="113.330853">
        <time>2026-09-25T22:53:01Z</time>
      </trkpt>
      <trkpt lat="23.0562" lon="113.330975">
        <time>2026-09-25T22:53:06Z</time>
      </trkpt>
      <trkpt lat="23.056131" lon="113.331107">
        <time>2026-09-25T22:53:11Z</time>
      </trkpt>
      <trkpt lat="23.056042" lon="113.331231">
        <time>2026-09-25T22:53:16Z</time>
      </trkpt>
      <trkpt lat="23.055947" lon="113.331342">
        <time>2026-09-25T22:53:21Z</time>
      </trkpt>
      <trkpt lat="23.055866" lon="113.331442">
        <time>2026-09-25T22:53:26Z</time>
      </trkpt>
      <trkpt lat="23.055786" lon="113.331541">
        <time>2026-09-25T22:53:31Z</time>
      </trkpt>
      <trkpt lat="23.055701" lon="113.331649">
        <time>2026-09-25T22:53:36Z</time>
      </trkpt>
      <trkpt lat="23.055603" lon="113.331769">
        <time>2026-09-25T22:53:41Z</time>
      </trkpt>
      <trkpt lat="23.055517" lon="113.331884">
        <time>2026-09-25T22:53:46Z</time>
      </trkpt>
      <trkpt lat="23.055441" lon="113.331988">
        <time>2026-09-25T22:53:51Z</time>
      </trkpt>
      <trkpt lat="23.055367" lon="113.332102">
        <time>2026-09-25T22:53:56Z</time>
      </trkpt>
      <trkpt lat="23.055292" lon="113.332212">
        <time>2026-09-25T22:54:01Z</time>
      </trkpt>
      <trkpt lat="23.055212" lon="113.332327">
        <time>2026-09-25T22:54:06Z</time>
      </trkpt>
      <trkpt lat="23.055137" lon="113.332435">
        <time>2026-09-25T22:54:11Z</time>
      </trkpt>
      <trkpt lat="23.055061" lon="113.332537">
        <time>2026-09-25T22:54:16Z</time>
      </trkpt>
      <trkpt lat="23.05498" lon="113.332637">
        <time>2026-09-25T22:54:21Z</time>
      </trkpt>
      <trkpt lat="23.054908" lon="113.332726">
        <time>2026-09-25T22:54:26Z</time>
      </trkpt>
      <trkpt lat="23.054849" lon="113.332824">
        <time>2026-09-25T22:54:31Z</time>
      </trkpt>
      <trkpt lat="23.054786" lon="113.33294">
        <time>2026-09-25T22:54:36Z</time>
      </trkpt>
      <trkpt lat="23.054701" lon="113.33304">
        <time>2026-09-25T22:54:41Z</time>
      </trkpt>
      <trkpt lat="23.054604" lon="113.333133">
        <time>2026-09-25T22:54:46Z</time>
      </trkpt>
      <trkpt lat="23.054512" lon="113.333222">
        <time>2026-09-25T22:54:51Z</time>
      </trkpt>
      <trkpt lat="23.054416" lon="113.333313">
        <time>2026-09-25T22:54:56Z</time>
      </trkpt>
      <trkpt lat="23.054316" lon="113.333437">
        <time>2026-09-25T22:55:01Z</time>
      </trkpt>
      <trkpt lat="23.054232" lon="113.333557">
        <time>2026-09-25T22:55:06Z</time>
      </trkpt>
      <trkpt lat="23.054168" lon="113.333671">
        <time>2026-09-25T22:55:11Z</time>
      </trkpt>
      <trkpt lat="23.054109" lon="113.333792">
        <time>2026-09-25T22:55:16Z</time>
      </trkpt>
      <trkpt lat="23.054058" lon="113.333912">
        <time>2026-09-25T22:55:21Z</time>
      </trkpt>
      <trkpt lat="23.05399" lon="113.334017">
        <time>2026-09-25T22:55:26Z</time>
      </trkpt>
      <trkpt lat="23.053916" lon="113.334117">
        <time>2026-09-25T22:55:31Z</time>
      </trkpt>
      <trkpt lat="23.053852" lon="113.334225">
        <time>2026-09-25T22:55:36Z</time>
      </trkpt>
      <trkpt lat="23.053785" lon="113.33435">
        <time>2026-09-25T22:55:41Z</time>
      </trkpt>
      <trkpt lat="23.053692" lon="113.334461">
        <time>2026-09-25T22:55:46Z</time>
      </trkpt>
      <trkpt lat="23.053594" lon="113.334566">
        <time>2026-09-25T22:55:51Z</time>
      </trkpt>
      <trkpt lat="23.053503" lon="113.334675">
        <time>2026-09-25T22:55:56Z</time>
      </trkpt>
      <trkpt lat="23.053423" lon="113.334786">
        <time>2026-09-25T22:56:01Z</time>
      </trkpt>
      <trkpt lat="23.053341" lon="113.334895">
        <time>2026-09-25T22:56:06Z</time>
      </trkpt>
      <trkpt lat="23.053258" lon="113.334993">
        <time>2026-09-25T22:56:11Z</time>
      </trkpt>
      <trkpt lat="23.053176" lon="113.335103">
        <time>2026-09-25T22:56:16Z</time>
      </trkpt>
      <trkpt lat="23.053111" lon="113.335217">
        <time>2026-09-25T22:56:21Z</time>
      </trkpt>
      <trkpt lat="23.053042" lon="113.335337">
        <time>2026-09-25T22:56:26Z</time>
      </trkpt>
      <trkpt lat="23.05297" lon="113.335441">
        <time>2026-09-25T22:56:31Z</time>
      </trkpt>
      <trkpt lat="23.052885" lon="113.335557">
        <time>2026-09-25T22:56:36Z</time>
      </trkpt>
      <trkpt lat="23.052796" lon="113.335663">
        <time>2026-09-25T22:56:41Z</time>
      </trkpt>
      <trkpt lat="23.052706" lon="113.335759">
        <time>2026-09-25T22:56:46Z</time>
      </trkpt>
      <trkpt lat="23.052629" lon="113.335867">
        <time>2026-09-25T22:56:51Z</time>
      </trkpt>
      <trkpt lat="23.052564" lon="113.335995">
        <time>2026-09-25T22:56:56Z</time>
      </trkpt>
      <trkpt lat="23.052525" lon="113.336175">
        <time>2026-09-25T22:57:01Z</time>
      </trkpt>
      <trkpt lat="23.052462" lon="113.336295">
        <time>2026-09-25T22:57:06Z</time>
      </trkpt>
      <trkpt lat="23.052394" lon="113.336397">
        <time>2026-09-25T22:57:11Z</time>
      </trkpt>
      <trkpt lat="23.052302" lon="113.336485">
        <time>2026-09-25T22:57:16Z</time>
      </trkpt>
      <trkpt lat="23.052198" lon="113.336559">
        <time>2026-09-25T22:57:21Z</time>
      </trkpt>
      <trkpt lat="23.052101" lon="113.336655">
        <time>2026-09-25T22:57:26Z</time>
      </trkpt>
      <trkpt lat="23.051996" lon="113.336715">
        <time>2026-09-25T22:57:31Z</time>
      </trkpt>
      <trkpt lat="23.051923" lon="113.336811">
        <time>2026-09-25T22:57:36Z</time>
      </trkpt>
      <trkpt lat="23.051888" lon="113.336954">
        <time>2026-09-25T22:57:41Z</time>
      </trkpt>
      <trkpt lat="23.051849" lon="113.337095">
        <time>2026-09-25T22:57:46Z</time>
      </trkpt>
      <trkpt lat="23.051801" lon="113.33722">
        <time>2026-09-25T22:57:51Z</time>
      </trkpt>
      <trkpt lat="23.051759" lon="113.33736">
        <time>2026-09-25T22:57:56Z</time>
      </trkpt>
      <trkpt lat="23.051706" lon="113.337483">
        <time>2026-09-25T22:58:01Z</time>
      </trkpt>
      <trkpt lat="23.051642" lon="113.337595">
        <time>2026-09-25T22:58:06Z</time>
      </trkpt>
      <trkpt lat="23.051562" lon="113.337705">
        <time>2026-09-25T22:58:11Z</time>
      </trkpt>
      <trkpt lat="23.051488" lon="113.337823">
        <time>2026-09-25T22:58:16Z</time>
      </trkpt>
      <trkpt lat="23.051414" lon="113.337938">
        <time>2026-09-25T22:58:21Z</time>
      </trkpt>
      <trkpt lat="23.05134" lon="113.338047">
        <time>2026-09-25T22:58:26Z</time>
      </trkpt>
      <trkpt lat="23.051272" lon="113.338159">
        <time>2026-09-25T22:58:31Z</time>
      </trkpt>
      <trkpt lat="23.051199" lon="113.338264">
        <time>2026-09-25T22:58:36Z</time>
      </trkpt>
      <trkpt lat="23.051115" lon="113.338362">
        <time>2026-09-25T22:58:41Z</time>
      </trkpt>
      <trkpt lat="23.051027" lon="113.338474">
        <time>2026-09-25T22:58:46Z</time>
      </trkpt>
      <trkpt lat="23.050942" lon="113.338581">
        <time>2026-09-25T22:58:51Z</time>
      </trkpt>
      <trkpt lat="23.050858" lon="113.338688">
        <time>2026-09-25T22:58:56Z</time>
      </trkpt>
      <trkpt lat="23.050785" lon="113.338796">
        <time>2026-09-25T22:59:01Z</time>
      </trkpt>
      <trkpt lat="23.050708" lon="113.338905">
        <time>2026-09-25T22:59:06Z</time>
      </trkpt>
      <trkpt lat="23.050635" lon="113.339011">
        <time>2026-09-25T22:59:11Z</time>
      </trkpt>
      <trkpt lat="23.050568" lon="113.339121">
        <time>2026-09-25T22:59:16Z</time>
      </trkpt>
      <trkpt lat="23.050503" lon="113.339252">
        <time>2026-09-25T22:59:21Z</time>
      </trkpt>
      <trkpt lat="23.050439" lon="113.33937">
        <time>2026-09-25T22:59:26Z</time>
      </trkpt>
      <trkpt lat="23.050378" lon="113.339475">
        <time>2026-09-25T22:59:31Z</time>
      </trkpt>
      <trkpt lat="23.050321" lon="113.339583">
        <time>2026-09-25T22:59:36Z</time>
      </trkpt>
      <trkpt lat="23.050259" lon="113.339691">
        <time>2026-09-25T22:59:41Z</time>
      </trkpt>
      <trkpt lat="23.050188" lon="113.339798">
        <time>2026-09-25T22:59:46Z</time>
      </trkpt>
      <trkpt lat="23.050116" lon="113.339904">
        <time>2026-09-25T22:59:51Z</time>
      </trkpt>
      <trkpt lat="23.050042" lon="113.340014">
        <time>2026-09-25T22:59:56Z</time>
      </trkpt>
      <trkpt lat="23.049963" lon="113.340143">
        <time>2026-09-25T23:00:01Z</time>
      </trkpt>
      <trkpt lat="23.04989" lon="113.340257">
        <time>2026-09-25T23:00:06Z</time>
      </trkpt>
      <trkpt lat="23.049813" lon="113.340376">
        <time>2026-09-25T23:00:11Z</time>
      </trkpt>
      <trkpt lat="23.049734" lon="113.340505">
        <time>2026-09-25T23:00:16Z</time>
      </trkpt>
      <trkpt lat="23.049655" lon="113.340622">
        <time>2026-09-25T23:00:21Z</time>
      </trkpt>
      <trkpt lat="23.049591" lon="113.340741">
        <time>2026-09-25T23:00:26Z</time>
      </trkpt>
      <trkpt lat="23.04955" lon="113.340856">
        <time>2026-09-25T23:00:31Z</time>
      </trkpt>
      <trkpt lat="23.049503" lon="113.340964">
        <time>2026-09-25T23:00:36Z</time>
      </trkpt>
      <trkpt lat="23.049439" lon="113.341105">
        <time>2026-09-25T23:00:41Z</time>
      </trkpt>
      <trkpt lat="23.049386" lon="113.341253">
        <time>2026-09-25T23:00:46Z</time>
      </trkpt>
      <trkpt lat="23.04934" lon="113.341383">
        <time>2026-09-25T23:00:51Z</time>
      </trkpt>
      <trkpt lat="23.049303" lon="113.341504">
        <time>2026-09-25T23:00:56Z</time>
      </trkpt>
      <trkpt lat="23.049269" lon="113.341623">
        <time>2026-09-25T23:01:01Z</time>
      </trkpt>
      <trkpt lat="23.049226" lon="113.341747">
        <time>2026-09-25T23:01:06Z</time>
      </trkpt>
      <trkpt lat="23.049183" lon="113.34187">
        <time>2026-09-25T23:01:11Z</time>
      </trkpt>
      <trkpt lat="23.049163" lon="113.342006">
        <time>2026-09-25T23:01:16Z</time>
      </trkpt>
      <trkpt lat="23.04915" lon="113.342162">
        <time>2026-09-25T23:01:21Z</time>
      </trkpt>
      <trkpt lat="23.049117" lon="113.342323">
        <time>2026-09-25T23:01:26Z</time>
      </trkpt>
      <trkpt lat="23.049078" lon="113.342471">
        <time>2026-09-25T23:01:31Z</time>
      </trkpt>
      <trkpt lat="23.04904" lon="113.342609">
        <time>2026-09-25T23:01:36Z</time>
      </trkpt>
      <trkpt lat="23.049014" lon="113.342753">
        <time>2026-09-25T23:01:41Z</time>
      </trkpt>
      <trkpt lat="23.048995" lon="113.342894">
        <time>2026-09-25T23:01:46Z</time>
      </trkpt>
      <trkpt lat="23.048984" lon="113.343031">
        <time>2026-09-25T23:01:51Z</time>
      </trkpt>
      <trkpt lat="23.048982" lon="113.343173">
        <time>2026-09-25T23:01:56Z</time>
      </trkpt>
      <trkpt lat="23.048977" lon="113.343318">
        <time>2026-09-25T23:02:01Z</time>
      </trkpt>
      <trkpt lat="23.048975" lon="113.343464">
        <time>2026-09-25T23:02:06Z</time>
      </trkpt>
      <trkpt lat="23.048975" lon="113.343611">
        <time>2026-09-25T23:02:11Z</time>
      </trkpt>
      <trkpt lat="23.048979" lon="113.343757">
        <time>2026-09-25T23:02:16Z</time>
      </trkpt>
      <trkpt lat="23.048992" lon="113.343902">
        <time>2026-09-25T23:02:21Z</time>
      </trkpt>
      <trkpt lat="23.049017" lon="113.344046">
        <time>2026-09-25T23:02:26Z</time>
      </trkpt>
      <trkpt lat="23.04902" lon="113.344191">
        <time>2026-09-25T23:02:31Z</time>
      </trkpt>
      <trkpt lat="23.049003" lon="113.344338">
        <time>2026-09-25T23:02:36Z</time>
      </trkpt>
      <trkpt lat="23.048993" lon="113.344484">
        <time>2026-09-25T23:02:41Z</time>
      </trkpt>
      <trkpt lat="23.048988" lon="113.344621">
        <time>2026-09-25T23:02:46Z</time>
      </trkpt>
      <trkpt lat="23.04899" lon="113.344767">
        <time>2026-09-25T23:02:51Z</time>
      </trkpt>
      <trkpt lat="23.04902" lon="113.344922">
        <time>2026-09-25T23:02:56Z</time>
      </trkpt>
      <trkpt lat="23.04904" lon="113.345063">
        <time>2026-09-25T23:03:01Z</time>
      </trkpt>
      <trkpt lat="23.049048" lon="113.345207">
        <time>2026-09-25T23:03:06Z</time>
      </trkpt>
      <trkpt lat="23.049061" lon="113.345346">
        <time>2026-09-25T23:03:11Z</time>
      </trkpt>
      <trkpt lat="23.049072" lon="113.345492">
        <time>2026-09-25T23:03:16Z</time>
      </trkpt>
      <trkpt lat="23.049087" lon="113.345639">
        <time>2026-09-25T23:03:21Z</time>
      </trkpt>
      <trkpt lat="23.049095" lon="113.345786">
        <time>2026-09-25T23:03:26Z</time>
      </trkpt>
      <trkpt lat="23.049087" lon="113.345934">
        <time>2026-09-25T23:03:31Z</time>
      </trkpt>
      <trkpt lat="23.049069" lon="113.34606">
        <time>2026-09-25T23:03:36Z</time>
      </trkpt>
      <trkpt lat="23.04908" lon="113.346189">
        <time>2026-09-25T23:03:41Z</time>
      </trkpt>
      <trkpt lat="23.049091" lon="113.346316">
        <time>2026-09-25T23:03:46Z</time>
      </trkpt>
      <trkpt lat="23.049094" lon="113.346448">
        <time>2026-09-25T23:03:51Z</time>
      </trkpt>
      <trkpt lat="23.049096" lon="113.346599">
        <time>2026-09-25T23:03:56Z</time>
      </trkpt>
      <trkpt lat="23.049107" lon="113.346749">
        <time>2026-09-25T23:04:01Z</time>
      </trkpt>
      <trkpt lat="23.04912" lon="113.346902">
        <time>2026-09-25T23:04:06Z</time>
      </trkpt>
      <trkpt lat="23.049121" lon="113.347059">
        <time>2026-09-25T23:04:11Z</time>
      </trkpt>
      <trkpt lat="23.049119" lon="113.347201">
        <time>2026-09-25T23:04:16Z</time>
      </trkpt>
      <trkpt lat="23.049121" lon="113.347341">
        <time>2026-09-25T23:04:21Z</time>
      </trkpt>
      <trkpt lat="23.049118" lon="113.34747">
        <time>2026-09-25T23:04:26Z</time>
      </trkpt>
      <trkpt lat="23.04912" lon="113.347588">
        <time>2026-09-25T23:04:31Z</time>
      </trkpt>
      <trkpt lat="23.049125" lon="113.347725">
        <time>2026-09-25T23:04:36Z</time>
      </trkpt>
      <trkpt lat="23.049136" lon="113.347877">
        <time>2026-09-25T23:04:41Z</time>
      </trkpt>
      <trkpt lat="23.049146" lon="113.348017">
        <time>2026-09-25T23:04:46Z</time>
      </trkpt>
      <trkpt lat="23.049151" lon="113.348156">
        <time>2026-09-25T23:04:51Z</time>
      </trkpt>
      <trkpt lat="23.049165" lon="113.348301">
        <time>2026-09-25T23:04:56Z</time>
      </trkpt>
      <trkpt lat="23.049171" lon="113.348428">
        <time>2026-09-25T23:05:01Z</time>
      </trkpt>
      <trkpt lat="23.049177" lon="113.348549">
        <time>2026-09-25T23:05:06Z</time>
      </trkpt>
      <trkpt lat="23.049202" lon="113.348545">
        <time>2026-09-25T23:05:11Z</time>
      </trkpt>
      <trkpt lat="23.049189" lon="113.348417">
        <time>2026-09-25T23:05:16Z</time>
      </trkpt>
      <trkpt lat="23.049179" lon="113.348287">
        <time>2026-09-25T23:05:21Z</time>
      </trkpt>
      <trkpt lat="23.04919" lon="113.348163">
        <time>2026-09-25T23:05:26Z</time>
      </trkpt>
      <trkpt lat="23.049194" lon="113.348034">
        <time>2026-09-25T23:05:31Z</time>
      </trkpt>
      <trkpt lat="23.049198" lon="113.347886">
        <time>2026-09-25T23:05:36Z</time>
      </trkpt>
      <trkpt lat="23.0492" lon="113.347738">
        <time>2026-09-25T23:05:41Z</time>
      </trkpt>
      <trkpt lat="23.049196" lon="113.347596">
        <time>2026-09-25T23:05:46Z</time>
      </trkpt>
      <trkpt lat="23.049192" lon="113.347451">
        <time>2026-09-25T23:05:51Z</time>
      </trkpt>
      <trkpt lat="23.04919" lon="113.34731">
        <time>2026-09-25T23:05:56Z</time>
      </trkpt>
      <trkpt lat="23.049187" lon="113.347162">
        <time>2026-09-25T23:06:01Z</time>
      </trkpt>
      <trkpt lat="23.049158" lon="113.347007">
        <time>2026-09-25T23:06:06Z</time>
      </trkpt>
      <trkpt lat="23.049129" lon="113.34686">
        <time>2026-09-25T23:06:11Z</time>
      </trkpt>
      <trkpt lat="23.049117" lon="113.346722">
        <time>2026-09-25T23:06:16Z</time>
      </trkpt>
      <trkpt lat="23.049112" lon="113.346579">
        <time>2026-09-25T23:06:21Z</time>
      </trkpt>
      <trkpt lat="23.049111" lon="113.346437">
        <time>2026-09-25T23:06:26Z</time>
      </trkpt>
      <trkpt lat="23.049107" lon="113.34629">
        <time>2026-09-25T23:06:31Z</time>
      </trkpt>
      <trkpt lat="23.049108" lon="113.346145">
        <time>2026-09-25T23:06:36Z</time>
      </trkpt>
      <trkpt lat="23.049105" lon="113.345996">
        <time>2026-09-25T23:06:41Z</time>
      </trkpt>
      <trkpt lat="23.04909" lon="113.34583">
        <time>2026-09-25T23:06:46Z</time>
      </trkpt>
      <trkpt lat="23.049097" lon="113.345676">
        <time>2026-09-25T23:06:51Z</time>
      </trkpt>
      <trkpt lat="23.049122" lon="113.345515">
        <time>2026-09-25T23:06:56Z</time>
      </trkpt>
      <trkpt lat="23.049125" lon="113.345363">
        <time>2026-09-25T23:07:01Z</time>
      </trkpt>
      <trkpt lat="23.049129" lon="113.345217">
        <time>2026-09-25T23:07:06Z</time>
      </trkpt>
      <trkpt lat="23.049124" lon="113.345071">
        <time>2026-09-25T23:07:11Z</time>
      </trkpt>
      <trkpt lat="23.049111" lon="113.344912">
        <time>2026-09-25T23:07:16Z</time>
      </trkpt>
      <trkpt lat="23.049093" lon="113.344755">
        <time>2026-09-25T23:07:21Z</time>
      </trkpt>
      <trkpt lat="23.049089" lon="113.344606">
        <time>2026-09-25T23:07:26Z</time>
      </trkpt>
      <trkpt lat="23.04908" lon="113.344462">
        <time>2026-09-25T23:07:31Z</time>
      </trkpt>
      <trkpt lat="23.04908" lon="113.344316">
        <time>2026-09-25T23:07:36Z</time>
      </trkpt>
      <trkpt lat="23.049081" lon="113.344176">
        <time>2026-09-25T23:07:41Z</time>
      </trkpt>
      <trkpt lat="23.049077" lon="113.344034">
        <time>2026-09-25T23:07:46Z</time>
      </trkpt>
      <trkpt lat="23.049071" lon="113.343889">
        <time>2026-09-25T23:07:51Z</time>
      </trkpt>
      <trkpt lat="23.049064" lon="113.343743">
        <time>2026-09-25T23:07:56Z</time>
      </trkpt>
      <trkpt lat="23.049069" lon="113.343604">
        <time>2026-09-25T23:08:01Z</time>
      </trkpt>
      <trkpt lat="23.049072" lon="113.343458">
        <time>2026-09-25T23:08:06Z</time>
      </trkpt>
      <trkpt lat="23.049067" lon="113.34332">
        <time>2026-09-25T23:08:11Z</time>
      </trkpt>
      <trkpt lat="23.049067" lon="113.343184">
        <time>2026-09-25T23:08:16Z</time>
      </trkpt>
      <trkpt lat="23.049068" lon="113.343049">
        <time>2026-09-25T23:08:21Z</time>
      </trkpt>
      <trkpt lat="23.049075" lon="113.342908">
        <time>2026-09-25T23:08:26Z</time>
      </trkpt>
      <trkpt lat="23.049103" lon="113.342767">
        <time>2026-09-25T23:08:31Z</time>
      </trkpt>
      <trkpt lat="23.049128" lon="113.342627">
        <time>2026-09-25T23:08:36Z</time>
      </trkpt>
      <trkpt lat="23.049163" lon="113.342485">
        <time>2026-09-25T23:08:41Z</time>
      </trkpt>
      <trkpt lat="23.049184" lon="113.342346">
        <time>2026-09-25T23:08:46Z</time>
      </trkpt>
      <trkpt lat="23.049219" lon="113.342201">
        <time>2026-09-25T23:08:51Z</time>
      </trkpt>
      <trkpt lat="23.049262" lon="113.342052">
        <time>2026-09-25T23:08:56Z</time>
      </trkpt>
      <trkpt lat="23.049308" lon="113.341899">
        <time>2026-09-25T23:09:01Z</time>
      </trkpt>
      <trkpt lat="23.049352" lon="113.341744">
        <time>2026-09-25T23:09:06Z</time>
      </trkpt>
      <trkpt lat="23.049394" lon="113.341595">
        <time>2026-09-25T23:09:11Z</time>
      </trkpt>
      <trkpt lat="23.049431" lon="113.341449">
        <time>2026-09-25T23:09:16Z</time>
      </trkpt>
      <trkpt lat="23.049458" lon="113.341299">
        <time>2026-09-25T23:09:21Z</time>
      </trkpt>
      <trkpt lat="23.049468" lon="113.341151">
        <time>2026-09-25T23:09:26Z</time>
      </trkpt>
      <trkpt lat="23.0495" lon="113.341016">
        <time>2026-09-25T23:09:31Z</time>
      </trkpt>
      <trkpt lat="23.049543" lon="113.34089">
        <time>2026-09-25T23:09:36Z</time>
      </trkpt>
      <trkpt lat="23.049593" lon="113.340763">
        <time>2026-09-25T23:09:41Z</time>
      </trkpt>
      <trkpt lat="23.049653" lon="113.340633">
        <time>2026-09-25T23:09:46Z</time>
      </trkpt>
      <trkpt lat="23.049737" lon="113.340508">
        <time>2026-09-25T23:09:51Z</time>
      </trkpt>
      <trkpt lat="23.049831" lon="113.340382">
        <time>2026-09-25T23:09:56Z</time>
      </trkpt>
      <trkpt lat="23.049914" lon="113.340263">
        <time>2026-09-25T23:10:01Z</time>
      </trkpt>
      <trkpt lat="23.049998" lon="113.340144">
        <time>2026-09-25T23:10:06Z</time>
      </trkpt>
      <trkpt lat="23.050078" lon="113.34002">
        <time>2026-09-25T23:10:11Z</time>
      </trkpt>
      <trkpt lat="23.050156" lon="113.339901">
        <time>2026-09-25T23:10:16Z</time>
      </trkpt>
      <trkpt lat="23.050235" lon="113.339786">
        <time>2026-09-25T23:10:21Z</time>
      </trkpt>
      <trkpt lat="23.050314" lon="113.339671">
        <time>2026-09-25T23:10:26Z</time>
      </trkpt>
      <trkpt lat="23.0504" lon="113.339564">
        <time>2026-09-25T23:10:31Z</time>
      </trkpt>
      <trkpt lat="23.050486" lon="113.339462">
        <time>2026-09-25T23:10:36Z</time>
      </trkpt>
      <trkpt lat="23.050578" lon="113.339365">
        <time>2026-09-25T23:10:41Z</time>
      </trkpt>
      <trkpt lat="23.050651" lon="113.339247">
        <time>2026-09-25T23:10:46Z</time>
      </trkpt>
      <trkpt lat="23.050711" lon="113.339122">
        <time>2026-09-25T23:10:51Z</time>
      </trkpt>
      <trkpt lat="23.050783" lon="113.339002">
        <time>2026-09-25T23:10:56Z</time>
      </trkpt>
      <trkpt lat="23.050862" lon="113.338883">
        <time>2026-09-25T23:11:01Z</time>
      </trkpt>
      <trkpt lat="23.050939" lon="113.338763">
        <time>2026-09-25T23:11:06Z</time>
      </trkpt>
      <trkpt lat="23.051011" lon="113.33864">
        <time>2026-09-25T23:11:11Z</time>
      </trkpt>
      <trkpt lat="23.051095" lon="113.338521">
        <time>2026-09-25T23:11:16Z</time>
      </trkpt>
      <trkpt lat="23.05119" lon="113.338415">
        <time>2026-09-25T23:11:21Z</time>
      </trkpt>
      <trkpt lat="23.051265" lon="113.338304">
        <time>2026-09-25T23:11:26Z</time>
      </trkpt>
      <trkpt lat="23.051334" lon="113.338194">
        <time>2026-09-25T23:11:31Z</time>
      </trkpt>
      <trkpt lat="23.051415" lon="113.338085">
        <time>2026-09-25T23:11:36Z</time>
      </trkpt>
      <trkpt lat="23.051491" lon="113.337967">
        <time>2026-09-25T23:11:41Z</time>
      </trkpt>
      <trkpt lat="23.051564" lon="113.33785">
        <time>2026-09-25T23:11:46Z</time>
      </trkpt>
      <trkpt lat="23.051637" lon="113.337733">
        <time>2026-09-25T23:11:51Z</time>
      </trkpt>
      <trkpt lat="23.051714" lon="113.33762">
        <time>2026-09-25T23:11:56Z</time>
      </trkpt>
      <trkpt lat="23.051787" lon="113.337507">
        <time>2026-09-25T23:12:01Z</time>
      </trkpt>
      <trkpt lat="23.051845" lon="113.337373">
        <time>2026-09-25T23:12:06Z</time>
      </trkpt>
      <trkpt lat="23.051845" lon="113.337231">
        <time>2026-09-25T23:12:11Z</time>
      </trkpt>
      <trkpt lat="23.051878" lon="113.337101">
        <time>2026-09-25T23:12:16Z</time>
      </trkpt>
      <trkpt lat="23.051932" lon="113.336978">
        <time>2026-09-25T23:12:21Z</time>
      </trkpt>
      <trkpt lat="23.051987" lon="113.336842">
        <time>2026-09-25T23:12:26Z</time>
      </trkpt>
      <trkpt lat="23.052057" lon="113.336706">
        <time>2026-09-25T23:12:31Z</time>
      </trkpt>
      <trkpt lat="23.052158" lon="113.336607">
        <time>2026-09-25T23:12:36Z</time>
      </trkpt>
      <trkpt lat="23.05226" lon="113.336516">
        <time>2026-09-25T23:12:41Z</time>
      </trkpt>
      <trkpt lat="23.05236" lon="113.336435">
        <time>2026-09-25T23:12:46Z</time>
      </trkpt>
      <trkpt lat="23.052437" lon="113.336328">
        <time>2026-09-25T23:12:51Z</time>
      </trkpt>
      <trkpt lat="23.052523" lon="113.336207">
        <time>2026-09-25T23:12:56Z</time>
      </trkpt>
      <trkpt lat="23.052606" lon="113.336104">
        <time>2026-09-25T23:13:01Z</time>
      </trkpt>
      <trkpt lat="23.052629" lon="113.335995">
        <time>2026-09-25T23:13:06Z</time>
      </trkpt>
      <trkpt lat="23.052697" lon="113.335888">
        <time>2026-09-25T23:13:11Z</time>
      </trkpt>
      <trkpt lat="23.052765" lon="113.335784">
        <time>2026-09-25T23:13:16Z</time>
      </trkpt>
      <trkpt lat="23.052829" lon="113.335661">
        <time>2026-09-25T23:13:21Z</time>
      </trkpt>
      <trkpt lat="23.052881" lon="113.335532">
        <time>2026-09-25T23:13:26Z</time>
      </trkpt>
      <trkpt lat="23.052942" lon="113.335419">
        <time>2026-09-25T23:13:31Z</time>
      </trkpt>
      <trkpt lat="23.05301" lon="113.335303">
        <time>2026-09-25T23:13:36Z</time>
      </trkpt>
      <trkpt lat="23.053083" lon="113.335195">
        <time>2026-09-25T23:13:41Z</time>
      </trkpt>
      <trkpt lat="23.053153" lon="113.33509">
        <time>2026-09-25T23:13:46Z</time>
      </trkpt>
      <trkpt lat="23.053241" lon="113.334983">
        <time>2026-09-25T23:13:51Z</time>
      </trkpt>
      <trkpt lat="23.053335" lon="113.334883">
        <time>2026-09-25T23:13:56Z</time>
      </trkpt>
      <trkpt lat="23.053448" lon="113.334774">
        <time>2026-09-25T23:14:01Z</time>
      </trkpt>
      <trkpt lat="23.053562" lon="113.334656">
        <time>2026-09-25T23:14:06Z</time>
      </trkpt>
      <trkpt lat="23.053656" lon="113.334557">
        <time>2026-09-25T23:14:11Z</time>
      </trkpt>
      <trkpt lat="23.053775" lon="113.334464">
        <time>2026-09-25T23:14:16Z</time>
      </trkpt>
      <trkpt lat="23.053853" lon="113.334348">
        <time>2026-09-25T23:14:21Z</time>
      </trkpt>
      <trkpt lat="23.053923" lon="113.334231">
        <time>2026-09-25T23:14:26Z</time>
      </trkpt>
      <trkpt lat="23.054011" lon="113.334109">
        <time>2026-09-25T23:14:31Z</time>
      </trkpt>
      <trkpt lat="23.054104" lon="113.333996">
        <time>2026-09-25T23:14:36Z</time>
      </trkpt>
      <trkpt lat="23.05418" lon="113.333875">
        <time>2026-09-25T23:14:41Z</time>
      </trkpt>
      <trkpt lat="23.054235" lon="113.33376">
        <time>2026-09-25T23:14:46Z</time>
      </trkpt>
      <trkpt lat="23.054306" lon="113.333633">
        <time>2026-09-25T23:14:51Z</time>
      </trkpt>
      <trkpt lat="23.054382" lon="113.333503">
        <time>2026-09-25T23:14:56Z</time>
      </trkpt>
      <trkpt lat="23.054437" lon="113.333394">
        <time>2026-09-25T23:15:01Z</time>
      </trkpt>
      <trkpt lat="23.054488" lon="113.33328">
        <time>2026-09-25T23:15:06Z</time>
      </trkpt>
      <trkpt lat="23.054552" lon="113.333151">
        <time>2026-09-25T23:15:11Z</time>
      </trkpt>
      <trkpt lat="23.054637" lon="113.333031">
        <time>2026-09-25T23:15:16Z</time>
      </trkpt>
      <trkpt lat="23.054731" lon="113.332923">
        <time>2026-09-25T23:15:21Z</time>
      </trkpt>
      <trkpt lat="23.054819" lon="113.332822">
        <time>2026-09-25T23:15:26Z</time>
      </trkpt>
      <trkpt lat="23.054914" lon="113.332726">
        <time>2026-09-25T23:15:31Z</time>
      </trkpt>
      <trkpt lat="23.055016" lon="113.332633">
        <time>2026-09-25T23:15:36Z</time>
      </trkpt>
      <trkpt lat="23.055104" lon="113.332525">
        <time>2026-09-25T23:15:41Z</time>
      </trkpt>
      <trkpt lat="23.055187" lon="113.332406">
        <time>2026-09-25T23:15:46Z</time>
      </trkpt>
      <trkpt lat="23.055265" lon="113.332283">
        <time>2026-09-25T23:15:51Z</time>
      </trkpt>
      <trkpt lat="23.055338" lon="113.332164">
        <time>2026-09-25T23:15:56Z</time>
      </trkpt>
      <trkpt lat="23.055414" lon="113.332056">
        <time>2026-09-25T23:16:01Z</time>
      </trkpt>
      <trkpt lat="23.055487" lon="113.331948">
        <time>2026-09-25T23:16:06Z</time>
      </trkpt>
      <trkpt lat="23.055567" lon="113.331833">
        <time>2026-09-25T23:16:11Z</time>
      </trkpt>
      <trkpt lat="23.055659" lon="113.331699">
        <time>2026-09-25T23:16:16Z</time>
      </trkpt>
      <trkpt lat="23.055735" lon="113.331577">
        <time>2026-09-25T23:16:21Z</time>
      </trkpt>
      <trkpt lat="23.055812" lon="113.331473">
        <time>2026-09-25T23:16:26Z</time>
      </trkpt>
      <trkpt lat="23.055911" lon="113.331362">
        <time>2026-09-25T23:16:31Z</time>
      </trkpt>
      <trkpt lat="23.055983" lon="113.331238">
        <time>2026-09-25T23:16:36Z</time>
      </trkpt>
      <trkpt lat="23.056051" lon="113.331122">
        <time>2026-09-25T23:16:41Z</time>
      </trkpt>
      <trkpt lat="23.056137" lon="113.331017">
        <time>2026-09-25T23:16:46Z</time>
      </trkpt>
      <trkpt lat="23.056227" lon="113.33092">
        <time>2026-09-25T23:16:51Z</time>
      </trkpt>
      <trkpt lat="23.056319" lon="113.330818">
        <time>2026-09-25T23:16:56Z</time>
      </trkpt>
      <trkpt lat="23.0564" lon="113.330702">
        <time>2026-09-25T23:17:01Z</time>
      </trkpt>
      <trkpt lat="23.056476" lon="113.330594">
        <time>2026-09-25T23:17:06Z</time>
      </trkpt>
      <trkpt lat="23.056548" lon="113.330475">
        <time>2026-09-25T23:17:11Z</time>
      </trkpt>
      <trkpt lat="23.056589" lon="113.330341">
        <time>2026-09-25T23:17:16Z</time>
      </trkpt>
      <trkpt lat="23.05663" lon="113.33019">
        <time>2026-09-25T23:17:21Z</time>
      </trkpt>
      <trkpt lat="23.05666" lon="113.330064">
        <time>2026-09-25T23:17:26Z</time>
      </trkpt>
      <trkpt lat="23.056692" lon="113.329935">
        <time>2026-09-25T23:17:31Z</time>
      </trkpt>
      <trkpt lat="23.056735" lon="113.3298">
        <time>2026-09-25T23:17:36Z</time>
      </trkpt>
      <trkpt lat="23.056793" lon="113.329649">
        <time>2026-09-25T23:17:41Z</time>
      </trkpt>
      <trkpt lat="23.056866" lon="113.329501">
        <time>2026-09-25T23:17:46Z</time>
      </trkpt>
      <trkpt lat="23.056941" lon="113.329379">
        <time>2026-09-25T23:17:51Z</time>
      </trkpt>
      <trkpt lat="23.056993" lon="113.329242">
        <time>2026-09-25T23:17:56Z</time>
      </trkpt>
      <trkpt lat="23.057034" lon="113.329098">
        <time>2026-09-25T23:18:01Z</time>
      </trkpt>
      <trkpt lat="23.057075" lon="113.328956">
        <time>2026-09-25T23:18:06Z</time>
      </trkpt>
      <trkpt lat="23.057117" lon="113.328822">
        <time>2026-09-25T23:18:11Z</time>
      </trkpt>
      <trkpt lat="23.057153" lon="113.328687">
        <time>2026-09-25T23:18:16Z</time>
      </trkpt>
      <trkpt lat="23.057192" lon="113.328559">
        <time>2026-09-25T23:18:21Z</time>
      </trkpt>
      <trkpt lat="23.057233" lon="113.328431">
        <time>2026-09-25T23:18:26Z</time>
      </trkpt>
      <trkpt lat="23.05727" lon="113.328304">
        <time>2026-09-25T23:18:31Z</time>
      </trkpt>
      <trkpt lat="23.05731" lon="113.328167">
        <time>2026-09-25T23:18:36Z</time>
      </trkpt>
      <trkpt lat="23.057353" lon="113.328031">
        <time>2026-09-25T23:18:41Z</time>
      </trkpt>
      <trkpt lat="23.057403" lon="113.327893">
        <time>2026-09-25T23:18:46Z</time>
      </trkpt>
      <trkpt lat="23.057449" lon="113.327753">
        <time>2026-09-25T23:18:51Z</time>
      </trkpt>
      <trkpt lat="23.057487" lon="113.32761">
        <time>2026-09-25T23:18:56Z</time>
      </trkpt>
      <trkpt lat="23.057533" lon="113.327471">
        <time>2026-09-25T23:19:01Z</time>
      </trkpt>
      <trkpt lat="23.057578" lon="113.327332">
        <time>2026-09-25T23:19:06Z</time>
      </trkpt>
      <trkpt lat="23.057617" lon="113.327196">
        <time>2026-09-25T23:19:11Z</time>
      </trkpt>
      <trkpt lat="23.057658" lon="113.327056">
        <time>2026-09-25T23:19:16Z</time>
      </trkpt>
      <trkpt lat="23.0577" lon="113.326912">
        <time>2026-09-25T23:19:21Z</time>
      </trkpt>
      <trkpt lat="23.057739" lon="113.326771">
        <time>2026-09-25T23:19:26Z</time>
      </trkpt>
      <trkpt lat="23.057753" lon="113.326635">
        <time>2026-09-25T23:19:31Z</time>
      </trkpt>
      <trkpt lat="23.057765" lon="113.3265">
        <time>2026-09-25T23:19:36Z</time>
      </trkpt>
      <trkpt lat="23.057779" lon="113.326358">
        <time>2026-09-25T23:19:41Z</time>
      </trkpt>
      <trkpt lat="23.057785" lon="113.326215">
        <time>2026-09-25T23:19:46Z</time>
      </trkpt>
      <trkpt lat="23.057783" lon="113.326085">
        <time>2026-09-25T23:19:51Z</time>
      </trkpt>
      <trkpt lat="23.057769" lon="113.325953">
        <time>2026-09-25T23:19:56Z</time>
      </trkpt>
      <trkpt lat="23.057755" lon="113.325817">
        <time>2026-09-25T23:20:01Z</time>
      </trkpt>
      <trkpt lat="23.057766" lon="113.325667">
        <time>2026-09-25T23:20:06Z</time>
      </trkpt>
      <trkpt lat="23.057763" lon="113.325528">
        <time>2026-09-25T23:20:11Z</time>
      </trkpt>
      <trkpt lat="23.057752" lon="113.325384">
        <time>2026-09-25T23:20:16Z</time>
      </trkpt>
      <trkpt lat="23.057747" lon="113.325239">
        <time>2026-09-25T23:20:21Z</time>
      </trkpt>
      <trkpt lat="23.057754" lon="113.325088">
        <time>2026-09-25T23:20:26Z</time>
      </trkpt>
      <trkpt lat="23.057765" lon="113.324942">
        <time>2026-09-25T23:20:31Z</time>
      </trkpt>
      <trkpt lat="23.057783" lon="113.324798">
        <time>2026-09-25T23:20:36Z</time>
      </trkpt>
      <trkpt lat="23.057785" lon="113.32465">
        <time>2026-09-25T23:20:41Z</time>
      </trkpt>
      <trkpt lat="23.057779" lon="113.324498">
        <time>2026-09-25T23:20:46Z</time>
      </trkpt>
      <trkpt lat="23.05778" lon="113.324355">
        <time>2026-09-25T23:20:51Z</time>
      </trkpt>
      <trkpt lat="23.057779" lon="113.324217">
        <time>2026-09-25T23:20:56Z</time>
      </trkpt>
      <trkpt lat="23.057776" lon="113.32408">
        <time>2026-09-25T23:21:01Z</time>
      </trkpt>
      <trkpt lat="23.057779" lon="113.323942">
        <time>2026-09-25T23:21:06Z</time>
      </trkpt>
      <trkpt lat="23.057783" lon="113.323798">
        <time>2026-09-25T23:21:11Z</time>
      </trkpt>
      <trkpt lat="23.057773" lon="113.32365">
        <time>2026-09-25T23:21:16Z</time>
      </trkpt>
      <trkpt lat="23.057749" lon="113.32351">
        <time>2026-09-25T23:21:21Z</time>
      </trkpt>
      <trkpt lat="23.057737" lon="113.323377">
        <time>2026-09-25T23:21:26Z</time>
      </trkpt>
      <trkpt lat="23.057741" lon="113.323239">
        <time>2026-09-25T23:21:31Z</time>
      </trkpt>
      <trkpt lat="23.057741" lon="113.323103">
        <time>2026-09-25T23:21:36Z</time>
      </trkpt>
      <trkpt lat="23.057738" lon="113.322976">
        <time>2026-09-25T23:21:41Z</time>
      </trkpt>
      <trkpt lat="23.057744" lon="113.322836">
        <time>2026-09-25T23:21:46Z</time>
      </trkpt>
      <trkpt lat="23.057734" lon="113.322696">
        <time>2026-09-25T23:21:51Z</time>
      </trkpt>
      <trkpt lat="23.05772" lon="113.322553">
        <time>2026-09-25T23:21:56Z</time>
      </trkpt>
      <trkpt lat="23.057721" lon="113.322405">
        <time>2026-09-25T23:22:01Z</time>
      </trkpt>
      <trkpt lat="23.057738" lon="113.32225">
        <time>2026-09-25T23:22:06Z</time>
      </trkpt>
      <trkpt lat="23.057734" lon="113.322103">
        <time>2026-09-25T23:22:11Z</time>
      </trkpt>
      <trkpt lat="23.05772" lon="113.32195">
        <time>2026-09-25T23:22:16Z</time>
      </trkpt>
      <trkpt lat="23.057731" lon="113.3218">
        <time>2026-09-25T23:22:21Z</time>
      </trkpt>
      <trkpt lat="23.057746" lon="113.32166">
        <time>2026-09-25T23:22:26Z</time>
      </trkpt>
      <trkpt lat="23.057762" lon="113.321518">
        <time>2026-09-25T23:22:31Z</time>
      </trkpt>
      <trkpt lat="23.05777" lon="113.321364">
        <time>2026-09-25T23:22:36Z</time>
      </trkpt>
      <trkpt lat="23.057766" lon="113.321213">
        <time>2026-09-25T23:22:41Z</time>
      </trkpt>
      <trkpt lat="23.057757" lon="113.321083">
        <time>2026-09-25T23:22:46Z</time>
      </trkpt>
      <trkpt lat="23.057744" lon="113.320951">
        <time>2026-09-25T23:22:51Z</time>
      </trkpt>
      <trkpt lat="23.05775" lon="113.320809">
        <time>2026-09-25T23:22:56Z</time>
      </trkpt>
      <trkpt lat="23.057761" lon="113.320666">
        <time>2026-09-25T23:23:01Z</time>
      </trkpt>
      <trkpt lat="23.057759" lon="113.320515">
        <time>2026-09-25T23:23:06Z</time>
      </trkpt>
      <trkpt lat="23.057748" lon="113.320368">
        <time>2026-09-25T23:23:11Z</time>
      </trkpt>
      <trkpt lat="23.05775" lon="113.320219">
        <time>2026-09-25T23:23:16Z</time>
      </trkpt>
      <trkpt lat="23.057767" lon="113.320069">
        <time>2026-09-25T23:23:21Z</time>
      </trkpt>
      <trkpt lat="23.057763" lon="113.319921">
        <time>2026-09-25T23:23:26Z</time>
      </trkpt>
      <trkpt lat="23.057765" lon="113.319773">
        <time>2026-09-25T23:23:31Z</time>
      </trkpt>
      <trkpt lat="23.057768" lon="113.319629">
        <time>2026-09-25T23:23:36Z</time>
      </trkpt>
      <trkpt lat="23.057789" lon="113.319485">
        <time>2026-09-25T23:23:41Z</time>
      </trkpt>
      <trkpt lat="23.057815" lon="113.319337">
        <time>2026-09-25T23:23:46Z</time>
      </trkpt>
      <trkpt lat="23.057832" lon="113.319193">
        <time>2026-09-25T23:23:51Z</time>
      </trkpt>
      <trkpt lat="23.05783" lon="113.319049">
        <time>2026-09-25T23:23:56Z</time>
      </trkpt>
      <trkpt lat="23.057817" lon="113.318906">
        <time>2026-09-25T23:24:01Z</time>
      </trkpt>
      <trkpt lat="23.057782" lon="113.318764">
        <time>2026-09-25T23:24:06Z</time>
      </trkpt>
      <trkpt lat="23.057758" lon="113.318622">
        <time>2026-09-25T23:24:11Z</time>
      </trkpt>
      <trkpt lat="23.057732" lon="113.318483">
        <time>2026-09-25T23:24:16Z</time>
      </trkpt>
      <trkpt lat="23.057715" lon="113.318338">
        <time>2026-09-25T23:24:21Z</time>
      </trkpt>
      <trkpt lat="23.057696" lon="113.318193">
        <time>2026-09-25T23:24:26Z</time>
      </trkpt>
      <trkpt lat="23.057666" lon="113.318048">
        <time>2026-09-25T23:24:31Z</time>
      </trkpt>
      <trkpt lat="23.057613" lon="113.317917">
        <time>2026-09-25T23:24:36Z</time>
      </trkpt>
      <trkpt lat="23.057557" lon="113.317791">
        <time>2026-09-25T23:24:41Z</time>
      </trkpt>
      <trkpt lat="23.057508" lon="113.317663">
        <time>2026-09-25T23:24:46Z</time>
      </trkpt>
      <trkpt lat="23.057455" lon="113.317545">
        <time>2026-09-25T23:24:51Z</time>
      </trkpt>
      <trkpt lat="23.057453" lon="113.317419">
        <time>2026-09-25T23:24:56Z</time>
      </trkpt>
      <trkpt lat="23.057477" lon="113.317278">
        <time>2026-09-25T23:25:01Z</time>
      </trkpt>
      <trkpt lat="23.057475" lon="113.317134">
        <time>2026-09-25T23:25:06Z</time>
      </trkpt>
      <trkpt lat="23.057474" lon="113.316989">
        <time>2026-09-25T23:25:11Z</time>
      </trkpt>
      <trkpt lat="23.057469" lon="113.316837">
        <time>2026-09-25T23:25:16Z</time>
      </trkpt>
      <trkpt lat="23.057465" lon="113.316683">
        <time>2026-09-25T23:25:21Z</time>
      </trkpt>
      <trkpt lat="23.057457" lon="113.316536">
        <time>2026-09-25T23:25:26Z</time>
      </trkpt>
      <trkpt lat="23.057449" lon="113.316392">
        <time>2026-09-25T23:25:31Z</time>
      </trkpt>
      <trkpt lat="23.057426" lon="113.316242">
        <time>2026-09-25T23:25:36Z</time>
      </trkpt>
      <trkpt lat="23.057411" lon="113.316101">
        <time>2026-09-25T23:25:41Z</time>
      </trkpt>
      <trkpt lat="23.057401" lon="113.315957">
        <time>2026-09-25T23:25:46Z</time>
      </trkpt>
      <trkpt lat="23.057405" lon="113.315806">
        <time>2026-09-25T23:25:51Z</time>
      </trkpt>
      <trkpt lat="23.057417" lon="113.315663">
        <time>2026-09-25T23:25:56Z</time>
      </trkpt>
      <trkpt lat="23.057401" lon="113.315521">
        <time>2026-09-25T23:26:01Z</time>
      </trkpt>
      <trkpt lat="23.057393" lon="113.31538">
        <time>2026-09-25T23:26:06Z</time>
      </trkpt>
      <trkpt lat="23.057399" lon="113.315235">
        <time>2026-09-25T23:26:11Z</time>
      </trkpt>
      <trkpt lat="23.057405" lon="113.31509">
        <time>2026-09-25T23:26:16Z</time>
      </trkpt>
      <trkpt lat="23.057406" lon="113.314945">
        <time>2026-09-25T23:26:21Z</time>
      </trkpt>
      <trkpt lat="23.057403" lon="113.314795">
        <time>2026-09-25T23:26:26Z</time>
      </trkpt>
      <trkpt lat="23.057402" lon="113.314651">
        <time>2026-09-25T23:26:31Z</time>
      </trkpt>
      <trkpt lat="23.057407" lon="113.314507">
        <time>2026-09-25T23:26:36Z</time>
      </trkpt>
      <trkpt lat="23.057412" lon="113.314359">
        <time>2026-09-25T23:26:41Z</time>
      </trkpt>
      <trkpt lat="23.057409" lon="113.314221">
        <time>2026-09-25T23:26:46Z</time>
      </trkpt>
      <trkpt lat="23.057398" lon="113.314094">
        <time>2026-09-25T23:26:51Z</time>
      </trkpt>
      <trkpt lat="23.057388" lon="113.313962">
        <time>2026-09-25T23:26:56Z</time>
      </trkpt>
      <trkpt lat="23.057384" lon="113.313818">
        <time>2026-09-25T23:27:01Z</time>
      </trkpt>
      <trkpt lat="23.05738" lon="113.313673">
        <time>2026-09-25T23:27:06Z</time>
      </trkpt>
      <trkpt lat="23.057372" lon="113.313528">
        <time>2026-09-25T23:27:11Z</time>
      </trkpt>
      <trkpt lat="23.057366" lon="113.313388">
        <time>2026-09-25T23:27:16Z</time>
      </trkpt>
      <trkpt lat="23.057361" lon="113.313243">
        <time>2026-09-25T23:27:21Z</time>
      </trkpt>
      <trkpt lat="23.057362" lon="113.31311">
        <time>2026-09-25T23:27:26Z</time>
      </trkpt>
      <trkpt lat="23.057358" lon="113.312972">
        <time>2026-09-25T23:27:31Z</time>
      </trkpt>
      <trkpt lat="23.057353" lon="113.312833">
        <time>2026-09-25T23:27:36Z</time>
      </trkpt>
      <trkpt lat="23.057353" lon="113.312689">
        <time>2026-09-25T23:27:41Z</time>
      </trkpt>
      <trkpt lat="23.05735" lon="113.312545">
        <time>2026-09-25T23:27:46Z</time>
      </trkpt>
      <trkpt lat="23.05735" lon="113.312401">
        <time>2026-09-25T23:27:51Z</time>
      </trkpt>
      <trkpt lat="23.057351" lon="113.312259">
        <time>2026-09-25T23:27:56Z</time>
      </trkpt>
      <trkpt lat="23.057354" lon="113.312115">
        <time>2026-09-25T23:28:01Z</time>
      </trkpt>
      <trkpt lat="23.05736" lon="113.311973">
        <time>2026-09-25T23:28:06Z</time>
      </trkpt>
      <trkpt lat="23.057365" lon="113.311815">
        <time>2026-09-25T23:28:11Z</time>
      </trkpt>
      <trkpt lat="23.057369" lon="113.311652">
        <time>2026-09-25T23:28:16Z</time>
      </trkpt>
      <trkpt lat="23.057371" lon="113.311509">
        <time>2026-09-25T23:28:21Z</time>
      </trkpt>
      <trkpt lat="23.057375" lon="113.311368">
        <time>2026-09-25T23:28:26Z</time>
      </trkpt>
      <trkpt lat="23.057387" lon="113.311226">
        <time>2026-09-25T23:28:31Z</time>
      </trkpt>
      <trkpt lat="23.057396" lon="113.311089">
        <time>2026-09-25T23:28:36Z</time>
      </trkpt>
      <trkpt lat="23.057398" lon="113.310957">
        <time>2026-09-25T23:28:41Z</time>
      </trkpt>
      <trkpt lat="23.057407" lon="113.310818">
        <time>2026-09-25T23:28:46Z</time>
      </trkpt>
      <trkpt lat="23.057414" lon="113.310672">
        <time>2026-09-25T23:28:51Z</time>
      </trkpt>
      <trkpt lat="23.057417" lon="113.310528">
        <time>2026-09-25T23:28:56Z</time>
      </trkpt>
      <trkpt lat="23.057417" lon="113.310378">
        <time>2026-09-25T23:29:01Z</time>
      </trkpt>
      <trkpt lat="23.05741" lon="113.31023">
        <time>2026-09-25T23:29:06Z</time>
      </trkpt>
      <trkpt lat="23.057416" lon="113.310084">
        <time>2026-09-25T23:29:11Z</time>
      </trkpt>
      <trkpt lat="23.057398" lon="113.309939">
        <time>2026-09-25T23:29:16Z</time>
      </trkpt>
      <trkpt lat="23.057366" lon="113.309811">
        <time>2026-09-25T23:29:21Z</time>
      </trkpt>
      <trkpt lat="23.057319" lon="113.30968">
        <time>2026-09-25T23:29:26Z</time>
      </trkpt>
      <trkpt lat="23.05729" lon="113.309522">
        <time>2026-09-25T23:29:31Z</time>
      </trkpt>
      <trkpt lat="23.057263" lon="113.309384">
        <time>2026-09-25T23:29:36Z</time>
      </trkpt>
      <trkpt lat="23.057251" lon="113.309255">
        <time>2026-09-25T23:29:41Z</time>
      </trkpt>
      <trkpt lat="23.057233" lon="113.309107">
        <time>2026-09-25T23:29:46Z</time>
      </trkpt>
      <trkpt lat="23.057212" lon="113.308959">
        <time>2026-09-25T23:29:51Z</time>
      </trkpt>
      <trkpt lat="23.057203" lon="113.308819">
        <time>2026-09-25T23:29:56Z</time>
      </trkpt>
      <trkpt lat="23.057207" lon="113.308678">
        <time>2026-09-25T23:30:01Z</time>
      </trkpt>
      <trkpt lat="23.057209" lon="113.308537">
        <time>2026-09-25T23:30:06Z</time>
      </trkpt>
      <trkpt lat="23.05721" lon="113.30839">
        <time>2026-09-25T23:30:11Z</time>
      </trkpt>
      <trkpt lat="23.057203" lon="113.308233">
        <time>2026-09-25T23:30:16Z</time>
      </trkpt>
      <trkpt lat="23.057182" lon="113.308093">
        <time>2026-09-25T23:30:21Z</time>
      </trkpt>
      <trkpt lat="23.057166" lon="113.307955">
        <time>2026-09-25T23:30:26Z</time>
      </trkpt>
      <trkpt lat="23.057146" lon="113.307815">
        <time>2026-09-25T23:30:31Z</time>
      </trkpt>
      <trkpt lat="23.057144" lon="113.307658">
        <time>2026-09-25T23:30:36Z</time>
      </trkpt>
      <trkpt lat="23.05714" lon="113.307505">
        <time>2026-09-25T23:30:41Z</time>
      </trkpt>
      <trkpt lat="23.057135" lon="113.307359">
        <time>2026-09-25T23:30:46Z</time>
      </trkpt>
      <trkpt lat="23.057141" lon="113.307218">
        <time>2026-09-25T23:30:51Z</time>
      </trkpt>
      <trkpt lat="23.057137" lon="113.307077">
        <time>2026-09-25T23:30:56Z</time>
      </trkpt>
      <trkpt lat="23.057133" lon="113.306932">
        <time>2026-09-25T23:31:01Z</time>
      </trkpt>
      <trkpt lat="23.057139" lon="113.30678">
        <time>2026-09-25T23:31:06Z</time>
      </trkpt>
      <trkpt lat="23.057133" lon="113.306637">
        <time>2026-09-25T23:31:11Z</time>
      </trkpt>
      <trkpt lat="23.057137" lon="113.306499">
        <time>2026-09-25T23:31:16Z</time>
      </trkpt>
      <trkpt lat="23.057138" lon="113.306356">
        <time>2026-09-25T23:31:21Z</time>
      </trkpt>
      <trkpt lat="23.057156" lon="113.306195">
        <time>2026-09-25T23:31:26Z</time>
      </trkpt>
      <trkpt lat="23.057191" lon="113.306046">
        <time>2026-09-25T23:31:31Z</time>
      </trkpt>
      <trkpt lat="23.057211" lon="113.305895">
        <time>2026-09-25T23:31:36Z</time>
      </trkpt>
      <trkpt lat="23.057222" lon="113.305746">
        <time>2026-09-25T23:31:41Z</time>
      </trkpt>
      <trkpt lat="23.057234" lon="113.305596">
        <time>2026-09-25T23:31:46Z</time>
      </trkpt>
      <trkpt lat="23.057246" lon="113.305445">
        <time>2026-09-25T23:31:51Z</time>
      </trkpt>
      <trkpt lat="23.057255" lon="113.305303">
        <time>2026-09-25T23:31:56Z</time>
      </trkpt>
      <trkpt lat="23.057263" lon="113.305166">
        <time>2026-09-25T23:32:01Z</time>
      </trkpt>
      <trkpt lat="23.057275" lon="113.30502">
        <time>2026-09-25T23:32:06Z</time>
      </trkpt>
      <trkpt lat="23.057292" lon="113.304879">
        <time>2026-09-25T23:32:11Z</time>
      </trkpt>
      <trkpt lat="23.057305" lon="113.304738">
        <time>2026-09-25T23:32:16Z</time>
      </trkpt>
      <trkpt lat="23.057313" lon="113.304598">
        <time>2026-09-25T23:32:21Z</time>
      </trkpt>
      <trkpt lat="23.05732" lon="113.304452">
        <time>2026-09-25T23:32:26Z</time>
      </trkpt>
      <trkpt lat="23.05734" lon="113.304297">
        <time>2026-09-25T23:32:31Z</time>
      </trkpt>
      <trkpt lat="23.057362" lon="113.304147">
        <time>2026-09-25T23:32:36Z</time>
      </trkpt>
      <trkpt lat="23.057384" lon="113.304">
        <time>2026-09-25T23:32:41Z</time>
      </trkpt>
      <trkpt lat="23.057394" lon="113.303866">
        <time>2026-09-25T23:32:46Z</time>
      </trkpt>
      <trkpt lat="23.057408" lon="113.303738">
        <time>2026-09-25T23:32:51Z</time>
      </trkpt>
      <trkpt lat="23.057424" lon="113.303593">
        <time>2026-09-25T23:32:56Z</time>
      </trkpt>
      <trkpt lat="23.057448" lon="113.303446">
        <time>2026-09-25T23:33:01Z</time>
      </trkpt>
      <trkpt lat="23.057472" lon="113.303304">
        <time>2026-09-25T23:33:06Z</time>
      </trkpt>
      <trkpt lat="23.057485" lon="113.303155">
        <time>2026-09-25T23:33:11Z</time>
      </trkpt>
      <trkpt lat="23.057501" lon="113.303014">
        <time>2026-09-25T23:33:16Z</time>
      </trkpt>
      <trkpt lat="23.057525" lon="113.302871">
        <time>2026-09-25T23:33:21Z</time>
      </trkpt>
      <trkpt lat="23.057556" lon="113.302715">
        <time>2026-09-25T23:33:26Z</time>
      </trkpt>
      <trkpt lat="23.057571" lon="113.302569">
        <time>2026-09-25T23:33:31Z</time>
      </trkpt>
      <trkpt lat="23.057604" lon="113.302419">
        <time>2026-09-25T23:33:36Z</time>
      </trkpt>
      <trkpt lat="23.057625" lon="113.302289">
        <time>2026-09-25T23:33:41Z</time>
      </trkpt>
      <trkpt lat="23.057657" lon="113.30216">
        <time>2026-09-25T23:33:46Z</time>
      </trkpt>
      <trkpt lat="23.05768" lon="113.302013">
        <time>2026-09-25T23:33:51Z</time>
      </trkpt>
      <trkpt lat="23.057691" lon="113.301889">
        <time>2026-09-25T23:33:56Z</time>
      </trkpt>
      <trkpt lat="23.057701" lon="113.301764">
        <time>2026-09-25T23:34:01Z</time>
      </trkpt>
      <trkpt lat="23.057718" lon="113.301616">
        <time>2026-09-25T23:34:06Z</time>
      </trkpt>
      <trkpt lat="23.057727" lon="113.301463">
        <time>2026-09-25T23:34:11Z</time>
      </trkpt>
      <trkpt lat="23.057727" lon="113.301324">
        <time>2026-09-25T23:34:16Z</time>
      </trkpt>
      <trkpt lat="23.057728" lon="113.301191">
        <time>2026-09-25T23:34:21Z</time>
      </trkpt>
      <trkpt lat="23.057736" lon="113.301048">
        <time>2026-09-25T23:34:26Z</time>
      </trkpt>
      <trkpt lat="23.057773" lon="113.30089">
        <time>2026-09-25T23:34:31Z</time>
      </trkpt>
      <trkpt lat="23.05783" lon="113.300729">
        <time>2026-09-25T23:34:36Z</time>
      </trkpt>
      <trkpt lat="23.057861" lon="113.300583">
        <time>2026-09-25T23:34:41Z</time>
      </trkpt>
      <trkpt lat="23.057873" lon="113.300443">
        <time>2026-09-25T23:34:46Z</time>
      </trkpt>
      <trkpt lat="23.057884" lon="113.300306">
        <time>2026-09-25T23:34:51Z</time>
      </trkpt>
      <trkpt lat="23.057912" lon="113.300162">
        <time>2026-09-25T23:34:56Z</time>
      </trkpt>
      <trkpt lat="23.057927" lon="113.300014">
        <time>2026-09-25T23:35:01Z</time>
      </trkpt>
      <trkpt lat="23.057938" lon="113.299869">
        <time>2026-09-25T23:35:06Z</time>
      </trkpt>
      <trkpt lat="23.057951" lon="113.299722">
        <time>2026-09-25T23:35:11Z</time>
      </trkpt>
      <trkpt lat="23.057991" lon="113.299585">
        <time>2026-09-25T23:35:16Z</time>
      </trkpt>
      <trkpt lat="23.058033" lon="113.299435">
        <time>2026-09-25T23:35:21Z</time>
      </trkpt>
      <trkpt lat="23.058031" lon="113.299288">
        <time>2026-09-25T23:35:26Z</time>
      </trkpt>
      <trkpt lat="23.058043" lon="113.299145">
        <time>2026-09-25T23:35:31Z</time>
      </trkpt>
      <trkpt lat="23.058069" lon="113.299007">
        <time>2026-09-25T23:35:36Z</time>
      </trkpt>
      <trkpt lat="23.058133" lon="113.298869">
        <time>2026-09-25T23:35:41Z</time>
      </trkpt>
      <trkpt lat="23.058177" lon="113.298726">
        <time>2026-09-25T23:35:46Z</time>
      </trkpt>
      <trkpt lat="23.058193" lon="113.29859">
        <time>2026-09-25T23:35:51Z</time>
      </trkpt>
      <trkpt lat="23.058209" lon="113.298448">
        <time>2026-09-25T23:35:56Z</time>
      </trkpt>
      <trkpt lat="23.058202" lon="113.298308">
        <time>2026-09-25T23:36:01Z</time>
      </trkpt>
      <trkpt lat="23.058193" lon="113.298175">
        <time>2026-09-25T23:36:06Z</time>
      </trkpt>
      <trkpt lat="23.058206" lon="113.29803">
        <time>2026-09-25T23:36:11Z</time>
      </trkpt>
      <trkpt lat="23.058213" lon="113.297878">
        <time>2026-09-25T23:36:16Z</time>
      </trkpt>
      <trkpt lat="23.058207" lon="113.297733">
        <time>2026-09-25T23:36:21Z</time>
      </trkpt>
      <trkpt lat="23.058209" lon="113.297583">
        <time>2026-09-25T23:36:26Z</time>
      </trkpt>
      <trkpt lat="23.058214" lon="113.297437">
        <time>2026-09-25T23:36:31Z</time>
      </trkpt>
      <trkpt lat="23.058214" lon="113.297293">
        <time>2026-09-25T23:36:36Z</time>
      </trkpt>
      <trkpt lat="23.058223" lon="113.297146">
        <time>2026-09-25T23:36:41Z</time>
      </trkpt>
      <trkpt lat="23.058238" lon="113.297004">
        <time>2026-09-25T23:36:46Z</time>
      </trkpt>
      <trkpt lat="23.058258" lon="113.296865">
        <time>2026-09-25T23:36:51Z</time>
      </trkpt>
      <trkpt lat="23.058299" lon="113.296726">
        <time>2026-09-25T23:36:56Z</time>
      </trkpt>
      <trkpt lat="23.058333" lon="113.296591">
        <time>2026-09-25T23:37:01Z</time>
      </trkpt>
      <trkpt lat="23.058358" lon="113.296461">
        <time>2026-09-25T23:37:06Z</time>
      </trkpt>
      <trkpt lat="23.058394" lon="113.296344">
        <time>2026-09-25T23:37:11Z</time>
      </trkpt>
      <trkpt lat="23.058432" lon="113.296205">
        <time>2026-09-25T23:37:16Z</time>
      </trkpt>
      <trkpt lat="23.058455" lon="113.296053">
        <time>2026-09-25T23:37:21Z</time>
      </trkpt>
      <trkpt lat="23.05848" lon="113.295904">
        <time>2026-09-25T23:37:26Z</time>
      </trkpt>
      <trkpt lat="23.058511" lon="113.295773">
        <time>2026-09-25T23:37:31Z</time>
      </trkpt>
      <trkpt lat="23.058541" lon="113.295646">
        <time>2026-09-25T23:37:36Z</time>
      </trkpt>
      <trkpt lat="23.058575" lon="113.295515">
        <time>2026-09-25T23:37:41Z</time>
      </trkpt>
      <trkpt lat="23.058609" lon="113.295376">
        <time>2026-09-25T23:37:46Z</time>
      </trkpt>
      <trkpt lat="23.058641" lon="113.295227">
        <time>2026-09-25T23:37:51Z</time>
      </trkpt>
      <trkpt lat="23.058672" lon="113.295079">
        <time>2026-09-25T23:37:56Z</time>
      </trkpt>
      <trkpt lat="23.058707" lon="113.294936">
        <time>2026-09-25T23:38:01Z</time>
      </trkpt>
      <trkpt lat="23.05874" lon="113.294796">
        <time>2026-09-25T23:38:06Z</time>
      </trkpt>
      <trkpt lat="23.058771" lon="113.294649">
        <time>2026-09-25T23:38:11Z</time>
      </trkpt>
      <trkpt lat="23.058807" lon="113.294507">
        <time>2026-09-25T23:38:16Z</time>
      </trkpt>
      <trkpt lat="23.058835" lon="113.294375">
        <time>2026-09-25T23:38:21Z</time>
      </trkpt>
      <trkpt lat="23.05886" lon="113.294221">
        <time>2026-09-25T23:38:26Z</time>
      </trkpt>
      <trkpt lat="23.058878" lon="113.29407">
        <time>2026-09-25T23:38:31Z</time>
      </trkpt>
      <trkpt lat="23.058885" lon="113.293931">
        <time>2026-09-25T23:38:36Z</time>
      </trkpt>
      <trkpt lat="23.058909" lon="113.293796">
        <time>2026-09-25T23:38:41Z</time>
      </trkpt>
      <trkpt lat="23.058939" lon="113.293651">
        <time>2026-09-25T23:38:46Z</time>
      </trkpt>
      <trkpt lat="23.058948" lon="113.293497">
        <time>2026-09-25T23:38:51Z</time>
      </trkpt>
      <trkpt lat="23.058955" lon="113.293346">
        <time>2026-09-25T23:38:56Z</time>
      </trkpt>
      <trkpt lat="23.058967" lon="113.293203">
        <time>2026-09-25T23:39:01Z</time>
      </trkpt>
      <trkpt lat="23.058965" lon="113.293059">
        <time>2026-09-25T23:39:06Z</time>
      </trkpt>
      <trkpt lat="23.058974" lon="113.292908">
        <time>2026-09-25T23:39:11Z</time>
      </trkpt>
      <trkpt lat="23.058982" lon="113.29276">
        <time>2026-09-25T23:39:16Z</time>
      </trkpt>
      <trkpt lat="23.058974" lon="113.292618">
        <time>2026-09-25T23:39:21Z</time>
      </trkpt>
      <trkpt lat="23.058967" lon="113.292475">
        <time>2026-09-25T23:39:26Z</time>
      </trkpt>
      <trkpt lat="23.058955" lon="113.292335">
        <time>2026-09-25T23:39:31Z</time>
      </trkpt>
      <trkpt lat="23.058943" lon="113.292191">
        <time>2026-09-25T23:39:36Z</time>
      </trkpt>
      <trkpt lat="23.05892" lon="113.292055">
        <time>2026-09-25T23:39:41Z</time>
      </trkpt>
      <trkpt lat="23.058891" lon="113.291916">
        <time>2026-09-25T23:39:46Z</time>
      </trkpt>
      <trkpt lat="23.058868" lon="113.291772">
        <time>2026-09-25T23:39:51Z</time>
      </trkpt>
      <trkpt lat="23.058845" lon="113.291627">
        <time>2026-09-25T23:39:56Z</time>
      </trkpt>
      <trkpt lat="23.058825" lon="113.291487">
        <time>2026-09-25T23:40:01Z</time>
      </trkpt>
      <trkpt lat="23.058796" lon="113.291351">
        <time>2026-09-25T23:40:06Z</time>
      </trkpt>
      <trkpt lat="23.058776" lon="113.291213">
        <time>2026-09-25T23:40:11Z</time>
      </trkpt>
      <trkpt lat="23.058753" lon="113.291065">
        <time>2026-09-25T23:40:16Z</time>
      </trkpt>
      <trkpt lat="23.058727" lon="113.290924">
        <time>2026-09-25T23:40:21Z</time>
      </trkpt>
      <trkpt lat="23.058717" lon="113.290783">
        <time>2026-09-25T23:40:26Z</time>
      </trkpt>
      <trkpt lat="23.058696" lon="113.290636">
        <time>2026-09-25T23:40:31Z</time>
      </trkpt>
      <trkpt lat="23.058667" lon="113.290488">
        <time>2026-09-25T23:40:36Z</time>
      </trkpt>
      <trkpt lat="23.058654" lon="113.290338">
        <time>2026-09-25T23:40:41Z</time>
      </trkpt>
      <trkpt lat="23.058635" lon="113.29019">
        <time>2026-09-25T23:40:46Z</time>
      </trkpt>
      <trkpt lat="23.05861" lon="113.290042">
        <time>2026-09-25T23:40:51Z</time>
      </trkpt>
      <trkpt lat="23.05859" lon="113.289898">
        <time>2026-09-25T23:40:56Z</time>
      </trkpt>
      <trkpt lat="23.05857" lon="113.289755">
        <time>2026-09-25T23:41:01Z</time>
      </trkpt>
      <trkpt lat="23.058559" lon="113.289612">
        <time>2026-09-25T23:41:06Z</time>
      </trkpt>
      <trkpt lat="23.058541" lon="113.289476">
        <time>2026-09-25T23:41:11Z</time>
      </trkpt>
      <trkpt lat="23.058528" lon="113.289338">
        <time>2026-09-25T23:41:16Z</time>
      </trkpt>
      <trkpt lat="23.058493" lon="113.289201">
        <time>2026-09-25T23:41:21Z</time>
      </trkpt>
      <trkpt lat="23.058464" lon="113.28906">
        <time>2026-09-25T23:41:26Z</time>
      </trkpt>
      <trkpt lat="23.058456" lon="113.288917">
        <time>2026-09-25T23:41:31Z</time>
      </trkpt>
      <trkpt lat="23.058432" lon="113.288776">
        <time>2026-09-25T23:41:36Z</time>
      </trkpt>
      <trkpt lat="23.058411" lon="113.288631">
        <time>2026-09-25T23:41:41Z</time>
      </trkpt>
      <trkpt lat="23.058393" lon="113.288489">
        <time>2026-09-25T23:41:46Z</time>
      </trkpt>
      <trkpt lat="23.058377" lon="113.28835">
        <time>2026-09-25T23:41:51Z</time>
      </trkpt>
      <trkpt lat="23.058413" lon="113.288218">
        <time>2026-09-25T23:41:56Z</time>
      </trkpt>
      <trkpt lat="23.058554" lon="113.288158">
        <time>2026-09-25T23:42:01Z</time>
      </trkpt>
      <trkpt lat="23.058709" lon="113.28813">
        <time>2026-09-25T23:42:06Z</time>
      </trkpt>
      <trkpt lat="23.058849" lon="113.288118">
        <time>2026-09-25T23:42:11Z</time>
      </trkpt>
      <trkpt lat="23.058987" lon="113.288113">
        <time>2026-09-25T23:42:16Z</time>
      </trkpt>
      <trkpt lat="23.059123" lon="113.288112">
        <time>2026-09-25T23:42:21Z</time>
      </trkpt>
      <trkpt lat="23.059256" lon="113.288088">
        <time>2026-09-25T23:42:26Z</time>
      </trkpt>
      <trkpt lat="23.059393" lon="113.288085">
        <time>2026-09-25T23:42:31Z</time>
      </trkpt>
      <trkpt lat="23.059532" lon="113.288083">
        <time>2026-09-25T23:42:36Z</time>
      </trkpt>
      <trkpt lat="23.059663" lon="113.288081">
        <time>2026-09-25T23:42:41Z</time>
      </trkpt>
      <trkpt lat="23.059793" lon="113.288087">
        <time>2026-09-25T23:42:46Z</time>
      </trkpt>
      <trkpt lat="23.059931" lon="113.288076">
        <time>2026-09-25T23:42:51Z</time>
      </trkpt>
      <trkpt lat="23.060068" lon="113.288052">
        <time>2026-09-25T23:42:56Z</time>
      </trkpt>
      <trkpt lat="23.06021" lon="113.288018">
        <time>2026-09-25T23:43:01Z</time>
      </trkpt>
      <trkpt lat="23.060305" lon="113.287941">
        <time>2026-09-25T23:43:06Z</time>
      </trkpt>
      <trkpt lat="23.060292" lon="113.287784">
        <time>2026-09-25T23:43:11Z</time>
      </trkpt>
      <trkpt lat="23.060256" lon="113.287606">
        <time>2026-09-25T23:43:16Z</time>
      </trkpt>
      <trkpt lat="23.060214" lon="113.287442">
        <time>2026-09-25T23:43:21Z</time>
      </trkpt>
      <trkpt lat="23.060178" lon="113.287282">
        <time>2026-09-25T23:43:26Z</time>
      </trkpt>
      <trkpt lat="23.060139" lon="113.287128">
        <time>2026-09-25T23:43:31Z</time>
      </trkpt>
      <trkpt lat="23.060106" lon="113.286967">
        <time>2026-09-25T23:43:36Z</time>
      </trkpt>
      <trkpt lat="23.060076" lon="113.286799">
        <time>2026-09-25T23:43:41Z</time>
      </trkpt>
      <trkpt lat="23.060113" lon="113.286666">
        <time>2026-09-25T23:43:46Z</time>
      </trkpt>
      <trkpt lat="23.06017" lon="113.286572">
        <time>2026-09-25T23:43:51Z</time>
      </trkpt>
      <trkpt lat="23.060276" lon="113.286505">
        <time>2026-09-25T23:43:56Z</time>
      </trkpt>
      <trkpt lat="23.060311" lon="113.286435">
        <time>2026-09-25T23:44:01Z</time>
      </trkpt>
      <trkpt lat="23.060188" lon="113.286408">
        <time>2026-09-25T23:44:06Z</time>
      </trkpt>
      <trkpt lat="23.060039" lon="113.286373">
        <time>2026-09-25T23:44:11Z</time>
      </trkpt>
      <trkpt lat="23.059904" lon="113.286339">
        <time>2026-09-25T23:44:16Z</time>
      </trkpt>
      <trkpt lat="23.059758" lon="113.286312">
        <time>2026-09-25T23:44:21Z</time>
      </trkpt>
      <trkpt lat="23.059617" lon="113.286304">
        <time>2026-09-25T23:44:26Z</time>
      </trkpt>
      <trkpt lat="23.059479" lon="113.286287">
        <time>2026-09-25T23:44:31Z</time>
      </trkpt>
      <trkpt lat="23.05934" lon="113.286284">
        <time>2026-09-25T23:44:36Z</time>
      </trkpt>
      <trkpt lat="23.059199" lon="113.286286">
        <time>2026-09-25T23:44:41Z</time>
      </trkpt>
      <trkpt lat="23.05907" lon="113.286277">
        <time>2026-09-25T23:44:46Z</time>
      </trkpt>
      <trkpt lat="23.058949" lon="113.286256">
        <time>2026-09-25T23:44:51Z</time>
      </trkpt>
      <trkpt lat="23.058911" lon="113.286256">
        <time>2026-09-25T23:44:56Z</time>
      </trkpt>
      <trkpt lat="23.05887" lon="113.286253">
        <time>2026-09-25T23:45:01Z</time>
      </trkpt>
      <trkpt lat="23.058794" lon="113.286155">
        <time>2026-09-25T23:45:06Z</time>
      </trkpt>
      <trkpt lat="23.058794" lon="113.286009">
        <time>2026-09-25T23:45:11Z</time>
      </trkpt>
      <trkpt lat="23.058852" lon="113.285862">
        <time>2026-09-25T23:45:16Z</time>
      </trkpt>
      <trkpt lat="23.058915" lon="113.285716">
        <time>2026-09-25T23:45:21Z</time>
      </trkpt>
      <trkpt lat="23.058975" lon="113.285564">
        <time>2026-09-25T23:45:26Z</time>
      </trkpt>
      <trkpt lat="23.059041" lon="113.285412">
        <time>2026-09-25T23:45:31Z</time>
      </trkpt>
      <trkpt lat="23.059106" lon="113.285261">
        <time>2026-09-25T23:45:36Z</time>
      </trkpt>
      <trkpt lat="23.05917" lon="113.285112">
        <time>2026-09-25T23:45:41Z</time>
      </trkpt>
      <trkpt lat="23.059238" lon="113.284965">
        <time>2026-09-25T23:45:46Z</time>
      </trkpt>
      <trkpt lat="23.059305" lon="113.284815">
        <time>2026-09-25T23:45:51Z</time>
      </trkpt>
      <trkpt lat="23.05937" lon="113.284668">
        <time>2026-09-25T23:45:56Z</time>
      </trkpt>
      <trkpt lat="23.059436" lon="113.284526">
        <time>2026-09-25T23:46:01Z</time>
      </trkpt>
      <trkpt lat="23.0595" lon="113.284385">
        <time>2026-09-25T23:46:06Z</time>
      </trkpt>
      <trkpt lat="23.059558" lon="113.284242">
        <time>2026-09-25T23:46:11Z</time>
      </trkpt>
      <trkpt lat="23.059616" lon="113.284104">
        <time>2026-09-25T23:46:16Z</time>
      </trkpt>
      <trkpt lat="23.059678" lon="113.283968">
        <time>2026-09-25T23:46:21Z</time>
      </trkpt>
      <trkpt lat="23.059734" lon="113.283824">
        <time>2026-09-25T23:46:26Z</time>
      </trkpt>
      <trkpt lat="23.059793" lon="113.283685">
        <time>2026-09-25T23:46:31Z</time>
      </trkpt>
      <trkpt lat="23.059859" lon="113.283552">
        <time>2026-09-25T23:46:36Z</time>
      </trkpt>
      <trkpt lat="23.059914" lon="113.283412">
        <time>2026-09-25T23:46:41Z</time>
      </trkpt>
      <trkpt lat="23.059982" lon="113.283282">
        <time>2026-09-25T23:46:46Z</time>
      </trkpt>
      <trkpt lat="23.06006" lon="113.283147">
        <time>2026-09-25T23:46:51Z</time>
      </trkpt>
      <trkpt lat="23.060123" lon="113.283013">
        <time>2026-09-25T23:46:56Z</time>
      </trkpt>
      <trkpt lat="23.060177" lon="113.282885">
        <time>2026-09-25T23:47:01Z</time>
      </trkpt>
      <trkpt lat="23.06023" lon="113.282758">
        <time>2026-09-25T23:47:06Z</time>
      </trkpt>
      <trkpt lat="23.060276" lon="113.282626">
        <time>2026-09-25T23:47:11Z</time>
      </trkpt>
      <trkpt lat="23.060323" lon="113.28249">
        <time>2026-09-25T23:47:16Z</time>
      </trkpt>
      <trkpt lat="23.060368" lon="113.282359">
        <time>2026-09-25T23:47:21Z</time>
      </trkpt>
      <trkpt lat="23.060415" lon="113.282226">
        <time>2026-09-25T23:47:26Z</time>
      </trkpt>
      <trkpt lat="23.060469" lon="113.282094">
        <time>2026-09-25T23:47:31Z</time>
      </trkpt>
      <trkpt lat="23.060527" lon="113.281966">
        <time>2026-09-25T23:47:36Z</time>
      </trkpt>
      <trkpt lat="23.06059" lon="113.281834">
        <time>2026-09-25T23:47:41Z</time>
      </trkpt>
      <trkpt lat="23.060647" lon="113.281701">
        <time>2026-09-25T23:47:46Z</time>
      </trkpt>
      <trkpt lat="23.060701" lon="113.281573">
        <time>2026-09-25T23:47:51Z</time>
      </trkpt>
      <trkpt lat="23.060752" lon="113.28145">
        <time>2026-09-25T23:47:56Z</time>
      </trkpt>
      <trkpt lat="23.060813" lon="113.281317">
        <time>2026-09-25T23:48:01Z</time>
      </trkpt>
      <trkpt lat="23.060867" lon="113.281182">
        <time>2026-09-25T23:48:06Z</time>
      </trkpt>
      <trkpt lat="23.060918" lon="113.28105">
        <time>2026-09-25T23:48:11Z</time>
      </trkpt>
      <trkpt lat="23.060974" lon="113.280918">
        <time>2026-09-25T23:48:16Z</time>
      </trkpt>
      <trkpt lat="23.061026" lon="113.280787">
        <time>2026-09-25T23:48:21Z</time>
      </trkpt>
      <trkpt lat="23.061095" lon="113.280649">
        <time>2026-09-25T23:48:26Z</time>
      </trkpt>
      <trkpt lat="23.06117" lon="113.280508">
        <time>2026-09-25T23:48:31Z</time>
      </trkpt>
      <trkpt lat="23.06123" lon="113.280364">
        <time>2026-09-25T23:48:36Z</time>
      </trkpt>
      <trkpt lat="23.061287" lon="113.280224">
        <time>2026-09-25T23:48:41Z</time>
      </trkpt>
      <trkpt lat="23.061355" lon="113.280093">
        <time>2026-09-25T23:48:46Z</time>
      </trkpt>
      <trkpt lat="23.061411" lon="113.279965">
        <time>2026-09-25T23:48:51Z</time>
      </trkpt>
      <trkpt lat="23.06146" lon="113.279834">
        <time>2026-09-25T23:48:56Z</time>
      </trkpt>
      <trkpt lat="23.061505" lon="113.279697">
        <time>2026-09-25T23:49:01Z</time>
      </trkpt>
      <trkpt lat="23.061556" lon="113.27956">
        <time>2026-09-25T23:49:06Z</time>
      </trkpt>
      <trkpt lat="23.061608" lon="113.279425">
        <time>2026-09-25T23:49:11Z</time>
      </trkpt>
      <trkpt lat="23.061664" lon="113.279287">
        <time>2026-09-25T23:49:16Z</time>
      </trkpt>
      <trkpt lat="23.061726" lon="113.279153">
        <time>2026-09-25T23:49:21Z</time>
      </trkpt>
      <trkpt lat="23.061804" lon="113.279031">
        <time>2026-09-25T23:49:26Z</time>
      </trkpt>
      <trkpt lat="23.061891" lon="113.278912">
        <time>2026-09-25T23:49:31Z</time>
      </trkpt>
      <trkpt lat="23.061958" lon="113.278777">
        <time>2026-09-25T23:49:36Z</time>
      </trkpt>
      <trkpt lat="23.061971" lon="113.278626">
        <time>2026-09-25T23:49:41Z</time>
      </trkpt>
      <trkpt lat="23.061961" lon="113.278478">
        <time>2026-09-25T23:49:46Z</time>
      </trkpt>
      <trkpt lat="23.061951" lon="113.278327">
        <time>2026-09-25T23:49:51Z</time>
      </trkpt>
      <trkpt lat="23.061939" lon="113.278174">
        <time>2026-09-25T23:49:56Z</time>
      </trkpt>
      <trkpt lat="23.06193" lon="113.278025">
        <time>2026-09-25T23:50:01Z</time>
      </trkpt>
      <trkpt lat="23.061926" lon="113.277874">
        <time>2026-09-25T23:50:06Z</time>
      </trkpt>
      <trkpt lat="23.061945" lon="113.277721">
        <time>2026-09-25T23:50:11Z</time>
      </trkpt>
      <trkpt lat="23.061988" lon="113.277574">
        <time>2026-09-25T23:50:16Z</time>
      </trkpt>
      <trkpt lat="23.062041" lon="113.277436">
        <time>2026-09-25T23:50:21Z</time>
      </trkpt>
      <trkpt lat="23.062091" lon="113.277289">
        <time>2026-09-25T23:50:26Z</time>
      </trkpt>
      <trkpt lat="23.06215" lon="113.277148">
        <time>2026-09-25T23:50:31Z</time>
      </trkpt>
      <trkpt lat="23.062205" lon="113.277017">
        <time>2026-09-25T23:50:36Z</time>
      </trkpt>
      <trkpt lat="23.062261" lon="113.276879">
        <time>2026-09-25T23:50:41Z</time>
      </trkpt>
      <trkpt lat="23.062311" lon="113.276736">
        <time>2026-09-25T23:50:46Z</time>
      </trkpt>
      <trkpt lat="23.06236" lon="113.276596">
        <time>2026-09-25T23:50:51Z</time>
      </trkpt>
      <trkpt lat="23.062412" lon="113.276459">
        <time>2026-09-25T23:50:56Z</time>
      </trkpt>
      <trkpt lat="23.06246" lon="113.276329">
        <time>2026-09-25T23:51:01Z</time>
      </trkpt>
      <trkpt lat="23.062516" lon="113.276196">
        <time>2026-09-25T23:51:06Z</time>
      </trkpt>
      <trkpt lat="23.062584" lon="113.276068">
        <time>2026-09-25T23:51:11Z</time>
      </trkpt>
      <trkpt lat="23.062668" lon="113.27595">
        <time>2026-09-25T23:51:16Z</time>
      </trkpt>
      <trkpt lat="23.062759" lon="113.27584">
        <time>2026-09-25T23:51:21Z</time>
      </trkpt>
      <trkpt lat="23.06286" lon="113.275742">
        <time>2026-09-25T23:51:26Z</time>
      </trkpt>
      <trkpt lat="23.062964" lon="113.27564">
        <time>2026-09-25T23:51:31Z</time>
      </trkpt>
      <trkpt lat="23.063049" lon="113.275528">
        <time>2026-09-25T23:51:36Z</time>
      </trkpt>
      <trkpt lat="23.06312" lon="113.275409">
        <time>2026-09-25T23:51:41Z</time>
      </trkpt>
      <trkpt lat="23.063197" lon="113.275285">
        <time>2026-09-25T23:51:46Z</time>
      </trkpt>
      <trkpt lat="23.06327" lon="113.275156">
        <time>2026-09-25T23:51:51Z</time>
      </trkpt>
      <trkpt lat="23.063331" lon="113.275027">
        <time>2026-09-25T23:51:56Z</time>
      </trkpt>
      <trkpt lat="23.063374" lon="113.274883">
        <time>2026-09-25T23:52:01Z</time>
      </trkpt>
      <trkpt lat="23.063416" lon="113.274738">
        <time>2026-09-25T23:52:06Z</time>
      </trkpt>
      <trkpt lat="23.063464" lon="113.274591">
        <time>2026-09-25T23:52:11Z</time>
      </trkpt>
      <trkpt lat="23.063506" lon="113.274444">
        <time>2026-09-25T23:52:16Z</time>
      </trkpt>
      <trkpt lat="23.063555" lon="113.274311">
        <time>2026-09-25T23:52:21Z</time>
      </trkpt>
      <trkpt lat="23.06367" lon="113.274222">
        <time>2026-09-25T23:52:26Z</time>
      </trkpt>
      <trkpt lat="23.063791" lon="113.274135">
        <time>2026-09-25T23:52:31Z</time>
      </trkpt>
      <trkpt lat="23.063876" lon="113.274004">
        <time>2026-09-25T23:52:36Z</time>
      </trkpt>
      <trkpt lat="23.063951" lon="113.273875">
        <time>2026-09-25T23:52:41Z</time>
      </trkpt>
      <trkpt lat="23.064039" lon="113.273754">
        <time>2026-09-25T23:52:46Z</time>
      </trkpt>
      <trkpt lat="23.06415" lon="113.273658">
        <time>2026-09-25T23:52:51Z</time>
      </trkpt>
      <trkpt lat="23.064266" lon="113.27357">
        <time>2026-09-25T23:52:56Z</time>
      </trkpt>
      <trkpt lat="23.064376" lon="113.27348">
        <time>2026-09-25T23:53:01Z</time>
      </trkpt>
      <trkpt lat="23.064483" lon="113.273388">
        <time>2026-09-25T23:53:06Z</time>
      </trkpt>
      <trkpt lat="23.064563" lon="113.273265">
        <time>2026-09-25T23:53:11Z</time>
      </trkpt>
      <trkpt lat="23.064574" lon="113.273106">
        <time>2026-09-25T23:53:16Z</time>
      </trkpt>
      <trkpt lat="23.064533" lon="113.272957">
        <time>2026-09-25T23:53:21Z</time>
      </trkpt>
      <trkpt lat="23.064484" lon="113.272811">
        <time>2026-09-25T23:53:26Z</time>
      </trkpt>
      <trkpt lat="23.064449" lon="113.272664">
        <time>2026-09-25T23:53:31Z</time>
      </trkpt>
      <trkpt lat="23.064473" lon="113.272522">
        <time>2026-09-25T23:53:36Z</time>
      </trkpt>
      <trkpt lat="23.064545" lon="113.272383">
        <time>2026-09-25T23:53:41Z</time>
      </trkpt>
      <trkpt lat="23.064559" lon="113.272231">
        <time>2026-09-25T23:53:46Z</time>
      </trkpt>
      <trkpt lat="23.064593" lon="113.272093">
        <time>2026-09-25T23:53:51Z</time>
      </trkpt>
      <trkpt lat="23.064654" lon="113.271967">
        <time>2026-09-25T23:53:56Z</time>
      </trkpt>
      <trkpt lat="23.064718" lon="113.271841">
        <time>2026-09-25T23:54:01Z</time>
      </trkpt>
      <trkpt lat="23.064774" lon="113.271717">
        <time>2026-09-25T23:54:06Z</time>
      </trkpt>
      <trkpt lat="23.064834" lon="113.271577">
        <time>2026-09-25T23:54:11Z</time>
      </trkpt>
      <trkpt lat="23.064896" lon="113.271442">
        <time>2026-09-25T23:54:16Z</time>
      </trkpt>
      <trkpt lat="23.064956" lon="113.271312">
        <time>2026-09-25T23:54:21Z</time>
      </trkpt>
      <trkpt lat="23.065025" lon="113.271188">
        <time>2026-09-25T23:54:26Z</time>
      </trkpt>
      <trkpt lat="23.065099" lon="113.271051">
        <time>2026-09-25T23:54:31Z</time>
      </trkpt>
      <trkpt lat="23.065161" lon="113.270909">
        <time>2026-09-25T23:54:36Z</time>
      </trkpt>
      <trkpt lat="23.06522" lon="113.270774">
        <time>2026-09-25T23:54:41Z</time>
      </trkpt>
      <trkpt lat="23.065282" lon="113.270641">
        <time>2026-09-25T23:54:46Z</time>
      </trkpt>
      <trkpt lat="23.065342" lon="113.270507">
        <time>2026-09-25T23:54:51Z</time>
      </trkpt>
      <trkpt lat="23.065404" lon="113.270374">
        <time>2026-09-25T23:54:56Z</time>
      </trkpt>
      <trkpt lat="23.065466" lon="113.270242">
        <time>2026-09-25T23:55:01Z</time>
      </trkpt>
      <trkpt lat="23.06552" lon="113.270104">
        <time>2026-09-25T23:55:06Z</time>
      </trkpt>
      <trkpt lat="23.065563" lon="113.269968">
        <time>2026-09-25T23:55:11Z</time>
      </trkpt>
      <trkpt lat="23.065598" lon="113.269829">
        <time>2026-09-25T23:55:16Z</time>
      </trkpt>
      <trkpt lat="23.065638" lon="113.269687">
        <time>2026-09-25T23:55:21Z</time>
      </trkpt>
      <trkpt lat="23.065692" lon="113.269559">
        <time>2026-09-25T23:55:26Z</time>
      </trkpt>
      <trkpt lat="23.065725" lon="113.269422">
        <time>2026-09-25T23:55:31Z</time>
      </trkpt>
      <trkpt lat="23.065752" lon="113.26928">
        <time>2026-09-25T23:55:36Z</time>
      </trkpt>
      <trkpt lat="23.065791" lon="113.269139">
        <time>2026-09-25T23:55:41Z</time>
      </trkpt>
      <trkpt lat="23.065842" lon="113.269009">
        <time>2026-09-25T23:55:46Z</time>
      </trkpt>
      <trkpt lat="23.065898" lon="113.268881">
        <time>2026-09-25T23:55:51Z</time>
      </trkpt>
      <trkpt lat="23.065957" lon="113.268751">
        <time>2026-09-25T23:55:56Z</time>
      </trkpt>
      <trkpt lat="23.066022" lon="113.268622">
        <time>2026-09-25T23:56:01Z</time>
      </trkpt>
      <trkpt lat="23.066091" lon="113.268496">
        <time>2026-09-25T23:56:06Z</time>
      </trkpt>
      <trkpt lat="23.066174" lon="113.268379">
        <time>2026-09-25T23:56:11Z</time>
      </trkpt>
      <trkpt lat="23.066263" lon="113.268271">
        <time>2026-09-25T23:56:16Z</time>
      </trkpt>
      <trkpt lat="23.066368" lon="113.26818">
        <time>2026-09-25T23:56:21Z</time>
      </trkpt>
      <trkpt lat="23.066497" lon="113.268139">
        <time>2026-09-25T23:56:26Z</time>
      </trkpt>
      <trkpt lat="23.066635" lon="113.268152">
        <time>2026-09-25T23:56:31Z</time>
      </trkpt>
      <trkpt lat="23.066783" lon="113.268174">
        <time>2026-09-25T23:56:36Z</time>
      </trkpt>
      <trkpt lat="23.066927" lon="113.268175">
        <time>2026-09-25T23:56:41Z</time>
      </trkpt>
      <trkpt lat="23.067049" lon="113.268223">
        <time>2026-09-25T23:56:46Z</time>
      </trkpt>
      <trkpt lat="23.067161" lon="113.268295">
        <time>2026-09-25T23:56:51Z</time>
      </trkpt>
      <trkpt lat="23.067263" lon="113.268372">
        <time>2026-09-25T23:56:56Z</time>
      </trkpt>
      <trkpt lat="23.067367" lon="113.268444">
        <time>2026-09-25T23:57:01Z</time>
      </trkpt>
      <trkpt lat="23.067483" lon="113.268507">
        <time>2026-09-25T23:57:06Z</time>
      </trkpt>
      <trkpt lat="23.067615" lon="113.268575">
        <time>2026-09-25T23:57:11Z</time>
      </trkpt>
      <trkpt lat="23.067756" lon="113.268639">
        <time>2026-09-25T23:57:16Z</time>
      </trkpt>
      <trkpt lat="23.06789" lon="113.268707">
        <time>2026-09-25T23:57:21Z</time>
      </trkpt>
      <trkpt lat="23.067997" lon="113.268769">
        <time>2026-09-25T23:57:26Z</time>
      </trkpt>
      <trkpt lat="23.068114" lon="113.268813">
        <time>2026-09-25T23:57:31Z</time>
      </trkpt>
      <trkpt lat="23.068233" lon="113.268861">
        <time>2026-09-25T23:57:36Z</time>
      </trkpt>
      <trkpt lat="23.068352" lon="113.26891">
        <time>2026-09-25T23:57:41Z</time>
      </trkpt>
      <trkpt lat="23.068468" lon="113.268979">
        <time>2026-09-25T23:57:46Z</time>
      </trkpt>
      <trkpt lat="23.068598" lon="113.269049">
        <time>2026-09-25T23:57:51Z</time>
      </trkpt>
      <trkpt lat="23.068727" lon="113.269113">
        <time>2026-09-25T23:57:56Z</time>
      </trkpt>
      <trkpt lat="23.068862" lon="113.269165">
        <time>2026-09-25T23:58:01Z</time>
      </trkpt>
      <trkpt lat="23.068987" lon="113.269203">
        <time>2026-09-25T23:58:06Z</time>
      </trkpt>
      <trkpt lat="23.069097" lon="113.269262">
        <time>2026-09-25T23:58:11Z</time>
      </trkpt>
      <trkpt lat="23.069237" lon="113.269297">
        <time>2026-09-25T23:58:16Z</time>
      </trkpt>
      <trkpt lat="23.069227" lon="113.269197">
        <time>2026-09-25T23:58:21Z</time>
      </trkpt>
      <trkpt lat="23.069102" lon="113.269109">
        <time>2026-09-25T23:58:26Z</time>
      </trkpt>
      <trkpt lat="23.068992" lon="113.269039">
        <time>2026-09-25T23:58:31Z</time>
      </trkpt>
      <trkpt lat="23.068892" lon="113.268981">
        <time>2026-09-25T23:58:36Z</time>
      </trkpt>
      <trkpt lat="23.068788" lon="113.268955">
        <time>2026-09-25T23:58:41Z</time>
      </trkpt>
      <trkpt lat="23.068673" lon="113.268923">
        <time>2026-09-25T23:58:46Z</time>
      </trkpt>
      <trkpt lat="23.068555" lon="113.268859">
        <time>2026-09-25T23:58:51Z</time>
      </trkpt>
      <trkpt lat="23.068435" lon="113.268798">
        <time>2026-09-25T23:58:56Z</time>
      </trkpt>
      <trkpt lat="23.068309" lon="113.268724">
        <time>2026-09-25T23:59:01Z</time>
      </trkpt>
      <trkpt lat="23.068174" lon="113.268644">
        <time>2026-09-25T23:59:06Z</time>
      </trkpt>
      <trkpt lat="23.068035" lon="113.268574">
        <time>2026-09-25T23:59:11Z</time>
      </trkpt>
      <trkpt lat="23.067892" lon="113.268515">
        <time>2026-09-25T23:59:16Z</time>
      </trkpt>
      <trkpt lat="23.06776" lon="113.26846">
        <time>2026-09-25T23:59:21Z</time>
      </trkpt>
      <trkpt lat="23.067634" lon="113.268407">
        <time>2026-09-25T23:59:26Z</time>
      </trkpt>
      <trkpt lat="23.067501" lon="113.26835">
        <time>2026-09-25T23:59:31Z</time>
      </trkpt>
      <trkpt lat="23.067362" lon="113.268303">
        <time>2026-09-25T23:59:36Z</time>
      </trkpt>
      <trkpt lat="23.067245" lon="113.268226">
        <time>2026-09-25T23:59:41Z</time>
      </trkpt>
      <trkpt lat="23.067127" lon="113.268177">
        <time>2026-09-25T23:59:46Z</time>
      </trkpt>
      <trkpt lat="23.066998" lon="113.268136">
        <time>2026-09-25T23:59:51Z</time>
      </trkpt>
      <trkpt lat="23.06686" lon="113.268105">
        <time>2026-09-25T23:59:56Z</time>
      </trkpt>
      <trkpt lat="23.066718" lon="113.268083">
        <time>2026-09-26T00:00:01Z</time>
      </trkpt>
      <trkpt lat="23.06658" lon="113.268066">
        <time>2026-09-26T00:00:06Z</time>
      </trkpt>
      <trkpt lat="23.066445" lon="113.268042">
        <time>2026-09-26T00:00:11Z</time>
      </trkpt>
      <trkpt lat="23.066315" lon="113.268066">
        <time>2026-09-26T00:00:16Z</time>
      </trkpt>
      <trkpt lat="23.066197" lon="113.268136">
        <time>2026-09-26T00:00:21Z</time>
      </trkpt>
      <trkpt lat="23.066104" lon="113.268241">
        <time>2026-09-26T00:00:26Z</time>
      </trkpt>
      <trkpt lat="23.066013" lon="113.268359">
        <time>2026-09-26T00:00:31Z</time>
      </trkpt>
      <trkpt lat="23.065925" lon="113.268476">
        <time>2026-09-26T00:00:36Z</time>
      </trkpt>
      <trkpt lat="23.065846" lon="113.268595">
        <time>2026-09-26T00:00:41Z</time>
      </trkpt>
      <trkpt lat="23.065778" lon="113.268722">
        <time>2026-09-26T00:00:46Z</time>
      </trkpt>
      <trkpt lat="23.065719" lon="113.268858">
        <time>2026-09-26T00:00:51Z</time>
      </trkpt>
      <trkpt lat="23.06567" lon="113.268997">
        <time>2026-09-26T00:00:56Z</time>
      </trkpt>
      <trkpt lat="23.065624" lon="113.269139">
        <time>2026-09-26T00:01:01Z</time>
      </trkpt>
      <trkpt lat="23.06558" lon="113.269287">
        <time>2026-09-26T00:01:06Z</time>
      </trkpt>
      <trkpt lat="23.065539" lon="113.269441">
        <time>2026-09-26T00:01:11Z</time>
      </trkpt>
      <trkpt lat="23.065501" lon="113.269602">
        <time>2026-09-26T00:01:16Z</time>
      </trkpt>
      <trkpt lat="23.06546" lon="113.26976">
        <time>2026-09-26T00:01:21Z</time>
      </trkpt>
      <trkpt lat="23.065411" lon="113.269914">
        <time>2026-09-26T00:01:26Z</time>
      </trkpt>
      <trkpt lat="23.065357" lon="113.270067">
        <time>2026-09-26T00:01:31Z</time>
      </trkpt>
      <trkpt lat="23.065298" lon="113.270215">
        <time>2026-09-26T00:01:36Z</time>
      </trkpt>
      <trkpt lat="23.065233" lon="113.270348">
        <time>2026-09-26T00:01:41Z</time>
      </trkpt>
      <trkpt lat="23.065169" lon="113.270476">
        <time>2026-09-26T00:01:46Z</time>
      </trkpt>
      <trkpt lat="23.065106" lon="113.270612">
        <time>2026-09-26T00:01:51Z</time>
      </trkpt>
      <trkpt lat="23.065044" lon="113.270749">
        <time>2026-09-26T00:01:56Z</time>
      </trkpt>
      <trkpt lat="23.064983" lon="113.270891">
        <time>2026-09-26T00:02:01Z</time>
      </trkpt>
      <trkpt lat="23.064921" lon="113.271035">
        <time>2026-09-26T00:02:06Z</time>
      </trkpt>
      <trkpt lat="23.064865" lon="113.271171">
        <time>2026-09-26T00:02:11Z</time>
      </trkpt>
      <trkpt lat="23.064802" lon="113.271304">
        <time>2026-09-26T00:02:16Z</time>
      </trkpt>
      <trkpt lat="23.064732" lon="113.271439">
        <time>2026-09-26T00:02:21Z</time>
      </trkpt>
      <trkpt lat="23.064665" lon="113.271575">
        <time>2026-09-26T00:02:26Z</time>
      </trkpt>
      <trkpt lat="23.064605" lon="113.271711">
        <time>2026-09-26T00:02:31Z</time>
      </trkpt>
      <trkpt lat="23.064547" lon="113.271849">
        <time>2026-09-26T00:02:36Z</time>
      </trkpt>
      <trkpt lat="23.06448" lon="113.27198">
        <time>2026-09-26T00:02:41Z</time>
      </trkpt>
      <trkpt lat="23.064384" lon="113.272093">
        <time>2026-09-26T00:02:46Z</time>
      </trkpt>
      <trkpt lat="23.064296" lon="113.272222">
        <time>2026-09-26T00:02:51Z</time>
      </trkpt>
      <trkpt lat="23.064281" lon="113.272376">
        <time>2026-09-26T00:02:56Z</time>
      </trkpt>
      <trkpt lat="23.064284" lon="113.272534">
        <time>2026-09-26T00:03:01Z</time>
      </trkpt>
      <trkpt lat="23.064304" lon="113.272691">
        <time>2026-09-26T00:03:06Z</time>
      </trkpt>
      <trkpt lat="23.064348" lon="113.272836">
        <time>2026-09-26T00:03:11Z</time>
      </trkpt>
      <trkpt lat="23.064393" lon="113.272975">
        <time>2026-09-26T00:03:16Z</time>
      </trkpt>
      <trkpt lat="23.064438" lon="113.273118">
        <time>2026-09-26T00:03:21Z</time>
      </trkpt>
      <trkpt lat="23.064425" lon="113.273263">
        <time>2026-09-26T00:03:26Z</time>
      </trkpt>
      <trkpt lat="23.064325" lon="113.273377">
        <time>2026-09-26T00:03:31Z</time>
      </trkpt>
      <trkpt lat="23.064192" lon="113.27347">
        <time>2026-09-26T00:03:36Z</time>
      </trkpt>
      <trkpt lat="23.064068" lon="113.273554">
        <time>2026-09-26T00:03:41Z</time>
      </trkpt>
      <trkpt lat="23.063953" lon="113.27364">
        <time>2026-09-26T00:03:46Z</time>
      </trkpt>
      <trkpt lat="23.063854" lon="113.27375">
        <time>2026-09-26T00:03:51Z</time>
      </trkpt>
      <trkpt lat="23.063782" lon="113.27388">
        <time>2026-09-26T00:03:56Z</time>
      </trkpt>
      <trkpt lat="23.063718" lon="113.273995">
        <time>2026-09-26T00:04:01Z</time>
      </trkpt>
      <trkpt lat="23.063633" lon="113.274094">
        <time>2026-09-26T00:04:06Z</time>
      </trkpt>
      <trkpt lat="23.063513" lon="113.27412">
        <time>2026-09-26T00:04:11Z</time>
      </trkpt>
      <trkpt lat="23.063381" lon="113.274105">
        <time>2026-09-26T00:04:16Z</time>
      </trkpt>
      <trkpt lat="23.063311" lon="113.274244">
        <time>2026-09-26T00:04:21Z</time>
      </trkpt>
      <trkpt lat="23.063275" lon="113.274407">
        <time>2026-09-26T00:04:26Z</time>
      </trkpt>
      <trkpt lat="23.063236" lon="113.274559">
        <time>2026-09-26T00:04:31Z</time>
      </trkpt>
      <trkpt lat="23.063181" lon="113.274701">
        <time>2026-09-26T00:04:36Z</time>
      </trkpt>
      <trkpt lat="23.063129" lon="113.274834">
        <time>2026-09-26T00:04:41Z</time>
      </trkpt>
      <trkpt lat="23.063089" lon="113.274959">
        <time>2026-09-26T00:04:46Z</time>
      </trkpt>
      <trkpt lat="23.06304" lon="113.275096">
        <time>2026-09-26T00:04:51Z</time>
      </trkpt>
      <trkpt lat="23.062941" lon="113.275199">
        <time>2026-09-26T00:04:56Z</time>
      </trkpt>
      <trkpt lat="23.062882" lon="113.275317">
        <time>2026-09-26T00:05:01Z</time>
      </trkpt>
      <trkpt lat="23.062912" lon="113.275459">
        <time>2026-09-26T00:05:06Z</time>
      </trkpt>
      <trkpt lat="23.062862" lon="113.275591">
        <time>2026-09-26T00:05:11Z</time>
      </trkpt>
      <trkpt lat="23.062751" lon="113.2757">
        <time>2026-09-26T00:05:16Z</time>
      </trkpt>
      <trkpt lat="23.062646" lon="113.275808">
        <time>2026-09-26T00:05:21Z</time>
      </trkpt>
      <trkpt lat="23.06255" lon="113.275925">
        <time>2026-09-26T00:05:26Z</time>
      </trkpt>
      <trkpt lat="23.062475" lon="113.276054">
        <time>2026-09-26T00:05:31Z</time>
      </trkpt>
      <trkpt lat="23.062386" lon="113.276163">
        <time>2026-09-26T00:05:36Z</time>
      </trkpt>
      <trkpt lat="23.062319" lon="113.276289">
        <time>2026-09-26T00:05:41Z</time>
      </trkpt>
      <trkpt lat="23.062265" lon="113.276421">
        <time>2026-09-26T00:05:46Z</time>
      </trkpt>
      <trkpt lat="23.062221" lon="113.276552">
        <time>2026-09-26T00:05:51Z</time>
      </trkpt>
      <trkpt lat="23.062177" lon="113.27669">
        <time>2026-09-26T00:05:56Z</time>
      </trkpt>
      <trkpt lat="23.062135" lon="113.276832">
        <time>2026-09-26T00:06:01Z</time>
      </trkpt>
      <trkpt lat="23.062093" lon="113.276962">
        <time>2026-09-26T00:06:06Z</time>
      </trkpt>
      <trkpt lat="23.062054" lon="113.277088">
        <time>2026-09-26T00:06:11Z</time>
      </trkpt>
      <trkpt lat="23.061999" lon="113.277236">
        <time>2026-09-26T00:06:16Z</time>
      </trkpt>
      <trkpt lat="23.061945" lon="113.277388">
        <time>2026-09-26T00:06:21Z</time>
      </trkpt>
      <trkpt lat="23.061898" lon="113.277531">
        <time>2026-09-26T00:06:26Z</time>
      </trkpt>
      <trkpt lat="23.061849" lon="113.277665">
        <time>2026-09-26T00:06:31Z</time>
      </trkpt>
      <trkpt lat="23.061822" lon="113.277806">
        <time>2026-09-26T00:06:36Z</time>
      </trkpt>
      <trkpt lat="23.061814" lon="113.277953">
        <time>2026-09-26T00:06:41Z</time>
      </trkpt>
      <trkpt lat="23.061828" lon="113.278095">
        <time>2026-09-26T00:06:46Z</time>
      </trkpt>
      <trkpt lat="23.061837" lon="113.278241">
        <time>2026-09-26T00:06:51Z</time>
      </trkpt>
      <trkpt lat="23.061845" lon="113.278388">
        <time>2026-09-26T00:06:56Z</time>
      </trkpt>
      <trkpt lat="23.061856" lon="113.278527">
        <time>2026-09-26T00:07:01Z</time>
      </trkpt>
      <trkpt lat="23.061855" lon="113.278663">
        <time>2026-09-26T00:07:06Z</time>
      </trkpt>
      <trkpt lat="23.0618" lon="113.278752">
        <time>2026-09-26T00:07:11Z</time>
      </trkpt>
      <trkpt lat="23.061699" lon="113.278814">
        <time>2026-09-26T00:07:16Z</time>
      </trkpt>
      <trkpt lat="23.061646" lon="113.278951">
        <time>2026-09-26T00:07:21Z</time>
      </trkpt>
      <trkpt lat="23.061598" lon="113.279086">
        <time>2026-09-26T00:07:26Z</time>
      </trkpt>
      <trkpt lat="23.061549" lon="113.279187">
        <time>2026-09-26T00:07:31Z</time>
      </trkpt>
      <trkpt lat="23.061551" lon="113.279226">
        <time>2026-09-26T00:07:36Z</time>
      </trkpt>
      <trkpt lat="23.06156" lon="113.279229">
        <time>2026-09-26T00:07:41Z</time>
      </trkpt>
      <trkpt lat="23.061587" lon="113.279206">
        <time>2026-09-26T00:07:46Z</time>
      </trkpt>
      <trkpt lat="23.061605" lon="113.27916">
        <time>2026-09-26T00:07:51Z</time>
      </trkpt>
      <trkpt lat="23.061582" lon="113.279149">
        <time>2026-09-26T00:07:56Z</time>
      </trkpt>
      <trkpt lat="23.061551" lon="113.279198">
        <time>2026-09-26T00:08:01Z</time>
      </trkpt>
      <trkpt lat="23.061512" lon="113.279311">
        <time>2026-09-26T00:08:06Z</time>
      </trkpt>
      <trkpt lat="23.061464" lon="113.279447">
        <time>2026-09-26T00:08:11Z</time>
      </trkpt>
      <trkpt lat="23.06141" lon="113.279574">
        <time>2026-09-26T00:08:16Z</time>
      </trkpt>
      <trkpt lat="23.061361" lon="113.279693">
        <time>2026-09-26T00:08:21Z</time>
      </trkpt>
      <trkpt lat="23.06132" lon="113.279815">
        <time>2026-09-26T00:08:26Z</time>
      </trkpt>
      <trkpt lat="23.061278" lon="113.279934">
        <time>2026-09-26T00:08:31Z</time>
      </trkpt>
      <trkpt lat="23.061226" lon="113.280047">
        <time>2026-09-26T00:08:36Z</time>
      </trkpt>
      <trkpt lat="23.061172" lon="113.280156">
        <time>2026-09-26T00:08:41Z</time>
      </trkpt>
      <trkpt lat="23.061116" lon="113.28027">
        <time>2026-09-26T00:08:46Z</time>
      </trkpt>
      <trkpt lat="23.061074" lon="113.280393">
        <time>2026-09-26T00:08:51Z</time>
      </trkpt>
      <trkpt lat="23.061014" lon="113.28051">
        <time>2026-09-26T00:08:56Z</time>
      </trkpt>
      <trkpt lat="23.060959" lon="113.280623">
        <time>2026-09-26T00:09:01Z</time>
      </trkpt>
      <trkpt lat="23.060904" lon="113.28074">
        <time>2026-09-26T00:09:06Z</time>
      </trkpt>
      <trkpt lat="23.060855" lon="113.280859">
        <time>2026-09-26T00:09:11Z</time>
      </trkpt>
      <trkpt lat="23.060812" lon="113.280977">
        <time>2026-09-26T00:09:16Z</time>
      </trkpt>
      <trkpt lat="23.060768" lon="113.281095">
        <time>2026-09-26T00:09:21Z</time>
      </trkpt>
      <trkpt lat="23.060719" lon="113.281208">
        <time>2026-09-26T00:09:26Z</time>
      </trkpt>
      <trkpt lat="23.060669" lon="113.281319">
        <time>2026-09-26T00:09:31Z</time>
      </trkpt>
      <trkpt lat="23.060618" lon="113.281435">
        <time>2026-09-26T00:09:36Z</time>
      </trkpt>
      <trkpt lat="23.060566" lon="113.28155">
        <time>2026-09-26T00:09:41Z</time>
      </trkpt>
      <trkpt lat="23.060513" lon="113.281666">
        <time>2026-09-26T00:09:46Z</time>
      </trkpt>
      <trkpt lat="23.060464" lon="113.281784">
        <time>2026-09-26T00:09:51Z</time>
      </trkpt>
      <trkpt lat="23.060411" lon="113.281903">
        <time>2026-09-26T00:09:56Z</time>
      </trkpt>
      <trkpt lat="23.060369" lon="113.282022">
        <time>2026-09-26T00:10:01Z</time>
      </trkpt>
      <trkpt lat="23.060323" lon="113.282137">
        <time>2026-09-26T00:10:06Z</time>
      </trkpt>
      <trkpt lat="23.060281" lon="113.282257">
        <time>2026-09-26T00:10:11Z</time>
      </trkpt>
      <trkpt lat="23.060228" lon="113.282372">
        <time>2026-09-26T00:10:16Z</time>
      </trkpt>
      <trkpt lat="23.060167" lon="113.282496">
        <time>2026-09-26T00:10:21Z</time>
      </trkpt>
      <trkpt lat="23.060108" lon="113.282613">
        <time>2026-09-26T00:10:26Z</time>
      </trkpt>
      <trkpt lat="23.060059" lon="113.282727">
        <time>2026-09-26T00:10:31Z</time>
      </trkpt>
      <trkpt lat="23.06001" lon="113.282846">
        <time>2026-09-26T00:10:36Z</time>
      </trkpt>
      <trkpt lat="23.059954" lon="113.282965">
        <time>2026-09-26T00:10:41Z</time>
      </trkpt>
      <trkpt lat="23.059895" lon="113.283083">
        <time>2026-09-26T00:10:46Z</time>
      </trkpt>
      <trkpt lat="23.059847" lon="113.283203">
        <time>2026-09-26T00:10:51Z</time>
      </trkpt>
      <trkpt lat="23.059817" lon="113.283325">
        <time>2026-09-26T00:10:56Z</time>
      </trkpt>
      <trkpt lat="23.059835" lon="113.283378">
        <time>2026-09-26T00:11:01Z</time>
      </trkpt>
      <trkpt lat="23.059835" lon="113.283378">
        <time>2026-09-26T00:11:06Z</time>
      </trkpt>
      <trkpt lat="23.059878" lon="113.283402">
        <time>2026-09-26T00:11:11Z</time>
      </trkpt>
      <trkpt lat="23.059997" lon="113.283456">
        <time>2026-09-26T00:11:16Z</time>
      </trkpt>
      <trkpt lat="23.060125" lon="113.283516">
        <time>2026-09-26T00:11:21Z</time>
      </trkpt>
      <trkpt lat="23.060227" lon="113.283569">
        <time>2026-09-26T00:11:26Z</time>
      </trkpt>
      <trkpt lat="23.06034" lon="113.283595">
        <time>2026-09-26T00:11:31Z</time>
      </trkpt>
      <trkpt lat="23.060459" lon="113.283638">
        <time>2026-09-26T00:11:36Z</time>
      </trkpt>
      <trkpt lat="23.060582" lon="113.28367">
        <time>2026-09-26T00:11:41Z</time>
      </trkpt>
      <trkpt lat="23.060694" lon="113.283643">
        <time>2026-09-26T00:11:46Z</time>
      </trkpt>
      <trkpt lat="23.060771" lon="113.283488">
        <time>2026-09-26T00:11:51Z</time>
      </trkpt>
      <trkpt lat="23.060853" lon="113.283319">
        <time>2026-09-26T00:11:56Z</time>
      </trkpt>
      <trkpt lat="23.060914" lon="113.283157">
        <time>2026-09-26T00:12:01Z</time>
      </trkpt>
      <trkpt lat="23.06092" lon="113.282997">
        <time>2026-09-26T00:12:06Z</time>
      </trkpt>
      <trkpt lat="23.060967" lon="113.282851">
        <time>2026-09-26T00:12:11Z</time>
      </trkpt>
      <trkpt lat="23.061015" lon="113.282717">
        <time>2026-09-26T00:12:16Z</time>
      </trkpt>
      <trkpt lat="23.061034" lon="113.282572">
        <time>2026-09-26T00:12:21Z</time>
      </trkpt>
      <trkpt lat="23.061065" lon="113.282405">
        <time>2026-09-26T00:12:26Z</time>
      </trkpt>
      <trkpt lat="23.061114" lon="113.282251">
        <time>2026-09-26T00:12:31Z</time>
      </trkpt>
      <trkpt lat="23.061076" lon="113.282156">
        <time>2026-09-26T00:12:36Z</time>
      </trkpt>
      <trkpt lat="23.060927" lon="113.282194">
        <time>2026-09-26T00:12:41Z</time>
      </trkpt>
      <trkpt lat="23.060782" lon="113.282222">
        <time>2026-09-26T00:12:46Z</time>
      </trkpt>
      <trkpt lat="23.060635" lon="113.282218">
        <time>2026-09-26T00:12:51Z</time>
      </trkpt>
      <trkpt lat="23.060517" lon="113.282309">
        <time>2026-09-26T00:12:56Z</time>
      </trkpt>
      <trkpt lat="23.060416" lon="113.282329">
        <time>2026-09-26T00:13:01Z</time>
      </trkpt>
      <trkpt lat="23.060423" lon="113.28221">
        <time>2026-09-26T00:13:06Z</time>
      </trkpt>
      <trkpt lat="23.060485" lon="113.282063">
        <time>2026-09-26T00:13:11Z</time>
      </trkpt>
      <trkpt lat="23.060546" lon="113.281921">
        <time>2026-09-26T00:13:16Z</time>
      </trkpt>
      <trkpt lat="23.060609" lon="113.28179">
        <time>2026-09-26T00:13:21Z</time>
      </trkpt>
      <trkpt lat="23.060662" lon="113.281674">
        <time>2026-09-26T00:13:26Z</time>
      </trkpt>
      <trkpt lat="23.060706" lon="113.281548">
        <time>2026-09-26T00:13:31Z</time>
      </trkpt>
      <trkpt lat="23.060762" lon="113.281411">
        <time>2026-09-26T00:13:36Z</time>
      </trkpt>
      <trkpt lat="23.060821" lon="113.281275">
        <time>2026-09-26T00:13:41Z</time>
      </trkpt>
      <trkpt lat="23.060882" lon="113.281143">
        <time>2026-09-26T00:13:46Z</time>
      </trkpt>
      <trkpt lat="23.060933" lon="113.281014">
        <time>2026-09-26T00:13:51Z</time>
      </trkpt>
      <trkpt lat="23.060985" lon="113.280886">
        <time>2026-09-26T00:13:56Z</time>
      </trkpt>
      <trkpt lat="23.061047" lon="113.280755">
        <time>2026-09-26T00:14:01Z</time>
      </trkpt>
      <trkpt lat="23.061111" lon="113.280624">
        <time>2026-09-26T00:14:06Z</time>
      </trkpt>
      <trkpt lat="23.061173" lon="113.28049">
        <time>2026-09-26T00:14:11Z</time>
      </trkpt>
      <trkpt lat="23.06123" lon="113.280355">
        <time>2026-09-26T00:14:16Z</time>
      </trkpt>
      <trkpt lat="23.06129" lon="113.280229">
        <time>2026-09-26T00:14:21Z</time>
      </trkpt>
      <trkpt lat="23.061355" lon="113.280107">
        <time>2026-09-26T00:14:26Z</time>
      </trkpt>
      <trkpt lat="23.06141" lon="113.279986">
        <time>2026-09-26T00:14:31Z</time>
      </trkpt>
      <trkpt lat="23.06146" lon="113.279859">
        <time>2026-09-26T00:14:36Z</time>
      </trkpt>
      <trkpt lat="23.061505" lon="113.279725">
        <time>2026-09-26T00:14:41Z</time>
      </trkpt>
      <trkpt lat="23.061548" lon="113.279599">
        <time>2026-09-26T00:14:46Z</time>
      </trkpt>
      <trkpt lat="23.061599" lon="113.279472">
        <time>2026-09-26T00:14:51Z</time>
      </trkpt>
      <trkpt lat="23.06165" lon="113.279336">
        <time>2026-09-26T00:14:56Z</time>
      </trkpt>
      <trkpt lat="23.061709" lon="113.279201">
        <time>2026-09-26T00:15:01Z</time>
      </trkpt>
      <trkpt lat="23.061773" lon="113.27908">
        <time>2026-09-26T00:15:06Z</time>
      </trkpt>
      <trkpt lat="23.06185" lon="113.278976">
        <time>2026-09-26T00:15:11Z</time>
      </trkpt>
      <trkpt lat="23.061922" lon="113.278864">
        <time>2026-09-26T00:15:16Z</time>
      </trkpt>
      <trkpt lat="23.061957" lon="113.278728">
        <time>2026-09-26T00:15:21Z</time>
      </trkpt>
      <trkpt lat="23.061962" lon="113.278586">
        <time>2026-09-26T00:15:26Z</time>
      </trkpt>
      <trkpt lat="23.061957" lon="113.278441">
        <time>2026-09-26T00:15:31Z</time>
      </trkpt>
      <trkpt lat="23.061948" lon="113.278294">
        <time>2026-09-26T00:15:36Z</time>
      </trkpt>
      <trkpt lat="23.061939" lon="113.27815">
        <time>2026-09-26T00:15:41Z</time>
      </trkpt>
      <trkpt lat="23.061933" lon="113.278006">
        <time>2026-09-26T00:15:46Z</time>
      </trkpt>
      <trkpt lat="23.06193" lon="113.277861">
        <time>2026-09-26T00:15:51Z</time>
      </trkpt>
      <trkpt lat="23.061949" lon="113.277718">
        <time>2026-09-26T00:15:56Z</time>
      </trkpt>
      <trkpt lat="23.061992" lon="113.277581">
        <time>2026-09-26T00:16:01Z</time>
      </trkpt>
      <trkpt lat="23.062042" lon="113.27745">
        <time>2026-09-26T00:16:06Z</time>
      </trkpt>
      <trkpt lat="23.062092" lon="113.277319">
        <time>2026-09-26T00:16:11Z</time>
      </trkpt>
      <trkpt lat="23.062138" lon="113.277187">
        <time>2026-09-26T00:16:16Z</time>
      </trkpt>
      <trkpt lat="23.062185" lon="113.277058">
        <time>2026-09-26T00:16:21Z</time>
      </trkpt>
      <trkpt lat="23.062236" lon="113.27693">
        <time>2026-09-26T00:16:26Z</time>
      </trkpt>
      <trkpt lat="23.06228" lon="113.276801">
        <time>2026-09-26T00:16:31Z</time>
      </trkpt>
      <trkpt lat="23.062327" lon="113.276675">
        <time>2026-09-26T00:16:36Z</time>
      </trkpt>
      <trkpt lat="23.062374" lon="113.276537">
        <time>2026-09-26T00:16:41Z</time>
      </trkpt>
      <trkpt lat="23.062429" lon="113.276396">
        <time>2026-09-26T00:16:46Z</time>
      </trkpt>
      <trkpt lat="23.062483" lon="113.276262">
        <time>2026-09-26T00:16:51Z</time>
      </trkpt>
      <trkpt lat="23.062547" lon="113.276135">
        <time>2026-09-26T00:16:56Z</time>
      </trkpt>
      <trkpt lat="23.062622" lon="113.276015">
        <time>2026-09-26T00:17:01Z</time>
      </trkpt>
      <trkpt lat="23.062708" lon="113.275897">
        <time>2026-09-26T00:17:06Z</time>
      </trkpt>
      <trkpt lat="23.062798" lon="113.275792">
        <time>2026-09-26T00:17:11Z</time>
      </trkpt>
      <trkpt lat="23.0629" lon="113.275691">
        <time>2026-09-26T00:17:16Z</time>
      </trkpt>
      <trkpt lat="23.063003" lon="113.275599">
        <time>2026-09-26T00:17:21Z</time>
      </trkpt>
      <trkpt lat="23.06308" lon="113.275486">
        <time>2026-09-26T00:17:26Z</time>
      </trkpt>
      <trkpt lat="23.063148" lon="113.275361">
        <time>2026-09-26T00:17:31Z</time>
      </trkpt>
      <trkpt lat="23.06322" lon="113.275231">
        <time>2026-09-26T00:17:36Z</time>
      </trkpt>
      <trkpt lat="23.063293" lon="113.275105">
        <time>2026-09-26T00:17:41Z</time>
      </trkpt>
      <trkpt lat="23.063351" lon="113.274972">
        <time>2026-09-26T00:17:46Z</time>
      </trkpt>
      <trkpt lat="23.063389" lon="113.274844">
        <time>2026-09-26T00:17:51Z</time>
      </trkpt>
      <trkpt lat="23.063429" lon="113.27472">
        <time>2026-09-26T00:17:56Z</time>
      </trkpt>
      <trkpt lat="23.063472" lon="113.274584">
        <time>2026-09-26T00:18:01Z</time>
      </trkpt>
      <trkpt lat="23.063508" lon="113.274444">
        <time>2026-09-26T00:18:06Z</time>
      </trkpt>
      <trkpt lat="23.063553" lon="113.27431">
        <time>2026-09-26T00:18:11Z</time>
      </trkpt>
      <trkpt lat="23.063646" lon="113.274197">
        <time>2026-09-26T00:18:16Z</time>
      </trkpt>
      <trkpt lat="23.063767" lon="113.274121">
        <time>2026-09-26T00:18:21Z</time>
      </trkpt>
      <trkpt lat="23.063859" lon="113.274015">
        <time>2026-09-26T00:18:26Z</time>
      </trkpt>
      <trkpt lat="23.063927" lon="113.273891">
        <time>2026-09-26T00:18:31Z</time>
      </trkpt>
      <trkpt lat="23.063999" lon="113.273771">
        <time>2026-09-26T00:18:36Z</time>
      </trkpt>
      <trkpt lat="23.06409" lon="113.273669">
        <time>2026-09-26T00:18:41Z</time>
      </trkpt>
      <trkpt lat="23.064196" lon="113.273581">
        <time>2026-09-26T00:18:46Z</time>
      </trkpt>
      <trkpt lat="23.0643" lon="113.273499">
        <time>2026-09-26T00:18:51Z</time>
      </trkpt>
      <trkpt lat="23.064407" lon="113.273418">
        <time>2026-09-26T00:18:56Z</time>
      </trkpt>
      <trkpt lat="23.064502" lon="113.273326">
        <time>2026-09-26T00:19:01Z</time>
      </trkpt>
      <trkpt lat="23.064556" lon="113.273206">
        <time>2026-09-26T00:19:06Z</time>
      </trkpt>
      <trkpt lat="23.064552" lon="113.273063">
        <time>2026-09-26T00:19:11Z</time>
      </trkpt>
      <trkpt lat="23.064506" lon="113.272929">
        <time>2026-09-26T00:19:16Z</time>
      </trkpt>
      <trkpt lat="23.064459" lon="113.272796">
        <time>2026-09-26T00:19:21Z</time>
      </trkpt>
      <trkpt lat="23.064423" lon="113.272665">
        <time>2026-09-26T00:19:26Z</time>
      </trkpt>
      <trkpt lat="23.064436" lon="113.272531">
        <time>2026-09-26T00:19:31Z</time>
      </trkpt>
      <trkpt lat="23.064494" lon="113.272392">
        <time>2026-09-26T00:19:36Z</time>
      </trkpt>
      <trkpt lat="23.064543" lon="113.272258">
        <time>2026-09-26T00:19:41Z</time>
      </trkpt>
      <trkpt lat="23.064582" lon="113.27213">
        <time>2026-09-26T00:19:46Z</time>
      </trkpt>
      <trkpt lat="23.064643" lon="113.272009">
        <time>2026-09-26T00:19:51Z</time>
      </trkpt>
      <trkpt lat="23.064703" lon="113.271892">
        <time>2026-09-26T00:19:56Z</time>
      </trkpt>
      <trkpt lat="23.06476" lon="113.271764">
        <time>2026-09-26T00:20:01Z</time>
      </trkpt>
      <trkpt lat="23.064831" lon="113.271635">
        <time>2026-09-26T00:20:06Z</time>
      </trkpt>
      <trkpt lat="23.064895" lon="113.271508">
        <time>2026-09-26T00:20:11Z</time>
      </trkpt>
      <trkpt lat="23.064951" lon="113.271388">
        <time>2026-09-26T00:20:16Z</time>
      </trkpt>
      <trkpt lat="23.065005" lon="113.271259">
        <time>2026-09-26T00:20:21Z</time>
      </trkpt>
      <trkpt lat="23.065076" lon="113.271145">
        <time>2026-09-26T00:20:26Z</time>
      </trkpt>
      <trkpt lat="23.065137" lon="113.271014">
        <time>2026-09-26T00:20:31Z</time>
      </trkpt>
      <trkpt lat="23.065179" lon="113.270881">
        <time>2026-09-26T00:20:36Z</time>
      </trkpt>
      <trkpt lat="23.065233" lon="113.270754">
        <time>2026-09-26T00:20:41Z</time>
      </trkpt>
      <trkpt lat="23.065295" lon="113.270629">
        <time>2026-09-26T00:20:46Z</time>
      </trkpt>
      <trkpt lat="23.065354" lon="113.270507">
        <time>2026-09-26T00:20:51Z</time>
      </trkpt>
      <trkpt lat="23.065413" lon="113.270386">
        <time>2026-09-26T00:20:56Z</time>
      </trkpt>
      <trkpt lat="23.065469" lon="113.270259">
        <time>2026-09-26T00:21:01Z</time>
      </trkpt>
      <trkpt lat="23.065521" lon="113.270127">
        <time>2026-09-26T00:21:06Z</time>
      </trkpt>
      <trkpt lat="23.065565" lon="113.269999">
        <time>2026-09-26T00:21:11Z</time>
      </trkpt>
      <trkpt lat="23.065601" lon="113.269868">
        <time>2026-09-26T00:21:16Z</time>
      </trkpt>
      <trkpt lat="23.065633" lon="113.269742">
        <time>2026-09-26T00:21:21Z</time>
      </trkpt>
      <trkpt lat="23.065668" lon="113.269605">
        <time>2026-09-26T00:21:26Z</time>
      </trkpt>
      <trkpt lat="23.065705" lon="113.269471">
        <time>2026-09-26T00:21:31Z</time>
      </trkpt>
      <trkpt lat="23.065745" lon="113.269335">
        <time>2026-09-26T00:21:36Z</time>
      </trkpt>
      <trkpt lat="23.065783" lon="113.269191">
        <time>2026-09-26T00:21:41Z</time>
      </trkpt>
      <trkpt lat="23.065825" lon="113.26906">
        <time>2026-09-26T00:21:46Z</time>
      </trkpt>
      <trkpt lat="23.065877" lon="113.268936">
        <time>2026-09-26T00:21:51Z</time>
      </trkpt>
      <trkpt lat="23.065937" lon="113.268815">
        <time>2026-09-26T00:21:56Z</time>
      </trkpt>
      <trkpt lat="23.066" lon="113.268689">
        <time>2026-09-26T00:22:01Z</time>
      </trkpt>
      <trkpt lat="23.066062" lon="113.26856">
        <time>2026-09-26T00:22:06Z</time>
      </trkpt>
      <trkpt lat="23.066138" lon="113.268441">
        <time>2026-09-26T00:22:11Z</time>
      </trkpt>
      <trkpt lat="23.06622" lon="113.268332">
        <time>2026-09-26T00:22:16Z</time>
      </trkpt>
      <trkpt lat="23.066303" lon="113.268223">
        <time>2026-09-26T00:22:21Z</time>
      </trkpt>
      <trkpt lat="23.066414" lon="113.268151">
        <time>2026-09-26T00:22:26Z</time>
      </trkpt>
      <trkpt lat="23.066549" lon="113.268144">
        <time>2026-09-26T00:22:31Z</time>
      </trkpt>
      <trkpt lat="23.066688" lon="113.268165">
        <time>2026-09-26T00:22:36Z</time>
      </trkpt>
      <trkpt lat="23.066827" lon="113.268164">
        <time>2026-09-26T00:22:41Z</time>
      </trkpt>
      <trkpt lat="23.066962" lon="113.268166">
        <time>2026-09-26T00:22:46Z</time>
      </trkpt>
      <trkpt lat="23.067078" lon="113.268225">
        <time>2026-09-26T00:22:51Z</time>
      </trkpt>
      <trkpt lat="23.06719" lon="113.268305">
        <time>2026-09-26T00:22:56Z</time>
      </trkpt>
      <trkpt lat="23.067297" lon="113.268362">
        <time>2026-09-26T00:23:01Z</time>
      </trkpt>
      <trkpt lat="23.067395" lon="113.268428">
        <time>2026-09-26T00:23:06Z</time>
      </trkpt>
      <trkpt lat="23.067502" lon="113.268511">
        <time>2026-09-26T00:23:11Z</time>
      </trkpt>
      <trkpt lat="23.067636" lon="113.268585">
        <time>2026-09-26T00:23:16Z</time>
      </trkpt>
      <trkpt lat="23.067772" lon="113.268646">
        <time>2026-09-26T00:23:21Z</time>
      </trkpt>
      <trkpt lat="23.0679" lon="113.268715">
        <time>2026-09-26T00:23:26Z</time>
      </trkpt>
      <trkpt lat="23.068024" lon="113.268773">
        <time>2026-09-26T00:23:31Z</time>
      </trkpt>
      <trkpt lat="23.068134" lon="113.268815">
        <time>2026-09-26T00:23:36Z</time>
      </trkpt>
      <trkpt lat="23.068243" lon="113.268837">
        <time>2026-09-26T00:23:41Z</time>
      </trkpt>
      <trkpt lat="23.068355" lon="113.268863">
        <time>2026-09-26T00:23:46Z</time>
      </trkpt>
      <trkpt lat="23.068452" lon="113.268908">
        <time>2026-09-26T00:23:51Z</time>
      </trkpt>
      <trkpt lat="23.068561" lon="113.268956">
        <time>2026-09-26T00:23:56Z</time>
      </trkpt>
      <trkpt lat="23.068673" lon="113.26901">
        <time>2026-09-26T00:24:01Z</time>
      </trkpt>
      <trkpt lat="23.068797" lon="113.269073">
        <time>2026-09-26T00:24:06Z</time>
      </trkpt>
      <trkpt lat="23.068917" lon="113.269122">
        <time>2026-09-26T00:24:11Z</time>
      </trkpt>
      <trkpt lat="23.06903" lon="113.269191">
        <time>2026-09-26T00:24:16Z</time>
      </trkpt>
      <trkpt lat="23.069153" lon="113.269279">
        <time>2026-09-26T00:24:21Z</time>
      </trkpt>
      <trkpt lat="23.069294" lon="113.269334">
        <time>2026-09-26T00:24:26Z</time>
      </trkpt>
      <trkpt lat="23.069432" lon="113.269375">
        <time>2026-09-26T00:24:31Z</time>
      </trkpt>
      <trkpt lat="23.069539" lon="113.26943">
        <time>2026-09-26T00:24:36Z</time>
      </trkpt>
      <trkpt lat="23.069661" lon="113.269489">
        <time>2026-09-26T00:24:41Z</time>
      </trkpt>
      <trkpt lat="23.069784" lon="113.26955">
        <time>2026-09-26T00:24:46Z</time>
      </trkpt>
      <trkpt lat="23.069894" lon="113.269621">
        <time>2026-09-26T00:24:51Z</time>
      </trkpt>
      <trkpt lat="23.070002" lon="113.269705">
        <time>2026-09-26T00:24:56Z</time>
      </trkpt>
      <trkpt lat="23.07011" lon="113.269773">
        <time>2026-09-26T00:25:01Z</time>
      </trkpt>
      <trkpt lat="23.07022" lon="113.269821">
        <time>2026-09-26T00:25:06Z</time>
      </trkpt>
      <trkpt lat="23.070337" lon="113.269862">
        <time>2026-09-26T00:25:11Z</time>
      </trkpt>
      <trkpt lat="23.070428" lon="113.269872">
        <time>2026-09-26T00:25:16Z</time>
      </trkpt>
      <trkpt lat="23.070408" lon="113.269793">
        <time>2026-09-26T00:25:21Z</time>
      </trkpt>
      <trkpt lat="23.070297" lon="113.269739">
        <time>2026-09-26T00:25:26Z</time>
      </trkpt>
      <trkpt lat="23.070176" lon="113.269693">
        <time>2026-09-26T00:25:31Z</time>
      </trkpt>
      <trkpt lat="23.070079" lon="113.26962">
        <time>2026-09-26T00:25:36Z</time>
      </trkpt>
      <trkpt lat="23.069995" lon="113.269547">
        <time>2026-09-26T00:25:41Z</time>
      </trkpt>
      <trkpt lat="23.069886" lon="113.269489">
        <time>2026-09-26T00:25:46Z</time>
      </trkpt>
      <trkpt lat="23.069765" lon="113.269437">
        <time>2026-09-26T00:25:51Z</time>
      </trkpt>
      <trkpt lat="23.069642" lon="113.269388">
        <time>2026-09-26T00:25:56Z</time>
      </trkpt>
      <trkpt lat="23.069538" lon="113.269347">
        <time>2026-09-26T00:26:01Z</time>
      </trkpt>
      <trkpt lat="23.069431" lon="113.269283">
        <time>2026-09-26T00:26:06Z</time>
      </trkpt>
      <trkpt lat="23.069308" lon="113.269201">
        <time>2026-09-26T00:26:11Z</time>
      </trkpt>
      <trkpt lat="23.069208" lon="113.269128">
        <time>2026-09-26T00:26:16Z</time>
      </trkpt>
      <trkpt lat="23.069087" lon="113.269078">
        <time>2026-09-26T00:26:21Z</time>
      </trkpt>
      <trkpt lat="23.068968" lon="113.269026">
        <time>2026-09-26T00:26:26Z</time>
      </trkpt>
      <trkpt lat="23.068848" lon="113.268963">
        <time>2026-09-26T00:26:31Z</time>
      </trkpt>
      <trkpt lat="23.068741" lon="113.268906">
        <time>2026-09-26T00:26:36Z</time>
      </trkpt>
      <trkpt lat="23.068627" lon="113.268856">
        <time>2026-09-26T00:26:41Z</time>
      </trkpt>
      <trkpt lat="23.068506" lon="113.268795">
        <time>2026-09-26T00:26:46Z</time>
      </trkpt>
      <trkpt lat="23.06838" lon="113.268739">
        <time>2026-09-26T00:26:51Z</time>
      </trkpt>
      <trkpt lat="23.068248" lon="113.26868">
        <time>2026-09-26T00:26:56Z</time>
      </trkpt>
      <trkpt lat="23.068101" lon="113.268613">
        <time>2026-09-26T00:27:01Z</time>
      </trkpt>
      <trkpt lat="23.067959" lon="113.26854">
        <time>2026-09-26T00:27:06Z</time>
      </trkpt>
      <trkpt lat="23.067823" lon="113.268485">
        <time>2026-09-26T00:27:11Z</time>
      </trkpt>
      <trkpt lat="23.067699" lon="113.268422">
        <time>2026-09-26T00:27:16Z</time>
      </trkpt>
      <trkpt lat="23.067576" lon="113.268352">
        <time>2026-09-26T00:27:21Z</time>
      </trkpt>
      <trkpt lat="23.067445" lon="113.268295">
        <time>2026-09-26T00:27:26Z</time>
      </trkpt>
      <trkpt lat="23.067312" lon="113.268252">
        <time>2026-09-26T00:27:31Z</time>
      </trkpt>
      <trkpt lat="23.067194" lon="113.268205">
        <time>2026-09-26T00:27:36Z</time>
      </trkpt>
      <trkpt lat="23.067079" lon="113.268142">
        <time>2026-09-26T00:27:41Z</time>
      </trkpt>
      <trkpt lat="23.066954" lon="113.268092">
        <time>2026-09-26T00:27:46Z</time>
      </trkpt>
      <trkpt lat="23.066813" lon="113.268071">
        <time>2026-09-26T00:27:51Z</time>
      </trkpt>
      <trkpt lat="23.066672" lon="113.26805">
        <time>2026-09-26T00:27:56Z</time>
      </trkpt>
      <trkpt lat="23.066524" lon="113.26805">
        <time>2026-09-26T00:28:01Z</time>
      </trkpt>
      <trkpt lat="23.066379" lon="113.268056">
        <time>2026-09-26T00:28:06Z</time>
      </trkpt>
      <trkpt lat="23.066254" lon="113.268102">
        <time>2026-09-26T00:28:11Z</time>
      </trkpt>
      <trkpt lat="23.066144" lon="113.268189">
        <time>2026-09-26T00:28:16Z</time>
      </trkpt>
      <trkpt lat="23.066055" lon="113.2683">
        <time>2026-09-26T00:28:21Z</time>
      </trkpt>
      <trkpt lat="23.065969" lon="113.268418">
        <time>2026-09-26T00:28:26Z</time>
      </trkpt>
      <trkpt lat="23.065885" lon="113.268534">
        <time>2026-09-26T00:28:31Z</time>
      </trkpt>
      <trkpt lat="23.065813" lon="113.268658">
        <time>2026-09-26T00:28:36Z</time>
      </trkpt>
      <trkpt lat="23.065753" lon="113.268792">
        <time>2026-09-26T00:28:41Z</time>
      </trkpt>
      <trkpt lat="23.065699" lon="113.268925">
        <time>2026-09-26T00:28:46Z</time>
      </trkpt>
      <trkpt lat="23.065651" lon="113.269064">
        <time>2026-09-26T00:28:51Z</time>
      </trkpt>
      <trkpt lat="23.065616" lon="113.269203">
        <time>2026-09-26T00:28:56Z</time>
      </trkpt>
      <trkpt lat="23.065577" lon="113.26934">
        <time>2026-09-26T00:29:01Z</time>
      </trkpt>
      <trkpt lat="23.065544" lon="113.269484">
        <time>2026-09-26T00:29:06Z</time>
      </trkpt>
      <trkpt lat="23.065516" lon="113.26964">
        <time>2026-09-26T00:29:11Z</time>
      </trkpt>
      <trkpt lat="23.065478" lon="113.269786">
        <time>2026-09-26T00:29:16Z</time>
      </trkpt>
      <trkpt lat="23.065425" lon="113.269923">
        <time>2026-09-26T00:29:21Z</time>
      </trkpt>
      <trkpt lat="23.065362" lon="113.270054">
        <time>2026-09-26T00:29:26Z</time>
      </trkpt>
      <trkpt lat="23.065306" lon="113.27019">
        <time>2026-09-26T00:29:31Z</time>
      </trkpt>
      <trkpt lat="23.065251" lon="113.270322">
        <time>2026-09-26T00:29:36Z</time>
      </trkpt>
      <trkpt lat="23.065196" lon="113.270451">
        <time>2026-09-26T00:29:41Z</time>
      </trkpt>
      <trkpt lat="23.065141" lon="113.270581">
        <time>2026-09-26T00:29:46Z</time>
      </trkpt>
      <trkpt lat="23.065087" lon="113.270718">
        <time>2026-09-26T00:29:51Z</time>
      </trkpt>
      <trkpt lat="23.06503" lon="113.270852">
        <time>2026-09-26T00:29:56Z</time>
      </trkpt>
      <trkpt lat="23.064974" lon="113.270984">
        <time>2026-09-26T00:30:01Z</time>
      </trkpt>
      <trkpt lat="23.06492" lon="113.27112">
        <time>2026-09-26T00:30:06Z</time>
      </trkpt>
      <trkpt lat="23.064853" lon="113.271248">
        <time>2026-09-26T00:30:11Z</time>
      </trkpt>
      <trkpt lat="23.064783" lon="113.271378">
        <time>2026-09-26T00:30:16Z</time>
      </trkpt>
      <trkpt lat="23.064717" lon="113.271514">
        <time>2026-09-26T00:30:21Z</time>
      </trkpt>
      <trkpt lat="23.064657" lon="113.271647">
        <time>2026-09-26T00:30:26Z</time>
      </trkpt>
      <trkpt lat="23.064589" lon="113.271778">
        <time>2026-09-26T00:30:31Z</time>
      </trkpt>
      <trkpt lat="23.064526" lon="113.27192">
        <time>2026-09-26T00:30:36Z</time>
      </trkpt>
      <trkpt lat="23.064464" lon="113.272043">
        <time>2026-09-26T00:30:41Z</time>
      </trkpt>
      <trkpt lat="23.064358" lon="113.272127">
        <time>2026-09-26T00:30:46Z</time>
      </trkpt>
      <trkpt lat="23.064291" lon="113.272247">
        <time>2026-09-26T00:30:51Z</time>
      </trkpt>
      <trkpt lat="23.06429" lon="113.272397">
        <time>2026-09-26T00:30:56Z</time>
      </trkpt>
      <trkpt lat="23.064285" lon="113.272539">
        <time>2026-09-26T00:31:01Z</time>
      </trkpt>
      <trkpt lat="23.064305" lon="113.272684">
        <time>2026-09-26T00:31:06Z</time>
      </trkpt>
      <trkpt lat="23.064347" lon="113.272827">
        <time>2026-09-26T00:31:11Z</time>
      </trkpt>
      <trkpt lat="23.064392" lon="113.27296">
        <time>2026-09-26T00:31:16Z</time>
      </trkpt>
      <trkpt lat="23.064439" lon="113.27309">
        <time>2026-09-26T00:31:21Z</time>
      </trkpt>
      <trkpt lat="23.064445" lon="113.273225">
        <time>2026-09-26T00:31:26Z</time>
      </trkpt>
      <trkpt lat="23.064367" lon="113.273336">
        <time>2026-09-26T00:31:31Z</time>
      </trkpt>
      <trkpt lat="23.064241" lon="113.273419">
        <time>2026-09-26T00:31:36Z</time>
      </trkpt>
      <trkpt lat="23.064125" lon="113.273507">
        <time>2026-09-26T00:31:41Z</time>
      </trkpt>
      <trkpt lat="23.064017" lon="113.273601">
        <time>2026-09-26T00:31:46Z</time>
      </trkpt>
      <trkpt lat="23.063917" lon="113.273705">
        <time>2026-09-26T00:31:51Z</time>
      </trkpt>
      <trkpt lat="23.063835" lon="113.273818">
        <time>2026-09-26T00:31:56Z</time>
      </trkpt>
      <trkpt lat="23.063764" lon="113.273934">
        <time>2026-09-26T00:32:01Z</time>
      </trkpt>
      <trkpt lat="23.063694" lon="113.274043">
        <time>2026-09-26T00:32:06Z</time>
      </trkpt>
      <trkpt lat="23.063597" lon="113.274132">
        <time>2026-09-26T00:32:11Z</time>
      </trkpt>
      <trkpt lat="23.063501" lon="113.274238">
        <time>2026-09-26T00:32:16Z</time>
      </trkpt>
      <trkpt lat="23.063437" lon="113.274365">
        <time>2026-09-26T00:32:21Z</time>
      </trkpt>
      <trkpt lat="23.063401" lon="113.274508">
        <time>2026-09-26T00:32:26Z</time>
      </trkpt>
      <trkpt lat="23.063364" lon="113.274649">
        <time>2026-09-26T00:32:31Z</time>
      </trkpt>
      <trkpt lat="23.063321" lon="113.27478">
        <time>2026-09-26T00:32:36Z</time>
      </trkpt>
      <trkpt lat="23.06328" lon="113.274913">
        <time>2026-09-26T00:32:41Z</time>
      </trkpt>
      <trkpt lat="23.06323" lon="113.275045">
        <time>2026-09-26T00:32:46Z</time>
      </trkpt>
      <trkpt lat="23.063156" lon="113.275171">
        <time>2026-09-26T00:32:51Z</time>
      </trkpt>
      <trkpt lat="23.063074" lon="113.275287">
        <time>2026-09-26T00:32:56Z</time>
      </trkpt>
      <trkpt lat="23.063" lon="113.275406">
        <time>2026-09-26T00:33:01Z</time>
      </trkpt>
      <trkpt lat="23.062914" lon="113.275527">
        <time>2026-09-26T00:33:06Z</time>
      </trkpt>
      <trkpt lat="23.062822" lon="113.275638">
        <time>2026-09-26T00:33:11Z</time>
      </trkpt>
      <trkpt lat="23.062728" lon="113.275736">
        <time>2026-09-26T00:33:16Z</time>
      </trkpt>
      <trkpt lat="23.062624" lon="113.275826">
        <time>2026-09-26T00:33:21Z</time>
      </trkpt>
      <trkpt lat="23.062529" lon="113.27594">
        <time>2026-09-26T00:33:26Z</time>
      </trkpt>
      <trkpt lat="23.062451" lon="113.27606">
        <time>2026-09-26T00:33:31Z</time>
      </trkpt>
      <trkpt lat="23.062363" lon="113.276164">
        <time>2026-09-26T00:33:36Z</time>
      </trkpt>
      <trkpt lat="23.062313" lon="113.27629">
        <time>2026-09-26T00:33:41Z</time>
      </trkpt>
      <trkpt lat="23.062269" lon="113.276419">
        <time>2026-09-26T00:33:46Z</time>
      </trkpt>
      <trkpt lat="23.062228" lon="113.276549">
        <time>2026-09-26T00:33:51Z</time>
      </trkpt>
      <trkpt lat="23.06219" lon="113.276684">
        <time>2026-09-26T00:33:56Z</time>
      </trkpt>
      <trkpt lat="23.062153" lon="113.276819">
        <time>2026-09-26T00:34:01Z</time>
      </trkpt>
      <trkpt lat="23.062109" lon="113.276939">
        <time>2026-09-26T00:34:06Z</time>
      </trkpt>
      <trkpt lat="23.062077" lon="113.277059">
        <time>2026-09-26T00:34:11Z</time>
      </trkpt>
      <trkpt lat="23.062049" lon="113.277201">
        <time>2026-09-26T00:34:16Z</time>
      </trkpt>
      <trkpt lat="23.061997" lon="113.277348">
        <time>2026-09-26T00:34:21Z</time>
      </trkpt>
      <trkpt lat="23.061938" lon="113.277483">
        <time>2026-09-26T00:34:26Z</time>
      </trkpt>
      <trkpt lat="23.061888" lon="113.277614">
        <time>2026-09-26T00:34:31Z</time>
      </trkpt>
      <trkpt lat="23.06184" lon="113.277747">
        <time>2026-09-26T00:34:36Z</time>
      </trkpt>
      <trkpt lat="23.061814" lon="113.277889">
        <time>2026-09-26T00:34:41Z</time>
      </trkpt>
      <trkpt lat="23.061819" lon="113.278029">
        <time>2026-09-26T00:34:46Z</time>
      </trkpt>
      <trkpt lat="23.061826" lon="113.278166">
        <time>2026-09-26T00:34:51Z</time>
      </trkpt>
      <trkpt lat="23.061832" lon="113.278307">
        <time>2026-09-26T00:34:56Z</time>
      </trkpt>
      <trkpt lat="23.061848" lon="113.278445">
        <time>2026-09-26T00:35:01Z</time>
      </trkpt>
      <trkpt lat="23.061856" lon="113.278584">
        <time>2026-09-26T00:35:06Z</time>
      </trkpt>
      <trkpt lat="23.06183" lon="113.278719">
        <time>2026-09-26T00:35:11Z</time>
      </trkpt>
      <trkpt lat="23.06174" lon="113.278766">
        <time>2026-09-26T00:35:16Z</time>
      </trkpt>
      <trkpt lat="23.061667" lon="113.278868">
        <time>2026-09-26T00:35:21Z</time>
      </trkpt>
      <trkpt lat="23.061627" lon="113.279005">
        <time>2026-09-26T00:35:26Z</time>
      </trkpt>
      <trkpt lat="23.061574" lon="113.279115">
        <time>2026-09-26T00:35:31Z</time>
      </trkpt>
      <trkpt lat="23.061541" lon="113.279177">
        <time>2026-09-26T00:35:36Z</time>
      </trkpt>
      <trkpt lat="23.061543" lon="113.279217">
        <time>2026-09-26T00:35:41Z</time>
      </trkpt>
      <trkpt lat="23.061531" lon="113.279267">
        <time>2026-09-26T00:35:46Z</time>
      </trkpt>
      <trkpt lat="23.061508" lon="113.279324">
        <time>2026-09-26T00:35:51Z</time>
      </trkpt>
      <trkpt lat="23.061473" lon="113.279412">
        <time>2026-09-26T00:35:56Z</time>
      </trkpt>
      <trkpt lat="23.061418" lon="113.279531">
        <time>2026-09-26T00:36:01Z</time>
      </trkpt>
      <trkpt lat="23.061377" lon="113.279653">
        <time>2026-09-26T00:36:06Z</time>
      </trkpt>
      <trkpt lat="23.061323" lon="113.279772">
        <time>2026-09-26T00:36:11Z</time>
      </trkpt>
      <trkpt lat="23.061261" lon="113.27989">
        <time>2026-09-26T00:36:16Z</time>
      </trkpt>
      <trkpt lat="23.061207" lon="113.280012">
        <time>2026-09-26T00:36:21Z</time>
      </trkpt>
      <trkpt lat="23.061161" lon="113.280137">
        <time>2026-09-26T00:36:26Z</time>
      </trkpt>
      <trkpt lat="23.06111" lon="113.280267">
        <time>2026-09-26T00:36:31Z</time>
      </trkpt>
      <trkpt lat="23.06105" lon="113.280397">
        <time>2026-09-26T00:36:36Z</time>
      </trkpt>
      <trkpt lat="23.060992" lon="113.280524">
        <time>2026-09-26T00:36:41Z</time>
      </trkpt>
      <trkpt lat="23.060943" lon="113.280647">
        <time>2026-09-26T00:36:46Z</time>
      </trkpt>
      <trkpt lat="23.060893" lon="113.280772">
        <time>2026-09-26T00:36:51Z</time>
      </trkpt>
      <trkpt lat="23.060847" lon="113.280893">
        <time>2026-09-26T00:36:56Z</time>
      </trkpt>
      <trkpt lat="23.060799" lon="113.281011">
        <time>2026-09-26T00:37:01Z</time>
      </trkpt>
      <trkpt lat="23.060752" lon="113.281127">
        <time>2026-09-26T00:37:06Z</time>
      </trkpt>
      <trkpt lat="23.060701" lon="113.281245">
        <time>2026-09-26T00:37:11Z</time>
      </trkpt>
      <trkpt lat="23.060662" lon="113.281367">
        <time>2026-09-26T00:37:16Z</time>
      </trkpt>
      <trkpt lat="23.060608" lon="113.281486">
        <time>2026-09-26T00:37:21Z</time>
      </trkpt>
      <trkpt lat="23.06055" lon="113.281604">
        <time>2026-09-26T00:37:26Z</time>
      </trkpt>
      <trkpt lat="23.060497" lon="113.281726">
        <time>2026-09-26T00:37:31Z</time>
      </trkpt>
      <trkpt lat="23.060452" lon="113.281846">
        <time>2026-09-26T00:37:36Z</time>
      </trkpt>
      <trkpt lat="23.060398" lon="113.281962">
        <time>2026-09-26T00:37:41Z</time>
      </trkpt>
      <trkpt lat="23.060341" lon="113.282076">
        <time>2026-09-26T00:37:46Z</time>
      </trkpt>
      <trkpt lat="23.060332" lon="113.282124">
        <time>2026-09-26T00:37:51Z</time>
      </trkpt>
      <trkpt lat="23.060366" lon="113.282046">
        <time>2026-09-26T00:37:56Z</time>
      </trkpt>
      <trkpt lat="23.06039" lon="113.281979">
        <time>2026-09-26T00:38:01Z</time>
      </trkpt>
      <trkpt lat="23.060418" lon="113.281921">
        <time>2026-09-26T00:38:06Z</time>
      </trkpt>
      <trkpt lat="23.06047" lon="113.281832">
        <time>2026-09-26T00:38:11Z</time>
      </trkpt>
      <trkpt lat="23.060526" lon="113.281716">
        <time>2026-09-26T00:38:16Z</time>
      </trkpt>
      <trkpt lat="23.060572" lon="113.281591">
        <time>2026-09-26T00:38:21Z</time>
      </trkpt>
      <trkpt lat="23.060621" lon="113.28146">
        <time>2026-09-26T00:38:26Z</time>
      </trkpt>
      <trkpt lat="23.060685" lon="113.281334">
        <time>2026-09-26T00:38:31Z</time>
      </trkpt>
      <trkpt lat="23.060748" lon="113.281212">
        <time>2026-09-26T00:38:36Z</time>
      </trkpt>
      <trkpt lat="23.060792" lon="113.281086">
        <time>2026-09-26T00:38:41Z</time>
      </trkpt>
      <trkpt lat="23.060836" lon="113.280964">
        <time>2026-09-26T00:38:46Z</time>
      </trkpt>
      <trkpt lat="23.060886" lon="113.280849">
        <time>2026-09-26T00:38:51Z</time>
      </trkpt>
      <trkpt lat="23.06094" lon="113.280726">
        <time>2026-09-26T00:38:56Z</time>
      </trkpt>
      <trkpt lat="23.060991" lon="113.280602">
        <time>2026-09-26T00:39:01Z</time>
      </trkpt>
      <trkpt lat="23.061042" lon="113.280477">
        <time>2026-09-26T00:39:06Z</time>
      </trkpt>
      <trkpt lat="23.061086" lon="113.280359">
        <time>2026-09-26T00:39:11Z</time>
      </trkpt>
      <trkpt lat="23.061141" lon="113.280253">
        <time>2026-09-26T00:39:16Z</time>
      </trkpt>
      <trkpt lat="23.061192" lon="113.280143">
        <time>2026-09-26T00:39:21Z</time>
      </trkpt>
      <trkpt lat="23.061239" lon="113.280035">
        <time>2026-09-26T00:39:26Z</time>
      </trkpt>
      <trkpt lat="23.061287" lon="113.279928">
        <time>2026-09-26T00:39:31Z</time>
      </trkpt>
      <trkpt lat="23.061338" lon="113.279824">
        <time>2026-09-26T00:39:36Z</time>
      </trkpt>
      <trkpt lat="23.061395" lon="113.279718">
        <time>2026-09-26T00:39:41Z</time>
      </trkpt>
      <trkpt lat="23.061447" lon="113.279601">
        <time>2026-09-26T00:39:46Z</time>
      </trkpt>
      <trkpt lat="23.061488" lon="113.279473">
        <time>2026-09-26T00:39:51Z</time>
      </trkpt>
      <trkpt lat="23.061537" lon="113.279353">
        <time>2026-09-26T00:39:56Z</time>
      </trkpt>
      <trkpt lat="23.061588" lon="113.279235">
        <time>2026-09-26T00:40:01Z</time>
      </trkpt>
      <trkpt lat="23.061647" lon="113.279113">
        <time>2026-09-26T00:40:06Z</time>
      </trkpt>
      <trkpt lat="23.061695" lon="113.278976">
        <time>2026-09-26T00:40:11Z</time>
      </trkpt>
      <trkpt lat="23.061737" lon="113.278842">
        <time>2026-09-26T00:40:16Z</time>
      </trkpt>
      <trkpt lat="23.061788" lon="113.278738">
        <time>2026-09-26T00:40:21Z</time>
      </trkpt>
      <trkpt lat="23.061864" lon="113.278683">
        <time>2026-09-26T00:40:26Z</time>
      </trkpt>
      <trkpt lat="23.061869" lon="113.278543">
        <time>2026-09-26T00:40:31Z</time>
      </trkpt>
      <trkpt lat="23.061858" lon="113.278399">
        <time>2026-09-26T00:40:36Z</time>
      </trkpt>
      <trkpt lat="23.061853" lon="113.278265">
        <time>2026-09-26T00:40:41Z</time>
      </trkpt>
      <trkpt lat="23.061849" lon="113.27813">
        <time>2026-09-26T00:40:46Z</time>
      </trkpt>
      <trkpt lat="23.061838" lon="113.277991">
        <time>2026-09-26T00:40:51Z</time>
      </trkpt>
      <trkpt lat="23.061839" lon="113.277848">
        <time>2026-09-26T00:40:56Z</time>
      </trkpt>
      <trkpt lat="23.061855" lon="113.277711">
        <time>2026-09-26T00:41:01Z</time>
      </trkpt>
      <trkpt lat="23.061899" lon="113.27758">
        <time>2026-09-26T00:41:06Z</time>
      </trkpt>
      <trkpt lat="23.061947" lon="113.27745">
        <time>2026-09-26T00:41:11Z</time>
      </trkpt>
      <trkpt lat="23.061997" lon="113.27733">
        <time>2026-09-26T00:41:16Z</time>
      </trkpt>
      <trkpt lat="23.062034" lon="113.277206">
        <time>2026-09-26T00:41:21Z</time>
      </trkpt>
      <trkpt lat="23.062076" lon="113.277084">
        <time>2026-09-26T00:41:26Z</time>
      </trkpt>
      <trkpt lat="23.062128" lon="113.27697">
        <time>2026-09-26T00:41:31Z</time>
      </trkpt>
      <trkpt lat="23.062181" lon="113.276855">
        <time>2026-09-26T00:41:36Z</time>
      </trkpt>
      <trkpt lat="23.062219" lon="113.276735">
        <time>2026-09-26T00:41:41Z</time>
      </trkpt>
      <trkpt lat="23.06226" lon="113.276621">
        <time>2026-09-26T00:41:46Z</time>
      </trkpt>
      <trkpt lat="23.062297" lon="113.276504">
        <time>2026-09-26T00:41:51Z</time>
      </trkpt>
      <trkpt lat="23.062335" lon="113.276386">
        <time>2026-09-26T00:41:56Z</time>
      </trkpt>
      <trkpt lat="23.062379" lon="113.276273">
        <time>2026-09-26T00:42:01Z</time>
      </trkpt>
      <trkpt lat="23.062431" lon="113.276159">
        <time>2026-09-26T00:42:06Z</time>
      </trkpt>
      <trkpt lat="23.062494" lon="113.276048">
        <time>2026-09-26T00:42:11Z</time>
      </trkpt>
      <trkpt lat="23.062562" lon="113.275935">
        <time>2026-09-26T00:42:16Z</time>
      </trkpt>
      <trkpt lat="23.062635" lon="113.275833">
        <time>2026-09-26T00:42:21Z</time>
      </trkpt>
      <trkpt lat="23.062724" lon="113.275736">
        <time>2026-09-26T00:42:26Z</time>
      </trkpt>
      <trkpt lat="23.062822" lon="113.275645">
        <time>2026-09-26T00:42:31Z</time>
      </trkpt>
      <trkpt lat="23.062909" lon="113.27555">
        <time>2026-09-26T00:42:36Z</time>
      </trkpt>
      <trkpt lat="23.062947" lon="113.27543">
        <time>2026-09-26T00:42:41Z</time>
      </trkpt>
      <trkpt lat="23.062923" lon="113.275298">
        <time>2026-09-26T00:42:46Z</time>
      </trkpt>
      <trkpt lat="23.062956" lon="113.275188">
        <time>2026-09-26T00:42:51Z</time>
      </trkpt>
      <trkpt lat="23.063055" lon="113.27512">
        <time>2026-09-26T00:42:56Z</time>
      </trkpt>
      <trkpt lat="23.063104" lon="113.275012">
        <time>2026-09-26T00:43:01Z</time>
      </trkpt>
      <trkpt lat="23.063139" lon="113.274886">
        <time>2026-09-26T00:43:06Z</time>
      </trkpt>
      <trkpt lat="23.063184" lon="113.274766">
        <time>2026-09-26T00:43:11Z</time>
      </trkpt>
      <trkpt lat="23.063226" lon="113.274647">
        <time>2026-09-26T00:43:16Z</time>
      </trkpt>
      <trkpt lat="23.063268" lon="113.274529">
        <time>2026-09-26T00:43:21Z</time>
      </trkpt>
      <trkpt lat="23.063302" lon="113.274404">
        <time>2026-09-26T00:43:26Z</time>
      </trkpt>
      <trkpt lat="23.063345" lon="113.274289">
        <time>2026-09-26T00:43:31Z</time>
      </trkpt>
      <trkpt lat="23.063402" lon="113.27417">
        <time>2026-09-26T00:43:36Z</time>
      </trkpt>
      <trkpt lat="23.063472" lon="113.27411">
        <time>2026-09-26T00:43:41Z</time>
      </trkpt>
      <trkpt lat="23.063574" lon="113.274139">
        <time>2026-09-26T00:43:46Z</time>
      </trkpt>
      <trkpt lat="23.063694" lon="113.274067">
        <time>2026-09-26T00:43:51Z</time>
      </trkpt>
      <trkpt lat="23.063793" lon="113.273948">
        <time>2026-09-26T00:43:56Z</time>
      </trkpt>
      <trkpt lat="23.063875" lon="113.273813">
        <time>2026-09-26T00:44:01Z</time>
      </trkpt>
      <trkpt lat="23.063969" lon="113.273686">
        <time>2026-09-26T00:44:06Z</time>
      </trkpt>
      <trkpt lat="23.064075" lon="113.273579">
        <time>2026-09-26T00:44:11Z</time>
      </trkpt>
      <trkpt lat="23.064187" lon="113.273499">
        <time>2026-09-26T00:44:16Z</time>
      </trkpt>
      <trkpt lat="23.064307" lon="113.273438">
        <time>2026-09-26T00:44:21Z</time>
      </trkpt>
      <trkpt lat="23.064438" lon="113.273411">
        <time>2026-09-26T00:44:26Z</time>
      </trkpt>
      <trkpt lat="23.064534" lon="113.273312">
        <time>2026-09-26T00:44:31Z</time>
      </trkpt>
      <trkpt lat="23.064574" lon="113.273155">
        <time>2026-09-26T00:44:36Z</time>
      </trkpt>
      <trkpt lat="23.06455" lon="113.27299">
        <time>2026-09-26T00:44:41Z</time>
      </trkpt>
      <trkpt lat="23.064496" lon="113.272836">
        <time>2026-09-26T00:44:46Z</time>
      </trkpt>
      <trkpt lat="23.064447" lon="113.272683">
        <time>2026-09-26T00:44:51Z</time>
      </trkpt>
      <trkpt lat="23.064448" lon="113.27253">
        <time>2026-09-26T00:44:56Z</time>
      </trkpt>
      <trkpt lat="23.064507" lon="113.272378">
        <time>2026-09-26T00:45:01Z</time>
      </trkpt>
      <trkpt lat="23.064564" lon="113.272228">
        <time>2026-09-26T00:45:06Z</time>
      </trkpt>
      <trkpt lat="23.064617" lon="113.272089">
        <time>2026-09-26T00:45:11Z</time>
      </trkpt>
      <trkpt lat="23.064684" lon="113.271956">
        <time>2026-09-26T00:45:16Z</time>
      </trkpt>
      <trkpt lat="23.064748" lon="113.271822">
        <time>2026-09-26T00:45:21Z</time>
      </trkpt>
      <trkpt lat="23.064814" lon="113.271688">
        <time>2026-09-26T00:45:26Z</time>
      </trkpt>
      <trkpt lat="23.064881" lon="113.271554">
        <time>2026-09-26T00:45:31Z</time>
      </trkpt>
      <trkpt lat="23.064949" lon="113.271417">
        <time>2026-09-26T00:45:36Z</time>
      </trkpt>
      <trkpt lat="23.065004" lon="113.271278">
        <time>2026-09-26T00:45:41Z</time>
      </trkpt>
      <trkpt lat="23.065074" lon="113.271132">
        <time>2026-09-26T00:45:46Z</time>
      </trkpt>
      <trkpt lat="23.065147" lon="113.270986">
        <time>2026-09-26T00:45:51Z</time>
      </trkpt>
      <trkpt lat="23.06521" lon="113.270843">
        <time>2026-09-26T00:45:56Z</time>
      </trkpt>
      <trkpt lat="23.065281" lon="113.270698">
        <time>2026-09-26T00:46:01Z</time>
      </trkpt>
      <trkpt lat="23.065345" lon="113.270554">
        <time>2026-09-26T00:46:06Z</time>
      </trkpt>
      <trkpt lat="23.065409" lon="113.270411">
        <time>2026-09-26T00:46:11Z</time>
      </trkpt>
      <trkpt lat="23.065471" lon="113.27027">
        <time>2026-09-26T00:46:16Z</time>
      </trkpt>
      <trkpt lat="23.065534" lon="113.270131">
        <time>2026-09-26T00:46:21Z</time>
      </trkpt>
      <trkpt lat="23.065587" lon="113.269987">
        <time>2026-09-26T00:46:26Z</time>
      </trkpt>
      <trkpt lat="23.065628" lon="113.269833">
        <time>2026-09-26T00:46:31Z</time>
      </trkpt>
      <trkpt lat="23.065664" lon="113.269679">
        <time>2026-09-26T00:46:36Z</time>
      </trkpt>
      <trkpt lat="23.065701" lon="113.269525">
        <time>2026-09-26T00:46:41Z</time>
      </trkpt>
      <trkpt lat="23.065739" lon="113.269373">
        <time>2026-09-26T00:46:46Z</time>
      </trkpt>
      <trkpt lat="23.065783" lon="113.269222">
        <time>2026-09-26T00:46:51Z</time>
      </trkpt>
      <trkpt lat="23.065829" lon="113.269076">
        <time>2026-09-26T00:46:56Z</time>
      </trkpt>
      <trkpt lat="23.065895" lon="113.268937">
        <time>2026-09-26T00:47:01Z</time>
      </trkpt>
      <trkpt lat="23.065959" lon="113.268796">
        <time>2026-09-26T00:47:06Z</time>
      </trkpt>
      <trkpt lat="23.066025" lon="113.268659">
        <time>2026-09-26T00:47:11Z</time>
      </trkpt>
      <trkpt lat="23.066103" lon="113.268522">
        <time>2026-09-26T00:47:16Z</time>
      </trkpt>
      <trkpt lat="23.066186" lon="113.268392">
        <time>2026-09-26T00:47:21Z</time>
      </trkpt>
      <trkpt lat="23.066279" lon="113.268271">
        <time>2026-09-26T00:47:26Z</time>
      </trkpt>
      <trkpt lat="23.066389" lon="113.268168">
        <time>2026-09-26T00:47:31Z</time>
      </trkpt>
      <trkpt lat="23.066525" lon="113.268133">
        <time>2026-09-26T00:47:36Z</time>
      </trkpt>
      <trkpt lat="23.066676" lon="113.268152">
        <time>2026-09-26T00:47:41Z</time>
      </trkpt>
      <trkpt lat="23.06683" lon="113.268163">
        <time>2026-09-26T00:47:46Z</time>
      </trkpt>
      <trkpt lat="23.066978" lon="113.268173">
        <time>2026-09-26T00:47:51Z</time>
      </trkpt>
      <trkpt lat="23.067108" lon="113.268227">
        <time>2026-09-26T00:47:56Z</time>
      </trkpt>
      <trkpt lat="23.067237" lon="113.268309">
        <time>2026-09-26T00:48:01Z</time>
      </trkpt>
      <trkpt lat="23.067365" lon="113.268389">
        <time>2026-09-26T00:48:06Z</time>
      </trkpt>
      <trkpt lat="23.067488" lon="113.268461">
        <time>2026-09-26T00:48:11Z</time>
      </trkpt>
      <trkpt lat="23.067624" lon="113.268531">
        <time>2026-09-26T00:48:16Z</time>
      </trkpt>
      <trkpt lat="23.06776" lon="113.268595">
        <time>2026-09-26T00:48:21Z</time>
      </trkpt>
      <trkpt lat="23.067899" lon="113.268659">
        <time>2026-09-26T00:48:26Z</time>
      </trkpt>
      <trkpt lat="23.068028" lon="113.268727">
        <time>2026-09-26T00:48:31Z</time>
      </trkpt>
      <trkpt lat="23.068153" lon="113.268783">
        <time>2026-09-26T00:48:36Z</time>
      </trkpt>
      <trkpt lat="23.068282" lon="113.268834">
        <time>2026-09-26T00:48:41Z</time>
      </trkpt>
      <trkpt lat="23.068418" lon="113.268898">
        <time>2026-09-26T00:48:46Z</time>
      </trkpt>
      <trkpt lat="23.068546" lon="113.268973">
        <time>2026-09-26T00:48:51Z</time>
      </trkpt>
      <trkpt lat="23.068665" lon="113.269053">
        <time>2026-09-26T00:48:56Z</time>
      </trkpt>
      <trkpt lat="23.06879" lon="113.269134">
        <time>2026-09-26T00:49:01Z</time>
      </trkpt>
      <trkpt lat="23.06888" lon="113.269184">
        <time>2026-09-26T00:49:06Z</time>
      </trkpt>
      <trkpt lat="23.06895" lon="113.269173">
        <time>2026-09-26T00:49:11Z</time>
      </trkpt>
      <trkpt lat="23.069022" lon="113.269175">
        <time>2026-09-26T00:49:16Z</time>
      </trkpt>
      <trkpt lat="23.069084" lon="113.269201">
        <time>2026-09-26T00:49:21Z</time>
      </trkpt>
      <trkpt lat="23.06914" lon="113.269227">
        <time>2026-09-26T00:49:26Z</time>
      </trkpt>
      <trkpt lat="23.069213" lon="113.269272">
        <time>2026-09-26T00:49:31Z</time>
      </trkpt>
      <trkpt lat="23.069315" lon="113.269333">
        <time>2026-09-26T00:49:36Z</time>
      </trkpt>
      <trkpt lat="23.069424" lon="113.269397">
        <time>2026-09-26T00:49:41Z</time>
      </trkpt>
      <trkpt lat="23.069533" lon="113.269463">
        <time>2026-09-26T00:49:46Z</time>
      </trkpt>
      <trkpt lat="23.069639" lon="113.269527">
        <time>2026-09-26T00:49:51Z</time>
      </trkpt>
      <trkpt lat="23.069756" lon="113.269579">
        <time>2026-09-26T00:49:56Z</time>
      </trkpt>
      <trkpt lat="23.069876" lon="113.26965">
        <time>2026-09-26T00:50:01Z</time>
      </trkpt>
      <trkpt lat="23.069987" lon="113.269714">
        <time>2026-09-26T00:50:06Z</time>
      </trkpt>
      <trkpt lat="23.070092" lon="113.269761">
        <time>2026-09-26T00:50:11Z</time>
      </trkpt>
      <trkpt lat="23.070214" lon="113.269825">
        <time>2026-09-26T00:50:16Z</time>
      </trkpt>
      <trkpt lat="23.070321" lon="113.269902">
        <time>2026-09-26T00:50:21Z</time>
      </trkpt>
      <trkpt lat="23.070418" lon="113.269977">
        <time>2026-09-26T00:50:26Z</time>
      </trkpt>
      <trkpt lat="23.07053" lon="113.27001">
        <time>2026-09-26T00:50:31Z</time>
      </trkpt>
      <trkpt lat="23.070638" lon="113.270048">
        <time>2026-09-26T00:50:36Z</time>
      </trkpt>
      <trkpt lat="23.070743" lon="113.270104">
        <time>2026-09-26T00:50:41Z</time>
      </trkpt>
      <trkpt lat="23.070842" lon="113.270157">
        <time>2026-09-26T00:50:46Z</time>
      </trkpt>
      <trkpt lat="23.070957" lon="113.270208">
        <time>2026-09-26T00:50:51Z</time>
      </trkpt>
      <trkpt lat="23.071075" lon="113.270252">
        <time>2026-09-26T00:50:56Z</time>
      </trkpt>
      <trkpt lat="23.071179" lon="113.270304">
        <time>2026-09-26T00:51:01Z</time>
      </trkpt>
      <trkpt lat="23.071287" lon="113.270352">
        <time>2026-09-26T00:51:06Z</time>
      </trkpt>
      <trkpt lat="23.0714" lon="113.270385">
        <time>2026-09-26T00:51:11Z</time>
      </trkpt>
      <trkpt lat="23.071512" lon="113.270426">
        <time>2026-09-26T00:51:16Z</time>
      </trkpt>
      <trkpt lat="23.071623" lon="113.270491">
        <time>2026-09-26T00:51:21Z</time>
      </trkpt>
      <trkpt lat="23.071734" lon="113.27055">
        <time>2026-09-26T00:51:26Z</time>
      </trkpt>
      <trkpt lat="23.07184" lon="113.270603">
        <time>2026-09-26T00:51:31Z</time>
      </trkpt>
      <trkpt lat="23.071951" lon="113.270647">
        <time>2026-09-26T00:51:36Z</time>
      </trkpt>
      <trkpt lat="23.07207" lon="113.270683">
        <time>2026-09-26T00:51:41Z</time>
      </trkpt>
      <trkpt lat="23.072173" lon="113.270753">
        <time>2026-09-26T00:51:46Z</time>
      </trkpt>
      <trkpt lat="23.072283" lon="113.270835">
        <time>2026-09-26T00:51:51Z</time>
      </trkpt>
      <trkpt lat="23.072402" lon="113.270898">
        <time>2026-09-26T00:51:56Z</time>
      </trkpt>
      <trkpt lat="23.072514" lon="113.270967">
        <time>2026-09-26T00:52:01Z</time>
      </trkpt>
      <trkpt lat="23.072613" lon="113.271026">
        <time>2026-09-26T00:52:06Z</time>
      </trkpt>
      <trkpt lat="23.072701" lon="113.271081">
        <time>2026-09-26T00:52:11Z</time>
      </trkpt>
      <trkpt lat="23.072799" lon="113.271109">
        <time>2026-09-26T00:52:16Z</time>
      </trkpt>
      <trkpt lat="23.072916" lon="113.271136">
        <time>2026-09-26T00:52:21Z</time>
      </trkpt>
      <trkpt lat="23.073031" lon="113.271182">
        <time>2026-09-26T00:52:26Z</time>
      </trkpt>
      <trkpt lat="23.073152" lon="113.27125">
        <time>2026-09-26T00:52:31Z</time>
      </trkpt>
      <trkpt lat="23.07326" lon="113.271301">
        <time>2026-09-26T00:52:36Z</time>
      </trkpt>
      <trkpt lat="23.073368" lon="113.271359">
        <time>2026-09-26T00:52:41Z</time>
      </trkpt>
      <trkpt lat="23.07349" lon="113.271435">
        <time>2026-09-26T00:52:46Z</time>
      </trkpt>
      <trkpt lat="23.073597" lon="113.27152">
        <time>2026-09-26T00:52:51Z</time>
      </trkpt>
      <trkpt lat="23.073697" lon="113.271602">
        <time>2026-09-26T00:52:56Z</time>
      </trkpt>
      <trkpt lat="23.073804" lon="113.271668">
        <time>2026-09-26T00:53:01Z</time>
      </trkpt>
      <trkpt lat="23.073935" lon="113.271699">
        <time>2026-09-26T00:53:06Z</time>
      </trkpt>
      <trkpt lat="23.074046" lon="113.271755">
        <time>2026-09-26T00:53:11Z</time>
      </trkpt>
      <trkpt lat="23.074113" lon="113.271815">
        <time>2026-09-26T00:53:16Z</time>
      </trkpt>
      <trkpt lat="23.074069" lon="113.271912">
        <time>2026-09-26T00:53:21Z</time>
      </trkpt>
      <trkpt lat="23.074012" lon="113.272032">
        <time>2026-09-26T00:53:26Z</time>
      </trkpt>
      <trkpt lat="23.073966" lon="113.272155">
        <time>2026-09-26T00:53:31Z</time>
      </trkpt>
      <trkpt lat="23.073915" lon="113.272276">
        <time>2026-09-26T00:53:36Z</time>
      </trkpt>
      <trkpt lat="23.073851" lon="113.272385">
        <time>2026-09-26T00:53:41Z</time>
      </trkpt>
      <trkpt lat="23.073789" lon="113.272506">
        <time>2026-09-26T00:53:46Z</time>
      </trkpt>
      <trkpt lat="23.073731" lon="113.272622">
        <time>2026-09-26T00:53:51Z</time>
      </trkpt>
      <trkpt lat="23.073675" lon="113.272735">
        <time>2026-09-26T00:53:56Z</time>
      </trkpt>
      <trkpt lat="23.073633" lon="113.272853">
        <time>2026-09-26T00:54:01Z</time>
      </trkpt>
      <trkpt lat="23.073594" lon="113.272968">
        <time>2026-09-26T00:54:06Z</time>
      </trkpt>
      <trkpt lat="23.073582" lon="113.273041">
        <time>2026-09-26T00:54:11Z</time>
      </trkpt>
      <trkpt lat="23.073599" lon="113.273006">
        <time>2026-09-26T00:54:16Z</time>
      </trkpt>
      <trkpt lat="23.073677" lon="113.27295">
        <time>2026-09-26T00:54:21Z</time>
      </trkpt>
      <trkpt lat="23.07379" lon="113.272944">
        <time>2026-09-26T00:54:26Z</time>
      </trkpt>
      <trkpt lat="23.07391" lon="113.272983">
        <time>2026-09-26T00:54:31Z</time>
      </trkpt>
      <trkpt lat="23.07401" lon="113.272979">
        <time>2026-09-26T00:54:36Z</time>
      </trkpt>
      <trkpt lat="23.074062" lon="113.272864">
        <time>2026-09-26T00:54:41Z</time>
      </trkpt>
      <trkpt lat="23.074104" lon="113.272737">
        <time>2026-09-26T00:54:46Z</time>
      </trkpt>
      <trkpt lat="23.074145" lon="113.272614">
        <time>2026-09-26T00:54:51Z</time>
      </trkpt>
      <trkpt lat="23.074195" lon="113.272495">
        <time>2026-09-26T00:54:56Z</time>
      </trkpt>
      <trkpt lat="23.074254" lon="113.272376">
        <time>2026-09-26T00:55:01Z</time>
      </trkpt>
      <trkpt lat="23.074318" lon="113.272258">
        <time>2026-09-26T00:55:06Z</time>
      </trkpt>
      <trkpt lat="23.07436" lon="113.27213">
        <time>2026-09-26T00:55:11Z</time>
      </trkpt>
      <trkpt lat="23.074422" lon="113.272017">
        <time>2026-09-26T00:55:16Z</time>
      </trkpt>
      <trkpt lat="23.074508" lon="113.271998">
        <time>2026-09-26T00:55:21Z</time>
      </trkpt>
      <trkpt lat="23.074608" lon="113.272065">
        <time>2026-09-26T00:55:26Z</time>
      </trkpt>
    </trkseg>
  </trk>
</gpx>