<?xml version="1.0" encoding="UTF-8"?>
<gpx xmlns="http://www.topografix.com/GPX/1/1" xmlns:gpxtpx="http://www.garmin.com/xmlschemas/TrackPointExtension/v1" xmlns:xsi="http://www.w3.org/2001/XMLSchema-instance" xsi:schemaLocation="http://www.topografix.com/GPX/1/1 http://www.topografix.com/GPX/1/1/gpx.xsd" version="1.1" creator="gpx.py -- https://github.com/tkrajina/gpxpy">
  <trk>
    <name>gpx from joyrun</name>
    <trkseg>
      <trkpt lat="23.075924" lon="113.272679">
        <time>2026-09-28T21:59:48Z</time>
      </trkpt>
      <trkpt lat="23.075925" lon="113.272691">
        <time>2026-09-28T21:59:53Z</time>
      </trkpt>
      <trkpt lat="23.075914" lon="113.272765">
        <time>2026-09-28T21:59:58Z</time>
      </trkpt>
      <trkpt lat="23.07582" lon="113.272766">
        <time>2026-09-28T22:00:03Z</time>
      </trkpt>
      <trkpt lat="23.075727" lon="113.272684">
        <time>2026-09-28T22:00:08Z</time>
      </trkpt>
      <trkpt lat="23.075632" lon="113.272614">
        <time>2026-09-28T22:00:13Z</time>
      </trkpt>
      <trkpt lat="23.075539" lon="113.272556">
        <time>2026-09-28T22:00:18Z</time>
      </trkpt>
      <trkpt lat="23.075437" lon="113.2725">
        <time>2026-09-28T22:00:23Z</time>
      </trkpt>
      <trkpt lat="23.075336" lon="113.272439">
        <time>2026-09-28T22:00:28Z</time>
      </trkpt>
      <trkpt lat="23.075236" lon="113.272379">
        <time>2026-09-28T22:00:33Z</time>
      </trkpt>
      <trkpt lat="23.075133" lon="113.272336">
        <time>2026-09-28T22:00:38Z</time>
      </trkpt>
      <trkpt lat="23.075026" lon="113.272278">
        <time>2026-09-28T22:00:43Z</time>
      </trkpt>
      <trkpt lat="23.074935" lon="113.272211">
        <time>2026-09-28T22:00:48Z</time>
      </trkpt>
      <trkpt lat="23.074843" lon="113.272168">
        <time>2026-09-28T22:00:53Z</time>
      </trkpt>
      <trkpt lat="23.074742" lon="113.272123">
        <time>2026-09-28T22:00:58Z</time>
      </trkpt>
      <trkpt lat="23.074637" lon="113.272057">
        <time>2026-09-28T22:01:03Z</time>
      </trkpt>
      <trkpt lat="23.074528" lon="113.271996">
        <time>2026-09-28T22:01:08Z</time>
      </trkpt>
      <trkpt lat="23.074416" lon="113.271987">
        <time>2026-09-28T22:01:13Z</time>
      </trkpt>
      <trkpt lat="23.074344" lon="113.272094">
        <time>2026-09-28T22:01:18Z</time>
      </trkpt>
      <trkpt lat="23.074289" lon="113.272234">
        <time>2026-09-28T22:01:23Z</time>
      </trkpt>
      <trkpt lat="23.07424" lon="113.272362">
        <time>2026-09-28T22:01:28Z</time>
      </trkpt>
      <trkpt lat="23.074191" lon="113.272488">
        <time>2026-09-28T22:01:33Z</time>
      </trkpt>
      <trkpt lat="23.074138" lon="113.272615">
        <time>2026-09-28T22:01:38Z</time>
      </trkpt>
      <trkpt lat="23.074089" lon="113.272742">
        <time>2026-09-28T22:01:43Z</time>
      </trkpt>
      <trkpt lat="23.074042" lon="113.272862">
        <time>2026-09-28T22:01:48Z</time>
      </trkpt>
      <trkpt lat="23.073993" lon="113.272967">
        <time>2026-09-28T22:01:53Z</time>
      </trkpt>
      <trkpt lat="23.073886" lon="113.272981">
        <time>2026-09-28T22:01:58Z</time>
      </trkpt>
      <trkpt lat="23.073773" lon="113.272918">
        <time>2026-09-28T22:02:03Z</time>
      </trkpt>
      <trkpt lat="23.073691" lon="113.272834">
        <time>2026-09-28T22:02:08Z</time>
      </trkpt>
      <trkpt lat="23.073704" lon="113.272741">
        <time>2026-09-28T22:02:13Z</time>
      </trkpt>
      <trkpt lat="23.073738" lon="113.272636">
        <time>2026-09-28T22:02:18Z</time>
      </trkpt>
      <trkpt lat="23.073779" lon="113.272534">
        <time>2026-09-28T22:02:23Z</time>
      </trkpt>
      <trkpt lat="23.07382" lon="113.272433">
        <time>2026-09-28T22:02:28Z</time>
      </trkpt>
      <trkpt lat="23.073863" lon="113.272334">
        <time>2026-09-28T22:02:33Z</time>
      </trkpt>
      <trkpt lat="23.073916" lon="113.272239">
        <time>2026-09-28T22:02:38Z</time>
      </trkpt>
      <trkpt lat="23.07397" lon="113.272145">
        <time>2026-09-28T22:02:43Z</time>
      </trkpt>
      <trkpt lat="23.074024" lon="113.272046">
        <time>2026-09-28T22:02:48Z</time>
      </trkpt>
      <trkpt lat="23.074071" lon="113.271937">
        <time>2026-09-28T22:02:53Z</time>
      </trkpt>
      <trkpt lat="23.074111" lon="113.271822">
        <time>2026-09-28T22:02:58Z</time>
      </trkpt>
      <trkpt lat="23.074091" lon="113.271723">
        <time>2026-09-28T22:03:03Z</time>
      </trkpt>
      <trkpt lat="23.073997" lon="113.271678">
        <time>2026-09-28T22:03:08Z</time>
      </trkpt>
      <trkpt lat="23.0739" lon="113.27162">
        <time>2026-09-28T22:03:13Z</time>
      </trkpt>
      <trkpt lat="23.073796" lon="113.271568">
        <time>2026-09-28T22:03:18Z</time>
      </trkpt>
      <trkpt lat="23.073693" lon="113.271518">
        <time>2026-09-28T22:03:23Z</time>
      </trkpt>
      <trkpt lat="23.07359" lon="113.271469">
        <time>2026-09-28T22:03:28Z</time>
      </trkpt>
      <trkpt lat="23.073484" lon="113.271424">
        <time>2026-09-28T22:03:33Z</time>
      </trkpt>
      <trkpt lat="23.073373" lon="113.271385">
        <time>2026-09-28T22:03:38Z</time>
      </trkpt>
      <trkpt lat="23.073263" lon="113.271321">
        <time>2026-09-28T22:03:43Z</time>
      </trkpt>
      <trkpt lat="23.073185" lon="113.271215">
        <time>2026-09-28T22:03:48Z</time>
      </trkpt>
      <trkpt lat="23.073093" lon="113.271156">
        <time>2026-09-28T22:03:53Z</time>
      </trkpt>
      <trkpt lat="23.07299" lon="113.271101">
        <time>2026-09-28T22:03:58Z</time>
      </trkpt>
      <trkpt lat="23.07289" lon="113.271028">
        <time>2026-09-28T22:04:03Z</time>
      </trkpt>
      <trkpt lat="23.072783" lon="113.270945">
        <time>2026-09-28T22:04:08Z</time>
      </trkpt>
      <trkpt lat="23.072673" lon="113.270881">
        <time>2026-09-28T22:04:13Z</time>
      </trkpt>
      <trkpt lat="23.072558" lon="113.270824">
        <time>2026-09-28T22:04:18Z</time>
      </trkpt>
      <trkpt lat="23.072444" lon="113.270784">
        <time>2026-09-28T22:04:23Z</time>
      </trkpt>
      <trkpt lat="23.072325" lon="113.270722">
        <time>2026-09-28T22:04:28Z</time>
      </trkpt>
      <trkpt lat="23.072198" lon="113.27066">
        <time>2026-09-28T22:04:33Z</time>
      </trkpt>
      <trkpt lat="23.072087" lon="113.270616">
        <time>2026-09-28T22:04:38Z</time>
      </trkpt>
      <trkpt lat="23.071989" lon="113.270561">
        <time>2026-09-28T22:04:43Z</time>
      </trkpt>
      <trkpt lat="23.071872" lon="113.270506">
        <time>2026-09-28T22:04:48Z</time>
      </trkpt>
      <trkpt lat="23.07174" lon="113.270457">
        <time>2026-09-28T22:04:53Z</time>
      </trkpt>
      <trkpt lat="23.071629" lon="113.270408">
        <time>2026-09-28T22:04:58Z</time>
      </trkpt>
      <trkpt lat="23.071517" lon="113.270363">
        <time>2026-09-28T22:05:03Z</time>
      </trkpt>
      <trkpt lat="23.071398" lon="113.270315">
        <time>2026-09-28T22:05:08Z</time>
      </trkpt>
      <trkpt lat="23.071274" lon="113.270261">
        <time>2026-09-28T22:05:13Z</time>
      </trkpt>
      <trkpt lat="23.071164" lon="113.270197">
        <time>2026-09-28T22:05:18Z</time>
      </trkpt>
      <trkpt lat="23.071053" lon="113.270142">
        <time>2026-09-28T22:05:23Z</time>
      </trkpt>
      <trkpt lat="23.070933" lon="113.270104">
        <time>2026-09-28T22:05:28Z</time>
      </trkpt>
      <trkpt lat="23.070828" lon="113.270055">
        <time>2026-09-28T22:05:33Z</time>
      </trkpt>
      <trkpt lat="23.070712" lon="113.270018">
        <time>2026-09-28T22:05:38Z</time>
      </trkpt>
      <trkpt lat="23.070619" lon="113.269941">
        <time>2026-09-28T22:05:43Z</time>
      </trkpt>
      <trkpt lat="23.070503" lon="113.269884">
        <time>2026-09-28T22:05:48Z</time>
      </trkpt>
      <trkpt lat="23.07038" lon="113.269856">
        <time>2026-09-28T22:05:53Z</time>
      </trkpt>
      <trkpt lat="23.070255" lon="113.269817">
        <time>2026-09-28T22:05:58Z</time>
      </trkpt>
      <trkpt lat="23.070136" lon="113.269743">
        <time>2026-09-28T22:06:03Z</time>
      </trkpt>
      <trkpt lat="23.070021" lon="113.269666">
        <time>2026-09-28T22:06:08Z</time>
      </trkpt>
      <trkpt lat="23.069916" lon="113.269599">
        <time>2026-09-28T22:06:13Z</time>
      </trkpt>
      <trkpt lat="23.069805" lon="113.269534">
        <time>2026-09-28T22:06:18Z</time>
      </trkpt>
      <trkpt lat="23.069694" lon="113.269469">
        <time>2026-09-28T22:06:23Z</time>
      </trkpt>
      <trkpt lat="23.06958" lon="113.269411">
        <time>2026-09-28T22:06:28Z</time>
      </trkpt>
      <trkpt lat="23.069464" lon="113.269369">
        <time>2026-09-28T22:06:33Z</time>
      </trkpt>
      <trkpt lat="23.069353" lon="113.269312">
        <time>2026-09-28T22:06:38Z</time>
      </trkpt>
      <trkpt lat="23.06924" lon="113.269265">
        <time>2026-09-28T22:06:43Z</time>
      </trkpt>
      <trkpt lat="23.069131" lon="113.269205">
        <time>2026-09-28T22:06:48Z</time>
      </trkpt>
      <trkpt lat="23.069019" lon="113.269168">
        <time>2026-09-28T22:06:53Z</time>
      </trkpt>
      <trkpt lat="23.068898" lon="113.26913">
        <time>2026-09-28T22:06:58Z</time>
      </trkpt>
      <trkpt lat="23.068773" lon="113.269076">
        <time>2026-09-28T22:07:03Z</time>
      </trkpt>
      <trkpt lat="23.068653" lon="113.269033">
        <time>2026-09-28T22:07:08Z</time>
      </trkpt>
      <trkpt lat="23.068538" lon="113.269017">
        <time>2026-09-28T22:07:13Z</time>
      </trkpt>
      <trkpt lat="23.068426" lon="113.268989">
        <time>2026-09-28T22:07:18Z</time>
      </trkpt>
      <trkpt lat="23.068321" lon="113.268937">
        <time>2026-09-28T22:07:23Z</time>
      </trkpt>
      <trkpt lat="23.068228" lon="113.268891">
        <time>2026-09-28T22:07:28Z</time>
      </trkpt>
      <trkpt lat="23.068122" lon="113.268842">
        <time>2026-09-28T22:07:33Z</time>
      </trkpt>
      <trkpt lat="23.068003" lon="113.268773">
        <time>2026-09-28T22:07:38Z</time>
      </trkpt>
      <trkpt lat="23.067861" lon="113.268686">
        <time>2026-09-28T22:07:43Z</time>
      </trkpt>
      <trkpt lat="23.067749" lon="113.268621">
        <time>2026-09-28T22:07:48Z</time>
      </trkpt>
      <trkpt lat="23.067642" lon="113.26856">
        <time>2026-09-28T22:07:53Z</time>
      </trkpt>
      <trkpt lat="23.067531" lon="113.268501">
        <time>2026-09-28T22:07:58Z</time>
      </trkpt>
      <trkpt lat="23.067422" lon="113.26844">
        <time>2026-09-28T22:08:03Z</time>
      </trkpt>
      <trkpt lat="23.067314" lon="113.268364">
        <time>2026-09-28T22:08:08Z</time>
      </trkpt>
      <trkpt lat="23.06721" lon="113.268296">
        <time>2026-09-28T22:08:13Z</time>
      </trkpt>
      <trkpt lat="23.067111" lon="113.268226">
        <time>2026-09-28T22:08:18Z</time>
      </trkpt>
      <trkpt lat="23.06701" lon="113.268143">
        <time>2026-09-28T22:08:23Z</time>
      </trkpt>
      <trkpt lat="23.066896" lon="113.268077">
        <time>2026-09-28T22:08:28Z</time>
      </trkpt>
      <trkpt lat="23.066774" lon="113.268038">
        <time>2026-09-28T22:08:33Z</time>
      </trkpt>
      <trkpt lat="23.066645" lon="113.268016">
        <time>2026-09-28T22:08:38Z</time>
      </trkpt>
      <trkpt lat="23.066527" lon="113.26797">
        <time>2026-09-28T22:08:43Z</time>
      </trkpt>
      <trkpt lat="23.066413" lon="113.267937">
        <time>2026-09-28T22:08:48Z</time>
      </trkpt>
      <trkpt lat="23.066291" lon="113.267952">
        <time>2026-09-28T22:08:53Z</time>
      </trkpt>
      <trkpt lat="23.066186" lon="113.26802">
        <time>2026-09-28T22:08:58Z</time>
      </trkpt>
      <trkpt lat="23.066097" lon="113.268118">
        <time>2026-09-28T22:09:03Z</time>
      </trkpt>
      <trkpt lat="23.066014" lon="113.268228">
        <time>2026-09-28T22:09:08Z</time>
      </trkpt>
      <trkpt lat="23.065934" lon="113.268332">
        <time>2026-09-28T22:09:13Z</time>
      </trkpt>
      <trkpt lat="23.065851" lon="113.268442">
        <time>2026-09-28T22:09:18Z</time>
      </trkpt>
      <trkpt lat="23.065781" lon="113.268561">
        <time>2026-09-28T22:09:23Z</time>
      </trkpt>
      <trkpt lat="23.06572" lon="113.268689">
        <time>2026-09-28T22:09:28Z</time>
      </trkpt>
      <trkpt lat="23.06567" lon="113.268822">
        <time>2026-09-28T22:09:33Z</time>
      </trkpt>
      <trkpt lat="23.065622" lon="113.268953">
        <time>2026-09-28T22:09:38Z</time>
      </trkpt>
      <trkpt lat="23.065578" lon="113.269084">
        <time>2026-09-28T22:09:43Z</time>
      </trkpt>
      <trkpt lat="23.065542" lon="113.269213">
        <time>2026-09-28T22:09:48Z</time>
      </trkpt>
      <trkpt lat="23.06551" lon="113.269339">
        <time>2026-09-28T22:09:53Z</time>
      </trkpt>
      <trkpt lat="23.065476" lon="113.269467">
        <time>2026-09-28T22:09:58Z</time>
      </trkpt>
      <trkpt lat="23.065443" lon="113.2696">
        <time>2026-09-28T22:10:03Z</time>
      </trkpt>
      <trkpt lat="23.065417" lon="113.269729">
        <time>2026-09-28T22:10:08Z</time>
      </trkpt>
      <trkpt lat="23.065374" lon="113.269859">
        <time>2026-09-28T22:10:13Z</time>
      </trkpt>
      <trkpt lat="23.065326" lon="113.269989">
        <time>2026-09-28T22:10:18Z</time>
      </trkpt>
      <trkpt lat="23.06528" lon="113.270118">
        <time>2026-09-28T22:10:23Z</time>
      </trkpt>
      <trkpt lat="23.065229" lon="113.270249">
        <time>2026-09-28T22:10:28Z</time>
      </trkpt>
      <trkpt lat="23.065181" lon="113.270383">
        <time>2026-09-28T22:10:33Z</time>
      </trkpt>
      <trkpt lat="23.065124" lon="113.270509">
        <time>2026-09-28T22:10:38Z</time>
      </trkpt>
      <trkpt lat="23.065067" lon="113.270631">
        <time>2026-09-28T22:10:43Z</time>
      </trkpt>
      <trkpt lat="23.065012" lon="113.270753">
        <time>2026-09-28T22:10:48Z</time>
      </trkpt>
      <trkpt lat="23.064957" lon="113.270876">
        <time>2026-09-28T22:10:53Z</time>
      </trkpt>
      <trkpt lat="23.064904" lon="113.271004">
        <time>2026-09-28T22:10:58Z</time>
      </trkpt>
      <trkpt lat="23.064848" lon="113.271128">
        <time>2026-09-28T22:11:03Z</time>
      </trkpt>
      <trkpt lat="23.064785" lon="113.271248">
        <time>2026-09-28T22:11:08Z</time>
      </trkpt>
      <trkpt lat="23.064721" lon="113.271373">
        <time>2026-09-28T22:11:13Z</time>
      </trkpt>
      <trkpt lat="23.064657" lon="113.271502">
        <time>2026-09-28T22:11:18Z</time>
      </trkpt>
      <trkpt lat="23.064599" lon="113.271627">
        <time>2026-09-28T22:11:23Z</time>
      </trkpt>
      <trkpt lat="23.064541" lon="113.271747">
        <time>2026-09-28T22:11:28Z</time>
      </trkpt>
      <trkpt lat="23.064483" lon="113.271871">
        <time>2026-09-28T22:11:33Z</time>
      </trkpt>
      <trkpt lat="23.064425" lon="113.271997">
        <time>2026-09-28T22:11:38Z</time>
      </trkpt>
      <trkpt lat="23.064367" lon="113.272123">
        <time>2026-09-28T22:11:43Z</time>
      </trkpt>
      <trkpt lat="23.06433" lon="113.272262">
        <time>2026-09-28T22:11:48Z</time>
      </trkpt>
      <trkpt lat="23.064316" lon="113.272403">
        <time>2026-09-28T22:11:53Z</time>
      </trkpt>
      <trkpt lat="23.064302" lon="113.272541">
        <time>2026-09-28T22:11:58Z</time>
      </trkpt>
      <trkpt lat="23.064311" lon="113.272688">
        <time>2026-09-28T22:12:03Z</time>
      </trkpt>
      <trkpt lat="23.064349" lon="113.272827">
        <time>2026-09-28T22:12:08Z</time>
      </trkpt>
      <trkpt lat="23.064389" lon="113.272956">
        <time>2026-09-28T22:12:13Z</time>
      </trkpt>
      <trkpt lat="23.064431" lon="113.273077">
        <time>2026-09-28T22:12:18Z</time>
      </trkpt>
      <trkpt lat="23.064449" lon="113.273201">
        <time>2026-09-28T22:12:23Z</time>
      </trkpt>
      <trkpt lat="23.064402" lon="113.273316">
        <time>2026-09-28T22:12:28Z</time>
      </trkpt>
      <trkpt lat="23.06431" lon="113.273398">
        <time>2026-09-28T22:12:33Z</time>
      </trkpt>
      <trkpt lat="23.06421" lon="113.273469">
        <time>2026-09-28T22:12:38Z</time>
      </trkpt>
      <trkpt lat="23.064107" lon="113.273545">
        <time>2026-09-28T22:12:43Z</time>
      </trkpt>
      <trkpt lat="23.064009" lon="113.273626">
        <time>2026-09-28T22:12:48Z</time>
      </trkpt>
      <trkpt lat="23.063919" lon="113.273719">
        <time>2026-09-28T22:12:53Z</time>
      </trkpt>
      <trkpt lat="23.063844" lon="113.273834">
        <time>2026-09-28T22:12:58Z</time>
      </trkpt>
      <trkpt lat="23.063779" lon="113.273954">
        <time>2026-09-28T22:13:03Z</time>
      </trkpt>
      <trkpt lat="23.063711" lon="113.274061">
        <time>2026-09-28T22:13:08Z</time>
      </trkpt>
      <trkpt lat="23.063628" lon="113.274135">
        <time>2026-09-28T22:13:13Z</time>
      </trkpt>
      <trkpt lat="23.063548" lon="113.274239">
        <time>2026-09-28T22:13:18Z</time>
      </trkpt>
      <trkpt lat="23.06348" lon="113.274374">
        <time>2026-09-28T22:13:23Z</time>
      </trkpt>
      <trkpt lat="23.063429" lon="113.27451">
        <time>2026-09-28T22:13:28Z</time>
      </trkpt>
      <trkpt lat="23.063384" lon="113.274642">
        <time>2026-09-28T22:13:33Z</time>
      </trkpt>
      <trkpt lat="23.063316" lon="113.274774">
        <time>2026-09-28T22:13:38Z</time>
      </trkpt>
      <trkpt lat="23.063272" lon="113.274915">
        <time>2026-09-28T22:13:43Z</time>
      </trkpt>
      <trkpt lat="23.06323" lon="113.275046">
        <time>2026-09-28T22:13:48Z</time>
      </trkpt>
      <trkpt lat="23.063166" lon="113.275166">
        <time>2026-09-28T22:13:53Z</time>
      </trkpt>
      <trkpt lat="23.063093" lon="113.275282">
        <time>2026-09-28T22:13:58Z</time>
      </trkpt>
      <trkpt lat="23.063035" lon="113.27539">
        <time>2026-09-28T22:14:03Z</time>
      </trkpt>
      <trkpt lat="23.062974" lon="113.275501">
        <time>2026-09-28T22:14:08Z</time>
      </trkpt>
      <trkpt lat="23.062898" lon="113.275602">
        <time>2026-09-28T22:14:13Z</time>
      </trkpt>
      <trkpt lat="23.062814" lon="113.275689">
        <time>2026-09-28T22:14:18Z</time>
      </trkpt>
      <trkpt lat="23.062722" lon="113.275776">
        <time>2026-09-28T22:14:23Z</time>
      </trkpt>
      <trkpt lat="23.062634" lon="113.275876">
        <time>2026-09-28T22:14:28Z</time>
      </trkpt>
      <trkpt lat="23.062554" lon="113.275983">
        <time>2026-09-28T22:14:33Z</time>
      </trkpt>
      <trkpt lat="23.062482" lon="113.276097">
        <time>2026-09-28T22:14:38Z</time>
      </trkpt>
      <trkpt lat="23.062419" lon="113.276217">
        <time>2026-09-28T22:14:43Z</time>
      </trkpt>
      <trkpt lat="23.062368" lon="113.276342">
        <time>2026-09-28T22:14:48Z</time>
      </trkpt>
      <trkpt lat="23.062326" lon="113.27647">
        <time>2026-09-28T22:14:53Z</time>
      </trkpt>
      <trkpt lat="23.062276" lon="113.276597">
        <time>2026-09-28T22:14:58Z</time>
      </trkpt>
      <trkpt lat="23.062232" lon="113.276717">
        <time>2026-09-28T22:15:03Z</time>
      </trkpt>
      <trkpt lat="23.062189" lon="113.276842">
        <time>2026-09-28T22:15:08Z</time>
      </trkpt>
      <trkpt lat="23.062142" lon="113.276961">
        <time>2026-09-28T22:15:13Z</time>
      </trkpt>
      <trkpt lat="23.062098" lon="113.277083">
        <time>2026-09-28T22:15:18Z</time>
      </trkpt>
      <trkpt lat="23.062049" lon="113.277215">
        <time>2026-09-28T22:15:23Z</time>
      </trkpt>
      <trkpt lat="23.061995" lon="113.277349">
        <time>2026-09-28T22:15:28Z</time>
      </trkpt>
      <trkpt lat="23.061947" lon="113.277478">
        <time>2026-09-28T22:15:33Z</time>
      </trkpt>
      <trkpt lat="23.061901" lon="113.277604">
        <time>2026-09-28T22:15:38Z</time>
      </trkpt>
      <trkpt lat="23.061857" lon="113.277728">
        <time>2026-09-28T22:15:43Z</time>
      </trkpt>
      <trkpt lat="23.061834" lon="113.277857">
        <time>2026-09-28T22:15:48Z</time>
      </trkpt>
      <trkpt lat="23.061833" lon="113.277985">
        <time>2026-09-28T22:15:53Z</time>
      </trkpt>
      <trkpt lat="23.061842" lon="113.278114">
        <time>2026-09-28T22:15:58Z</time>
      </trkpt>
      <trkpt lat="23.06185" lon="113.278245">
        <time>2026-09-28T22:16:03Z</time>
      </trkpt>
      <trkpt lat="23.061861" lon="113.278374">
        <time>2026-09-28T22:16:08Z</time>
      </trkpt>
      <trkpt lat="23.061868" lon="113.278502">
        <time>2026-09-28T22:16:13Z</time>
      </trkpt>
      <trkpt lat="23.061868" lon="113.27863">
        <time>2026-09-28T22:16:18Z</time>
      </trkpt>
      <trkpt lat="23.061841" lon="113.278755">
        <time>2026-09-28T22:16:23Z</time>
      </trkpt>
      <trkpt lat="23.061789" lon="113.278868">
        <time>2026-09-28T22:16:28Z</time>
      </trkpt>
      <trkpt lat="23.061724" lon="113.278984">
        <time>2026-09-28T22:16:33Z</time>
      </trkpt>
      <trkpt lat="23.061662" lon="113.279095">
        <time>2026-09-28T22:16:38Z</time>
      </trkpt>
      <trkpt lat="23.061607" lon="113.279208">
        <time>2026-09-28T22:16:43Z</time>
      </trkpt>
      <trkpt lat="23.061556" lon="113.279333">
        <time>2026-09-28T22:16:48Z</time>
      </trkpt>
      <trkpt lat="23.06151" lon="113.279457">
        <time>2026-09-28T22:16:53Z</time>
      </trkpt>
      <trkpt lat="23.061461" lon="113.27958">
        <time>2026-09-28T22:16:58Z</time>
      </trkpt>
      <trkpt lat="23.061408" lon="113.279701">
        <time>2026-09-28T22:17:03Z</time>
      </trkpt>
      <trkpt lat="23.061355" lon="113.279824">
        <time>2026-09-28T22:17:08Z</time>
      </trkpt>
      <trkpt lat="23.061302" lon="113.279946">
        <time>2026-09-28T22:17:13Z</time>
      </trkpt>
      <trkpt lat="23.061249" lon="113.280067">
        <time>2026-09-28T22:17:18Z</time>
      </trkpt>
      <trkpt lat="23.061198" lon="113.280192">
        <time>2026-09-28T22:17:23Z</time>
      </trkpt>
      <trkpt lat="23.061145" lon="113.280323">
        <time>2026-09-28T22:17:28Z</time>
      </trkpt>
      <trkpt lat="23.06109" lon="113.280453">
        <time>2026-09-28T22:17:33Z</time>
      </trkpt>
      <trkpt lat="23.061038" lon="113.280578">
        <time>2026-09-28T22:17:38Z</time>
      </trkpt>
      <trkpt lat="23.060981" lon="113.280698">
        <time>2026-09-28T22:17:43Z</time>
      </trkpt>
      <trkpt lat="23.060923" lon="113.280827">
        <time>2026-09-28T22:17:48Z</time>
      </trkpt>
      <trkpt lat="23.060872" lon="113.280954">
        <time>2026-09-28T22:17:53Z</time>
      </trkpt>
      <trkpt lat="23.060822" lon="113.281078">
        <time>2026-09-28T22:17:58Z</time>
      </trkpt>
      <trkpt lat="23.060768" lon="113.281202">
        <time>2026-09-28T22:18:03Z</time>
      </trkpt>
      <trkpt lat="23.06071" lon="113.281329">
        <time>2026-09-28T22:18:08Z</time>
      </trkpt>
      <trkpt lat="23.060654" lon="113.281452">
        <time>2026-09-28T22:18:13Z</time>
      </trkpt>
      <trkpt lat="23.060607" lon="113.281574">
        <time>2026-09-28T22:18:18Z</time>
      </trkpt>
      <trkpt lat="23.060556" lon="113.281699">
        <time>2026-09-28T22:18:23Z</time>
      </trkpt>
      <trkpt lat="23.060507" lon="113.281816">
        <time>2026-09-28T22:18:28Z</time>
      </trkpt>
      <trkpt lat="23.060463" lon="113.281933">
        <time>2026-09-28T22:18:33Z</time>
      </trkpt>
      <trkpt lat="23.060411" lon="113.282046">
        <time>2026-09-28T22:18:38Z</time>
      </trkpt>
      <trkpt lat="23.060366" lon="113.282164">
        <time>2026-09-28T22:18:43Z</time>
      </trkpt>
      <trkpt lat="23.060314" lon="113.282286">
        <time>2026-09-28T22:18:48Z</time>
      </trkpt>
      <trkpt lat="23.060261" lon="113.282406">
        <time>2026-09-28T22:18:53Z</time>
      </trkpt>
      <trkpt lat="23.060219" lon="113.282522">
        <time>2026-09-28T22:18:58Z</time>
      </trkpt>
      <trkpt lat="23.06017" lon="113.282639">
        <time>2026-09-28T22:19:03Z</time>
      </trkpt>
      <trkpt lat="23.06012" lon="113.282754">
        <time>2026-09-28T22:19:08Z</time>
      </trkpt>
      <trkpt lat="23.060072" lon="113.282869">
        <time>2026-09-28T22:19:13Z</time>
      </trkpt>
      <trkpt lat="23.060019" lon="113.282988">
        <time>2026-09-28T22:19:18Z</time>
      </trkpt>
      <trkpt lat="23.059967" lon="113.283107">
        <time>2026-09-28T22:19:23Z</time>
      </trkpt>
      <trkpt lat="23.059915" lon="113.283229">
        <time>2026-09-28T22:19:28Z</time>
      </trkpt>
      <trkpt lat="23.059855" lon="113.283354">
        <time>2026-09-28T22:19:33Z</time>
      </trkpt>
      <trkpt lat="23.059798" lon="113.283477">
        <time>2026-09-28T22:19:38Z</time>
      </trkpt>
      <trkpt lat="23.059746" lon="113.283597">
        <time>2026-09-28T22:19:43Z</time>
      </trkpt>
      <trkpt lat="23.059697" lon="113.283721">
        <time>2026-09-28T22:19:48Z</time>
      </trkpt>
      <trkpt lat="23.05964" lon="113.283844">
        <time>2026-09-28T22:19:53Z</time>
      </trkpt>
      <trkpt lat="23.059585" lon="113.283964">
        <time>2026-09-28T22:19:58Z</time>
      </trkpt>
      <trkpt lat="23.059537" lon="113.284084">
        <time>2026-09-28T22:20:03Z</time>
      </trkpt>
      <trkpt lat="23.059481" lon="113.284198">
        <time>2026-09-28T22:20:08Z</time>
      </trkpt>
      <trkpt lat="23.059424" lon="113.284314">
        <time>2026-09-28T22:20:13Z</time>
      </trkpt>
      <trkpt lat="23.059369" lon="113.284431">
        <time>2026-09-28T22:20:18Z</time>
      </trkpt>
      <trkpt lat="23.059321" lon="113.284553">
        <time>2026-09-28T22:20:23Z</time>
      </trkpt>
      <trkpt lat="23.059273" lon="113.284675">
        <time>2026-09-28T22:20:28Z</time>
      </trkpt>
      <trkpt lat="23.059221" lon="113.284794">
        <time>2026-09-28T22:20:33Z</time>
      </trkpt>
      <trkpt lat="23.059171" lon="113.28491">
        <time>2026-09-28T22:20:38Z</time>
      </trkpt>
      <trkpt lat="23.059124" lon="113.285031">
        <time>2026-09-28T22:20:43Z</time>
      </trkpt>
      <trkpt lat="23.059078" lon="113.285146">
        <time>2026-09-28T22:20:48Z</time>
      </trkpt>
      <trkpt lat="23.059021" lon="113.285265">
        <time>2026-09-28T22:20:53Z</time>
      </trkpt>
      <trkpt lat="23.058968" lon="113.285387">
        <time>2026-09-28T22:20:58Z</time>
      </trkpt>
      <trkpt lat="23.058918" lon="113.285512">
        <time>2026-09-28T22:21:03Z</time>
      </trkpt>
      <trkpt lat="23.058863" lon="113.285635">
        <time>2026-09-28T22:21:08Z</time>
      </trkpt>
      <trkpt lat="23.058808" lon="113.285765">
        <time>2026-09-28T22:21:13Z</time>
      </trkpt>
      <trkpt lat="23.058757" lon="113.285894">
        <time>2026-09-28T22:21:18Z</time>
      </trkpt>
      <trkpt lat="23.058705" lon="113.286021">
        <time>2026-09-28T22:21:23Z</time>
      </trkpt>
      <trkpt lat="23.058656" lon="113.286152">
        <time>2026-09-28T22:21:28Z</time>
      </trkpt>
      <trkpt lat="23.058662" lon="113.286286">
        <time>2026-09-28T22:21:33Z</time>
      </trkpt>
      <trkpt lat="23.058759" lon="113.286365">
        <time>2026-09-28T22:21:38Z</time>
      </trkpt>
      <trkpt lat="23.05889" lon="113.286383">
        <time>2026-09-28T22:21:43Z</time>
      </trkpt>
      <trkpt lat="23.059019" lon="113.2864">
        <time>2026-09-28T22:21:48Z</time>
      </trkpt>
      <trkpt lat="23.059151" lon="113.286413">
        <time>2026-09-28T22:21:53Z</time>
      </trkpt>
      <trkpt lat="23.059279" lon="113.28642">
        <time>2026-09-28T22:21:58Z</time>
      </trkpt>
      <trkpt lat="23.059404" lon="113.286431">
        <time>2026-09-28T22:22:03Z</time>
      </trkpt>
      <trkpt lat="23.05953" lon="113.286427">
        <time>2026-09-28T22:22:08Z</time>
      </trkpt>
      <trkpt lat="23.059655" lon="113.286414">
        <time>2026-09-28T22:22:13Z</time>
      </trkpt>
      <trkpt lat="23.059776" lon="113.286416">
        <time>2026-09-28T22:22:18Z</time>
      </trkpt>
      <trkpt lat="23.059896" lon="113.286427">
        <time>2026-09-28T22:22:23Z</time>
      </trkpt>
      <trkpt lat="23.060023" lon="113.286434">
        <time>2026-09-28T22:22:28Z</time>
      </trkpt>
      <trkpt lat="23.060123" lon="113.286507">
        <time>2026-09-28T22:22:33Z</time>
      </trkpt>
      <trkpt lat="23.060155" lon="113.286667">
        <time>2026-09-28T22:22:38Z</time>
      </trkpt>
      <trkpt lat="23.060165" lon="113.286838">
        <time>2026-09-28T22:22:43Z</time>
      </trkpt>
      <trkpt lat="23.060181" lon="113.286993">
        <time>2026-09-28T22:22:48Z</time>
      </trkpt>
      <trkpt lat="23.060191" lon="113.28714">
        <time>2026-09-28T22:22:53Z</time>
      </trkpt>
      <trkpt lat="23.060199" lon="113.287273">
        <time>2026-09-28T22:22:58Z</time>
      </trkpt>
      <trkpt lat="23.060223" lon="113.2874">
        <time>2026-09-28T22:23:03Z</time>
      </trkpt>
      <trkpt lat="23.060243" lon="113.287546">
        <time>2026-09-28T22:23:08Z</time>
      </trkpt>
      <trkpt lat="23.060229" lon="113.287694">
        <time>2026-09-28T22:23:13Z</time>
      </trkpt>
      <trkpt lat="23.060202" lon="113.287822">
        <time>2026-09-28T22:23:18Z</time>
      </trkpt>
      <trkpt lat="23.060212" lon="113.287923">
        <time>2026-09-28T22:23:23Z</time>
      </trkpt>
      <trkpt lat="23.060297" lon="113.287895">
        <time>2026-09-28T22:23:28Z</time>
      </trkpt>
      <trkpt lat="23.06031" lon="113.287779">
        <time>2026-09-28T22:23:33Z</time>
      </trkpt>
      <trkpt lat="23.060301" lon="113.287671">
        <time>2026-09-28T22:23:38Z</time>
      </trkpt>
      <trkpt lat="23.060292" lon="113.287559">
        <time>2026-09-28T22:23:43Z</time>
      </trkpt>
      <trkpt lat="23.060271" lon="113.287445">
        <time>2026-09-28T22:23:48Z</time>
      </trkpt>
      <trkpt lat="23.060214" lon="113.287309">
        <time>2026-09-28T22:23:53Z</time>
      </trkpt>
      <trkpt lat="23.060171" lon="113.287168">
        <time>2026-09-28T22:23:58Z</time>
      </trkpt>
      <trkpt lat="23.060143" lon="113.287034">
        <time>2026-09-28T22:24:03Z</time>
      </trkpt>
      <trkpt lat="23.060115" lon="113.286905">
        <time>2026-09-28T22:24:08Z</time>
      </trkpt>
      <trkpt lat="23.060095" lon="113.286784">
        <time>2026-09-28T22:24:13Z</time>
      </trkpt>
      <trkpt lat="23.06015" lon="113.286666">
        <time>2026-09-28T22:24:18Z</time>
      </trkpt>
      <trkpt lat="23.060239" lon="113.286589">
        <time>2026-09-28T22:24:23Z</time>
      </trkpt>
      <trkpt lat="23.060305" lon="113.286482">
        <time>2026-09-28T22:24:28Z</time>
      </trkpt>
      <trkpt lat="23.060341" lon="113.286351">
        <time>2026-09-28T22:24:33Z</time>
      </trkpt>
      <trkpt lat="23.060352" lon="113.286217">
        <time>2026-09-28T22:24:38Z</time>
      </trkpt>
      <trkpt lat="23.060345" lon="113.28609">
        <time>2026-09-28T22:24:43Z</time>
      </trkpt>
      <trkpt lat="23.060344" lon="113.285979">
        <time>2026-09-28T22:24:48Z</time>
      </trkpt>
      <trkpt lat="23.060365" lon="113.28587">
        <time>2026-09-28T22:24:53Z</time>
      </trkpt>
      <trkpt lat="23.060401" lon="113.285765">
        <time>2026-09-28T22:24:58Z</time>
      </trkpt>
      <trkpt lat="23.060424" lon="113.28566">
        <time>2026-09-28T22:25:03Z</time>
      </trkpt>
      <trkpt lat="23.060502" lon="113.285532">
        <time>2026-09-28T22:25:08Z</time>
      </trkpt>
      <trkpt lat="23.060564" lon="113.28541">
        <time>2026-09-28T22:25:13Z</time>
      </trkpt>
      <trkpt lat="23.060578" lon="113.285268">
        <time>2026-09-28T22:25:18Z</time>
      </trkpt>
      <trkpt lat="23.060563" lon="113.28513">
        <time>2026-09-28T22:25:23Z</time>
      </trkpt>
      <trkpt lat="23.060561" lon="113.285011">
        <time>2026-09-28T22:25:28Z</time>
      </trkpt>
      <trkpt lat="23.060576" lon="113.284885">
        <time>2026-09-28T22:25:33Z</time>
      </trkpt>
      <trkpt lat="23.060593" lon="113.284762">
        <time>2026-09-28T22:25:38Z</time>
      </trkpt>
      <trkpt lat="23.06063" lon="113.284652">
        <time>2026-09-28T22:25:43Z</time>
      </trkpt>
      <trkpt lat="23.060681" lon="113.284546">
        <time>2026-09-28T22:25:48Z</time>
      </trkpt>
      <trkpt lat="23.060732" lon="113.284428">
        <time>2026-09-28T22:25:53Z</time>
      </trkpt>
      <trkpt lat="23.060708" lon="113.284299">
        <time>2026-09-28T22:25:58Z</time>
      </trkpt>
      <trkpt lat="23.060674" lon="113.284167">
        <time>2026-09-28T22:26:03Z</time>
      </trkpt>
      <trkpt lat="23.060658" lon="113.284021">
        <time>2026-09-28T22:26:08Z</time>
      </trkpt>
      <trkpt lat="23.060642" lon="113.283904">
        <time>2026-09-28T22:26:13Z</time>
      </trkpt>
      <trkpt lat="23.060559" lon="113.283834">
        <time>2026-09-28T22:26:18Z</time>
      </trkpt>
      <trkpt lat="23.060439" lon="113.283796">
        <time>2026-09-28T22:26:23Z</time>
      </trkpt>
      <trkpt lat="23.060297" lon="113.283766">
        <time>2026-09-28T22:26:28Z</time>
      </trkpt>
      <trkpt lat="23.060144" lon="113.283726">
        <time>2026-09-28T22:26:33Z</time>
      </trkpt>
      <trkpt lat="23.060016" lon="113.283656">
        <time>2026-09-28T22:26:38Z</time>
      </trkpt>
      <trkpt lat="23.059919" lon="113.283592">
        <time>2026-09-28T22:26:43Z</time>
      </trkpt>
      <trkpt lat="23.059892" lon="113.283478">
        <time>2026-09-28T22:26:48Z</time>
      </trkpt>
      <trkpt lat="23.059954" lon="113.283344">
        <time>2026-09-28T22:26:53Z</time>
      </trkpt>
      <trkpt lat="23.060028" lon="113.283211">
        <time>2026-09-28T22:26:58Z</time>
      </trkpt>
      <trkpt lat="23.060104" lon="113.283083">
        <time>2026-09-28T22:27:03Z</time>
      </trkpt>
      <trkpt lat="23.060168" lon="113.282954">
        <time>2026-09-28T22:27:08Z</time>
      </trkpt>
      <trkpt lat="23.060229" lon="113.282835">
        <time>2026-09-28T22:27:13Z</time>
      </trkpt>
      <trkpt lat="23.060291" lon="113.282717">
        <time>2026-09-28T22:27:18Z</time>
      </trkpt>
      <trkpt lat="23.060339" lon="113.282589">
        <time>2026-09-28T22:27:23Z</time>
      </trkpt>
      <trkpt lat="23.060383" lon="113.282459">
        <time>2026-09-28T22:27:28Z</time>
      </trkpt>
      <trkpt lat="23.060434" lon="113.282333">
        <time>2026-09-28T22:27:33Z</time>
      </trkpt>
      <trkpt lat="23.060477" lon="113.282212">
        <time>2026-09-28T22:27:38Z</time>
      </trkpt>
      <trkpt lat="23.060519" lon="113.282081">
        <time>2026-09-28T22:27:43Z</time>
      </trkpt>
      <trkpt lat="23.060569" lon="113.281952">
        <time>2026-09-28T22:27:48Z</time>
      </trkpt>
      <trkpt lat="23.060618" lon="113.281834">
        <time>2026-09-28T22:27:53Z</time>
      </trkpt>
      <trkpt lat="23.060669" lon="113.281711">
        <time>2026-09-28T22:27:58Z</time>
      </trkpt>
      <trkpt lat="23.060717" lon="113.281589">
        <time>2026-09-28T22:28:03Z</time>
      </trkpt>
      <trkpt lat="23.060766" lon="113.281467">
        <time>2026-09-28T22:28:08Z</time>
      </trkpt>
      <trkpt lat="23.060817" lon="113.281343">
        <time>2026-09-28T22:28:13Z</time>
      </trkpt>
      <trkpt lat="23.060869" lon="113.281216">
        <time>2026-09-28T22:28:18Z</time>
      </trkpt>
      <trkpt lat="23.060925" lon="113.281097">
        <time>2026-09-28T22:28:23Z</time>
      </trkpt>
      <trkpt lat="23.060976" lon="113.280976">
        <time>2026-09-28T22:28:28Z</time>
      </trkpt>
      <trkpt lat="23.061024" lon="113.280855">
        <time>2026-09-28T22:28:33Z</time>
      </trkpt>
      <trkpt lat="23.06108" lon="113.280722">
        <time>2026-09-28T22:28:38Z</time>
      </trkpt>
      <trkpt lat="23.061135" lon="113.280589">
        <time>2026-09-28T22:28:43Z</time>
      </trkpt>
      <trkpt lat="23.061198" lon="113.28046">
        <time>2026-09-28T22:28:48Z</time>
      </trkpt>
      <trkpt lat="23.061257" lon="113.280343">
        <time>2026-09-28T22:28:53Z</time>
      </trkpt>
      <trkpt lat="23.061309" lon="113.280224">
        <time>2026-09-28T22:28:58Z</time>
      </trkpt>
      <trkpt lat="23.061363" lon="113.280105">
        <time>2026-09-28T22:29:03Z</time>
      </trkpt>
      <trkpt lat="23.061411" lon="113.279986">
        <time>2026-09-28T22:29:08Z</time>
      </trkpt>
      <trkpt lat="23.061456" lon="113.279869">
        <time>2026-09-28T22:29:13Z</time>
      </trkpt>
      <trkpt lat="23.061501" lon="113.27976">
        <time>2026-09-28T22:29:18Z</time>
      </trkpt>
      <trkpt lat="23.061544" lon="113.27964">
        <time>2026-09-28T22:29:23Z</time>
      </trkpt>
      <trkpt lat="23.061595" lon="113.279515">
        <time>2026-09-28T22:29:28Z</time>
      </trkpt>
      <trkpt lat="23.06165" lon="113.279386">
        <time>2026-09-28T22:29:33Z</time>
      </trkpt>
      <trkpt lat="23.061696" lon="113.279256">
        <time>2026-09-28T22:29:38Z</time>
      </trkpt>
      <trkpt lat="23.061748" lon="113.279134">
        <time>2026-09-28T22:29:43Z</time>
      </trkpt>
      <trkpt lat="23.061819" lon="113.279025">
        <time>2026-09-28T22:29:48Z</time>
      </trkpt>
      <trkpt lat="23.061897" lon="113.278916">
        <time>2026-09-28T22:29:53Z</time>
      </trkpt>
      <trkpt lat="23.061959" lon="113.278797">
        <time>2026-09-28T22:29:58Z</time>
      </trkpt>
      <trkpt lat="23.061981" lon="113.278662">
        <time>2026-09-28T22:30:03Z</time>
      </trkpt>
      <trkpt lat="23.061973" lon="113.278524">
        <time>2026-09-28T22:30:08Z</time>
      </trkpt>
      <trkpt lat="23.061961" lon="113.278384">
        <time>2026-09-28T22:30:13Z</time>
      </trkpt>
      <trkpt lat="23.061954" lon="113.278243">
        <time>2026-09-28T22:30:18Z</time>
      </trkpt>
      <trkpt lat="23.061956" lon="113.278098">
        <time>2026-09-28T22:30:23Z</time>
      </trkpt>
      <trkpt lat="23.061958" lon="113.277957">
        <time>2026-09-28T22:30:28Z</time>
      </trkpt>
      <trkpt lat="23.06196" lon="113.277826">
        <time>2026-09-28T22:30:33Z</time>
      </trkpt>
      <trkpt lat="23.061979" lon="113.277701">
        <time>2026-09-28T22:30:38Z</time>
      </trkpt>
      <trkpt lat="23.062017" lon="113.277573">
        <time>2026-09-28T22:30:43Z</time>
      </trkpt>
      <trkpt lat="23.062062" lon="113.27744">
        <time>2026-09-28T22:30:48Z</time>
      </trkpt>
      <trkpt lat="23.06211" lon="113.277315">
        <time>2026-09-28T22:30:53Z</time>
      </trkpt>
      <trkpt lat="23.062149" lon="113.277194">
        <time>2026-09-28T22:30:58Z</time>
      </trkpt>
      <trkpt lat="23.062181" lon="113.277066">
        <time>2026-09-28T22:31:03Z</time>
      </trkpt>
      <trkpt lat="23.062235" lon="113.276945">
        <time>2026-09-28T22:31:08Z</time>
      </trkpt>
      <trkpt lat="23.062283" lon="113.276829">
        <time>2026-09-28T22:31:13Z</time>
      </trkpt>
      <trkpt lat="23.062326" lon="113.276712">
        <time>2026-09-28T22:31:18Z</time>
      </trkpt>
      <trkpt lat="23.06237" lon="113.276597">
        <time>2026-09-28T22:31:23Z</time>
      </trkpt>
      <trkpt lat="23.062409" lon="113.276483">
        <time>2026-09-28T22:31:28Z</time>
      </trkpt>
      <trkpt lat="23.062448" lon="113.276372">
        <time>2026-09-28T22:31:33Z</time>
      </trkpt>
      <trkpt lat="23.062494" lon="113.276264">
        <time>2026-09-28T22:31:38Z</time>
      </trkpt>
      <trkpt lat="23.062548" lon="113.276161">
        <time>2026-09-28T22:31:43Z</time>
      </trkpt>
      <trkpt lat="23.062605" lon="113.276056">
        <time>2026-09-28T22:31:48Z</time>
      </trkpt>
      <trkpt lat="23.062676" lon="113.275959">
        <time>2026-09-28T22:31:53Z</time>
      </trkpt>
      <trkpt lat="23.062754" lon="113.275866">
        <time>2026-09-28T22:31:58Z</time>
      </trkpt>
      <trkpt lat="23.062837" lon="113.275781">
        <time>2026-09-28T22:32:03Z</time>
      </trkpt>
      <trkpt lat="23.062927" lon="113.275702">
        <time>2026-09-28T22:32:08Z</time>
      </trkpt>
      <trkpt lat="23.063009" lon="113.275617">
        <time>2026-09-28T22:32:13Z</time>
      </trkpt>
      <trkpt lat="23.063079" lon="113.275519">
        <time>2026-09-28T22:32:18Z</time>
      </trkpt>
      <trkpt lat="23.063128" lon="113.275423">
        <time>2026-09-28T22:32:23Z</time>
      </trkpt>
      <trkpt lat="23.063159" lon="113.275366">
        <time>2026-09-28T22:32:28Z</time>
      </trkpt>
      <trkpt lat="23.063184" lon="113.275323">
        <time>2026-09-28T22:32:33Z</time>
      </trkpt>
      <trkpt lat="23.063209" lon="113.275282">
        <time>2026-09-28T22:32:38Z</time>
      </trkpt>
      <trkpt lat="23.063244" lon="113.27523">
        <time>2026-09-28T22:32:43Z</time>
      </trkpt>
      <trkpt lat="23.063311" lon="113.275137">
        <time>2026-09-28T22:32:48Z</time>
      </trkpt>
      <trkpt lat="23.063366" lon="113.275015">
        <time>2026-09-28T22:32:53Z</time>
      </trkpt>
      <trkpt lat="23.063405" lon="113.274893">
        <time>2026-09-28T22:32:58Z</time>
      </trkpt>
      <trkpt lat="23.063441" lon="113.274778">
        <time>2026-09-28T22:33:03Z</time>
      </trkpt>
      <trkpt lat="23.063475" lon="113.274668">
        <time>2026-09-28T22:33:08Z</time>
      </trkpt>
      <trkpt lat="23.063507" lon="113.274547">
        <time>2026-09-28T22:33:13Z</time>
      </trkpt>
      <trkpt lat="23.063563" lon="113.274413">
        <time>2026-09-28T22:33:18Z</time>
      </trkpt>
      <trkpt lat="23.063646" lon="113.274298">
        <time>2026-09-28T22:33:23Z</time>
      </trkpt>
      <trkpt lat="23.063744" lon="113.274195">
        <time>2026-09-28T22:33:28Z</time>
      </trkpt>
      <trkpt lat="23.063836" lon="113.274084">
        <time>2026-09-28T22:33:33Z</time>
      </trkpt>
      <trkpt lat="23.063908" lon="113.273962">
        <time>2026-09-28T22:33:38Z</time>
      </trkpt>
      <trkpt lat="23.063974" lon="113.273835">
        <time>2026-09-28T22:33:43Z</time>
      </trkpt>
      <trkpt lat="23.064054" lon="113.273727">
        <time>2026-09-28T22:33:48Z</time>
      </trkpt>
      <trkpt lat="23.064154" lon="113.273647">
        <time>2026-09-28T22:33:53Z</time>
      </trkpt>
      <trkpt lat="23.064259" lon="113.273565">
        <time>2026-09-28T22:33:58Z</time>
      </trkpt>
      <trkpt lat="23.064361" lon="113.273487">
        <time>2026-09-28T22:34:03Z</time>
      </trkpt>
      <trkpt lat="23.064457" lon="113.273413">
        <time>2026-09-28T22:34:08Z</time>
      </trkpt>
      <trkpt lat="23.064541" lon="113.273322">
        <time>2026-09-28T22:34:13Z</time>
      </trkpt>
      <trkpt lat="23.064586" lon="113.273212">
        <time>2026-09-28T22:34:18Z</time>
      </trkpt>
      <trkpt lat="23.064578" lon="113.273078">
        <time>2026-09-28T22:34:23Z</time>
      </trkpt>
      <trkpt lat="23.064531" lon="113.272943">
        <time>2026-09-28T22:34:28Z</time>
      </trkpt>
      <trkpt lat="23.064481" lon="113.272815">
        <time>2026-09-28T22:34:33Z</time>
      </trkpt>
      <trkpt lat="23.06444" lon="113.272691">
        <time>2026-09-28T22:34:38Z</time>
      </trkpt>
      <trkpt lat="23.064438" lon="113.272568">
        <time>2026-09-28T22:34:43Z</time>
      </trkpt>
      <trkpt lat="23.064493" lon="113.27245">
        <time>2026-09-28T22:34:48Z</time>
      </trkpt>
      <trkpt lat="23.064544" lon="113.272323">
        <time>2026-09-28T22:34:53Z</time>
      </trkpt>
      <trkpt lat="23.064572" lon="113.27219">
        <time>2026-09-28T22:34:58Z</time>
      </trkpt>
      <trkpt lat="23.064622" lon="113.272065">
        <time>2026-09-28T22:35:03Z</time>
      </trkpt>
      <trkpt lat="23.06468" lon="113.271948">
        <time>2026-09-28T22:35:08Z</time>
      </trkpt>
      <trkpt lat="23.064731" lon="113.271836">
        <time>2026-09-28T22:35:13Z</time>
      </trkpt>
      <trkpt lat="23.064786" lon="113.271724">
        <time>2026-09-28T22:35:18Z</time>
      </trkpt>
      <trkpt lat="23.064852" lon="113.271601">
        <time>2026-09-28T22:35:23Z</time>
      </trkpt>
      <trkpt lat="23.064908" lon="113.271477">
        <time>2026-09-28T22:35:28Z</time>
      </trkpt>
      <trkpt lat="23.064959" lon="113.271367">
        <time>2026-09-28T22:35:33Z</time>
      </trkpt>
      <trkpt lat="23.065013" lon="113.271252">
        <time>2026-09-28T22:35:38Z</time>
      </trkpt>
      <trkpt lat="23.06508" lon="113.271133">
        <time>2026-09-28T22:35:43Z</time>
      </trkpt>
      <trkpt lat="23.065139" lon="113.271013">
        <time>2026-09-28T22:35:48Z</time>
      </trkpt>
      <trkpt lat="23.06519" lon="113.270894">
        <time>2026-09-28T22:35:53Z</time>
      </trkpt>
      <trkpt lat="23.065242" lon="113.270774">
        <time>2026-09-28T22:35:58Z</time>
      </trkpt>
      <trkpt lat="23.065303" lon="113.270655">
        <time>2026-09-28T22:36:03Z</time>
      </trkpt>
      <trkpt lat="23.06536" lon="113.270535">
        <time>2026-09-28T22:36:08Z</time>
      </trkpt>
      <trkpt lat="23.065415" lon="113.270417">
        <time>2026-09-28T22:36:13Z</time>
      </trkpt>
      <trkpt lat="23.065469" lon="113.270301">
        <time>2026-09-28T22:36:18Z</time>
      </trkpt>
      <trkpt lat="23.065518" lon="113.270179">
        <time>2026-09-28T22:36:23Z</time>
      </trkpt>
      <trkpt lat="23.065561" lon="113.270063">
        <time>2026-09-28T22:36:28Z</time>
      </trkpt>
      <trkpt lat="23.065593" lon="113.269943">
        <time>2026-09-28T22:36:33Z</time>
      </trkpt>
      <trkpt lat="23.065623" lon="113.269815">
        <time>2026-09-28T22:36:38Z</time>
      </trkpt>
      <trkpt lat="23.065656" lon="113.269693">
        <time>2026-09-28T22:36:43Z</time>
      </trkpt>
      <trkpt lat="23.065706" lon="113.269572">
        <time>2026-09-28T22:36:48Z</time>
      </trkpt>
      <trkpt lat="23.065732" lon="113.269449">
        <time>2026-09-28T22:36:53Z</time>
      </trkpt>
      <trkpt lat="23.065762" lon="113.269319">
        <time>2026-09-28T22:36:58Z</time>
      </trkpt>
      <trkpt lat="23.065799" lon="113.269185">
        <time>2026-09-28T22:37:03Z</time>
      </trkpt>
      <trkpt lat="23.065843" lon="113.269059">
        <time>2026-09-28T22:37:08Z</time>
      </trkpt>
      <trkpt lat="23.065901" lon="113.26894">
        <time>2026-09-28T22:37:13Z</time>
      </trkpt>
      <trkpt lat="23.065965" lon="113.268823">
        <time>2026-09-28T22:37:18Z</time>
      </trkpt>
      <trkpt lat="23.066023" lon="113.268695">
        <time>2026-09-28T22:37:23Z</time>
      </trkpt>
      <trkpt lat="23.066084" lon="113.268562">
        <time>2026-09-28T22:37:28Z</time>
      </trkpt>
      <trkpt lat="23.066154" lon="113.268443">
        <time>2026-09-28T22:37:33Z</time>
      </trkpt>
      <trkpt lat="23.066226" lon="113.268341">
        <time>2026-09-28T22:37:38Z</time>
      </trkpt>
      <trkpt lat="23.066315" lon="113.268242">
        <time>2026-09-28T22:37:43Z</time>
      </trkpt>
      <trkpt lat="23.066419" lon="113.268163">
        <time>2026-09-28T22:37:48Z</time>
      </trkpt>
      <trkpt lat="23.066539" lon="113.268143">
        <time>2026-09-28T22:37:53Z</time>
      </trkpt>
      <trkpt lat="23.066662" lon="113.268158">
        <time>2026-09-28T22:37:58Z</time>
      </trkpt>
      <trkpt lat="23.066788" lon="113.268177">
        <time>2026-09-28T22:38:03Z</time>
      </trkpt>
      <trkpt lat="23.066916" lon="113.268178">
        <time>2026-09-28T22:38:08Z</time>
      </trkpt>
      <trkpt lat="23.067032" lon="113.268206">
        <time>2026-09-28T22:38:13Z</time>
      </trkpt>
      <trkpt lat="23.067137" lon="113.268263">
        <time>2026-09-28T22:38:18Z</time>
      </trkpt>
      <trkpt lat="23.067238" lon="113.268321">
        <time>2026-09-28T22:38:23Z</time>
      </trkpt>
      <trkpt lat="23.067335" lon="113.268379">
        <time>2026-09-28T22:38:28Z</time>
      </trkpt>
      <trkpt lat="23.067424" lon="113.268432">
        <time>2026-09-28T22:38:33Z</time>
      </trkpt>
      <trkpt lat="23.067536" lon="113.268491">
        <time>2026-09-28T22:38:38Z</time>
      </trkpt>
      <trkpt lat="23.067665" lon="113.268557">
        <time>2026-09-28T22:38:43Z</time>
      </trkpt>
      <trkpt lat="23.067789" lon="113.268618">
        <time>2026-09-28T22:38:48Z</time>
      </trkpt>
      <trkpt lat="23.067913" lon="113.268671">
        <time>2026-09-28T22:38:53Z</time>
      </trkpt>
      <trkpt lat="23.068023" lon="113.268725">
        <time>2026-09-28T22:38:58Z</time>
      </trkpt>
      <trkpt lat="23.068121" lon="113.268775">
        <time>2026-09-28T22:39:03Z</time>
      </trkpt>
      <trkpt lat="23.068228" lon="113.268811">
        <time>2026-09-28T22:39:08Z</time>
      </trkpt>
      <trkpt lat="23.068334" lon="113.268872">
        <time>2026-09-28T22:39:13Z</time>
      </trkpt>
      <trkpt lat="23.068433" lon="113.268941">
        <time>2026-09-28T22:39:18Z</time>
      </trkpt>
      <trkpt lat="23.068534" lon="113.269013">
        <time>2026-09-28T22:39:23Z</time>
      </trkpt>
      <trkpt lat="23.068645" lon="113.269089">
        <time>2026-09-28T22:39:28Z</time>
      </trkpt>
      <trkpt lat="23.068761" lon="113.269163">
        <time>2026-09-28T22:39:33Z</time>
      </trkpt>
      <trkpt lat="23.068879" lon="113.269208">
        <time>2026-09-28T22:39:38Z</time>
      </trkpt>
      <trkpt lat="23.068987" lon="113.269234">
        <time>2026-09-28T22:39:43Z</time>
      </trkpt>
      <trkpt lat="23.069019" lon="113.269148">
        <time>2026-09-28T22:39:48Z</time>
      </trkpt>
      <trkpt lat="23.068926" lon="113.269072">
        <time>2026-09-28T22:39:53Z</time>
      </trkpt>
      <trkpt lat="23.068828" lon="113.269015">
        <time>2026-09-28T22:39:58Z</time>
      </trkpt>
      <trkpt lat="23.068738" lon="113.268963">
        <time>2026-09-28T22:40:03Z</time>
      </trkpt>
      <trkpt lat="23.068645" lon="113.268917">
        <time>2026-09-28T22:40:08Z</time>
      </trkpt>
      <trkpt lat="23.068548" lon="113.268865">
        <time>2026-09-28T22:40:13Z</time>
      </trkpt>
      <trkpt lat="23.06845" lon="113.268798">
        <time>2026-09-28T22:40:18Z</time>
      </trkpt>
      <trkpt lat="23.068345" lon="113.268718">
        <time>2026-09-28T22:40:23Z</time>
      </trkpt>
      <trkpt lat="23.068236" lon="113.268655">
        <time>2026-09-28T22:40:28Z</time>
      </trkpt>
      <trkpt lat="23.068108" lon="113.268617">
        <time>2026-09-28T22:40:33Z</time>
      </trkpt>
      <trkpt lat="23.067971" lon="113.268555">
        <time>2026-09-28T22:40:38Z</time>
      </trkpt>
      <trkpt lat="23.067851" lon="113.268493">
        <time>2026-09-28T22:40:43Z</time>
      </trkpt>
      <trkpt lat="23.06774" lon="113.268431">
        <time>2026-09-28T22:40:48Z</time>
      </trkpt>
      <trkpt lat="23.067631" lon="113.268355">
        <time>2026-09-28T22:40:53Z</time>
      </trkpt>
      <trkpt lat="23.067517" lon="113.268291">
        <time>2026-09-28T22:40:58Z</time>
      </trkpt>
      <trkpt lat="23.067385" lon="113.268262">
        <time>2026-09-28T22:41:03Z</time>
      </trkpt>
      <trkpt lat="23.067281" lon="113.268208">
        <time>2026-09-28T22:41:08Z</time>
      </trkpt>
      <trkpt lat="23.067181" lon="113.268162">
        <time>2026-09-28T22:41:13Z</time>
      </trkpt>
      <trkpt lat="23.067083" lon="113.268108">
        <time>2026-09-28T22:41:18Z</time>
      </trkpt>
      <trkpt lat="23.06698" lon="113.268064">
        <time>2026-09-28T22:41:23Z</time>
      </trkpt>
      <trkpt lat="23.066869" lon="113.26804">
        <time>2026-09-28T22:41:28Z</time>
      </trkpt>
      <trkpt lat="23.066751" lon="113.26804">
        <time>2026-09-28T22:41:33Z</time>
      </trkpt>
      <trkpt lat="23.066628" lon="113.268023">
        <time>2026-09-28T22:41:38Z</time>
      </trkpt>
      <trkpt lat="23.066507" lon="113.267982">
        <time>2026-09-28T22:41:43Z</time>
      </trkpt>
      <trkpt lat="23.066384" lon="113.267963">
        <time>2026-09-28T22:41:48Z</time>
      </trkpt>
      <trkpt lat="23.066267" lon="113.267988">
        <time>2026-09-28T22:41:53Z</time>
      </trkpt>
      <trkpt lat="23.066179" lon="113.268067">
        <time>2026-09-28T22:41:58Z</time>
      </trkpt>
      <trkpt lat="23.066094" lon="113.26816">
        <time>2026-09-28T22:42:03Z</time>
      </trkpt>
      <trkpt lat="23.06601" lon="113.268256">
        <time>2026-09-28T22:42:08Z</time>
      </trkpt>
      <trkpt lat="23.065932" lon="113.268353">
        <time>2026-09-28T22:42:13Z</time>
      </trkpt>
      <trkpt lat="23.065853" lon="113.268456">
        <time>2026-09-28T22:42:18Z</time>
      </trkpt>
      <trkpt lat="23.065788" lon="113.268566">
        <time>2026-09-28T22:42:23Z</time>
      </trkpt>
      <trkpt lat="23.065728" lon="113.26868">
        <time>2026-09-28T22:42:28Z</time>
      </trkpt>
      <trkpt lat="23.065679" lon="113.268799">
        <time>2026-09-28T22:42:33Z</time>
      </trkpt>
      <trkpt lat="23.065641" lon="113.268924">
        <time>2026-09-28T22:42:38Z</time>
      </trkpt>
      <trkpt lat="23.065605" lon="113.269045">
        <time>2026-09-28T22:42:43Z</time>
      </trkpt>
      <trkpt lat="23.065572" lon="113.26917">
        <time>2026-09-28T22:42:48Z</time>
      </trkpt>
      <trkpt lat="23.065538" lon="113.269291">
        <time>2026-09-28T22:42:53Z</time>
      </trkpt>
      <trkpt lat="23.065507" lon="113.269414">
        <time>2026-09-28T22:42:58Z</time>
      </trkpt>
      <trkpt lat="23.065484" lon="113.26954">
        <time>2026-09-28T22:43:03Z</time>
      </trkpt>
      <trkpt lat="23.065459" lon="113.269667">
        <time>2026-09-28T22:43:08Z</time>
      </trkpt>
      <trkpt lat="23.065419" lon="113.269795">
        <time>2026-09-28T22:43:13Z</time>
      </trkpt>
      <trkpt lat="23.065381" lon="113.269916">
        <time>2026-09-28T22:43:18Z</time>
      </trkpt>
      <trkpt lat="23.065335" lon="113.27003">
        <time>2026-09-28T22:43:23Z</time>
      </trkpt>
      <trkpt lat="23.065285" lon="113.270144">
        <time>2026-09-28T22:43:28Z</time>
      </trkpt>
      <trkpt lat="23.065236" lon="113.270258">
        <time>2026-09-28T22:43:33Z</time>
      </trkpt>
      <trkpt lat="23.065187" lon="113.270371">
        <time>2026-09-28T22:43:38Z</time>
      </trkpt>
      <trkpt lat="23.065139" lon="113.27049">
        <time>2026-09-28T22:43:43Z</time>
      </trkpt>
      <trkpt lat="23.065089" lon="113.270606">
        <time>2026-09-28T22:43:48Z</time>
      </trkpt>
      <trkpt lat="23.065036" lon="113.270718">
        <time>2026-09-28T22:43:53Z</time>
      </trkpt>
      <trkpt lat="23.064981" lon="113.270827">
        <time>2026-09-28T22:43:58Z</time>
      </trkpt>
      <trkpt lat="23.064928" lon="113.270939">
        <time>2026-09-28T22:44:03Z</time>
      </trkpt>
      <trkpt lat="23.064876" lon="113.271053">
        <time>2026-09-28T22:44:08Z</time>
      </trkpt>
      <trkpt lat="23.064821" lon="113.271163">
        <time>2026-09-28T22:44:13Z</time>
      </trkpt>
      <trkpt lat="23.06477" lon="113.271279">
        <time>2026-09-28T22:44:18Z</time>
      </trkpt>
      <trkpt lat="23.06472" lon="113.271398">
        <time>2026-09-28T22:44:23Z</time>
      </trkpt>
      <trkpt lat="23.064664" lon="113.271516">
        <time>2026-09-28T22:44:28Z</time>
      </trkpt>
      <trkpt lat="23.064606" lon="113.271632">
        <time>2026-09-28T22:44:33Z</time>
      </trkpt>
      <trkpt lat="23.064552" lon="113.271752">
        <time>2026-09-28T22:44:38Z</time>
      </trkpt>
      <trkpt lat="23.064493" lon="113.271864">
        <time>2026-09-28T22:44:43Z</time>
      </trkpt>
      <trkpt lat="23.064433" lon="113.27198">
        <time>2026-09-28T22:44:48Z</time>
      </trkpt>
      <trkpt lat="23.064376" lon="113.272094">
        <time>2026-09-28T22:44:53Z</time>
      </trkpt>
      <trkpt lat="23.064327" lon="113.272216">
        <time>2026-09-28T22:44:58Z</time>
      </trkpt>
      <trkpt lat="23.064314" lon="113.272342">
        <time>2026-09-28T22:45:03Z</time>
      </trkpt>
      <trkpt lat="23.064313" lon="113.272468">
        <time>2026-09-28T22:45:08Z</time>
      </trkpt>
      <trkpt lat="23.064317" lon="113.272592">
        <time>2026-09-28T22:45:13Z</time>
      </trkpt>
      <trkpt lat="23.064344" lon="113.272719">
        <time>2026-09-28T22:45:18Z</time>
      </trkpt>
      <trkpt lat="23.064385" lon="113.272847">
        <time>2026-09-28T22:45:23Z</time>
      </trkpt>
      <trkpt lat="23.064428" lon="113.272977">
        <time>2026-09-28T22:45:28Z</time>
      </trkpt>
      <trkpt lat="23.064462" lon="113.273106">
        <time>2026-09-28T22:45:33Z</time>
      </trkpt>
      <trkpt lat="23.06445" lon="113.273232">
        <time>2026-09-28T22:45:38Z</time>
      </trkpt>
      <trkpt lat="23.064372" lon="113.273332">
        <time>2026-09-28T22:45:43Z</time>
      </trkpt>
      <trkpt lat="23.064264" lon="113.27342">
        <time>2026-09-28T22:45:48Z</time>
      </trkpt>
      <trkpt lat="23.064157" lon="113.2735">
        <time>2026-09-28T22:45:53Z</time>
      </trkpt>
      <trkpt lat="23.064051" lon="113.27358">
        <time>2026-09-28T22:45:58Z</time>
      </trkpt>
      <trkpt lat="23.063954" lon="113.27367">
        <time>2026-09-28T22:46:03Z</time>
      </trkpt>
      <trkpt lat="23.063874" lon="113.27377">
        <time>2026-09-28T22:46:08Z</time>
      </trkpt>
      <trkpt lat="23.063808" lon="113.273881">
        <time>2026-09-28T22:46:13Z</time>
      </trkpt>
      <trkpt lat="23.063745" lon="113.273995">
        <time>2026-09-28T22:46:18Z</time>
      </trkpt>
      <trkpt lat="23.063665" lon="113.274096">
        <time>2026-09-28T22:46:23Z</time>
      </trkpt>
      <trkpt lat="23.063567" lon="113.274165">
        <time>2026-09-28T22:46:28Z</time>
      </trkpt>
      <trkpt lat="23.06349" lon="113.274269">
        <time>2026-09-28T22:46:33Z</time>
      </trkpt>
      <trkpt lat="23.063435" lon="113.274397">
        <time>2026-09-28T22:46:38Z</time>
      </trkpt>
      <trkpt lat="23.063392" lon="113.274531">
        <time>2026-09-28T22:46:43Z</time>
      </trkpt>
      <trkpt lat="23.063344" lon="113.274669">
        <time>2026-09-28T22:46:48Z</time>
      </trkpt>
      <trkpt lat="23.06329" lon="113.274799">
        <time>2026-09-28T22:46:53Z</time>
      </trkpt>
      <trkpt lat="23.063248" lon="113.274928">
        <time>2026-09-28T22:46:58Z</time>
      </trkpt>
      <trkpt lat="23.063196" lon="113.275052">
        <time>2026-09-28T22:47:03Z</time>
      </trkpt>
      <trkpt lat="23.063133" lon="113.275168">
        <time>2026-09-28T22:47:08Z</time>
      </trkpt>
      <trkpt lat="23.063068" lon="113.27528">
        <time>2026-09-28T22:47:13Z</time>
      </trkpt>
      <trkpt lat="23.063005" lon="113.275394">
        <time>2026-09-28T22:47:18Z</time>
      </trkpt>
      <trkpt lat="23.062934" lon="113.27551">
        <time>2026-09-28T22:47:23Z</time>
      </trkpt>
      <trkpt lat="23.062853" lon="113.275611">
        <time>2026-09-28T22:47:28Z</time>
      </trkpt>
      <trkpt lat="23.062764" lon="113.275701">
        <time>2026-09-28T22:47:33Z</time>
      </trkpt>
      <trkpt lat="23.062675" lon="113.275788">
        <time>2026-09-28T22:47:38Z</time>
      </trkpt>
      <trkpt lat="23.062593" lon="113.275892">
        <time>2026-09-28T22:47:43Z</time>
      </trkpt>
      <trkpt lat="23.062522" lon="113.276007">
        <time>2026-09-28T22:47:48Z</time>
      </trkpt>
      <trkpt lat="23.062455" lon="113.276128">
        <time>2026-09-28T22:47:53Z</time>
      </trkpt>
      <trkpt lat="23.062396" lon="113.276253">
        <time>2026-09-28T22:47:58Z</time>
      </trkpt>
      <trkpt lat="23.062347" lon="113.276373">
        <time>2026-09-28T22:48:03Z</time>
      </trkpt>
      <trkpt lat="23.062296" lon="113.276495">
        <time>2026-09-28T22:48:08Z</time>
      </trkpt>
      <trkpt lat="23.062247" lon="113.276619">
        <time>2026-09-28T22:48:13Z</time>
      </trkpt>
      <trkpt lat="23.062197" lon="113.276732">
        <time>2026-09-28T22:48:18Z</time>
      </trkpt>
      <trkpt lat="23.062149" lon="113.276849">
        <time>2026-09-28T22:48:23Z</time>
      </trkpt>
      <trkpt lat="23.062109" lon="113.276977">
        <time>2026-09-28T22:48:28Z</time>
      </trkpt>
      <trkpt lat="23.062065" lon="113.27711">
        <time>2026-09-28T22:48:33Z</time>
      </trkpt>
      <trkpt lat="23.06202" lon="113.277242">
        <time>2026-09-28T22:48:38Z</time>
      </trkpt>
      <trkpt lat="23.061974" lon="113.277371">
        <time>2026-09-28T22:48:43Z</time>
      </trkpt>
      <trkpt lat="23.061928" lon="113.277498">
        <time>2026-09-28T22:48:48Z</time>
      </trkpt>
      <trkpt lat="23.061883" lon="113.277624">
        <time>2026-09-28T22:48:53Z</time>
      </trkpt>
      <trkpt lat="23.061848" lon="113.277754">
        <time>2026-09-28T22:48:58Z</time>
      </trkpt>
      <trkpt lat="23.06183" lon="113.277884">
        <time>2026-09-28T22:49:03Z</time>
      </trkpt>
      <trkpt lat="23.061831" lon="113.278013">
        <time>2026-09-28T22:49:08Z</time>
      </trkpt>
      <trkpt lat="23.061836" lon="113.278141">
        <time>2026-09-28T22:49:13Z</time>
      </trkpt>
      <trkpt lat="23.061844" lon="113.27827">
        <time>2026-09-28T22:49:18Z</time>
      </trkpt>
      <trkpt lat="23.061851" lon="113.278395">
        <time>2026-09-28T22:49:23Z</time>
      </trkpt>
      <trkpt lat="23.061858" lon="113.278528">
        <time>2026-09-28T22:49:28Z</time>
      </trkpt>
      <trkpt lat="23.061853" lon="113.278669">
        <time>2026-09-28T22:49:33Z</time>
      </trkpt>
      <trkpt lat="23.061811" lon="113.278807">
        <time>2026-09-28T22:49:38Z</time>
      </trkpt>
      <trkpt lat="23.061746" lon="113.278935">
        <time>2026-09-28T22:49:43Z</time>
      </trkpt>
      <trkpt lat="23.061677" lon="113.279058">
        <time>2026-09-28T22:49:48Z</time>
      </trkpt>
      <trkpt lat="23.061616" lon="113.279179">
        <time>2026-09-28T22:49:53Z</time>
      </trkpt>
      <trkpt lat="23.061572" lon="113.279301">
        <time>2026-09-28T22:49:58Z</time>
      </trkpt>
      <trkpt lat="23.061514" lon="113.279419">
        <time>2026-09-28T22:50:03Z</time>
      </trkpt>
      <trkpt lat="23.061465" lon="113.279549">
        <time>2026-09-28T22:50:08Z</time>
      </trkpt>
      <trkpt lat="23.061421" lon="113.279675">
        <time>2026-09-28T22:50:13Z</time>
      </trkpt>
      <trkpt lat="23.061368" lon="113.279805">
        <time>2026-09-28T22:50:18Z</time>
      </trkpt>
      <trkpt lat="23.06132" lon="113.279929">
        <time>2026-09-28T22:50:23Z</time>
      </trkpt>
      <trkpt lat="23.061267" lon="113.280065">
        <time>2026-09-28T22:50:28Z</time>
      </trkpt>
      <trkpt lat="23.061207" lon="113.280194">
        <time>2026-09-28T22:50:33Z</time>
      </trkpt>
      <trkpt lat="23.061147" lon="113.280325">
        <time>2026-09-28T22:50:38Z</time>
      </trkpt>
      <trkpt lat="23.061075" lon="113.280452">
        <time>2026-09-28T22:50:43Z</time>
      </trkpt>
      <trkpt lat="23.060995" lon="113.280579">
        <time>2026-09-28T22:50:48Z</time>
      </trkpt>
      <trkpt lat="23.060935" lon="113.280715">
        <time>2026-09-28T22:50:53Z</time>
      </trkpt>
      <trkpt lat="23.060877" lon="113.280845">
        <time>2026-09-28T22:50:58Z</time>
      </trkpt>
      <trkpt lat="23.060826" lon="113.280965">
        <time>2026-09-28T22:51:03Z</time>
      </trkpt>
      <trkpt lat="23.060786" lon="113.28109">
        <time>2026-09-28T22:51:08Z</time>
      </trkpt>
      <trkpt lat="23.060743" lon="113.281213">
        <time>2026-09-28T22:51:13Z</time>
      </trkpt>
      <trkpt lat="23.060692" lon="113.281335">
        <time>2026-09-28T22:51:18Z</time>
      </trkpt>
      <trkpt lat="23.060633" lon="113.281461">
        <time>2026-09-28T22:51:23Z</time>
      </trkpt>
      <trkpt lat="23.060571" lon="113.281586">
        <time>2026-09-28T22:51:28Z</time>
      </trkpt>
      <trkpt lat="23.060516" lon="113.281709">
        <time>2026-09-28T22:51:33Z</time>
      </trkpt>
      <trkpt lat="23.060464" lon="113.281826">
        <time>2026-09-28T22:51:38Z</time>
      </trkpt>
      <trkpt lat="23.060412" lon="113.281953">
        <time>2026-09-28T22:51:43Z</time>
      </trkpt>
      <trkpt lat="23.060369" lon="113.282078">
        <time>2026-09-28T22:51:48Z</time>
      </trkpt>
      <trkpt lat="23.060325" lon="113.282197">
        <time>2026-09-28T22:51:53Z</time>
      </trkpt>
      <trkpt lat="23.060269" lon="113.282322">
        <time>2026-09-28T22:51:58Z</time>
      </trkpt>
      <trkpt lat="23.060211" lon="113.282442">
        <time>2026-09-28T22:52:03Z</time>
      </trkpt>
      <trkpt lat="23.060149" lon="113.282564">
        <time>2026-09-28T22:52:08Z</time>
      </trkpt>
      <trkpt lat="23.060093" lon="113.282684">
        <time>2026-09-28T22:52:13Z</time>
      </trkpt>
      <trkpt lat="23.060045" lon="113.282801">
        <time>2026-09-28T22:52:18Z</time>
      </trkpt>
      <trkpt lat="23.06" lon="113.28292">
        <time>2026-09-28T22:52:23Z</time>
      </trkpt>
      <trkpt lat="23.059954" lon="113.283043">
        <time>2026-09-28T22:52:28Z</time>
      </trkpt>
      <trkpt lat="23.059902" lon="113.283164">
        <time>2026-09-28T22:52:33Z</time>
      </trkpt>
      <trkpt lat="23.059856" lon="113.283295">
        <time>2026-09-28T22:52:38Z</time>
      </trkpt>
      <trkpt lat="23.059825" lon="113.283439">
        <time>2026-09-28T22:52:43Z</time>
      </trkpt>
      <trkpt lat="23.059775" lon="113.283567">
        <time>2026-09-28T22:52:48Z</time>
      </trkpt>
      <trkpt lat="23.059721" lon="113.283692">
        <time>2026-09-28T22:52:53Z</time>
      </trkpt>
      <trkpt lat="23.059665" lon="113.283819">
        <time>2026-09-28T22:52:58Z</time>
      </trkpt>
      <trkpt lat="23.059606" lon="113.283942">
        <time>2026-09-28T22:53:03Z</time>
      </trkpt>
      <trkpt lat="23.059547" lon="113.284065">
        <time>2026-09-28T22:53:08Z</time>
      </trkpt>
      <trkpt lat="23.059485" lon="113.284192">
        <time>2026-09-28T22:53:13Z</time>
      </trkpt>
      <trkpt lat="23.059431" lon="113.284318">
        <time>2026-09-28T22:53:18Z</time>
      </trkpt>
      <trkpt lat="23.059381" lon="113.284439">
        <time>2026-09-28T22:53:23Z</time>
      </trkpt>
      <trkpt lat="23.059333" lon="113.284557">
        <time>2026-09-28T22:53:28Z</time>
      </trkpt>
      <trkpt lat="23.059278" lon="113.284671">
        <time>2026-09-28T22:53:33Z</time>
      </trkpt>
      <trkpt lat="23.059229" lon="113.284788">
        <time>2026-09-28T22:53:38Z</time>
      </trkpt>
      <trkpt lat="23.059183" lon="113.284906">
        <time>2026-09-28T22:53:43Z</time>
      </trkpt>
      <trkpt lat="23.059134" lon="113.285024">
        <time>2026-09-28T22:53:48Z</time>
      </trkpt>
      <trkpt lat="23.059073" lon="113.285139">
        <time>2026-09-28T22:53:53Z</time>
      </trkpt>
      <trkpt lat="23.059024" lon="113.285258">
        <time>2026-09-28T22:53:58Z</time>
      </trkpt>
      <trkpt lat="23.058974" lon="113.285381">
        <time>2026-09-28T22:54:03Z</time>
      </trkpt>
      <trkpt lat="23.058925" lon="113.285495">
        <time>2026-09-28T22:54:08Z</time>
      </trkpt>
      <trkpt lat="23.058871" lon="113.285613">
        <time>2026-09-28T22:54:13Z</time>
      </trkpt>
      <trkpt lat="23.058814" lon="113.285735">
        <time>2026-09-28T22:54:18Z</time>
      </trkpt>
      <trkpt lat="23.058763" lon="113.285853">
        <time>2026-09-28T22:54:23Z</time>
      </trkpt>
      <trkpt lat="23.058711" lon="113.285969">
        <time>2026-09-28T22:54:28Z</time>
      </trkpt>
      <trkpt lat="23.058668" lon="113.286089">
        <time>2026-09-28T22:54:33Z</time>
      </trkpt>
      <trkpt lat="23.058646" lon="113.286222">
        <time>2026-09-28T22:54:38Z</time>
      </trkpt>
      <trkpt lat="23.0587" lon="113.286327">
        <time>2026-09-28T22:54:43Z</time>
      </trkpt>
      <trkpt lat="23.058823" lon="113.286369">
        <time>2026-09-28T22:54:48Z</time>
      </trkpt>
      <trkpt lat="23.058941" lon="113.286393">
        <time>2026-09-28T22:54:53Z</time>
      </trkpt>
      <trkpt lat="23.059061" lon="113.286415">
        <time>2026-09-28T22:54:58Z</time>
      </trkpt>
      <trkpt lat="23.059178" lon="113.286427">
        <time>2026-09-28T22:55:03Z</time>
      </trkpt>
      <trkpt lat="23.059292" lon="113.286437">
        <time>2026-09-28T22:55:08Z</time>
      </trkpt>
      <trkpt lat="23.05941" lon="113.286447">
        <time>2026-09-28T22:55:13Z</time>
      </trkpt>
      <trkpt lat="23.059537" lon="113.286435">
        <time>2026-09-28T22:55:18Z</time>
      </trkpt>
      <trkpt lat="23.059655" lon="113.286431">
        <time>2026-09-28T22:55:23Z</time>
      </trkpt>
      <trkpt lat="23.059771" lon="113.286434">
        <time>2026-09-28T22:55:28Z</time>
      </trkpt>
      <trkpt lat="23.059883" lon="113.28644">
        <time>2026-09-28T22:55:33Z</time>
      </trkpt>
      <trkpt lat="23.059998" lon="113.286447">
        <time>2026-09-28T22:55:38Z</time>
      </trkpt>
      <trkpt lat="23.060121" lon="113.286456">
        <time>2026-09-28T22:55:43Z</time>
      </trkpt>
      <trkpt lat="23.060238" lon="113.286467">
        <time>2026-09-28T22:55:48Z</time>
      </trkpt>
      <trkpt lat="23.060345" lon="113.286464">
        <time>2026-09-28T22:55:53Z</time>
      </trkpt>
      <trkpt lat="23.060462" lon="113.286487">
        <time>2026-09-28T22:55:58Z</time>
      </trkpt>
      <trkpt lat="23.060579" lon="113.286494">
        <time>2026-09-28T22:56:03Z</time>
      </trkpt>
      <trkpt lat="23.060706" lon="113.286469">
        <time>2026-09-28T22:56:08Z</time>
      </trkpt>
      <trkpt lat="23.060821" lon="113.28648">
        <time>2026-09-28T22:56:13Z</time>
      </trkpt>
      <trkpt lat="23.060931" lon="113.286509">
        <time>2026-09-28T22:56:18Z</time>
      </trkpt>
      <trkpt lat="23.061049" lon="113.286532">
        <time>2026-09-28T22:56:23Z</time>
      </trkpt>
      <trkpt lat="23.061161" lon="113.286542">
        <time>2026-09-28T22:56:28Z</time>
      </trkpt>
      <trkpt lat="23.061263" lon="113.286554">
        <time>2026-09-28T22:56:33Z</time>
      </trkpt>
      <trkpt lat="23.061378" lon="113.286568">
        <time>2026-09-28T22:56:38Z</time>
      </trkpt>
      <trkpt lat="23.061513" lon="113.286577">
        <time>2026-09-28T22:56:43Z</time>
      </trkpt>
      <trkpt lat="23.061648" lon="113.286561">
        <time>2026-09-28T22:56:48Z</time>
      </trkpt>
      <trkpt lat="23.061771" lon="113.28652">
        <time>2026-09-28T22:56:53Z</time>
      </trkpt>
      <trkpt lat="23.061888" lon="113.286485">
        <time>2026-09-28T22:56:58Z</time>
      </trkpt>
      <trkpt lat="23.06199" lon="113.286442">
        <time>2026-09-28T22:57:03Z</time>
      </trkpt>
      <trkpt lat="23.062015" lon="113.286339">
        <time>2026-09-28T22:57:08Z</time>
      </trkpt>
      <trkpt lat="23.062011" lon="113.286216">
        <time>2026-09-28T22:57:13Z</time>
      </trkpt>
      <trkpt lat="23.06198" lon="113.286107">
        <time>2026-09-28T22:57:18Z</time>
      </trkpt>
      <trkpt lat="23.061944" lon="113.286007">
        <time>2026-09-28T22:57:23Z</time>
      </trkpt>
      <trkpt lat="23.061916" lon="113.285885">
        <time>2026-09-28T22:57:28Z</time>
      </trkpt>
      <trkpt lat="23.061902" lon="113.285748">
        <time>2026-09-28T22:57:33Z</time>
      </trkpt>
      <trkpt lat="23.06192" lon="113.285632">
        <time>2026-09-28T22:57:38Z</time>
      </trkpt>
      <trkpt lat="23.061951" lon="113.285515">
        <time>2026-09-28T22:57:43Z</time>
      </trkpt>
      <trkpt lat="23.06197" lon="113.285394">
        <time>2026-09-28T22:57:48Z</time>
      </trkpt>
      <trkpt lat="23.062015" lon="113.285279">
        <time>2026-09-28T22:57:53Z</time>
      </trkpt>
      <trkpt lat="23.062053" lon="113.285154">
        <time>2026-09-28T22:57:58Z</time>
      </trkpt>
      <trkpt lat="23.062087" lon="113.285036">
        <time>2026-09-28T22:58:03Z</time>
      </trkpt>
      <trkpt lat="23.062108" lon="113.284922">
        <time>2026-09-28T22:58:08Z</time>
      </trkpt>
      <trkpt lat="23.062092" lon="113.284819">
        <time>2026-09-28T22:58:13Z</time>
      </trkpt>
      <trkpt lat="23.062067" lon="113.28469">
        <time>2026-09-28T22:58:18Z</time>
      </trkpt>
      <trkpt lat="23.06207" lon="113.28456">
        <time>2026-09-28T22:58:23Z</time>
      </trkpt>
      <trkpt lat="23.062086" lon="113.284428">
        <time>2026-09-28T22:58:28Z</time>
      </trkpt>
      <trkpt lat="23.062105" lon="113.284291">
        <time>2026-09-28T22:58:33Z</time>
      </trkpt>
      <trkpt lat="23.062111" lon="113.284164">
        <time>2026-09-28T22:58:38Z</time>
      </trkpt>
      <trkpt lat="23.062095" lon="113.284035">
        <time>2026-09-28T22:58:43Z</time>
      </trkpt>
      <trkpt lat="23.062004" lon="113.283969">
        <time>2026-09-28T22:58:48Z</time>
      </trkpt>
      <trkpt lat="23.061896" lon="113.283946">
        <time>2026-09-28T22:58:53Z</time>
      </trkpt>
      <trkpt lat="23.061774" lon="113.283918">
        <time>2026-09-28T22:58:58Z</time>
      </trkpt>
      <trkpt lat="23.061647" lon="113.283892">
        <time>2026-09-28T22:59:03Z</time>
      </trkpt>
      <trkpt lat="23.06153" lon="113.283871">
        <time>2026-09-28T22:59:08Z</time>
      </trkpt>
      <trkpt lat="23.061416" lon="113.283861">
        <time>2026-09-28T22:59:13Z</time>
      </trkpt>
      <trkpt lat="23.061294" lon="113.283809">
        <time>2026-09-28T22:59:18Z</time>
      </trkpt>
      <trkpt lat="23.061167" lon="113.283811">
        <time>2026-09-28T22:59:23Z</time>
      </trkpt>
      <trkpt lat="23.06105" lon="113.283833">
        <time>2026-09-28T22:59:28Z</time>
      </trkpt>
      <trkpt lat="23.060938" lon="113.283843">
        <time>2026-09-28T22:59:33Z</time>
      </trkpt>
      <trkpt lat="23.060817" lon="113.283814">
        <time>2026-09-28T22:59:38Z</time>
      </trkpt>
      <trkpt lat="23.060701" lon="113.283779">
        <time>2026-09-28T22:59:43Z</time>
      </trkpt>
      <trkpt lat="23.060578" lon="113.283751">
        <time>2026-09-28T22:59:48Z</time>
      </trkpt>
      <trkpt lat="23.060449" lon="113.283728">
        <time>2026-09-28T22:59:53Z</time>
      </trkpt>
      <trkpt lat="23.060318" lon="113.283707">
        <time>2026-09-28T22:59:58Z</time>
      </trkpt>
      <trkpt lat="23.060174" lon="113.283704">
        <time>2026-09-28T23:00:03Z</time>
      </trkpt>
      <trkpt lat="23.060052" lon="113.283659">
        <time>2026-09-28T23:00:08Z</time>
      </trkpt>
      <trkpt lat="23.059948" lon="113.283576">
        <time>2026-09-28T23:00:13Z</time>
      </trkpt>
      <trkpt lat="23.059913" lon="113.283451">
        <time>2026-09-28T23:00:18Z</time>
      </trkpt>
      <trkpt lat="23.059949" lon="113.283324">
        <time>2026-09-28T23:00:23Z</time>
      </trkpt>
      <trkpt lat="23.060012" lon="113.283204">
        <time>2026-09-28T23:00:28Z</time>
      </trkpt>
      <trkpt lat="23.060085" lon="113.283093">
        <time>2026-09-28T23:00:33Z</time>
      </trkpt>
      <trkpt lat="23.060148" lon="113.282975">
        <time>2026-09-28T23:00:38Z</time>
      </trkpt>
      <trkpt lat="23.0602" lon="113.282861">
        <time>2026-09-28T23:00:43Z</time>
      </trkpt>
      <trkpt lat="23.060245" lon="113.282751">
        <time>2026-09-28T23:00:48Z</time>
      </trkpt>
      <trkpt lat="23.060284" lon="113.282636">
        <time>2026-09-28T23:00:53Z</time>
      </trkpt>
      <trkpt lat="23.060324" lon="113.282515">
        <time>2026-09-28T23:00:58Z</time>
      </trkpt>
      <trkpt lat="23.060369" lon="113.282397">
        <time>2026-09-28T23:01:03Z</time>
      </trkpt>
      <trkpt lat="23.060426" lon="113.282282">
        <time>2026-09-28T23:01:08Z</time>
      </trkpt>
      <trkpt lat="23.060481" lon="113.282171">
        <time>2026-09-28T23:01:13Z</time>
      </trkpt>
      <trkpt lat="23.06053" lon="113.282056">
        <time>2026-09-28T23:01:18Z</time>
      </trkpt>
      <trkpt lat="23.060577" lon="113.281932">
        <time>2026-09-28T23:01:23Z</time>
      </trkpt>
      <trkpt lat="23.06063" lon="113.281811">
        <time>2026-09-28T23:01:28Z</time>
      </trkpt>
      <trkpt lat="23.06068" lon="113.281698">
        <time>2026-09-28T23:01:33Z</time>
      </trkpt>
      <trkpt lat="23.060725" lon="113.281583">
        <time>2026-09-28T23:01:38Z</time>
      </trkpt>
      <trkpt lat="23.060771" lon="113.281462">
        <time>2026-09-28T23:01:43Z</time>
      </trkpt>
      <trkpt lat="23.060819" lon="113.281346">
        <time>2026-09-28T23:01:48Z</time>
      </trkpt>
      <trkpt lat="23.060866" lon="113.281233">
        <time>2026-09-28T23:01:53Z</time>
      </trkpt>
      <trkpt lat="23.060915" lon="113.281119">
        <time>2026-09-28T23:01:58Z</time>
      </trkpt>
      <trkpt lat="23.060966" lon="113.281008">
        <time>2026-09-28T23:02:03Z</time>
      </trkpt>
      <trkpt lat="23.061013" lon="113.280894">
        <time>2026-09-28T23:02:08Z</time>
      </trkpt>
      <trkpt lat="23.061068" lon="113.28077">
        <time>2026-09-28T23:02:13Z</time>
      </trkpt>
      <trkpt lat="23.061123" lon="113.28065">
        <time>2026-09-28T23:02:18Z</time>
      </trkpt>
      <trkpt lat="23.061176" lon="113.280533">
        <time>2026-09-28T23:02:23Z</time>
      </trkpt>
      <trkpt lat="23.061225" lon="113.280413">
        <time>2026-09-28T23:02:28Z</time>
      </trkpt>
      <trkpt lat="23.061274" lon="113.280292">
        <time>2026-09-28T23:02:33Z</time>
      </trkpt>
      <trkpt lat="23.061328" lon="113.280184">
        <time>2026-09-28T23:02:38Z</time>
      </trkpt>
      <trkpt lat="23.061376" lon="113.280079">
        <time>2026-09-28T23:02:43Z</time>
      </trkpt>
      <trkpt lat="23.061421" lon="113.279974">
        <time>2026-09-28T23:02:48Z</time>
      </trkpt>
      <trkpt lat="23.061467" lon="113.279862">
        <time>2026-09-28T23:02:53Z</time>
      </trkpt>
      <trkpt lat="23.061509" lon="113.279736">
        <time>2026-09-28T23:02:58Z</time>
      </trkpt>
      <trkpt lat="23.061566" lon="113.279617">
        <time>2026-09-28T23:03:03Z</time>
      </trkpt>
      <trkpt lat="23.061619" lon="113.279499">
        <time>2026-09-28T23:03:08Z</time>
      </trkpt>
      <trkpt lat="23.061667" lon="113.279384">
        <time>2026-09-28T23:03:13Z</time>
      </trkpt>
      <trkpt lat="23.061712" lon="113.279269">
        <time>2026-09-28T23:03:18Z</time>
      </trkpt>
      <trkpt lat="23.061762" lon="113.279153">
        <time>2026-09-28T23:03:23Z</time>
      </trkpt>
      <trkpt lat="23.061825" lon="113.27904">
        <time>2026-09-28T23:03:28Z</time>
      </trkpt>
      <trkpt lat="23.061896" lon="113.278931">
        <time>2026-09-28T23:03:33Z</time>
      </trkpt>
      <trkpt lat="23.061952" lon="113.27882">
        <time>2026-09-28T23:03:38Z</time>
      </trkpt>
      <trkpt lat="23.061973" lon="113.278693">
        <time>2026-09-28T23:03:43Z</time>
      </trkpt>
      <trkpt lat="23.061971" lon="113.278551">
        <time>2026-09-28T23:03:48Z</time>
      </trkpt>
      <trkpt lat="23.061961" lon="113.278412">
        <time>2026-09-28T23:03:53Z</time>
      </trkpt>
      <trkpt lat="23.061951" lon="113.278276">
        <time>2026-09-28T23:03:58Z</time>
      </trkpt>
      <trkpt lat="23.061942" lon="113.278142">
        <time>2026-09-28T23:04:03Z</time>
      </trkpt>
      <trkpt lat="23.061934" lon="113.278006">
        <time>2026-09-28T23:04:08Z</time>
      </trkpt>
      <trkpt lat="23.061928" lon="113.277871">
        <time>2026-09-28T23:04:13Z</time>
      </trkpt>
      <trkpt lat="23.061946" lon="113.27773">
        <time>2026-09-28T23:04:18Z</time>
      </trkpt>
      <trkpt lat="23.061993" lon="113.27759">
        <time>2026-09-28T23:04:23Z</time>
      </trkpt>
      <trkpt lat="23.062047" lon="113.277458">
        <time>2026-09-28T23:04:28Z</time>
      </trkpt>
      <trkpt lat="23.06209" lon="113.277338">
        <time>2026-09-28T23:04:33Z</time>
      </trkpt>
      <trkpt lat="23.062132" lon="113.27722">
        <time>2026-09-28T23:04:38Z</time>
      </trkpt>
      <trkpt lat="23.062166" lon="113.277101">
        <time>2026-09-28T23:04:43Z</time>
      </trkpt>
      <trkpt lat="23.062216" lon="113.276986">
        <time>2026-09-28T23:04:48Z</time>
      </trkpt>
      <trkpt lat="23.062269" lon="113.276869">
        <time>2026-09-28T23:04:53Z</time>
      </trkpt>
      <trkpt lat="23.062318" lon="113.276751">
        <time>2026-09-28T23:04:58Z</time>
      </trkpt>
      <trkpt lat="23.062363" lon="113.276635">
        <time>2026-09-28T23:05:03Z</time>
      </trkpt>
      <trkpt lat="23.062404" lon="113.276514">
        <time>2026-09-28T23:05:08Z</time>
      </trkpt>
      <trkpt lat="23.062447" lon="113.276396">
        <time>2026-09-28T23:05:13Z</time>
      </trkpt>
      <trkpt lat="23.062494" lon="113.276278">
        <time>2026-09-28T23:05:18Z</time>
      </trkpt>
      <trkpt lat="23.062547" lon="113.276161">
        <time>2026-09-28T23:05:23Z</time>
      </trkpt>
      <trkpt lat="23.062613" lon="113.27605">
        <time>2026-09-28T23:05:28Z</time>
      </trkpt>
      <trkpt lat="23.062686" lon="113.275948">
        <time>2026-09-28T23:05:33Z</time>
      </trkpt>
      <trkpt lat="23.062763" lon="113.275859">
        <time>2026-09-28T23:05:38Z</time>
      </trkpt>
      <trkpt lat="23.062844" lon="113.275773">
        <time>2026-09-28T23:05:43Z</time>
      </trkpt>
      <trkpt lat="23.062928" lon="113.275688">
        <time>2026-09-28T23:05:48Z</time>
      </trkpt>
      <trkpt lat="23.063007" lon="113.275597">
        <time>2026-09-28T23:05:53Z</time>
      </trkpt>
      <trkpt lat="23.063071" lon="113.275497">
        <time>2026-09-28T23:05:58Z</time>
      </trkpt>
      <trkpt lat="23.063135" lon="113.275382">
        <time>2026-09-28T23:06:03Z</time>
      </trkpt>
      <trkpt lat="23.063198" lon="113.275273">
        <time>2026-09-28T23:06:08Z</time>
      </trkpt>
      <trkpt lat="23.063267" lon="113.275176">
        <time>2026-09-28T23:06:13Z</time>
      </trkpt>
      <trkpt lat="23.063338" lon="113.275079">
        <time>2026-09-28T23:06:18Z</time>
      </trkpt>
      <trkpt lat="23.063382" lon="113.274957">
        <time>2026-09-28T23:06:23Z</time>
      </trkpt>
      <trkpt lat="23.063416" lon="113.274833">
        <time>2026-09-28T23:06:28Z</time>
      </trkpt>
      <trkpt lat="23.063452" lon="113.27472">
        <time>2026-09-28T23:06:33Z</time>
      </trkpt>
      <trkpt lat="23.063483" lon="113.274616">
        <time>2026-09-28T23:06:38Z</time>
      </trkpt>
      <trkpt lat="23.063516" lon="113.274506">
        <time>2026-09-28T23:06:43Z</time>
      </trkpt>
      <trkpt lat="23.063568" lon="113.274392">
        <time>2026-09-28T23:06:48Z</time>
      </trkpt>
      <trkpt lat="23.063638" lon="113.274292">
        <time>2026-09-28T23:06:53Z</time>
      </trkpt>
      <trkpt lat="23.063735" lon="113.274221">
        <time>2026-09-28T23:06:58Z</time>
      </trkpt>
      <trkpt lat="23.06382" lon="113.274136">
        <time>2026-09-28T23:07:03Z</time>
      </trkpt>
      <trkpt lat="23.06389" lon="113.274025">
        <time>2026-09-28T23:07:08Z</time>
      </trkpt>
      <trkpt lat="23.06396" lon="113.273906">
        <time>2026-09-28T23:07:13Z</time>
      </trkpt>
      <trkpt lat="23.064028" lon="113.273802">
        <time>2026-09-28T23:07:18Z</time>
      </trkpt>
      <trkpt lat="23.064114" lon="113.273714">
        <time>2026-09-28T23:07:23Z</time>
      </trkpt>
      <trkpt lat="23.064204" lon="113.273639">
        <time>2026-09-28T23:07:28Z</time>
      </trkpt>
      <trkpt lat="23.064294" lon="113.273562">
        <time>2026-09-28T23:07:33Z</time>
      </trkpt>
      <trkpt lat="23.064381" lon="113.273469">
        <time>2026-09-28T23:07:38Z</time>
      </trkpt>
      <trkpt lat="23.064469" lon="113.273377">
        <time>2026-09-28T23:07:43Z</time>
      </trkpt>
      <trkpt lat="23.064547" lon="113.273272">
        <time>2026-09-28T23:07:48Z</time>
      </trkpt>
      <trkpt lat="23.064577" lon="113.273141">
        <time>2026-09-28T23:07:53Z</time>
      </trkpt>
      <trkpt lat="23.064555" lon="113.273002">
        <time>2026-09-28T23:07:58Z</time>
      </trkpt>
      <trkpt lat="23.064512" lon="113.272874">
        <time>2026-09-28T23:08:03Z</time>
      </trkpt>
      <trkpt lat="23.06447" lon="113.272746">
        <time>2026-09-28T23:08:08Z</time>
      </trkpt>
      <trkpt lat="23.064441" lon="113.272619">
        <time>2026-09-28T23:08:13Z</time>
      </trkpt>
      <trkpt lat="23.064465" lon="113.272497">
        <time>2026-09-28T23:08:18Z</time>
      </trkpt>
      <trkpt lat="23.064517" lon="113.272374">
        <time>2026-09-28T23:08:23Z</time>
      </trkpt>
      <trkpt lat="23.064563" lon="113.272258">
        <time>2026-09-28T23:08:28Z</time>
      </trkpt>
      <trkpt lat="23.064605" lon="113.272143">
        <time>2026-09-28T23:08:33Z</time>
      </trkpt>
      <trkpt lat="23.064665" lon="113.272032">
        <time>2026-09-28T23:08:38Z</time>
      </trkpt>
      <trkpt lat="23.064721" lon="113.271934">
        <time>2026-09-28T23:08:43Z</time>
      </trkpt>
      <trkpt lat="23.064765" lon="113.271838">
        <time>2026-09-28T23:08:48Z</time>
      </trkpt>
      <trkpt lat="23.06482" lon="113.271708">
        <time>2026-09-28T23:08:53Z</time>
      </trkpt>
      <trkpt lat="23.064887" lon="113.271581">
        <time>2026-09-28T23:08:58Z</time>
      </trkpt>
      <trkpt lat="23.064947" lon="113.271471">
        <time>2026-09-28T23:09:03Z</time>
      </trkpt>
      <trkpt lat="23.06499" lon="113.271361">
        <time>2026-09-28T23:09:08Z</time>
      </trkpt>
      <trkpt lat="23.065046" lon="113.271244">
        <time>2026-09-28T23:09:13Z</time>
      </trkpt>
      <trkpt lat="23.065103" lon="113.271114">
        <time>2026-09-28T23:09:18Z</time>
      </trkpt>
      <trkpt lat="23.06515" lon="113.270974">
        <time>2026-09-28T23:09:23Z</time>
      </trkpt>
      <trkpt lat="23.065205" lon="113.270841">
        <time>2026-09-28T23:09:28Z</time>
      </trkpt>
      <trkpt lat="23.065264" lon="113.27071">
        <time>2026-09-28T23:09:33Z</time>
      </trkpt>
      <trkpt lat="23.065315" lon="113.270586">
        <time>2026-09-28T23:09:38Z</time>
      </trkpt>
      <trkpt lat="23.065374" lon="113.270466">
        <time>2026-09-28T23:09:43Z</time>
      </trkpt>
      <trkpt lat="23.065429" lon="113.27035">
        <time>2026-09-28T23:09:48Z</time>
      </trkpt>
      <trkpt lat="23.065481" lon="113.270224">
        <time>2026-09-28T23:09:53Z</time>
      </trkpt>
      <trkpt lat="23.065528" lon="113.270104">
        <time>2026-09-28T23:09:58Z</time>
      </trkpt>
      <trkpt lat="23.065572" lon="113.269985">
        <time>2026-09-28T23:10:03Z</time>
      </trkpt>
      <trkpt lat="23.06561" lon="113.269855">
        <time>2026-09-28T23:10:08Z</time>
      </trkpt>
      <trkpt lat="23.065644" lon="113.269724">
        <time>2026-09-28T23:10:13Z</time>
      </trkpt>
      <trkpt lat="23.065683" lon="113.269597">
        <time>2026-09-28T23:10:18Z</time>
      </trkpt>
      <trkpt lat="23.06571" lon="113.269468">
        <time>2026-09-28T23:10:23Z</time>
      </trkpt>
      <trkpt lat="23.065744" lon="113.269346">
        <time>2026-09-28T23:10:28Z</time>
      </trkpt>
      <trkpt lat="23.065787" lon="113.26922">
        <time>2026-09-28T23:10:33Z</time>
      </trkpt>
      <trkpt lat="23.065827" lon="113.269093">
        <time>2026-09-28T23:10:38Z</time>
      </trkpt>
      <trkpt lat="23.065874" lon="113.268974">
        <time>2026-09-28T23:10:43Z</time>
      </trkpt>
      <trkpt lat="23.06592" lon="113.268848">
        <time>2026-09-28T23:10:48Z</time>
      </trkpt>
      <trkpt lat="23.065974" lon="113.268728">
        <time>2026-09-28T23:10:53Z</time>
      </trkpt>
      <trkpt lat="23.066036" lon="113.268621">
        <time>2026-09-28T23:10:58Z</time>
      </trkpt>
      <trkpt lat="23.066105" lon="113.26853">
        <time>2026-09-28T23:11:03Z</time>
      </trkpt>
      <trkpt lat="23.066182" lon="113.268429">
        <time>2026-09-28T23:11:08Z</time>
      </trkpt>
      <trkpt lat="23.066253" lon="113.268328">
        <time>2026-09-28T23:11:13Z</time>
      </trkpt>
      <trkpt lat="23.066336" lon="113.268227">
        <time>2026-09-28T23:11:18Z</time>
      </trkpt>
      <trkpt lat="23.066443" lon="113.268162">
        <time>2026-09-28T23:11:23Z</time>
      </trkpt>
      <trkpt lat="23.066559" lon="113.268149">
        <time>2026-09-28T23:11:28Z</time>
      </trkpt>
      <trkpt lat="23.066677" lon="113.268163">
        <time>2026-09-28T23:11:33Z</time>
      </trkpt>
      <trkpt lat="23.066806" lon="113.268168">
        <time>2026-09-28T23:11:38Z</time>
      </trkpt>
      <trkpt lat="23.066932" lon="113.268169">
        <time>2026-09-28T23:11:43Z</time>
      </trkpt>
      <trkpt lat="23.067038" lon="113.268197">
        <time>2026-09-28T23:11:48Z</time>
      </trkpt>
      <trkpt lat="23.067134" lon="113.268257">
        <time>2026-09-28T23:11:53Z</time>
      </trkpt>
      <trkpt lat="23.067237" lon="113.268315">
        <time>2026-09-28T23:11:58Z</time>
      </trkpt>
      <trkpt lat="23.067346" lon="113.268366">
        <time>2026-09-28T23:12:03Z</time>
      </trkpt>
      <trkpt lat="23.067438" lon="113.268417">
        <time>2026-09-28T23:12:08Z</time>
      </trkpt>
      <trkpt lat="23.067538" lon="113.268474">
        <time>2026-09-28T23:12:13Z</time>
      </trkpt>
      <trkpt lat="23.06765" lon="113.268546">
        <time>2026-09-28T23:12:18Z</time>
      </trkpt>
      <trkpt lat="23.067754" lon="113.268617">
        <time>2026-09-28T23:12:23Z</time>
      </trkpt>
      <trkpt lat="23.06787" lon="113.268658">
        <time>2026-09-28T23:12:28Z</time>
      </trkpt>
      <trkpt lat="23.067982" lon="113.268707">
        <time>2026-09-28T23:12:33Z</time>
      </trkpt>
      <trkpt lat="23.068082" lon="113.268751">
        <time>2026-09-28T23:12:38Z</time>
      </trkpt>
      <trkpt lat="23.068178" lon="113.268792">
        <time>2026-09-28T23:12:43Z</time>
      </trkpt>
      <trkpt lat="23.068276" lon="113.268832">
        <time>2026-09-28T23:12:48Z</time>
      </trkpt>
      <trkpt lat="23.068373" lon="113.268886">
        <time>2026-09-28T23:12:53Z</time>
      </trkpt>
      <trkpt lat="23.068471" lon="113.268952">
        <time>2026-09-28T23:12:58Z</time>
      </trkpt>
      <trkpt lat="23.068574" lon="113.269003">
        <time>2026-09-28T23:13:03Z</time>
      </trkpt>
      <trkpt lat="23.068684" lon="113.269056">
        <time>2026-09-28T23:13:08Z</time>
      </trkpt>
      <trkpt lat="23.068773" lon="113.269132">
        <time>2026-09-28T23:13:13Z</time>
      </trkpt>
      <trkpt lat="23.068871" lon="113.269184">
        <time>2026-09-28T23:13:18Z</time>
      </trkpt>
      <trkpt lat="23.068998" lon="113.269208">
        <time>2026-09-28T23:13:23Z</time>
      </trkpt>
      <trkpt lat="23.069116" lon="113.269251">
        <time>2026-09-28T23:13:28Z</time>
      </trkpt>
      <trkpt lat="23.069223" lon="113.269303">
        <time>2026-09-28T23:13:33Z</time>
      </trkpt>
      <trkpt lat="23.069327" lon="113.269359">
        <time>2026-09-28T23:13:38Z</time>
      </trkpt>
      <trkpt lat="23.069424" lon="113.269421">
        <time>2026-09-28T23:13:43Z</time>
      </trkpt>
      <trkpt lat="23.069522" lon="113.269488">
        <time>2026-09-28T23:13:48Z</time>
      </trkpt>
      <trkpt lat="23.069613" lon="113.269542">
        <time>2026-09-28T23:13:53Z</time>
      </trkpt>
      <trkpt lat="23.069672" lon="113.269568">
        <time>2026-09-28T23:13:58Z</time>
      </trkpt>
      <trkpt lat="23.069727" lon="113.269602">
        <time>2026-09-28T23:14:03Z</time>
      </trkpt>
      <trkpt lat="23.069783" lon="113.26964">
        <time>2026-09-28T23:14:08Z</time>
      </trkpt>
      <trkpt lat="23.069841" lon="113.269676">
        <time>2026-09-28T23:14:13Z</time>
      </trkpt>
      <trkpt lat="23.069898" lon="113.269726">
        <time>2026-09-28T23:14:18Z</time>
      </trkpt>
      <trkpt lat="23.069953" lon="113.269767">
        <time>2026-09-28T23:14:23Z</time>
      </trkpt>
      <trkpt lat="23.070015" lon="113.269806">
        <time>2026-09-28T23:14:28Z</time>
      </trkpt>
      <trkpt lat="23.070078" lon="113.269843">
        <time>2026-09-28T23:14:33Z</time>
      </trkpt>
      <trkpt lat="23.070132" lon="113.269863">
        <time>2026-09-28T23:14:38Z</time>
      </trkpt>
      <trkpt lat="23.070197" lon="113.269874">
        <time>2026-09-28T23:14:43Z</time>
      </trkpt>
      <trkpt lat="23.070303" lon="113.269912">
        <time>2026-09-28T23:14:48Z</time>
      </trkpt>
      <trkpt lat="23.070479" lon="113.269978">
        <time>2026-09-28T23:14:53Z</time>
      </trkpt>
      <trkpt lat="23.070668" lon="113.270043">
        <time>2026-09-28T23:14:58Z</time>
      </trkpt>
      <trkpt lat="23.070824" lon="113.270132">
        <time>2026-09-28T23:15:03Z</time>
      </trkpt>
      <trkpt lat="23.070973" lon="113.270215">
        <time>2026-09-28T23:15:08Z</time>
      </trkpt>
      <trkpt lat="23.071076" lon="113.270235">
        <time>2026-09-28T23:15:13Z</time>
      </trkpt>
      <trkpt lat="23.071121" lon="113.270252">
        <time>2026-09-28T23:15:18Z</time>
      </trkpt>
      <trkpt lat="23.071159" lon="113.270279">
        <time>2026-09-28T23:15:23Z</time>
      </trkpt>
      <trkpt lat="23.071215" lon="113.270317">
        <time>2026-09-28T23:15:28Z</time>
      </trkpt>
      <trkpt lat="23.071276" lon="113.270348">
        <time>2026-09-28T23:15:33Z</time>
      </trkpt>
      <trkpt lat="23.071335" lon="113.270371">
        <time>2026-09-28T23:15:38Z</time>
      </trkpt>
      <trkpt lat="23.071395" lon="113.270395">
        <time>2026-09-28T23:15:43Z</time>
      </trkpt>
      <trkpt lat="23.071451" lon="113.270417">
        <time>2026-09-28T23:15:48Z</time>
      </trkpt>
      <trkpt lat="23.071508" lon="113.270443">
        <time>2026-09-28T23:15:53Z</time>
      </trkpt>
      <trkpt lat="23.071566" lon="113.270464">
        <time>2026-09-28T23:15:58Z</time>
      </trkpt>
      <trkpt lat="23.071609" lon="113.270491">
        <time>2026-09-28T23:16:03Z</time>
      </trkpt>
      <trkpt lat="23.071658" lon="113.270524">
        <time>2026-09-28T23:16:08Z</time>
      </trkpt>
      <trkpt lat="23.071715" lon="113.270568">
        <time>2026-09-28T23:16:13Z</time>
      </trkpt>
      <trkpt lat="23.071809" lon="113.270647">
        <time>2026-09-28T23:16:18Z</time>
      </trkpt>
      <trkpt lat="23.071991" lon="113.270725">
        <time>2026-09-28T23:16:23Z</time>
      </trkpt>
      <trkpt lat="23.072175" lon="113.270804">
        <time>2026-09-28T23:16:28Z</time>
      </trkpt>
      <trkpt lat="23.072361" lon="113.27089">
        <time>2026-09-28T23:16:33Z</time>
      </trkpt>
      <trkpt lat="23.072543" lon="113.270977">
        <time>2026-09-28T23:16:38Z</time>
      </trkpt>
      <trkpt lat="23.072689" lon="113.271016">
        <time>2026-09-28T23:16:43Z</time>
      </trkpt>
      <trkpt lat="23.072741" lon="113.271035">
        <time>2026-09-28T23:16:48Z</time>
      </trkpt>
      <trkpt lat="23.072791" lon="113.271054">
        <time>2026-09-28T23:16:53Z</time>
      </trkpt>
      <trkpt lat="23.072855" lon="113.271064">
        <time>2026-09-28T23:16:58Z</time>
      </trkpt>
      <trkpt lat="23.072905" lon="113.271084">
        <time>2026-09-28T23:17:03Z</time>
      </trkpt>
      <trkpt lat="23.072964" lon="113.271114">
        <time>2026-09-28T23:17:08Z</time>
      </trkpt>
      <trkpt lat="23.073045" lon="113.271137">
        <time>2026-09-28T23:17:13Z</time>
      </trkpt>
      <trkpt lat="23.073093" lon="113.271172">
        <time>2026-09-28T23:17:18Z</time>
      </trkpt>
      <trkpt lat="23.073144" lon="113.271204">
        <time>2026-09-28T23:17:23Z</time>
      </trkpt>
      <trkpt lat="23.073227" lon="113.271228">
        <time>2026-09-28T23:17:28Z</time>
      </trkpt>
      <trkpt lat="23.073296" lon="113.27127">
        <time>2026-09-28T23:17:33Z</time>
      </trkpt>
      <trkpt lat="23.073364" lon="113.271306">
        <time>2026-09-28T23:17:38Z</time>
      </trkpt>
      <trkpt lat="23.073435" lon="113.271358">
        <time>2026-09-28T23:17:43Z</time>
      </trkpt>
      <trkpt lat="23.073567" lon="113.271468">
        <time>2026-09-28T23:17:48Z</time>
      </trkpt>
      <trkpt lat="23.073762" lon="113.27157">
        <time>2026-09-28T23:17:53Z</time>
      </trkpt>
      <trkpt lat="23.073964" lon="113.271658">
        <time>2026-09-28T23:17:58Z</time>
      </trkpt>
      <trkpt lat="23.074101" lon="113.271761">
        <time>2026-09-28T23:18:03Z</time>
      </trkpt>
      <trkpt lat="23.074111" lon="113.271856">
        <time>2026-09-28T23:18:08Z</time>
      </trkpt>
      <trkpt lat="23.074053" lon="113.271955">
        <time>2026-09-28T23:18:13Z</time>
      </trkpt>
      <trkpt lat="23.074023" lon="113.272008">
        <time>2026-09-28T23:18:18Z</time>
      </trkpt>
      <trkpt lat="23.074006" lon="113.272058">
        <time>2026-09-28T23:18:23Z</time>
      </trkpt>
      <trkpt lat="23.073981" lon="113.272121">
        <time>2026-09-28T23:18:28Z</time>
      </trkpt>
      <trkpt lat="23.073941" lon="113.272207">
        <time>2026-09-28T23:18:33Z</time>
      </trkpt>
      <trkpt lat="23.073897" lon="113.272274">
        <time>2026-09-28T23:18:38Z</time>
      </trkpt>
      <trkpt lat="23.073862" lon="113.272335">
        <time>2026-09-28T23:18:43Z</time>
      </trkpt>
      <trkpt lat="23.073818" lon="113.272399">
        <time>2026-09-28T23:18:48Z</time>
      </trkpt>
      <trkpt lat="23.073784" lon="113.272469">
        <time>2026-09-28T23:18:53Z</time>
      </trkpt>
      <trkpt lat="23.073755" lon="113.27255">
        <time>2026-09-28T23:18:58Z</time>
      </trkpt>
      <trkpt lat="23.073698" lon="113.272687">
        <time>2026-09-28T23:19:03Z</time>
      </trkpt>
      <trkpt lat="23.073664" lon="113.272844">
        <time>2026-09-28T23:19:08Z</time>
      </trkpt>
      <trkpt lat="23.073781" lon="113.272943">
        <time>2026-09-28T23:19:13Z</time>
      </trkpt>
      <trkpt lat="23.073966" lon="113.272951">
        <time>2026-09-28T23:19:18Z</time>
      </trkpt>
      <trkpt lat="23.07408" lon="113.272797">
        <time>2026-09-28T23:19:23Z</time>
      </trkpt>
      <trkpt lat="23.074139" lon="113.27262">
        <time>2026-09-28T23:19:28Z</time>
      </trkpt>
      <trkpt lat="23.07421" lon="113.27245">
        <time>2026-09-28T23:19:33Z</time>
      </trkpt>
      <trkpt lat="23.074267" lon="113.272318">
        <time>2026-09-28T23:19:38Z</time>
      </trkpt>
      <trkpt lat="23.074273" lon="113.272265">
        <time>2026-09-28T23:19:43Z</time>
      </trkpt>
      <trkpt lat="23.074317" lon="113.272239">
        <time>2026-09-28T23:19:48Z</time>
      </trkpt>
      <trkpt lat="23.074398" lon="113.272166">
        <time>2026-09-28T23:19:53Z</time>
      </trkpt>
      <trkpt lat="23.074429" lon="113.272096">
        <time>2026-09-28T23:19:58Z</time>
      </trkpt>
      <trkpt lat="23.074474" lon="113.272063">
        <time>2026-09-28T23:20:03Z</time>
      </trkpt>
      <trkpt lat="23.074531" lon="113.272073">
        <time>2026-09-28T23:20:08Z</time>
      </trkpt>
      <trkpt lat="23.074586" lon="113.272102">
        <time>2026-09-28T23:20:13Z</time>
      </trkpt>
      <trkpt lat="23.074643" lon="113.272133">
        <time>2026-09-28T23:20:18Z</time>
      </trkpt>
      <trkpt lat="23.074744" lon="113.272183">
        <time>2026-09-28T23:20:23Z</time>
      </trkpt>
      <trkpt lat="23.074907" lon="113.272278">
        <time>2026-09-28T23:20:28Z</time>
      </trkpt>
      <trkpt lat="23.075057" lon="113.272403">
        <time>2026-09-28T23:20:33Z</time>
      </trkpt>
      <trkpt lat="23.075205" lon="113.272503">
        <time>2026-09-28T23:20:38Z</time>
      </trkpt>
      <trkpt lat="23.075402" lon="113.272533">
        <time>2026-09-28T23:20:43Z</time>
      </trkpt>
      <trkpt lat="23.075554" lon="113.272602">
        <time>2026-09-28T23:20:48Z</time>
      </trkpt>
      <trkpt lat="23.075626" lon="113.272645">
        <time>2026-09-28T23:20:53Z</time>
      </trkpt>
      <trkpt lat="23.075684" lon="113.272661">
        <time>2026-09-28T23:20:58Z</time>
      </trkpt>
      <trkpt lat="23.075737" lon="113.2727">
        <time>2026-09-28T23:21:02Z</time>
      </trkpt>
    </trkseg>
  </trk>
</gpx>