<?xml version="1.0" encoding="UTF-8"?>
<gpx xmlns="http://www.topografix.com/GPX/1/1" xmlns:gpxtpx="http://www.garmin.com/xmlschemas/TrackPointExtension/v1" xmlns:xsi="http://www.w3.org/2001/XMLSchema-instance" xsi:schemaLocation="http://www.topografix.com/GPX/1/1 http://www.topografix.com/GPX/1/1/gpx.xsd" version="1.1" creator="gpx.py -- https://github.com/tkrajina/gpxpy">
  <trk>
    <name>gpx from joyrun</name>
    <trkseg>
      <trkpt lat="23.075886" lon="113.272796">
        <time>2026-10-02T22:12:26Z</time>
      </trkpt>
      <trkpt lat="23.075892" lon="113.272781">
        <time>2026-10-02T22:12:31Z</time>
      </trkpt>
      <trkpt lat="23.075849" lon="113.272663">
        <time>2026-10-02T22:12:36Z</time>
      </trkpt>
      <trkpt lat="23.075793" lon="113.272621">
        <time>2026-10-02T22:12:41Z</time>
      </trkpt>
      <trkpt lat="23.075684" lon="113.272582">
        <time>2026-10-02T22:12:46Z</time>
      </trkpt>
      <trkpt lat="23.075563" lon="113.272568">
        <time>2026-10-02T22:12:51Z</time>
      </trkpt>
      <trkpt lat="23.07547" lon="113.272504">
        <time>2026-10-02T22:12:56Z</time>
      </trkpt>
      <trkpt lat="23.075385" lon="113.272425">
        <time>2026-10-02T22:13:01Z</time>
      </trkpt>
      <trkpt lat="23.075267" lon="113.272384">
        <time>2026-10-02T22:13:06Z</time>
      </trkpt>
      <trkpt lat="23.075151" lon="113.27235">
        <time>2026-10-02T22:13:11Z</time>
      </trkpt>
      <trkpt lat="23.075043" lon="113.272301">
        <time>2026-10-02T22:13:16Z</time>
      </trkpt>
      <trkpt lat="23.074931" lon="113.272234">
        <time>2026-10-02T22:13:21Z</time>
      </trkpt>
      <trkpt lat="23.074819" lon="113.272157">
        <time>2026-10-02T22:13:26Z</time>
      </trkpt>
      <trkpt lat="23.074712" lon="113.272084">
        <time>2026-10-02T22:13:31Z</time>
      </trkpt>
      <trkpt lat="23.0746" lon="113.27201">
        <time>2026-10-02T22:13:36Z</time>
      </trkpt>
      <trkpt lat="23.074476" lon="113.271967">
        <time>2026-10-02T22:13:41Z</time>
      </trkpt>
      <trkpt lat="23.074371" lon="113.272051">
        <time>2026-10-02T22:13:46Z</time>
      </trkpt>
      <trkpt lat="23.074311" lon="113.27218">
        <time>2026-10-02T22:13:51Z</time>
      </trkpt>
      <trkpt lat="23.074261" lon="113.27232">
        <time>2026-10-02T22:13:56Z</time>
      </trkpt>
      <trkpt lat="23.074188" lon="113.272443">
        <time>2026-10-02T22:14:01Z</time>
      </trkpt>
      <trkpt lat="23.07413" lon="113.272572">
        <time>2026-10-02T22:14:06Z</time>
      </trkpt>
      <trkpt lat="23.074081" lon="113.272707">
        <time>2026-10-02T22:14:11Z</time>
      </trkpt>
      <trkpt lat="23.07402" lon="113.272841">
        <time>2026-10-02T22:14:16Z</time>
      </trkpt>
      <trkpt lat="23.073905" lon="113.272909">
        <time>2026-10-02T22:14:21Z</time>
      </trkpt>
      <trkpt lat="23.073764" lon="113.272896">
        <time>2026-10-02T22:14:26Z</time>
      </trkpt>
      <trkpt lat="23.073667" lon="113.272827">
        <time>2026-10-02T22:14:31Z</time>
      </trkpt>
      <trkpt lat="23.073686" lon="113.272726">
        <time>2026-10-02T22:14:36Z</time>
      </trkpt>
      <trkpt lat="23.073744" lon="113.27264">
        <time>2026-10-02T22:14:41Z</time>
      </trkpt>
      <trkpt lat="23.073799" lon="113.272554">
        <time>2026-10-02T22:14:46Z</time>
      </trkpt>
      <trkpt lat="23.073839" lon="113.272452">
        <time>2026-10-02T22:14:51Z</time>
      </trkpt>
      <trkpt lat="23.073881" lon="113.272324">
        <time>2026-10-02T22:14:56Z</time>
      </trkpt>
      <trkpt lat="23.073937" lon="113.272211">
        <time>2026-10-02T22:15:01Z</time>
      </trkpt>
      <trkpt lat="23.073994" lon="113.272108">
        <time>2026-10-02T22:15:06Z</time>
      </trkpt>
      <trkpt lat="23.074053" lon="113.272003">
        <time>2026-10-02T22:15:11Z</time>
      </trkpt>
      <trkpt lat="23.074098" lon="113.271888">
        <time>2026-10-02T22:15:16Z</time>
      </trkpt>
      <trkpt lat="23.074106" lon="113.271767">
        <time>2026-10-02T22:15:21Z</time>
      </trkpt>
      <trkpt lat="23.074002" lon="113.271697">
        <time>2026-10-02T22:15:26Z</time>
      </trkpt>
      <trkpt lat="23.073881" lon="113.271638">
        <time>2026-10-02T22:15:31Z</time>
      </trkpt>
      <trkpt lat="23.073772" lon="113.27156">
        <time>2026-10-02T22:15:36Z</time>
      </trkpt>
      <trkpt lat="23.073644" lon="113.271501">
        <time>2026-10-02T22:15:41Z</time>
      </trkpt>
      <trkpt lat="23.073519" lon="113.271445">
        <time>2026-10-02T22:15:46Z</time>
      </trkpt>
      <trkpt lat="23.073403" lon="113.271401">
        <time>2026-10-02T22:15:51Z</time>
      </trkpt>
      <trkpt lat="23.07329" lon="113.271345">
        <time>2026-10-02T22:15:56Z</time>
      </trkpt>
      <trkpt lat="23.073222" lon="113.271232">
        <time>2026-10-02T22:16:01Z</time>
      </trkpt>
      <trkpt lat="23.073148" lon="113.271175">
        <time>2026-10-02T22:16:06Z</time>
      </trkpt>
      <trkpt lat="23.073047" lon="113.271117">
        <time>2026-10-02T22:16:11Z</time>
      </trkpt>
      <trkpt lat="23.072935" lon="113.271058">
        <time>2026-10-02T22:16:16Z</time>
      </trkpt>
      <trkpt lat="23.072837" lon="113.271">
        <time>2026-10-02T22:16:21Z</time>
      </trkpt>
      <trkpt lat="23.072728" lon="113.270929">
        <time>2026-10-02T22:16:26Z</time>
      </trkpt>
      <trkpt lat="23.072622" lon="113.270862">
        <time>2026-10-02T22:16:31Z</time>
      </trkpt>
      <trkpt lat="23.072495" lon="113.270823">
        <time>2026-10-02T22:16:36Z</time>
      </trkpt>
      <trkpt lat="23.072387" lon="113.270777">
        <time>2026-10-02T22:16:41Z</time>
      </trkpt>
      <trkpt lat="23.072279" lon="113.270717">
        <time>2026-10-02T22:16:46Z</time>
      </trkpt>
      <trkpt lat="23.072158" lon="113.270653">
        <time>2026-10-02T22:16:51Z</time>
      </trkpt>
      <trkpt lat="23.072048" lon="113.270599">
        <time>2026-10-02T22:16:56Z</time>
      </trkpt>
      <trkpt lat="23.071929" lon="113.270561">
        <time>2026-10-02T22:17:01Z</time>
      </trkpt>
      <trkpt lat="23.071809" lon="113.270497">
        <time>2026-10-02T22:17:06Z</time>
      </trkpt>
      <trkpt lat="23.071695" lon="113.270419">
        <time>2026-10-02T22:17:11Z</time>
      </trkpt>
      <trkpt lat="23.07157" lon="113.270355">
        <time>2026-10-02T22:17:16Z</time>
      </trkpt>
      <trkpt lat="23.071443" lon="113.2703">
        <time>2026-10-02T22:17:21Z</time>
      </trkpt>
      <trkpt lat="23.071334" lon="113.270247">
        <time>2026-10-02T22:17:26Z</time>
      </trkpt>
      <trkpt lat="23.07122" lon="113.27021">
        <time>2026-10-02T22:17:31Z</time>
      </trkpt>
      <trkpt lat="23.071108" lon="113.270161">
        <time>2026-10-02T22:17:36Z</time>
      </trkpt>
      <trkpt lat="23.070993" lon="113.270102">
        <time>2026-10-02T22:17:41Z</time>
      </trkpt>
      <trkpt lat="23.070887" lon="113.270058">
        <time>2026-10-02T22:17:46Z</time>
      </trkpt>
      <trkpt lat="23.070785" lon="113.270005">
        <time>2026-10-02T22:17:51Z</time>
      </trkpt>
      <trkpt lat="23.070668" lon="113.269961">
        <time>2026-10-02T22:17:56Z</time>
      </trkpt>
      <trkpt lat="23.070548" lon="113.269889">
        <time>2026-10-02T22:18:01Z</time>
      </trkpt>
      <trkpt lat="23.070418" lon="113.269845">
        <time>2026-10-02T22:18:06Z</time>
      </trkpt>
      <trkpt lat="23.070301" lon="113.269788">
        <time>2026-10-02T22:18:11Z</time>
      </trkpt>
      <trkpt lat="23.070192" lon="113.269716">
        <time>2026-10-02T22:18:16Z</time>
      </trkpt>
      <trkpt lat="23.070086" lon="113.269642">
        <time>2026-10-02T22:18:21Z</time>
      </trkpt>
      <trkpt lat="23.069972" lon="113.269598">
        <time>2026-10-02T22:18:26Z</time>
      </trkpt>
      <trkpt lat="23.069856" lon="113.269555">
        <time>2026-10-02T22:18:31Z</time>
      </trkpt>
      <trkpt lat="23.069747" lon="113.269487">
        <time>2026-10-02T22:18:36Z</time>
      </trkpt>
      <trkpt lat="23.069631" lon="113.269413">
        <time>2026-10-02T22:18:41Z</time>
      </trkpt>
      <trkpt lat="23.069525" lon="113.269342">
        <time>2026-10-02T22:18:46Z</time>
      </trkpt>
      <trkpt lat="23.069417" lon="113.269304">
        <time>2026-10-02T22:18:51Z</time>
      </trkpt>
      <trkpt lat="23.069303" lon="113.269264">
        <time>2026-10-02T22:18:56Z</time>
      </trkpt>
      <trkpt lat="23.069201" lon="113.269189">
        <time>2026-10-02T22:19:01Z</time>
      </trkpt>
      <trkpt lat="23.069117" lon="113.269081">
        <time>2026-10-02T22:19:06Z</time>
      </trkpt>
      <trkpt lat="23.069035" lon="113.268994">
        <time>2026-10-02T22:19:11Z</time>
      </trkpt>
      <trkpt lat="23.06893" lon="113.268954">
        <time>2026-10-02T22:19:16Z</time>
      </trkpt>
      <trkpt lat="23.068828" lon="113.268918">
        <time>2026-10-02T22:19:21Z</time>
      </trkpt>
      <trkpt lat="23.068729" lon="113.268867">
        <time>2026-10-02T22:19:26Z</time>
      </trkpt>
      <trkpt lat="23.068615" lon="113.268802">
        <time>2026-10-02T22:19:31Z</time>
      </trkpt>
      <trkpt lat="23.068502" lon="113.26874">
        <time>2026-10-02T22:19:36Z</time>
      </trkpt>
      <trkpt lat="23.068393" lon="113.268698">
        <time>2026-10-02T22:19:41Z</time>
      </trkpt>
      <trkpt lat="23.068276" lon="113.268653">
        <time>2026-10-02T22:19:46Z</time>
      </trkpt>
      <trkpt lat="23.068153" lon="113.268608">
        <time>2026-10-02T22:19:51Z</time>
      </trkpt>
      <trkpt lat="23.068034" lon="113.268553">
        <time>2026-10-02T22:19:56Z</time>
      </trkpt>
      <trkpt lat="23.067908" lon="113.268498">
        <time>2026-10-02T22:20:01Z</time>
      </trkpt>
      <trkpt lat="23.067786" lon="113.268443">
        <time>2026-10-02T22:20:06Z</time>
      </trkpt>
      <trkpt lat="23.067663" lon="113.268383">
        <time>2026-10-02T22:20:11Z</time>
      </trkpt>
      <trkpt lat="23.067542" lon="113.268327">
        <time>2026-10-02T22:20:16Z</time>
      </trkpt>
      <trkpt lat="23.067424" lon="113.268285">
        <time>2026-10-02T22:20:21Z</time>
      </trkpt>
      <trkpt lat="23.067312" lon="113.268237">
        <time>2026-10-02T22:20:26Z</time>
      </trkpt>
      <trkpt lat="23.0672" lon="113.268184">
        <time>2026-10-02T22:20:31Z</time>
      </trkpt>
      <trkpt lat="23.06709" lon="113.268133">
        <time>2026-10-02T22:20:36Z</time>
      </trkpt>
      <trkpt lat="23.066987" lon="113.268073">
        <time>2026-10-02T22:20:41Z</time>
      </trkpt>
      <trkpt lat="23.066871" lon="113.268036">
        <time>2026-10-02T22:20:46Z</time>
      </trkpt>
      <trkpt lat="23.066735" lon="113.268029">
        <time>2026-10-02T22:20:51Z</time>
      </trkpt>
      <trkpt lat="23.066613" lon="113.268005">
        <time>2026-10-02T22:20:56Z</time>
      </trkpt>
      <trkpt lat="23.066499" lon="113.267961">
        <time>2026-10-02T22:21:01Z</time>
      </trkpt>
      <trkpt lat="23.066377" lon="113.26795">
        <time>2026-10-02T22:21:06Z</time>
      </trkpt>
      <trkpt lat="23.066264" lon="113.267978">
        <time>2026-10-02T22:21:11Z</time>
      </trkpt>
      <trkpt lat="23.066168" lon="113.268066">
        <time>2026-10-02T22:21:16Z</time>
      </trkpt>
      <trkpt lat="23.066072" lon="113.268165">
        <time>2026-10-02T22:21:21Z</time>
      </trkpt>
      <trkpt lat="23.065989" lon="113.268273">
        <time>2026-10-02T22:21:26Z</time>
      </trkpt>
      <trkpt lat="23.065916" lon="113.268377">
        <time>2026-10-02T22:21:31Z</time>
      </trkpt>
      <trkpt lat="23.065846" lon="113.26847">
        <time>2026-10-02T22:21:36Z</time>
      </trkpt>
      <trkpt lat="23.065783" lon="113.268565">
        <time>2026-10-02T22:21:41Z</time>
      </trkpt>
      <trkpt lat="23.065732" lon="113.268674">
        <time>2026-10-02T22:21:46Z</time>
      </trkpt>
      <trkpt lat="23.065688" lon="113.268781">
        <time>2026-10-02T22:21:51Z</time>
      </trkpt>
      <trkpt lat="23.065648" lon="113.268887">
        <time>2026-10-02T22:21:56Z</time>
      </trkpt>
      <trkpt lat="23.065604" lon="113.269007">
        <time>2026-10-02T22:22:01Z</time>
      </trkpt>
      <trkpt lat="23.065566" lon="113.269129">
        <time>2026-10-02T22:22:06Z</time>
      </trkpt>
      <trkpt lat="23.06553" lon="113.269256">
        <time>2026-10-02T22:22:11Z</time>
      </trkpt>
      <trkpt lat="23.065497" lon="113.269397">
        <time>2026-10-02T22:22:16Z</time>
      </trkpt>
      <trkpt lat="23.065472" lon="113.269526">
        <time>2026-10-02T22:22:21Z</time>
      </trkpt>
      <trkpt lat="23.06545" lon="113.269655">
        <time>2026-10-02T22:22:26Z</time>
      </trkpt>
      <trkpt lat="23.065422" lon="113.269777">
        <time>2026-10-02T22:22:31Z</time>
      </trkpt>
      <trkpt lat="23.065379" lon="113.2699">
        <time>2026-10-02T22:22:36Z</time>
      </trkpt>
      <trkpt lat="23.065333" lon="113.270029">
        <time>2026-10-02T22:22:41Z</time>
      </trkpt>
      <trkpt lat="23.065281" lon="113.270154">
        <time>2026-10-02T22:22:46Z</time>
      </trkpt>
      <trkpt lat="23.065225" lon="113.270277">
        <time>2026-10-02T22:22:51Z</time>
      </trkpt>
      <trkpt lat="23.065168" lon="113.270403">
        <time>2026-10-02T22:22:56Z</time>
      </trkpt>
      <trkpt lat="23.065111" lon="113.270531">
        <time>2026-10-02T22:23:01Z</time>
      </trkpt>
      <trkpt lat="23.065055" lon="113.270655">
        <time>2026-10-02T22:23:06Z</time>
      </trkpt>
      <trkpt lat="23.065002" lon="113.270771">
        <time>2026-10-02T22:23:11Z</time>
      </trkpt>
      <trkpt lat="23.064945" lon="113.270893">
        <time>2026-10-02T22:23:16Z</time>
      </trkpt>
      <trkpt lat="23.064898" lon="113.271013">
        <time>2026-10-02T22:23:21Z</time>
      </trkpt>
      <trkpt lat="23.064839" lon="113.271129">
        <time>2026-10-02T22:23:26Z</time>
      </trkpt>
      <trkpt lat="23.06478" lon="113.27125">
        <time>2026-10-02T22:23:31Z</time>
      </trkpt>
      <trkpt lat="23.06472" lon="113.271374">
        <time>2026-10-02T22:23:36Z</time>
      </trkpt>
      <trkpt lat="23.06466" lon="113.271503">
        <time>2026-10-02T22:23:41Z</time>
      </trkpt>
      <trkpt lat="23.064601" lon="113.27163">
        <time>2026-10-02T22:23:46Z</time>
      </trkpt>
      <trkpt lat="23.064541" lon="113.271759">
        <time>2026-10-02T22:23:51Z</time>
      </trkpt>
      <trkpt lat="23.064481" lon="113.271886">
        <time>2026-10-02T22:23:56Z</time>
      </trkpt>
      <trkpt lat="23.064421" lon="113.272018">
        <time>2026-10-02T22:24:01Z</time>
      </trkpt>
      <trkpt lat="23.064363" lon="113.272147">
        <time>2026-10-02T22:24:06Z</time>
      </trkpt>
      <trkpt lat="23.064318" lon="113.272274">
        <time>2026-10-02T22:24:11Z</time>
      </trkpt>
      <trkpt lat="23.064315" lon="113.27241">
        <time>2026-10-02T22:24:16Z</time>
      </trkpt>
      <trkpt lat="23.064313" lon="113.272548">
        <time>2026-10-02T22:24:21Z</time>
      </trkpt>
      <trkpt lat="23.064326" lon="113.272684">
        <time>2026-10-02T22:24:26Z</time>
      </trkpt>
      <trkpt lat="23.064366" lon="113.272816">
        <time>2026-10-02T22:24:31Z</time>
      </trkpt>
      <trkpt lat="23.064412" lon="113.272942">
        <time>2026-10-02T22:24:36Z</time>
      </trkpt>
      <trkpt lat="23.064456" lon="113.273062">
        <time>2026-10-02T22:24:41Z</time>
      </trkpt>
      <trkpt lat="23.064466" lon="113.273186">
        <time>2026-10-02T22:24:46Z</time>
      </trkpt>
      <trkpt lat="23.064406" lon="113.273298">
        <time>2026-10-02T22:24:51Z</time>
      </trkpt>
      <trkpt lat="23.064298" lon="113.27338">
        <time>2026-10-02T22:24:56Z</time>
      </trkpt>
      <trkpt lat="23.064193" lon="113.273459">
        <time>2026-10-02T22:25:01Z</time>
      </trkpt>
      <trkpt lat="23.064087" lon="113.273536">
        <time>2026-10-02T22:25:06Z</time>
      </trkpt>
      <trkpt lat="23.063983" lon="113.273627">
        <time>2026-10-02T22:25:11Z</time>
      </trkpt>
      <trkpt lat="23.063895" lon="113.273726">
        <time>2026-10-02T22:25:16Z</time>
      </trkpt>
      <trkpt lat="23.06382" lon="113.273838">
        <time>2026-10-02T22:25:21Z</time>
      </trkpt>
      <trkpt lat="23.063749" lon="113.273956">
        <time>2026-10-02T22:25:26Z</time>
      </trkpt>
      <trkpt lat="23.063673" lon="113.274059">
        <time>2026-10-02T22:25:31Z</time>
      </trkpt>
      <trkpt lat="23.063575" lon="113.274112">
        <time>2026-10-02T22:25:36Z</time>
      </trkpt>
      <trkpt lat="23.063466" lon="113.274078">
        <time>2026-10-02T22:25:41Z</time>
      </trkpt>
      <trkpt lat="23.063388" lon="113.274127">
        <time>2026-10-02T22:25:46Z</time>
      </trkpt>
      <trkpt lat="23.063343" lon="113.274263">
        <time>2026-10-02T22:25:51Z</time>
      </trkpt>
      <trkpt lat="23.063294" lon="113.274405">
        <time>2026-10-02T22:25:56Z</time>
      </trkpt>
      <trkpt lat="23.063246" lon="113.274537">
        <time>2026-10-02T22:26:01Z</time>
      </trkpt>
      <trkpt lat="23.063202" lon="113.274671">
        <time>2026-10-02T22:26:06Z</time>
      </trkpt>
      <trkpt lat="23.063161" lon="113.274798">
        <time>2026-10-02T22:26:11Z</time>
      </trkpt>
      <trkpt lat="23.063116" lon="113.274924">
        <time>2026-10-02T22:26:16Z</time>
      </trkpt>
      <trkpt lat="23.063079" lon="113.275059">
        <time>2026-10-02T22:26:21Z</time>
      </trkpt>
      <trkpt lat="23.063004" lon="113.275162">
        <time>2026-10-02T22:26:26Z</time>
      </trkpt>
      <trkpt lat="23.062912" lon="113.275248">
        <time>2026-10-02T22:26:31Z</time>
      </trkpt>
      <trkpt lat="23.062911" lon="113.27537">
        <time>2026-10-02T22:26:36Z</time>
      </trkpt>
      <trkpt lat="23.062919" lon="113.275497">
        <time>2026-10-02T22:26:41Z</time>
      </trkpt>
      <trkpt lat="23.062839" lon="113.275606">
        <time>2026-10-02T22:26:46Z</time>
      </trkpt>
      <trkpt lat="23.062741" lon="113.275701">
        <time>2026-10-02T22:26:51Z</time>
      </trkpt>
      <trkpt lat="23.062649" lon="113.275804">
        <time>2026-10-02T22:26:56Z</time>
      </trkpt>
      <trkpt lat="23.062566" lon="113.275911">
        <time>2026-10-02T22:27:01Z</time>
      </trkpt>
      <trkpt lat="23.062496" lon="113.276022">
        <time>2026-10-02T22:27:06Z</time>
      </trkpt>
      <trkpt lat="23.06244" lon="113.276137">
        <time>2026-10-02T22:27:11Z</time>
      </trkpt>
      <trkpt lat="23.062393" lon="113.276251">
        <time>2026-10-02T22:27:16Z</time>
      </trkpt>
      <trkpt lat="23.062353" lon="113.276364">
        <time>2026-10-02T22:27:21Z</time>
      </trkpt>
      <trkpt lat="23.062314" lon="113.276477">
        <time>2026-10-02T22:27:26Z</time>
      </trkpt>
      <trkpt lat="23.062269" lon="113.276598">
        <time>2026-10-02T22:27:31Z</time>
      </trkpt>
      <trkpt lat="23.062223" lon="113.276714">
        <time>2026-10-02T22:27:36Z</time>
      </trkpt>
      <trkpt lat="23.062184" lon="113.27683">
        <time>2026-10-02T22:27:41Z</time>
      </trkpt>
      <trkpt lat="23.062136" lon="113.276955">
        <time>2026-10-02T22:27:46Z</time>
      </trkpt>
      <trkpt lat="23.062079" lon="113.277084">
        <time>2026-10-02T22:27:51Z</time>
      </trkpt>
      <trkpt lat="23.062013" lon="113.27722">
        <time>2026-10-02T22:27:56Z</time>
      </trkpt>
      <trkpt lat="23.061961" lon="113.277354">
        <time>2026-10-02T22:28:01Z</time>
      </trkpt>
      <trkpt lat="23.061922" lon="113.277489">
        <time>2026-10-02T22:28:06Z</time>
      </trkpt>
      <trkpt lat="23.061884" lon="113.277626">
        <time>2026-10-02T22:28:11Z</time>
      </trkpt>
      <trkpt lat="23.061849" lon="113.277751">
        <time>2026-10-02T22:28:16Z</time>
      </trkpt>
      <trkpt lat="23.061833" lon="113.277882">
        <time>2026-10-02T22:28:21Z</time>
      </trkpt>
      <trkpt lat="23.061828" lon="113.278005">
        <time>2026-10-02T22:28:26Z</time>
      </trkpt>
      <trkpt lat="23.061831" lon="113.278123">
        <time>2026-10-02T22:28:31Z</time>
      </trkpt>
      <trkpt lat="23.061836" lon="113.278246">
        <time>2026-10-02T22:28:36Z</time>
      </trkpt>
      <trkpt lat="23.061838" lon="113.278375">
        <time>2026-10-02T22:28:41Z</time>
      </trkpt>
      <trkpt lat="23.061852" lon="113.278502">
        <time>2026-10-02T22:28:46Z</time>
      </trkpt>
      <trkpt lat="23.061852" lon="113.278632">
        <time>2026-10-02T22:28:51Z</time>
      </trkpt>
      <trkpt lat="23.06182" lon="113.278729">
        <time>2026-10-02T22:28:56Z</time>
      </trkpt>
      <trkpt lat="23.061727" lon="113.278762">
        <time>2026-10-02T22:29:01Z</time>
      </trkpt>
      <trkpt lat="23.061669" lon="113.278868">
        <time>2026-10-02T22:29:06Z</time>
      </trkpt>
      <trkpt lat="23.061625" lon="113.278989">
        <time>2026-10-02T22:29:11Z</time>
      </trkpt>
      <trkpt lat="23.061582" lon="113.279108">
        <time>2026-10-02T22:29:16Z</time>
      </trkpt>
      <trkpt lat="23.061553" lon="113.279205">
        <time>2026-10-02T22:29:21Z</time>
      </trkpt>
      <trkpt lat="23.061518" lon="113.279333">
        <time>2026-10-02T22:29:26Z</time>
      </trkpt>
      <trkpt lat="23.061469" lon="113.279468">
        <time>2026-10-02T22:29:31Z</time>
      </trkpt>
      <trkpt lat="23.06142" lon="113.279602">
        <time>2026-10-02T22:29:36Z</time>
      </trkpt>
      <trkpt lat="23.061369" lon="113.279729">
        <time>2026-10-02T22:29:41Z</time>
      </trkpt>
      <trkpt lat="23.061317" lon="113.279852">
        <time>2026-10-02T22:29:46Z</time>
      </trkpt>
      <trkpt lat="23.061265" lon="113.279967">
        <time>2026-10-02T22:29:51Z</time>
      </trkpt>
      <trkpt lat="23.061215" lon="113.280085">
        <time>2026-10-02T22:29:56Z</time>
      </trkpt>
      <trkpt lat="23.061162" lon="113.280206">
        <time>2026-10-02T22:30:01Z</time>
      </trkpt>
      <trkpt lat="23.061107" lon="113.280322">
        <time>2026-10-02T22:30:06Z</time>
      </trkpt>
      <trkpt lat="23.061051" lon="113.280432">
        <time>2026-10-02T22:30:11Z</time>
      </trkpt>
      <trkpt lat="23.060999" lon="113.280547">
        <time>2026-10-02T22:30:16Z</time>
      </trkpt>
      <trkpt lat="23.060943" lon="113.280667">
        <time>2026-10-02T22:30:21Z</time>
      </trkpt>
      <trkpt lat="23.06089" lon="113.280789">
        <time>2026-10-02T22:30:26Z</time>
      </trkpt>
      <trkpt lat="23.060838" lon="113.280906">
        <time>2026-10-02T22:30:31Z</time>
      </trkpt>
      <trkpt lat="23.060793" lon="113.281021">
        <time>2026-10-02T22:30:36Z</time>
      </trkpt>
      <trkpt lat="23.060745" lon="113.281132">
        <time>2026-10-02T22:30:41Z</time>
      </trkpt>
      <trkpt lat="23.060701" lon="113.281244">
        <time>2026-10-02T22:30:46Z</time>
      </trkpt>
      <trkpt lat="23.060656" lon="113.281359">
        <time>2026-10-02T22:30:51Z</time>
      </trkpt>
      <trkpt lat="23.060607" lon="113.281478">
        <time>2026-10-02T22:30:56Z</time>
      </trkpt>
      <trkpt lat="23.060558" lon="113.281604">
        <time>2026-10-02T22:31:01Z</time>
      </trkpt>
      <trkpt lat="23.060507" lon="113.281727">
        <time>2026-10-02T22:31:06Z</time>
      </trkpt>
      <trkpt lat="23.060455" lon="113.281845">
        <time>2026-10-02T22:31:11Z</time>
      </trkpt>
      <trkpt lat="23.060404" lon="113.281964">
        <time>2026-10-02T22:31:16Z</time>
      </trkpt>
      <trkpt lat="23.060356" lon="113.282084">
        <time>2026-10-02T22:31:21Z</time>
      </trkpt>
      <trkpt lat="23.060314" lon="113.282204">
        <time>2026-10-02T22:31:26Z</time>
      </trkpt>
      <trkpt lat="23.060267" lon="113.282319">
        <time>2026-10-02T22:31:31Z</time>
      </trkpt>
      <trkpt lat="23.060214" lon="113.282434">
        <time>2026-10-02T22:31:36Z</time>
      </trkpt>
      <trkpt lat="23.060159" lon="113.282549">
        <time>2026-10-02T22:31:41Z</time>
      </trkpt>
      <trkpt lat="23.060111" lon="113.282671">
        <time>2026-10-02T22:31:46Z</time>
      </trkpt>
      <trkpt lat="23.060058" lon="113.28279">
        <time>2026-10-02T22:31:51Z</time>
      </trkpt>
      <trkpt lat="23.060008" lon="113.282921">
        <time>2026-10-02T22:31:56Z</time>
      </trkpt>
      <trkpt lat="23.05996" lon="113.283059">
        <time>2026-10-02T22:32:01Z</time>
      </trkpt>
      <trkpt lat="23.059904" lon="113.283185">
        <time>2026-10-02T22:32:06Z</time>
      </trkpt>
      <trkpt lat="23.05984" lon="113.283305">
        <time>2026-10-02T22:32:11Z</time>
      </trkpt>
      <trkpt lat="23.059782" lon="113.283429">
        <time>2026-10-02T22:32:16Z</time>
      </trkpt>
      <trkpt lat="23.059734" lon="113.283549">
        <time>2026-10-02T22:32:21Z</time>
      </trkpt>
      <trkpt lat="23.059691" lon="113.283673">
        <time>2026-10-02T22:32:26Z</time>
      </trkpt>
      <trkpt lat="23.059626" lon="113.283793">
        <time>2026-10-02T22:32:31Z</time>
      </trkpt>
      <trkpt lat="23.059567" lon="113.283914">
        <time>2026-10-02T22:32:36Z</time>
      </trkpt>
      <trkpt lat="23.05952" lon="113.284041">
        <time>2026-10-02T22:32:41Z</time>
      </trkpt>
      <trkpt lat="23.059474" lon="113.284175">
        <time>2026-10-02T22:32:46Z</time>
      </trkpt>
      <trkpt lat="23.05942" lon="113.284309">
        <time>2026-10-02T22:32:51Z</time>
      </trkpt>
      <trkpt lat="23.05936" lon="113.284435">
        <time>2026-10-02T22:32:56Z</time>
      </trkpt>
      <trkpt lat="23.059309" lon="113.284564">
        <time>2026-10-02T22:33:01Z</time>
      </trkpt>
      <trkpt lat="23.059264" lon="113.284694">
        <time>2026-10-02T22:33:06Z</time>
      </trkpt>
      <trkpt lat="23.059206" lon="113.284821">
        <time>2026-10-02T22:33:11Z</time>
      </trkpt>
      <trkpt lat="23.059146" lon="113.284951">
        <time>2026-10-02T22:33:16Z</time>
      </trkpt>
      <trkpt lat="23.059095" lon="113.285082">
        <time>2026-10-02T22:33:21Z</time>
      </trkpt>
      <trkpt lat="23.059042" lon="113.285204">
        <time>2026-10-02T22:33:26Z</time>
      </trkpt>
      <trkpt lat="23.058988" lon="113.285325">
        <time>2026-10-02T22:33:31Z</time>
      </trkpt>
      <trkpt lat="23.058928" lon="113.285451">
        <time>2026-10-02T22:33:36Z</time>
      </trkpt>
      <trkpt lat="23.058872" lon="113.285579">
        <time>2026-10-02T22:33:41Z</time>
      </trkpt>
      <trkpt lat="23.058814" lon="113.285707">
        <time>2026-10-02T22:33:46Z</time>
      </trkpt>
      <trkpt lat="23.058762" lon="113.285835">
        <time>2026-10-02T22:33:51Z</time>
      </trkpt>
      <trkpt lat="23.058708" lon="113.285965">
        <time>2026-10-02T22:33:56Z</time>
      </trkpt>
      <trkpt lat="23.058653" lon="113.286099">
        <time>2026-10-02T22:34:01Z</time>
      </trkpt>
      <trkpt lat="23.058636" lon="113.286231">
        <time>2026-10-02T22:34:06Z</time>
      </trkpt>
      <trkpt lat="23.058706" lon="113.286328">
        <time>2026-10-02T22:34:11Z</time>
      </trkpt>
      <trkpt lat="23.058841" lon="113.286364">
        <time>2026-10-02T22:34:16Z</time>
      </trkpt>
      <trkpt lat="23.05897" lon="113.286377">
        <time>2026-10-02T22:34:21Z</time>
      </trkpt>
      <trkpt lat="23.059098" lon="113.286404">
        <time>2026-10-02T22:34:26Z</time>
      </trkpt>
      <trkpt lat="23.059227" lon="113.286429">
        <time>2026-10-02T22:34:31Z</time>
      </trkpt>
      <trkpt lat="23.059352" lon="113.286443">
        <time>2026-10-02T22:34:36Z</time>
      </trkpt>
      <trkpt lat="23.059477" lon="113.286449">
        <time>2026-10-02T22:34:41Z</time>
      </trkpt>
      <trkpt lat="23.059601" lon="113.286439">
        <time>2026-10-02T22:34:46Z</time>
      </trkpt>
      <trkpt lat="23.059722" lon="113.286433">
        <time>2026-10-02T22:34:51Z</time>
      </trkpt>
      <trkpt lat="23.059843" lon="113.286448">
        <time>2026-10-02T22:34:56Z</time>
      </trkpt>
      <trkpt lat="23.059965" lon="113.286457">
        <time>2026-10-02T22:35:01Z</time>
      </trkpt>
      <trkpt lat="23.060074" lon="113.28652">
        <time>2026-10-02T22:35:06Z</time>
      </trkpt>
      <trkpt lat="23.060132" lon="113.286661">
        <time>2026-10-02T22:35:11Z</time>
      </trkpt>
      <trkpt lat="23.06015" lon="113.28681">
        <time>2026-10-02T22:35:16Z</time>
      </trkpt>
      <trkpt lat="23.06016" lon="113.286953">
        <time>2026-10-02T22:35:21Z</time>
      </trkpt>
      <trkpt lat="23.060181" lon="113.28709">
        <time>2026-10-02T22:35:26Z</time>
      </trkpt>
      <trkpt lat="23.060216" lon="113.287234">
        <time>2026-10-02T22:35:31Z</time>
      </trkpt>
      <trkpt lat="23.060241" lon="113.28736">
        <time>2026-10-02T22:35:36Z</time>
      </trkpt>
      <trkpt lat="23.060246" lon="113.287474">
        <time>2026-10-02T22:35:41Z</time>
      </trkpt>
      <trkpt lat="23.060232" lon="113.287606">
        <time>2026-10-02T22:35:46Z</time>
      </trkpt>
      <trkpt lat="23.060183" lon="113.287769">
        <time>2026-10-02T22:35:51Z</time>
      </trkpt>
      <trkpt lat="23.060153" lon="113.287891">
        <time>2026-10-02T22:35:56Z</time>
      </trkpt>
      <trkpt lat="23.060062" lon="113.287957">
        <time>2026-10-02T22:36:01Z</time>
      </trkpt>
      <trkpt lat="23.059928" lon="113.288018">
        <time>2026-10-02T22:36:06Z</time>
      </trkpt>
      <trkpt lat="23.0598" lon="113.288058">
        <time>2026-10-02T22:36:11Z</time>
      </trkpt>
      <trkpt lat="23.059681" lon="113.288061">
        <time>2026-10-02T22:36:16Z</time>
      </trkpt>
      <trkpt lat="23.059567" lon="113.288055">
        <time>2026-10-02T22:36:21Z</time>
      </trkpt>
      <trkpt lat="23.059446" lon="113.288064">
        <time>2026-10-02T22:36:26Z</time>
      </trkpt>
      <trkpt lat="23.059315" lon="113.288072">
        <time>2026-10-02T22:36:31Z</time>
      </trkpt>
      <trkpt lat="23.059186" lon="113.288081">
        <time>2026-10-02T22:36:36Z</time>
      </trkpt>
      <trkpt lat="23.05906" lon="113.288074">
        <time>2026-10-02T22:36:41Z</time>
      </trkpt>
      <trkpt lat="23.058936" lon="113.288071">
        <time>2026-10-02T22:36:46Z</time>
      </trkpt>
      <trkpt lat="23.058818" lon="113.288074">
        <time>2026-10-02T22:36:51Z</time>
      </trkpt>
      <trkpt lat="23.058697" lon="113.288094">
        <time>2026-10-02T22:36:56Z</time>
      </trkpt>
      <trkpt lat="23.058575" lon="113.288153">
        <time>2026-10-02T22:37:01Z</time>
      </trkpt>
      <trkpt lat="23.058464" lon="113.288242">
        <time>2026-10-02T22:37:06Z</time>
      </trkpt>
      <trkpt lat="23.058393" lon="113.288366">
        <time>2026-10-02T22:37:11Z</time>
      </trkpt>
      <trkpt lat="23.058374" lon="113.288502">
        <time>2026-10-02T22:37:16Z</time>
      </trkpt>
      <trkpt lat="23.058392" lon="113.28864">
        <time>2026-10-02T22:37:21Z</time>
      </trkpt>
      <trkpt lat="23.058418" lon="113.28877">
        <time>2026-10-02T22:37:26Z</time>
      </trkpt>
      <trkpt lat="23.058452" lon="113.288892">
        <time>2026-10-02T22:37:31Z</time>
      </trkpt>
      <trkpt lat="23.058478" lon="113.28902">
        <time>2026-10-02T22:37:36Z</time>
      </trkpt>
      <trkpt lat="23.058486" lon="113.289156">
        <time>2026-10-02T22:37:41Z</time>
      </trkpt>
      <trkpt lat="23.058488" lon="113.289299">
        <time>2026-10-02T22:37:46Z</time>
      </trkpt>
      <trkpt lat="23.058497" lon="113.289447">
        <time>2026-10-02T22:37:51Z</time>
      </trkpt>
      <trkpt lat="23.058529" lon="113.289578">
        <time>2026-10-02T22:37:56Z</time>
      </trkpt>
      <trkpt lat="23.058556" lon="113.289721">
        <time>2026-10-02T22:38:01Z</time>
      </trkpt>
      <trkpt lat="23.058575" lon="113.28986">
        <time>2026-10-02T22:38:06Z</time>
      </trkpt>
      <trkpt lat="23.058599" lon="113.290003">
        <time>2026-10-02T22:38:11Z</time>
      </trkpt>
      <trkpt lat="23.05862" lon="113.290152">
        <time>2026-10-02T22:38:16Z</time>
      </trkpt>
      <trkpt lat="23.058634" lon="113.290295">
        <time>2026-10-02T22:38:21Z</time>
      </trkpt>
      <trkpt lat="23.058657" lon="113.290428">
        <time>2026-10-02T22:38:26Z</time>
      </trkpt>
      <trkpt lat="23.058683" lon="113.290566">
        <time>2026-10-02T22:38:31Z</time>
      </trkpt>
      <trkpt lat="23.058711" lon="113.290699">
        <time>2026-10-02T22:38:36Z</time>
      </trkpt>
      <trkpt lat="23.058727" lon="113.290824">
        <time>2026-10-02T22:38:41Z</time>
      </trkpt>
      <trkpt lat="23.05874" lon="113.290947">
        <time>2026-10-02T22:38:46Z</time>
      </trkpt>
      <trkpt lat="23.058755" lon="113.291072">
        <time>2026-10-02T22:38:51Z</time>
      </trkpt>
      <trkpt lat="23.058779" lon="113.291207">
        <time>2026-10-02T22:38:56Z</time>
      </trkpt>
      <trkpt lat="23.058806" lon="113.291335">
        <time>2026-10-02T22:39:01Z</time>
      </trkpt>
      <trkpt lat="23.058829" lon="113.291468">
        <time>2026-10-02T22:39:06Z</time>
      </trkpt>
      <trkpt lat="23.058835" lon="113.291607">
        <time>2026-10-02T22:39:11Z</time>
      </trkpt>
      <trkpt lat="23.05885" lon="113.291751">
        <time>2026-10-02T22:39:16Z</time>
      </trkpt>
      <trkpt lat="23.058872" lon="113.291897">
        <time>2026-10-02T22:39:21Z</time>
      </trkpt>
      <trkpt lat="23.058902" lon="113.29204">
        <time>2026-10-02T22:39:26Z</time>
      </trkpt>
      <trkpt lat="23.05893" lon="113.292177">
        <time>2026-10-02T22:39:31Z</time>
      </trkpt>
      <trkpt lat="23.058945" lon="113.29231">
        <time>2026-10-02T22:39:36Z</time>
      </trkpt>
      <trkpt lat="23.058964" lon="113.292447">
        <time>2026-10-02T22:39:41Z</time>
      </trkpt>
      <trkpt lat="23.058986" lon="113.292584">
        <time>2026-10-02T22:39:46Z</time>
      </trkpt>
      <trkpt lat="23.059004" lon="113.292713">
        <time>2026-10-02T22:39:51Z</time>
      </trkpt>
      <trkpt lat="23.059022" lon="113.292835">
        <time>2026-10-02T22:39:56Z</time>
      </trkpt>
      <trkpt lat="23.059031" lon="113.292968">
        <time>2026-10-02T22:40:01Z</time>
      </trkpt>
      <trkpt lat="23.059017" lon="113.29309">
        <time>2026-10-02T22:40:06Z</time>
      </trkpt>
      <trkpt lat="23.058995" lon="113.293209">
        <time>2026-10-02T22:40:11Z</time>
      </trkpt>
      <trkpt lat="23.058975" lon="113.293352">
        <time>2026-10-02T22:40:16Z</time>
      </trkpt>
      <trkpt lat="23.058964" lon="113.293501">
        <time>2026-10-02T22:40:21Z</time>
      </trkpt>
      <trkpt lat="23.058968" lon="113.293632">
        <time>2026-10-02T22:40:26Z</time>
      </trkpt>
      <trkpt lat="23.05897" lon="113.293763">
        <time>2026-10-02T22:40:31Z</time>
      </trkpt>
      <trkpt lat="23.058898" lon="113.293912">
        <time>2026-10-02T22:40:36Z</time>
      </trkpt>
      <trkpt lat="23.058843" lon="113.294053">
        <time>2026-10-02T22:40:41Z</time>
      </trkpt>
      <trkpt lat="23.058815" lon="113.294175">
        <time>2026-10-02T22:40:46Z</time>
      </trkpt>
      <trkpt lat="23.058795" lon="113.294324">
        <time>2026-10-02T22:40:51Z</time>
      </trkpt>
      <trkpt lat="23.058766" lon="113.294471">
        <time>2026-10-02T22:40:56Z</time>
      </trkpt>
      <trkpt lat="23.058739" lon="113.294607">
        <time>2026-10-02T22:41:01Z</time>
      </trkpt>
      <trkpt lat="23.058721" lon="113.294768">
        <time>2026-10-02T22:41:06Z</time>
      </trkpt>
      <trkpt lat="23.058699" lon="113.294919">
        <time>2026-10-02T22:41:11Z</time>
      </trkpt>
      <trkpt lat="23.058672" lon="113.295055">
        <time>2026-10-02T22:41:16Z</time>
      </trkpt>
      <trkpt lat="23.058638" lon="113.295188">
        <time>2026-10-02T22:41:21Z</time>
      </trkpt>
      <trkpt lat="23.058613" lon="113.295311">
        <time>2026-10-02T22:41:26Z</time>
      </trkpt>
      <trkpt lat="23.058584" lon="113.295434">
        <time>2026-10-02T22:41:31Z</time>
      </trkpt>
      <trkpt lat="23.058554" lon="113.295575">
        <time>2026-10-02T22:41:36Z</time>
      </trkpt>
      <trkpt lat="23.058514" lon="113.295718">
        <time>2026-10-02T22:41:41Z</time>
      </trkpt>
      <trkpt lat="23.05847" lon="113.295858">
        <time>2026-10-02T22:41:46Z</time>
      </trkpt>
      <trkpt lat="23.058442" lon="113.296024">
        <time>2026-10-02T22:41:51Z</time>
      </trkpt>
      <trkpt lat="23.058426" lon="113.29617">
        <time>2026-10-02T22:41:56Z</time>
      </trkpt>
      <trkpt lat="23.058399" lon="113.296287">
        <time>2026-10-02T22:42:01Z</time>
      </trkpt>
      <trkpt lat="23.058364" lon="113.296409">
        <time>2026-10-02T22:42:06Z</time>
      </trkpt>
      <trkpt lat="23.05835" lon="113.296554">
        <time>2026-10-02T22:42:11Z</time>
      </trkpt>
      <trkpt lat="23.058315" lon="113.296727">
        <time>2026-10-02T22:42:16Z</time>
      </trkpt>
      <trkpt lat="23.058277" lon="113.296875">
        <time>2026-10-02T22:42:21Z</time>
      </trkpt>
      <trkpt lat="23.058258" lon="113.297007">
        <time>2026-10-02T22:42:26Z</time>
      </trkpt>
      <trkpt lat="23.058252" lon="113.297132">
        <time>2026-10-02T22:42:31Z</time>
      </trkpt>
      <trkpt lat="23.058242" lon="113.297272">
        <time>2026-10-02T22:42:36Z</time>
      </trkpt>
      <trkpt lat="23.058234" lon="113.297416">
        <time>2026-10-02T22:42:41Z</time>
      </trkpt>
      <trkpt lat="23.058233" lon="113.297554">
        <time>2026-10-02T22:42:46Z</time>
      </trkpt>
      <trkpt lat="23.058243" lon="113.297683">
        <time>2026-10-02T22:42:51Z</time>
      </trkpt>
      <trkpt lat="23.058243" lon="113.297813">
        <time>2026-10-02T22:42:56Z</time>
      </trkpt>
      <trkpt lat="23.058242" lon="113.297962">
        <time>2026-10-02T22:43:01Z</time>
      </trkpt>
      <trkpt lat="23.058231" lon="113.298097">
        <time>2026-10-02T22:43:06Z</time>
      </trkpt>
      <trkpt lat="23.058218" lon="113.298227">
        <time>2026-10-02T22:43:11Z</time>
      </trkpt>
      <trkpt lat="23.0582" lon="113.29837">
        <time>2026-10-02T22:43:16Z</time>
      </trkpt>
      <trkpt lat="23.05819" lon="113.298507">
        <time>2026-10-02T22:43:21Z</time>
      </trkpt>
      <trkpt lat="23.058176" lon="113.298642">
        <time>2026-10-02T22:43:26Z</time>
      </trkpt>
      <trkpt lat="23.058162" lon="113.298772">
        <time>2026-10-02T22:43:31Z</time>
      </trkpt>
      <trkpt lat="23.058132" lon="113.298902">
        <time>2026-10-02T22:43:36Z</time>
      </trkpt>
      <trkpt lat="23.058088" lon="113.299021">
        <time>2026-10-02T22:43:41Z</time>
      </trkpt>
      <trkpt lat="23.058075" lon="113.299151">
        <time>2026-10-02T22:43:46Z</time>
      </trkpt>
      <trkpt lat="23.058066" lon="113.299272">
        <time>2026-10-02T22:43:51Z</time>
      </trkpt>
      <trkpt lat="23.058055" lon="113.299392">
        <time>2026-10-02T22:43:56Z</time>
      </trkpt>
      <trkpt lat="23.05805" lon="113.299548">
        <time>2026-10-02T22:44:01Z</time>
      </trkpt>
      <trkpt lat="23.058052" lon="113.299686">
        <time>2026-10-02T22:44:06Z</time>
      </trkpt>
      <trkpt lat="23.05804" lon="113.299816">
        <time>2026-10-02T22:44:11Z</time>
      </trkpt>
      <trkpt lat="23.05802" lon="113.299945">
        <time>2026-10-02T22:44:16Z</time>
      </trkpt>
      <trkpt lat="23.058001" lon="113.300078">
        <time>2026-10-02T22:44:21Z</time>
      </trkpt>
      <trkpt lat="23.057982" lon="113.300207">
        <time>2026-10-02T22:44:26Z</time>
      </trkpt>
      <trkpt lat="23.057957" lon="113.300331">
        <time>2026-10-02T22:44:31Z</time>
      </trkpt>
      <trkpt lat="23.05795" lon="113.300468">
        <time>2026-10-02T22:44:36Z</time>
      </trkpt>
      <trkpt lat="23.057924" lon="113.300621">
        <time>2026-10-02T22:44:41Z</time>
      </trkpt>
      <trkpt lat="23.057888" lon="113.300766">
        <time>2026-10-02T22:44:46Z</time>
      </trkpt>
      <trkpt lat="23.057858" lon="113.300905">
        <time>2026-10-02T22:44:51Z</time>
      </trkpt>
      <trkpt lat="23.057827" lon="113.301041">
        <time>2026-10-02T22:44:56Z</time>
      </trkpt>
      <trkpt lat="23.057798" lon="113.301165">
        <time>2026-10-02T22:45:01Z</time>
      </trkpt>
      <trkpt lat="23.057779" lon="113.301297">
        <time>2026-10-02T22:45:06Z</time>
      </trkpt>
      <trkpt lat="23.057762" lon="113.30143">
        <time>2026-10-02T22:45:11Z</time>
      </trkpt>
      <trkpt lat="23.057748" lon="113.30157">
        <time>2026-10-02T22:45:16Z</time>
      </trkpt>
      <trkpt lat="23.057736" lon="113.301713">
        <time>2026-10-02T22:45:21Z</time>
      </trkpt>
      <trkpt lat="23.057719" lon="113.301838">
        <time>2026-10-02T22:45:26Z</time>
      </trkpt>
      <trkpt lat="23.057694" lon="113.301965">
        <time>2026-10-02T22:45:31Z</time>
      </trkpt>
      <trkpt lat="23.057678" lon="113.3021">
        <time>2026-10-02T22:45:36Z</time>
      </trkpt>
      <trkpt lat="23.057677" lon="113.302221">
        <time>2026-10-02T22:45:41Z</time>
      </trkpt>
      <trkpt lat="23.057655" lon="113.302329">
        <time>2026-10-02T22:45:46Z</time>
      </trkpt>
      <trkpt lat="23.057599" lon="113.302423">
        <time>2026-10-02T22:45:51Z</time>
      </trkpt>
      <trkpt lat="23.057526" lon="113.302499">
        <time>2026-10-02T22:45:56Z</time>
      </trkpt>
      <trkpt lat="23.057527" lon="113.302648">
        <time>2026-10-02T22:46:01Z</time>
      </trkpt>
      <trkpt lat="23.05753" lon="113.302792">
        <time>2026-10-02T22:46:06Z</time>
      </trkpt>
      <trkpt lat="23.057516" lon="113.302916">
        <time>2026-10-02T22:46:11Z</time>
      </trkpt>
      <trkpt lat="23.057513" lon="113.303021">
        <time>2026-10-02T22:46:16Z</time>
      </trkpt>
      <trkpt lat="23.0575" lon="113.303138">
        <time>2026-10-02T22:46:21Z</time>
      </trkpt>
      <trkpt lat="23.05747" lon="113.30327">
        <time>2026-10-02T22:46:26Z</time>
      </trkpt>
      <trkpt lat="23.057445" lon="113.303403">
        <time>2026-10-02T22:46:31Z</time>
      </trkpt>
      <trkpt lat="23.057445" lon="113.303537">
        <time>2026-10-02T22:46:36Z</time>
      </trkpt>
      <trkpt lat="23.057436" lon="113.303657">
        <time>2026-10-02T22:46:41Z</time>
      </trkpt>
      <trkpt lat="23.057418" lon="113.303777">
        <time>2026-10-02T22:46:46Z</time>
      </trkpt>
      <trkpt lat="23.057396" lon="113.303931">
        <time>2026-10-02T22:46:51Z</time>
      </trkpt>
      <trkpt lat="23.057393" lon="113.304088">
        <time>2026-10-02T22:46:56Z</time>
      </trkpt>
      <trkpt lat="23.05737" lon="113.304251">
        <time>2026-10-02T22:47:01Z</time>
      </trkpt>
      <trkpt lat="23.057307" lon="113.304408">
        <time>2026-10-02T22:47:06Z</time>
      </trkpt>
      <trkpt lat="23.057291" lon="113.30453">
        <time>2026-10-02T22:47:11Z</time>
      </trkpt>
      <trkpt lat="23.057287" lon="113.304633">
        <time>2026-10-02T22:47:16Z</time>
      </trkpt>
      <trkpt lat="23.057263" lon="113.304768">
        <time>2026-10-02T22:47:21Z</time>
      </trkpt>
      <trkpt lat="23.057238" lon="113.304912">
        <time>2026-10-02T22:47:26Z</time>
      </trkpt>
      <trkpt lat="23.057228" lon="113.30505">
        <time>2026-10-02T22:47:31Z</time>
      </trkpt>
      <trkpt lat="23.057218" lon="113.305178">
        <time>2026-10-02T22:47:36Z</time>
      </trkpt>
      <trkpt lat="23.057204" lon="113.305318">
        <time>2026-10-02T22:47:41Z</time>
      </trkpt>
      <trkpt lat="23.057206" lon="113.305447">
        <time>2026-10-02T22:47:46Z</time>
      </trkpt>
      <trkpt lat="23.057196" lon="113.305581">
        <time>2026-10-02T22:47:51Z</time>
      </trkpt>
      <trkpt lat="23.05718" lon="113.305713">
        <time>2026-10-02T22:47:56Z</time>
      </trkpt>
      <trkpt lat="23.057172" lon="113.305855">
        <time>2026-10-02T22:48:01Z</time>
      </trkpt>
      <trkpt lat="23.057162" lon="113.306">
        <time>2026-10-02T22:48:06Z</time>
      </trkpt>
      <trkpt lat="23.05714" lon="113.306152">
        <time>2026-10-02T22:48:11Z</time>
      </trkpt>
      <trkpt lat="23.057118" lon="113.306286">
        <time>2026-10-02T22:48:16Z</time>
      </trkpt>
      <trkpt lat="23.057109" lon="113.306401">
        <time>2026-10-02T22:48:21Z</time>
      </trkpt>
      <trkpt lat="23.057102" lon="113.306512">
        <time>2026-10-02T22:48:26Z</time>
      </trkpt>
      <trkpt lat="23.057104" lon="113.306648">
        <time>2026-10-02T22:48:31Z</time>
      </trkpt>
      <trkpt lat="23.057121" lon="113.306808">
        <time>2026-10-02T22:48:36Z</time>
      </trkpt>
      <trkpt lat="23.057155" lon="113.306969">
        <time>2026-10-02T22:48:41Z</time>
      </trkpt>
      <trkpt lat="23.057164" lon="113.307106">
        <time>2026-10-02T22:48:46Z</time>
      </trkpt>
      <trkpt lat="23.057169" lon="113.307226">
        <time>2026-10-02T22:48:51Z</time>
      </trkpt>
      <trkpt lat="23.057164" lon="113.307358">
        <time>2026-10-02T22:48:56Z</time>
      </trkpt>
      <trkpt lat="23.057171" lon="113.307484">
        <time>2026-10-02T22:49:01Z</time>
      </trkpt>
      <trkpt lat="23.057181" lon="113.307628">
        <time>2026-10-02T22:49:06Z</time>
      </trkpt>
      <trkpt lat="23.057179" lon="113.30778">
        <time>2026-10-02T22:49:11Z</time>
      </trkpt>
      <trkpt lat="23.057184" lon="113.307911">
        <time>2026-10-02T22:49:16Z</time>
      </trkpt>
      <trkpt lat="23.057196" lon="113.308018">
        <time>2026-10-02T22:49:21Z</time>
      </trkpt>
      <trkpt lat="23.057202" lon="113.30815">
        <time>2026-10-02T22:49:26Z</time>
      </trkpt>
      <trkpt lat="23.05721" lon="113.308296">
        <time>2026-10-02T22:49:31Z</time>
      </trkpt>
      <trkpt lat="23.057215" lon="113.308436">
        <time>2026-10-02T22:49:36Z</time>
      </trkpt>
      <trkpt lat="23.057207" lon="113.30858">
        <time>2026-10-02T22:49:41Z</time>
      </trkpt>
      <trkpt lat="23.0572" lon="113.308733">
        <time>2026-10-02T22:49:46Z</time>
      </trkpt>
      <trkpt lat="23.057217" lon="113.308883">
        <time>2026-10-02T22:49:51Z</time>
      </trkpt>
      <trkpt lat="23.057236" lon="113.309029">
        <time>2026-10-02T22:49:56Z</time>
      </trkpt>
      <trkpt lat="23.057243" lon="113.309165">
        <time>2026-10-02T22:50:01Z</time>
      </trkpt>
      <trkpt lat="23.057252" lon="113.30929">
        <time>2026-10-02T22:50:06Z</time>
      </trkpt>
      <trkpt lat="23.057285" lon="113.309425">
        <time>2026-10-02T22:50:11Z</time>
      </trkpt>
      <trkpt lat="23.057335" lon="113.309574">
        <time>2026-10-02T22:50:16Z</time>
      </trkpt>
      <trkpt lat="23.057359" lon="113.309701">
        <time>2026-10-02T22:50:21Z</time>
      </trkpt>
      <trkpt lat="23.057388" lon="113.309791">
        <time>2026-10-02T22:50:26Z</time>
      </trkpt>
      <trkpt lat="23.057413" lon="113.309899">
        <time>2026-10-02T22:50:31Z</time>
      </trkpt>
      <trkpt lat="23.057428" lon="113.310032">
        <time>2026-10-02T22:50:36Z</time>
      </trkpt>
      <trkpt lat="23.057431" lon="113.310178">
        <time>2026-10-02T22:50:41Z</time>
      </trkpt>
      <trkpt lat="23.057429" lon="113.310335">
        <time>2026-10-02T22:50:46Z</time>
      </trkpt>
      <trkpt lat="23.057433" lon="113.310493">
        <time>2026-10-02T22:50:51Z</time>
      </trkpt>
      <trkpt lat="23.057434" lon="113.310646">
        <time>2026-10-02T22:50:56Z</time>
      </trkpt>
      <trkpt lat="23.05742" lon="113.31078">
        <time>2026-10-02T22:51:01Z</time>
      </trkpt>
      <trkpt lat="23.057385" lon="113.310919">
        <time>2026-10-02T22:51:06Z</time>
      </trkpt>
      <trkpt lat="23.057364" lon="113.311066">
        <time>2026-10-02T22:51:11Z</time>
      </trkpt>
      <trkpt lat="23.057357" lon="113.311215">
        <time>2026-10-02T22:51:16Z</time>
      </trkpt>
      <trkpt lat="23.057355" lon="113.311357">
        <time>2026-10-02T22:51:21Z</time>
      </trkpt>
      <trkpt lat="23.057367" lon="113.3115">
        <time>2026-10-02T22:51:26Z</time>
      </trkpt>
      <trkpt lat="23.057368" lon="113.311644">
        <time>2026-10-02T22:51:31Z</time>
      </trkpt>
      <trkpt lat="23.057378" lon="113.311797">
        <time>2026-10-02T22:51:36Z</time>
      </trkpt>
      <trkpt lat="23.057381" lon="113.311937">
        <time>2026-10-02T22:51:41Z</time>
      </trkpt>
      <trkpt lat="23.057377" lon="113.312069">
        <time>2026-10-02T22:51:46Z</time>
      </trkpt>
      <trkpt lat="23.057368" lon="113.312202">
        <time>2026-10-02T22:51:51Z</time>
      </trkpt>
      <trkpt lat="23.057361" lon="113.312336">
        <time>2026-10-02T22:51:56Z</time>
      </trkpt>
      <trkpt lat="23.05737" lon="113.312472">
        <time>2026-10-02T22:52:01Z</time>
      </trkpt>
      <trkpt lat="23.057381" lon="113.312604">
        <time>2026-10-02T22:52:06Z</time>
      </trkpt>
      <trkpt lat="23.057386" lon="113.312738">
        <time>2026-10-02T22:52:11Z</time>
      </trkpt>
      <trkpt lat="23.057382" lon="113.312876">
        <time>2026-10-02T22:52:16Z</time>
      </trkpt>
      <trkpt lat="23.057385" lon="113.313013">
        <time>2026-10-02T22:52:21Z</time>
      </trkpt>
      <trkpt lat="23.057391" lon="113.313162">
        <time>2026-10-02T22:52:26Z</time>
      </trkpt>
      <trkpt lat="23.057393" lon="113.313303">
        <time>2026-10-02T22:52:31Z</time>
      </trkpt>
      <trkpt lat="23.057405" lon="113.313429">
        <time>2026-10-02T22:52:36Z</time>
      </trkpt>
      <trkpt lat="23.057408" lon="113.313568">
        <time>2026-10-02T22:52:41Z</time>
      </trkpt>
      <trkpt lat="23.057411" lon="113.313706">
        <time>2026-10-02T22:52:46Z</time>
      </trkpt>
      <trkpt lat="23.057422" lon="113.313843">
        <time>2026-10-02T22:52:51Z</time>
      </trkpt>
      <trkpt lat="23.057421" lon="113.313993">
        <time>2026-10-02T22:52:56Z</time>
      </trkpt>
      <trkpt lat="23.057415" lon="113.314132">
        <time>2026-10-02T22:53:01Z</time>
      </trkpt>
      <trkpt lat="23.057423" lon="113.314254">
        <time>2026-10-02T22:53:06Z</time>
      </trkpt>
      <trkpt lat="23.057424" lon="113.314373">
        <time>2026-10-02T22:53:11Z</time>
      </trkpt>
      <trkpt lat="23.05743" lon="113.314495">
        <time>2026-10-02T22:53:16Z</time>
      </trkpt>
      <trkpt lat="23.05744" lon="113.314631">
        <time>2026-10-02T22:53:21Z</time>
      </trkpt>
      <trkpt lat="23.057441" lon="113.31479">
        <time>2026-10-02T22:53:26Z</time>
      </trkpt>
      <trkpt lat="23.057444" lon="113.314959">
        <time>2026-10-02T22:53:31Z</time>
      </trkpt>
      <trkpt lat="23.057433" lon="113.315116">
        <time>2026-10-02T22:53:36Z</time>
      </trkpt>
      <trkpt lat="23.057422" lon="113.315257">
        <time>2026-10-02T22:53:41Z</time>
      </trkpt>
      <trkpt lat="23.057422" lon="113.315409">
        <time>2026-10-02T22:53:46Z</time>
      </trkpt>
      <trkpt lat="23.057434" lon="113.315553">
        <time>2026-10-02T22:53:51Z</time>
      </trkpt>
      <trkpt lat="23.057445" lon="113.315696">
        <time>2026-10-02T22:53:56Z</time>
      </trkpt>
      <trkpt lat="23.057454" lon="113.315843">
        <time>2026-10-02T22:54:01Z</time>
      </trkpt>
      <trkpt lat="23.057455" lon="113.315982">
        <time>2026-10-02T22:54:06Z</time>
      </trkpt>
      <trkpt lat="23.057453" lon="113.316125">
        <time>2026-10-02T22:54:11Z</time>
      </trkpt>
      <trkpt lat="23.057451" lon="113.316265">
        <time>2026-10-02T22:54:16Z</time>
      </trkpt>
      <trkpt lat="23.057443" lon="113.316411">
        <time>2026-10-02T22:54:21Z</time>
      </trkpt>
      <trkpt lat="23.057439" lon="113.316565">
        <time>2026-10-02T22:54:26Z</time>
      </trkpt>
      <trkpt lat="23.057444" lon="113.316704">
        <time>2026-10-02T22:54:31Z</time>
      </trkpt>
      <trkpt lat="23.057452" lon="113.316841">
        <time>2026-10-02T22:54:36Z</time>
      </trkpt>
      <trkpt lat="23.057457" lon="113.316978">
        <time>2026-10-02T22:54:41Z</time>
      </trkpt>
      <trkpt lat="23.057471" lon="113.317111">
        <time>2026-10-02T22:54:46Z</time>
      </trkpt>
      <trkpt lat="23.057474" lon="113.317246">
        <time>2026-10-02T22:54:51Z</time>
      </trkpt>
      <trkpt lat="23.057483" lon="113.317388">
        <time>2026-10-02T22:54:56Z</time>
      </trkpt>
      <trkpt lat="23.05752" lon="113.31753">
        <time>2026-10-02T22:55:01Z</time>
      </trkpt>
      <trkpt lat="23.057582" lon="113.317651">
        <time>2026-10-02T22:55:06Z</time>
      </trkpt>
      <trkpt lat="23.057628" lon="113.317779">
        <time>2026-10-02T22:55:11Z</time>
      </trkpt>
      <trkpt lat="23.057659" lon="113.317915">
        <time>2026-10-02T22:55:16Z</time>
      </trkpt>
      <trkpt lat="23.057691" lon="113.318051">
        <time>2026-10-02T22:55:21Z</time>
      </trkpt>
      <trkpt lat="23.057718" lon="113.318183">
        <time>2026-10-02T22:55:26Z</time>
      </trkpt>
      <trkpt lat="23.057733" lon="113.318324">
        <time>2026-10-02T22:55:31Z</time>
      </trkpt>
      <trkpt lat="23.05775" lon="113.318457">
        <time>2026-10-02T22:55:36Z</time>
      </trkpt>
      <trkpt lat="23.057776" lon="113.318582">
        <time>2026-10-02T22:55:41Z</time>
      </trkpt>
      <trkpt lat="23.057793" lon="113.318708">
        <time>2026-10-02T22:55:46Z</time>
      </trkpt>
      <trkpt lat="23.057805" lon="113.318845">
        <time>2026-10-02T22:55:51Z</time>
      </trkpt>
      <trkpt lat="23.057826" lon="113.318978">
        <time>2026-10-02T22:55:56Z</time>
      </trkpt>
      <trkpt lat="23.057848" lon="113.319099">
        <time>2026-10-02T22:56:01Z</time>
      </trkpt>
      <trkpt lat="23.057844" lon="113.319214">
        <time>2026-10-02T22:56:06Z</time>
      </trkpt>
      <trkpt lat="23.057823" lon="113.319326">
        <time>2026-10-02T22:56:11Z</time>
      </trkpt>
      <trkpt lat="23.057801" lon="113.319436">
        <time>2026-10-02T22:56:16Z</time>
      </trkpt>
      <trkpt lat="23.057792" lon="113.319557">
        <time>2026-10-02T22:56:21Z</time>
      </trkpt>
      <trkpt lat="23.057793" lon="113.319706">
        <time>2026-10-02T22:56:26Z</time>
      </trkpt>
      <trkpt lat="23.057795" lon="113.319871">
        <time>2026-10-02T22:56:31Z</time>
      </trkpt>
      <trkpt lat="23.057797" lon="113.320023">
        <time>2026-10-02T22:56:36Z</time>
      </trkpt>
      <trkpt lat="23.0578" lon="113.320176">
        <time>2026-10-02T22:56:41Z</time>
      </trkpt>
      <trkpt lat="23.057804" lon="113.320341">
        <time>2026-10-02T22:56:46Z</time>
      </trkpt>
      <trkpt lat="23.057805" lon="113.320503">
        <time>2026-10-02T22:56:51Z</time>
      </trkpt>
      <trkpt lat="23.057791" lon="113.320651">
        <time>2026-10-02T22:56:56Z</time>
      </trkpt>
      <trkpt lat="23.057776" lon="113.320812">
        <time>2026-10-02T22:57:01Z</time>
      </trkpt>
      <trkpt lat="23.057774" lon="113.320981">
        <time>2026-10-02T22:57:06Z</time>
      </trkpt>
      <trkpt lat="23.057776" lon="113.321123">
        <time>2026-10-02T22:57:11Z</time>
      </trkpt>
      <trkpt lat="23.05778" lon="113.32125">
        <time>2026-10-02T22:57:16Z</time>
      </trkpt>
      <trkpt lat="23.057782" lon="113.321368">
        <time>2026-10-02T22:57:21Z</time>
      </trkpt>
      <trkpt lat="23.057786" lon="113.321493">
        <time>2026-10-02T22:57:26Z</time>
      </trkpt>
      <trkpt lat="23.057787" lon="113.321617">
        <time>2026-10-02T22:57:31Z</time>
      </trkpt>
      <trkpt lat="23.057778" lon="113.321743">
        <time>2026-10-02T22:57:36Z</time>
      </trkpt>
      <trkpt lat="23.057752" lon="113.321876">
        <time>2026-10-02T22:57:41Z</time>
      </trkpt>
      <trkpt lat="23.057754" lon="113.322015">
        <time>2026-10-02T22:57:46Z</time>
      </trkpt>
      <trkpt lat="23.057773" lon="113.322178">
        <time>2026-10-02T22:57:51Z</time>
      </trkpt>
      <trkpt lat="23.057772" lon="113.322338">
        <time>2026-10-02T22:57:56Z</time>
      </trkpt>
      <trkpt lat="23.057784" lon="113.32249">
        <time>2026-10-02T22:58:01Z</time>
      </trkpt>
      <trkpt lat="23.05779" lon="113.322626">
        <time>2026-10-02T22:58:06Z</time>
      </trkpt>
      <trkpt lat="23.05779" lon="113.322749">
        <time>2026-10-02T22:58:11Z</time>
      </trkpt>
      <trkpt lat="23.057781" lon="113.322861">
        <time>2026-10-02T22:58:16Z</time>
      </trkpt>
      <trkpt lat="23.057779" lon="113.322981">
        <time>2026-10-02T22:58:21Z</time>
      </trkpt>
      <trkpt lat="23.057786" lon="113.323109">
        <time>2026-10-02T22:58:26Z</time>
      </trkpt>
      <trkpt lat="23.057786" lon="113.323246">
        <time>2026-10-02T22:58:31Z</time>
      </trkpt>
      <trkpt lat="23.057787" lon="113.323389">
        <time>2026-10-02T22:58:36Z</time>
      </trkpt>
      <trkpt lat="23.057789" lon="113.323538">
        <time>2026-10-02T22:58:41Z</time>
      </trkpt>
      <trkpt lat="23.057791" lon="113.323682">
        <time>2026-10-02T22:58:46Z</time>
      </trkpt>
      <trkpt lat="23.057796" lon="113.323812">
        <time>2026-10-02T22:58:51Z</time>
      </trkpt>
      <trkpt lat="23.05779" lon="113.323949">
        <time>2026-10-02T22:58:56Z</time>
      </trkpt>
      <trkpt lat="23.057792" lon="113.324087">
        <time>2026-10-02T22:59:01Z</time>
      </trkpt>
      <trkpt lat="23.057785" lon="113.324224">
        <time>2026-10-02T22:59:06Z</time>
      </trkpt>
      <trkpt lat="23.057771" lon="113.324374">
        <time>2026-10-02T22:59:11Z</time>
      </trkpt>
      <trkpt lat="23.057773" lon="113.324519">
        <time>2026-10-02T22:59:16Z</time>
      </trkpt>
      <trkpt lat="23.057763" lon="113.324648">
        <time>2026-10-02T22:59:21Z</time>
      </trkpt>
      <trkpt lat="23.057755" lon="113.324783">
        <time>2026-10-02T22:59:26Z</time>
      </trkpt>
      <trkpt lat="23.057758" lon="113.324942">
        <time>2026-10-02T22:59:31Z</time>
      </trkpt>
      <trkpt lat="23.057756" lon="113.325099">
        <time>2026-10-02T22:59:36Z</time>
      </trkpt>
      <trkpt lat="23.057745" lon="113.325249">
        <time>2026-10-02T22:59:41Z</time>
      </trkpt>
      <trkpt lat="23.057717" lon="113.325389">
        <time>2026-10-02T22:59:46Z</time>
      </trkpt>
      <trkpt lat="23.057714" lon="113.325519">
        <time>2026-10-02T22:59:51Z</time>
      </trkpt>
      <trkpt lat="23.05774" lon="113.325656">
        <time>2026-10-02T22:59:56Z</time>
      </trkpt>
      <trkpt lat="23.057766" lon="113.325796">
        <time>2026-10-02T23:00:01Z</time>
      </trkpt>
      <trkpt lat="23.057761" lon="113.325937">
        <time>2026-10-02T23:00:06Z</time>
      </trkpt>
      <trkpt lat="23.057764" lon="113.326082">
        <time>2026-10-02T23:00:11Z</time>
      </trkpt>
      <trkpt lat="23.057761" lon="113.326224">
        <time>2026-10-02T23:00:16Z</time>
      </trkpt>
      <trkpt lat="23.057775" lon="113.32637">
        <time>2026-10-02T23:00:21Z</time>
      </trkpt>
      <trkpt lat="23.057766" lon="113.326508">
        <time>2026-10-02T23:00:26Z</time>
      </trkpt>
      <trkpt lat="23.057744" lon="113.326648">
        <time>2026-10-02T23:00:31Z</time>
      </trkpt>
      <trkpt lat="23.057726" lon="113.326772">
        <time>2026-10-02T23:00:36Z</time>
      </trkpt>
      <trkpt lat="23.057687" lon="113.326892">
        <time>2026-10-02T23:00:41Z</time>
      </trkpt>
      <trkpt lat="23.057635" lon="113.327026">
        <time>2026-10-02T23:00:46Z</time>
      </trkpt>
      <trkpt lat="23.057591" lon="113.327167">
        <time>2026-10-02T23:00:51Z</time>
      </trkpt>
      <trkpt lat="23.057543" lon="113.3273">
        <time>2026-10-02T23:00:56Z</time>
      </trkpt>
      <trkpt lat="23.057505" lon="113.327433">
        <time>2026-10-02T23:01:01Z</time>
      </trkpt>
      <trkpt lat="23.057461" lon="113.327559">
        <time>2026-10-02T23:01:06Z</time>
      </trkpt>
      <trkpt lat="23.057416" lon="113.327689">
        <time>2026-10-02T23:01:11Z</time>
      </trkpt>
      <trkpt lat="23.057389" lon="113.327822">
        <time>2026-10-02T23:01:16Z</time>
      </trkpt>
      <trkpt lat="23.057346" lon="113.327958">
        <time>2026-10-02T23:01:21Z</time>
      </trkpt>
      <trkpt lat="23.057291" lon="113.328089">
        <time>2026-10-02T23:01:26Z</time>
      </trkpt>
      <trkpt lat="23.057238" lon="113.328214">
        <time>2026-10-02T23:01:31Z</time>
      </trkpt>
      <trkpt lat="23.057188" lon="113.328333">
        <time>2026-10-02T23:01:36Z</time>
      </trkpt>
      <trkpt lat="23.057133" lon="113.328448">
        <time>2026-10-02T23:01:41Z</time>
      </trkpt>
      <trkpt lat="23.057059" lon="113.328555">
        <time>2026-10-02T23:01:46Z</time>
      </trkpt>
      <trkpt lat="23.057003" lon="113.328682">
        <time>2026-10-02T23:01:51Z</time>
      </trkpt>
      <trkpt lat="23.056975" lon="113.328818">
        <time>2026-10-02T23:01:56Z</time>
      </trkpt>
      <trkpt lat="23.05695" lon="113.328936">
        <time>2026-10-02T23:02:01Z</time>
      </trkpt>
      <trkpt lat="23.056935" lon="113.329058">
        <time>2026-10-02T23:02:06Z</time>
      </trkpt>
      <trkpt lat="23.056913" lon="113.329209">
        <time>2026-10-02T23:02:11Z</time>
      </trkpt>
      <trkpt lat="23.05688" lon="113.329376">
        <time>2026-10-02T23:02:16Z</time>
      </trkpt>
      <trkpt lat="23.056827" lon="113.329516">
        <time>2026-10-02T23:02:21Z</time>
      </trkpt>
      <trkpt lat="23.056781" lon="113.329631">
        <time>2026-10-02T23:02:26Z</time>
      </trkpt>
      <trkpt lat="23.056756" lon="113.329748">
        <time>2026-10-02T23:02:31Z</time>
      </trkpt>
      <trkpt lat="23.056729" lon="113.329871">
        <time>2026-10-02T23:02:36Z</time>
      </trkpt>
      <trkpt lat="23.056676" lon="113.330012">
        <time>2026-10-02T23:02:41Z</time>
      </trkpt>
      <trkpt lat="23.056641" lon="113.330151">
        <time>2026-10-02T23:02:46Z</time>
      </trkpt>
      <trkpt lat="23.056594" lon="113.330274">
        <time>2026-10-02T23:02:51Z</time>
      </trkpt>
      <trkpt lat="23.056548" lon="113.330374">
        <time>2026-10-02T23:02:56Z</time>
      </trkpt>
      <trkpt lat="23.056503" lon="113.330495">
        <time>2026-10-02T23:03:01Z</time>
      </trkpt>
      <trkpt lat="23.056439" lon="113.33061">
        <time>2026-10-02T23:03:06Z</time>
      </trkpt>
      <trkpt lat="23.056362" lon="113.330733">
        <time>2026-10-02T23:03:11Z</time>
      </trkpt>
      <trkpt lat="23.056283" lon="113.33087">
        <time>2026-10-02T23:03:16Z</time>
      </trkpt>
      <trkpt lat="23.056215" lon="113.330996">
        <time>2026-10-02T23:03:21Z</time>
      </trkpt>
      <trkpt lat="23.056135" lon="113.331112">
        <time>2026-10-02T23:03:26Z</time>
      </trkpt>
      <trkpt lat="23.056042" lon="113.331222">
        <time>2026-10-02T23:03:31Z</time>
      </trkpt>
      <trkpt lat="23.055943" lon="113.331338">
        <time>2026-10-02T23:03:36Z</time>
      </trkpt>
      <trkpt lat="23.055867" lon="113.331449">
        <time>2026-10-02T23:03:41Z</time>
      </trkpt>
      <trkpt lat="23.0558" lon="113.33153">
        <time>2026-10-02T23:03:46Z</time>
      </trkpt>
      <trkpt lat="23.055714" lon="113.331628">
        <time>2026-10-02T23:03:51Z</time>
      </trkpt>
      <trkpt lat="23.055639" lon="113.331742">
        <time>2026-10-02T23:03:56Z</time>
      </trkpt>
      <trkpt lat="23.055552" lon="113.331853">
        <time>2026-10-02T23:04:01Z</time>
      </trkpt>
      <trkpt lat="23.05546" lon="113.331973">
        <time>2026-10-02T23:04:06Z</time>
      </trkpt>
      <trkpt lat="23.055368" lon="113.332096">
        <time>2026-10-02T23:04:11Z</time>
      </trkpt>
      <trkpt lat="23.055279" lon="113.332226">
        <time>2026-10-02T23:04:16Z</time>
      </trkpt>
      <trkpt lat="23.055195" lon="113.332353">
        <time>2026-10-02T23:04:21Z</time>
      </trkpt>
      <trkpt lat="23.055108" lon="113.332471">
        <time>2026-10-02T23:04:26Z</time>
      </trkpt>
      <trkpt lat="23.055032" lon="113.332587">
        <time>2026-10-02T23:04:31Z</time>
      </trkpt>
      <trkpt lat="23.054976" lon="113.332722">
        <time>2026-10-02T23:04:36Z</time>
      </trkpt>
      <trkpt lat="23.054907" lon="113.332839">
        <time>2026-10-02T23:04:41Z</time>
      </trkpt>
      <trkpt lat="23.05481" lon="113.332946">
        <time>2026-10-02T23:04:46Z</time>
      </trkpt>
      <trkpt lat="23.054704" lon="113.333061">
        <time>2026-10-02T23:04:51Z</time>
      </trkpt>
      <trkpt lat="23.054594" lon="113.333167">
        <time>2026-10-02T23:04:56Z</time>
      </trkpt>
      <trkpt lat="23.054506" lon="113.333263">
        <time>2026-10-02T23:05:01Z</time>
      </trkpt>
      <trkpt lat="23.054426" lon="113.333349">
        <time>2026-10-02T23:05:06Z</time>
      </trkpt>
      <trkpt lat="23.054331" lon="113.333441">
        <time>2026-10-02T23:05:11Z</time>
      </trkpt>
      <trkpt lat="23.054246" lon="113.333551">
        <time>2026-10-02T23:05:16Z</time>
      </trkpt>
      <trkpt lat="23.054178" lon="113.333659">
        <time>2026-10-02T23:05:21Z</time>
      </trkpt>
      <trkpt lat="23.054122" lon="113.333789">
        <time>2026-10-02T23:05:26Z</time>
      </trkpt>
      <trkpt lat="23.054079" lon="113.33393">
        <time>2026-10-02T23:05:31Z</time>
      </trkpt>
      <trkpt lat="23.054034" lon="113.33403">
        <time>2026-10-02T23:05:36Z</time>
      </trkpt>
      <trkpt lat="23.053969" lon="113.334145">
        <time>2026-10-02T23:05:41Z</time>
      </trkpt>
      <trkpt lat="23.053894" lon="113.334277">
        <time>2026-10-02T23:05:46Z</time>
      </trkpt>
      <trkpt lat="23.053815" lon="113.33442">
        <time>2026-10-02T23:05:51Z</time>
      </trkpt>
      <trkpt lat="23.053735" lon="113.334537">
        <time>2026-10-02T23:05:56Z</time>
      </trkpt>
      <trkpt lat="23.053635" lon="113.334633">
        <time>2026-10-02T23:06:01Z</time>
      </trkpt>
      <trkpt lat="23.053552" lon="113.33472">
        <time>2026-10-02T23:06:06Z</time>
      </trkpt>
      <trkpt lat="23.053479" lon="113.334819">
        <time>2026-10-02T23:06:11Z</time>
      </trkpt>
      <trkpt lat="23.053393" lon="113.33491">
        <time>2026-10-02T23:06:16Z</time>
      </trkpt>
      <trkpt lat="23.053306" lon="113.335019">
        <time>2026-10-02T23:06:21Z</time>
      </trkpt>
      <trkpt lat="23.053222" lon="113.335122">
        <time>2026-10-02T23:06:26Z</time>
      </trkpt>
      <trkpt lat="23.053141" lon="113.335219">
        <time>2026-10-02T23:06:31Z</time>
      </trkpt>
      <trkpt lat="23.053051" lon="113.335312">
        <time>2026-10-02T23:06:36Z</time>
      </trkpt>
      <trkpt lat="23.052957" lon="113.335411">
        <time>2026-10-02T23:06:41Z</time>
      </trkpt>
      <trkpt lat="23.052866" lon="113.335511">
        <time>2026-10-02T23:06:46Z</time>
      </trkpt>
      <trkpt lat="23.052799" lon="113.335611">
        <time>2026-10-02T23:06:51Z</time>
      </trkpt>
      <trkpt lat="23.052726" lon="113.335688">
        <time>2026-10-02T23:06:56Z</time>
      </trkpt>
      <trkpt lat="23.052647" lon="113.335791">
        <time>2026-10-02T23:07:01Z</time>
      </trkpt>
      <trkpt lat="23.052575" lon="113.335944">
        <time>2026-10-02T23:07:06Z</time>
      </trkpt>
      <trkpt lat="23.052508" lon="113.336102">
        <time>2026-10-02T23:07:11Z</time>
      </trkpt>
      <trkpt lat="23.052453" lon="113.336237">
        <time>2026-10-02T23:07:16Z</time>
      </trkpt>
      <trkpt lat="23.052401" lon="113.336362">
        <time>2026-10-02T23:07:21Z</time>
      </trkpt>
      <trkpt lat="23.052309" lon="113.33645">
        <time>2026-10-02T23:07:26Z</time>
      </trkpt>
      <trkpt lat="23.052211" lon="113.336533">
        <time>2026-10-02T23:07:31Z</time>
      </trkpt>
      <trkpt lat="23.052113" lon="113.336631">
        <time>2026-10-02T23:07:36Z</time>
      </trkpt>
      <trkpt lat="23.052018" lon="113.336723">
        <time>2026-10-02T23:07:41Z</time>
      </trkpt>
      <trkpt lat="23.051998" lon="113.33687">
        <time>2026-10-02T23:07:46Z</time>
      </trkpt>
      <trkpt lat="23.052055" lon="113.337048">
        <time>2026-10-02T23:07:51Z</time>
      </trkpt>
      <trkpt lat="23.052155" lon="113.337173">
        <time>2026-10-02T23:07:56Z</time>
      </trkpt>
      <trkpt lat="23.052294" lon="113.337199">
        <time>2026-10-02T23:08:01Z</time>
      </trkpt>
      <trkpt lat="23.052425" lon="113.337202">
        <time>2026-10-02T23:08:06Z</time>
      </trkpt>
      <trkpt lat="23.052553" lon="113.33721">
        <time>2026-10-02T23:08:11Z</time>
      </trkpt>
      <trkpt lat="23.052679" lon="113.337215">
        <time>2026-10-02T23:08:16Z</time>
      </trkpt>
      <trkpt lat="23.052801" lon="113.337254">
        <time>2026-10-02T23:08:21Z</time>
      </trkpt>
      <trkpt lat="23.052924" lon="113.337303">
        <time>2026-10-02T23:08:26Z</time>
      </trkpt>
      <trkpt lat="23.053052" lon="113.337328">
        <time>2026-10-02T23:08:31Z</time>
      </trkpt>
      <trkpt lat="23.05318" lon="113.33736">
        <time>2026-10-02T23:08:36Z</time>
      </trkpt>
      <trkpt lat="23.053311" lon="113.337399">
        <time>2026-10-02T23:08:41Z</time>
      </trkpt>
      <trkpt lat="23.05343" lon="113.337434">
        <time>2026-10-02T23:08:46Z</time>
      </trkpt>
      <trkpt lat="23.05355" lon="113.337465">
        <time>2026-10-02T23:08:51Z</time>
      </trkpt>
      <trkpt lat="23.053674" lon="113.337473">
        <time>2026-10-02T23:08:56Z</time>
      </trkpt>
      <trkpt lat="23.053795" lon="113.337497">
        <time>2026-10-02T23:09:01Z</time>
      </trkpt>
      <trkpt lat="23.053918" lon="113.337537">
        <time>2026-10-02T23:09:06Z</time>
      </trkpt>
      <trkpt lat="23.054039" lon="113.33757">
        <time>2026-10-02T23:09:11Z</time>
      </trkpt>
      <trkpt lat="23.054161" lon="113.337608">
        <time>2026-10-02T23:09:16Z</time>
      </trkpt>
      <trkpt lat="23.054286" lon="113.337649">
        <time>2026-10-02T23:09:21Z</time>
      </trkpt>
      <trkpt lat="23.054411" lon="113.337692">
        <time>2026-10-02T23:09:26Z</time>
      </trkpt>
      <trkpt lat="23.054541" lon="113.337727">
        <time>2026-10-02T23:09:31Z</time>
      </trkpt>
      <trkpt lat="23.05467" lon="113.337765">
        <time>2026-10-02T23:09:36Z</time>
      </trkpt>
      <trkpt lat="23.054796" lon="113.337792">
        <time>2026-10-02T23:09:41Z</time>
      </trkpt>
      <trkpt lat="23.054923" lon="113.337822">
        <time>2026-10-02T23:09:46Z</time>
      </trkpt>
      <trkpt lat="23.055052" lon="113.337857">
        <time>2026-10-02T23:09:51Z</time>
      </trkpt>
      <trkpt lat="23.055179" lon="113.337872">
        <time>2026-10-02T23:09:56Z</time>
      </trkpt>
      <trkpt lat="23.055306" lon="113.337894">
        <time>2026-10-02T23:10:01Z</time>
      </trkpt>
      <trkpt lat="23.055436" lon="113.33793">
        <time>2026-10-02T23:10:06Z</time>
      </trkpt>
      <trkpt lat="23.055562" lon="113.337965">
        <time>2026-10-02T23:10:11Z</time>
      </trkpt>
      <trkpt lat="23.05569" lon="113.33799">
        <time>2026-10-02T23:10:16Z</time>
      </trkpt>
      <trkpt lat="23.055817" lon="113.338009">
        <time>2026-10-02T23:10:21Z</time>
      </trkpt>
      <trkpt lat="23.055943" lon="113.338044">
        <time>2026-10-02T23:10:26Z</time>
      </trkpt>
      <trkpt lat="23.056063" lon="113.33807">
        <time>2026-10-02T23:10:31Z</time>
      </trkpt>
      <trkpt lat="23.056187" lon="113.338096">
        <time>2026-10-02T23:10:36Z</time>
      </trkpt>
      <trkpt lat="23.056314" lon="113.33813">
        <time>2026-10-02T23:10:41Z</time>
      </trkpt>
      <trkpt lat="23.056445" lon="113.338164">
        <time>2026-10-02T23:10:46Z</time>
      </trkpt>
      <trkpt lat="23.056575" lon="113.338199">
        <time>2026-10-02T23:10:51Z</time>
      </trkpt>
      <trkpt lat="23.0567" lon="113.338233">
        <time>2026-10-02T23:10:56Z</time>
      </trkpt>
      <trkpt lat="23.056814" lon="113.338252">
        <time>2026-10-02T23:11:01Z</time>
      </trkpt>
      <trkpt lat="23.056933" lon="113.338283">
        <time>2026-10-02T23:11:06Z</time>
      </trkpt>
      <trkpt lat="23.057055" lon="113.338323">
        <time>2026-10-02T23:11:11Z</time>
      </trkpt>
      <trkpt lat="23.057186" lon="113.338354">
        <time>2026-10-02T23:11:16Z</time>
      </trkpt>
      <trkpt lat="23.057309" lon="113.338405">
        <time>2026-10-02T23:11:21Z</time>
      </trkpt>
      <trkpt lat="23.057422" lon="113.338441">
        <time>2026-10-02T23:11:26Z</time>
      </trkpt>
      <trkpt lat="23.05754" lon="113.338488">
        <time>2026-10-02T23:11:31Z</time>
      </trkpt>
      <trkpt lat="23.057664" lon="113.338528">
        <time>2026-10-02T23:11:36Z</time>
      </trkpt>
      <trkpt lat="23.057784" lon="113.338557">
        <time>2026-10-02T23:11:41Z</time>
      </trkpt>
      <trkpt lat="23.057895" lon="113.338595">
        <time>2026-10-02T23:11:46Z</time>
      </trkpt>
      <trkpt lat="23.058022" lon="113.338624">
        <time>2026-10-02T23:11:51Z</time>
      </trkpt>
      <trkpt lat="23.058155" lon="113.338648">
        <time>2026-10-02T23:11:56Z</time>
      </trkpt>
      <trkpt lat="23.058286" lon="113.338681">
        <time>2026-10-02T23:12:01Z</time>
      </trkpt>
      <trkpt lat="23.058412" lon="113.338708">
        <time>2026-10-02T23:12:06Z</time>
      </trkpt>
      <trkpt lat="23.058526" lon="113.338738">
        <time>2026-10-02T23:12:11Z</time>
      </trkpt>
      <trkpt lat="23.058638" lon="113.338757">
        <time>2026-10-02T23:12:16Z</time>
      </trkpt>
      <trkpt lat="23.058765" lon="113.338787">
        <time>2026-10-02T23:12:21Z</time>
      </trkpt>
      <trkpt lat="23.058886" lon="113.338821">
        <time>2026-10-02T23:12:26Z</time>
      </trkpt>
      <trkpt lat="23.059009" lon="113.338865">
        <time>2026-10-02T23:12:31Z</time>
      </trkpt>
      <trkpt lat="23.059135" lon="113.338957">
        <time>2026-10-02T23:12:36Z</time>
      </trkpt>
      <trkpt lat="23.059222" lon="113.339077">
        <time>2026-10-02T23:12:41Z</time>
      </trkpt>
      <trkpt lat="23.059247" lon="113.339214">
        <time>2026-10-02T23:12:46Z</time>
      </trkpt>
      <trkpt lat="23.059233" lon="113.339357">
        <time>2026-10-02T23:12:51Z</time>
      </trkpt>
      <trkpt lat="23.059233" lon="113.339491">
        <time>2026-10-02T23:12:56Z</time>
      </trkpt>
      <trkpt lat="23.059233" lon="113.339632">
        <time>2026-10-02T23:13:01Z</time>
      </trkpt>
      <trkpt lat="23.059234" lon="113.339774">
        <time>2026-10-02T23:13:06Z</time>
      </trkpt>
      <trkpt lat="23.059234" lon="113.33991">
        <time>2026-10-02T23:13:11Z</time>
      </trkpt>
      <trkpt lat="23.059244" lon="113.340042">
        <time>2026-10-02T23:13:16Z</time>
      </trkpt>
      <trkpt lat="23.059255" lon="113.340168">
        <time>2026-10-02T23:13:21Z</time>
      </trkpt>
      <trkpt lat="23.059252" lon="113.340291">
        <time>2026-10-02T23:13:26Z</time>
      </trkpt>
      <trkpt lat="23.059257" lon="113.340422">
        <time>2026-10-02T23:13:31Z</time>
      </trkpt>
      <trkpt lat="23.059267" lon="113.340565">
        <time>2026-10-02T23:13:36Z</time>
      </trkpt>
      <trkpt lat="23.059275" lon="113.340708">
        <time>2026-10-02T23:13:41Z</time>
      </trkpt>
      <trkpt lat="23.059275" lon="113.340851">
        <time>2026-10-02T23:13:46Z</time>
      </trkpt>
      <trkpt lat="23.059269" lon="113.340983">
        <time>2026-10-02T23:13:51Z</time>
      </trkpt>
      <trkpt lat="23.05926" lon="113.341121">
        <time>2026-10-02T23:13:56Z</time>
      </trkpt>
      <trkpt lat="23.05926" lon="113.341255">
        <time>2026-10-02T23:14:01Z</time>
      </trkpt>
      <trkpt lat="23.059264" lon="113.341388">
        <time>2026-10-02T23:14:06Z</time>
      </trkpt>
      <trkpt lat="23.059252" lon="113.341517">
        <time>2026-10-02T23:14:11Z</time>
      </trkpt>
      <trkpt lat="23.059244" lon="113.341649">
        <time>2026-10-02T23:14:16Z</time>
      </trkpt>
      <trkpt lat="23.059246" lon="113.341786">
        <time>2026-10-02T23:14:21Z</time>
      </trkpt>
      <trkpt lat="23.059238" lon="113.341925">
        <time>2026-10-02T23:14:26Z</time>
      </trkpt>
      <trkpt lat="23.059231" lon="113.342062">
        <time>2026-10-02T23:14:31Z</time>
      </trkpt>
      <trkpt lat="23.059235" lon="113.342204">
        <time>2026-10-02T23:14:36Z</time>
      </trkpt>
      <trkpt lat="23.059239" lon="113.342336">
        <time>2026-10-02T23:14:41Z</time>
      </trkpt>
      <trkpt lat="23.059243" lon="113.342478">
        <time>2026-10-02T23:14:46Z</time>
      </trkpt>
      <trkpt lat="23.059242" lon="113.342613">
        <time>2026-10-02T23:14:51Z</time>
      </trkpt>
      <trkpt lat="23.059236" lon="113.342751">
        <time>2026-10-02T23:14:56Z</time>
      </trkpt>
      <trkpt lat="23.05923" lon="113.34289">
        <time>2026-10-02T23:15:01Z</time>
      </trkpt>
      <trkpt lat="23.059226" lon="113.343025">
        <time>2026-10-02T23:15:06Z</time>
      </trkpt>
      <trkpt lat="23.059228" lon="113.34317">
        <time>2026-10-02T23:15:11Z</time>
      </trkpt>
      <trkpt lat="23.059226" lon="113.343312">
        <time>2026-10-02T23:15:16Z</time>
      </trkpt>
      <trkpt lat="23.059229" lon="113.343446">
        <time>2026-10-02T23:15:21Z</time>
      </trkpt>
      <trkpt lat="23.059234" lon="113.343575">
        <time>2026-10-02T23:15:26Z</time>
      </trkpt>
      <trkpt lat="23.059232" lon="113.343706">
        <time>2026-10-02T23:15:31Z</time>
      </trkpt>
      <trkpt lat="23.059247" lon="113.34384">
        <time>2026-10-02T23:15:36Z</time>
      </trkpt>
      <trkpt lat="23.059256" lon="113.343986">
        <time>2026-10-02T23:15:41Z</time>
      </trkpt>
      <trkpt lat="23.059258" lon="113.344138">
        <time>2026-10-02T23:15:46Z</time>
      </trkpt>
      <trkpt lat="23.059251" lon="113.344277">
        <time>2026-10-02T23:15:51Z</time>
      </trkpt>
      <trkpt lat="23.05924" lon="113.34442">
        <time>2026-10-02T23:15:56Z</time>
      </trkpt>
      <trkpt lat="23.059244" lon="113.344559">
        <time>2026-10-02T23:16:01Z</time>
      </trkpt>
      <trkpt lat="23.059244" lon="113.344697">
        <time>2026-10-02T23:16:06Z</time>
      </trkpt>
      <trkpt lat="23.059234" lon="113.344837">
        <time>2026-10-02T23:16:11Z</time>
      </trkpt>
      <trkpt lat="23.059229" lon="113.344979">
        <time>2026-10-02T23:16:16Z</time>
      </trkpt>
      <trkpt lat="23.05923" lon="113.345123">
        <time>2026-10-02T23:16:21Z</time>
      </trkpt>
      <trkpt lat="23.059221" lon="113.345266">
        <time>2026-10-02T23:16:26Z</time>
      </trkpt>
      <trkpt lat="23.059227" lon="113.345411">
        <time>2026-10-02T23:16:31Z</time>
      </trkpt>
      <trkpt lat="23.059232" lon="113.34555">
        <time>2026-10-02T23:16:36Z</time>
      </trkpt>
      <trkpt lat="23.059241" lon="113.345687">
        <time>2026-10-02T23:16:41Z</time>
      </trkpt>
      <trkpt lat="23.059229" lon="113.345827">
        <time>2026-10-02T23:16:46Z</time>
      </trkpt>
      <trkpt lat="23.059216" lon="113.345976">
        <time>2026-10-02T23:16:51Z</time>
      </trkpt>
      <trkpt lat="23.059217" lon="113.346122">
        <time>2026-10-02T23:16:56Z</time>
      </trkpt>
      <trkpt lat="23.059223" lon="113.346266">
        <time>2026-10-02T23:17:01Z</time>
      </trkpt>
      <trkpt lat="23.059226" lon="113.346404">
        <time>2026-10-02T23:17:06Z</time>
      </trkpt>
      <trkpt lat="23.059223" lon="113.346541">
        <time>2026-10-02T23:17:11Z</time>
      </trkpt>
      <trkpt lat="23.059223" lon="113.346676">
        <time>2026-10-02T23:17:16Z</time>
      </trkpt>
      <trkpt lat="23.059238" lon="113.346811">
        <time>2026-10-02T23:17:21Z</time>
      </trkpt>
      <trkpt lat="23.059226" lon="113.346947">
        <time>2026-10-02T23:17:26Z</time>
      </trkpt>
      <trkpt lat="23.059216" lon="113.347088">
        <time>2026-10-02T23:17:31Z</time>
      </trkpt>
      <trkpt lat="23.059198" lon="113.347217">
        <time>2026-10-02T23:17:36Z</time>
      </trkpt>
      <trkpt lat="23.059177" lon="113.347344">
        <time>2026-10-02T23:17:41Z</time>
      </trkpt>
      <trkpt lat="23.059164" lon="113.34749">
        <time>2026-10-02T23:17:46Z</time>
      </trkpt>
      <trkpt lat="23.059154" lon="113.347635">
        <time>2026-10-02T23:17:51Z</time>
      </trkpt>
      <trkpt lat="23.059149" lon="113.347771">
        <time>2026-10-02T23:17:56Z</time>
      </trkpt>
      <trkpt lat="23.059145" lon="113.347912">
        <time>2026-10-02T23:18:01Z</time>
      </trkpt>
      <trkpt lat="23.059155" lon="113.348055">
        <time>2026-10-02T23:18:06Z</time>
      </trkpt>
      <trkpt lat="23.059163" lon="113.348197">
        <time>2026-10-02T23:18:11Z</time>
      </trkpt>
      <trkpt lat="23.059168" lon="113.348338">
        <time>2026-10-02T23:18:16Z</time>
      </trkpt>
      <trkpt lat="23.059168" lon="113.348479">
        <time>2026-10-02T23:18:21Z</time>
      </trkpt>
      <trkpt lat="23.059165" lon="113.348618">
        <time>2026-10-02T23:18:26Z</time>
      </trkpt>
      <trkpt lat="23.059164" lon="113.348758">
        <time>2026-10-02T23:18:31Z</time>
      </trkpt>
      <trkpt lat="23.059149" lon="113.348884">
        <time>2026-10-02T23:18:36Z</time>
      </trkpt>
      <trkpt lat="23.05909" lon="113.348997">
        <time>2026-10-02T23:18:41Z</time>
      </trkpt>
      <trkpt lat="23.058988" lon="113.349048">
        <time>2026-10-02T23:18:46Z</time>
      </trkpt>
      <trkpt lat="23.058869" lon="113.349003">
        <time>2026-10-02T23:18:51Z</time>
      </trkpt>
      <trkpt lat="23.058749" lon="113.348925">
        <time>2026-10-02T23:18:56Z</time>
      </trkpt>
      <trkpt lat="23.058638" lon="113.348863">
        <time>2026-10-02T23:19:01Z</time>
      </trkpt>
      <trkpt lat="23.058523" lon="113.348808">
        <time>2026-10-02T23:19:06Z</time>
      </trkpt>
      <trkpt lat="23.058409" lon="113.34877">
        <time>2026-10-02T23:19:11Z</time>
      </trkpt>
      <trkpt lat="23.0583" lon="113.348747">
        <time>2026-10-02T23:19:16Z</time>
      </trkpt>
      <trkpt lat="23.058182" lon="113.348716">
        <time>2026-10-02T23:19:21Z</time>
      </trkpt>
      <trkpt lat="23.058056" lon="113.348669">
        <time>2026-10-02T23:19:26Z</time>
      </trkpt>
      <trkpt lat="23.05791" lon="113.348671">
        <time>2026-10-02T23:19:31Z</time>
      </trkpt>
      <trkpt lat="23.057767" lon="113.348716">
        <time>2026-10-02T23:19:36Z</time>
      </trkpt>
      <trkpt lat="23.057694" lon="113.348756">
        <time>2026-10-02T23:19:41Z</time>
      </trkpt>
      <trkpt lat="23.057592" lon="113.348774">
        <time>2026-10-02T23:19:46Z</time>
      </trkpt>
      <trkpt lat="23.057469" lon="113.348761">
        <time>2026-10-02T23:19:51Z</time>
      </trkpt>
      <trkpt lat="23.057344" lon="113.348759">
        <time>2026-10-02T23:19:56Z</time>
      </trkpt>
      <trkpt lat="23.057227" lon="113.348754">
        <time>2026-10-02T23:20:01Z</time>
      </trkpt>
      <trkpt lat="23.057105" lon="113.348753">
        <time>2026-10-02T23:20:06Z</time>
      </trkpt>
      <trkpt lat="23.056976" lon="113.348757">
        <time>2026-10-02T23:20:11Z</time>
      </trkpt>
      <trkpt lat="23.056865" lon="113.348761">
        <time>2026-10-02T23:20:16Z</time>
      </trkpt>
      <trkpt lat="23.05673" lon="113.348743">
        <time>2026-10-02T23:20:21Z</time>
      </trkpt>
      <trkpt lat="23.056594" lon="113.348725">
        <time>2026-10-02T23:20:26Z</time>
      </trkpt>
      <trkpt lat="23.056464" lon="113.348714">
        <time>2026-10-02T23:20:31Z</time>
      </trkpt>
      <trkpt lat="23.056339" lon="113.348709">
        <time>2026-10-02T23:20:36Z</time>
      </trkpt>
      <trkpt lat="23.056207" lon="113.348704">
        <time>2026-10-02T23:20:41Z</time>
      </trkpt>
      <trkpt lat="23.056071" lon="113.348699">
        <time>2026-10-02T23:20:46Z</time>
      </trkpt>
      <trkpt lat="23.055943" lon="113.348697">
        <time>2026-10-02T23:20:51Z</time>
      </trkpt>
      <trkpt lat="23.055825" lon="113.348689">
        <time>2026-10-02T23:20:56Z</time>
      </trkpt>
      <trkpt lat="23.055704" lon="113.348682">
        <time>2026-10-02T23:21:01Z</time>
      </trkpt>
      <trkpt lat="23.055581" lon="113.348692">
        <time>2026-10-02T23:21:06Z</time>
      </trkpt>
      <trkpt lat="23.055453" lon="113.348697">
        <time>2026-10-02T23:21:11Z</time>
      </trkpt>
      <trkpt lat="23.05532" lon="113.348702">
        <time>2026-10-02T23:21:16Z</time>
      </trkpt>
      <trkpt lat="23.055185" lon="113.348694">
        <time>2026-10-02T23:21:21Z</time>
      </trkpt>
      <trkpt lat="23.055056" lon="113.348696">
        <time>2026-10-02T23:21:26Z</time>
      </trkpt>
      <trkpt lat="23.054923" lon="113.348702">
        <time>2026-10-02T23:21:31Z</time>
      </trkpt>
      <trkpt lat="23.054786" lon="113.348712">
        <time>2026-10-02T23:21:36Z</time>
      </trkpt>
      <trkpt lat="23.054649" lon="113.348717">
        <time>2026-10-02T23:21:41Z</time>
      </trkpt>
      <trkpt lat="23.054514" lon="113.3487">
        <time>2026-10-02T23:21:46Z</time>
      </trkpt>
      <trkpt lat="23.054376" lon="113.348685">
        <time>2026-10-02T23:21:51Z</time>
      </trkpt>
      <trkpt lat="23.054239" lon="113.348677">
        <time>2026-10-02T23:21:56Z</time>
      </trkpt>
      <trkpt lat="23.054106" lon="113.348681">
        <time>2026-10-02T23:22:01Z</time>
      </trkpt>
      <trkpt lat="23.053978" lon="113.348687">
        <time>2026-10-02T23:22:06Z</time>
      </trkpt>
      <trkpt lat="23.053851" lon="113.348691">
        <time>2026-10-02T23:22:11Z</time>
      </trkpt>
      <trkpt lat="23.053721" lon="113.348681">
        <time>2026-10-02T23:22:16Z</time>
      </trkpt>
      <trkpt lat="23.053591" lon="113.348678">
        <time>2026-10-02T23:22:21Z</time>
      </trkpt>
      <trkpt lat="23.05347" lon="113.348685">
        <time>2026-10-02T23:22:26Z</time>
      </trkpt>
      <trkpt lat="23.053341" lon="113.348685">
        <time>2026-10-02T23:22:31Z</time>
      </trkpt>
      <trkpt lat="23.053206" lon="113.348689">
        <time>2026-10-02T23:22:36Z</time>
      </trkpt>
      <trkpt lat="23.053073" lon="113.348687">
        <time>2026-10-02T23:22:41Z</time>
      </trkpt>
      <trkpt lat="23.052942" lon="113.348679">
        <time>2026-10-02T23:22:46Z</time>
      </trkpt>
      <trkpt lat="23.052806" lon="113.348672">
        <time>2026-10-02T23:22:51Z</time>
      </trkpt>
      <trkpt lat="23.052684" lon="113.348662">
        <time>2026-10-02T23:22:56Z</time>
      </trkpt>
      <trkpt lat="23.052564" lon="113.348651">
        <time>2026-10-02T23:23:01Z</time>
      </trkpt>
      <trkpt lat="23.052434" lon="113.34865">
        <time>2026-10-02T23:23:06Z</time>
      </trkpt>
      <trkpt lat="23.052306" lon="113.348655">
        <time>2026-10-02T23:23:11Z</time>
      </trkpt>
      <trkpt lat="23.052166" lon="113.348655">
        <time>2026-10-02T23:23:16Z</time>
      </trkpt>
      <trkpt lat="23.052038" lon="113.348652">
        <time>2026-10-02T23:23:21Z</time>
      </trkpt>
      <trkpt lat="23.051913" lon="113.348654">
        <time>2026-10-02T23:23:26Z</time>
      </trkpt>
      <trkpt lat="23.051771" lon="113.348652">
        <time>2026-10-02T23:23:31Z</time>
      </trkpt>
      <trkpt lat="23.051632" lon="113.348652">
        <time>2026-10-02T23:23:36Z</time>
      </trkpt>
      <trkpt lat="23.051504" lon="113.348655">
        <time>2026-10-02T23:23:41Z</time>
      </trkpt>
      <trkpt lat="23.051371" lon="113.348655">
        <time>2026-10-02T23:23:46Z</time>
      </trkpt>
      <trkpt lat="23.051238" lon="113.348642">
        <time>2026-10-02T23:23:51Z</time>
      </trkpt>
      <trkpt lat="23.051114" lon="113.34865">
        <time>2026-10-02T23:23:56Z</time>
      </trkpt>
      <trkpt lat="23.050997" lon="113.348659">
        <time>2026-10-02T23:24:01Z</time>
      </trkpt>
      <trkpt lat="23.050871" lon="113.348645">
        <time>2026-10-02T23:24:06Z</time>
      </trkpt>
      <trkpt lat="23.050743" lon="113.348642">
        <time>2026-10-02T23:24:11Z</time>
      </trkpt>
      <trkpt lat="23.05062" lon="113.348629">
        <time>2026-10-02T23:24:16Z</time>
      </trkpt>
      <trkpt lat="23.050495" lon="113.348616">
        <time>2026-10-02T23:24:21Z</time>
      </trkpt>
      <trkpt lat="23.050367" lon="113.348623">
        <time>2026-10-02T23:24:26Z</time>
      </trkpt>
      <trkpt lat="23.050236" lon="113.348627">
        <time>2026-10-02T23:24:31Z</time>
      </trkpt>
      <trkpt lat="23.050105" lon="113.348618">
        <time>2026-10-02T23:24:36Z</time>
      </trkpt>
      <trkpt lat="23.049969" lon="113.348613">
        <time>2026-10-02T23:24:41Z</time>
      </trkpt>
      <trkpt lat="23.049835" lon="113.348613">
        <time>2026-10-02T23:24:46Z</time>
      </trkpt>
      <trkpt lat="23.049714" lon="113.348679">
        <time>2026-10-02T23:24:51Z</time>
      </trkpt>
      <trkpt lat="23.04959" lon="113.348734">
        <time>2026-10-02T23:24:56Z</time>
      </trkpt>
      <trkpt lat="23.049473" lon="113.348741">
        <time>2026-10-02T23:25:01Z</time>
      </trkpt>
      <trkpt lat="23.049387" lon="113.348831">
        <time>2026-10-02T23:25:06Z</time>
      </trkpt>
      <trkpt lat="23.049373" lon="113.348988">
        <time>2026-10-02T23:25:11Z</time>
      </trkpt>
      <trkpt lat="23.049391" lon="113.349139">
        <time>2026-10-02T23:25:16Z</time>
      </trkpt>
      <trkpt lat="23.049397" lon="113.349278">
        <time>2026-10-02T23:25:21Z</time>
      </trkpt>
      <trkpt lat="23.049373" lon="113.349417">
        <time>2026-10-02T23:25:26Z</time>
      </trkpt>
      <trkpt lat="23.049348" lon="113.349563">
        <time>2026-10-02T23:25:31Z</time>
      </trkpt>
      <trkpt lat="23.049334" lon="113.349708">
        <time>2026-10-02T23:25:36Z</time>
      </trkpt>
      <trkpt lat="23.049314" lon="113.349853">
        <time>2026-10-02T23:25:41Z</time>
      </trkpt>
      <trkpt lat="23.049291" lon="113.349987">
        <time>2026-10-02T23:25:46Z</time>
      </trkpt>
      <trkpt lat="23.049268" lon="113.350117">
        <time>2026-10-02T23:25:51Z</time>
      </trkpt>
      <trkpt lat="23.049247" lon="113.350249">
        <time>2026-10-02T23:25:56Z</time>
      </trkpt>
      <trkpt lat="23.049236" lon="113.35039">
        <time>2026-10-02T23:26:01Z</time>
      </trkpt>
      <trkpt lat="23.049235" lon="113.350535">
        <time>2026-10-02T23:26:06Z</time>
      </trkpt>
      <trkpt lat="23.04924" lon="113.350679">
        <time>2026-10-02T23:26:11Z</time>
      </trkpt>
      <trkpt lat="23.049249" lon="113.350818">
        <time>2026-10-02T23:26:16Z</time>
      </trkpt>
      <trkpt lat="23.049261" lon="113.350958">
        <time>2026-10-02T23:26:21Z</time>
      </trkpt>
      <trkpt lat="23.049269" lon="113.351099">
        <time>2026-10-02T23:26:26Z</time>
      </trkpt>
      <trkpt lat="23.04928" lon="113.351234">
        <time>2026-10-02T23:26:31Z</time>
      </trkpt>
      <trkpt lat="23.049288" lon="113.351365">
        <time>2026-10-02T23:26:36Z</time>
      </trkpt>
      <trkpt lat="23.049296" lon="113.351503">
        <time>2026-10-02T23:26:41Z</time>
      </trkpt>
      <trkpt lat="23.049303" lon="113.351641">
        <time>2026-10-02T23:26:46Z</time>
      </trkpt>
      <trkpt lat="23.049313" lon="113.351775">
        <time>2026-10-02T23:26:51Z</time>
      </trkpt>
      <trkpt lat="23.049323" lon="113.351913">
        <time>2026-10-02T23:26:56Z</time>
      </trkpt>
      <trkpt lat="23.049327" lon="113.35206">
        <time>2026-10-02T23:27:01Z</time>
      </trkpt>
      <trkpt lat="23.049328" lon="113.35221">
        <time>2026-10-02T23:27:06Z</time>
      </trkpt>
      <trkpt lat="23.049332" lon="113.352362">
        <time>2026-10-02T23:27:11Z</time>
      </trkpt>
      <trkpt lat="23.049341" lon="113.352505">
        <time>2026-10-02T23:27:16Z</time>
      </trkpt>
      <trkpt lat="23.049341" lon="113.352642">
        <time>2026-10-02T23:27:21Z</time>
      </trkpt>
      <trkpt lat="23.04934" lon="113.352781">
        <time>2026-10-02T23:27:26Z</time>
      </trkpt>
      <trkpt lat="23.049346" lon="113.35292">
        <time>2026-10-02T23:27:31Z</time>
      </trkpt>
      <trkpt lat="23.049355" lon="113.353059">
        <time>2026-10-02T23:27:36Z</time>
      </trkpt>
      <trkpt lat="23.049367" lon="113.353203">
        <time>2026-10-02T23:27:41Z</time>
      </trkpt>
      <trkpt lat="23.049372" lon="113.353342">
        <time>2026-10-02T23:27:46Z</time>
      </trkpt>
      <trkpt lat="23.049374" lon="113.353475">
        <time>2026-10-02T23:27:51Z</time>
      </trkpt>
      <trkpt lat="23.049376" lon="113.353606">
        <time>2026-10-02T23:27:56Z</time>
      </trkpt>
      <trkpt lat="23.049379" lon="113.353739">
        <time>2026-10-02T23:28:01Z</time>
      </trkpt>
      <trkpt lat="23.049389" lon="113.353883">
        <time>2026-10-02T23:28:06Z</time>
      </trkpt>
      <trkpt lat="23.049405" lon="113.35403">
        <time>2026-10-02T23:28:11Z</time>
      </trkpt>
      <trkpt lat="23.049423" lon="113.354172">
        <time>2026-10-02T23:28:16Z</time>
      </trkpt>
      <trkpt lat="23.049444" lon="113.354307">
        <time>2026-10-02T23:28:21Z</time>
      </trkpt>
      <trkpt lat="23.049461" lon="113.354445">
        <time>2026-10-02T23:28:26Z</time>
      </trkpt>
      <trkpt lat="23.049478" lon="113.354582">
        <time>2026-10-02T23:28:31Z</time>
      </trkpt>
      <trkpt lat="23.049488" lon="113.354707">
        <time>2026-10-02T23:28:36Z</time>
      </trkpt>
      <trkpt lat="23.049511" lon="113.354836">
        <time>2026-10-02T23:28:41Z</time>
      </trkpt>
      <trkpt lat="23.049535" lon="113.35497">
        <time>2026-10-02T23:28:46Z</time>
      </trkpt>
      <trkpt lat="23.049556" lon="113.355105">
        <time>2026-10-02T23:28:51Z</time>
      </trkpt>
      <trkpt lat="23.049585" lon="113.355231">
        <time>2026-10-02T23:28:56Z</time>
      </trkpt>
      <trkpt lat="23.049608" lon="113.355359">
        <time>2026-10-02T23:29:01Z</time>
      </trkpt>
      <trkpt lat="23.04963" lon="113.355492">
        <time>2026-10-02T23:29:06Z</time>
      </trkpt>
      <trkpt lat="23.049659" lon="113.355618">
        <time>2026-10-02T23:29:11Z</time>
      </trkpt>
      <trkpt lat="23.049688" lon="113.355744">
        <time>2026-10-02T23:29:16Z</time>
      </trkpt>
      <trkpt lat="23.049728" lon="113.355877">
        <time>2026-10-02T23:29:21Z</time>
      </trkpt>
      <trkpt lat="23.049763" lon="113.356004">
        <time>2026-10-02T23:29:26Z</time>
      </trkpt>
      <trkpt lat="23.04979" lon="113.356132">
        <time>2026-10-02T23:29:31Z</time>
      </trkpt>
      <trkpt lat="23.049768" lon="113.356187">
        <time>2026-10-02T23:29:36Z</time>
      </trkpt>
      <trkpt lat="23.049738" lon="113.356065">
        <time>2026-10-02T23:29:41Z</time>
      </trkpt>
      <trkpt lat="23.049715" lon="113.355922">
        <time>2026-10-02T23:29:46Z</time>
      </trkpt>
      <trkpt lat="23.049699" lon="113.355792">
        <time>2026-10-02T23:29:51Z</time>
      </trkpt>
      <trkpt lat="23.049674" lon="113.355668">
        <time>2026-10-02T23:29:56Z</time>
      </trkpt>
      <trkpt lat="23.049649" lon="113.355539">
        <time>2026-10-02T23:30:01Z</time>
      </trkpt>
      <trkpt lat="23.049622" lon="113.35542">
        <time>2026-10-02T23:30:06Z</time>
      </trkpt>
      <trkpt lat="23.049591" lon="113.355297">
        <time>2026-10-02T23:30:11Z</time>
      </trkpt>
      <trkpt lat="23.049562" lon="113.355163">
        <time>2026-10-02T23:30:16Z</time>
      </trkpt>
      <trkpt lat="23.049542" lon="113.355027">
        <time>2026-10-02T23:30:21Z</time>
      </trkpt>
      <trkpt lat="23.049526" lon="113.354888">
        <time>2026-10-02T23:30:26Z</time>
      </trkpt>
      <trkpt lat="23.049509" lon="113.354749">
        <time>2026-10-02T23:30:31Z</time>
      </trkpt>
      <trkpt lat="23.049493" lon="113.354612">
        <time>2026-10-02T23:30:36Z</time>
      </trkpt>
      <trkpt lat="23.049477" lon="113.354471">
        <time>2026-10-02T23:30:41Z</time>
      </trkpt>
      <trkpt lat="23.049462" lon="113.354323">
        <time>2026-10-02T23:30:46Z</time>
      </trkpt>
      <trkpt lat="23.049449" lon="113.354184">
        <time>2026-10-02T23:30:51Z</time>
      </trkpt>
      <trkpt lat="23.049436" lon="113.35405">
        <time>2026-10-02T23:30:56Z</time>
      </trkpt>
      <trkpt lat="23.049419" lon="113.353915">
        <time>2026-10-02T23:31:01Z</time>
      </trkpt>
      <trkpt lat="23.049405" lon="113.353782">
        <time>2026-10-02T23:31:06Z</time>
      </trkpt>
      <trkpt lat="23.049396" lon="113.353652">
        <time>2026-10-02T23:31:11Z</time>
      </trkpt>
      <trkpt lat="23.049388" lon="113.353525">
        <time>2026-10-02T23:31:16Z</time>
      </trkpt>
      <trkpt lat="23.049385" lon="113.353402">
        <time>2026-10-02T23:31:21Z</time>
      </trkpt>
      <trkpt lat="23.049384" lon="113.353261">
        <time>2026-10-02T23:31:26Z</time>
      </trkpt>
      <trkpt lat="23.049372" lon="113.353114">
        <time>2026-10-02T23:31:31Z</time>
      </trkpt>
      <trkpt lat="23.04936" lon="113.35297">
        <time>2026-10-02T23:31:36Z</time>
      </trkpt>
      <trkpt lat="23.049356" lon="113.352835">
        <time>2026-10-02T23:31:41Z</time>
      </trkpt>
      <trkpt lat="23.049354" lon="113.352699">
        <time>2026-10-02T23:31:46Z</time>
      </trkpt>
      <trkpt lat="23.049348" lon="113.352564">
        <time>2026-10-02T23:31:51Z</time>
      </trkpt>
      <trkpt lat="23.049343" lon="113.352424">
        <time>2026-10-02T23:31:56Z</time>
      </trkpt>
      <trkpt lat="23.049333" lon="113.352286">
        <time>2026-10-02T23:32:01Z</time>
      </trkpt>
      <trkpt lat="23.049326" lon="113.352149">
        <time>2026-10-02T23:32:06Z</time>
      </trkpt>
      <trkpt lat="23.049323" lon="113.35201">
        <time>2026-10-02T23:32:11Z</time>
      </trkpt>
      <trkpt lat="23.049319" lon="113.351873">
        <time>2026-10-02T23:32:16Z</time>
      </trkpt>
      <trkpt lat="23.049309" lon="113.351731">
        <time>2026-10-02T23:32:21Z</time>
      </trkpt>
      <trkpt lat="23.049303" lon="113.351593">
        <time>2026-10-02T23:32:26Z</time>
      </trkpt>
      <trkpt lat="23.049301" lon="113.351448">
        <time>2026-10-02T23:32:31Z</time>
      </trkpt>
      <trkpt lat="23.049294" lon="113.351299">
        <time>2026-10-02T23:32:36Z</time>
      </trkpt>
      <trkpt lat="23.049294" lon="113.351159">
        <time>2026-10-02T23:32:41Z</time>
      </trkpt>
      <trkpt lat="23.049288" lon="113.351026">
        <time>2026-10-02T23:32:46Z</time>
      </trkpt>
      <trkpt lat="23.049277" lon="113.350889">
        <time>2026-10-02T23:32:51Z</time>
      </trkpt>
      <trkpt lat="23.049261" lon="113.350754">
        <time>2026-10-02T23:32:56Z</time>
      </trkpt>
      <trkpt lat="23.049257" lon="113.350621">
        <time>2026-10-02T23:33:01Z</time>
      </trkpt>
      <trkpt lat="23.049263" lon="113.350482">
        <time>2026-10-02T23:33:06Z</time>
      </trkpt>
      <trkpt lat="23.049274" lon="113.350344">
        <time>2026-10-02T23:33:11Z</time>
      </trkpt>
      <trkpt lat="23.04927" lon="113.350212">
        <time>2026-10-02T23:33:16Z</time>
      </trkpt>
      <trkpt lat="23.04927" lon="113.350087">
        <time>2026-10-02T23:33:21Z</time>
      </trkpt>
      <trkpt lat="23.049292" lon="113.34996">
        <time>2026-10-02T23:33:26Z</time>
      </trkpt>
      <trkpt lat="23.04931" lon="113.349827">
        <time>2026-10-02T23:33:31Z</time>
      </trkpt>
      <trkpt lat="23.049329" lon="113.349689">
        <time>2026-10-02T23:33:36Z</time>
      </trkpt>
      <trkpt lat="23.049346" lon="113.349552">
        <time>2026-10-02T23:33:41Z</time>
      </trkpt>
      <trkpt lat="23.04936" lon="113.34942">
        <time>2026-10-02T23:33:46Z</time>
      </trkpt>
      <trkpt lat="23.049366" lon="113.349285">
        <time>2026-10-02T23:33:51Z</time>
      </trkpt>
      <trkpt lat="23.049373" lon="113.349152">
        <time>2026-10-02T23:33:56Z</time>
      </trkpt>
      <trkpt lat="23.049388" lon="113.349011">
        <time>2026-10-02T23:34:01Z</time>
      </trkpt>
      <trkpt lat="23.049395" lon="113.348869">
        <time>2026-10-02T23:34:06Z</time>
      </trkpt>
      <trkpt lat="23.049398" lon="113.348741">
        <time>2026-10-02T23:34:11Z</time>
      </trkpt>
      <trkpt lat="23.049403" lon="113.348618">
        <time>2026-10-02T23:34:16Z</time>
      </trkpt>
      <trkpt lat="23.049384" lon="113.348492">
        <time>2026-10-02T23:34:21Z</time>
      </trkpt>
      <trkpt lat="23.049348" lon="113.348362">
        <time>2026-10-02T23:34:26Z</time>
      </trkpt>
      <trkpt lat="23.049321" lon="113.348229">
        <time>2026-10-02T23:34:31Z</time>
      </trkpt>
      <trkpt lat="23.049322" lon="113.348082">
        <time>2026-10-02T23:34:36Z</time>
      </trkpt>
      <trkpt lat="23.049326" lon="113.347936">
        <time>2026-10-02T23:34:41Z</time>
      </trkpt>
      <trkpt lat="23.049322" lon="113.347799">
        <time>2026-10-02T23:34:46Z</time>
      </trkpt>
      <trkpt lat="23.049314" lon="113.347665">
        <time>2026-10-02T23:34:51Z</time>
      </trkpt>
      <trkpt lat="23.049305" lon="113.347527">
        <time>2026-10-02T23:34:56Z</time>
      </trkpt>
      <trkpt lat="23.049287" lon="113.347387">
        <time>2026-10-02T23:35:01Z</time>
      </trkpt>
      <trkpt lat="23.049266" lon="113.347252">
        <time>2026-10-02T23:35:06Z</time>
      </trkpt>
      <trkpt lat="23.049247" lon="113.347127">
        <time>2026-10-02T23:35:11Z</time>
      </trkpt>
      <trkpt lat="23.049242" lon="113.346988">
        <time>2026-10-02T23:35:16Z</time>
      </trkpt>
      <trkpt lat="23.049237" lon="113.346838">
        <time>2026-10-02T23:35:21Z</time>
      </trkpt>
      <trkpt lat="23.04923" lon="113.346702">
        <time>2026-10-02T23:35:26Z</time>
      </trkpt>
      <trkpt lat="23.049222" lon="113.346566">
        <time>2026-10-02T23:35:31Z</time>
      </trkpt>
      <trkpt lat="23.049213" lon="113.346427">
        <time>2026-10-02T23:35:36Z</time>
      </trkpt>
      <trkpt lat="23.049205" lon="113.346292">
        <time>2026-10-02T23:35:41Z</time>
      </trkpt>
      <trkpt lat="23.049203" lon="113.346143">
        <time>2026-10-02T23:35:46Z</time>
      </trkpt>
      <trkpt lat="23.049185" lon="113.345996">
        <time>2026-10-02T23:35:51Z</time>
      </trkpt>
      <trkpt lat="23.049178" lon="113.345834">
        <time>2026-10-02T23:35:56Z</time>
      </trkpt>
      <trkpt lat="23.049203" lon="113.345681">
        <time>2026-10-02T23:36:01Z</time>
      </trkpt>
      <trkpt lat="23.049224" lon="113.345531">
        <time>2026-10-02T23:36:06Z</time>
      </trkpt>
      <trkpt lat="23.049248" lon="113.345382">
        <time>2026-10-02T23:36:11Z</time>
      </trkpt>
      <trkpt lat="23.049258" lon="113.345243">
        <time>2026-10-02T23:36:16Z</time>
      </trkpt>
      <trkpt lat="23.049262" lon="113.345106">
        <time>2026-10-02T23:36:21Z</time>
      </trkpt>
      <trkpt lat="23.049253" lon="113.344971">
        <time>2026-10-02T23:36:26Z</time>
      </trkpt>
      <trkpt lat="23.049246" lon="113.34484">
        <time>2026-10-02T23:36:31Z</time>
      </trkpt>
      <trkpt lat="23.049241" lon="113.34469">
        <time>2026-10-02T23:36:36Z</time>
      </trkpt>
      <trkpt lat="23.049231" lon="113.344539">
        <time>2026-10-02T23:36:41Z</time>
      </trkpt>
      <trkpt lat="23.049221" lon="113.344389">
        <time>2026-10-02T23:36:46Z</time>
      </trkpt>
      <trkpt lat="23.049214" lon="113.344249">
        <time>2026-10-02T23:36:51Z</time>
      </trkpt>
      <trkpt lat="23.049214" lon="113.344106">
        <time>2026-10-02T23:36:56Z</time>
      </trkpt>
      <trkpt lat="23.049221" lon="113.343965">
        <time>2026-10-02T23:37:01Z</time>
      </trkpt>
      <trkpt lat="23.049227" lon="113.343826">
        <time>2026-10-02T23:37:06Z</time>
      </trkpt>
      <trkpt lat="23.049221" lon="113.343684">
        <time>2026-10-02T23:37:11Z</time>
      </trkpt>
      <trkpt lat="23.049208" lon="113.343551">
        <time>2026-10-02T23:37:16Z</time>
      </trkpt>
      <trkpt lat="23.049204" lon="113.343419">
        <time>2026-10-02T23:37:21Z</time>
      </trkpt>
      <trkpt lat="23.049202" lon="113.343286">
        <time>2026-10-02T23:37:26Z</time>
      </trkpt>
      <trkpt lat="23.0492" lon="113.343149">
        <time>2026-10-02T23:37:31Z</time>
      </trkpt>
      <trkpt lat="23.049204" lon="113.343013">
        <time>2026-10-02T23:37:36Z</time>
      </trkpt>
      <trkpt lat="23.049218" lon="113.342869">
        <time>2026-10-02T23:37:41Z</time>
      </trkpt>
      <trkpt lat="23.049232" lon="113.342733">
        <time>2026-10-02T23:37:46Z</time>
      </trkpt>
      <trkpt lat="23.04924" lon="113.342605">
        <time>2026-10-02T23:37:51Z</time>
      </trkpt>
      <trkpt lat="23.049245" lon="113.342485">
        <time>2026-10-02T23:37:56Z</time>
      </trkpt>
      <trkpt lat="23.049277" lon="113.342368">
        <time>2026-10-02T23:38:01Z</time>
      </trkpt>
      <trkpt lat="23.049329" lon="113.342254">
        <time>2026-10-02T23:38:06Z</time>
      </trkpt>
      <trkpt lat="23.049388" lon="113.342105">
        <time>2026-10-02T23:38:11Z</time>
      </trkpt>
      <trkpt lat="23.04944" lon="113.34196">
        <time>2026-10-02T23:38:16Z</time>
      </trkpt>
      <trkpt lat="23.049475" lon="113.341813">
        <time>2026-10-02T23:38:21Z</time>
      </trkpt>
      <trkpt lat="23.049505" lon="113.341651">
        <time>2026-10-02T23:38:26Z</time>
      </trkpt>
      <trkpt lat="23.049533" lon="113.34151">
        <time>2026-10-02T23:38:31Z</time>
      </trkpt>
      <trkpt lat="23.049586" lon="113.341379">
        <time>2026-10-02T23:38:36Z</time>
      </trkpt>
      <trkpt lat="23.049639" lon="113.341249">
        <time>2026-10-02T23:38:41Z</time>
      </trkpt>
      <trkpt lat="23.04969" lon="113.341132">
        <time>2026-10-02T23:38:46Z</time>
      </trkpt>
      <trkpt lat="23.049731" lon="113.341028">
        <time>2026-10-02T23:38:51Z</time>
      </trkpt>
      <trkpt lat="23.049776" lon="113.340909">
        <time>2026-10-02T23:38:56Z</time>
      </trkpt>
      <trkpt lat="23.049837" lon="113.340784">
        <time>2026-10-02T23:39:01Z</time>
      </trkpt>
      <trkpt lat="23.049876" lon="113.340629">
        <time>2026-10-02T23:39:06Z</time>
      </trkpt>
      <trkpt lat="23.049929" lon="113.340494">
        <time>2026-10-02T23:39:11Z</time>
      </trkpt>
      <trkpt lat="23.050003" lon="113.340377">
        <time>2026-10-02T23:39:16Z</time>
      </trkpt>
      <trkpt lat="23.050072" lon="113.340267">
        <time>2026-10-02T23:39:21Z</time>
      </trkpt>
      <trkpt lat="23.050156" lon="113.340165">
        <time>2026-10-02T23:39:26Z</time>
      </trkpt>
      <trkpt lat="23.050234" lon="113.340055">
        <time>2026-10-02T23:39:31Z</time>
      </trkpt>
      <trkpt lat="23.050291" lon="113.339933">
        <time>2026-10-02T23:39:36Z</time>
      </trkpt>
      <trkpt lat="23.050347" lon="113.33982">
        <time>2026-10-02T23:39:41Z</time>
      </trkpt>
      <trkpt lat="23.050433" lon="113.339727">
        <time>2026-10-02T23:39:46Z</time>
      </trkpt>
      <trkpt lat="23.050512" lon="113.339621">
        <time>2026-10-02T23:39:51Z</time>
      </trkpt>
      <trkpt lat="23.050566" lon="113.339486">
        <time>2026-10-02T23:39:56Z</time>
      </trkpt>
      <trkpt lat="23.050629" lon="113.339351">
        <time>2026-10-02T23:40:01Z</time>
      </trkpt>
      <trkpt lat="23.050692" lon="113.339229">
        <time>2026-10-02T23:40:06Z</time>
      </trkpt>
      <trkpt lat="23.050755" lon="113.339118">
        <time>2026-10-02T23:40:11Z</time>
      </trkpt>
      <trkpt lat="23.050822" lon="113.338999">
        <time>2026-10-02T23:40:16Z</time>
      </trkpt>
      <trkpt lat="23.050889" lon="113.338877">
        <time>2026-10-02T23:40:21Z</time>
      </trkpt>
      <trkpt lat="23.050957" lon="113.338751">
        <time>2026-10-02T23:40:26Z</time>
      </trkpt>
      <trkpt lat="23.05103" lon="113.338622">
        <time>2026-10-02T23:40:31Z</time>
      </trkpt>
      <trkpt lat="23.051105" lon="113.338503">
        <time>2026-10-02T23:40:36Z</time>
      </trkpt>
      <trkpt lat="23.051186" lon="113.338388">
        <time>2026-10-02T23:40:41Z</time>
      </trkpt>
      <trkpt lat="23.05126" lon="113.338277">
        <time>2026-10-02T23:40:46Z</time>
      </trkpt>
      <trkpt lat="23.051327" lon="113.338167">
        <time>2026-10-02T23:40:51Z</time>
      </trkpt>
      <trkpt lat="23.051403" lon="113.33806">
        <time>2026-10-02T23:40:56Z</time>
      </trkpt>
      <trkpt lat="23.051476" lon="113.337952">
        <time>2026-10-02T23:41:01Z</time>
      </trkpt>
      <trkpt lat="23.05155" lon="113.337848">
        <time>2026-10-02T23:41:06Z</time>
      </trkpt>
      <trkpt lat="23.051625" lon="113.337736">
        <time>2026-10-02T23:41:11Z</time>
      </trkpt>
      <trkpt lat="23.051694" lon="113.337622">
        <time>2026-10-02T23:41:16Z</time>
      </trkpt>
      <trkpt lat="23.051751" lon="113.337513">
        <time>2026-10-02T23:41:21Z</time>
      </trkpt>
      <trkpt lat="23.051807" lon="113.337395">
        <time>2026-10-02T23:41:26Z</time>
      </trkpt>
      <trkpt lat="23.051862" lon="113.337265">
        <time>2026-10-02T23:41:31Z</time>
      </trkpt>
      <trkpt lat="23.051895" lon="113.337122">
        <time>2026-10-02T23:41:36Z</time>
      </trkpt>
      <trkpt lat="23.05192" lon="113.336974">
        <time>2026-10-02T23:41:41Z</time>
      </trkpt>
      <trkpt lat="23.051972" lon="113.336841">
        <time>2026-10-02T23:41:46Z</time>
      </trkpt>
      <trkpt lat="23.052059" lon="113.336723">
        <time>2026-10-02T23:41:51Z</time>
      </trkpt>
      <trkpt lat="23.052153" lon="113.336621">
        <time>2026-10-02T23:41:56Z</time>
      </trkpt>
      <trkpt lat="23.052244" lon="113.336529">
        <time>2026-10-02T23:42:01Z</time>
      </trkpt>
      <trkpt lat="23.052336" lon="113.336455">
        <time>2026-10-02T23:42:06Z</time>
      </trkpt>
      <trkpt lat="23.052423" lon="113.336373">
        <time>2026-10-02T23:42:11Z</time>
      </trkpt>
      <trkpt lat="23.052511" lon="113.336258">
        <time>2026-10-02T23:42:16Z</time>
      </trkpt>
      <trkpt lat="23.052607" lon="113.336152">
        <time>2026-10-02T23:42:21Z</time>
      </trkpt>
      <trkpt lat="23.052644" lon="113.336043">
        <time>2026-10-02T23:42:26Z</time>
      </trkpt>
      <trkpt lat="23.052678" lon="113.335922">
        <time>2026-10-02T23:42:31Z</time>
      </trkpt>
      <trkpt lat="23.052755" lon="113.335802">
        <time>2026-10-02T23:42:36Z</time>
      </trkpt>
      <trkpt lat="23.052835" lon="113.335688">
        <time>2026-10-02T23:42:41Z</time>
      </trkpt>
      <trkpt lat="23.052901" lon="113.33558">
        <time>2026-10-02T23:42:46Z</time>
      </trkpt>
      <trkpt lat="23.052962" lon="113.335469">
        <time>2026-10-02T23:42:51Z</time>
      </trkpt>
      <trkpt lat="23.053025" lon="113.335343">
        <time>2026-10-02T23:42:56Z</time>
      </trkpt>
      <trkpt lat="23.053083" lon="113.335224">
        <time>2026-10-02T23:43:01Z</time>
      </trkpt>
      <trkpt lat="23.053137" lon="113.335121">
        <time>2026-10-02T23:43:06Z</time>
      </trkpt>
      <trkpt lat="23.053198" lon="113.335015">
        <time>2026-10-02T23:43:11Z</time>
      </trkpt>
      <trkpt lat="23.053283" lon="113.334904">
        <time>2026-10-02T23:43:16Z</time>
      </trkpt>
      <trkpt lat="23.053353" lon="113.334793">
        <time>2026-10-02T23:43:21Z</time>
      </trkpt>
      <trkpt lat="23.053407" lon="113.334682">
        <time>2026-10-02T23:43:26Z</time>
      </trkpt>
      <trkpt lat="23.053495" lon="113.334575">
        <time>2026-10-02T23:43:31Z</time>
      </trkpt>
      <trkpt lat="23.05359" lon="113.33447">
        <time>2026-10-02T23:43:36Z</time>
      </trkpt>
      <trkpt lat="23.053729" lon="113.334392">
        <time>2026-10-02T23:43:41Z</time>
      </trkpt>
      <trkpt lat="23.053856" lon="113.334307">
        <time>2026-10-02T23:43:46Z</time>
      </trkpt>
      <trkpt lat="23.053937" lon="113.334212">
        <time>2026-10-02T23:43:51Z</time>
      </trkpt>
      <trkpt lat="23.054003" lon="113.33411">
        <time>2026-10-02T23:43:56Z</time>
      </trkpt>
      <trkpt lat="23.054048" lon="113.333997">
        <time>2026-10-02T23:44:01Z</time>
      </trkpt>
      <trkpt lat="23.054093" lon="113.33387">
        <time>2026-10-02T23:44:06Z</time>
      </trkpt>
      <trkpt lat="23.054153" lon="113.333754">
        <time>2026-10-02T23:44:11Z</time>
      </trkpt>
      <trkpt lat="23.054227" lon="113.333647">
        <time>2026-10-02T23:44:16Z</time>
      </trkpt>
      <trkpt lat="23.054306" lon="113.333533">
        <time>2026-10-02T23:44:21Z</time>
      </trkpt>
      <trkpt lat="23.054371" lon="113.333425">
        <time>2026-10-02T23:44:26Z</time>
      </trkpt>
      <trkpt lat="23.054414" lon="113.33331">
        <time>2026-10-02T23:44:31Z</time>
      </trkpt>
      <trkpt lat="23.054483" lon="113.333187">
        <time>2026-10-02T23:44:36Z</time>
      </trkpt>
      <trkpt lat="23.054563" lon="113.333067">
        <time>2026-10-02T23:44:41Z</time>
      </trkpt>
      <trkpt lat="23.054643" lon="113.332948">
        <time>2026-10-02T23:44:46Z</time>
      </trkpt>
      <trkpt lat="23.054721" lon="113.332833">
        <time>2026-10-02T23:44:51Z</time>
      </trkpt>
      <trkpt lat="23.054817" lon="113.332723">
        <time>2026-10-02T23:44:56Z</time>
      </trkpt>
      <trkpt lat="23.054954" lon="113.332656">
        <time>2026-10-02T23:45:01Z</time>
      </trkpt>
      <trkpt lat="23.055079" lon="113.33256">
        <time>2026-10-02T23:45:06Z</time>
      </trkpt>
      <trkpt lat="23.055173" lon="113.332441">
        <time>2026-10-02T23:45:11Z</time>
      </trkpt>
      <trkpt lat="23.055248" lon="113.332327">
        <time>2026-10-02T23:45:16Z</time>
      </trkpt>
      <trkpt lat="23.055313" lon="113.332213">
        <time>2026-10-02T23:45:21Z</time>
      </trkpt>
      <trkpt lat="23.055378" lon="113.3321">
        <time>2026-10-02T23:45:26Z</time>
      </trkpt>
      <trkpt lat="23.055443" lon="113.331998">
        <time>2026-10-02T23:45:31Z</time>
      </trkpt>
      <trkpt lat="23.055521" lon="113.331888">
        <time>2026-10-02T23:45:36Z</time>
      </trkpt>
      <trkpt lat="23.055597" lon="113.331765">
        <time>2026-10-02T23:45:41Z</time>
      </trkpt>
      <trkpt lat="23.055677" lon="113.331647">
        <time>2026-10-02T23:45:46Z</time>
      </trkpt>
      <trkpt lat="23.055749" lon="113.331549">
        <time>2026-10-02T23:45:51Z</time>
      </trkpt>
      <trkpt lat="23.055819" lon="113.331448">
        <time>2026-10-02T23:45:56Z</time>
      </trkpt>
      <trkpt lat="23.055907" lon="113.331331">
        <time>2026-10-02T23:46:01Z</time>
      </trkpt>
      <trkpt lat="23.055998" lon="113.331215">
        <time>2026-10-02T23:46:06Z</time>
      </trkpt>
      <trkpt lat="23.056065" lon="113.331104">
        <time>2026-10-02T23:46:11Z</time>
      </trkpt>
      <trkpt lat="23.05615" lon="113.330982">
        <time>2026-10-02T23:46:16Z</time>
      </trkpt>
      <trkpt lat="23.056231" lon="113.330846">
        <time>2026-10-02T23:46:21Z</time>
      </trkpt>
      <trkpt lat="23.056302" lon="113.330722">
        <time>2026-10-02T23:46:26Z</time>
      </trkpt>
      <trkpt lat="23.056367" lon="113.330616">
        <time>2026-10-02T23:46:31Z</time>
      </trkpt>
      <trkpt lat="23.056434" lon="113.33053">
        <time>2026-10-02T23:46:36Z</time>
      </trkpt>
      <trkpt lat="23.056498" lon="113.330411">
        <time>2026-10-02T23:46:41Z</time>
      </trkpt>
      <trkpt lat="23.056584" lon="113.330264">
        <time>2026-10-02T23:46:46Z</time>
      </trkpt>
      <trkpt lat="23.056667" lon="113.330106">
        <time>2026-10-02T23:46:51Z</time>
      </trkpt>
      <trkpt lat="23.056702" lon="113.329968">
        <time>2026-10-02T23:46:56Z</time>
      </trkpt>
      <trkpt lat="23.056739" lon="113.329845">
        <time>2026-10-02T23:47:01Z</time>
      </trkpt>
      <trkpt lat="23.056796" lon="113.329711">
        <time>2026-10-02T23:47:06Z</time>
      </trkpt>
      <trkpt lat="23.056844" lon="113.32959">
        <time>2026-10-02T23:47:11Z</time>
      </trkpt>
      <trkpt lat="23.056873" lon="113.329463">
        <time>2026-10-02T23:47:16Z</time>
      </trkpt>
      <trkpt lat="23.056911" lon="113.329314">
        <time>2026-10-02T23:47:21Z</time>
      </trkpt>
      <trkpt lat="23.056932" lon="113.329183">
        <time>2026-10-02T23:47:26Z</time>
      </trkpt>
      <trkpt lat="23.056945" lon="113.329093">
        <time>2026-10-02T23:47:31Z</time>
      </trkpt>
      <trkpt lat="23.056991" lon="113.329007">
        <time>2026-10-02T23:47:36Z</time>
      </trkpt>
      <trkpt lat="23.05703" lon="113.328872">
        <time>2026-10-02T23:47:41Z</time>
      </trkpt>
      <trkpt lat="23.057054" lon="113.328731">
        <time>2026-10-02T23:47:46Z</time>
      </trkpt>
      <trkpt lat="23.05708" lon="113.328599">
        <time>2026-10-02T23:47:51Z</time>
      </trkpt>
      <trkpt lat="23.05712" lon="113.328464">
        <time>2026-10-02T23:47:56Z</time>
      </trkpt>
      <trkpt lat="23.057159" lon="113.328337">
        <time>2026-10-02T23:48:01Z</time>
      </trkpt>
      <trkpt lat="23.057188" lon="113.328208">
        <time>2026-10-02T23:48:06Z</time>
      </trkpt>
      <trkpt lat="23.057226" lon="113.328078">
        <time>2026-10-02T23:48:11Z</time>
      </trkpt>
      <trkpt lat="23.057277" lon="113.32794">
        <time>2026-10-02T23:48:16Z</time>
      </trkpt>
      <trkpt lat="23.05734" lon="113.327796">
        <time>2026-10-02T23:48:21Z</time>
      </trkpt>
      <trkpt lat="23.057382" lon="113.327671">
        <time>2026-10-02T23:48:26Z</time>
      </trkpt>
      <trkpt lat="23.057435" lon="113.327547">
        <time>2026-10-02T23:48:31Z</time>
      </trkpt>
      <trkpt lat="23.05748" lon="113.327428">
        <time>2026-10-02T23:48:36Z</time>
      </trkpt>
      <trkpt lat="23.05752" lon="113.327307">
        <time>2026-10-02T23:48:41Z</time>
      </trkpt>
      <trkpt lat="23.057583" lon="113.327175">
        <time>2026-10-02T23:48:46Z</time>
      </trkpt>
      <trkpt lat="23.057634" lon="113.327027">
        <time>2026-10-02T23:48:51Z</time>
      </trkpt>
      <trkpt lat="23.057681" lon="113.326892">
        <time>2026-10-02T23:48:56Z</time>
      </trkpt>
      <trkpt lat="23.057729" lon="113.326773">
        <time>2026-10-02T23:49:01Z</time>
      </trkpt>
      <trkpt lat="23.05776" lon="113.326636">
        <time>2026-10-02T23:49:06Z</time>
      </trkpt>
      <trkpt lat="23.057775" lon="113.326492">
        <time>2026-10-02T23:49:11Z</time>
      </trkpt>
      <trkpt lat="23.05777" lon="113.326345">
        <time>2026-10-02T23:49:16Z</time>
      </trkpt>
      <trkpt lat="23.057749" lon="113.326191">
        <time>2026-10-02T23:49:21Z</time>
      </trkpt>
      <trkpt lat="23.057739" lon="113.32605">
        <time>2026-10-02T23:49:26Z</time>
      </trkpt>
      <trkpt lat="23.057734" lon="113.325926">
        <time>2026-10-02T23:49:31Z</time>
      </trkpt>
      <trkpt lat="23.057723" lon="113.32579">
        <time>2026-10-02T23:49:36Z</time>
      </trkpt>
      <trkpt lat="23.057718" lon="113.325647">
        <time>2026-10-02T23:49:41Z</time>
      </trkpt>
      <trkpt lat="23.05771" lon="113.32551">
        <time>2026-10-02T23:49:46Z</time>
      </trkpt>
      <trkpt lat="23.057714" lon="113.325365">
        <time>2026-10-02T23:49:51Z</time>
      </trkpt>
      <trkpt lat="23.057713" lon="113.325226">
        <time>2026-10-02T23:49:56Z</time>
      </trkpt>
      <trkpt lat="23.057721" lon="113.325095">
        <time>2026-10-02T23:50:01Z</time>
      </trkpt>
      <trkpt lat="23.057719" lon="113.324966">
        <time>2026-10-02T23:50:06Z</time>
      </trkpt>
      <trkpt lat="23.057736" lon="113.324836">
        <time>2026-10-02T23:50:11Z</time>
      </trkpt>
      <trkpt lat="23.057761" lon="113.324703">
        <time>2026-10-02T23:50:16Z</time>
      </trkpt>
      <trkpt lat="23.057769" lon="113.324573">
        <time>2026-10-02T23:50:21Z</time>
      </trkpt>
      <trkpt lat="23.057758" lon="113.324429">
        <time>2026-10-02T23:50:26Z</time>
      </trkpt>
      <trkpt lat="23.05776" lon="113.324283">
        <time>2026-10-02T23:50:31Z</time>
      </trkpt>
      <trkpt lat="23.057752" lon="113.324144">
        <time>2026-10-02T23:50:36Z</time>
      </trkpt>
      <trkpt lat="23.057742" lon="113.324011">
        <time>2026-10-02T23:50:41Z</time>
      </trkpt>
      <trkpt lat="23.057751" lon="113.323875">
        <time>2026-10-02T23:50:46Z</time>
      </trkpt>
      <trkpt lat="23.057761" lon="113.323737">
        <time>2026-10-02T23:50:51Z</time>
      </trkpt>
      <trkpt lat="23.05776" lon="113.323593">
        <time>2026-10-02T23:50:56Z</time>
      </trkpt>
      <trkpt lat="23.057754" lon="113.32345">
        <time>2026-10-02T23:51:01Z</time>
      </trkpt>
      <trkpt lat="23.057761" lon="113.323306">
        <time>2026-10-02T23:51:06Z</time>
      </trkpt>
      <trkpt lat="23.057764" lon="113.323178">
        <time>2026-10-02T23:51:11Z</time>
      </trkpt>
      <trkpt lat="23.057742" lon="113.323054">
        <time>2026-10-02T23:51:16Z</time>
      </trkpt>
      <trkpt lat="23.057741" lon="113.322924">
        <time>2026-10-02T23:51:21Z</time>
      </trkpt>
      <trkpt lat="23.057743" lon="113.322801">
        <time>2026-10-02T23:51:26Z</time>
      </trkpt>
      <trkpt lat="23.057738" lon="113.322675">
        <time>2026-10-02T23:51:31Z</time>
      </trkpt>
      <trkpt lat="23.057754" lon="113.322538">
        <time>2026-10-02T23:51:36Z</time>
      </trkpt>
      <trkpt lat="23.057754" lon="113.322386">
        <time>2026-10-02T23:51:41Z</time>
      </trkpt>
      <trkpt lat="23.057753" lon="113.322239">
        <time>2026-10-02T23:51:46Z</time>
      </trkpt>
      <trkpt lat="23.057755" lon="113.322094">
        <time>2026-10-02T23:51:51Z</time>
      </trkpt>
      <trkpt lat="23.057756" lon="113.321939">
        <time>2026-10-02T23:51:56Z</time>
      </trkpt>
      <trkpt lat="23.057771" lon="113.321791">
        <time>2026-10-02T23:52:01Z</time>
      </trkpt>
      <trkpt lat="23.057761" lon="113.321661">
        <time>2026-10-02T23:52:06Z</time>
      </trkpt>
      <trkpt lat="23.05776" lon="113.321526">
        <time>2026-10-02T23:52:11Z</time>
      </trkpt>
      <trkpt lat="23.057773" lon="113.321381">
        <time>2026-10-02T23:52:16Z</time>
      </trkpt>
      <trkpt lat="23.057774" lon="113.321232">
        <time>2026-10-02T23:52:21Z</time>
      </trkpt>
      <trkpt lat="23.05776" lon="113.321092">
        <time>2026-10-02T23:52:26Z</time>
      </trkpt>
      <trkpt lat="23.057757" lon="113.32094">
        <time>2026-10-02T23:52:31Z</time>
      </trkpt>
      <trkpt lat="23.057764" lon="113.320787">
        <time>2026-10-02T23:52:36Z</time>
      </trkpt>
      <trkpt lat="23.057771" lon="113.320638">
        <time>2026-10-02T23:52:41Z</time>
      </trkpt>
      <trkpt lat="23.057771" lon="113.320491">
        <time>2026-10-02T23:52:46Z</time>
      </trkpt>
      <trkpt lat="23.057763" lon="113.320349">
        <time>2026-10-02T23:52:51Z</time>
      </trkpt>
      <trkpt lat="23.057763" lon="113.320213">
        <time>2026-10-02T23:52:56Z</time>
      </trkpt>
      <trkpt lat="23.057779" lon="113.320062">
        <time>2026-10-02T23:53:01Z</time>
      </trkpt>
      <trkpt lat="23.057784" lon="113.319903">
        <time>2026-10-02T23:53:06Z</time>
      </trkpt>
      <trkpt lat="23.05778" lon="113.319757">
        <time>2026-10-02T23:53:11Z</time>
      </trkpt>
      <trkpt lat="23.05779" lon="113.31962">
        <time>2026-10-02T23:53:16Z</time>
      </trkpt>
      <trkpt lat="23.0578" lon="113.31948">
        <time>2026-10-02T23:53:21Z</time>
      </trkpt>
      <trkpt lat="23.057808" lon="113.319331">
        <time>2026-10-02T23:53:26Z</time>
      </trkpt>
      <trkpt lat="23.057812" lon="113.319187">
        <time>2026-10-02T23:53:31Z</time>
      </trkpt>
      <trkpt lat="23.057804" lon="113.31905">
        <time>2026-10-02T23:53:36Z</time>
      </trkpt>
      <trkpt lat="23.05778" lon="113.318915">
        <time>2026-10-02T23:53:41Z</time>
      </trkpt>
      <trkpt lat="23.057761" lon="113.318766">
        <time>2026-10-02T23:53:46Z</time>
      </trkpt>
      <trkpt lat="23.057752" lon="113.31862">
        <time>2026-10-02T23:53:51Z</time>
      </trkpt>
      <trkpt lat="23.057734" lon="113.31848">
        <time>2026-10-02T23:53:56Z</time>
      </trkpt>
      <trkpt lat="23.057723" lon="113.31834">
        <time>2026-10-02T23:54:01Z</time>
      </trkpt>
      <trkpt lat="23.057704" lon="113.3182">
        <time>2026-10-02T23:54:06Z</time>
      </trkpt>
      <trkpt lat="23.057673" lon="113.318062">
        <time>2026-10-02T23:54:11Z</time>
      </trkpt>
      <trkpt lat="23.057622" lon="113.317935">
        <time>2026-10-02T23:54:16Z</time>
      </trkpt>
      <trkpt lat="23.057574" lon="113.31781">
        <time>2026-10-02T23:54:21Z</time>
      </trkpt>
      <trkpt lat="23.057522" lon="113.317692">
        <time>2026-10-02T23:54:26Z</time>
      </trkpt>
      <trkpt lat="23.05747" lon="113.317583">
        <time>2026-10-02T23:54:31Z</time>
      </trkpt>
      <trkpt lat="23.057444" lon="113.31748">
        <time>2026-10-02T23:54:36Z</time>
      </trkpt>
      <trkpt lat="23.057468" lon="113.317347">
        <time>2026-10-02T23:54:41Z</time>
      </trkpt>
      <trkpt lat="23.057466" lon="113.317209">
        <time>2026-10-02T23:54:46Z</time>
      </trkpt>
      <trkpt lat="23.057464" lon="113.317075">
        <time>2026-10-02T23:54:51Z</time>
      </trkpt>
      <trkpt lat="23.05746" lon="113.316939">
        <time>2026-10-02T23:54:56Z</time>
      </trkpt>
      <trkpt lat="23.057458" lon="113.316795">
        <time>2026-10-02T23:55:01Z</time>
      </trkpt>
      <trkpt lat="23.057456" lon="113.31665">
        <time>2026-10-02T23:55:06Z</time>
      </trkpt>
      <trkpt lat="23.057453" lon="113.316517">
        <time>2026-10-02T23:55:11Z</time>
      </trkpt>
      <trkpt lat="23.05746" lon="113.316389">
        <time>2026-10-02T23:55:16Z</time>
      </trkpt>
      <trkpt lat="23.057458" lon="113.316253">
        <time>2026-10-02T23:55:21Z</time>
      </trkpt>
      <trkpt lat="23.057451" lon="113.316121">
        <time>2026-10-02T23:55:26Z</time>
      </trkpt>
      <trkpt lat="23.05744" lon="113.315995">
        <time>2026-10-02T23:55:31Z</time>
      </trkpt>
      <trkpt lat="23.057437" lon="113.315851">
        <time>2026-10-02T23:55:36Z</time>
      </trkpt>
      <trkpt lat="23.057436" lon="113.3157">
        <time>2026-10-02T23:55:41Z</time>
      </trkpt>
      <trkpt lat="23.057427" lon="113.315564">
        <time>2026-10-02T23:55:46Z</time>
      </trkpt>
      <trkpt lat="23.057417" lon="113.315438">
        <time>2026-10-02T23:55:51Z</time>
      </trkpt>
      <trkpt lat="23.057418" lon="113.315305">
        <time>2026-10-02T23:55:56Z</time>
      </trkpt>
      <trkpt lat="23.057421" lon="113.315174">
        <time>2026-10-02T23:56:01Z</time>
      </trkpt>
      <trkpt lat="23.057431" lon="113.315046">
        <time>2026-10-02T23:56:06Z</time>
      </trkpt>
      <trkpt lat="23.057437" lon="113.314922">
        <time>2026-10-02T23:56:11Z</time>
      </trkpt>
      <trkpt lat="23.057431" lon="113.314793">
        <time>2026-10-02T23:56:16Z</time>
      </trkpt>
      <trkpt lat="23.057435" lon="113.314656">
        <time>2026-10-02T23:56:21Z</time>
      </trkpt>
      <trkpt lat="23.057443" lon="113.314522">
        <time>2026-10-02T23:56:26Z</time>
      </trkpt>
      <trkpt lat="23.057439" lon="113.314393">
        <time>2026-10-02T23:56:31Z</time>
      </trkpt>
      <trkpt lat="23.057424" lon="113.31427">
        <time>2026-10-02T23:56:36Z</time>
      </trkpt>
      <trkpt lat="23.057408" lon="113.314142">
        <time>2026-10-02T23:56:41Z</time>
      </trkpt>
      <trkpt lat="23.057399" lon="113.314007">
        <time>2026-10-02T23:56:46Z</time>
      </trkpt>
      <trkpt lat="23.057392" lon="113.313868">
        <time>2026-10-02T23:56:51Z</time>
      </trkpt>
      <trkpt lat="23.05739" lon="113.313743">
        <time>2026-10-02T23:56:56Z</time>
      </trkpt>
      <trkpt lat="23.057386" lon="113.313618">
        <time>2026-10-02T23:57:01Z</time>
      </trkpt>
      <trkpt lat="23.057383" lon="113.313479">
        <time>2026-10-02T23:57:06Z</time>
      </trkpt>
      <trkpt lat="23.057376" lon="113.313339">
        <time>2026-10-02T23:57:11Z</time>
      </trkpt>
      <trkpt lat="23.057373" lon="113.313199">
        <time>2026-10-02T23:57:16Z</time>
      </trkpt>
      <trkpt lat="23.057376" lon="113.313063">
        <time>2026-10-02T23:57:21Z</time>
      </trkpt>
      <trkpt lat="23.057373" lon="113.312938">
        <time>2026-10-02T23:57:26Z</time>
      </trkpt>
      <trkpt lat="23.057366" lon="113.312791">
        <time>2026-10-02T23:57:31Z</time>
      </trkpt>
      <trkpt lat="23.057366" lon="113.312641">
        <time>2026-10-02T23:57:36Z</time>
      </trkpt>
      <trkpt lat="23.057363" lon="113.312501">
        <time>2026-10-02T23:57:41Z</time>
      </trkpt>
      <trkpt lat="23.05736" lon="113.312371">
        <time>2026-10-02T23:57:46Z</time>
      </trkpt>
      <trkpt lat="23.057358" lon="113.312239">
        <time>2026-10-02T23:57:51Z</time>
      </trkpt>
      <trkpt lat="23.057358" lon="113.312097">
        <time>2026-10-02T23:57:56Z</time>
      </trkpt>
      <trkpt lat="23.057357" lon="113.311954">
        <time>2026-10-02T23:58:01Z</time>
      </trkpt>
      <trkpt lat="23.057361" lon="113.311808">
        <time>2026-10-02T23:58:06Z</time>
      </trkpt>
      <trkpt lat="23.057361" lon="113.31166">
        <time>2026-10-02T23:58:11Z</time>
      </trkpt>
      <trkpt lat="23.057359" lon="113.31152">
        <time>2026-10-02T23:58:16Z</time>
      </trkpt>
      <trkpt lat="23.057363" lon="113.311374">
        <time>2026-10-02T23:58:21Z</time>
      </trkpt>
      <trkpt lat="23.057364" lon="113.311223">
        <time>2026-10-02T23:58:26Z</time>
      </trkpt>
      <trkpt lat="23.057368" lon="113.311078">
        <time>2026-10-02T23:58:31Z</time>
      </trkpt>
      <trkpt lat="23.057389" lon="113.310948">
        <time>2026-10-02T23:58:36Z</time>
      </trkpt>
      <trkpt lat="23.057417" lon="113.310818">
        <time>2026-10-02T23:58:41Z</time>
      </trkpt>
      <trkpt lat="23.057429" lon="113.31068">
        <time>2026-10-02T23:58:46Z</time>
      </trkpt>
      <trkpt lat="23.057429" lon="113.310545">
        <time>2026-10-02T23:58:51Z</time>
      </trkpt>
      <trkpt lat="23.057423" lon="113.310406">
        <time>2026-10-02T23:58:56Z</time>
      </trkpt>
      <trkpt lat="23.057402" lon="113.310259">
        <time>2026-10-02T23:59:01Z</time>
      </trkpt>
      <trkpt lat="23.057393" lon="113.310113">
        <time>2026-10-02T23:59:06Z</time>
      </trkpt>
      <trkpt lat="23.05738" lon="113.309971">
        <time>2026-10-02T23:59:11Z</time>
      </trkpt>
      <trkpt lat="23.057357" lon="113.309841">
        <time>2026-10-02T23:59:16Z</time>
      </trkpt>
      <trkpt lat="23.057324" lon="113.309715">
        <time>2026-10-02T23:59:21Z</time>
      </trkpt>
      <trkpt lat="23.057303" lon="113.30957">
        <time>2026-10-02T23:59:26Z</time>
      </trkpt>
      <trkpt lat="23.057271" lon="113.309438">
        <time>2026-10-02T23:59:31Z</time>
      </trkpt>
      <trkpt lat="23.057263" lon="113.309319">
        <time>2026-10-02T23:59:36Z</time>
      </trkpt>
      <trkpt lat="23.057249" lon="113.30918">
        <time>2026-10-02T23:59:41Z</time>
      </trkpt>
      <trkpt lat="23.057235" lon="113.309027">
        <time>2026-10-02T23:59:46Z</time>
      </trkpt>
      <trkpt lat="23.057216" lon="113.308884">
        <time>2026-10-02T23:59:51Z</time>
      </trkpt>
      <trkpt lat="23.057211" lon="113.30875">
        <time>2026-10-02T23:59:56Z</time>
      </trkpt>
      <trkpt lat="23.057214" lon="113.308623">
        <time>2026-10-03T00:00:01Z</time>
      </trkpt>
      <trkpt lat="23.05721" lon="113.308469">
        <time>2026-10-03T00:00:06Z</time>
      </trkpt>
      <trkpt lat="23.057212" lon="113.308292">
        <time>2026-10-03T00:00:11Z</time>
      </trkpt>
      <trkpt lat="23.057216" lon="113.308121">
        <time>2026-10-03T00:00:16Z</time>
      </trkpt>
      <trkpt lat="23.057209" lon="113.30797">
        <time>2026-10-03T00:00:21Z</time>
      </trkpt>
      <trkpt lat="23.057193" lon="113.307825">
        <time>2026-10-03T00:00:26Z</time>
      </trkpt>
      <trkpt lat="23.057187" lon="113.307682">
        <time>2026-10-03T00:00:31Z</time>
      </trkpt>
      <trkpt lat="23.057176" lon="113.307533">
        <time>2026-10-03T00:00:36Z</time>
      </trkpt>
      <trkpt lat="23.057153" lon="113.307387">
        <time>2026-10-03T00:00:41Z</time>
      </trkpt>
      <trkpt lat="23.057139" lon="113.307235">
        <time>2026-10-03T00:00:46Z</time>
      </trkpt>
      <trkpt lat="23.057131" lon="113.307084">
        <time>2026-10-03T00:00:51Z</time>
      </trkpt>
      <trkpt lat="23.057141" lon="113.306932">
        <time>2026-10-03T00:00:56Z</time>
      </trkpt>
      <trkpt lat="23.057146" lon="113.306783">
        <time>2026-10-03T00:01:01Z</time>
      </trkpt>
      <trkpt lat="23.05715" lon="113.306654">
        <time>2026-10-03T00:01:06Z</time>
      </trkpt>
      <trkpt lat="23.05715" lon="113.306536">
        <time>2026-10-03T00:01:11Z</time>
      </trkpt>
      <trkpt lat="23.057151" lon="113.306419">
        <time>2026-10-03T00:01:16Z</time>
      </trkpt>
      <trkpt lat="23.057149" lon="113.306285">
        <time>2026-10-03T00:01:21Z</time>
      </trkpt>
      <trkpt lat="23.057169" lon="113.306151">
        <time>2026-10-03T00:01:26Z</time>
      </trkpt>
      <trkpt lat="23.057179" lon="113.305996">
        <time>2026-10-03T00:01:31Z</time>
      </trkpt>
      <trkpt lat="23.05718" lon="113.305838">
        <time>2026-10-03T00:01:36Z</time>
      </trkpt>
      <trkpt lat="23.057209" lon="113.305697">
        <time>2026-10-03T00:01:41Z</time>
      </trkpt>
      <trkpt lat="23.057227" lon="113.305553">
        <time>2026-10-03T00:01:46Z</time>
      </trkpt>
      <trkpt lat="23.057235" lon="113.305413">
        <time>2026-10-03T00:01:51Z</time>
      </trkpt>
      <trkpt lat="23.057245" lon="113.305273">
        <time>2026-10-03T00:01:56Z</time>
      </trkpt>
      <trkpt lat="23.057265" lon="113.305131">
        <time>2026-10-03T00:02:01Z</time>
      </trkpt>
      <trkpt lat="23.057287" lon="113.305005">
        <time>2026-10-03T00:02:06Z</time>
      </trkpt>
      <trkpt lat="23.05729" lon="113.304859">
        <time>2026-10-03T00:02:11Z</time>
      </trkpt>
      <trkpt lat="23.057283" lon="113.304712">
        <time>2026-10-03T00:02:16Z</time>
      </trkpt>
      <trkpt lat="23.057304" lon="113.304586">
        <time>2026-10-03T00:02:21Z</time>
      </trkpt>
      <trkpt lat="23.05733" lon="113.304464">
        <time>2026-10-03T00:02:26Z</time>
      </trkpt>
      <trkpt lat="23.057339" lon="113.30431">
        <time>2026-10-03T00:02:31Z</time>
      </trkpt>
      <trkpt lat="23.05735" lon="113.304165">
        <time>2026-10-03T00:02:36Z</time>
      </trkpt>
      <trkpt lat="23.057363" lon="113.304026">
        <time>2026-10-03T00:02:41Z</time>
      </trkpt>
      <trkpt lat="23.057372" lon="113.303902">
        <time>2026-10-03T00:02:46Z</time>
      </trkpt>
      <trkpt lat="23.057381" lon="113.303781">
        <time>2026-10-03T00:02:51Z</time>
      </trkpt>
      <trkpt lat="23.057395" lon="113.30366">
        <time>2026-10-03T00:02:56Z</time>
      </trkpt>
      <trkpt lat="23.05742" lon="113.303532">
        <time>2026-10-03T00:03:01Z</time>
      </trkpt>
      <trkpt lat="23.05744" lon="113.303392">
        <time>2026-10-03T00:03:06Z</time>
      </trkpt>
      <trkpt lat="23.057454" lon="113.303248">
        <time>2026-10-03T00:03:11Z</time>
      </trkpt>
      <trkpt lat="23.05746" lon="113.303104">
        <time>2026-10-03T00:03:16Z</time>
      </trkpt>
      <trkpt lat="23.057481" lon="113.302976">
        <time>2026-10-03T00:03:21Z</time>
      </trkpt>
      <trkpt lat="23.057511" lon="113.302842">
        <time>2026-10-03T00:03:26Z</time>
      </trkpt>
      <trkpt lat="23.05755" lon="113.302702">
        <time>2026-10-03T00:03:31Z</time>
      </trkpt>
      <trkpt lat="23.057585" lon="113.302554">
        <time>2026-10-03T00:03:36Z</time>
      </trkpt>
      <trkpt lat="23.057608" lon="113.302412">
        <time>2026-10-03T00:03:41Z</time>
      </trkpt>
      <trkpt lat="23.057629" lon="113.30227">
        <time>2026-10-03T00:03:46Z</time>
      </trkpt>
      <trkpt lat="23.057648" lon="113.302134">
        <time>2026-10-03T00:03:51Z</time>
      </trkpt>
      <trkpt lat="23.057662" lon="113.302002">
        <time>2026-10-03T00:03:56Z</time>
      </trkpt>
      <trkpt lat="23.05767" lon="113.301889">
        <time>2026-10-03T00:04:01Z</time>
      </trkpt>
      <trkpt lat="23.057693" lon="113.301749">
        <time>2026-10-03T00:04:06Z</time>
      </trkpt>
      <trkpt lat="23.057711" lon="113.301592">
        <time>2026-10-03T00:04:11Z</time>
      </trkpt>
      <trkpt lat="23.057727" lon="113.30145">
        <time>2026-10-03T00:04:16Z</time>
      </trkpt>
      <trkpt lat="23.05773" lon="113.301317">
        <time>2026-10-03T00:04:21Z</time>
      </trkpt>
      <trkpt lat="23.057737" lon="113.301194">
        <time>2026-10-03T00:04:26Z</time>
      </trkpt>
      <trkpt lat="23.057749" lon="113.301057">
        <time>2026-10-03T00:04:31Z</time>
      </trkpt>
      <trkpt lat="23.057789" lon="113.300901">
        <time>2026-10-03T00:04:36Z</time>
      </trkpt>
      <trkpt lat="23.05786" lon="113.300743">
        <time>2026-10-03T00:04:41Z</time>
      </trkpt>
      <trkpt lat="23.057907" lon="113.300606">
        <time>2026-10-03T00:04:46Z</time>
      </trkpt>
      <trkpt lat="23.057939" lon="113.30047">
        <time>2026-10-03T00:04:51Z</time>
      </trkpt>
      <trkpt lat="23.057957" lon="113.300329">
        <time>2026-10-03T00:04:56Z</time>
      </trkpt>
      <trkpt lat="23.057979" lon="113.300192">
        <time>2026-10-03T00:05:01Z</time>
      </trkpt>
      <trkpt lat="23.057983" lon="113.300053">
        <time>2026-10-03T00:05:06Z</time>
      </trkpt>
      <trkpt lat="23.057975" lon="113.29991">
        <time>2026-10-03T00:05:11Z</time>
      </trkpt>
      <trkpt lat="23.057968" lon="113.299769">
        <time>2026-10-03T00:05:16Z</time>
      </trkpt>
      <trkpt lat="23.057983" lon="113.299641">
        <time>2026-10-03T00:05:21Z</time>
      </trkpt>
      <trkpt lat="23.05802" lon="113.299498">
        <time>2026-10-03T00:05:26Z</time>
      </trkpt>
      <trkpt lat="23.058025" lon="113.299371">
        <time>2026-10-03T00:05:31Z</time>
      </trkpt>
      <trkpt lat="23.058035" lon="113.299241">
        <time>2026-10-03T00:05:36Z</time>
      </trkpt>
      <trkpt lat="23.058062" lon="113.299095">
        <time>2026-10-03T00:05:41Z</time>
      </trkpt>
      <trkpt lat="23.058105" lon="113.298945">
        <time>2026-10-03T00:05:46Z</time>
      </trkpt>
      <trkpt lat="23.058133" lon="113.29879">
        <time>2026-10-03T00:05:51Z</time>
      </trkpt>
      <trkpt lat="23.058147" lon="113.298653">
        <time>2026-10-03T00:05:56Z</time>
      </trkpt>
      <trkpt lat="23.058164" lon="113.298513">
        <time>2026-10-03T00:06:01Z</time>
      </trkpt>
      <trkpt lat="23.058191" lon="113.298359">
        <time>2026-10-03T00:06:06Z</time>
      </trkpt>
      <trkpt lat="23.058179" lon="113.298217">
        <time>2026-10-03T00:06:11Z</time>
      </trkpt>
      <trkpt lat="23.058205" lon="113.298078">
        <time>2026-10-03T00:06:16Z</time>
      </trkpt>
      <trkpt lat="23.058214" lon="113.297935">
        <time>2026-10-03T00:06:21Z</time>
      </trkpt>
      <trkpt lat="23.058196" lon="113.2978">
        <time>2026-10-03T00:06:26Z</time>
      </trkpt>
      <trkpt lat="23.058195" lon="113.297669">
        <time>2026-10-03T00:06:31Z</time>
      </trkpt>
      <trkpt lat="23.058207" lon="113.297536">
        <time>2026-10-03T00:06:36Z</time>
      </trkpt>
      <trkpt lat="23.05821" lon="113.297408">
        <time>2026-10-03T00:06:41Z</time>
      </trkpt>
      <trkpt lat="23.058223" lon="113.297267">
        <time>2026-10-03T00:06:46Z</time>
      </trkpt>
      <trkpt lat="23.058236" lon="113.297127">
        <time>2026-10-03T00:06:51Z</time>
      </trkpt>
      <trkpt lat="23.058243" lon="113.296987">
        <time>2026-10-03T00:06:56Z</time>
      </trkpt>
      <trkpt lat="23.058265" lon="113.296844">
        <time>2026-10-03T00:07:01Z</time>
      </trkpt>
      <trkpt lat="23.058308" lon="113.296706">
        <time>2026-10-03T00:07:06Z</time>
      </trkpt>
      <trkpt lat="23.05832" lon="113.296566">
        <time>2026-10-03T00:07:11Z</time>
      </trkpt>
      <trkpt lat="23.058333" lon="113.296438">
        <time>2026-10-03T00:07:16Z</time>
      </trkpt>
      <trkpt lat="23.058364" lon="113.296308">
        <time>2026-10-03T00:07:21Z</time>
      </trkpt>
      <trkpt lat="23.0584" lon="113.296188">
        <time>2026-10-03T00:07:26Z</time>
      </trkpt>
      <trkpt lat="23.058414" lon="113.296063">
        <time>2026-10-03T00:07:31Z</time>
      </trkpt>
      <trkpt lat="23.058448" lon="113.295923">
        <time>2026-10-03T00:07:36Z</time>
      </trkpt>
      <trkpt lat="23.058494" lon="113.295775">
        <time>2026-10-03T00:07:41Z</time>
      </trkpt>
      <trkpt lat="23.058514" lon="113.295638">
        <time>2026-10-03T00:07:46Z</time>
      </trkpt>
      <trkpt lat="23.05854" lon="113.295507">
        <time>2026-10-03T00:07:51Z</time>
      </trkpt>
      <trkpt lat="23.058571" lon="113.295379">
        <time>2026-10-03T00:07:56Z</time>
      </trkpt>
      <trkpt lat="23.058638" lon="113.295258">
        <time>2026-10-03T00:08:01Z</time>
      </trkpt>
      <trkpt lat="23.058683" lon="113.295127">
        <time>2026-10-03T00:08:06Z</time>
      </trkpt>
      <trkpt lat="23.058704" lon="113.294994">
        <time>2026-10-03T00:08:11Z</time>
      </trkpt>
      <trkpt lat="23.058719" lon="113.294867">
        <time>2026-10-03T00:08:16Z</time>
      </trkpt>
      <trkpt lat="23.058722" lon="113.294747">
        <time>2026-10-03T00:08:21Z</time>
      </trkpt>
      <trkpt lat="23.058767" lon="113.294622">
        <time>2026-10-03T00:08:26Z</time>
      </trkpt>
      <trkpt lat="23.058797" lon="113.294485">
        <time>2026-10-03T00:08:31Z</time>
      </trkpt>
      <trkpt lat="23.058823" lon="113.294347">
        <time>2026-10-03T00:08:36Z</time>
      </trkpt>
      <trkpt lat="23.058845" lon="113.294205">
        <time>2026-10-03T00:08:41Z</time>
      </trkpt>
      <trkpt lat="23.058863" lon="113.294062">
        <time>2026-10-03T00:08:46Z</time>
      </trkpt>
      <trkpt lat="23.058893" lon="113.293926">
        <time>2026-10-03T00:08:51Z</time>
      </trkpt>
      <trkpt lat="23.058912" lon="113.293782">
        <time>2026-10-03T00:08:56Z</time>
      </trkpt>
      <trkpt lat="23.058927" lon="113.293639">
        <time>2026-10-03T00:09:01Z</time>
      </trkpt>
      <trkpt lat="23.05892" lon="113.293502">
        <time>2026-10-03T00:09:06Z</time>
      </trkpt>
      <trkpt lat="23.058925" lon="113.293364">
        <time>2026-10-03T00:09:11Z</time>
      </trkpt>
      <trkpt lat="23.058929" lon="113.293224">
        <time>2026-10-03T00:09:16Z</time>
      </trkpt>
      <trkpt lat="23.058935" lon="113.293079">
        <time>2026-10-03T00:09:21Z</time>
      </trkpt>
      <trkpt lat="23.058942" lon="113.292944">
        <time>2026-10-03T00:09:26Z</time>
      </trkpt>
      <trkpt lat="23.058946" lon="113.292804">
        <time>2026-10-03T00:09:31Z</time>
      </trkpt>
      <trkpt lat="23.058957" lon="113.292664">
        <time>2026-10-03T00:09:36Z</time>
      </trkpt>
      <trkpt lat="23.058957" lon="113.292524">
        <time>2026-10-03T00:09:41Z</time>
      </trkpt>
      <trkpt lat="23.058943" lon="113.292384">
        <time>2026-10-03T00:09:46Z</time>
      </trkpt>
      <trkpt lat="23.058918" lon="113.29224">
        <time>2026-10-03T00:09:51Z</time>
      </trkpt>
      <trkpt lat="23.058914" lon="113.2921">
        <time>2026-10-03T00:09:56Z</time>
      </trkpt>
      <trkpt lat="23.058888" lon="113.291964">
        <time>2026-10-03T00:10:01Z</time>
      </trkpt>
      <trkpt lat="23.058862" lon="113.291831">
        <time>2026-10-03T00:10:06Z</time>
      </trkpt>
      <trkpt lat="23.058839" lon="113.291699">
        <time>2026-10-03T00:10:11Z</time>
      </trkpt>
      <trkpt lat="23.058822" lon="113.291559">
        <time>2026-10-03T00:10:16Z</time>
      </trkpt>
      <trkpt lat="23.058798" lon="113.291416">
        <time>2026-10-03T00:10:21Z</time>
      </trkpt>
      <trkpt lat="23.058768" lon="113.291273">
        <time>2026-10-03T00:10:26Z</time>
      </trkpt>
      <trkpt lat="23.058744" lon="113.291127">
        <time>2026-10-03T00:10:31Z</time>
      </trkpt>
      <trkpt lat="23.05873" lon="113.290986">
        <time>2026-10-03T00:10:36Z</time>
      </trkpt>
      <trkpt lat="23.058723" lon="113.29084">
        <time>2026-10-03T00:10:41Z</time>
      </trkpt>
      <trkpt lat="23.058707" lon="113.290697">
        <time>2026-10-03T00:10:46Z</time>
      </trkpt>
      <trkpt lat="23.058679" lon="113.290562">
        <time>2026-10-03T00:10:51Z</time>
      </trkpt>
      <trkpt lat="23.058658" lon="113.290425">
        <time>2026-10-03T00:10:56Z</time>
      </trkpt>
      <trkpt lat="23.058637" lon="113.290288">
        <time>2026-10-03T00:11:01Z</time>
      </trkpt>
      <trkpt lat="23.058624" lon="113.290147">
        <time>2026-10-03T00:11:06Z</time>
      </trkpt>
      <trkpt lat="23.058605" lon="113.290007">
        <time>2026-10-03T00:11:11Z</time>
      </trkpt>
      <trkpt lat="23.058576" lon="113.289876">
        <time>2026-10-03T00:11:16Z</time>
      </trkpt>
      <trkpt lat="23.058552" lon="113.289741">
        <time>2026-10-03T00:11:21Z</time>
      </trkpt>
      <trkpt lat="23.058531" lon="113.289608">
        <time>2026-10-03T00:11:26Z</time>
      </trkpt>
      <trkpt lat="23.058512" lon="113.289474">
        <time>2026-10-03T00:11:31Z</time>
      </trkpt>
      <trkpt lat="23.058488" lon="113.289339">
        <time>2026-10-03T00:11:36Z</time>
      </trkpt>
      <trkpt lat="23.058475" lon="113.289203">
        <time>2026-10-03T00:11:41Z</time>
      </trkpt>
      <trkpt lat="23.058464" lon="113.289067">
        <time>2026-10-03T00:11:46Z</time>
      </trkpt>
      <trkpt lat="23.058456" lon="113.288931">
        <time>2026-10-03T00:11:51Z</time>
      </trkpt>
      <trkpt lat="23.058433" lon="113.288799">
        <time>2026-10-03T00:11:56Z</time>
      </trkpt>
      <trkpt lat="23.058406" lon="113.288669">
        <time>2026-10-03T00:12:01Z</time>
      </trkpt>
      <trkpt lat="23.058387" lon="113.28854">
        <time>2026-10-03T00:12:06Z</time>
      </trkpt>
      <trkpt lat="23.058386" lon="113.288409">
        <time>2026-10-03T00:12:11Z</time>
      </trkpt>
      <trkpt lat="23.058401" lon="113.28828">
        <time>2026-10-03T00:12:16Z</time>
      </trkpt>
      <trkpt lat="23.058494" lon="113.2882">
        <time>2026-10-03T00:12:21Z</time>
      </trkpt>
      <trkpt lat="23.058622" lon="113.288166">
        <time>2026-10-03T00:12:26Z</time>
      </trkpt>
      <trkpt lat="23.058745" lon="113.288134">
        <time>2026-10-03T00:12:31Z</time>
      </trkpt>
      <trkpt lat="23.058872" lon="113.288119">
        <time>2026-10-03T00:12:36Z</time>
      </trkpt>
      <trkpt lat="23.059008" lon="113.288119">
        <time>2026-10-03T00:12:41Z</time>
      </trkpt>
      <trkpt lat="23.059146" lon="113.288112">
        <time>2026-10-03T00:12:46Z</time>
      </trkpt>
      <trkpt lat="23.059283" lon="113.288109">
        <time>2026-10-03T00:12:51Z</time>
      </trkpt>
      <trkpt lat="23.059412" lon="113.288102">
        <time>2026-10-03T00:12:56Z</time>
      </trkpt>
      <trkpt lat="23.059534" lon="113.288094">
        <time>2026-10-03T00:13:01Z</time>
      </trkpt>
      <trkpt lat="23.059661" lon="113.28808">
        <time>2026-10-03T00:13:06Z</time>
      </trkpt>
      <trkpt lat="23.059783" lon="113.288072">
        <time>2026-10-03T00:13:11Z</time>
      </trkpt>
      <trkpt lat="23.059925" lon="113.288057">
        <time>2026-10-03T00:13:16Z</time>
      </trkpt>
      <trkpt lat="23.06007" lon="113.28804">
        <time>2026-10-03T00:13:21Z</time>
      </trkpt>
      <trkpt lat="23.060193" lon="113.287988">
        <time>2026-10-03T00:13:26Z</time>
      </trkpt>
      <trkpt lat="23.06029" lon="113.28792">
        <time>2026-10-03T00:13:31Z</time>
      </trkpt>
      <trkpt lat="23.060296" lon="113.28782">
        <time>2026-10-03T00:13:36Z</time>
      </trkpt>
      <trkpt lat="23.060284" lon="113.287705">
        <time>2026-10-03T00:13:41Z</time>
      </trkpt>
      <trkpt lat="23.060285" lon="113.287605">
        <time>2026-10-03T00:13:46Z</time>
      </trkpt>
      <trkpt lat="23.060265" lon="113.287495">
        <time>2026-10-03T00:13:51Z</time>
      </trkpt>
      <trkpt lat="23.060236" lon="113.287386">
        <time>2026-10-03T00:13:56Z</time>
      </trkpt>
      <trkpt lat="23.060214" lon="113.28727">
        <time>2026-10-03T00:14:01Z</time>
      </trkpt>
      <trkpt lat="23.060179" lon="113.287114">
        <time>2026-10-03T00:14:06Z</time>
      </trkpt>
      <trkpt lat="23.060137" lon="113.286888">
        <time>2026-10-03T00:14:11Z</time>
      </trkpt>
      <trkpt lat="23.060178" lon="113.286625">
        <time>2026-10-03T00:14:16Z</time>
      </trkpt>
      <trkpt lat="23.060115" lon="113.286465">
        <time>2026-10-03T00:14:21Z</time>
      </trkpt>
      <trkpt lat="23.060007" lon="113.286332">
        <time>2026-10-03T00:14:26Z</time>
      </trkpt>
      <trkpt lat="23.059863" lon="113.286263">
        <time>2026-10-03T00:14:31Z</time>
      </trkpt>
      <trkpt lat="23.059728" lon="113.286254">
        <time>2026-10-03T00:14:36Z</time>
      </trkpt>
      <trkpt lat="23.059603" lon="113.28626">
        <time>2026-10-03T00:14:41Z</time>
      </trkpt>
      <trkpt lat="23.059471" lon="113.286264">
        <time>2026-10-03T00:14:46Z</time>
      </trkpt>
      <trkpt lat="23.059328" lon="113.286267">
        <time>2026-10-03T00:14:51Z</time>
      </trkpt>
      <trkpt lat="23.059205" lon="113.286289">
        <time>2026-10-03T00:14:56Z</time>
      </trkpt>
      <trkpt lat="23.059089" lon="113.286303">
        <time>2026-10-03T00:15:01Z</time>
      </trkpt>
      <trkpt lat="23.058971" lon="113.286291">
        <time>2026-10-03T00:15:06Z</time>
      </trkpt>
      <trkpt lat="23.058839" lon="113.286287">
        <time>2026-10-03T00:15:11Z</time>
      </trkpt>
      <trkpt lat="23.058712" lon="113.286273">
        <time>2026-10-03T00:15:16Z</time>
      </trkpt>
      <trkpt lat="23.058638" lon="113.286188">
        <time>2026-10-03T00:15:21Z</time>
      </trkpt>
      <trkpt lat="23.058654" lon="113.28606">
        <time>2026-10-03T00:15:26Z</time>
      </trkpt>
      <trkpt lat="23.058702" lon="113.285934">
        <time>2026-10-03T00:15:31Z</time>
      </trkpt>
      <trkpt lat="23.058753" lon="113.285799">
        <time>2026-10-03T00:15:36Z</time>
      </trkpt>
      <trkpt lat="23.058827" lon="113.285679">
        <time>2026-10-03T00:15:41Z</time>
      </trkpt>
      <trkpt lat="23.058896" lon="113.285559">
        <time>2026-10-03T00:15:46Z</time>
      </trkpt>
      <trkpt lat="23.058951" lon="113.285431">
        <time>2026-10-03T00:15:51Z</time>
      </trkpt>
      <trkpt lat="23.059008" lon="113.285303">
        <time>2026-10-03T00:15:56Z</time>
      </trkpt>
      <trkpt lat="23.059065" lon="113.285175">
        <time>2026-10-03T00:16:01Z</time>
      </trkpt>
      <trkpt lat="23.05912" lon="113.285039">
        <time>2026-10-03T00:16:06Z</time>
      </trkpt>
      <trkpt lat="23.059176" lon="113.284901">
        <time>2026-10-03T00:16:11Z</time>
      </trkpt>
      <trkpt lat="23.059236" lon="113.284768">
        <time>2026-10-03T00:16:16Z</time>
      </trkpt>
      <trkpt lat="23.059285" lon="113.284633">
        <time>2026-10-03T00:16:21Z</time>
      </trkpt>
      <trkpt lat="23.059299" lon="113.284484">
        <time>2026-10-03T00:16:26Z</time>
      </trkpt>
      <trkpt lat="23.059336" lon="113.284346">
        <time>2026-10-03T00:16:31Z</time>
      </trkpt>
      <trkpt lat="23.059397" lon="113.284215">
        <time>2026-10-03T00:16:36Z</time>
      </trkpt>
      <trkpt lat="23.059464" lon="113.284091">
        <time>2026-10-03T00:16:41Z</time>
      </trkpt>
      <trkpt lat="23.059533" lon="113.28397">
        <time>2026-10-03T00:16:46Z</time>
      </trkpt>
      <trkpt lat="23.059592" lon="113.283841">
        <time>2026-10-03T00:16:51Z</time>
      </trkpt>
      <trkpt lat="23.059652" lon="113.283714">
        <time>2026-10-03T00:16:56Z</time>
      </trkpt>
      <trkpt lat="23.059706" lon="113.283585">
        <time>2026-10-03T00:17:01Z</time>
      </trkpt>
      <trkpt lat="23.059759" lon="113.283458">
        <time>2026-10-03T00:17:06Z</time>
      </trkpt>
      <trkpt lat="23.059813" lon="113.283317">
        <time>2026-10-03T00:17:11Z</time>
      </trkpt>
      <trkpt lat="23.059874" lon="113.283184">
        <time>2026-10-03T00:17:16Z</time>
      </trkpt>
      <trkpt lat="23.059933" lon="113.283052">
        <time>2026-10-03T00:17:21Z</time>
      </trkpt>
      <trkpt lat="23.059992" lon="113.282916">
        <time>2026-10-03T00:17:26Z</time>
      </trkpt>
      <trkpt lat="23.060049" lon="113.282795">
        <time>2026-10-03T00:17:31Z</time>
      </trkpt>
      <trkpt lat="23.060109" lon="113.28267">
        <time>2026-10-03T00:17:36Z</time>
      </trkpt>
      <trkpt lat="23.060171" lon="113.282549">
        <time>2026-10-03T00:17:41Z</time>
      </trkpt>
      <trkpt lat="23.060233" lon="113.282434">
        <time>2026-10-03T00:17:46Z</time>
      </trkpt>
      <trkpt lat="23.060287" lon="113.282304">
        <time>2026-10-03T00:17:51Z</time>
      </trkpt>
      <trkpt lat="23.060335" lon="113.282153">
        <time>2026-10-03T00:17:56Z</time>
      </trkpt>
      <trkpt lat="23.060397" lon="113.282017">
        <time>2026-10-03T00:18:01Z</time>
      </trkpt>
      <trkpt lat="23.060457" lon="113.28189">
        <time>2026-10-03T00:18:06Z</time>
      </trkpt>
      <trkpt lat="23.060512" lon="113.281756">
        <time>2026-10-03T00:18:11Z</time>
      </trkpt>
      <trkpt lat="23.060559" lon="113.281623">
        <time>2026-10-03T00:18:16Z</time>
      </trkpt>
      <trkpt lat="23.060612" lon="113.281504">
        <time>2026-10-03T00:18:21Z</time>
      </trkpt>
      <trkpt lat="23.060661" lon="113.281374">
        <time>2026-10-03T00:18:26Z</time>
      </trkpt>
      <trkpt lat="23.060715" lon="113.281245">
        <time>2026-10-03T00:18:31Z</time>
      </trkpt>
      <trkpt lat="23.060768" lon="113.281116">
        <time>2026-10-03T00:18:36Z</time>
      </trkpt>
      <trkpt lat="23.060821" lon="113.28099">
        <time>2026-10-03T00:18:41Z</time>
      </trkpt>
      <trkpt lat="23.060878" lon="113.280869">
        <time>2026-10-03T00:18:46Z</time>
      </trkpt>
      <trkpt lat="23.06094" lon="113.280739">
        <time>2026-10-03T00:18:51Z</time>
      </trkpt>
      <trkpt lat="23.06099" lon="113.280594">
        <time>2026-10-03T00:18:56Z</time>
      </trkpt>
      <trkpt lat="23.061044" lon="113.280448">
        <time>2026-10-03T00:19:01Z</time>
      </trkpt>
      <trkpt lat="23.061101" lon="113.280321">
        <time>2026-10-03T00:19:06Z</time>
      </trkpt>
      <trkpt lat="23.061161" lon="113.280193">
        <time>2026-10-03T00:19:11Z</time>
      </trkpt>
      <trkpt lat="23.061222" lon="113.280061">
        <time>2026-10-03T00:19:16Z</time>
      </trkpt>
      <trkpt lat="23.061275" lon="113.279935">
        <time>2026-10-03T00:19:21Z</time>
      </trkpt>
      <trkpt lat="23.061318" lon="113.279815">
        <time>2026-10-03T00:19:26Z</time>
      </trkpt>
      <trkpt lat="23.061364" lon="113.2797">
        <time>2026-10-03T00:19:31Z</time>
      </trkpt>
      <trkpt lat="23.061422" lon="113.279587">
        <time>2026-10-03T00:19:36Z</time>
      </trkpt>
      <trkpt lat="23.061475" lon="113.279479">
        <time>2026-10-03T00:19:41Z</time>
      </trkpt>
      <trkpt lat="23.061519" lon="113.279373">
        <time>2026-10-03T00:19:46Z</time>
      </trkpt>
      <trkpt lat="23.061563" lon="113.279252">
        <time>2026-10-03T00:19:51Z</time>
      </trkpt>
      <trkpt lat="23.061587" lon="113.279174">
        <time>2026-10-03T00:19:56Z</time>
      </trkpt>
      <trkpt lat="23.061623" lon="113.279138">
        <time>2026-10-03T00:20:01Z</time>
      </trkpt>
      <trkpt lat="23.061641" lon="113.279083">
        <time>2026-10-03T00:20:06Z</time>
      </trkpt>
      <trkpt lat="23.061644" lon="113.279015">
        <time>2026-10-03T00:20:11Z</time>
      </trkpt>
      <trkpt lat="23.061655" lon="113.27895">
        <time>2026-10-03T00:20:16Z</time>
      </trkpt>
      <trkpt lat="23.061669" lon="113.278889">
        <time>2026-10-03T00:20:21Z</time>
      </trkpt>
      <trkpt lat="23.061726" lon="113.278803">
        <time>2026-10-03T00:20:26Z</time>
      </trkpt>
      <trkpt lat="23.061805" lon="113.278733">
        <time>2026-10-03T00:20:31Z</time>
      </trkpt>
      <trkpt lat="23.061918" lon="113.278735">
        <time>2026-10-03T00:20:36Z</time>
      </trkpt>
      <trkpt lat="23.061961" lon="113.27863">
        <time>2026-10-03T00:20:41Z</time>
      </trkpt>
      <trkpt lat="23.061949" lon="113.278488">
        <time>2026-10-03T00:20:46Z</time>
      </trkpt>
      <trkpt lat="23.061939" lon="113.278349">
        <time>2026-10-03T00:20:51Z</time>
      </trkpt>
      <trkpt lat="23.061932" lon="113.278209">
        <time>2026-10-03T00:20:56Z</time>
      </trkpt>
      <trkpt lat="23.061924" lon="113.278069">
        <time>2026-10-03T00:21:01Z</time>
      </trkpt>
      <trkpt lat="23.061915" lon="113.277929">
        <time>2026-10-03T00:21:06Z</time>
      </trkpt>
      <trkpt lat="23.061921" lon="113.27779">
        <time>2026-10-03T00:21:11Z</time>
      </trkpt>
      <trkpt lat="23.061953" lon="113.277658">
        <time>2026-10-03T00:21:16Z</time>
      </trkpt>
      <trkpt lat="23.062001" lon="113.277528">
        <time>2026-10-03T00:21:21Z</time>
      </trkpt>
      <trkpt lat="23.062051" lon="113.277404">
        <time>2026-10-03T00:21:26Z</time>
      </trkpt>
      <trkpt lat="23.062096" lon="113.277281">
        <time>2026-10-03T00:21:31Z</time>
      </trkpt>
      <trkpt lat="23.062138" lon="113.277157">
        <time>2026-10-03T00:21:36Z</time>
      </trkpt>
      <trkpt lat="23.062182" lon="113.277035">
        <time>2026-10-03T00:21:41Z</time>
      </trkpt>
      <trkpt lat="23.062226" lon="113.276918">
        <time>2026-10-03T00:21:46Z</time>
      </trkpt>
      <trkpt lat="23.062274" lon="113.276794">
        <time>2026-10-03T00:21:51Z</time>
      </trkpt>
      <trkpt lat="23.062325" lon="113.276674">
        <time>2026-10-03T00:21:56Z</time>
      </trkpt>
      <trkpt lat="23.062374" lon="113.27656">
        <time>2026-10-03T00:22:01Z</time>
      </trkpt>
      <trkpt lat="23.062421" lon="113.276444">
        <time>2026-10-03T00:22:06Z</time>
      </trkpt>
      <trkpt lat="23.062463" lon="113.276329">
        <time>2026-10-03T00:22:11Z</time>
      </trkpt>
      <trkpt lat="23.062511" lon="113.276216">
        <time>2026-10-03T00:22:16Z</time>
      </trkpt>
      <trkpt lat="23.06257" lon="113.2761">
        <time>2026-10-03T00:22:21Z</time>
      </trkpt>
      <trkpt lat="23.062635" lon="113.27599">
        <time>2026-10-03T00:22:26Z</time>
      </trkpt>
      <trkpt lat="23.062711" lon="113.275885">
        <time>2026-10-03T00:22:31Z</time>
      </trkpt>
      <trkpt lat="23.062805" lon="113.275789">
        <time>2026-10-03T00:22:36Z</time>
      </trkpt>
      <trkpt lat="23.062905" lon="113.275696">
        <time>2026-10-03T00:22:41Z</time>
      </trkpt>
      <trkpt lat="23.062996" lon="113.275595">
        <time>2026-10-03T00:22:46Z</time>
      </trkpt>
      <trkpt lat="23.063068" lon="113.275485">
        <time>2026-10-03T00:22:51Z</time>
      </trkpt>
      <trkpt lat="23.063138" lon="113.275355">
        <time>2026-10-03T00:22:56Z</time>
      </trkpt>
      <trkpt lat="23.063213" lon="113.275234">
        <time>2026-10-03T00:23:01Z</time>
      </trkpt>
      <trkpt lat="23.063287" lon="113.27512">
        <time>2026-10-03T00:23:06Z</time>
      </trkpt>
      <trkpt lat="23.063342" lon="113.275">
        <time>2026-10-03T00:23:11Z</time>
      </trkpt>
      <trkpt lat="23.063376" lon="113.274879">
        <time>2026-10-03T00:23:16Z</time>
      </trkpt>
      <trkpt lat="23.063418" lon="113.274755">
        <time>2026-10-03T00:23:21Z</time>
      </trkpt>
      <trkpt lat="23.063458" lon="113.274638">
        <time>2026-10-03T00:23:26Z</time>
      </trkpt>
      <trkpt lat="23.063504" lon="113.274506">
        <time>2026-10-03T00:23:31Z</time>
      </trkpt>
      <trkpt lat="23.063568" lon="113.274369">
        <time>2026-10-03T00:23:36Z</time>
      </trkpt>
      <trkpt lat="23.063646" lon="113.274265">
        <time>2026-10-03T00:23:41Z</time>
      </trkpt>
      <trkpt lat="23.063738" lon="113.274174">
        <time>2026-10-03T00:23:46Z</time>
      </trkpt>
      <trkpt lat="23.063819" lon="113.274072">
        <time>2026-10-03T00:23:51Z</time>
      </trkpt>
      <trkpt lat="23.06389" lon="113.273948">
        <time>2026-10-03T00:23:56Z</time>
      </trkpt>
      <trkpt lat="23.063969" lon="113.273823">
        <time>2026-10-03T00:24:01Z</time>
      </trkpt>
      <trkpt lat="23.064073" lon="113.273715">
        <time>2026-10-03T00:24:06Z</time>
      </trkpt>
      <trkpt lat="23.064193" lon="113.273636">
        <time>2026-10-03T00:24:11Z</time>
      </trkpt>
      <trkpt lat="23.064301" lon="113.273553">
        <time>2026-10-03T00:24:16Z</time>
      </trkpt>
      <trkpt lat="23.064408" lon="113.273462">
        <time>2026-10-03T00:24:21Z</time>
      </trkpt>
      <trkpt lat="23.064496" lon="113.273371">
        <time>2026-10-03T00:24:26Z</time>
      </trkpt>
      <trkpt lat="23.06456" lon="113.273261">
        <time>2026-10-03T00:24:31Z</time>
      </trkpt>
      <trkpt lat="23.06458" lon="113.273126">
        <time>2026-10-03T00:24:36Z</time>
      </trkpt>
      <trkpt lat="23.064546" lon="113.272986">
        <time>2026-10-03T00:24:41Z</time>
      </trkpt>
      <trkpt lat="23.064496" lon="113.272853">
        <time>2026-10-03T00:24:46Z</time>
      </trkpt>
      <trkpt lat="23.064458" lon="113.272717">
        <time>2026-10-03T00:24:51Z</time>
      </trkpt>
      <trkpt lat="23.06445" lon="113.27258">
        <time>2026-10-03T00:24:56Z</time>
      </trkpt>
      <trkpt lat="23.064511" lon="113.272468">
        <time>2026-10-03T00:25:01Z</time>
      </trkpt>
      <trkpt lat="23.064551" lon="113.272338">
        <time>2026-10-03T00:25:06Z</time>
      </trkpt>
      <trkpt lat="23.06457" lon="113.2722">
        <time>2026-10-03T00:25:11Z</time>
      </trkpt>
      <trkpt lat="23.064613" lon="113.272082">
        <time>2026-10-03T00:25:16Z</time>
      </trkpt>
      <trkpt lat="23.064671" lon="113.271974">
        <time>2026-10-03T00:25:21Z</time>
      </trkpt>
      <trkpt lat="23.064727" lon="113.27187">
        <time>2026-10-03T00:25:26Z</time>
      </trkpt>
      <trkpt lat="23.064785" lon="113.271757">
        <time>2026-10-03T00:25:31Z</time>
      </trkpt>
      <trkpt lat="23.064843" lon="113.271633">
        <time>2026-10-03T00:25:36Z</time>
      </trkpt>
      <trkpt lat="23.0649" lon="113.271505">
        <time>2026-10-03T00:25:41Z</time>
      </trkpt>
      <trkpt lat="23.064963" lon="113.271388">
        <time>2026-10-03T00:25:46Z</time>
      </trkpt>
      <trkpt lat="23.06501" lon="113.271268">
        <time>2026-10-03T00:25:51Z</time>
      </trkpt>
      <trkpt lat="23.065067" lon="113.271141">
        <time>2026-10-03T00:25:56Z</time>
      </trkpt>
      <trkpt lat="23.065127" lon="113.271014">
        <time>2026-10-03T00:26:01Z</time>
      </trkpt>
      <trkpt lat="23.065181" lon="113.27089">
        <time>2026-10-03T00:26:06Z</time>
      </trkpt>
      <trkpt lat="23.065233" lon="113.270761">
        <time>2026-10-03T00:26:11Z</time>
      </trkpt>
      <trkpt lat="23.065288" lon="113.270629">
        <time>2026-10-03T00:26:16Z</time>
      </trkpt>
      <trkpt lat="23.065341" lon="113.270493">
        <time>2026-10-03T00:26:21Z</time>
      </trkpt>
      <trkpt lat="23.065405" lon="113.270367">
        <time>2026-10-03T00:26:26Z</time>
      </trkpt>
      <trkpt lat="23.065466" lon="113.270242">
        <time>2026-10-03T00:26:31Z</time>
      </trkpt>
      <trkpt lat="23.065515" lon="113.270114">
        <time>2026-10-03T00:26:36Z</time>
      </trkpt>
      <trkpt lat="23.065561" lon="113.269987">
        <time>2026-10-03T00:26:41Z</time>
      </trkpt>
      <trkpt lat="23.065604" lon="113.269854">
        <time>2026-10-03T00:26:46Z</time>
      </trkpt>
      <trkpt lat="23.065644" lon="113.269727">
        <time>2026-10-03T00:26:51Z</time>
      </trkpt>
      <trkpt lat="23.065684" lon="113.269594">
        <time>2026-10-03T00:26:56Z</time>
      </trkpt>
      <trkpt lat="23.065716" lon="113.269453">
        <time>2026-10-03T00:27:01Z</time>
      </trkpt>
      <trkpt lat="23.065751" lon="113.269316">
        <time>2026-10-03T00:27:06Z</time>
      </trkpt>
      <trkpt lat="23.065795" lon="113.269187">
        <time>2026-10-03T00:27:11Z</time>
      </trkpt>
      <trkpt lat="23.065846" lon="113.269055">
        <time>2026-10-03T00:27:16Z</time>
      </trkpt>
      <trkpt lat="23.06591" lon="113.268929">
        <time>2026-10-03T00:27:21Z</time>
      </trkpt>
      <trkpt lat="23.065966" lon="113.268811">
        <time>2026-10-03T00:27:26Z</time>
      </trkpt>
      <trkpt lat="23.066019" lon="113.268697">
        <time>2026-10-03T00:27:31Z</time>
      </trkpt>
      <trkpt lat="23.066077" lon="113.26859">
        <time>2026-10-03T00:27:36Z</time>
      </trkpt>
      <trkpt lat="23.066139" lon="113.268477">
        <time>2026-10-03T00:27:41Z</time>
      </trkpt>
      <trkpt lat="23.066211" lon="113.268368">
        <time>2026-10-03T00:27:46Z</time>
      </trkpt>
      <trkpt lat="23.066295" lon="113.268261">
        <time>2026-10-03T00:27:51Z</time>
      </trkpt>
      <trkpt lat="23.066401" lon="113.268176">
        <time>2026-10-03T00:27:56Z</time>
      </trkpt>
      <trkpt lat="23.066521" lon="113.268146">
        <time>2026-10-03T00:28:01Z</time>
      </trkpt>
      <trkpt lat="23.066649" lon="113.26816">
        <time>2026-10-03T00:28:06Z</time>
      </trkpt>
      <trkpt lat="23.066786" lon="113.268171">
        <time>2026-10-03T00:28:11Z</time>
      </trkpt>
      <trkpt lat="23.066919" lon="113.268182">
        <time>2026-10-03T00:28:16Z</time>
      </trkpt>
      <trkpt lat="23.067036" lon="113.268225">
        <time>2026-10-03T00:28:21Z</time>
      </trkpt>
      <trkpt lat="23.067141" lon="113.268299">
        <time>2026-10-03T00:28:26Z</time>
      </trkpt>
      <trkpt lat="23.067251" lon="113.268367">
        <time>2026-10-03T00:28:31Z</time>
      </trkpt>
      <trkpt lat="23.067361" lon="113.268421">
        <time>2026-10-03T00:28:36Z</time>
      </trkpt>
      <trkpt lat="23.067459" lon="113.268478">
        <time>2026-10-03T00:28:41Z</time>
      </trkpt>
      <trkpt lat="23.067562" lon="113.268542">
        <time>2026-10-03T00:28:46Z</time>
      </trkpt>
      <trkpt lat="23.067688" lon="113.268604">
        <time>2026-10-03T00:28:51Z</time>
      </trkpt>
      <trkpt lat="23.067811" lon="113.268663">
        <time>2026-10-03T00:28:56Z</time>
      </trkpt>
      <trkpt lat="23.067931" lon="113.26872">
        <time>2026-10-03T00:29:01Z</time>
      </trkpt>
      <trkpt lat="23.068043" lon="113.268768">
        <time>2026-10-03T00:29:06Z</time>
      </trkpt>
      <trkpt lat="23.06815" lon="113.2688">
        <time>2026-10-03T00:29:11Z</time>
      </trkpt>
      <trkpt lat="23.068255" lon="113.26884">
        <time>2026-10-03T00:29:16Z</time>
      </trkpt>
      <trkpt lat="23.068366" lon="113.26889">
        <time>2026-10-03T00:29:21Z</time>
      </trkpt>
      <trkpt lat="23.068474" lon="113.268955">
        <time>2026-10-03T00:29:26Z</time>
      </trkpt>
      <trkpt lat="23.068583" lon="113.269034">
        <time>2026-10-03T00:29:31Z</time>
      </trkpt>
      <trkpt lat="23.068689" lon="113.269122">
        <time>2026-10-03T00:29:36Z</time>
      </trkpt>
      <trkpt lat="23.068802" lon="113.269192">
        <time>2026-10-03T00:29:41Z</time>
      </trkpt>
      <trkpt lat="23.068924" lon="113.269241">
        <time>2026-10-03T00:29:46Z</time>
      </trkpt>
      <trkpt lat="23.069024" lon="113.269235">
        <time>2026-10-03T00:29:51Z</time>
      </trkpt>
      <trkpt lat="23.068988" lon="113.269123">
        <time>2026-10-03T00:29:56Z</time>
      </trkpt>
      <trkpt lat="23.0689" lon="113.269034">
        <time>2026-10-03T00:30:01Z</time>
      </trkpt>
      <trkpt lat="23.068815" lon="113.268968">
        <time>2026-10-03T00:30:06Z</time>
      </trkpt>
      <trkpt lat="23.068724" lon="113.268923">
        <time>2026-10-03T00:30:11Z</time>
      </trkpt>
      <trkpt lat="23.068631" lon="113.268882">
        <time>2026-10-03T00:30:16Z</time>
      </trkpt>
      <trkpt lat="23.068525" lon="113.268821">
        <time>2026-10-03T00:30:21Z</time>
      </trkpt>
      <trkpt lat="23.068422" lon="113.268758">
        <time>2026-10-03T00:30:26Z</time>
      </trkpt>
      <trkpt lat="23.068331" lon="113.268721">
        <time>2026-10-03T00:30:31Z</time>
      </trkpt>
      <trkpt lat="23.068223" lon="113.268671">
        <time>2026-10-03T00:30:36Z</time>
      </trkpt>
      <trkpt lat="23.068076" lon="113.268598">
        <time>2026-10-03T00:30:41Z</time>
      </trkpt>
      <trkpt lat="23.067927" lon="113.268513">
        <time>2026-10-03T00:30:46Z</time>
      </trkpt>
      <trkpt lat="23.0678" lon="113.268447">
        <time>2026-10-03T00:30:51Z</time>
      </trkpt>
      <trkpt lat="23.067686" lon="113.268392">
        <time>2026-10-03T00:30:56Z</time>
      </trkpt>
      <trkpt lat="23.067563" lon="113.268329">
        <time>2026-10-03T00:31:01Z</time>
      </trkpt>
      <trkpt lat="23.067429" lon="113.268285">
        <time>2026-10-03T00:31:06Z</time>
      </trkpt>
      <trkpt lat="23.067304" lon="113.268232">
        <time>2026-10-03T00:31:11Z</time>
      </trkpt>
      <trkpt lat="23.067191" lon="113.268197">
        <time>2026-10-03T00:31:16Z</time>
      </trkpt>
      <trkpt lat="23.067096" lon="113.268147">
        <time>2026-10-03T00:31:21Z</time>
      </trkpt>
      <trkpt lat="23.066996" lon="113.268089">
        <time>2026-10-03T00:31:26Z</time>
      </trkpt>
      <trkpt lat="23.066886" lon="113.268056">
        <time>2026-10-03T00:31:31Z</time>
      </trkpt>
      <trkpt lat="23.06677" lon="113.268037">
        <time>2026-10-03T00:31:36Z</time>
      </trkpt>
      <trkpt lat="23.066648" lon="113.268021">
        <time>2026-10-03T00:31:41Z</time>
      </trkpt>
      <trkpt lat="23.066526" lon="113.267975">
        <time>2026-10-03T00:31:46Z</time>
      </trkpt>
      <trkpt lat="23.0664" lon="113.267945">
        <time>2026-10-03T00:31:51Z</time>
      </trkpt>
      <trkpt lat="23.066275" lon="113.267959">
        <time>2026-10-03T00:31:56Z</time>
      </trkpt>
      <trkpt lat="23.066164" lon="113.268029">
        <time>2026-10-03T00:32:01Z</time>
      </trkpt>
      <trkpt lat="23.066073" lon="113.268125">
        <time>2026-10-03T00:32:06Z</time>
      </trkpt>
      <trkpt lat="23.065991" lon="113.268222">
        <time>2026-10-03T00:32:11Z</time>
      </trkpt>
      <trkpt lat="23.06591" lon="113.268324">
        <time>2026-10-03T00:32:16Z</time>
      </trkpt>
      <trkpt lat="23.065833" lon="113.268435">
        <time>2026-10-03T00:32:21Z</time>
      </trkpt>
      <trkpt lat="23.065763" lon="113.268544">
        <time>2026-10-03T00:32:26Z</time>
      </trkpt>
      <trkpt lat="23.065703" lon="113.268663">
        <time>2026-10-03T00:32:31Z</time>
      </trkpt>
      <trkpt lat="23.065656" lon="113.268785">
        <time>2026-10-03T00:32:36Z</time>
      </trkpt>
      <trkpt lat="23.06561" lon="113.26891">
        <time>2026-10-03T00:32:41Z</time>
      </trkpt>
      <trkpt lat="23.065572" lon="113.269039">
        <time>2026-10-03T00:32:46Z</time>
      </trkpt>
      <trkpt lat="23.065539" lon="113.269172">
        <time>2026-10-03T00:32:51Z</time>
      </trkpt>
      <trkpt lat="23.06551" lon="113.269299">
        <time>2026-10-03T00:32:56Z</time>
      </trkpt>
      <trkpt lat="23.065481" lon="113.269432">
        <time>2026-10-03T00:33:01Z</time>
      </trkpt>
      <trkpt lat="23.065451" lon="113.269565">
        <time>2026-10-03T00:33:06Z</time>
      </trkpt>
      <trkpt lat="23.065424" lon="113.269695">
        <time>2026-10-03T00:33:11Z</time>
      </trkpt>
      <trkpt lat="23.065392" lon="113.269821">
        <time>2026-10-03T00:33:16Z</time>
      </trkpt>
      <trkpt lat="23.065354" lon="113.269943">
        <time>2026-10-03T00:33:21Z</time>
      </trkpt>
      <trkpt lat="23.065306" lon="113.270067">
        <time>2026-10-03T00:33:26Z</time>
      </trkpt>
      <trkpt lat="23.065251" lon="113.270193">
        <time>2026-10-03T00:33:31Z</time>
      </trkpt>
      <trkpt lat="23.065194" lon="113.270315">
        <time>2026-10-03T00:33:36Z</time>
      </trkpt>
      <trkpt lat="23.065136" lon="113.270432">
        <time>2026-10-03T00:33:41Z</time>
      </trkpt>
      <trkpt lat="23.065083" lon="113.270543">
        <time>2026-10-03T00:33:46Z</time>
      </trkpt>
      <trkpt lat="23.065028" lon="113.270665">
        <time>2026-10-03T00:33:51Z</time>
      </trkpt>
      <trkpt lat="23.064968" lon="113.270791">
        <time>2026-10-03T00:33:56Z</time>
      </trkpt>
      <trkpt lat="23.06491" lon="113.270907">
        <time>2026-10-03T00:34:01Z</time>
      </trkpt>
      <trkpt lat="23.064852" lon="113.271024">
        <time>2026-10-03T00:34:06Z</time>
      </trkpt>
      <trkpt lat="23.064797" lon="113.271146">
        <time>2026-10-03T00:34:11Z</time>
      </trkpt>
      <trkpt lat="23.064744" lon="113.27127">
        <time>2026-10-03T00:34:16Z</time>
      </trkpt>
      <trkpt lat="23.064691" lon="113.271388">
        <time>2026-10-03T00:34:21Z</time>
      </trkpt>
      <trkpt lat="23.064636" lon="113.271508">
        <time>2026-10-03T00:34:26Z</time>
      </trkpt>
      <trkpt lat="23.064574" lon="113.271626">
        <time>2026-10-03T00:34:31Z</time>
      </trkpt>
      <trkpt lat="23.064515" lon="113.271749">
        <time>2026-10-03T00:34:36Z</time>
      </trkpt>
      <trkpt lat="23.064465" lon="113.271879">
        <time>2026-10-03T00:34:41Z</time>
      </trkpt>
      <trkpt lat="23.064406" lon="113.272008">
        <time>2026-10-03T00:34:46Z</time>
      </trkpt>
      <trkpt lat="23.064329" lon="113.272123">
        <time>2026-10-03T00:34:51Z</time>
      </trkpt>
      <trkpt lat="23.064293" lon="113.272252">
        <time>2026-10-03T00:34:56Z</time>
      </trkpt>
      <trkpt lat="23.064295" lon="113.272397">
        <time>2026-10-03T00:35:01Z</time>
      </trkpt>
      <trkpt lat="23.064285" lon="113.272537">
        <time>2026-10-03T00:35:06Z</time>
      </trkpt>
      <trkpt lat="23.064309" lon="113.272675">
        <time>2026-10-03T00:35:11Z</time>
      </trkpt>
      <trkpt lat="23.064357" lon="113.272809">
        <time>2026-10-03T00:35:16Z</time>
      </trkpt>
      <trkpt lat="23.064399" lon="113.272939">
        <time>2026-10-03T00:35:21Z</time>
      </trkpt>
      <trkpt lat="23.064438" lon="113.273067">
        <time>2026-10-03T00:35:26Z</time>
      </trkpt>
      <trkpt lat="23.064448" lon="113.273196">
        <time>2026-10-03T00:35:31Z</time>
      </trkpt>
      <trkpt lat="23.06438" lon="113.273313">
        <time>2026-10-03T00:35:36Z</time>
      </trkpt>
      <trkpt lat="23.064263" lon="113.273393">
        <time>2026-10-03T00:35:41Z</time>
      </trkpt>
      <trkpt lat="23.064147" lon="113.273471">
        <time>2026-10-03T00:35:46Z</time>
      </trkpt>
      <trkpt lat="23.064034" lon="113.273551">
        <time>2026-10-03T00:35:51Z</time>
      </trkpt>
      <trkpt lat="23.06393" lon="113.273638">
        <time>2026-10-03T00:35:56Z</time>
      </trkpt>
      <trkpt lat="23.06385" lon="113.273741">
        <time>2026-10-03T00:36:01Z</time>
      </trkpt>
      <trkpt lat="23.063786" lon="113.273861">
        <time>2026-10-03T00:36:06Z</time>
      </trkpt>
      <trkpt lat="23.063719" lon="113.273983">
        <time>2026-10-03T00:36:11Z</time>
      </trkpt>
      <trkpt lat="23.063638" lon="113.274083">
        <time>2026-10-03T00:36:16Z</time>
      </trkpt>
      <trkpt lat="23.063542" lon="113.274116">
        <time>2026-10-03T00:36:21Z</time>
      </trkpt>
      <trkpt lat="23.063441" lon="113.274091">
        <time>2026-10-03T00:36:26Z</time>
      </trkpt>
      <trkpt lat="23.063363" lon="113.274192">
        <time>2026-10-03T00:36:31Z</time>
      </trkpt>
      <trkpt lat="23.063298" lon="113.274322">
        <time>2026-10-03T00:36:36Z</time>
      </trkpt>
      <trkpt lat="23.063248" lon="113.274451">
        <time>2026-10-03T00:36:41Z</time>
      </trkpt>
      <trkpt lat="23.063204" lon="113.274581">
        <time>2026-10-03T00:36:46Z</time>
      </trkpt>
      <trkpt lat="23.063162" lon="113.274707">
        <time>2026-10-03T00:36:51Z</time>
      </trkpt>
      <trkpt lat="23.063106" lon="113.274832">
        <time>2026-10-03T00:36:56Z</time>
      </trkpt>
      <trkpt lat="23.063059" lon="113.274951">
        <time>2026-10-03T00:37:01Z</time>
      </trkpt>
      <trkpt lat="23.063019" lon="113.275074">
        <time>2026-10-03T00:37:06Z</time>
      </trkpt>
      <trkpt lat="23.062936" lon="113.275171">
        <time>2026-10-03T00:37:11Z</time>
      </trkpt>
      <trkpt lat="23.062884" lon="113.275291">
        <time>2026-10-03T00:37:16Z</time>
      </trkpt>
      <trkpt lat="23.062913" lon="113.275443">
        <time>2026-10-03T00:37:21Z</time>
      </trkpt>
      <trkpt lat="23.062879" lon="113.27557">
        <time>2026-10-03T00:37:26Z</time>
      </trkpt>
      <trkpt lat="23.062784" lon="113.275664">
        <time>2026-10-03T00:37:31Z</time>
      </trkpt>
      <trkpt lat="23.062681" lon="113.275756">
        <time>2026-10-03T00:37:36Z</time>
      </trkpt>
      <trkpt lat="23.062587" lon="113.275861">
        <time>2026-10-03T00:37:41Z</time>
      </trkpt>
      <trkpt lat="23.062519" lon="113.275982">
        <time>2026-10-03T00:37:46Z</time>
      </trkpt>
      <trkpt lat="23.062454" lon="113.276104">
        <time>2026-10-03T00:37:51Z</time>
      </trkpt>
      <trkpt lat="23.062398" lon="113.276226">
        <time>2026-10-03T00:37:56Z</time>
      </trkpt>
      <trkpt lat="23.062349" lon="113.276353">
        <time>2026-10-03T00:38:01Z</time>
      </trkpt>
      <trkpt lat="23.0623" lon="113.276481">
        <time>2026-10-03T00:38:06Z</time>
      </trkpt>
      <trkpt lat="23.062253" lon="113.276612">
        <time>2026-10-03T00:38:11Z</time>
      </trkpt>
      <trkpt lat="23.062203" lon="113.27674">
        <time>2026-10-03T00:38:16Z</time>
      </trkpt>
      <trkpt lat="23.062153" lon="113.276867">
        <time>2026-10-03T00:38:21Z</time>
      </trkpt>
      <trkpt lat="23.062105" lon="113.276998">
        <time>2026-10-03T00:38:26Z</time>
      </trkpt>
      <trkpt lat="23.062057" lon="113.277134">
        <time>2026-10-03T00:38:31Z</time>
      </trkpt>
      <trkpt lat="23.06201" lon="113.277263">
        <time>2026-10-03T00:38:36Z</time>
      </trkpt>
      <trkpt lat="23.061964" lon="113.277391">
        <time>2026-10-03T00:38:41Z</time>
      </trkpt>
      <trkpt lat="23.061914" lon="113.277524">
        <time>2026-10-03T00:38:46Z</time>
      </trkpt>
      <trkpt lat="23.061854" lon="113.277654">
        <time>2026-10-03T00:38:51Z</time>
      </trkpt>
      <trkpt lat="23.061819" lon="113.277787">
        <time>2026-10-03T00:38:56Z</time>
      </trkpt>
      <trkpt lat="23.061814" lon="113.277921">
        <time>2026-10-03T00:39:01Z</time>
      </trkpt>
      <trkpt lat="23.06182" lon="113.278053">
        <time>2026-10-03T00:39:06Z</time>
      </trkpt>
      <trkpt lat="23.061832" lon="113.278181">
        <time>2026-10-03T00:39:11Z</time>
      </trkpt>
      <trkpt lat="23.061835" lon="113.278312">
        <time>2026-10-03T00:39:16Z</time>
      </trkpt>
      <trkpt lat="23.06184" lon="113.278443">
        <time>2026-10-03T00:39:21Z</time>
      </trkpt>
      <trkpt lat="23.061844" lon="113.278574">
        <time>2026-10-03T00:39:26Z</time>
      </trkpt>
      <trkpt lat="23.061829" lon="113.278698">
        <time>2026-10-03T00:39:31Z</time>
      </trkpt>
      <trkpt lat="23.061754" lon="113.278755">
        <time>2026-10-03T00:39:36Z</time>
      </trkpt>
      <trkpt lat="23.061678" lon="113.278826">
        <time>2026-10-03T00:39:41Z</time>
      </trkpt>
      <trkpt lat="23.061639" lon="113.278919">
        <time>2026-10-03T00:39:46Z</time>
      </trkpt>
      <trkpt lat="23.061626" lon="113.27898">
        <time>2026-10-03T00:39:51Z</time>
      </trkpt>
      <trkpt lat="23.061615" lon="113.279038">
        <time>2026-10-03T00:39:56Z</time>
      </trkpt>
      <trkpt lat="23.061601" lon="113.279095">
        <time>2026-10-03T00:40:01Z</time>
      </trkpt>
      <trkpt lat="23.061578" lon="113.279163">
        <time>2026-10-03T00:40:06Z</time>
      </trkpt>
      <trkpt lat="23.061533" lon="113.279267">
        <time>2026-10-03T00:40:11Z</time>
      </trkpt>
      <trkpt lat="23.061481" lon="113.279383">
        <time>2026-10-03T00:40:16Z</time>
      </trkpt>
      <trkpt lat="23.061424" lon="113.279504">
        <time>2026-10-03T00:40:21Z</time>
      </trkpt>
      <trkpt lat="23.061368" lon="113.27963">
        <time>2026-10-03T00:40:26Z</time>
      </trkpt>
      <trkpt lat="23.061313" lon="113.279757">
        <time>2026-10-03T00:40:31Z</time>
      </trkpt>
      <trkpt lat="23.061262" lon="113.279884">
        <time>2026-10-03T00:40:36Z</time>
      </trkpt>
      <trkpt lat="23.061223" lon="113.280011">
        <time>2026-10-03T00:40:41Z</time>
      </trkpt>
      <trkpt lat="23.06117" lon="113.280128">
        <time>2026-10-03T00:40:46Z</time>
      </trkpt>
      <trkpt lat="23.061115" lon="113.280241">
        <time>2026-10-03T00:40:51Z</time>
      </trkpt>
      <trkpt lat="23.061066" lon="113.280358">
        <time>2026-10-03T00:40:56Z</time>
      </trkpt>
      <trkpt lat="23.061038" lon="113.280475">
        <time>2026-10-03T00:41:01Z</time>
      </trkpt>
      <trkpt lat="23.061007" lon="113.280583">
        <time>2026-10-03T00:41:06Z</time>
      </trkpt>
      <trkpt lat="23.061014" lon="113.280682">
        <time>2026-10-03T00:41:11Z</time>
      </trkpt>
      <trkpt lat="23.061096" lon="113.280631">
        <time>2026-10-03T00:41:16Z</time>
      </trkpt>
      <trkpt lat="23.061155" lon="113.280509">
        <time>2026-10-03T00:41:21Z</time>
      </trkpt>
      <trkpt lat="23.061207" lon="113.280398">
        <time>2026-10-03T00:41:26Z</time>
      </trkpt>
      <trkpt lat="23.061256" lon="113.280289">
        <time>2026-10-03T00:41:31Z</time>
      </trkpt>
      <trkpt lat="23.061317" lon="113.280185">
        <time>2026-10-03T00:41:36Z</time>
      </trkpt>
      <trkpt lat="23.061368" lon="113.280075">
        <time>2026-10-03T00:41:41Z</time>
      </trkpt>
      <trkpt lat="23.061416" lon="113.279963">
        <time>2026-10-03T00:41:46Z</time>
      </trkpt>
      <trkpt lat="23.061464" lon="113.279851">
        <time>2026-10-03T00:41:51Z</time>
      </trkpt>
      <trkpt lat="23.061504" lon="113.279734">
        <time>2026-10-03T00:41:56Z</time>
      </trkpt>
      <trkpt lat="23.06155" lon="113.279611">
        <time>2026-10-03T00:42:01Z</time>
      </trkpt>
      <trkpt lat="23.061593" lon="113.27949">
        <time>2026-10-03T00:42:06Z</time>
      </trkpt>
      <trkpt lat="23.061639" lon="113.279371">
        <time>2026-10-03T00:42:11Z</time>
      </trkpt>
      <trkpt lat="23.06169" lon="113.279249">
        <time>2026-10-03T00:42:16Z</time>
      </trkpt>
      <trkpt lat="23.061744" lon="113.279128">
        <time>2026-10-03T00:42:21Z</time>
      </trkpt>
      <trkpt lat="23.06181" lon="113.279022">
        <time>2026-10-03T00:42:26Z</time>
      </trkpt>
      <trkpt lat="23.061891" lon="113.27892">
        <time>2026-10-03T00:42:31Z</time>
      </trkpt>
      <trkpt lat="23.061955" lon="113.278798">
        <time>2026-10-03T00:42:36Z</time>
      </trkpt>
      <trkpt lat="23.061969" lon="113.278657">
        <time>2026-10-03T00:42:41Z</time>
      </trkpt>
      <trkpt lat="23.061958" lon="113.278521">
        <time>2026-10-03T00:42:46Z</time>
      </trkpt>
      <trkpt lat="23.061946" lon="113.278393">
        <time>2026-10-03T00:42:51Z</time>
      </trkpt>
      <trkpt lat="23.061939" lon="113.278256">
        <time>2026-10-03T00:42:56Z</time>
      </trkpt>
      <trkpt lat="23.061931" lon="113.27812">
        <time>2026-10-03T00:43:01Z</time>
      </trkpt>
      <trkpt lat="23.061926" lon="113.277984">
        <time>2026-10-03T00:43:06Z</time>
      </trkpt>
      <trkpt lat="23.061921" lon="113.27785">
        <time>2026-10-03T00:43:11Z</time>
      </trkpt>
      <trkpt lat="23.061943" lon="113.277714">
        <time>2026-10-03T00:43:16Z</time>
      </trkpt>
      <trkpt lat="23.061991" lon="113.277579">
        <time>2026-10-03T00:43:21Z</time>
      </trkpt>
      <trkpt lat="23.062043" lon="113.277451">
        <time>2026-10-03T00:43:26Z</time>
      </trkpt>
      <trkpt lat="23.062093" lon="113.277324">
        <time>2026-10-03T00:43:31Z</time>
      </trkpt>
      <trkpt lat="23.062148" lon="113.277202">
        <time>2026-10-03T00:43:36Z</time>
      </trkpt>
      <trkpt lat="23.062191" lon="113.277079">
        <time>2026-10-03T00:43:41Z</time>
      </trkpt>
      <trkpt lat="23.062232" lon="113.276957">
        <time>2026-10-03T00:43:46Z</time>
      </trkpt>
      <trkpt lat="23.062276" lon="113.276835">
        <time>2026-10-03T00:43:51Z</time>
      </trkpt>
      <trkpt lat="23.06232" lon="113.276711">
        <time>2026-10-03T00:43:56Z</time>
      </trkpt>
      <trkpt lat="23.062363" lon="113.276586">
        <time>2026-10-03T00:44:01Z</time>
      </trkpt>
      <trkpt lat="23.062409" lon="113.27646">
        <time>2026-10-03T00:44:06Z</time>
      </trkpt>
      <trkpt lat="23.062455" lon="113.276331">
        <time>2026-10-03T00:44:11Z</time>
      </trkpt>
      <trkpt lat="23.062509" lon="113.276205">
        <time>2026-10-03T00:44:16Z</time>
      </trkpt>
      <trkpt lat="23.062575" lon="113.276083">
        <time>2026-10-03T00:44:21Z</time>
      </trkpt>
      <trkpt lat="23.062648" lon="113.275972">
        <time>2026-10-03T00:44:26Z</time>
      </trkpt>
      <trkpt lat="23.062737" lon="113.275867">
        <time>2026-10-03T00:44:31Z</time>
      </trkpt>
      <trkpt lat="23.062831" lon="113.275769">
        <time>2026-10-03T00:44:36Z</time>
      </trkpt>
      <trkpt lat="23.062932" lon="113.275675">
        <time>2026-10-03T00:44:41Z</time>
      </trkpt>
      <trkpt lat="23.063021" lon="113.275572">
        <time>2026-10-03T00:44:46Z</time>
      </trkpt>
      <trkpt lat="23.06309" lon="113.275456">
        <time>2026-10-03T00:44:51Z</time>
      </trkpt>
      <trkpt lat="23.063156" lon="113.275343">
        <time>2026-10-03T00:44:56Z</time>
      </trkpt>
      <trkpt lat="23.063224" lon="113.275234">
        <time>2026-10-03T00:45:01Z</time>
      </trkpt>
      <trkpt lat="23.063305" lon="113.27513">
        <time>2026-10-03T00:45:06Z</time>
      </trkpt>
      <trkpt lat="23.063376" lon="113.275011">
        <time>2026-10-03T00:45:11Z</time>
      </trkpt>
      <trkpt lat="23.063425" lon="113.274881">
        <time>2026-10-03T00:45:16Z</time>
      </trkpt>
      <trkpt lat="23.063463" lon="113.274753">
        <time>2026-10-03T00:45:21Z</time>
      </trkpt>
      <trkpt lat="23.0635" lon="113.274631">
        <time>2026-10-03T00:45:26Z</time>
      </trkpt>
      <trkpt lat="23.063542" lon="113.274496">
        <time>2026-10-03T00:45:31Z</time>
      </trkpt>
      <trkpt lat="23.063604" lon="113.27438">
        <time>2026-10-03T00:45:36Z</time>
      </trkpt>
      <trkpt lat="23.063693" lon="113.27428">
        <time>2026-10-03T00:45:41Z</time>
      </trkpt>
      <trkpt lat="23.06378" lon="113.274177">
        <time>2026-10-03T00:45:46Z</time>
      </trkpt>
      <trkpt lat="23.063857" lon="113.274073">
        <time>2026-10-03T00:45:51Z</time>
      </trkpt>
      <trkpt lat="23.063919" lon="113.273954">
        <time>2026-10-03T00:45:56Z</time>
      </trkpt>
      <trkpt lat="23.063984" lon="113.273837">
        <time>2026-10-03T00:46:01Z</time>
      </trkpt>
      <trkpt lat="23.064065" lon="113.273739">
        <time>2026-10-03T00:46:06Z</time>
      </trkpt>
      <trkpt lat="23.064157" lon="113.273655">
        <time>2026-10-03T00:46:11Z</time>
      </trkpt>
      <trkpt lat="23.064261" lon="113.273576">
        <time>2026-10-03T00:46:16Z</time>
      </trkpt>
      <trkpt lat="23.064364" lon="113.273498">
        <time>2026-10-03T00:46:21Z</time>
      </trkpt>
      <trkpt lat="23.064461" lon="113.273406">
        <time>2026-10-03T00:46:26Z</time>
      </trkpt>
      <trkpt lat="23.064535" lon="113.273299">
        <time>2026-10-03T00:46:31Z</time>
      </trkpt>
      <trkpt lat="23.064562" lon="113.273161">
        <time>2026-10-03T00:46:36Z</time>
      </trkpt>
      <trkpt lat="23.064538" lon="113.273013">
        <time>2026-10-03T00:46:41Z</time>
      </trkpt>
      <trkpt lat="23.064493" lon="113.272879">
        <time>2026-10-03T00:46:46Z</time>
      </trkpt>
      <trkpt lat="23.064456" lon="113.27275">
        <time>2026-10-03T00:46:51Z</time>
      </trkpt>
      <trkpt lat="23.06444" lon="113.272619">
        <time>2026-10-03T00:46:56Z</time>
      </trkpt>
      <trkpt lat="23.064487" lon="113.272498">
        <time>2026-10-03T00:47:01Z</time>
      </trkpt>
      <trkpt lat="23.064549" lon="113.272377">
        <time>2026-10-03T00:47:06Z</time>
      </trkpt>
      <trkpt lat="23.064562" lon="113.272234">
        <time>2026-10-03T00:47:11Z</time>
      </trkpt>
      <trkpt lat="23.064591" lon="113.272108">
        <time>2026-10-03T00:47:16Z</time>
      </trkpt>
      <trkpt lat="23.064647" lon="113.271992">
        <time>2026-10-03T00:47:21Z</time>
      </trkpt>
      <trkpt lat="23.064703" lon="113.271875">
        <time>2026-10-03T00:47:26Z</time>
      </trkpt>
      <trkpt lat="23.06476" lon="113.271754">
        <time>2026-10-03T00:47:31Z</time>
      </trkpt>
      <trkpt lat="23.064818" lon="113.27163">
        <time>2026-10-03T00:47:36Z</time>
      </trkpt>
      <trkpt lat="23.064872" lon="113.271501">
        <time>2026-10-03T00:47:41Z</time>
      </trkpt>
      <trkpt lat="23.064918" lon="113.271373">
        <time>2026-10-03T00:47:46Z</time>
      </trkpt>
      <trkpt lat="23.06497" lon="113.271251">
        <time>2026-10-03T00:47:51Z</time>
      </trkpt>
      <trkpt lat="23.06504" lon="113.271132">
        <time>2026-10-03T00:47:56Z</time>
      </trkpt>
      <trkpt lat="23.065105" lon="113.271005">
        <time>2026-10-03T00:48:01Z</time>
      </trkpt>
      <trkpt lat="23.065155" lon="113.270874">
        <time>2026-10-03T00:48:06Z</time>
      </trkpt>
      <trkpt lat="23.065217" lon="113.270749">
        <time>2026-10-03T00:48:11Z</time>
      </trkpt>
      <trkpt lat="23.065284" lon="113.270627">
        <time>2026-10-03T00:48:16Z</time>
      </trkpt>
      <trkpt lat="23.065347" lon="113.270503">
        <time>2026-10-03T00:48:21Z</time>
      </trkpt>
      <trkpt lat="23.065407" lon="113.270376">
        <time>2026-10-03T00:48:26Z</time>
      </trkpt>
      <trkpt lat="23.065461" lon="113.270249">
        <time>2026-10-03T00:48:31Z</time>
      </trkpt>
      <trkpt lat="23.065511" lon="113.270121">
        <time>2026-10-03T00:48:36Z</time>
      </trkpt>
      <trkpt lat="23.06556" lon="113.269991">
        <time>2026-10-03T00:48:41Z</time>
      </trkpt>
      <trkpt lat="23.065596" lon="113.269857">
        <time>2026-10-03T00:48:46Z</time>
      </trkpt>
      <trkpt lat="23.065634" lon="113.269724">
        <time>2026-10-03T00:48:51Z</time>
      </trkpt>
      <trkpt lat="23.06569" lon="113.269594">
        <time>2026-10-03T00:48:56Z</time>
      </trkpt>
      <trkpt lat="23.065719" lon="113.269458">
        <time>2026-10-03T00:49:01Z</time>
      </trkpt>
      <trkpt lat="23.065736" lon="113.26933">
        <time>2026-10-03T00:49:06Z</time>
      </trkpt>
      <trkpt lat="23.065774" lon="113.269205">
        <time>2026-10-03T00:49:11Z</time>
      </trkpt>
      <trkpt lat="23.065818" lon="113.269081">
        <time>2026-10-03T00:49:16Z</time>
      </trkpt>
      <trkpt lat="23.065875" lon="113.268963">
        <time>2026-10-03T00:49:21Z</time>
      </trkpt>
      <trkpt lat="23.065932" lon="113.268838">
        <time>2026-10-03T00:49:26Z</time>
      </trkpt>
      <trkpt lat="23.065993" lon="113.268713">
        <time>2026-10-03T00:49:31Z</time>
      </trkpt>
      <trkpt lat="23.06606" lon="113.268597">
        <time>2026-10-03T00:49:36Z</time>
      </trkpt>
      <trkpt lat="23.066135" lon="113.268481">
        <time>2026-10-03T00:49:41Z</time>
      </trkpt>
      <trkpt lat="23.066215" lon="113.268363">
        <time>2026-10-03T00:49:46Z</time>
      </trkpt>
      <trkpt lat="23.066294" lon="113.268256">
        <time>2026-10-03T00:49:51Z</time>
      </trkpt>
      <trkpt lat="23.066403" lon="113.26817">
        <time>2026-10-03T00:49:56Z</time>
      </trkpt>
      <trkpt lat="23.066542" lon="113.268144">
        <time>2026-10-03T00:50:01Z</time>
      </trkpt>
      <trkpt lat="23.066685" lon="113.26816">
        <time>2026-10-03T00:50:06Z</time>
      </trkpt>
      <trkpt lat="23.066819" lon="113.268168">
        <time>2026-10-03T00:50:11Z</time>
      </trkpt>
      <trkpt lat="23.066946" lon="113.268167">
        <time>2026-10-03T00:50:16Z</time>
      </trkpt>
      <trkpt lat="23.067063" lon="113.268213">
        <time>2026-10-03T00:50:21Z</time>
      </trkpt>
      <trkpt lat="23.067164" lon="113.268274">
        <time>2026-10-03T00:50:26Z</time>
      </trkpt>
      <trkpt lat="23.067259" lon="113.268355">
        <time>2026-10-03T00:50:31Z</time>
      </trkpt>
      <trkpt lat="23.067358" lon="113.268424">
        <time>2026-10-03T00:50:36Z</time>
      </trkpt>
      <trkpt lat="23.067476" lon="113.26848">
        <time>2026-10-03T00:50:41Z</time>
      </trkpt>
      <trkpt lat="23.067602" lon="113.268549">
        <time>2026-10-03T00:50:46Z</time>
      </trkpt>
      <trkpt lat="23.067734" lon="113.268619">
        <time>2026-10-03T00:50:51Z</time>
      </trkpt>
      <trkpt lat="23.06787" lon="113.268666">
        <time>2026-10-03T00:50:56Z</time>
      </trkpt>
      <trkpt lat="23.067992" lon="113.268725">
        <time>2026-10-03T00:51:01Z</time>
      </trkpt>
      <trkpt lat="23.068106" lon="113.268783">
        <time>2026-10-03T00:51:06Z</time>
      </trkpt>
      <trkpt lat="23.068221" lon="113.268834">
        <time>2026-10-03T00:51:11Z</time>
      </trkpt>
      <trkpt lat="23.068341" lon="113.268883">
        <time>2026-10-03T00:51:16Z</time>
      </trkpt>
      <trkpt lat="23.068456" lon="113.268943">
        <time>2026-10-03T00:51:21Z</time>
      </trkpt>
      <trkpt lat="23.068567" lon="113.268993">
        <time>2026-10-03T00:51:26Z</time>
      </trkpt>
      <trkpt lat="23.068676" lon="113.269058">
        <time>2026-10-03T00:51:31Z</time>
      </trkpt>
      <trkpt lat="23.068792" lon="113.269126">
        <time>2026-10-03T00:51:36Z</time>
      </trkpt>
      <trkpt lat="23.068924" lon="113.269179">
        <time>2026-10-03T00:51:41Z</time>
      </trkpt>
      <trkpt lat="23.069046" lon="113.269234">
        <time>2026-10-03T00:51:46Z</time>
      </trkpt>
      <trkpt lat="23.069169" lon="113.26931">
        <time>2026-10-03T00:51:51Z</time>
      </trkpt>
      <trkpt lat="23.069277" lon="113.269397">
        <time>2026-10-03T00:51:56Z</time>
      </trkpt>
      <trkpt lat="23.069399" lon="113.269461">
        <time>2026-10-03T00:52:01Z</time>
      </trkpt>
      <trkpt lat="23.06952" lon="113.26951">
        <time>2026-10-03T00:52:06Z</time>
      </trkpt>
      <trkpt lat="23.069634" lon="113.269566">
        <time>2026-10-03T00:52:11Z</time>
      </trkpt>
      <trkpt lat="23.06975" lon="113.269641">
        <time>2026-10-03T00:52:16Z</time>
      </trkpt>
      <trkpt lat="23.069859" lon="113.269712">
        <time>2026-10-03T00:52:21Z</time>
      </trkpt>
      <trkpt lat="23.069975" lon="113.269781">
        <time>2026-10-03T00:52:26Z</time>
      </trkpt>
      <trkpt lat="23.070095" lon="113.269847">
        <time>2026-10-03T00:52:31Z</time>
      </trkpt>
      <trkpt lat="23.070207" lon="113.26991">
        <time>2026-10-03T00:52:36Z</time>
      </trkpt>
      <trkpt lat="23.07032" lon="113.269971">
        <time>2026-10-03T00:52:41Z</time>
      </trkpt>
      <trkpt lat="23.070445" lon="113.270007">
        <time>2026-10-03T00:52:46Z</time>
      </trkpt>
      <trkpt lat="23.07057" lon="113.270041">
        <time>2026-10-03T00:52:51Z</time>
      </trkpt>
      <trkpt lat="23.070692" lon="113.270083">
        <time>2026-10-03T00:52:56Z</time>
      </trkpt>
      <trkpt lat="23.070798" lon="113.270144">
        <time>2026-10-03T00:53:01Z</time>
      </trkpt>
      <trkpt lat="23.070899" lon="113.270206">
        <time>2026-10-03T00:53:06Z</time>
      </trkpt>
      <trkpt lat="23.071015" lon="113.270253">
        <time>2026-10-03T00:53:11Z</time>
      </trkpt>
      <trkpt lat="23.07113" lon="113.270303">
        <time>2026-10-03T00:53:16Z</time>
      </trkpt>
      <trkpt lat="23.071235" lon="113.270362">
        <time>2026-10-03T00:53:21Z</time>
      </trkpt>
      <trkpt lat="23.07134" lon="113.270416">
        <time>2026-10-03T00:53:26Z</time>
      </trkpt>
      <trkpt lat="23.071457" lon="113.270467">
        <time>2026-10-03T00:53:31Z</time>
      </trkpt>
      <trkpt lat="23.071578" lon="113.270516">
        <time>2026-10-03T00:53:36Z</time>
      </trkpt>
      <trkpt lat="23.071697" lon="113.27055">
        <time>2026-10-03T00:53:41Z</time>
      </trkpt>
      <trkpt lat="23.0718" lon="113.270614">
        <time>2026-10-03T00:53:46Z</time>
      </trkpt>
      <trkpt lat="23.07192" lon="113.270675">
        <time>2026-10-03T00:53:51Z</time>
      </trkpt>
      <trkpt lat="23.072071" lon="113.270698">
        <time>2026-10-03T00:53:56Z</time>
      </trkpt>
      <trkpt lat="23.072183" lon="113.270769">
        <time>2026-10-03T00:54:01Z</time>
      </trkpt>
      <trkpt lat="23.072279" lon="113.270845">
        <time>2026-10-03T00:54:06Z</time>
      </trkpt>
      <trkpt lat="23.072385" lon="113.270908">
        <time>2026-10-03T00:54:11Z</time>
      </trkpt>
      <trkpt lat="23.072498" lon="113.270976">
        <time>2026-10-03T00:54:16Z</time>
      </trkpt>
      <trkpt lat="23.07261" lon="113.271041">
        <time>2026-10-03T00:54:21Z</time>
      </trkpt>
      <trkpt lat="23.072727" lon="113.27109">
        <time>2026-10-03T00:54:26Z</time>
      </trkpt>
      <trkpt lat="23.072845" lon="113.271132">
        <time>2026-10-03T00:54:31Z</time>
      </trkpt>
      <trkpt lat="23.072943" lon="113.271188">
        <time>2026-10-03T00:54:36Z</time>
      </trkpt>
      <trkpt lat="23.073057" lon="113.271235">
        <time>2026-10-03T00:54:41Z</time>
      </trkpt>
      <trkpt lat="23.073192" lon="113.271238">
        <time>2026-10-03T00:54:46Z</time>
      </trkpt>
      <trkpt lat="23.073315" lon="113.271268">
        <time>2026-10-03T00:54:51Z</time>
      </trkpt>
      <trkpt lat="23.073423" lon="113.271325">
        <time>2026-10-03T00:54:56Z</time>
      </trkpt>
      <trkpt lat="23.073511" lon="113.271407">
        <time>2026-10-03T00:55:01Z</time>
      </trkpt>
      <trkpt lat="23.07361" lon="113.271493">
        <time>2026-10-03T00:55:06Z</time>
      </trkpt>
      <trkpt lat="23.073728" lon="113.271562">
        <time>2026-10-03T00:55:11Z</time>
      </trkpt>
      <trkpt lat="23.073846" lon="113.271612">
        <time>2026-10-03T00:55:16Z</time>
      </trkpt>
      <trkpt lat="23.073967" lon="113.271652">
        <time>2026-10-03T00:55:21Z</time>
      </trkpt>
      <trkpt lat="23.074075" lon="113.271712">
        <time>2026-10-03T00:55:26Z</time>
      </trkpt>
      <trkpt lat="23.074123" lon="113.271794">
        <time>2026-10-03T00:55:31Z</time>
      </trkpt>
      <trkpt lat="23.074079" lon="113.2719">
        <time>2026-10-03T00:55:36Z</time>
      </trkpt>
      <trkpt lat="23.074016" lon="113.272018">
        <time>2026-10-03T00:55:41Z</time>
      </trkpt>
      <trkpt lat="23.073965" lon="113.272126">
        <time>2026-10-03T00:55:46Z</time>
      </trkpt>
      <trkpt lat="23.073917" lon="113.27224">
        <time>2026-10-03T00:55:51Z</time>
      </trkpt>
      <trkpt lat="23.073861" lon="113.272358">
        <time>2026-10-03T00:55:56Z</time>
      </trkpt>
      <trkpt lat="23.073799" lon="113.272488">
        <time>2026-10-03T00:56:01Z</time>
      </trkpt>
      <trkpt lat="23.073734" lon="113.272623">
        <time>2026-10-03T00:56:06Z</time>
      </trkpt>
      <trkpt lat="23.073673" lon="113.272759">
        <time>2026-10-03T00:56:11Z</time>
      </trkpt>
      <trkpt lat="23.073673" lon="113.272877">
        <time>2026-10-03T00:56:16Z</time>
      </trkpt>
      <trkpt lat="23.073765" lon="113.272952">
        <time>2026-10-03T00:56:21Z</time>
      </trkpt>
      <trkpt lat="23.073901" lon="113.272989">
        <time>2026-10-03T00:56:26Z</time>
      </trkpt>
      <trkpt lat="23.074003" lon="113.272943">
        <time>2026-10-03T00:56:31Z</time>
      </trkpt>
      <trkpt lat="23.07405" lon="113.272832">
        <time>2026-10-03T00:56:36Z</time>
      </trkpt>
      <trkpt lat="23.074084" lon="113.272719">
        <time>2026-10-03T00:56:41Z</time>
      </trkpt>
      <trkpt lat="23.074115" lon="113.272615">
        <time>2026-10-03T00:56:46Z</time>
      </trkpt>
      <trkpt lat="23.074158" lon="113.272505">
        <time>2026-10-03T00:56:51Z</time>
      </trkpt>
      <trkpt lat="23.074217" lon="113.272383">
        <time>2026-10-03T00:56:56Z</time>
      </trkpt>
      <trkpt lat="23.074268" lon="113.272259">
        <time>2026-10-03T00:57:01Z</time>
      </trkpt>
      <trkpt lat="23.074321" lon="113.272137">
        <time>2026-10-03T00:57:06Z</time>
      </trkpt>
      <trkpt lat="23.074405" lon="113.272044">
        <time>2026-10-03T00:57:11Z</time>
      </trkpt>
      <trkpt lat="23.07453" lon="113.272053">
        <time>2026-10-03T00:57:16Z</time>
      </trkpt>
      <trkpt lat="23.074664" lon="113.272131">
        <time>2026-10-03T00:57:21Z</time>
      </trkpt>
      <trkpt lat="23.074785" lon="113.272204">
        <time>2026-10-03T00:57:26Z</time>
      </trkpt>
      <trkpt lat="23.074895" lon="113.27228">
        <time>2026-10-03T00:57:31Z</time>
      </trkpt>
      <trkpt lat="23.074998" lon="113.272369">
        <time>2026-10-03T00:57:36Z</time>
      </trkpt>
      <trkpt lat="23.075113" lon="113.272454">
        <time>2026-10-03T00:57:41Z</time>
      </trkpt>
      <trkpt lat="23.075236" lon="113.272513">
        <time>2026-10-03T00:57:46Z</time>
      </trkpt>
      <trkpt lat="23.075358" lon="113.27252">
        <time>2026-10-03T00:57:51Z</time>
      </trkpt>
      <trkpt lat="23.07547" lon="113.272568">
        <time>2026-10-03T00:57:56Z</time>
      </trkpt>
      <trkpt lat="23.075598" lon="113.272703">
        <time>2026-10-03T00:57:55Z</time>
      </trkpt>
    </trkseg>
  </trk>
</gpx>